
*** Running vivado
    with args -log cmpy_1.vds -m64 -product Vivado -mode batch -messageDb vivado.pb -notrace -source cmpy_1.tcl


ECHO is off.
ECHO is off.

****** Vivado v2023.1 (64-bit)
  **** SW Build 3865809 on Sun May  7 15:05:29 MDT 2023
  **** IP Build 3864474 on Sun May  7 20:36:21 MDT 2023
  **** SharedData Build 3865790 on Sun May 07 13:33:03 MDT 2023
    ** Copyright 1986-2022 Xilinx, Inc. All Rights Reserved.
    ** Copyright 2022-2023 Advanced Micro Devices, Inc. All Rights Reserved.

source cmpy_1.tcl -notrace
INFO: [IP_Flow 19-6924] IPCACHE: Running cache check for IP inst: cmpy_1
Command: synth_design -top cmpy_1 -part xc7z020clg484-1 -incremental_mode off -mode out_of_context
Starting synth_design
Attempting to get a license for feature 'Synthesis' and/or device 'xc7z020'
INFO: [Common 17-349] Got license for feature 'Synthesis' and/or device 'xc7z020'
INFO: [Device 21-403] Loading part xc7z020clg484-1
INFO: [Synth 8-7079] Multithreading enabled for synth_design using a maximum of 2 processes.
INFO: [Synth 8-7078] Launching helper process for spawning children vivado processes
INFO: [Synth 8-7075] Helper process launched with PID 15128
---------------------------------------------------------------------------------
Starting RTL Elaboration : Time (s): cpu = 00:00:04 ; elapsed = 00:00:05 . Memory (MB): peak = 1303.680 ; gain = 410.273
---------------------------------------------------------------------------------
INFO: [Synth 8-638] synthesizing module 'cmpy_1' [c:/Users/gm/Vivado Projects/complete_det_new_ram_full_size_2_np_32/complete_det_new_ram_full_size_2_np_32.gen/sources_1/ip/cmpy_1/synth/cmpy_1.vhd:72]
	Parameter C_VERBOSITY bound to: 0 - type: integer 
	Parameter C_XDEVICEFAMILY bound to: zynq - type: string 
	Parameter C_XDEVICE bound to: xc7z020 - type: string 
	Parameter C_A_WIDTH bound to: 16 - type: integer 
	Parameter C_B_WIDTH bound to: 16 - type: integer 
	Parameter C_OUT_WIDTH bound to: 33 - type: integer 
	Parameter C_LATENCY bound to: 4 - type: integer 
	Parameter C_MULT_TYPE bound to: 1 - type: integer 
	Parameter C_OPTIMIZE_GOAL bound to: 1 - type: integer 
	Parameter HAS_NEGATE bound to: 0 - type: integer 
	Parameter SINGLE_OUTPUT bound to: 0 - type: integer 
	Parameter ROUND bound to: 0 - type: integer 
	Parameter USE_DSP_CASCADES bound to: 1 - type: integer 
	Parameter C_THROTTLE_SCHEME bound to: 3 - type: integer 
	Parameter C_HAS_ACLKEN bound to: 0 - type: integer 
	Parameter C_HAS_ARESETN bound to: 1 - type: integer 
	Parameter C_HAS_S_AXIS_A_TUSER bound to: 0 - type: integer 
	Parameter C_HAS_S_AXIS_A_TLAST bound to: 0 - type: integer 
	Parameter C_HAS_S_AXIS_B_TUSER bound to: 0 - type: integer 
	Parameter C_HAS_S_AXIS_B_TLAST bound to: 0 - type: integer 
	Parameter C_HAS_S_AXIS_CTRL_TUSER bound to: 0 - type: integer 
	Parameter C_HAS_S_AXIS_CTRL_TLAST bound to: 0 - type: integer 
	Parameter C_TLAST_RESOLUTION bound to: 0 - type: integer 
	Parameter C_S_AXIS_A_TDATA_WIDTH bound to: 32 - type: integer 
	Parameter C_S_AXIS_A_TUSER_WIDTH bound to: 1 - type: integer 
	Parameter C_S_AXIS_B_TDATA_WIDTH bound to: 32 - type: integer 
	Parameter C_S_AXIS_B_TUSER_WIDTH bound to: 1 - type: integer 
	Parameter C_S_AXIS_CTRL_TDATA_WIDTH bound to: 8 - type: integer 
	Parameter C_S_AXIS_CTRL_TUSER_WIDTH bound to: 1 - type: integer 
	Parameter C_M_AXIS_DOUT_TDATA_WIDTH bound to: 80 - type: integer 
	Parameter C_M_AXIS_DOUT_TUSER_WIDTH bound to: 1 - type: integer 
INFO: [Synth 8-3491] module 'cmpy_v6_0_21' declared at 'c:/Users/gm/Vivado Projects/complete_det_new_ram_full_size_2_np_32/complete_det_new_ram_full_size_2_np_32.gen/sources_1/ip/cmpy_1/hdl/cmpy_v6_0_vh_rfs.vhd:13916' bound to instance 'U0' of component 'cmpy_v6_0_21' [c:/Users/gm/Vivado Projects/complete_det_new_ram_full_size_2_np_32/complete_det_new_ram_full_size_2_np_32.gen/sources_1/ip/cmpy_1/synth/cmpy_1.vhd:158]
INFO: [Synth 8-256] done synthesizing module 'cmpy_1' (0#1) [c:/Users/gm/Vivado Projects/complete_det_new_ram_full_size_2_np_32/complete_det_new_ram_full_size_2_np_32.gen/sources_1/ip/cmpy_1/synth/cmpy_1.vhd:72]
WARNING: [Synth 8-7129] Port CLK in module cmpy_v6_0_21_delay_line__parameterized3 is either unconnected or has no load
WARNING: [Synth 8-7129] Port CE in module cmpy_v6_0_21_delay_line__parameterized3 is either unconnected or has no load
WARNING: [Synth 8-7129] Port SCLR in module cmpy_v6_0_21_delay_line__parameterized3 is either unconnected or has no load
WARNING: [Synth 8-7129] Port CLK in module cmpy_v6_0_21_delay_line__parameterized2 is either unconnected or has no load
WARNING: [Synth 8-7129] Port CE in module cmpy_v6_0_21_delay_line__parameterized2 is either unconnected or has no load
WARNING: [Synth 8-7129] Port SCLR in module cmpy_v6_0_21_delay_line__parameterized2 is either unconnected or has no load
WARNING: [Synth 8-7129] Port CLK in module cmpy_v6_0_21_delay_line__parameterized1 is either unconnected or has no load
WARNING: [Synth 8-7129] Port CE in module cmpy_v6_0_21_delay_line__parameterized1 is either unconnected or has no load
WARNING: [Synth 8-7129] Port SCLR in module cmpy_v6_0_21_delay_line__parameterized1 is either unconnected or has no load
WARNING: [Synth 8-7129] Port ROUND_CY in module cmpy_4_dsp48_mult is either unconnected or has no load
WARNING: [Synth 8-7129] Port NEGATE_R in module cmpy_4_dsp48_mult is either unconnected or has no load
WARNING: [Synth 8-7129] Port NEGATE_I in module cmpy_4_dsp48_mult is either unconnected or has no load
WARNING: [Synth 8-7129] Port SO_START in module cmpy_4_dsp48 is either unconnected or has no load
WARNING: [Synth 8-7129] Port CE in module cmpy_v6_0_21_synth is either unconnected or has no load
WARNING: [Synth 8-7129] Port ROUND_CY in module cmpy_v6_0_21_synth is either unconnected or has no load
WARNING: [Synth 8-7129] Port CE in module cmpy_v6_0_21_delay_line is either unconnected or has no load
WARNING: [Synth 8-7129] Port SCLR in module cmpy_v6_0_21_delay_line is either unconnected or has no load
WARNING: [Synth 8-7129] Port aclken in module cmpy_v6_0_21_viv is either unconnected or has no load
WARNING: [Synth 8-7129] Port s_axis_a_tuser[0] in module cmpy_v6_0_21_viv is either unconnected or has no load
WARNING: [Synth 8-7129] Port s_axis_a_tlast in module cmpy_v6_0_21_viv is either unconnected or has no load
WARNING: [Synth 8-7129] Port s_axis_b_tuser[0] in module cmpy_v6_0_21_viv is either unconnected or has no load
WARNING: [Synth 8-7129] Port s_axis_b_tlast in module cmpy_v6_0_21_viv is either unconnected or has no load
WARNING: [Synth 8-7129] Port s_axis_ctrl_tvalid in module cmpy_v6_0_21_viv is either unconnected or has no load
WARNING: [Synth 8-7129] Port s_axis_ctrl_tuser[0] in module cmpy_v6_0_21_viv is either unconnected or has no load
WARNING: [Synth 8-7129] Port s_axis_ctrl_tlast in module cmpy_v6_0_21_viv is either unconnected or has no load
WARNING: [Synth 8-7129] Port s_axis_ctrl_tdata[7] in module cmpy_v6_0_21_viv is either unconnected or has no load
WARNING: [Synth 8-7129] Port s_axis_ctrl_tdata[6] in module cmpy_v6_0_21_viv is either unconnected or has no load
WARNING: [Synth 8-7129] Port s_axis_ctrl_tdata[5] in module cmpy_v6_0_21_viv is either unconnected or has no load
WARNING: [Synth 8-7129] Port s_axis_ctrl_tdata[4] in module cmpy_v6_0_21_viv is either unconnected or has no load
WARNING: [Synth 8-7129] Port s_axis_ctrl_tdata[3] in module cmpy_v6_0_21_viv is either unconnected or has no load
WARNING: [Synth 8-7129] Port s_axis_ctrl_tdata[2] in module cmpy_v6_0_21_viv is either unconnected or has no load
WARNING: [Synth 8-7129] Port s_axis_ctrl_tdata[1] in module cmpy_v6_0_21_viv is either unconnected or has no load
WARNING: [Synth 8-7129] Port s_axis_ctrl_tdata[0] in module cmpy_v6_0_21_viv is either unconnected or has no load
WARNING: [Synth 8-7129] Port m_axis_dout_tready in module cmpy_v6_0_21_viv is either unconnected or has no load
---------------------------------------------------------------------------------
Finished RTL Elaboration : Time (s): cpu = 00:00:07 ; elapsed = 00:00:08 . Memory (MB): peak = 1469.953 ; gain = 576.547
---------------------------------------------------------------------------------
---------------------------------------------------------------------------------
Start Handling Custom Attributes
---------------------------------------------------------------------------------
---------------------------------------------------------------------------------
Finished Handling Custom Attributes : Time (s): cpu = 00:00:07 ; elapsed = 00:00:08 . Memory (MB): peak = 1469.953 ; gain = 576.547
---------------------------------------------------------------------------------
---------------------------------------------------------------------------------
Finished RTL Optimization Phase 1 : Time (s): cpu = 00:00:07 ; elapsed = 00:00:08 . Memory (MB): peak = 1469.953 ; gain = 576.547
---------------------------------------------------------------------------------
Netlist sorting complete. Time (s): cpu = 00:00:00 ; elapsed = 00:00:00.005 . Memory (MB): peak = 1469.953 ; gain = 0.000
INFO: [Netlist 29-17] Analyzing 4 Unisim elements for replacement
INFO: [Netlist 29-28] Unisim Transformation completed in 0 CPU seconds
INFO: [Project 1-570] Preparing netlist for logic optimization

Processing XDC Constraints
Initializing timing engine
Parsing XDC File [c:/Users/gm/Vivado Projects/complete_det_new_ram_full_size_2_np_32/complete_det_new_ram_full_size_2_np_32.gen/sources_1/ip/cmpy_1/cmpy_1_ooc.xdc] for cell 'U0'
Finished Parsing XDC File [c:/Users/gm/Vivado Projects/complete_det_new_ram_full_size_2_np_32/complete_det_new_ram_full_size_2_np_32.gen/sources_1/ip/cmpy_1/cmpy_1_ooc.xdc] for cell 'U0'
Parsing XDC File [C:/Users/gm/Vivado Projects/complete_det_new_ram_full_size_2_np_32/complete_det_new_ram_full_size_2_np_32.runs/cmpy_1_synth_1/dont_touch.xdc]
Finished Parsing XDC File [C:/Users/gm/Vivado Projects/complete_det_new_ram_full_size_2_np_32/complete_det_new_ram_full_size_2_np_32.runs/cmpy_1_synth_1/dont_touch.xdc]
Completed Processing XDC Constraints

Netlist sorting complete. Time (s): cpu = 00:00:00 ; elapsed = 00:00:00.001 . Memory (MB): peak = 1469.953 ; gain = 0.000
INFO: [Project 1-111] Unisim Transformation Summary:
No Unisim elements were transformed.

Constraint Validation Runtime : Time (s): cpu = 00:00:00 ; elapsed = 00:00:00.029 . Memory (MB): peak = 1469.953 ; gain = 0.000
INFO: [Designutils 20-5008] Incremental synthesis strategy off
---------------------------------------------------------------------------------
Finished Constraint Validation : Time (s): cpu = 00:00:13 ; elapsed = 00:00:14 . Memory (MB): peak = 1469.953 ; gain = 576.547
---------------------------------------------------------------------------------
---------------------------------------------------------------------------------
Start Loading Part and Timing Information
---------------------------------------------------------------------------------
Loading part: xc7z020clg484-1
---------------------------------------------------------------------------------
Finished Loading Part and Timing Information : Time (s): cpu = 00:00:13 ; elapsed = 00:00:14 . Memory (MB): peak = 1469.953 ; gain = 576.547
---------------------------------------------------------------------------------
---------------------------------------------------------------------------------
Start Applying 'set_property' XDC Constraints
---------------------------------------------------------------------------------
Applied set_property KEEP_HIERARCHY = SOFT for U0. (constraint file  {C:/Users/gm/Vivado Projects/complete_det_new_ram_full_size_2_np_32/complete_det_new_ram_full_size_2_np_32.runs/cmpy_1_synth_1/dont_touch.xdc}, line 9).
---------------------------------------------------------------------------------
Finished applying 'set_property' XDC Constraints : Time (s): cpu = 00:00:13 ; elapsed = 00:00:14 . Memory (MB): peak = 1469.953 ; gain = 576.547
---------------------------------------------------------------------------------
---------------------------------------------------------------------------------
Finished RTL Optimization Phase 2 : Time (s): cpu = 00:00:13 ; elapsed = 00:00:14 . Memory (MB): peak = 1469.953 ; gain = 576.547
---------------------------------------------------------------------------------
---------------------------------------------------------------------------------
Start RTL Component Statistics 
---------------------------------------------------------------------------------
---------------------------------------------------------------------------------
Finished RTL Component Statistics 
---------------------------------------------------------------------------------
---------------------------------------------------------------------------------
Start Part Resource Summary
---------------------------------------------------------------------------------
Part Resources:
DSPs: 220 (col length:60)
BRAMs: 280 (col length: RAMB18 60 RAMB36 30)
---------------------------------------------------------------------------------
Finished Part Resource Summary
---------------------------------------------------------------------------------
---------------------------------------------------------------------------------
Start Cross Boundary and Area Optimization
---------------------------------------------------------------------------------
WARNING: [Synth 8-7080] Parallel synthesis criteria is not met
WARNING: [Synth 8-7129] Port aclken in module cmpy_v6_0_21_viv is either unconnected or has no load
WARNING: [Synth 8-7129] Port s_axis_a_tuser[0] in module cmpy_v6_0_21_viv is either unconnected or has no load
WARNING: [Synth 8-7129] Port s_axis_a_tlast in module cmpy_v6_0_21_viv is either unconnected or has no load
WARNING: [Synth 8-7129] Port s_axis_b_tuser[0] in module cmpy_v6_0_21_viv is either unconnected or has no load
WARNING: [Synth 8-7129] Port s_axis_b_tlast in module cmpy_v6_0_21_viv is either unconnected or has no load
WARNING: [Synth 8-7129] Port s_axis_ctrl_tvalid in module cmpy_v6_0_21_viv is either unconnected or has no load
WARNING: [Synth 8-7129] Port s_axis_ctrl_tuser[0] in module cmpy_v6_0_21_viv is either unconnected or has no load
WARNING: [Synth 8-7129] Port s_axis_ctrl_tlast in module cmpy_v6_0_21_viv is either unconnected or has no load
WARNING: [Synth 8-7129] Port s_axis_ctrl_tdata[7] in module cmpy_v6_0_21_viv is either unconnected or has no load
WARNING: [Synth 8-7129] Port s_axis_ctrl_tdata[6] in module cmpy_v6_0_21_viv is either unconnected or has no load
WARNING: [Synth 8-7129] Port s_axis_ctrl_tdata[5] in module cmpy_v6_0_21_viv is either unconnected or has no load
WARNING: [Synth 8-7129] Port s_axis_ctrl_tdata[4] in module cmpy_v6_0_21_viv is either unconnected or has no load
WARNING: [Synth 8-7129] Port s_axis_ctrl_tdata[3] in module cmpy_v6_0_21_viv is either unconnected or has no load
WARNING: [Synth 8-7129] Port s_axis_ctrl_tdata[2] in module cmpy_v6_0_21_viv is either unconnected or has no load
WARNING: [Synth 8-7129] Port s_axis_ctrl_tdata[1] in module cmpy_v6_0_21_viv is either unconnected or has no load
WARNING: [Synth 8-7129] Port s_axis_ctrl_tdata[0] in module cmpy_v6_0_21_viv is either unconnected or has no load
WARNING: [Synth 8-7129] Port m_axis_dout_tready in module cmpy_v6_0_21_viv is either unconnected or has no load
---------------------------------------------------------------------------------
Finished Cross Boundary and Area Optimization : Time (s): cpu = 00:00:14 ; elapsed = 00:00:15 . Memory (MB): peak = 1469.953 ; gain = 576.547
---------------------------------------------------------------------------------
---------------------------------------------------------------------------------
Start Applying XDC Timing Constraints
---------------------------------------------------------------------------------
---------------------------------------------------------------------------------
Finished Applying XDC Timing Constraints : Time (s): cpu = 00:00:20 ; elapsed = 00:00:21 . Memory (MB): peak = 1469.953 ; gain = 576.547
---------------------------------------------------------------------------------
---------------------------------------------------------------------------------
Start Timing Optimization
---------------------------------------------------------------------------------
---------------------------------------------------------------------------------
Finished Timing Optimization : Time (s): cpu = 00:00:20 ; elapsed = 00:00:21 . Memory (MB): peak = 1469.953 ; gain = 576.547
---------------------------------------------------------------------------------
---------------------------------------------------------------------------------
Start Technology Mapping
---------------------------------------------------------------------------------
---------------------------------------------------------------------------------
Finished Technology Mapping : Time (s): cpu = 00:00:20 ; elapsed = 00:00:21 . Memory (MB): peak = 1469.953 ; gain = 576.547
---------------------------------------------------------------------------------
---------------------------------------------------------------------------------
Start IO Insertion
---------------------------------------------------------------------------------
---------------------------------------------------------------------------------
Start Flattening Before IO Insertion
---------------------------------------------------------------------------------
---------------------------------------------------------------------------------
Finished Flattening Before IO Insertion
---------------------------------------------------------------------------------
---------------------------------------------------------------------------------
Start Final Netlist Cleanup
---------------------------------------------------------------------------------
---------------------------------------------------------------------------------
Finished Final Netlist Cleanup
---------------------------------------------------------------------------------
---------------------------------------------------------------------------------
Finished IO Insertion : Time (s): cpu = 00:00:23 ; elapsed = 00:00:24 . Memory (MB): peak = 1469.953 ; gain = 576.547
---------------------------------------------------------------------------------
---------------------------------------------------------------------------------
Start Renaming Generated Instances
---------------------------------------------------------------------------------
---------------------------------------------------------------------------------
Finished Renaming Generated Instances : Time (s): cpu = 00:00:23 ; elapsed = 00:00:24 . Memory (MB): peak = 1469.953 ; gain = 576.547
---------------------------------------------------------------------------------
---------------------------------------------------------------------------------
Start Rebuilding User Hierarchy
---------------------------------------------------------------------------------
---------------------------------------------------------------------------------
Finished Rebuilding User Hierarchy : Time (s): cpu = 00:00:23 ; elapsed = 00:00:24 . Memory (MB): peak = 1469.953 ; gain = 576.547
---------------------------------------------------------------------------------
---------------------------------------------------------------------------------
Start Renaming Generated Ports
---------------------------------------------------------------------------------
---------------------------------------------------------------------------------
Finished Renaming Generated Ports : Time (s): cpu = 00:00:23 ; elapsed = 00:00:24 . Memory (MB): peak = 1469.953 ; gain = 576.547
---------------------------------------------------------------------------------
---------------------------------------------------------------------------------
Start Handling Custom Attributes
---------------------------------------------------------------------------------
---------------------------------------------------------------------------------
Finished Handling Custom Attributes : Time (s): cpu = 00:00:23 ; elapsed = 00:00:24 . Memory (MB): peak = 1469.953 ; gain = 576.547
---------------------------------------------------------------------------------
---------------------------------------------------------------------------------
Start Renaming Generated Nets
---------------------------------------------------------------------------------
---------------------------------------------------------------------------------
Finished Renaming Generated Nets : Time (s): cpu = 00:00:23 ; elapsed = 00:00:24 . Memory (MB): peak = 1469.953 ; gain = 576.547
---------------------------------------------------------------------------------
---------------------------------------------------------------------------------
Start Writing Synthesis Report
---------------------------------------------------------------------------------

DSP Final Report (the ' indicates corresponding REG is set)
+------------------+----------------------+--------+--------+--------+--------+--------+------+------+------+------+-------+------+------+
|Module Name       | DSP Mapping          | A Size | B Size | C Size | D Size | P Size | AREG | BREG | CREG | DREG | ADREG | MREG | PREG | 
+------------------+----------------------+--------+--------+--------+--------+--------+------+------+------+------+-------+------+------+
|cmpy_4_dsp48_mult | ((A'*B')')'          | 25     | 18     | -      | -      | 0      | 1    | 1    | -    | -    | -     | 1    | 1    | 
|cmpy_4_dsp48_mult | (PCIN-((A''*B'')'))' | 25     | 18     | -      | -      | 44     | 2    | 2    | -    | -    | -     | 1    | 1    | 
|cmpy_4_dsp48_mult | ((A'*B')')'          | 25     | 18     | -      | -      | 0      | 1    | 1    | -    | -    | -     | 1    | 1    | 
|cmpy_4_dsp48_mult | (PCIN+(A''*B'')')'   | 25     | 18     | -      | -      | 44     | 2    | 2    | -    | -    | -     | 1    | 1    | 
+------------------+----------------------+--------+--------+--------+--------+--------+------+------+------+------+-------+------+------+


Report BlackBoxes: 
+-+--------------+----------+
| |BlackBox name |Instances |
+-+--------------+----------+
+-+--------------+----------+

Report Cell Usage: 
+------+--------+------+
|      |Cell    |Count |
+------+--------+------+
|1     |DSP48E1 |     4|
|3     |LUT1    |     1|
|4     |LUT2    |     1|
|5     |FDRE    |     5|
+------+--------+------+
---------------------------------------------------------------------------------
Finished Writing Synthesis Report : Time (s): cpu = 00:00:23 ; elapsed = 00:00:24 . Memory (MB): peak = 1469.953 ; gain = 576.547
---------------------------------------------------------------------------------
Synthesis finished with 0 errors, 0 critical warnings and 18 warnings.
Synthesis Optimization Runtime : Time (s): cpu = 00:00:14 ; elapsed = 00:00:23 . Memory (MB): peak = 1469.953 ; gain = 576.547
Synthesis Optimization Complete : Time (s): cpu = 00:00:23 ; elapsed = 00:00:24 . Memory (MB): peak = 1469.953 ; gain = 576.547
INFO: [Project 1-571] Translating synthesized netlist
Netlist sorting complete. Time (s): cpu = 00:00:00 ; elapsed = 00:00:00.004 . Memory (MB): peak = 1469.953 ; gain = 0.000
INFO: [Netlist 29-17] Analyzing 4 Unisim elements for replacement
INFO: [Netlist 29-28] Unisim Transformation completed in 0 CPU seconds
INFO: [Project 1-570] Preparing netlist for logic optimization
INFO: [Opt 31-138] Pushed 0 inverter(s) to 0 load pin(s).
Netlist sorting complete. Time (s): cpu = 00:00:00 ; elapsed = 00:00:00 . Memory (MB): peak = 1473.180 ; gain = 0.000
INFO: [Project 1-111] Unisim Transformation Summary:
No Unisim elements were transformed.

Synth Design complete | Checksum: ee010ea2
INFO: [Common 17-83] Releasing license: Synthesis
21 Infos, 52 Warnings, 0 Critical Warnings and 0 Errors encountered.
synth_design completed successfully
INFO: [Common 17-600] The following parameters have non-default value.
tcl.statsThreshold
INFO: [Common 17-1381] The checkpoint 'C:/Users/gm/Vivado Projects/complete_det_new_ram_full_size_2_np_32/complete_det_new_ram_full_size_2_np_32.runs/cmpy_1_synth_1/cmpy_1.dcp' has been generated.
INFO: [Coretcl 2-1648] Added synthesis output to IP cache for IP cmpy_1, cache-ID = 69fed21efc31cf21
INFO: [Coretcl 2-1174] Renamed 7 cell refs.
INFO: [Common 17-1381] The checkpoint 'C:/Users/gm/Vivado Projects/complete_det_new_ram_full_size_2_np_32/complete_det_new_ram_full_size_2_np_32.runs/cmpy_1_synth_1/cmpy_1.dcp' has been generated.
INFO: [runtcl-4] Executing : report_utilization -file cmpy_1_utilization_synth.rpt -pb cmpy_1_utilization_synth.pb
INFO: [Common 17-206] Exiting Vivado at Tue Jun 16 15:23:27 2026...

*** Running vivado
    with args -log cmpy_1.vds -m64 -product Vivado -mode batch -messageDb vivado.pb -notrace -source cmpy_1.tcl


ECHO is off.
ECHO is off.

****** Vivado v2023.1 (64-bit)
  **** SW Build 3865809 on Sun May  7 15:05:29 MDT 2023
  **** IP Build 3864474 on Sun May  7 20:36:21 MDT 2023
  **** SharedData Build 3865790 on Sun May 07 13:33:03 MDT 2023
    ** Copyright 1986-2022 Xilinx, Inc. All Rights Reserved.
    ** Copyright 2022-2023 Advanced Micro Devices, Inc. All Rights Reserved.

source cmpy_1.tcl -notrace
create_project: Time (s): cpu = 00:00:06 ; elapsed = 00:00:07 . Memory (MB): peak = 448.590 ; gain = 163.742
INFO: [IP_Flow 19-6924] IPCACHE: Running cache check for IP inst: cmpy_1
Command: synth_design -top cmpy_1 -part xc7z020clg484-1 -incremental_mode off -mode out_of_context
Starting synth_design
Attempting to get a license for feature 'Synthesis' and/or device 'xc7z020'
INFO: [Common 17-349] Got license for feature 'Synthesis' and/or device 'xc7z020'
INFO: [Device 21-403] Loading part xc7z020clg484-1
INFO: [Synth 8-7079] Multithreading enabled for synth_design using a maximum of 2 processes.
INFO: [Synth 8-7078] Launching helper process for spawning children vivado processes
INFO: [Synth 8-7075] Helper process launched with PID 13344
---------------------------------------------------------------------------------
Starting RTL Elaboration : Time (s): cpu = 00:00:07 ; elapsed = 00:00:09 . Memory (MB): peak = 1303.480 ; gain = 409.855
---------------------------------------------------------------------------------
INFO: [Synth 8-638] synthesizing module 'cmpy_1' [c:/Users/gm/Vivado Projects/complete_det_pre_comblock/complete_det_pre_comblock.gen/sources_1/ip/cmpy_1/synth/cmpy_1.vhd:72]
	Parameter C_VERBOSITY bound to: 0 - type: integer 
	Parameter C_XDEVICEFAMILY bound to: zynq - type: string 
	Parameter C_XDEVICE bound to: xc7z020 - type: string 
	Parameter C_A_WIDTH bound to: 16 - type: integer 
	Parameter C_B_WIDTH bound to: 16 - type: integer 
	Parameter C_OUT_WIDTH bound to: 33 - type: integer 
	Parameter C_LATENCY bound to: 4 - type: integer 
	Parameter C_MULT_TYPE bound to: 1 - type: integer 
	Parameter C_OPTIMIZE_GOAL bound to: 1 - type: integer 
	Parameter HAS_NEGATE bound to: 0 - type: integer 
	Parameter SINGLE_OUTPUT bound to: 0 - type: integer 
	Parameter ROUND bound to: 0 - type: integer 
	Parameter USE_DSP_CASCADES bound to: 1 - type: integer 
	Parameter C_THROTTLE_SCHEME bound to: 3 - type: integer 
	Parameter C_HAS_ACLKEN bound to: 0 - type: integer 
	Parameter C_HAS_ARESETN bound to: 1 - type: integer 
	Parameter C_HAS_S_AXIS_A_TUSER bound to: 0 - type: integer 
	Parameter C_HAS_S_AXIS_A_TLAST bound to: 0 - type: integer 
	Parameter C_HAS_S_AXIS_B_TUSER bound to: 0 - type: integer 
	Parameter C_HAS_S_AXIS_B_TLAST bound to: 0 - type: integer 
	Parameter C_HAS_S_AXIS_CTRL_TUSER bound to: 0 - type: integer 
	Parameter C_HAS_S_AXIS_CTRL_TLAST bound to: 0 - type: integer 
	Parameter C_TLAST_RESOLUTION bound to: 0 - type: integer 
	Parameter C_S_AXIS_A_TDATA_WIDTH bound to: 32 - type: integer 
	Parameter C_S_AXIS_A_TUSER_WIDTH bound to: 1 - type: integer 
	Parameter C_S_AXIS_B_TDATA_WIDTH bound to: 32 - type: integer 
	Parameter C_S_AXIS_B_TUSER_WIDTH bound to: 1 - type: integer 
	Parameter C_S_AXIS_CTRL_TDATA_WIDTH bound to: 8 - type: integer 
	Parameter C_S_AXIS_CTRL_TUSER_WIDTH bound to: 1 - type: integer 
	Parameter C_M_AXIS_DOUT_TDATA_WIDTH bound to: 80 - type: integer 
	Parameter C_M_AXIS_DOUT_TUSER_WIDTH bound to: 1 - type: integer 
INFO: [Synth 8-3491] module 'cmpy_v6_0_21' declared at 'c:/Users/gm/Vivado Projects/complete_det_pre_comblock/complete_det_pre_comblock.gen/sources_1/ip/cmpy_1/hdl/cmpy_v6_0_vh_rfs.vhd:13916' bound to instance 'U0' of component 'cmpy_v6_0_21' [c:/Users/gm/Vivado Projects/complete_det_pre_comblock/complete_det_pre_comblock.gen/sources_1/ip/cmpy_1/synth/cmpy_1.vhd:158]
INFO: [Synth 8-256] done synthesizing module 'cmpy_1' (0#1) [c:/Users/gm/Vivado Projects/complete_det_pre_comblock/complete_det_pre_comblock.gen/sources_1/ip/cmpy_1/synth/cmpy_1.vhd:72]
WARNING: [Synth 8-7129] Port CLK in module cmpy_v6_0_21_delay_line__parameterized3 is either unconnected or has no load
WARNING: [Synth 8-7129] Port CE in module cmpy_v6_0_21_delay_line__parameterized3 is either unconnected or has no load
WARNING: [Synth 8-7129] Port SCLR in module cmpy_v6_0_21_delay_line__parameterized3 is either unconnected or has no load
WARNING: [Synth 8-7129] Port CLK in module cmpy_v6_0_21_delay_line__parameterized2 is either unconnected or has no load
WARNING: [Synth 8-7129] Port CE in module cmpy_v6_0_21_delay_line__parameterized2 is either unconnected or has no load
WARNING: [Synth 8-7129] Port SCLR in module cmpy_v6_0_21_delay_line__parameterized2 is either unconnected or has no load
WARNING: [Synth 8-7129] Port CLK in module cmpy_v6_0_21_delay_line__parameterized1 is either unconnected or has no load
WARNING: [Synth 8-7129] Port CE in module cmpy_v6_0_21_delay_line__parameterized1 is either unconnected or has no load
WARNING: [Synth 8-7129] Port SCLR in module cmpy_v6_0_21_delay_line__parameterized1 is either unconnected or has no load
WARNING: [Synth 8-7129] Port ROUND_CY in module cmpy_4_dsp48_mult is either unconnected or has no load
WARNING: [Synth 8-7129] Port NEGATE_R in module cmpy_4_dsp48_mult is either unconnected or has no load
WARNING: [Synth 8-7129] Port NEGATE_I in module cmpy_4_dsp48_mult is either unconnected or has no load
WARNING: [Synth 8-7129] Port SO_START in module cmpy_4_dsp48 is either unconnected or has no load
WARNING: [Synth 8-7129] Port CE in module cmpy_v6_0_21_synth is either unconnected or has no load
WARNING: [Synth 8-7129] Port ROUND_CY in module cmpy_v6_0_21_synth is either unconnected or has no load
WARNING: [Synth 8-7129] Port CE in module cmpy_v6_0_21_delay_line is either unconnected or has no load
WARNING: [Synth 8-7129] Port SCLR in module cmpy_v6_0_21_delay_line is either unconnected or has no load
WARNING: [Synth 8-7129] Port aclken in module cmpy_v6_0_21_viv is either unconnected or has no load
WARNING: [Synth 8-7129] Port s_axis_a_tuser[0] in module cmpy_v6_0_21_viv is either unconnected or has no load
WARNING: [Synth 8-7129] Port s_axis_a_tlast in module cmpy_v6_0_21_viv is either unconnected or has no load
WARNING: [Synth 8-7129] Port s_axis_b_tuser[0] in module cmpy_v6_0_21_viv is either unconnected or has no load
WARNING: [Synth 8-7129] Port s_axis_b_tlast in module cmpy_v6_0_21_viv is either unconnected or has no load
WARNING: [Synth 8-7129] Port s_axis_ctrl_tvalid in module cmpy_v6_0_21_viv is either unconnected or has no load
WARNING: [Synth 8-7129] Port s_axis_ctrl_tuser[0] in module cmpy_v6_0_21_viv is either unconnected or has no load
WARNING: [Synth 8-7129] Port s_axis_ctrl_tlast in module cmpy_v6_0_21_viv is either unconnected or has no load
WARNING: [Synth 8-7129] Port s_axis_ctrl_tdata[7] in module cmpy_v6_0_21_viv is either unconnected or has no load
WARNING: [Synth 8-7129] Port s_axis_ctrl_tdata[6] in module cmpy_v6_0_21_viv is either unconnected or has no load
WARNING: [Synth 8-7129] Port s_axis_ctrl_tdata[5] in module cmpy_v6_0_21_viv is either unconnected or has no load
WARNING: [Synth 8-7129] Port s_axis_ctrl_tdata[4] in module cmpy_v6_0_21_viv is either unconnected or has no load
WARNING: [Synth 8-7129] Port s_axis_ctrl_tdata[3] in module cmpy_v6_0_21_viv is either unconnected or has no load
WARNING: [Synth 8-7129] Port s_axis_ctrl_tdata[2] in module cmpy_v6_0_21_viv is either unconnected or has no load
WARNING: [Synth 8-7129] Port s_axis_ctrl_tdata[1] in module cmpy_v6_0_21_viv is either unconnected or has no load
WARNING: [Synth 8-7129] Port s_axis_ctrl_tdata[0] in module cmpy_v6_0_21_viv is either unconnected or has no load
WARNING: [Synth 8-7129] Port m_axis_dout_tready in module cmpy_v6_0_21_viv is either unconnected or has no load
---------------------------------------------------------------------------------
Finished RTL Elaboration : Time (s): cpu = 00:00:10 ; elapsed = 00:00:13 . Memory (MB): peak = 1467.910 ; gain = 574.285
---------------------------------------------------------------------------------
---------------------------------------------------------------------------------
Start Handling Custom Attributes
---------------------------------------------------------------------------------
---------------------------------------------------------------------------------
Finished Handling Custom Attributes : Time (s): cpu = 00:00:10 ; elapsed = 00:00:13 . Memory (MB): peak = 1467.910 ; gain = 574.285
---------------------------------------------------------------------------------
---------------------------------------------------------------------------------
Finished RTL Optimization Phase 1 : Time (s): cpu = 00:00:10 ; elapsed = 00:00:13 . Memory (MB): peak = 1467.910 ; gain = 574.285
---------------------------------------------------------------------------------
Netlist sorting complete. Time (s): cpu = 00:00:00 ; elapsed = 00:00:00.007 . Memory (MB): peak = 1467.910 ; gain = 0.000
INFO: [Netlist 29-17] Analyzing 4 Unisim elements for replacement
INFO: [Netlist 29-28] Unisim Transformation completed in 0 CPU seconds
INFO: [Project 1-570] Preparing netlist for logic optimization

Processing XDC Constraints
Initializing timing engine
Parsing XDC File [c:/Users/gm/Vivado Projects/complete_det_pre_comblock/complete_det_pre_comblock.gen/sources_1/ip/cmpy_1/cmpy_1_ooc.xdc] for cell 'U0'
Finished Parsing XDC File [c:/Users/gm/Vivado Projects/complete_det_pre_comblock/complete_det_pre_comblock.gen/sources_1/ip/cmpy_1/cmpy_1_ooc.xdc] for cell 'U0'
Parsing XDC File [C:/Users/gm/Vivado Projects/complete_det_pre_comblock/complete_det_pre_comblock.runs/cmpy_1_synth_1/dont_touch.xdc]
Finished Parsing XDC File [C:/Users/gm/Vivado Projects/complete_det_pre_comblock/complete_det_pre_comblock.runs/cmpy_1_synth_1/dont_touch.xdc]
Completed Processing XDC Constraints

Netlist sorting complete. Time (s): cpu = 00:00:00 ; elapsed = 00:00:00 . Memory (MB): peak = 1467.910 ; gain = 0.000
INFO: [Project 1-111] Unisim Transformation Summary:
No Unisim elements were transformed.

Constraint Validation Runtime : Time (s): cpu = 00:00:00 ; elapsed = 00:00:00.045 . Memory (MB): peak = 1467.910 ; gain = 0.000
INFO: [Designutils 20-5008] Incremental synthesis strategy off
---------------------------------------------------------------------------------
Finished Constraint Validation : Time (s): cpu = 00:00:17 ; elapsed = 00:00:21 . Memory (MB): peak = 1467.910 ; gain = 574.285
---------------------------------------------------------------------------------
---------------------------------------------------------------------------------
Start Loading Part and Timing Information
---------------------------------------------------------------------------------
Loading part: xc7z020clg484-1
---------------------------------------------------------------------------------
Finished Loading Part and Timing Information : Time (s): cpu = 00:00:17 ; elapsed = 00:00:21 . Memory (MB): peak = 1467.910 ; gain = 574.285
---------------------------------------------------------------------------------
---------------------------------------------------------------------------------
Start Applying 'set_property' XDC Constraints
---------------------------------------------------------------------------------
Applied set_property KEEP_HIERARCHY = SOFT for U0. (constraint file  {C:/Users/gm/Vivado Projects/complete_det_pre_comblock/complete_det_pre_comblock.runs/cmpy_1_synth_1/dont_touch.xdc}, line 9).
---------------------------------------------------------------------------------
Finished applying 'set_property' XDC Constraints : Time (s): cpu = 00:00:17 ; elapsed = 00:00:21 . Memory (MB): peak = 1467.910 ; gain = 574.285
---------------------------------------------------------------------------------
---------------------------------------------------------------------------------
Finished RTL Optimization Phase 2 : Time (s): cpu = 00:00:17 ; elapsed = 00:00:21 . Memory (MB): peak = 1467.910 ; gain = 574.285
---------------------------------------------------------------------------------
---------------------------------------------------------------------------------
Start RTL Component Statistics 
---------------------------------------------------------------------------------
---------------------------------------------------------------------------------
Finished RTL Component Statistics 
---------------------------------------------------------------------------------
---------------------------------------------------------------------------------
Start Part Resource Summary
---------------------------------------------------------------------------------
Part Resources:
DSPs: 220 (col length:60)
BRAMs: 280 (col length: RAMB18 60 RAMB36 30)
---------------------------------------------------------------------------------
Finished Part Resource Summary
---------------------------------------------------------------------------------
---------------------------------------------------------------------------------
Start Cross Boundary and Area Optimization
---------------------------------------------------------------------------------
WARNING: [Synth 8-7080] Parallel synthesis criteria is not met
WARNING: [Synth 8-7129] Port aclken in module cmpy_v6_0_21_viv is either unconnected or has no load
WARNING: [Synth 8-7129] Port s_axis_a_tuser[0] in module cmpy_v6_0_21_viv is either unconnected or has no load
WARNING: [Synth 8-7129] Port s_axis_a_tlast in module cmpy_v6_0_21_viv is either unconnected or has no load
WARNING: [Synth 8-7129] Port s_axis_b_tuser[0] in module cmpy_v6_0_21_viv is either unconnected or has no load
WARNING: [Synth 8-7129] Port s_axis_b_tlast in module cmpy_v6_0_21_viv is either unconnected or has no load
WARNING: [Synth 8-7129] Port s_axis_ctrl_tvalid in module cmpy_v6_0_21_viv is either unconnected or has no load
WARNING: [Synth 8-7129] Port s_axis_ctrl_tuser[0] in module cmpy_v6_0_21_viv is either unconnected or has no load
WARNING: [Synth 8-7129] Port s_axis_ctrl_tlast in module cmpy_v6_0_21_viv is either unconnected or has no load
WARNING: [Synth 8-7129] Port s_axis_ctrl_tdata[7] in module cmpy_v6_0_21_viv is either unconnected or has no load
WARNING: [Synth 8-7129] Port s_axis_ctrl_tdata[6] in module cmpy_v6_0_21_viv is either unconnected or has no load
WARNING: [Synth 8-7129] Port s_axis_ctrl_tdata[5] in module cmpy_v6_0_21_viv is either unconnected or has no load
WARNING: [Synth 8-7129] Port s_axis_ctrl_tdata[4] in module cmpy_v6_0_21_viv is either unconnected or has no load
WARNING: [Synth 8-7129] Port s_axis_ctrl_tdata[3] in module cmpy_v6_0_21_viv is either unconnected or has no load
WARNING: [Synth 8-7129] Port s_axis_ctrl_tdata[2] in module cmpy_v6_0_21_viv is either unconnected or has no load
WARNING: [Synth 8-7129] Port s_axis_ctrl_tdata[1] in module cmpy_v6_0_21_viv is either unconnected or has no load
WARNING: [Synth 8-7129] Port s_axis_ctrl_tdata[0] in module cmpy_v6_0_21_viv is either unconnected or has no load
WARNING: [Synth 8-7129] Port m_axis_dout_tready in module cmpy_v6_0_21_viv is either unconnected or has no load
---------------------------------------------------------------------------------
Finished Cross Boundary and Area Optimization : Time (s): cpu = 00:00:18 ; elapsed = 00:00:22 . Memory (MB): peak = 1467.910 ; gain = 574.285
---------------------------------------------------------------------------------
---------------------------------------------------------------------------------
Start Applying XDC Timing Constraints
---------------------------------------------------------------------------------
---------------------------------------------------------------------------------
Finished Applying XDC Timing Constraints : Time (s): cpu = 00:00:25 ; elapsed = 00:00:29 . Memory (MB): peak = 1467.910 ; gain = 574.285
---------------------------------------------------------------------------------
---------------------------------------------------------------------------------
Start Timing Optimization
---------------------------------------------------------------------------------
---------------------------------------------------------------------------------
Finished Timing Optimization : Time (s): cpu = 00:00:25 ; elapsed = 00:00:29 . Memory (MB): peak = 1467.910 ; gain = 574.285
---------------------------------------------------------------------------------
---------------------------------------------------------------------------------
Start Technology Mapping
---------------------------------------------------------------------------------
---------------------------------------------------------------------------------
Finished Technology Mapping : Time (s): cpu = 00:00:25 ; elapsed = 00:00:29 . Memory (MB): peak = 1467.910 ; gain = 574.285
---------------------------------------------------------------------------------
---------------------------------------------------------------------------------
Start IO Insertion
---------------------------------------------------------------------------------
---------------------------------------------------------------------------------
Start Flattening Before IO Insertion
---------------------------------------------------------------------------------
---------------------------------------------------------------------------------
Finished Flattening Before IO Insertion
---------------------------------------------------------------------------------
---------------------------------------------------------------------------------
Start Final Netlist Cleanup
---------------------------------------------------------------------------------
---------------------------------------------------------------------------------
Finished Final Netlist Cleanup
---------------------------------------------------------------------------------
---------------------------------------------------------------------------------
Finished IO Insertion : Time (s): cpu = 00:00:28 ; elapsed = 00:00:32 . Memory (MB): peak = 1467.910 ; gain = 574.285
---------------------------------------------------------------------------------
---------------------------------------------------------------------------------
Start Renaming Generated Instances
---------------------------------------------------------------------------------
---------------------------------------------------------------------------------
Finished Renaming Generated Instances : Time (s): cpu = 00:00:28 ; elapsed = 00:00:32 . Memory (MB): peak = 1467.910 ; gain = 574.285
---------------------------------------------------------------------------------
---------------------------------------------------------------------------------
Start Rebuilding User Hierarchy
---------------------------------------------------------------------------------
---------------------------------------------------------------------------------
Finished Rebuilding User Hierarchy : Time (s): cpu = 00:00:28 ; elapsed = 00:00:32 . Memory (MB): peak = 1467.910 ; gain = 574.285
---------------------------------------------------------------------------------
---------------------------------------------------------------------------------
Start Renaming Generated Ports
---------------------------------------------------------------------------------
---------------------------------------------------------------------------------
Finished Renaming Generated Ports : Time (s): cpu = 00:00:28 ; elapsed = 00:00:32 . Memory (MB): peak = 1467.910 ; gain = 574.285
---------------------------------------------------------------------------------
---------------------------------------------------------------------------------
Start Handling Custom Attributes
---------------------------------------------------------------------------------
---------------------------------------------------------------------------------
Finished Handling Custom Attributes : Time (s): cpu = 00:00:28 ; elapsed = 00:00:32 . Memory (MB): peak = 1467.910 ; gain = 574.285
---------------------------------------------------------------------------------
---------------------------------------------------------------------------------
Start Renaming Generated Nets
---------------------------------------------------------------------------------
---------------------------------------------------------------------------------
Finished Renaming Generated Nets : Time (s): cpu = 00:00:28 ; elapsed = 00:00:32 . Memory (MB): peak = 1467.910 ; gain = 574.285
---------------------------------------------------------------------------------
---------------------------------------------------------------------------------
Start Writing Synthesis Report
---------------------------------------------------------------------------------

DSP Final Report (the ' indicates corresponding REG is set)
+------------------+----------------------+--------+--------+--------+--------+--------+------+------+------+------+-------+------+------+
|Module Name       | DSP Mapping          | A Size | B Size | C Size | D Size | P Size | AREG | BREG | CREG | DREG | ADREG | MREG | PREG | 
+------------------+----------------------+--------+--------+--------+--------+--------+------+------+------+------+-------+------+------+
|cmpy_4_dsp48_mult | ((A'*B')')'          | 25     | 18     | -      | -      | 0      | 1    | 1    | -    | -    | -     | 1    | 1    | 
|cmpy_4_dsp48_mult | (PCIN-((A''*B'')'))' | 25     | 18     | -      | -      | 44     | 2    | 2    | -    | -    | -     | 1    | 1    | 
|cmpy_4_dsp48_mult | ((A'*B')')'          | 25     | 18     | -      | -      | 0      | 1    | 1    | -    | -    | -     | 1    | 1    | 
|cmpy_4_dsp48_mult | (PCIN+(A''*B'')')'   | 25     | 18     | -      | -      | 44     | 2    | 2    | -    | -    | -     | 1    | 1    | 
+------------------+----------------------+--------+--------+--------+--------+--------+------+------+------+------+-------+------+------+


Report BlackBoxes: 
+-+--------------+----------+
| |BlackBox name |Instances |
+-+--------------+----------+
+-+--------------+----------+

Report Cell Usage: 
+------+--------+------+
|      |Cell    |Count |
+------+--------+------+
|1     |DSP48E1 |     4|
|3     |LUT1    |     1|
|4     |LUT2    |     1|
|5     |FDRE    |     5|
+------+--------+------+
---------------------------------------------------------------------------------
Finished Writing Synthesis Report : Time (s): cpu = 00:00:28 ; elapsed = 00:00:32 . Memory (MB): peak = 1467.910 ; gain = 574.285
---------------------------------------------------------------------------------
Synthesis finished with 0 errors, 0 critical warnings and 18 warnings.
Synthesis Optimization Runtime : Time (s): cpu = 00:00:16 ; elapsed = 00:00:30 . Memory (MB): peak = 1467.910 ; gain = 574.285
Synthesis Optimization Complete : Time (s): cpu = 00:00:28 ; elapsed = 00:00:32 . Memory (MB): peak = 1467.910 ; gain = 574.285
INFO: [Project 1-571] Translating synthesized netlist
Netlist sorting complete. Time (s): cpu = 00:00:00 ; elapsed = 00:00:00.004 . Memory (MB): peak = 1467.910 ; gain = 0.000
INFO: [Netlist 29-17] Analyzing 4 Unisim elements for replacement
INFO: [Netlist 29-28] Unisim Transformation completed in 0 CPU seconds
INFO: [Project 1-570] Preparing netlist for logic optimization
INFO: [Opt 31-138] Pushed 0 inverter(s) to 0 load pin(s).
Netlist sorting complete. Time (s): cpu = 00:00:00 ; elapsed = 00:00:00 . Memory (MB): peak = 1467.910 ; gain = 0.000
INFO: [Project 1-111] Unisim Transformation Summary:
No Unisim elements were transformed.

Synth Design complete | Checksum: ee010ea2
INFO: [Common 17-83] Releasing license: Synthesis
21 Infos, 52 Warnings, 0 Critical Warnings and 0 Errors encountered.
synth_design completed successfully
synth_design: Time (s): cpu = 00:00:32 ; elapsed = 00:00:38 . Memory (MB): peak = 1467.910 ; gain = 982.488
INFO: [Common 17-1381] The checkpoint 'C:/Users/gm/Vivado Projects/complete_det_pre_comblock/complete_det_pre_comblock.runs/cmpy_1_synth_1/cmpy_1.dcp' has been generated.
INFO: [Coretcl 2-1648] Added synthesis output to IP cache for IP cmpy_1, cache-ID = 69fed21efc31cf21
INFO: [Coretcl 2-1174] Renamed 7 cell refs.
INFO: [Common 17-1381] The checkpoint 'C:/Users/gm/Vivado Projects/complete_det_pre_comblock/complete_det_pre_comblock.runs/cmpy_1_synth_1/cmpy_1.dcp' has been generated.
INFO: [runtcl-4] Executing : report_utilization -file cmpy_1_utilization_synth.rpt -pb cmpy_1_utilization_synth.pb
INFO: [Common 17-206] Exiting Vivado at Fri Jun 26 22:13:29 2026...

*** Running vivado
    with args -log cmpy_1.vds -m64 -product Vivado -mode batch -messageDb vivado.pb -notrace -source cmpy_1.tcl


ECHO is off.
ECHO is off.

****** Vivado v2023.1 (64-bit)
  **** SW Build 3865809 on Sun May  7 15:05:29 MDT 2023
  **** IP Build 3864474 on Sun May  7 20:36:21 MDT 2023
  **** SharedData Build 3865790 on Sun May 07 13:33:03 MDT 2023
    ** Copyright 1986-2022 Xilinx, Inc. All Rights Reserved.
    ** Copyright 2022-2023 Advanced Micro Devices, Inc. All Rights Reserved.

source cmpy_1.tcl -notrace
create_project: Time (s): cpu = 00:00:08 ; elapsed = 00:00:11 . Memory (MB): peak = 449.102 ; gain = 161.473
INFO: [IP_Flow 19-234] Refreshing IP repositories
INFO: [IP_Flow 19-1700] Loaded user IP repository 'd:/Desktop PRE-FORMAT 25/CR_CYCLO/Verilog/ComBlock/core-comblock-master'.
INFO: [IP_Flow 19-2313] Loaded Vivado IP repository 'C:/Xilinx/Vivado/2023.1/data/ip'.
WARNING: [IP_Flow 19-4995] The host OS only allows 260 characters in a normal path. The IP cache path is more than 80 characters. If you experience issues with IP caching, please consider changing the IP cache to a location with a shorter path. Alternately consider using the OS subst command to map part of the path to a drive letter. 
Current IP cache path is c:/Users/gm/Vivado Projects/complete_det_new_comblock/complete_det_new_comblock.cache/ip 
INFO: [IP_Flow 19-6924] IPCACHE: Running cache check for IP inst: cmpy_1
Command: synth_design -top cmpy_1 -part xc7z020clg484-1 -incremental_mode off -mode out_of_context
Starting synth_design
Attempting to get a license for feature 'Synthesis' and/or device 'xc7z020'
INFO: [Common 17-349] Got license for feature 'Synthesis' and/or device 'xc7z020'
INFO: [Device 21-403] Loading part xc7z020clg484-1
INFO: [Synth 8-7079] Multithreading enabled for synth_design using a maximum of 2 processes.
INFO: [Synth 8-7078] Launching helper process for spawning children vivado processes
INFO: [Synth 8-7075] Helper process launched with PID 18428
---------------------------------------------------------------------------------
Starting RTL Elaboration : Time (s): cpu = 00:00:07 ; elapsed = 00:00:09 . Memory (MB): peak = 1305.098 ; gain = 411.027
---------------------------------------------------------------------------------
INFO: [Synth 8-638] synthesizing module 'cmpy_1' [c:/Users/gm/Vivado Projects/complete_det_new_comblock/complete_det_new_comblock.gen/sources_1/ip/cmpy_1/synth/cmpy_1.vhd:72]
	Parameter C_VERBOSITY bound to: 0 - type: integer 
	Parameter C_XDEVICEFAMILY bound to: zynq - type: string 
	Parameter C_XDEVICE bound to: xc7z020 - type: string 
	Parameter C_A_WIDTH bound to: 16 - type: integer 
	Parameter C_B_WIDTH bound to: 16 - type: integer 
	Parameter C_OUT_WIDTH bound to: 33 - type: integer 
	Parameter C_LATENCY bound to: 4 - type: integer 
	Parameter C_MULT_TYPE bound to: 1 - type: integer 
	Parameter C_OPTIMIZE_GOAL bound to: 1 - type: integer 
	Parameter HAS_NEGATE bound to: 0 - type: integer 
	Parameter SINGLE_OUTPUT bound to: 0 - type: integer 
	Parameter ROUND bound to: 0 - type: integer 
	Parameter USE_DSP_CASCADES bound to: 1 - type: integer 
	Parameter C_THROTTLE_SCHEME bound to: 3 - type: integer 
	Parameter C_HAS_ACLKEN bound to: 0 - type: integer 
	Parameter C_HAS_ARESETN bound to: 1 - type: integer 
	Parameter C_HAS_S_AXIS_A_TUSER bound to: 0 - type: integer 
	Parameter C_HAS_S_AXIS_A_TLAST bound to: 0 - type: integer 
	Parameter C_HAS_S_AXIS_B_TUSER bound to: 0 - type: integer 
	Parameter C_HAS_S_AXIS_B_TLAST bound to: 0 - type: integer 
	Parameter C_HAS_S_AXIS_CTRL_TUSER bound to: 0 - type: integer 
	Parameter C_HAS_S_AXIS_CTRL_TLAST bound to: 0 - type: integer 
	Parameter C_TLAST_RESOLUTION bound to: 0 - type: integer 
	Parameter C_S_AXIS_A_TDATA_WIDTH bound to: 32 - type: integer 
	Parameter C_S_AXIS_A_TUSER_WIDTH bound to: 1 - type: integer 
	Parameter C_S_AXIS_B_TDATA_WIDTH bound to: 32 - type: integer 
	Parameter C_S_AXIS_B_TUSER_WIDTH bound to: 1 - type: integer 
	Parameter C_S_AXIS_CTRL_TDATA_WIDTH bound to: 8 - type: integer 
	Parameter C_S_AXIS_CTRL_TUSER_WIDTH bound to: 1 - type: integer 
	Parameter C_M_AXIS_DOUT_TDATA_WIDTH bound to: 80 - type: integer 
	Parameter C_M_AXIS_DOUT_TUSER_WIDTH bound to: 1 - type: integer 
INFO: [Synth 8-3491] module 'cmpy_v6_0_21' declared at 'c:/Users/gm/Vivado Projects/complete_det_new_comblock/complete_det_new_comblock.gen/sources_1/ip/cmpy_1/hdl/cmpy_v6_0_vh_rfs.vhd:13916' bound to instance 'U0' of component 'cmpy_v6_0_21' [c:/Users/gm/Vivado Projects/complete_det_new_comblock/complete_det_new_comblock.gen/sources_1/ip/cmpy_1/synth/cmpy_1.vhd:158]
INFO: [Synth 8-256] done synthesizing module 'cmpy_1' (0#1) [c:/Users/gm/Vivado Projects/complete_det_new_comblock/complete_det_new_comblock.gen/sources_1/ip/cmpy_1/synth/cmpy_1.vhd:72]
WARNING: [Synth 8-7129] Port CLK in module cmpy_v6_0_21_delay_line__parameterized3 is either unconnected or has no load
WARNING: [Synth 8-7129] Port CE in module cmpy_v6_0_21_delay_line__parameterized3 is either unconnected or has no load
WARNING: [Synth 8-7129] Port SCLR in module cmpy_v6_0_21_delay_line__parameterized3 is either unconnected or has no load
WARNING: [Synth 8-7129] Port CLK in module cmpy_v6_0_21_delay_line__parameterized2 is either unconnected or has no load
WARNING: [Synth 8-7129] Port CE in module cmpy_v6_0_21_delay_line__parameterized2 is either unconnected or has no load
WARNING: [Synth 8-7129] Port SCLR in module cmpy_v6_0_21_delay_line__parameterized2 is either unconnected or has no load
WARNING: [Synth 8-7129] Port CLK in module cmpy_v6_0_21_delay_line__parameterized1 is either unconnected or has no load
WARNING: [Synth 8-7129] Port CE in module cmpy_v6_0_21_delay_line__parameterized1 is either unconnected or has no load
WARNING: [Synth 8-7129] Port SCLR in module cmpy_v6_0_21_delay_line__parameterized1 is either unconnected or has no load
WARNING: [Synth 8-7129] Port ROUND_CY in module cmpy_4_dsp48_mult is either unconnected or has no load
WARNING: [Synth 8-7129] Port NEGATE_R in module cmpy_4_dsp48_mult is either unconnected or has no load
WARNING: [Synth 8-7129] Port NEGATE_I in module cmpy_4_dsp48_mult is either unconnected or has no load
WARNING: [Synth 8-7129] Port SO_START in module cmpy_4_dsp48 is either unconnected or has no load
WARNING: [Synth 8-7129] Port CE in module cmpy_v6_0_21_synth is either unconnected or has no load
WARNING: [Synth 8-7129] Port ROUND_CY in module cmpy_v6_0_21_synth is either unconnected or has no load
WARNING: [Synth 8-7129] Port CE in module cmpy_v6_0_21_delay_line is either unconnected or has no load
WARNING: [Synth 8-7129] Port SCLR in module cmpy_v6_0_21_delay_line is either unconnected or has no load
WARNING: [Synth 8-7129] Port aclken in module cmpy_v6_0_21_viv is either unconnected or has no load
WARNING: [Synth 8-7129] Port s_axis_a_tuser[0] in module cmpy_v6_0_21_viv is either unconnected or has no load
WARNING: [Synth 8-7129] Port s_axis_a_tlast in module cmpy_v6_0_21_viv is either unconnected or has no load
WARNING: [Synth 8-7129] Port s_axis_b_tuser[0] in module cmpy_v6_0_21_viv is either unconnected or has no load
WARNING: [Synth 8-7129] Port s_axis_b_tlast in module cmpy_v6_0_21_viv is either unconnected or has no load
WARNING: [Synth 8-7129] Port s_axis_ctrl_tvalid in module cmpy_v6_0_21_viv is either unconnected or has no load
WARNING: [Synth 8-7129] Port s_axis_ctrl_tuser[0] in module cmpy_v6_0_21_viv is either unconnected or has no load
WARNING: [Synth 8-7129] Port s_axis_ctrl_tlast in module cmpy_v6_0_21_viv is either unconnected or has no load
WARNING: [Synth 8-7129] Port s_axis_ctrl_tdata[7] in module cmpy_v6_0_21_viv is either unconnected or has no load
WARNING: [Synth 8-7129] Port s_axis_ctrl_tdata[6] in module cmpy_v6_0_21_viv is either unconnected or has no load
WARNING: [Synth 8-7129] Port s_axis_ctrl_tdata[5] in module cmpy_v6_0_21_viv is either unconnected or has no load
WARNING: [Synth 8-7129] Port s_axis_ctrl_tdata[4] in module cmpy_v6_0_21_viv is either unconnected or has no load
WARNING: [Synth 8-7129] Port s_axis_ctrl_tdata[3] in module cmpy_v6_0_21_viv is either unconnected or has no load
WARNING: [Synth 8-7129] Port s_axis_ctrl_tdata[2] in module cmpy_v6_0_21_viv is either unconnected or has no load
WARNING: [Synth 8-7129] Port s_axis_ctrl_tdata[1] in module cmpy_v6_0_21_viv is either unconnected or has no load
WARNING: [Synth 8-7129] Port s_axis_ctrl_tdata[0] in module cmpy_v6_0_21_viv is either unconnected or has no load
WARNING: [Synth 8-7129] Port m_axis_dout_tready in module cmpy_v6_0_21_viv is either unconnected or has no load
---------------------------------------------------------------------------------
Finished RTL Elaboration : Time (s): cpu = 00:00:10 ; elapsed = 00:00:13 . Memory (MB): peak = 1468.219 ; gain = 574.148
---------------------------------------------------------------------------------
---------------------------------------------------------------------------------
Start Handling Custom Attributes
---------------------------------------------------------------------------------
---------------------------------------------------------------------------------
Finished Handling Custom Attributes : Time (s): cpu = 00:00:10 ; elapsed = 00:00:13 . Memory (MB): peak = 1468.219 ; gain = 574.148
---------------------------------------------------------------------------------
---------------------------------------------------------------------------------
Finished RTL Optimization Phase 1 : Time (s): cpu = 00:00:10 ; elapsed = 00:00:14 . Memory (MB): peak = 1468.219 ; gain = 574.148
---------------------------------------------------------------------------------
Netlist sorting complete. Time (s): cpu = 00:00:00 ; elapsed = 00:00:00.008 . Memory (MB): peak = 1468.219 ; gain = 0.000
INFO: [Netlist 29-17] Analyzing 4 Unisim elements for replacement
INFO: [Netlist 29-28] Unisim Transformation completed in 0 CPU seconds
INFO: [Project 1-570] Preparing netlist for logic optimization

Processing XDC Constraints
Initializing timing engine
Parsing XDC File [c:/Users/gm/Vivado Projects/complete_det_new_comblock/complete_det_new_comblock.gen/sources_1/ip/cmpy_1/cmpy_1_ooc.xdc] for cell 'U0'
Finished Parsing XDC File [c:/Users/gm/Vivado Projects/complete_det_new_comblock/complete_det_new_comblock.gen/sources_1/ip/cmpy_1/cmpy_1_ooc.xdc] for cell 'U0'
Parsing XDC File [C:/Users/gm/Vivado Projects/complete_det_new_comblock/complete_det_new_comblock.runs/cmpy_1_synth_1/dont_touch.xdc]
Finished Parsing XDC File [C:/Users/gm/Vivado Projects/complete_det_new_comblock/complete_det_new_comblock.runs/cmpy_1_synth_1/dont_touch.xdc]
Completed Processing XDC Constraints

Netlist sorting complete. Time (s): cpu = 00:00:00 ; elapsed = 00:00:00 . Memory (MB): peak = 1497.855 ; gain = 0.000
INFO: [Project 1-111] Unisim Transformation Summary:
No Unisim elements were transformed.

Constraint Validation Runtime : Time (s): cpu = 00:00:00 ; elapsed = 00:00:00.024 . Memory (MB): peak = 1498.191 ; gain = 0.336
INFO: [Designutils 20-5008] Incremental synthesis strategy off
---------------------------------------------------------------------------------
Finished Constraint Validation : Time (s): cpu = 00:00:17 ; elapsed = 00:00:21 . Memory (MB): peak = 1498.191 ; gain = 604.121
---------------------------------------------------------------------------------
---------------------------------------------------------------------------------
Start Loading Part and Timing Information
---------------------------------------------------------------------------------
Loading part: xc7z020clg484-1
---------------------------------------------------------------------------------
Finished Loading Part and Timing Information : Time (s): cpu = 00:00:17 ; elapsed = 00:00:21 . Memory (MB): peak = 1498.191 ; gain = 604.121
---------------------------------------------------------------------------------
---------------------------------------------------------------------------------
Start Applying 'set_property' XDC Constraints
---------------------------------------------------------------------------------
Applied set_property KEEP_HIERARCHY = SOFT for U0. (constraint file  {C:/Users/gm/Vivado Projects/complete_det_new_comblock/complete_det_new_comblock.runs/cmpy_1_synth_1/dont_touch.xdc}, line 9).
---------------------------------------------------------------------------------
Finished applying 'set_property' XDC Constraints : Time (s): cpu = 00:00:17 ; elapsed = 00:00:21 . Memory (MB): peak = 1498.191 ; gain = 604.121
---------------------------------------------------------------------------------
---------------------------------------------------------------------------------
Finished RTL Optimization Phase 2 : Time (s): cpu = 00:00:17 ; elapsed = 00:00:21 . Memory (MB): peak = 1498.191 ; gain = 604.121
---------------------------------------------------------------------------------
---------------------------------------------------------------------------------
Start RTL Component Statistics 
---------------------------------------------------------------------------------
---------------------------------------------------------------------------------
Finished RTL Component Statistics 
---------------------------------------------------------------------------------
---------------------------------------------------------------------------------
Start Part Resource Summary
---------------------------------------------------------------------------------
Part Resources:
DSPs: 220 (col length:60)
BRAMs: 280 (col length: RAMB18 60 RAMB36 30)
---------------------------------------------------------------------------------
Finished Part Resource Summary
---------------------------------------------------------------------------------
---------------------------------------------------------------------------------
Start Cross Boundary and Area Optimization
---------------------------------------------------------------------------------
WARNING: [Synth 8-7080] Parallel synthesis criteria is not met
WARNING: [Synth 8-7129] Port aclken in module cmpy_v6_0_21_viv is either unconnected or has no load
WARNING: [Synth 8-7129] Port s_axis_a_tuser[0] in module cmpy_v6_0_21_viv is either unconnected or has no load
WARNING: [Synth 8-7129] Port s_axis_a_tlast in module cmpy_v6_0_21_viv is either unconnected or has no load
WARNING: [Synth 8-7129] Port s_axis_b_tuser[0] in module cmpy_v6_0_21_viv is either unconnected or has no load
WARNING: [Synth 8-7129] Port s_axis_b_tlast in module cmpy_v6_0_21_viv is either unconnected or has no load
WARNING: [Synth 8-7129] Port s_axis_ctrl_tvalid in module cmpy_v6_0_21_viv is either unconnected or has no load
WARNING: [Synth 8-7129] Port s_axis_ctrl_tuser[0] in module cmpy_v6_0_21_viv is either unconnected or has no load
WARNING: [Synth 8-7129] Port s_axis_ctrl_tlast in module cmpy_v6_0_21_viv is either unconnected or has no load
WARNING: [Synth 8-7129] Port s_axis_ctrl_tdata[7] in module cmpy_v6_0_21_viv is either unconnected or has no load
WARNING: [Synth 8-7129] Port s_axis_ctrl_tdata[6] in module cmpy_v6_0_21_viv is either unconnected or has no load
WARNING: [Synth 8-7129] Port s_axis_ctrl_tdata[5] in module cmpy_v6_0_21_viv is either unconnected or has no load
WARNING: [Synth 8-7129] Port s_axis_ctrl_tdata[4] in module cmpy_v6_0_21_viv is either unconnected or has no load
WARNING: [Synth 8-7129] Port s_axis_ctrl_tdata[3] in module cmpy_v6_0_21_viv is either unconnected or has no load
WARNING: [Synth 8-7129] Port s_axis_ctrl_tdata[2] in module cmpy_v6_0_21_viv is either unconnected or has no load
WARNING: [Synth 8-7129] Port s_axis_ctrl_tdata[1] in module cmpy_v6_0_21_viv is either unconnected or has no load
WARNING: [Synth 8-7129] Port s_axis_ctrl_tdata[0] in module cmpy_v6_0_21_viv is either unconnected or has no load
WARNING: [Synth 8-7129] Port m_axis_dout_tready in module cmpy_v6_0_21_viv is either unconnected or has no load
---------------------------------------------------------------------------------
Finished Cross Boundary and Area Optimization : Time (s): cpu = 00:00:19 ; elapsed = 00:00:22 . Memory (MB): peak = 1498.191 ; gain = 604.121
---------------------------------------------------------------------------------
---------------------------------------------------------------------------------
Start Applying XDC Timing Constraints
---------------------------------------------------------------------------------
---------------------------------------------------------------------------------
Finished Applying XDC Timing Constraints : Time (s): cpu = 00:00:26 ; elapsed = 00:00:30 . Memory (MB): peak = 1498.191 ; gain = 604.121
---------------------------------------------------------------------------------
---------------------------------------------------------------------------------
Start Timing Optimization
---------------------------------------------------------------------------------
---------------------------------------------------------------------------------
Finished Timing Optimization : Time (s): cpu = 00:00:26 ; elapsed = 00:00:30 . Memory (MB): peak = 1498.191 ; gain = 604.121
---------------------------------------------------------------------------------
---------------------------------------------------------------------------------
Start Technology Mapping
---------------------------------------------------------------------------------
---------------------------------------------------------------------------------
Finished Technology Mapping : Time (s): cpu = 00:00:26 ; elapsed = 00:00:30 . Memory (MB): peak = 1498.191 ; gain = 604.121
---------------------------------------------------------------------------------
---------------------------------------------------------------------------------
Start IO Insertion
---------------------------------------------------------------------------------
---------------------------------------------------------------------------------
Start Flattening Before IO Insertion
---------------------------------------------------------------------------------
---------------------------------------------------------------------------------
Finished Flattening Before IO Insertion
---------------------------------------------------------------------------------
---------------------------------------------------------------------------------
Start Final Netlist Cleanup
---------------------------------------------------------------------------------
---------------------------------------------------------------------------------
Finished Final Netlist Cleanup
---------------------------------------------------------------------------------
---------------------------------------------------------------------------------
Finished IO Insertion : Time (s): cpu = 00:00:30 ; elapsed = 00:00:34 . Memory (MB): peak = 1498.191 ; gain = 604.121
---------------------------------------------------------------------------------
---------------------------------------------------------------------------------
Start Renaming Generated Instances
---------------------------------------------------------------------------------
---------------------------------------------------------------------------------
Finished Renaming Generated Instances : Time (s): cpu = 00:00:30 ; elapsed = 00:00:34 . Memory (MB): peak = 1498.191 ; gain = 604.121
---------------------------------------------------------------------------------
---------------------------------------------------------------------------------
Start Rebuilding User Hierarchy
---------------------------------------------------------------------------------
---------------------------------------------------------------------------------
Finished Rebuilding User Hierarchy : Time (s): cpu = 00:00:30 ; elapsed = 00:00:34 . Memory (MB): peak = 1498.191 ; gain = 604.121
---------------------------------------------------------------------------------
---------------------------------------------------------------------------------
Start Renaming Generated Ports
---------------------------------------------------------------------------------
---------------------------------------------------------------------------------
Finished Renaming Generated Ports : Time (s): cpu = 00:00:30 ; elapsed = 00:00:34 . Memory (MB): peak = 1498.191 ; gain = 604.121
---------------------------------------------------------------------------------
---------------------------------------------------------------------------------
Start Handling Custom Attributes
---------------------------------------------------------------------------------
---------------------------------------------------------------------------------
Finished Handling Custom Attributes : Time (s): cpu = 00:00:30 ; elapsed = 00:00:34 . Memory (MB): peak = 1498.191 ; gain = 604.121
---------------------------------------------------------------------------------
---------------------------------------------------------------------------------
Start Renaming Generated Nets
---------------------------------------------------------------------------------
---------------------------------------------------------------------------------
Finished Renaming Generated Nets : Time (s): cpu = 00:00:30 ; elapsed = 00:00:34 . Memory (MB): peak = 1498.191 ; gain = 604.121
---------------------------------------------------------------------------------
---------------------------------------------------------------------------------
Start Writing Synthesis Report
---------------------------------------------------------------------------------

DSP Final Report (the ' indicates corresponding REG is set)
+------------------+----------------------+--------+--------+--------+--------+--------+------+------+------+------+-------+------+------+
|Module Name       | DSP Mapping          | A Size | B Size | C Size | D Size | P Size | AREG | BREG | CREG | DREG | ADREG | MREG | PREG | 
+------------------+----------------------+--------+--------+--------+--------+--------+------+------+------+------+-------+------+------+
|cmpy_4_dsp48_mult | ((A'*B')')'          | 25     | 18     | -      | -      | 0      | 1    | 1    | -    | -    | -     | 1    | 1    | 
|cmpy_4_dsp48_mult | (PCIN-((A''*B'')'))' | 25     | 18     | -      | -      | 44     | 2    | 2    | -    | -    | -     | 1    | 1    | 
|cmpy_4_dsp48_mult | ((A'*B')')'          | 25     | 18     | -      | -      | 0      | 1    | 1    | -    | -    | -     | 1    | 1    | 
|cmpy_4_dsp48_mult | (PCIN+(A''*B'')')'   | 25     | 18     | -      | -      | 44     | 2    | 2    | -    | -    | -     | 1    | 1    | 
+------------------+----------------------+--------+--------+--------+--------+--------+------+------+------+------+-------+------+------+


Report BlackBoxes: 
+-+--------------+----------+
| |BlackBox name |Instances |
+-+--------------+----------+
+-+--------------+----------+

Report Cell Usage: 
+------+--------+------+
|      |Cell    |Count |
+------+--------+------+
|1     |DSP48E1 |     4|
|3     |LUT1    |     1|
|4     |LUT2    |     1|
|5     |FDRE    |     5|
+------+--------+------+
---------------------------------------------------------------------------------
Finished Writing Synthesis Report : Time (s): cpu = 00:00:30 ; elapsed = 00:00:34 . Memory (MB): peak = 1498.191 ; gain = 604.121
---------------------------------------------------------------------------------
Synthesis finished with 0 errors, 0 critical warnings and 18 warnings.
Synthesis Optimization Runtime : Time (s): cpu = 00:00:18 ; elapsed = 00:00:32 . Memory (MB): peak = 1498.191 ; gain = 574.148
Synthesis Optimization Complete : Time (s): cpu = 00:00:30 ; elapsed = 00:00:35 . Memory (MB): peak = 1498.191 ; gain = 604.121
INFO: [Project 1-571] Translating synthesized netlist
Netlist sorting complete. Time (s): cpu = 00:00:00 ; elapsed = 00:00:00.042 . Memory (MB): peak = 1498.191 ; gain = 0.000
INFO: [Netlist 29-17] Analyzing 4 Unisim elements for replacement
INFO: [Netlist 29-28] Unisim Transformation completed in 0 CPU seconds
INFO: [Project 1-570] Preparing netlist for logic optimization
INFO: [Opt 31-138] Pushed 0 inverter(s) to 0 load pin(s).
Netlist sorting complete. Time (s): cpu = 00:00:00 ; elapsed = 00:00:00 . Memory (MB): peak = 1505.180 ; gain = 0.000
INFO: [Project 1-111] Unisim Transformation Summary:
No Unisim elements were transformed.

Synth Design complete | Checksum: ee010ea2
INFO: [Common 17-83] Releasing license: Synthesis
24 Infos, 53 Warnings, 0 Critical Warnings and 0 Errors encountered.
synth_design completed successfully
synth_design: Time (s): cpu = 00:00:35 ; elapsed = 00:00:49 . Memory (MB): peak = 1505.180 ; gain = 1019.473
INFO: [Common 17-1381] The checkpoint 'C:/Users/gm/Vivado Projects/complete_det_new_comblock/complete_det_new_comblock.runs/cmpy_1_synth_1/cmpy_1.dcp' has been generated.
INFO: [Coretcl 2-1648] Added synthesis output to IP cache for IP cmpy_1, cache-ID = 69fed21efc31cf21
INFO: [Coretcl 2-1174] Renamed 7 cell refs.
INFO: [Common 17-1381] The checkpoint 'C:/Users/gm/Vivado Projects/complete_det_new_comblock/complete_det_new_comblock.runs/cmpy_1_synth_1/cmpy_1.dcp' has been generated.
INFO: [runtcl-4] Executing : report_utilization -file cmpy_1_utilization_synth.rpt -pb cmpy_1_utilization_synth.pb
INFO: [Common 17-206] Exiting Vivado at Wed Jul  1 21:37:00 2026...

*** Running vivado
    with args -log cmpy_1.vds -m64 -product Vivado -mode batch -messageDb vivado.pb -notrace -source cmpy_1.tcl


ECHO is off.
ECHO is off.

****** Vivado v2023.1 (64-bit)
  **** SW Build 3865809 on Sun May  7 15:05:29 MDT 2023
  **** IP Build 3864474 on Sun May  7 20:36:21 MDT 2023
  **** SharedData Build 3865790 on Sun May 07 13:33:03 MDT 2023
    ** Copyright 1986-2022 Xilinx, Inc. All Rights Reserved.
    ** Copyright 2022-2023 Advanced Micro Devices, Inc. All Rights Reserved.

source cmpy_1.tcl -notrace
create_project: Time (s): cpu = 00:00:08 ; elapsed = 00:00:09 . Memory (MB): peak = 447.762 ; gain = 162.711
INFO: [IP_Flow 19-234] Refreshing IP repositories
INFO: [IP_Flow 19-1700] Loaded user IP repository 'd:/Desktop PRE-FORMAT 25/CR_CYCLO/Verilog/ComBlock/core-comblock-master'.
INFO: [IP_Flow 19-2313] Loaded Vivado IP repository 'C:/Xilinx/Vivado/2023.1/data/ip'.
WARNING: [IP_Flow 19-4995] The host OS only allows 260 characters in a normal path. The IP cache path is more than 80 characters. If you experience issues with IP caching, please consider changing the IP cache to a location with a shorter path. Alternately consider using the OS subst command to map part of the path to a drive letter. 
Current IP cache path is c:/Users/gm/Vivado Projects/complete_det_new_comblock_psclock/complete_det_new_comblock_psclock.cache/ip 
INFO: [IP_Flow 19-6924] IPCACHE: Running cache check for IP inst: cmpy_1
Command: synth_design -top cmpy_1 -part xc7z020clg484-1 -incremental_mode off -mode out_of_context
Starting synth_design
Attempting to get a license for feature 'Synthesis' and/or device 'xc7z020'
INFO: [Common 17-349] Got license for feature 'Synthesis' and/or device 'xc7z020'
INFO: [Device 21-403] Loading part xc7z020clg484-1
INFO: [Synth 8-7079] Multithreading enabled for synth_design using a maximum of 2 processes.
INFO: [Synth 8-7078] Launching helper process for spawning children vivado processes
INFO: [Synth 8-7075] Helper process launched with PID 14664
---------------------------------------------------------------------------------
Starting RTL Elaboration : Time (s): cpu = 00:00:08 ; elapsed = 00:00:12 . Memory (MB): peak = 1305.695 ; gain = 411.711
---------------------------------------------------------------------------------
INFO: [Synth 8-638] synthesizing module 'cmpy_1' [c:/Users/gm/Vivado Projects/complete_det_new_comblock_psclock/complete_det_new_comblock_psclock.gen/sources_1/ip/cmpy_1/synth/cmpy_1.vhd:72]
	Parameter C_VERBOSITY bound to: 0 - type: integer 
	Parameter C_XDEVICEFAMILY bound to: zynq - type: string 
	Parameter C_XDEVICE bound to: xc7z020 - type: string 
	Parameter C_A_WIDTH bound to: 16 - type: integer 
	Parameter C_B_WIDTH bound to: 16 - type: integer 
	Parameter C_OUT_WIDTH bound to: 33 - type: integer 
	Parameter C_LATENCY bound to: 4 - type: integer 
	Parameter C_MULT_TYPE bound to: 1 - type: integer 
	Parameter C_OPTIMIZE_GOAL bound to: 1 - type: integer 
	Parameter HAS_NEGATE bound to: 0 - type: integer 
	Parameter SINGLE_OUTPUT bound to: 0 - type: integer 
	Parameter ROUND bound to: 0 - type: integer 
	Parameter USE_DSP_CASCADES bound to: 1 - type: integer 
	Parameter C_THROTTLE_SCHEME bound to: 3 - type: integer 
	Parameter C_HAS_ACLKEN bound to: 0 - type: integer 
	Parameter C_HAS_ARESETN bound to: 1 - type: integer 
	Parameter C_HAS_S_AXIS_A_TUSER bound to: 0 - type: integer 
	Parameter C_HAS_S_AXIS_A_TLAST bound to: 0 - type: integer 
	Parameter C_HAS_S_AXIS_B_TUSER bound to: 0 - type: integer 
	Parameter C_HAS_S_AXIS_B_TLAST bound to: 0 - type: integer 
	Parameter C_HAS_S_AXIS_CTRL_TUSER bound to: 0 - type: integer 
	Parameter C_HAS_S_AXIS_CTRL_TLAST bound to: 0 - type: integer 
	Parameter C_TLAST_RESOLUTION bound to: 0 - type: integer 
	Parameter C_S_AXIS_A_TDATA_WIDTH bound to: 32 - type: integer 
	Parameter C_S_AXIS_A_TUSER_WIDTH bound to: 1 - type: integer 
	Parameter C_S_AXIS_B_TDATA_WIDTH bound to: 32 - type: integer 
	Parameter C_S_AXIS_B_TUSER_WIDTH bound to: 1 - type: integer 
	Parameter C_S_AXIS_CTRL_TDATA_WIDTH bound to: 8 - type: integer 
	Parameter C_S_AXIS_CTRL_TUSER_WIDTH bound to: 1 - type: integer 
	Parameter C_M_AXIS_DOUT_TDATA_WIDTH bound to: 80 - type: integer 
	Parameter C_M_AXIS_DOUT_TUSER_WIDTH bound to: 1 - type: integer 
INFO: [Synth 8-3491] module 'cmpy_v6_0_21' declared at 'c:/Users/gm/Vivado Projects/complete_det_new_comblock_psclock/complete_det_new_comblock_psclock.gen/sources_1/ip/cmpy_1/hdl/cmpy_v6_0_vh_rfs.vhd:13916' bound to instance 'U0' of component 'cmpy_v6_0_21' [c:/Users/gm/Vivado Projects/complete_det_new_comblock_psclock/complete_det_new_comblock_psclock.gen/sources_1/ip/cmpy_1/synth/cmpy_1.vhd:158]
INFO: [Synth 8-256] done synthesizing module 'cmpy_1' (0#1) [c:/Users/gm/Vivado Projects/complete_det_new_comblock_psclock/complete_det_new_comblock_psclock.gen/sources_1/ip/cmpy_1/synth/cmpy_1.vhd:72]
WARNING: [Synth 8-7129] Port CLK in module cmpy_v6_0_21_delay_line__parameterized3 is either unconnected or has no load
WARNING: [Synth 8-7129] Port CE in module cmpy_v6_0_21_delay_line__parameterized3 is either unconnected or has no load
WARNING: [Synth 8-7129] Port SCLR in module cmpy_v6_0_21_delay_line__parameterized3 is either unconnected or has no load
WARNING: [Synth 8-7129] Port CLK in module cmpy_v6_0_21_delay_line__parameterized2 is either unconnected or has no load
WARNING: [Synth 8-7129] Port CE in module cmpy_v6_0_21_delay_line__parameterized2 is either unconnected or has no load
WARNING: [Synth 8-7129] Port SCLR in module cmpy_v6_0_21_delay_line__parameterized2 is either unconnected or has no load
WARNING: [Synth 8-7129] Port CLK in module cmpy_v6_0_21_delay_line__parameterized1 is either unconnected or has no load
WARNING: [Synth 8-7129] Port CE in module cmpy_v6_0_21_delay_line__parameterized1 is either unconnected or has no load
WARNING: [Synth 8-7129] Port SCLR in module cmpy_v6_0_21_delay_line__parameterized1 is either unconnected or has no load
WARNING: [Synth 8-7129] Port ROUND_CY in module cmpy_4_dsp48_mult is either unconnected or has no load
WARNING: [Synth 8-7129] Port NEGATE_R in module cmpy_4_dsp48_mult is either unconnected or has no load
WARNING: [Synth 8-7129] Port NEGATE_I in module cmpy_4_dsp48_mult is either unconnected or has no load
WARNING: [Synth 8-7129] Port SO_START in module cmpy_4_dsp48 is either unconnected or has no load
WARNING: [Synth 8-7129] Port CE in module cmpy_v6_0_21_synth is either unconnected or has no load
WARNING: [Synth 8-7129] Port ROUND_CY in module cmpy_v6_0_21_synth is either unconnected or has no load
WARNING: [Synth 8-7129] Port CE in module cmpy_v6_0_21_delay_line is either unconnected or has no load
WARNING: [Synth 8-7129] Port SCLR in module cmpy_v6_0_21_delay_line is either unconnected or has no load
WARNING: [Synth 8-7129] Port aclken in module cmpy_v6_0_21_viv is either unconnected or has no load
WARNING: [Synth 8-7129] Port s_axis_a_tuser[0] in module cmpy_v6_0_21_viv is either unconnected or has no load
WARNING: [Synth 8-7129] Port s_axis_a_tlast in module cmpy_v6_0_21_viv is either unconnected or has no load
WARNING: [Synth 8-7129] Port s_axis_b_tuser[0] in module cmpy_v6_0_21_viv is either unconnected or has no load
WARNING: [Synth 8-7129] Port s_axis_b_tlast in module cmpy_v6_0_21_viv is either unconnected or has no load
WARNING: [Synth 8-7129] Port s_axis_ctrl_tvalid in module cmpy_v6_0_21_viv is either unconnected or has no load
WARNING: [Synth 8-7129] Port s_axis_ctrl_tuser[0] in module cmpy_v6_0_21_viv is either unconnected or has no load
WARNING: [Synth 8-7129] Port s_axis_ctrl_tlast in module cmpy_v6_0_21_viv is either unconnected or has no load
WARNING: [Synth 8-7129] Port s_axis_ctrl_tdata[7] in module cmpy_v6_0_21_viv is either unconnected or has no load
WARNING: [Synth 8-7129] Port s_axis_ctrl_tdata[6] in module cmpy_v6_0_21_viv is either unconnected or has no load
WARNING: [Synth 8-7129] Port s_axis_ctrl_tdata[5] in module cmpy_v6_0_21_viv is either unconnected or has no load
WARNING: [Synth 8-7129] Port s_axis_ctrl_tdata[4] in module cmpy_v6_0_21_viv is either unconnected or has no load
WARNING: [Synth 8-7129] Port s_axis_ctrl_tdata[3] in module cmpy_v6_0_21_viv is either unconnected or has no load
WARNING: [Synth 8-7129] Port s_axis_ctrl_tdata[2] in module cmpy_v6_0_21_viv is either unconnected or has no load
WARNING: [Synth 8-7129] Port s_axis_ctrl_tdata[1] in module cmpy_v6_0_21_viv is either unconnected or has no load
WARNING: [Synth 8-7129] Port s_axis_ctrl_tdata[0] in module cmpy_v6_0_21_viv is either unconnected or has no load
WARNING: [Synth 8-7129] Port m_axis_dout_tready in module cmpy_v6_0_21_viv is either unconnected or has no load
---------------------------------------------------------------------------------
Finished RTL Elaboration : Time (s): cpu = 00:00:13 ; elapsed = 00:00:18 . Memory (MB): peak = 1469.926 ; gain = 575.941
---------------------------------------------------------------------------------
---------------------------------------------------------------------------------
Start Handling Custom Attributes
---------------------------------------------------------------------------------
---------------------------------------------------------------------------------
Finished Handling Custom Attributes : Time (s): cpu = 00:00:13 ; elapsed = 00:00:18 . Memory (MB): peak = 1469.926 ; gain = 575.941
---------------------------------------------------------------------------------
---------------------------------------------------------------------------------
Finished RTL Optimization Phase 1 : Time (s): cpu = 00:00:13 ; elapsed = 00:00:18 . Memory (MB): peak = 1469.926 ; gain = 575.941
---------------------------------------------------------------------------------
Netlist sorting complete. Time (s): cpu = 00:00:00 ; elapsed = 00:00:00.005 . Memory (MB): peak = 1469.926 ; gain = 0.000
INFO: [Netlist 29-17] Analyzing 4 Unisim elements for replacement
INFO: [Netlist 29-28] Unisim Transformation completed in 0 CPU seconds
INFO: [Project 1-570] Preparing netlist for logic optimization

Processing XDC Constraints
Initializing timing engine
Parsing XDC File [c:/Users/gm/Vivado Projects/complete_det_new_comblock_psclock/complete_det_new_comblock_psclock.gen/sources_1/ip/cmpy_1/cmpy_1_ooc.xdc] for cell 'U0'
Finished Parsing XDC File [c:/Users/gm/Vivado Projects/complete_det_new_comblock_psclock/complete_det_new_comblock_psclock.gen/sources_1/ip/cmpy_1/cmpy_1_ooc.xdc] for cell 'U0'
Parsing XDC File [C:/Users/gm/Vivado Projects/complete_det_new_comblock_psclock/complete_det_new_comblock_psclock.runs/cmpy_1_synth_1/dont_touch.xdc]
Finished Parsing XDC File [C:/Users/gm/Vivado Projects/complete_det_new_comblock_psclock/complete_det_new_comblock_psclock.runs/cmpy_1_synth_1/dont_touch.xdc]
Completed Processing XDC Constraints

Netlist sorting complete. Time (s): cpu = 00:00:00 ; elapsed = 00:00:00 . Memory (MB): peak = 1510.516 ; gain = 0.000
INFO: [Project 1-111] Unisim Transformation Summary:
No Unisim elements were transformed.

Constraint Validation Runtime : Time (s): cpu = 00:00:00 ; elapsed = 00:00:00.027 . Memory (MB): peak = 1510.590 ; gain = 0.074
INFO: [Designutils 20-5008] Incremental synthesis strategy off
---------------------------------------------------------------------------------
Finished Constraint Validation : Time (s): cpu = 00:00:21 ; elapsed = 00:00:27 . Memory (MB): peak = 1510.590 ; gain = 616.605
---------------------------------------------------------------------------------
---------------------------------------------------------------------------------
Start Loading Part and Timing Information
---------------------------------------------------------------------------------
Loading part: xc7z020clg484-1
---------------------------------------------------------------------------------
Finished Loading Part and Timing Information : Time (s): cpu = 00:00:21 ; elapsed = 00:00:27 . Memory (MB): peak = 1510.590 ; gain = 616.605
---------------------------------------------------------------------------------
---------------------------------------------------------------------------------
Start Applying 'set_property' XDC Constraints
---------------------------------------------------------------------------------
Applied set_property KEEP_HIERARCHY = SOFT for U0. (constraint file  {C:/Users/gm/Vivado Projects/complete_det_new_comblock_psclock/complete_det_new_comblock_psclock.runs/cmpy_1_synth_1/dont_touch.xdc}, line 9).
---------------------------------------------------------------------------------
Finished applying 'set_property' XDC Constraints : Time (s): cpu = 00:00:21 ; elapsed = 00:00:27 . Memory (MB): peak = 1510.590 ; gain = 616.605
---------------------------------------------------------------------------------
---------------------------------------------------------------------------------
Finished RTL Optimization Phase 2 : Time (s): cpu = 00:00:21 ; elapsed = 00:00:27 . Memory (MB): peak = 1510.590 ; gain = 616.605
---------------------------------------------------------------------------------
---------------------------------------------------------------------------------
Start RTL Component Statistics 
---------------------------------------------------------------------------------
---------------------------------------------------------------------------------
Finished RTL Component Statistics 
---------------------------------------------------------------------------------
---------------------------------------------------------------------------------
Start Part Resource Summary
---------------------------------------------------------------------------------
Part Resources:
DSPs: 220 (col length:60)
BRAMs: 280 (col length: RAMB18 60 RAMB36 30)
---------------------------------------------------------------------------------
Finished Part Resource Summary
---------------------------------------------------------------------------------
---------------------------------------------------------------------------------
Start Cross Boundary and Area Optimization
---------------------------------------------------------------------------------
WARNING: [Synth 8-7080] Parallel synthesis criteria is not met
WARNING: [Synth 8-7129] Port aclken in module cmpy_v6_0_21_viv is either unconnected or has no load
WARNING: [Synth 8-7129] Port s_axis_a_tuser[0] in module cmpy_v6_0_21_viv is either unconnected or has no load
WARNING: [Synth 8-7129] Port s_axis_a_tlast in module cmpy_v6_0_21_viv is either unconnected or has no load
WARNING: [Synth 8-7129] Port s_axis_b_tuser[0] in module cmpy_v6_0_21_viv is either unconnected or has no load
WARNING: [Synth 8-7129] Port s_axis_b_tlast in module cmpy_v6_0_21_viv is either unconnected or has no load
WARNING: [Synth 8-7129] Port s_axis_ctrl_tvalid in module cmpy_v6_0_21_viv is either unconnected or has no load
WARNING: [Synth 8-7129] Port s_axis_ctrl_tuser[0] in module cmpy_v6_0_21_viv is either unconnected or has no load
WARNING: [Synth 8-7129] Port s_axis_ctrl_tlast in module cmpy_v6_0_21_viv is either unconnected or has no load
WARNING: [Synth 8-7129] Port s_axis_ctrl_tdata[7] in module cmpy_v6_0_21_viv is either unconnected or has no load
WARNING: [Synth 8-7129] Port s_axis_ctrl_tdata[6] in module cmpy_v6_0_21_viv is either unconnected or has no load
WARNING: [Synth 8-7129] Port s_axis_ctrl_tdata[5] in module cmpy_v6_0_21_viv is either unconnected or has no load
WARNING: [Synth 8-7129] Port s_axis_ctrl_tdata[4] in module cmpy_v6_0_21_viv is either unconnected or has no load
WARNING: [Synth 8-7129] Port s_axis_ctrl_tdata[3] in module cmpy_v6_0_21_viv is either unconnected or has no load
WARNING: [Synth 8-7129] Port s_axis_ctrl_tdata[2] in module cmpy_v6_0_21_viv is either unconnected or has no load
WARNING: [Synth 8-7129] Port s_axis_ctrl_tdata[1] in module cmpy_v6_0_21_viv is either unconnected or has no load
WARNING: [Synth 8-7129] Port s_axis_ctrl_tdata[0] in module cmpy_v6_0_21_viv is either unconnected or has no load
WARNING: [Synth 8-7129] Port m_axis_dout_tready in module cmpy_v6_0_21_viv is either unconnected or has no load
---------------------------------------------------------------------------------
Finished Cross Boundary and Area Optimization : Time (s): cpu = 00:00:23 ; elapsed = 00:00:29 . Memory (MB): peak = 1510.590 ; gain = 616.605
---------------------------------------------------------------------------------
---------------------------------------------------------------------------------
Start Applying XDC Timing Constraints
---------------------------------------------------------------------------------
---------------------------------------------------------------------------------
Finished Applying XDC Timing Constraints : Time (s): cpu = 00:00:32 ; elapsed = 00:00:40 . Memory (MB): peak = 1510.590 ; gain = 616.605
---------------------------------------------------------------------------------
---------------------------------------------------------------------------------
Start Timing Optimization
---------------------------------------------------------------------------------
---------------------------------------------------------------------------------
Finished Timing Optimization : Time (s): cpu = 00:00:32 ; elapsed = 00:00:40 . Memory (MB): peak = 1510.590 ; gain = 616.605
---------------------------------------------------------------------------------
---------------------------------------------------------------------------------
Start Technology Mapping
---------------------------------------------------------------------------------
---------------------------------------------------------------------------------
Finished Technology Mapping : Time (s): cpu = 00:00:32 ; elapsed = 00:00:40 . Memory (MB): peak = 1510.590 ; gain = 616.605
---------------------------------------------------------------------------------
---------------------------------------------------------------------------------
Start IO Insertion
---------------------------------------------------------------------------------
---------------------------------------------------------------------------------
Start Flattening Before IO Insertion
---------------------------------------------------------------------------------
---------------------------------------------------------------------------------
Finished Flattening Before IO Insertion
---------------------------------------------------------------------------------
---------------------------------------------------------------------------------
Start Final Netlist Cleanup
---------------------------------------------------------------------------------
---------------------------------------------------------------------------------
Finished Final Netlist Cleanup
---------------------------------------------------------------------------------
---------------------------------------------------------------------------------
Finished IO Insertion : Time (s): cpu = 00:00:36 ; elapsed = 00:00:44 . Memory (MB): peak = 1510.590 ; gain = 616.605
---------------------------------------------------------------------------------
---------------------------------------------------------------------------------
Start Renaming Generated Instances
---------------------------------------------------------------------------------
---------------------------------------------------------------------------------
Finished Renaming Generated Instances : Time (s): cpu = 00:00:36 ; elapsed = 00:00:44 . Memory (MB): peak = 1510.590 ; gain = 616.605
---------------------------------------------------------------------------------
---------------------------------------------------------------------------------
Start Rebuilding User Hierarchy
---------------------------------------------------------------------------------
---------------------------------------------------------------------------------
Finished Rebuilding User Hierarchy : Time (s): cpu = 00:00:36 ; elapsed = 00:00:44 . Memory (MB): peak = 1510.590 ; gain = 616.605
---------------------------------------------------------------------------------
---------------------------------------------------------------------------------
Start Renaming Generated Ports
---------------------------------------------------------------------------------
---------------------------------------------------------------------------------
Finished Renaming Generated Ports : Time (s): cpu = 00:00:36 ; elapsed = 00:00:44 . Memory (MB): peak = 1510.590 ; gain = 616.605
---------------------------------------------------------------------------------
---------------------------------------------------------------------------------
Start Handling Custom Attributes
---------------------------------------------------------------------------------
---------------------------------------------------------------------------------
Finished Handling Custom Attributes : Time (s): cpu = 00:00:36 ; elapsed = 00:00:44 . Memory (MB): peak = 1510.590 ; gain = 616.605
---------------------------------------------------------------------------------
---------------------------------------------------------------------------------
Start Renaming Generated Nets
---------------------------------------------------------------------------------
---------------------------------------------------------------------------------
Finished Renaming Generated Nets : Time (s): cpu = 00:00:36 ; elapsed = 00:00:45 . Memory (MB): peak = 1510.590 ; gain = 616.605
---------------------------------------------------------------------------------
---------------------------------------------------------------------------------
Start Writing Synthesis Report
---------------------------------------------------------------------------------

DSP Final Report (the ' indicates corresponding REG is set)
+------------------+----------------------+--------+--------+--------+--------+--------+------+------+------+------+-------+------+------+
|Module Name       | DSP Mapping          | A Size | B Size | C Size | D Size | P Size | AREG | BREG | CREG | DREG | ADREG | MREG | PREG | 
+------------------+----------------------+--------+--------+--------+--------+--------+------+------+------+------+-------+------+------+
|cmpy_4_dsp48_mult | ((A'*B')')'          | 25     | 18     | -      | -      | 0      | 1    | 1    | -    | -    | -     | 1    | 1    | 
|cmpy_4_dsp48_mult | (PCIN-((A''*B'')'))' | 25     | 18     | -      | -      | 44     | 2    | 2    | -    | -    | -     | 1    | 1    | 
|cmpy_4_dsp48_mult | ((A'*B')')'          | 25     | 18     | -      | -      | 0      | 1    | 1    | -    | -    | -     | 1    | 1    | 
|cmpy_4_dsp48_mult | (PCIN+(A''*B'')')'   | 25     | 18     | -      | -      | 44     | 2    | 2    | -    | -    | -     | 1    | 1    | 
+------------------+----------------------+--------+--------+--------+--------+--------+------+------+------+------+-------+------+------+


Report BlackBoxes: 
+-+--------------+----------+
| |BlackBox name |Instances |
+-+--------------+----------+
+-+--------------+----------+

Report Cell Usage: 
+------+--------+------+
|      |Cell    |Count |
+------+--------+------+
|1     |DSP48E1 |     4|
|3     |LUT1    |     1|
|4     |LUT2    |     1|
|5     |FDRE    |     5|
+------+--------+------+
---------------------------------------------------------------------------------
Finished Writing Synthesis Report : Time (s): cpu = 00:00:36 ; elapsed = 00:00:45 . Memory (MB): peak = 1510.590 ; gain = 616.605
---------------------------------------------------------------------------------
Synthesis finished with 0 errors, 0 critical warnings and 18 warnings.
Synthesis Optimization Runtime : Time (s): cpu = 00:00:21 ; elapsed = 00:00:42 . Memory (MB): peak = 1510.590 ; gain = 575.941
Synthesis Optimization Complete : Time (s): cpu = 00:00:36 ; elapsed = 00:00:45 . Memory (MB): peak = 1510.590 ; gain = 616.605
INFO: [Project 1-571] Translating synthesized netlist
Netlist sorting complete. Time (s): cpu = 00:00:00 ; elapsed = 00:00:00.004 . Memory (MB): peak = 1510.590 ; gain = 0.000
INFO: [Netlist 29-17] Analyzing 4 Unisim elements for replacement
INFO: [Netlist 29-28] Unisim Transformation completed in 0 CPU seconds
INFO: [Project 1-570] Preparing netlist for logic optimization
INFO: [Opt 31-138] Pushed 0 inverter(s) to 0 load pin(s).
Netlist sorting complete. Time (s): cpu = 00:00:00 ; elapsed = 00:00:00 . Memory (MB): peak = 1510.590 ; gain = 0.000
INFO: [Project 1-111] Unisim Transformation Summary:
No Unisim elements were transformed.

Synth Design complete | Checksum: ee010ea2
INFO: [Common 17-83] Releasing license: Synthesis
24 Infos, 53 Warnings, 0 Critical Warnings and 0 Errors encountered.
synth_design completed successfully
synth_design: Time (s): cpu = 00:00:42 ; elapsed = 00:00:53 . Memory (MB): peak = 1510.590 ; gain = 1024.730
INFO: [Common 17-1381] The checkpoint 'C:/Users/gm/Vivado Projects/complete_det_new_comblock_psclock/complete_det_new_comblock_psclock.runs/cmpy_1_synth_1/cmpy_1.dcp' has been generated.
INFO: [Coretcl 2-1648] Added synthesis output to IP cache for IP cmpy_1, cache-ID = 69fed21efc31cf21
INFO: [Coretcl 2-1174] Renamed 7 cell refs.
INFO: [Common 17-1381] The checkpoint 'C:/Users/gm/Vivado Projects/complete_det_new_comblock_psclock/complete_det_new_comblock_psclock.runs/cmpy_1_synth_1/cmpy_1.dcp' has been generated.
INFO: [runtcl-4] Executing : report_utilization -file cmpy_1_utilization_synth.rpt -pb cmpy_1_utilization_synth.pb
INFO: [Common 17-206] Exiting Vivado at Mon Jul  6 15:21:45 2026...
