Copyright 1986-2022 Xilinx, Inc. All Rights Reserved. Copyright 2022-2023 Advanced Micro Devices, Inc. All Rights Reserved.
------------------------------------------------------------------------------------------------------------------------------------------------------------------------------------------------------
| Tool Version : Vivado v.2023.1 (win64) Build 3865809 Sun May  7 15:05:29 MDT 2023
| Date         : Wed Sep  9 11:37:58 2026
| Host         : Geronimo running 64-bit major release  (build 9200)
| Command      : report_timing_summary -max_paths 10 -report_unconstrained -file top_timing_summary_routed.rpt -pb top_timing_summary_routed.pb -rpx top_timing_summary_routed.rpx -warn_on_violation
| Design       : top
| Device       : 7z020-clg484
| Speed File   : -1  PRODUCTION 1.12 2019-11-22
| Design State : Routed
------------------------------------------------------------------------------------------------------------------------------------------------------------------------------------------------------

Timing Summary Report

------------------------------------------------------------------------------------------------
| Timer Settings
| --------------
------------------------------------------------------------------------------------------------

  Enable Multi Corner Analysis               :  Yes
  Enable Pessimism Removal                   :  Yes
  Pessimism Removal Resolution               :  Nearest Common Node
  Enable Input Delay Default Clock           :  No
  Enable Preset / Clear Arcs                 :  No
  Disable Flight Delays                      :  No
  Ignore I/O Paths                           :  No
  Timing Early Launch at Borrowing Latches   :  No
  Borrow Time for Max Delay Exceptions       :  Yes
  Merge Timing Exceptions                    :  Yes

  Corner  Analyze    Analyze    
  Name    Max Paths  Min Paths  
  ------  ---------  ---------  
  Slow    Yes        Yes        
  Fast    Yes        Yes        


------------------------------------------------------------------------------------------------
| Report Methodology
| ------------------
------------------------------------------------------------------------------------------------

Rule       Severity  Description                   Violations  
---------  --------  ----------------------------  ----------  
LUTAR-1    Warning   LUT drives async reset alert  1           
SYNTH-10   Warning   Wide multiplier               24          
TIMING-23  Warning   Combinational loop found      1           

Note: This report is based on the most recent report_methodology run and may not be up-to-date. Run report_methodology on the current design for the latest report.



check_timing report

Table of Contents
-----------------
1. checking no_clock (0)
2. checking constant_clock (0)
3. checking pulse_width_clock (0)
4. checking unconstrained_internal_endpoints (0)
5. checking no_input_delay (0)
6. checking no_output_delay (0)
7. checking multiple_clock (0)
8. checking generated_clocks (0)
9. checking loops (16)
10. checking partial_input_delay (0)
11. checking partial_output_delay (0)
12. checking latch_loops (0)

1. checking no_clock (0)
------------------------
 There are 0 register/latch pins with no clock.


2. checking constant_clock (0)
------------------------------
 There are 0 register/latch pins with constant_clock.


3. checking pulse_width_clock (0)
---------------------------------
 There are 0 register/latch pins which need pulse_width check


4. checking unconstrained_internal_endpoints (0)
------------------------------------------------
 There are 0 pins that are not constrained for maximum delay.

 There are 0 pins that are not constrained for maximum delay due to constant clock.


5. checking no_input_delay (0)
------------------------------
 There are 0 input ports with no input delay specified.

 There are 0 input ports with no input delay but user has a false path constraint.


6. checking no_output_delay (0)
-------------------------------
 There are 0 ports with no output delay specified.

 There are 0 ports with no output delay but user has a false path constraint

 There are 0 ports with no output delay but with a timing clock defined on it or propagating through it


7. checking multiple_clock (0)
------------------------------
 There are 0 register/latch pins with multiple clocks.


8. checking generated_clocks (0)
--------------------------------
 There are 0 generated clocks that are not connected to a clock source.


9. checking loops (16)
----------------------
 There are 16 combinational loops in the design. (HIGH)


10. checking partial_input_delay (0)
------------------------------------
 There are 0 input ports with partial input delay specified.


11. checking partial_output_delay (0)
-------------------------------------
 There are 0 ports with partial output delay specified.


12. checking latch_loops (0)
----------------------------
 There are 0 combinational latch loops in the design through latch input



------------------------------------------------------------------------------------------------
| Design Timing Summary
| ---------------------
------------------------------------------------------------------------------------------------

    WNS(ns)      TNS(ns)  TNS Failing Endpoints  TNS Total Endpoints      WHS(ns)      THS(ns)  THS Failing Endpoints  THS Total Endpoints     WPWS(ns)     TPWS(ns)  TPWS Failing Endpoints  TPWS Total Endpoints  
    -------      -------  ---------------------  -------------------      -------      -------  ---------------------  -------------------     --------     --------  ----------------------  --------------------  
      2.417        0.000                      0                89530        0.024        0.000                      0                89530       11.520        0.000                       0                 31527  


All user specified timing constraints are met.


------------------------------------------------------------------------------------------------
| Clock Summary
| -------------
------------------------------------------------------------------------------------------------

Clock       Waveform(ns)       Period(ns)      Frequency(MHz)
-----       ------------       ----------      --------------
clk_fpga_0  {0.000 12.500}     25.000          40.000          


------------------------------------------------------------------------------------------------
| Intra Clock Table
| -----------------
------------------------------------------------------------------------------------------------

Clock             WNS(ns)      TNS(ns)  TNS Failing Endpoints  TNS Total Endpoints      WHS(ns)      THS(ns)  THS Failing Endpoints  THS Total Endpoints     WPWS(ns)     TPWS(ns)  TPWS Failing Endpoints  TPWS Total Endpoints  
-----             -------      -------  ---------------------  -------------------      -------      -------  ---------------------  -------------------     --------     --------  ----------------------  --------------------  
clk_fpga_0          2.417        0.000                      0                89467        0.024        0.000                      0                89467       11.520        0.000                       0                 31527  


------------------------------------------------------------------------------------------------
| Inter Clock Table
| -----------------
------------------------------------------------------------------------------------------------

From Clock    To Clock          WNS(ns)      TNS(ns)  TNS Failing Endpoints  TNS Total Endpoints      WHS(ns)      THS(ns)  THS Failing Endpoints  THS Total Endpoints  
----------    --------          -------      -------  ---------------------  -------------------      -------      -------  ---------------------  -------------------  


------------------------------------------------------------------------------------------------
| Other Path Groups Table
| -----------------------
------------------------------------------------------------------------------------------------

Path Group         From Clock         To Clock               WNS(ns)      TNS(ns)  TNS Failing Endpoints  TNS Total Endpoints      WHS(ns)      THS(ns)  THS Failing Endpoints  THS Total Endpoints  
----------         ----------         --------               -------      -------  ---------------------  -------------------      -------      -------  ---------------------  -------------------  
**async_default**  clk_fpga_0         clk_fpga_0              18.765        0.000                      0                   63        0.733        0.000                      0                   63  


------------------------------------------------------------------------------------------------
| User Ignored Path Table
| -----------------------
------------------------------------------------------------------------------------------------

Path Group    From Clock    To Clock    
----------    ----------    --------    
(none)                      clk_fpga_0    


------------------------------------------------------------------------------------------------
| Unconstrained Path Table
| ------------------------
------------------------------------------------------------------------------------------------

Path Group    From Clock    To Clock    
----------    ----------    --------    
(none)                      clk_fpga_0    


------------------------------------------------------------------------------------------------
| Timing Details
| --------------
------------------------------------------------------------------------------------------------


---------------------------------------------------------------------------------------------------
From Clock:  clk_fpga_0
  To Clock:  clk_fpga_0

Setup :            0  Failing Endpoints,  Worst Slack        2.417ns,  Total Violation        0.000ns
Hold  :            0  Failing Endpoints,  Worst Slack        0.024ns,  Total Violation        0.000ns
PW    :            0  Failing Endpoints,  Worst Slack       11.520ns,  Total Violation        0.000ns
---------------------------------------------------------------------------------------------------


Max Delay Paths
--------------------------------------------------------------------------------------
Slack (MET) :             2.417ns  (required time - arrival time)
  Source:                 pm_top_mux_inst/scd_estimator_inst/pm_second_stage_wrap_inst/p_point_fft/U0/i_synth/axi_wrapper/gen_ce_non_real_time.ce_predicted_reg/C
                            (rising edge-triggered cell FDRE clocked by clk_fpga_0  {rise@0.000ns fall@12.500ns period=25.000ns})
  Destination:            pm_top_mux_inst/scd_estimator_inst/pm_second_stage_wrap_inst/p_point_fft/U0/i_synth/xfft_inst/non_floating_point.arch_d.xfft_inst/pe_gen[0].natural_order_input.PE/has_TW_mult.MULT/i_cmpy/four_mult_structure.use_dsp.i_dsp/re_im/use_DSP48.qDSP[1].appDSP[0].bppDSP[0].u_l[1].use_dsp48e1.dsp/CEP
                            (rising edge-triggered cell DSP48E1 clocked by clk_fpga_0  {rise@0.000ns fall@12.500ns period=25.000ns})
  Path Group:             clk_fpga_0
  Path Type:              Setup (Max at Slow Process Corner)
  Requirement:            25.000ns  (clk_fpga_0 rise@25.000ns - clk_fpga_0 rise@0.000ns)
  Data Path Delay:        21.767ns  (logic 0.456ns (2.095%)  route 21.311ns (97.905%))
  Logic Levels:           0  
  Clock Path Skew:        0.085ns (DCD - SCD + CPR)
    Destination Clock Delay (DCD):    2.859ns = ( 27.859 - 25.000 ) 
    Source Clock Delay      (SCD):    3.004ns
    Clock Pessimism Removal (CPR):    0.229ns
  Clock Uncertainty:      0.377ns  ((TSJ^2 + TIJ^2)^1/2 + DJ) / 2 + PE
    Total System Jitter     (TSJ):    0.071ns
    Total Input Jitter      (TIJ):    0.750ns
    Discrete Jitter          (DJ):    0.000ns
    Phase Error              (PE):    0.000ns

    Location             Delay type                Incr(ns)  Path(ns)    Netlist Resource(s)
  -------------------------------------------------------------------    -------------------
                         (clock clk_fpga_0 rise edge)
                                                      0.000     0.000 r  
    PS7_X0Y0             PS7                          0.000     0.000 r  comblock_setup_wrapper_inst/comblock_setup_i/processing_system7_0/inst/PS7_i/FCLKCLK[0]
                         net (fo=1, routed)           1.193     1.193    comblock_setup_wrapper_inst/comblock_setup_i/processing_system7_0/inst/FCLK_CLK_unbuffered[0]
    BUFGCTRL_X0Y16       BUFG (Prop_bufg_I_O)         0.101     1.294 r  comblock_setup_wrapper_inst/comblock_setup_i/processing_system7_0/inst/buffer_fclk_clk_0.FCLK_CLK_0_BUFG/O
                         net (fo=31598, routed)       1.710     3.004    pm_top_mux_inst/scd_estimator_inst/pm_second_stage_wrap_inst/p_point_fft/U0/i_synth/axi_wrapper/aclk
    SLICE_X59Y90         FDRE                                         r  pm_top_mux_inst/scd_estimator_inst/pm_second_stage_wrap_inst/p_point_fft/U0/i_synth/axi_wrapper/gen_ce_non_real_time.ce_predicted_reg/C
  -------------------------------------------------------------------    -------------------
    SLICE_X59Y90         FDRE (Prop_fdre_C_Q)         0.456     3.460 r  pm_top_mux_inst/scd_estimator_inst/pm_second_stage_wrap_inst/p_point_fft/U0/i_synth/axi_wrapper/gen_ce_non_real_time.ce_predicted_reg/Q
                         net (fo=7550, routed)       21.311    24.771    pm_top_mux_inst/scd_estimator_inst/pm_second_stage_wrap_inst/p_point_fft/U0/i_synth/xfft_inst/non_floating_point.arch_d.xfft_inst/pe_gen[0].natural_order_input.PE/has_TW_mult.MULT/i_cmpy/four_mult_structure.use_dsp.i_dsp/re_im/ce_w2c
    DSP48_X3Y29          DSP48E1                                      r  pm_top_mux_inst/scd_estimator_inst/pm_second_stage_wrap_inst/p_point_fft/U0/i_synth/xfft_inst/non_floating_point.arch_d.xfft_inst/pe_gen[0].natural_order_input.PE/has_TW_mult.MULT/i_cmpy/four_mult_structure.use_dsp.i_dsp/re_im/use_DSP48.qDSP[1].appDSP[0].bppDSP[0].u_l[1].use_dsp48e1.dsp/CEP
  -------------------------------------------------------------------    -------------------

                         (clock clk_fpga_0 rise edge)
                                                     25.000    25.000 r  
    PS7_X0Y0             PS7                          0.000    25.000 r  comblock_setup_wrapper_inst/comblock_setup_i/processing_system7_0/inst/PS7_i/FCLKCLK[0]
                         net (fo=1, routed)           1.088    26.088    comblock_setup_wrapper_inst/comblock_setup_i/processing_system7_0/inst/FCLK_CLK_unbuffered[0]
    BUFGCTRL_X0Y16       BUFG (Prop_bufg_I_O)         0.091    26.179 r  comblock_setup_wrapper_inst/comblock_setup_i/processing_system7_0/inst/buffer_fclk_clk_0.FCLK_CLK_0_BUFG/O
                         net (fo=31598, routed)       1.680    27.859    pm_top_mux_inst/scd_estimator_inst/pm_second_stage_wrap_inst/p_point_fft/U0/i_synth/xfft_inst/non_floating_point.arch_d.xfft_inst/pe_gen[0].natural_order_input.PE/has_TW_mult.MULT/i_cmpy/four_mult_structure.use_dsp.i_dsp/re_im/aclk
    DSP48_X3Y29          DSP48E1                                      r  pm_top_mux_inst/scd_estimator_inst/pm_second_stage_wrap_inst/p_point_fft/U0/i_synth/xfft_inst/non_floating_point.arch_d.xfft_inst/pe_gen[0].natural_order_input.PE/has_TW_mult.MULT/i_cmpy/four_mult_structure.use_dsp.i_dsp/re_im/use_DSP48.qDSP[1].appDSP[0].bppDSP[0].u_l[1].use_dsp48e1.dsp/CLK
                         clock pessimism              0.229    28.089    
                         clock uncertainty           -0.377    27.712    
    DSP48_X3Y29          DSP48E1 (Setup_dsp48e1_CLK_CEP)
                                                     -0.524    27.188    pm_top_mux_inst/scd_estimator_inst/pm_second_stage_wrap_inst/p_point_fft/U0/i_synth/xfft_inst/non_floating_point.arch_d.xfft_inst/pe_gen[0].natural_order_input.PE/has_TW_mult.MULT/i_cmpy/four_mult_structure.use_dsp.i_dsp/re_im/use_DSP48.qDSP[1].appDSP[0].bppDSP[0].u_l[1].use_dsp48e1.dsp
  -------------------------------------------------------------------
                         required time                         27.188    
                         arrival time                         -24.771    
  -------------------------------------------------------------------
                         slack                                  2.417    

Slack (MET) :             2.420ns  (required time - arrival time)
  Source:                 pm_top_mux_inst/scd_estimator_inst/pm_second_stage_wrap_inst/p_point_fft/U0/i_synth/axi_wrapper/gen_ce_non_real_time.ce_predicted_reg/C
                            (rising edge-triggered cell FDRE clocked by clk_fpga_0  {rise@0.000ns fall@12.500ns period=25.000ns})
  Destination:            pm_top_mux_inst/scd_estimator_inst/pm_second_stage_wrap_inst/p_point_fft/U0/i_synth/xfft_inst/non_floating_point.arch_d.xfft_inst/pe_gen[0].natural_order_input.PE/has_TW_mult.MULT/i_cmpy/four_mult_structure.use_dsp.i_dsp/re_im/use_DSP48.qDSP[1].appDSP[0].bppDSP[0].u_l[0].use_dsp48e1.dsp/CEP
                            (rising edge-triggered cell DSP48E1 clocked by clk_fpga_0  {rise@0.000ns fall@12.500ns period=25.000ns})
  Path Group:             clk_fpga_0
  Path Type:              Setup (Max at Slow Process Corner)
  Requirement:            25.000ns  (clk_fpga_0 rise@25.000ns - clk_fpga_0 rise@0.000ns)
  Data Path Delay:        21.767ns  (logic 0.456ns (2.095%)  route 21.311ns (97.905%))
  Logic Levels:           0  
  Clock Path Skew:        0.088ns (DCD - SCD + CPR)
    Destination Clock Delay (DCD):    2.862ns = ( 27.862 - 25.000 ) 
    Source Clock Delay      (SCD):    3.004ns
    Clock Pessimism Removal (CPR):    0.229ns
  Clock Uncertainty:      0.377ns  ((TSJ^2 + TIJ^2)^1/2 + DJ) / 2 + PE
    Total System Jitter     (TSJ):    0.071ns
    Total Input Jitter      (TIJ):    0.750ns
    Discrete Jitter          (DJ):    0.000ns
    Phase Error              (PE):    0.000ns

    Location             Delay type                Incr(ns)  Path(ns)    Netlist Resource(s)
  -------------------------------------------------------------------    -------------------
                         (clock clk_fpga_0 rise edge)
                                                      0.000     0.000 r  
    PS7_X0Y0             PS7                          0.000     0.000 r  comblock_setup_wrapper_inst/comblock_setup_i/processing_system7_0/inst/PS7_i/FCLKCLK[0]
                         net (fo=1, routed)           1.193     1.193    comblock_setup_wrapper_inst/comblock_setup_i/processing_system7_0/inst/FCLK_CLK_unbuffered[0]
    BUFGCTRL_X0Y16       BUFG (Prop_bufg_I_O)         0.101     1.294 r  comblock_setup_wrapper_inst/comblock_setup_i/processing_system7_0/inst/buffer_fclk_clk_0.FCLK_CLK_0_BUFG/O
                         net (fo=31598, routed)       1.710     3.004    pm_top_mux_inst/scd_estimator_inst/pm_second_stage_wrap_inst/p_point_fft/U0/i_synth/axi_wrapper/aclk
    SLICE_X59Y90         FDRE                                         r  pm_top_mux_inst/scd_estimator_inst/pm_second_stage_wrap_inst/p_point_fft/U0/i_synth/axi_wrapper/gen_ce_non_real_time.ce_predicted_reg/C
  -------------------------------------------------------------------    -------------------
    SLICE_X59Y90         FDRE (Prop_fdre_C_Q)         0.456     3.460 r  pm_top_mux_inst/scd_estimator_inst/pm_second_stage_wrap_inst/p_point_fft/U0/i_synth/axi_wrapper/gen_ce_non_real_time.ce_predicted_reg/Q
                         net (fo=7550, routed)       21.311    24.771    pm_top_mux_inst/scd_estimator_inst/pm_second_stage_wrap_inst/p_point_fft/U0/i_synth/xfft_inst/non_floating_point.arch_d.xfft_inst/pe_gen[0].natural_order_input.PE/has_TW_mult.MULT/i_cmpy/four_mult_structure.use_dsp.i_dsp/re_im/ce_w2c
    DSP48_X3Y28          DSP48E1                                      r  pm_top_mux_inst/scd_estimator_inst/pm_second_stage_wrap_inst/p_point_fft/U0/i_synth/xfft_inst/non_floating_point.arch_d.xfft_inst/pe_gen[0].natural_order_input.PE/has_TW_mult.MULT/i_cmpy/four_mult_structure.use_dsp.i_dsp/re_im/use_DSP48.qDSP[1].appDSP[0].bppDSP[0].u_l[0].use_dsp48e1.dsp/CEP
  -------------------------------------------------------------------    -------------------

                         (clock clk_fpga_0 rise edge)
                                                     25.000    25.000 r  
    PS7_X0Y0             PS7                          0.000    25.000 r  comblock_setup_wrapper_inst/comblock_setup_i/processing_system7_0/inst/PS7_i/FCLKCLK[0]
                         net (fo=1, routed)           1.088    26.088    comblock_setup_wrapper_inst/comblock_setup_i/processing_system7_0/inst/FCLK_CLK_unbuffered[0]
    BUFGCTRL_X0Y16       BUFG (Prop_bufg_I_O)         0.091    26.179 r  comblock_setup_wrapper_inst/comblock_setup_i/processing_system7_0/inst/buffer_fclk_clk_0.FCLK_CLK_0_BUFG/O
                         net (fo=31598, routed)       1.683    27.862    pm_top_mux_inst/scd_estimator_inst/pm_second_stage_wrap_inst/p_point_fft/U0/i_synth/xfft_inst/non_floating_point.arch_d.xfft_inst/pe_gen[0].natural_order_input.PE/has_TW_mult.MULT/i_cmpy/four_mult_structure.use_dsp.i_dsp/re_im/aclk
    DSP48_X3Y28          DSP48E1                                      r  pm_top_mux_inst/scd_estimator_inst/pm_second_stage_wrap_inst/p_point_fft/U0/i_synth/xfft_inst/non_floating_point.arch_d.xfft_inst/pe_gen[0].natural_order_input.PE/has_TW_mult.MULT/i_cmpy/four_mult_structure.use_dsp.i_dsp/re_im/use_DSP48.qDSP[1].appDSP[0].bppDSP[0].u_l[0].use_dsp48e1.dsp/CLK
                         clock pessimism              0.229    28.092    
                         clock uncertainty           -0.377    27.715    
    DSP48_X3Y28          DSP48E1 (Setup_dsp48e1_CLK_CEP)
                                                     -0.524    27.191    pm_top_mux_inst/scd_estimator_inst/pm_second_stage_wrap_inst/p_point_fft/U0/i_synth/xfft_inst/non_floating_point.arch_d.xfft_inst/pe_gen[0].natural_order_input.PE/has_TW_mult.MULT/i_cmpy/four_mult_structure.use_dsp.i_dsp/re_im/use_DSP48.qDSP[1].appDSP[0].bppDSP[0].u_l[0].use_dsp48e1.dsp
  -------------------------------------------------------------------
                         required time                         27.191    
                         arrival time                         -24.771    
  -------------------------------------------------------------------
                         slack                                  2.420    

Slack (MET) :             2.461ns  (required time - arrival time)
  Source:                 pm_top_mux_inst/scd_estimator_inst/pm_second_stage_wrap_inst/p_point_fft/U0/i_synth/axi_wrapper/gen_ce_non_real_time.ce_predicted_reg/C
                            (rising edge-triggered cell FDRE clocked by clk_fpga_0  {rise@0.000ns fall@12.500ns period=25.000ns})
  Destination:            pm_top_mux_inst/scd_estimator_inst/pm_second_stage_wrap_inst/p_point_fft/U0/i_synth/xfft_inst/non_floating_point.arch_d.xfft_inst/pe_gen[2].natural_order_input.PE/has_TW_mult.MULT/i_cmpy/four_mult_structure.use_dsp.i_dsp/re_im/use_DSP48.iAdelx[1].iAdely[0].u_l[1].need_dsp_delay.Aidelay0/d1.dout_i_reg[13]/CE
                            (rising edge-triggered cell FDRE clocked by clk_fpga_0  {rise@0.000ns fall@12.500ns period=25.000ns})
  Path Group:             clk_fpga_0
  Path Type:              Setup (Max at Slow Process Corner)
  Requirement:            25.000ns  (clk_fpga_0 rise@25.000ns - clk_fpga_0 rise@0.000ns)
  Data Path Delay:        22.042ns  (logic 0.456ns (2.069%)  route 21.586ns (97.931%))
  Logic Levels:           0  
  Clock Path Skew:        0.084ns (DCD - SCD + CPR)
    Destination Clock Delay (DCD):    2.959ns = ( 27.959 - 25.000 ) 
    Source Clock Delay      (SCD):    3.004ns
    Clock Pessimism Removal (CPR):    0.129ns
  Clock Uncertainty:      0.377ns  ((TSJ^2 + TIJ^2)^1/2 + DJ) / 2 + PE
    Total System Jitter     (TSJ):    0.071ns
    Total Input Jitter      (TIJ):    0.750ns
    Discrete Jitter          (DJ):    0.000ns
    Phase Error              (PE):    0.000ns

    Location             Delay type                Incr(ns)  Path(ns)    Netlist Resource(s)
  -------------------------------------------------------------------    -------------------
                         (clock clk_fpga_0 rise edge)
                                                      0.000     0.000 r  
    PS7_X0Y0             PS7                          0.000     0.000 r  comblock_setup_wrapper_inst/comblock_setup_i/processing_system7_0/inst/PS7_i/FCLKCLK[0]
                         net (fo=1, routed)           1.193     1.193    comblock_setup_wrapper_inst/comblock_setup_i/processing_system7_0/inst/FCLK_CLK_unbuffered[0]
    BUFGCTRL_X0Y16       BUFG (Prop_bufg_I_O)         0.101     1.294 r  comblock_setup_wrapper_inst/comblock_setup_i/processing_system7_0/inst/buffer_fclk_clk_0.FCLK_CLK_0_BUFG/O
                         net (fo=31598, routed)       1.710     3.004    pm_top_mux_inst/scd_estimator_inst/pm_second_stage_wrap_inst/p_point_fft/U0/i_synth/axi_wrapper/aclk
    SLICE_X59Y90         FDRE                                         r  pm_top_mux_inst/scd_estimator_inst/pm_second_stage_wrap_inst/p_point_fft/U0/i_synth/axi_wrapper/gen_ce_non_real_time.ce_predicted_reg/C
  -------------------------------------------------------------------    -------------------
    SLICE_X59Y90         FDRE (Prop_fdre_C_Q)         0.456     3.460 r  pm_top_mux_inst/scd_estimator_inst/pm_second_stage_wrap_inst/p_point_fft/U0/i_synth/axi_wrapper/gen_ce_non_real_time.ce_predicted_reg/Q
                         net (fo=7550, routed)       21.586    25.046    pm_top_mux_inst/scd_estimator_inst/pm_second_stage_wrap_inst/p_point_fft/U0/i_synth/xfft_inst/non_floating_point.arch_d.xfft_inst/pe_gen[2].natural_order_input.PE/has_TW_mult.MULT/i_cmpy/four_mult_structure.use_dsp.i_dsp/re_im/use_DSP48.iAdelx[1].iAdely[0].u_l[1].need_dsp_delay.Aidelay0/ce_w2c
    SLICE_X93Y106        FDRE                                         r  pm_top_mux_inst/scd_estimator_inst/pm_second_stage_wrap_inst/p_point_fft/U0/i_synth/xfft_inst/non_floating_point.arch_d.xfft_inst/pe_gen[2].natural_order_input.PE/has_TW_mult.MULT/i_cmpy/four_mult_structure.use_dsp.i_dsp/re_im/use_DSP48.iAdelx[1].iAdely[0].u_l[1].need_dsp_delay.Aidelay0/d1.dout_i_reg[13]/CE
  -------------------------------------------------------------------    -------------------

                         (clock clk_fpga_0 rise edge)
                                                     25.000    25.000 r  
    PS7_X0Y0             PS7                          0.000    25.000 r  comblock_setup_wrapper_inst/comblock_setup_i/processing_system7_0/inst/PS7_i/FCLKCLK[0]
                         net (fo=1, routed)           1.088    26.088    comblock_setup_wrapper_inst/comblock_setup_i/processing_system7_0/inst/FCLK_CLK_unbuffered[0]
    BUFGCTRL_X0Y16       BUFG (Prop_bufg_I_O)         0.091    26.179 r  comblock_setup_wrapper_inst/comblock_setup_i/processing_system7_0/inst/buffer_fclk_clk_0.FCLK_CLK_0_BUFG/O
                         net (fo=31598, routed)       1.780    27.959    pm_top_mux_inst/scd_estimator_inst/pm_second_stage_wrap_inst/p_point_fft/U0/i_synth/xfft_inst/non_floating_point.arch_d.xfft_inst/pe_gen[2].natural_order_input.PE/has_TW_mult.MULT/i_cmpy/four_mult_structure.use_dsp.i_dsp/re_im/use_DSP48.iAdelx[1].iAdely[0].u_l[1].need_dsp_delay.Aidelay0/aclk
    SLICE_X93Y106        FDRE                                         r  pm_top_mux_inst/scd_estimator_inst/pm_second_stage_wrap_inst/p_point_fft/U0/i_synth/xfft_inst/non_floating_point.arch_d.xfft_inst/pe_gen[2].natural_order_input.PE/has_TW_mult.MULT/i_cmpy/four_mult_structure.use_dsp.i_dsp/re_im/use_DSP48.iAdelx[1].iAdely[0].u_l[1].need_dsp_delay.Aidelay0/d1.dout_i_reg[13]/C
                         clock pessimism              0.129    28.088    
                         clock uncertainty           -0.377    27.711    
    SLICE_X93Y106        FDRE (Setup_fdre_C_CE)      -0.205    27.506    pm_top_mux_inst/scd_estimator_inst/pm_second_stage_wrap_inst/p_point_fft/U0/i_synth/xfft_inst/non_floating_point.arch_d.xfft_inst/pe_gen[2].natural_order_input.PE/has_TW_mult.MULT/i_cmpy/four_mult_structure.use_dsp.i_dsp/re_im/use_DSP48.iAdelx[1].iAdely[0].u_l[1].need_dsp_delay.Aidelay0/d1.dout_i_reg[13]
  -------------------------------------------------------------------
                         required time                         27.506    
                         arrival time                         -25.046    
  -------------------------------------------------------------------
                         slack                                  2.461    

Slack (MET) :             2.461ns  (required time - arrival time)
  Source:                 pm_top_mux_inst/scd_estimator_inst/pm_second_stage_wrap_inst/p_point_fft/U0/i_synth/axi_wrapper/gen_ce_non_real_time.ce_predicted_reg/C
                            (rising edge-triggered cell FDRE clocked by clk_fpga_0  {rise@0.000ns fall@12.500ns period=25.000ns})
  Destination:            pm_top_mux_inst/scd_estimator_inst/pm_second_stage_wrap_inst/p_point_fft/U0/i_synth/xfft_inst/non_floating_point.arch_d.xfft_inst/pe_gen[2].natural_order_input.PE/has_TW_mult.MULT/i_cmpy/four_mult_structure.use_dsp.i_dsp/re_im/use_DSP48.iAdelx[1].iAdely[0].u_l[1].need_dsp_delay.Aidelay0/d1.dout_i_reg[14]/CE
                            (rising edge-triggered cell FDRE clocked by clk_fpga_0  {rise@0.000ns fall@12.500ns period=25.000ns})
  Path Group:             clk_fpga_0
  Path Type:              Setup (Max at Slow Process Corner)
  Requirement:            25.000ns  (clk_fpga_0 rise@25.000ns - clk_fpga_0 rise@0.000ns)
  Data Path Delay:        22.042ns  (logic 0.456ns (2.069%)  route 21.586ns (97.931%))
  Logic Levels:           0  
  Clock Path Skew:        0.084ns (DCD - SCD + CPR)
    Destination Clock Delay (DCD):    2.959ns = ( 27.959 - 25.000 ) 
    Source Clock Delay      (SCD):    3.004ns
    Clock Pessimism Removal (CPR):    0.129ns
  Clock Uncertainty:      0.377ns  ((TSJ^2 + TIJ^2)^1/2 + DJ) / 2 + PE
    Total System Jitter     (TSJ):    0.071ns
    Total Input Jitter      (TIJ):    0.750ns
    Discrete Jitter          (DJ):    0.000ns
    Phase Error              (PE):    0.000ns

    Location             Delay type                Incr(ns)  Path(ns)    Netlist Resource(s)
  -------------------------------------------------------------------    -------------------
                         (clock clk_fpga_0 rise edge)
                                                      0.000     0.000 r  
    PS7_X0Y0             PS7                          0.000     0.000 r  comblock_setup_wrapper_inst/comblock_setup_i/processing_system7_0/inst/PS7_i/FCLKCLK[0]
                         net (fo=1, routed)           1.193     1.193    comblock_setup_wrapper_inst/comblock_setup_i/processing_system7_0/inst/FCLK_CLK_unbuffered[0]
    BUFGCTRL_X0Y16       BUFG (Prop_bufg_I_O)         0.101     1.294 r  comblock_setup_wrapper_inst/comblock_setup_i/processing_system7_0/inst/buffer_fclk_clk_0.FCLK_CLK_0_BUFG/O
                         net (fo=31598, routed)       1.710     3.004    pm_top_mux_inst/scd_estimator_inst/pm_second_stage_wrap_inst/p_point_fft/U0/i_synth/axi_wrapper/aclk
    SLICE_X59Y90         FDRE                                         r  pm_top_mux_inst/scd_estimator_inst/pm_second_stage_wrap_inst/p_point_fft/U0/i_synth/axi_wrapper/gen_ce_non_real_time.ce_predicted_reg/C
  -------------------------------------------------------------------    -------------------
    SLICE_X59Y90         FDRE (Prop_fdre_C_Q)         0.456     3.460 r  pm_top_mux_inst/scd_estimator_inst/pm_second_stage_wrap_inst/p_point_fft/U0/i_synth/axi_wrapper/gen_ce_non_real_time.ce_predicted_reg/Q
                         net (fo=7550, routed)       21.586    25.046    pm_top_mux_inst/scd_estimator_inst/pm_second_stage_wrap_inst/p_point_fft/U0/i_synth/xfft_inst/non_floating_point.arch_d.xfft_inst/pe_gen[2].natural_order_input.PE/has_TW_mult.MULT/i_cmpy/four_mult_structure.use_dsp.i_dsp/re_im/use_DSP48.iAdelx[1].iAdely[0].u_l[1].need_dsp_delay.Aidelay0/ce_w2c
    SLICE_X93Y106        FDRE                                         r  pm_top_mux_inst/scd_estimator_inst/pm_second_stage_wrap_inst/p_point_fft/U0/i_synth/xfft_inst/non_floating_point.arch_d.xfft_inst/pe_gen[2].natural_order_input.PE/has_TW_mult.MULT/i_cmpy/four_mult_structure.use_dsp.i_dsp/re_im/use_DSP48.iAdelx[1].iAdely[0].u_l[1].need_dsp_delay.Aidelay0/d1.dout_i_reg[14]/CE
  -------------------------------------------------------------------    -------------------

                         (clock clk_fpga_0 rise edge)
                                                     25.000    25.000 r  
    PS7_X0Y0             PS7                          0.000    25.000 r  comblock_setup_wrapper_inst/comblock_setup_i/processing_system7_0/inst/PS7_i/FCLKCLK[0]
                         net (fo=1, routed)           1.088    26.088    comblock_setup_wrapper_inst/comblock_setup_i/processing_system7_0/inst/FCLK_CLK_unbuffered[0]
    BUFGCTRL_X0Y16       BUFG (Prop_bufg_I_O)         0.091    26.179 r  comblock_setup_wrapper_inst/comblock_setup_i/processing_system7_0/inst/buffer_fclk_clk_0.FCLK_CLK_0_BUFG/O
                         net (fo=31598, routed)       1.780    27.959    pm_top_mux_inst/scd_estimator_inst/pm_second_stage_wrap_inst/p_point_fft/U0/i_synth/xfft_inst/non_floating_point.arch_d.xfft_inst/pe_gen[2].natural_order_input.PE/has_TW_mult.MULT/i_cmpy/four_mult_structure.use_dsp.i_dsp/re_im/use_DSP48.iAdelx[1].iAdely[0].u_l[1].need_dsp_delay.Aidelay0/aclk
    SLICE_X93Y106        FDRE                                         r  pm_top_mux_inst/scd_estimator_inst/pm_second_stage_wrap_inst/p_point_fft/U0/i_synth/xfft_inst/non_floating_point.arch_d.xfft_inst/pe_gen[2].natural_order_input.PE/has_TW_mult.MULT/i_cmpy/four_mult_structure.use_dsp.i_dsp/re_im/use_DSP48.iAdelx[1].iAdely[0].u_l[1].need_dsp_delay.Aidelay0/d1.dout_i_reg[14]/C
                         clock pessimism              0.129    28.088    
                         clock uncertainty           -0.377    27.711    
    SLICE_X93Y106        FDRE (Setup_fdre_C_CE)      -0.205    27.506    pm_top_mux_inst/scd_estimator_inst/pm_second_stage_wrap_inst/p_point_fft/U0/i_synth/xfft_inst/non_floating_point.arch_d.xfft_inst/pe_gen[2].natural_order_input.PE/has_TW_mult.MULT/i_cmpy/four_mult_structure.use_dsp.i_dsp/re_im/use_DSP48.iAdelx[1].iAdely[0].u_l[1].need_dsp_delay.Aidelay0/d1.dout_i_reg[14]
  -------------------------------------------------------------------
                         required time                         27.506    
                         arrival time                         -25.046    
  -------------------------------------------------------------------
                         slack                                  2.461    

Slack (MET) :             2.461ns  (required time - arrival time)
  Source:                 pm_top_mux_inst/scd_estimator_inst/pm_second_stage_wrap_inst/p_point_fft/U0/i_synth/axi_wrapper/gen_ce_non_real_time.ce_predicted_reg/C
                            (rising edge-triggered cell FDRE clocked by clk_fpga_0  {rise@0.000ns fall@12.500ns period=25.000ns})
  Destination:            pm_top_mux_inst/scd_estimator_inst/pm_second_stage_wrap_inst/p_point_fft/U0/i_synth/xfft_inst/non_floating_point.arch_d.xfft_inst/pe_gen[2].natural_order_input.PE/has_TW_mult.MULT/i_cmpy/four_mult_structure.use_dsp.i_dsp/re_im/use_DSP48.iAdelx[1].iAdely[0].u_l[1].need_dsp_delay.Aidelay0/d1.dout_i_reg[5]/CE
                            (rising edge-triggered cell FDRE clocked by clk_fpga_0  {rise@0.000ns fall@12.500ns period=25.000ns})
  Path Group:             clk_fpga_0
  Path Type:              Setup (Max at Slow Process Corner)
  Requirement:            25.000ns  (clk_fpga_0 rise@25.000ns - clk_fpga_0 rise@0.000ns)
  Data Path Delay:        22.042ns  (logic 0.456ns (2.069%)  route 21.586ns (97.931%))
  Logic Levels:           0  
  Clock Path Skew:        0.084ns (DCD - SCD + CPR)
    Destination Clock Delay (DCD):    2.959ns = ( 27.959 - 25.000 ) 
    Source Clock Delay      (SCD):    3.004ns
    Clock Pessimism Removal (CPR):    0.129ns
  Clock Uncertainty:      0.377ns  ((TSJ^2 + TIJ^2)^1/2 + DJ) / 2 + PE
    Total System Jitter     (TSJ):    0.071ns
    Total Input Jitter      (TIJ):    0.750ns
    Discrete Jitter          (DJ):    0.000ns
    Phase Error              (PE):    0.000ns

    Location             Delay type                Incr(ns)  Path(ns)    Netlist Resource(s)
  -------------------------------------------------------------------    -------------------
                         (clock clk_fpga_0 rise edge)
                                                      0.000     0.000 r  
    PS7_X0Y0             PS7                          0.000     0.000 r  comblock_setup_wrapper_inst/comblock_setup_i/processing_system7_0/inst/PS7_i/FCLKCLK[0]
                         net (fo=1, routed)           1.193     1.193    comblock_setup_wrapper_inst/comblock_setup_i/processing_system7_0/inst/FCLK_CLK_unbuffered[0]
    BUFGCTRL_X0Y16       BUFG (Prop_bufg_I_O)         0.101     1.294 r  comblock_setup_wrapper_inst/comblock_setup_i/processing_system7_0/inst/buffer_fclk_clk_0.FCLK_CLK_0_BUFG/O
                         net (fo=31598, routed)       1.710     3.004    pm_top_mux_inst/scd_estimator_inst/pm_second_stage_wrap_inst/p_point_fft/U0/i_synth/axi_wrapper/aclk
    SLICE_X59Y90         FDRE                                         r  pm_top_mux_inst/scd_estimator_inst/pm_second_stage_wrap_inst/p_point_fft/U0/i_synth/axi_wrapper/gen_ce_non_real_time.ce_predicted_reg/C
  -------------------------------------------------------------------    -------------------
    SLICE_X59Y90         FDRE (Prop_fdre_C_Q)         0.456     3.460 r  pm_top_mux_inst/scd_estimator_inst/pm_second_stage_wrap_inst/p_point_fft/U0/i_synth/axi_wrapper/gen_ce_non_real_time.ce_predicted_reg/Q
                         net (fo=7550, routed)       21.586    25.046    pm_top_mux_inst/scd_estimator_inst/pm_second_stage_wrap_inst/p_point_fft/U0/i_synth/xfft_inst/non_floating_point.arch_d.xfft_inst/pe_gen[2].natural_order_input.PE/has_TW_mult.MULT/i_cmpy/four_mult_structure.use_dsp.i_dsp/re_im/use_DSP48.iAdelx[1].iAdely[0].u_l[1].need_dsp_delay.Aidelay0/ce_w2c
    SLICE_X93Y106        FDRE                                         r  pm_top_mux_inst/scd_estimator_inst/pm_second_stage_wrap_inst/p_point_fft/U0/i_synth/xfft_inst/non_floating_point.arch_d.xfft_inst/pe_gen[2].natural_order_input.PE/has_TW_mult.MULT/i_cmpy/four_mult_structure.use_dsp.i_dsp/re_im/use_DSP48.iAdelx[1].iAdely[0].u_l[1].need_dsp_delay.Aidelay0/d1.dout_i_reg[5]/CE
  -------------------------------------------------------------------    -------------------

                         (clock clk_fpga_0 rise edge)
                                                     25.000    25.000 r  
    PS7_X0Y0             PS7                          0.000    25.000 r  comblock_setup_wrapper_inst/comblock_setup_i/processing_system7_0/inst/PS7_i/FCLKCLK[0]
                         net (fo=1, routed)           1.088    26.088    comblock_setup_wrapper_inst/comblock_setup_i/processing_system7_0/inst/FCLK_CLK_unbuffered[0]
    BUFGCTRL_X0Y16       BUFG (Prop_bufg_I_O)         0.091    26.179 r  comblock_setup_wrapper_inst/comblock_setup_i/processing_system7_0/inst/buffer_fclk_clk_0.FCLK_CLK_0_BUFG/O
                         net (fo=31598, routed)       1.780    27.959    pm_top_mux_inst/scd_estimator_inst/pm_second_stage_wrap_inst/p_point_fft/U0/i_synth/xfft_inst/non_floating_point.arch_d.xfft_inst/pe_gen[2].natural_order_input.PE/has_TW_mult.MULT/i_cmpy/four_mult_structure.use_dsp.i_dsp/re_im/use_DSP48.iAdelx[1].iAdely[0].u_l[1].need_dsp_delay.Aidelay0/aclk
    SLICE_X93Y106        FDRE                                         r  pm_top_mux_inst/scd_estimator_inst/pm_second_stage_wrap_inst/p_point_fft/U0/i_synth/xfft_inst/non_floating_point.arch_d.xfft_inst/pe_gen[2].natural_order_input.PE/has_TW_mult.MULT/i_cmpy/four_mult_structure.use_dsp.i_dsp/re_im/use_DSP48.iAdelx[1].iAdely[0].u_l[1].need_dsp_delay.Aidelay0/d1.dout_i_reg[5]/C
                         clock pessimism              0.129    28.088    
                         clock uncertainty           -0.377    27.711    
    SLICE_X93Y106        FDRE (Setup_fdre_C_CE)      -0.205    27.506    pm_top_mux_inst/scd_estimator_inst/pm_second_stage_wrap_inst/p_point_fft/U0/i_synth/xfft_inst/non_floating_point.arch_d.xfft_inst/pe_gen[2].natural_order_input.PE/has_TW_mult.MULT/i_cmpy/four_mult_structure.use_dsp.i_dsp/re_im/use_DSP48.iAdelx[1].iAdely[0].u_l[1].need_dsp_delay.Aidelay0/d1.dout_i_reg[5]
  -------------------------------------------------------------------
                         required time                         27.506    
                         arrival time                         -25.046    
  -------------------------------------------------------------------
                         slack                                  2.461    

Slack (MET) :             2.488ns  (required time - arrival time)
  Source:                 pm_top_mux_inst/scd_estimator_inst/pm_second_stage_wrap_inst/p_point_fft/U0/i_synth/axi_wrapper/gen_ce_non_real_time.ce_predicted_reg/C
                            (rising edge-triggered cell FDRE clocked by clk_fpga_0  {rise@0.000ns fall@12.500ns period=25.000ns})
  Destination:            pm_top_mux_inst/scd_estimator_inst/pm_second_stage_wrap_inst/p_point_fft/U0/i_synth/xfft_inst/non_floating_point.arch_d.xfft_inst/pe_gen[0].natural_order_input.PE/has_TW_mult.MULT/i_cmpy/four_mult_structure.use_dsp.i_dsp/re_im/use_DSP48.qDSP[1].appDSP[0].bppDSP[0].u_l[0].use_dsp48e1.dsp/CEM
                            (rising edge-triggered cell DSP48E1 clocked by clk_fpga_0  {rise@0.000ns fall@12.500ns period=25.000ns})
  Path Group:             clk_fpga_0
  Path Type:              Setup (Max at Slow Process Corner)
  Requirement:            25.000ns  (clk_fpga_0 rise@25.000ns - clk_fpga_0 rise@0.000ns)
  Data Path Delay:        21.956ns  (logic 0.456ns (2.077%)  route 21.500ns (97.923%))
  Logic Levels:           0  
  Clock Path Skew:        0.088ns (DCD - SCD + CPR)
    Destination Clock Delay (DCD):    2.862ns = ( 27.862 - 25.000 ) 
    Source Clock Delay      (SCD):    3.004ns
    Clock Pessimism Removal (CPR):    0.229ns
  Clock Uncertainty:      0.377ns  ((TSJ^2 + TIJ^2)^1/2 + DJ) / 2 + PE
    Total System Jitter     (TSJ):    0.071ns
    Total Input Jitter      (TIJ):    0.750ns
    Discrete Jitter          (DJ):    0.000ns
    Phase Error              (PE):    0.000ns

    Location             Delay type                Incr(ns)  Path(ns)    Netlist Resource(s)
  -------------------------------------------------------------------    -------------------
                         (clock clk_fpga_0 rise edge)
                                                      0.000     0.000 r  
    PS7_X0Y0             PS7                          0.000     0.000 r  comblock_setup_wrapper_inst/comblock_setup_i/processing_system7_0/inst/PS7_i/FCLKCLK[0]
                         net (fo=1, routed)           1.193     1.193    comblock_setup_wrapper_inst/comblock_setup_i/processing_system7_0/inst/FCLK_CLK_unbuffered[0]
    BUFGCTRL_X0Y16       BUFG (Prop_bufg_I_O)         0.101     1.294 r  comblock_setup_wrapper_inst/comblock_setup_i/processing_system7_0/inst/buffer_fclk_clk_0.FCLK_CLK_0_BUFG/O
                         net (fo=31598, routed)       1.710     3.004    pm_top_mux_inst/scd_estimator_inst/pm_second_stage_wrap_inst/p_point_fft/U0/i_synth/axi_wrapper/aclk
    SLICE_X59Y90         FDRE                                         r  pm_top_mux_inst/scd_estimator_inst/pm_second_stage_wrap_inst/p_point_fft/U0/i_synth/axi_wrapper/gen_ce_non_real_time.ce_predicted_reg/C
  -------------------------------------------------------------------    -------------------
    SLICE_X59Y90         FDRE (Prop_fdre_C_Q)         0.456     3.460 r  pm_top_mux_inst/scd_estimator_inst/pm_second_stage_wrap_inst/p_point_fft/U0/i_synth/axi_wrapper/gen_ce_non_real_time.ce_predicted_reg/Q
                         net (fo=7550, routed)       21.500    24.960    pm_top_mux_inst/scd_estimator_inst/pm_second_stage_wrap_inst/p_point_fft/U0/i_synth/xfft_inst/non_floating_point.arch_d.xfft_inst/pe_gen[0].natural_order_input.PE/has_TW_mult.MULT/i_cmpy/four_mult_structure.use_dsp.i_dsp/re_im/ce_w2c
    DSP48_X3Y28          DSP48E1                                      r  pm_top_mux_inst/scd_estimator_inst/pm_second_stage_wrap_inst/p_point_fft/U0/i_synth/xfft_inst/non_floating_point.arch_d.xfft_inst/pe_gen[0].natural_order_input.PE/has_TW_mult.MULT/i_cmpy/four_mult_structure.use_dsp.i_dsp/re_im/use_DSP48.qDSP[1].appDSP[0].bppDSP[0].u_l[0].use_dsp48e1.dsp/CEM
  -------------------------------------------------------------------    -------------------

                         (clock clk_fpga_0 rise edge)
                                                     25.000    25.000 r  
    PS7_X0Y0             PS7                          0.000    25.000 r  comblock_setup_wrapper_inst/comblock_setup_i/processing_system7_0/inst/PS7_i/FCLKCLK[0]
                         net (fo=1, routed)           1.088    26.088    comblock_setup_wrapper_inst/comblock_setup_i/processing_system7_0/inst/FCLK_CLK_unbuffered[0]
    BUFGCTRL_X0Y16       BUFG (Prop_bufg_I_O)         0.091    26.179 r  comblock_setup_wrapper_inst/comblock_setup_i/processing_system7_0/inst/buffer_fclk_clk_0.FCLK_CLK_0_BUFG/O
                         net (fo=31598, routed)       1.683    27.862    pm_top_mux_inst/scd_estimator_inst/pm_second_stage_wrap_inst/p_point_fft/U0/i_synth/xfft_inst/non_floating_point.arch_d.xfft_inst/pe_gen[0].natural_order_input.PE/has_TW_mult.MULT/i_cmpy/four_mult_structure.use_dsp.i_dsp/re_im/aclk
    DSP48_X3Y28          DSP48E1                                      r  pm_top_mux_inst/scd_estimator_inst/pm_second_stage_wrap_inst/p_point_fft/U0/i_synth/xfft_inst/non_floating_point.arch_d.xfft_inst/pe_gen[0].natural_order_input.PE/has_TW_mult.MULT/i_cmpy/four_mult_structure.use_dsp.i_dsp/re_im/use_DSP48.qDSP[1].appDSP[0].bppDSP[0].u_l[0].use_dsp48e1.dsp/CLK
                         clock pessimism              0.229    28.092    
                         clock uncertainty           -0.377    27.715    
    DSP48_X3Y28          DSP48E1 (Setup_dsp48e1_CLK_CEM)
                                                     -0.266    27.449    pm_top_mux_inst/scd_estimator_inst/pm_second_stage_wrap_inst/p_point_fft/U0/i_synth/xfft_inst/non_floating_point.arch_d.xfft_inst/pe_gen[0].natural_order_input.PE/has_TW_mult.MULT/i_cmpy/four_mult_structure.use_dsp.i_dsp/re_im/use_DSP48.qDSP[1].appDSP[0].bppDSP[0].u_l[0].use_dsp48e1.dsp
  -------------------------------------------------------------------
                         required time                         27.449    
                         arrival time                         -24.960    
  -------------------------------------------------------------------
                         slack                                  2.488    

Slack (MET) :             2.493ns  (required time - arrival time)
  Source:                 pm_top_mux_inst/scd_estimator_inst/pm_second_stage_wrap_inst/p_point_fft/U0/i_synth/axi_wrapper/gen_ce_non_real_time.ce_predicted_reg/C
                            (rising edge-triggered cell FDRE clocked by clk_fpga_0  {rise@0.000ns fall@12.500ns period=25.000ns})
  Destination:            pm_top_mux_inst/scd_estimator_inst/pm_second_stage_wrap_inst/p_point_fft/U0/i_synth/xfft_inst/non_floating_point.arch_d.xfft_inst/pe_gen[2].natural_order_input.PE/has_TW_mult.MULT/i_cmpy/four_mult_structure.use_dsp.i_dsp/re_im/use_DSP48.iAdelx[1].iAdely[0].u_l[1].need_dsp_delay.Aidelay0/d1.dout_i_reg[11]/CE
                            (rising edge-triggered cell FDRE clocked by clk_fpga_0  {rise@0.000ns fall@12.500ns period=25.000ns})
  Path Group:             clk_fpga_0
  Path Type:              Setup (Max at Slow Process Corner)
  Requirement:            25.000ns  (clk_fpga_0 rise@25.000ns - clk_fpga_0 rise@0.000ns)
  Data Path Delay:        22.004ns  (logic 0.456ns (2.072%)  route 21.548ns (97.928%))
  Logic Levels:           0  
  Clock Path Skew:        0.079ns (DCD - SCD + CPR)
    Destination Clock Delay (DCD):    2.954ns = ( 27.954 - 25.000 ) 
    Source Clock Delay      (SCD):    3.004ns
    Clock Pessimism Removal (CPR):    0.129ns
  Clock Uncertainty:      0.377ns  ((TSJ^2 + TIJ^2)^1/2 + DJ) / 2 + PE
    Total System Jitter     (TSJ):    0.071ns
    Total Input Jitter      (TIJ):    0.750ns
    Discrete Jitter          (DJ):    0.000ns
    Phase Error              (PE):    0.000ns

    Location             Delay type                Incr(ns)  Path(ns)    Netlist Resource(s)
  -------------------------------------------------------------------    -------------------
                         (clock clk_fpga_0 rise edge)
                                                      0.000     0.000 r  
    PS7_X0Y0             PS7                          0.000     0.000 r  comblock_setup_wrapper_inst/comblock_setup_i/processing_system7_0/inst/PS7_i/FCLKCLK[0]
                         net (fo=1, routed)           1.193     1.193    comblock_setup_wrapper_inst/comblock_setup_i/processing_system7_0/inst/FCLK_CLK_unbuffered[0]
    BUFGCTRL_X0Y16       BUFG (Prop_bufg_I_O)         0.101     1.294 r  comblock_setup_wrapper_inst/comblock_setup_i/processing_system7_0/inst/buffer_fclk_clk_0.FCLK_CLK_0_BUFG/O
                         net (fo=31598, routed)       1.710     3.004    pm_top_mux_inst/scd_estimator_inst/pm_second_stage_wrap_inst/p_point_fft/U0/i_synth/axi_wrapper/aclk
    SLICE_X59Y90         FDRE                                         r  pm_top_mux_inst/scd_estimator_inst/pm_second_stage_wrap_inst/p_point_fft/U0/i_synth/axi_wrapper/gen_ce_non_real_time.ce_predicted_reg/C
  -------------------------------------------------------------------    -------------------
    SLICE_X59Y90         FDRE (Prop_fdre_C_Q)         0.456     3.460 r  pm_top_mux_inst/scd_estimator_inst/pm_second_stage_wrap_inst/p_point_fft/U0/i_synth/axi_wrapper/gen_ce_non_real_time.ce_predicted_reg/Q
                         net (fo=7550, routed)       21.548    25.008    pm_top_mux_inst/scd_estimator_inst/pm_second_stage_wrap_inst/p_point_fft/U0/i_synth/xfft_inst/non_floating_point.arch_d.xfft_inst/pe_gen[2].natural_order_input.PE/has_TW_mult.MULT/i_cmpy/four_mult_structure.use_dsp.i_dsp/re_im/use_DSP48.iAdelx[1].iAdely[0].u_l[1].need_dsp_delay.Aidelay0/ce_w2c
    SLICE_X93Y113        FDRE                                         r  pm_top_mux_inst/scd_estimator_inst/pm_second_stage_wrap_inst/p_point_fft/U0/i_synth/xfft_inst/non_floating_point.arch_d.xfft_inst/pe_gen[2].natural_order_input.PE/has_TW_mult.MULT/i_cmpy/four_mult_structure.use_dsp.i_dsp/re_im/use_DSP48.iAdelx[1].iAdely[0].u_l[1].need_dsp_delay.Aidelay0/d1.dout_i_reg[11]/CE
  -------------------------------------------------------------------    -------------------

                         (clock clk_fpga_0 rise edge)
                                                     25.000    25.000 r  
    PS7_X0Y0             PS7                          0.000    25.000 r  comblock_setup_wrapper_inst/comblock_setup_i/processing_system7_0/inst/PS7_i/FCLKCLK[0]
                         net (fo=1, routed)           1.088    26.088    comblock_setup_wrapper_inst/comblock_setup_i/processing_system7_0/inst/FCLK_CLK_unbuffered[0]
    BUFGCTRL_X0Y16       BUFG (Prop_bufg_I_O)         0.091    26.179 r  comblock_setup_wrapper_inst/comblock_setup_i/processing_system7_0/inst/buffer_fclk_clk_0.FCLK_CLK_0_BUFG/O
                         net (fo=31598, routed)       1.775    27.954    pm_top_mux_inst/scd_estimator_inst/pm_second_stage_wrap_inst/p_point_fft/U0/i_synth/xfft_inst/non_floating_point.arch_d.xfft_inst/pe_gen[2].natural_order_input.PE/has_TW_mult.MULT/i_cmpy/four_mult_structure.use_dsp.i_dsp/re_im/use_DSP48.iAdelx[1].iAdely[0].u_l[1].need_dsp_delay.Aidelay0/aclk
    SLICE_X93Y113        FDRE                                         r  pm_top_mux_inst/scd_estimator_inst/pm_second_stage_wrap_inst/p_point_fft/U0/i_synth/xfft_inst/non_floating_point.arch_d.xfft_inst/pe_gen[2].natural_order_input.PE/has_TW_mult.MULT/i_cmpy/four_mult_structure.use_dsp.i_dsp/re_im/use_DSP48.iAdelx[1].iAdely[0].u_l[1].need_dsp_delay.Aidelay0/d1.dout_i_reg[11]/C
                         clock pessimism              0.129    28.083    
                         clock uncertainty           -0.377    27.706    
    SLICE_X93Y113        FDRE (Setup_fdre_C_CE)      -0.205    27.501    pm_top_mux_inst/scd_estimator_inst/pm_second_stage_wrap_inst/p_point_fft/U0/i_synth/xfft_inst/non_floating_point.arch_d.xfft_inst/pe_gen[2].natural_order_input.PE/has_TW_mult.MULT/i_cmpy/four_mult_structure.use_dsp.i_dsp/re_im/use_DSP48.iAdelx[1].iAdely[0].u_l[1].need_dsp_delay.Aidelay0/d1.dout_i_reg[11]
  -------------------------------------------------------------------
                         required time                         27.501    
                         arrival time                         -25.008    
  -------------------------------------------------------------------
                         slack                                  2.493    

Slack (MET) :             2.493ns  (required time - arrival time)
  Source:                 pm_top_mux_inst/scd_estimator_inst/pm_second_stage_wrap_inst/p_point_fft/U0/i_synth/axi_wrapper/gen_ce_non_real_time.ce_predicted_reg/C
                            (rising edge-triggered cell FDRE clocked by clk_fpga_0  {rise@0.000ns fall@12.500ns period=25.000ns})
  Destination:            pm_top_mux_inst/scd_estimator_inst/pm_second_stage_wrap_inst/p_point_fft/U0/i_synth/xfft_inst/non_floating_point.arch_d.xfft_inst/pe_gen[2].natural_order_input.PE/has_TW_mult.MULT/i_cmpy/four_mult_structure.use_dsp.i_dsp/re_im/use_DSP48.iAdelx[1].iAdely[0].u_l[1].need_dsp_delay.Aidelay0/d1.dout_i_reg[12]/CE
                            (rising edge-triggered cell FDRE clocked by clk_fpga_0  {rise@0.000ns fall@12.500ns period=25.000ns})
  Path Group:             clk_fpga_0
  Path Type:              Setup (Max at Slow Process Corner)
  Requirement:            25.000ns  (clk_fpga_0 rise@25.000ns - clk_fpga_0 rise@0.000ns)
  Data Path Delay:        22.004ns  (logic 0.456ns (2.072%)  route 21.548ns (97.928%))
  Logic Levels:           0  
  Clock Path Skew:        0.079ns (DCD - SCD + CPR)
    Destination Clock Delay (DCD):    2.954ns = ( 27.954 - 25.000 ) 
    Source Clock Delay      (SCD):    3.004ns
    Clock Pessimism Removal (CPR):    0.129ns
  Clock Uncertainty:      0.377ns  ((TSJ^2 + TIJ^2)^1/2 + DJ) / 2 + PE
    Total System Jitter     (TSJ):    0.071ns
    Total Input Jitter      (TIJ):    0.750ns
    Discrete Jitter          (DJ):    0.000ns
    Phase Error              (PE):    0.000ns

    Location             Delay type                Incr(ns)  Path(ns)    Netlist Resource(s)
  -------------------------------------------------------------------    -------------------
                         (clock clk_fpga_0 rise edge)
                                                      0.000     0.000 r  
    PS7_X0Y0             PS7                          0.000     0.000 r  comblock_setup_wrapper_inst/comblock_setup_i/processing_system7_0/inst/PS7_i/FCLKCLK[0]
                         net (fo=1, routed)           1.193     1.193    comblock_setup_wrapper_inst/comblock_setup_i/processing_system7_0/inst/FCLK_CLK_unbuffered[0]
    BUFGCTRL_X0Y16       BUFG (Prop_bufg_I_O)         0.101     1.294 r  comblock_setup_wrapper_inst/comblock_setup_i/processing_system7_0/inst/buffer_fclk_clk_0.FCLK_CLK_0_BUFG/O
                         net (fo=31598, routed)       1.710     3.004    pm_top_mux_inst/scd_estimator_inst/pm_second_stage_wrap_inst/p_point_fft/U0/i_synth/axi_wrapper/aclk
    SLICE_X59Y90         FDRE                                         r  pm_top_mux_inst/scd_estimator_inst/pm_second_stage_wrap_inst/p_point_fft/U0/i_synth/axi_wrapper/gen_ce_non_real_time.ce_predicted_reg/C
  -------------------------------------------------------------------    -------------------
    SLICE_X59Y90         FDRE (Prop_fdre_C_Q)         0.456     3.460 r  pm_top_mux_inst/scd_estimator_inst/pm_second_stage_wrap_inst/p_point_fft/U0/i_synth/axi_wrapper/gen_ce_non_real_time.ce_predicted_reg/Q
                         net (fo=7550, routed)       21.548    25.008    pm_top_mux_inst/scd_estimator_inst/pm_second_stage_wrap_inst/p_point_fft/U0/i_synth/xfft_inst/non_floating_point.arch_d.xfft_inst/pe_gen[2].natural_order_input.PE/has_TW_mult.MULT/i_cmpy/four_mult_structure.use_dsp.i_dsp/re_im/use_DSP48.iAdelx[1].iAdely[0].u_l[1].need_dsp_delay.Aidelay0/ce_w2c
    SLICE_X93Y113        FDRE                                         r  pm_top_mux_inst/scd_estimator_inst/pm_second_stage_wrap_inst/p_point_fft/U0/i_synth/xfft_inst/non_floating_point.arch_d.xfft_inst/pe_gen[2].natural_order_input.PE/has_TW_mult.MULT/i_cmpy/four_mult_structure.use_dsp.i_dsp/re_im/use_DSP48.iAdelx[1].iAdely[0].u_l[1].need_dsp_delay.Aidelay0/d1.dout_i_reg[12]/CE
  -------------------------------------------------------------------    -------------------

                         (clock clk_fpga_0 rise edge)
                                                     25.000    25.000 r  
    PS7_X0Y0             PS7                          0.000    25.000 r  comblock_setup_wrapper_inst/comblock_setup_i/processing_system7_0/inst/PS7_i/FCLKCLK[0]
                         net (fo=1, routed)           1.088    26.088    comblock_setup_wrapper_inst/comblock_setup_i/processing_system7_0/inst/FCLK_CLK_unbuffered[0]
    BUFGCTRL_X0Y16       BUFG (Prop_bufg_I_O)         0.091    26.179 r  comblock_setup_wrapper_inst/comblock_setup_i/processing_system7_0/inst/buffer_fclk_clk_0.FCLK_CLK_0_BUFG/O
                         net (fo=31598, routed)       1.775    27.954    pm_top_mux_inst/scd_estimator_inst/pm_second_stage_wrap_inst/p_point_fft/U0/i_synth/xfft_inst/non_floating_point.arch_d.xfft_inst/pe_gen[2].natural_order_input.PE/has_TW_mult.MULT/i_cmpy/four_mult_structure.use_dsp.i_dsp/re_im/use_DSP48.iAdelx[1].iAdely[0].u_l[1].need_dsp_delay.Aidelay0/aclk
    SLICE_X93Y113        FDRE                                         r  pm_top_mux_inst/scd_estimator_inst/pm_second_stage_wrap_inst/p_point_fft/U0/i_synth/xfft_inst/non_floating_point.arch_d.xfft_inst/pe_gen[2].natural_order_input.PE/has_TW_mult.MULT/i_cmpy/four_mult_structure.use_dsp.i_dsp/re_im/use_DSP48.iAdelx[1].iAdely[0].u_l[1].need_dsp_delay.Aidelay0/d1.dout_i_reg[12]/C
                         clock pessimism              0.129    28.083    
                         clock uncertainty           -0.377    27.706    
    SLICE_X93Y113        FDRE (Setup_fdre_C_CE)      -0.205    27.501    pm_top_mux_inst/scd_estimator_inst/pm_second_stage_wrap_inst/p_point_fft/U0/i_synth/xfft_inst/non_floating_point.arch_d.xfft_inst/pe_gen[2].natural_order_input.PE/has_TW_mult.MULT/i_cmpy/four_mult_structure.use_dsp.i_dsp/re_im/use_DSP48.iAdelx[1].iAdely[0].u_l[1].need_dsp_delay.Aidelay0/d1.dout_i_reg[12]
  -------------------------------------------------------------------
                         required time                         27.501    
                         arrival time                         -25.008    
  -------------------------------------------------------------------
                         slack                                  2.493    

Slack (MET) :             2.493ns  (required time - arrival time)
  Source:                 pm_top_mux_inst/scd_estimator_inst/pm_second_stage_wrap_inst/p_point_fft/U0/i_synth/axi_wrapper/gen_ce_non_real_time.ce_predicted_reg/C
                            (rising edge-triggered cell FDRE clocked by clk_fpga_0  {rise@0.000ns fall@12.500ns period=25.000ns})
  Destination:            pm_top_mux_inst/scd_estimator_inst/pm_second_stage_wrap_inst/p_point_fft/U0/i_synth/xfft_inst/non_floating_point.arch_d.xfft_inst/pe_gen[2].natural_order_input.PE/has_TW_mult.MULT/i_cmpy/four_mult_structure.use_dsp.i_dsp/re_im/use_DSP48.iAdelx[1].iAdely[0].u_l[1].need_dsp_delay.Ardelay0/d1.dout_i_reg[13]/CE
                            (rising edge-triggered cell FDRE clocked by clk_fpga_0  {rise@0.000ns fall@12.500ns period=25.000ns})
  Path Group:             clk_fpga_0
  Path Type:              Setup (Max at Slow Process Corner)
  Requirement:            25.000ns  (clk_fpga_0 rise@25.000ns - clk_fpga_0 rise@0.000ns)
  Data Path Delay:        22.004ns  (logic 0.456ns (2.072%)  route 21.548ns (97.928%))
  Logic Levels:           0  
  Clock Path Skew:        0.079ns (DCD - SCD + CPR)
    Destination Clock Delay (DCD):    2.954ns = ( 27.954 - 25.000 ) 
    Source Clock Delay      (SCD):    3.004ns
    Clock Pessimism Removal (CPR):    0.129ns
  Clock Uncertainty:      0.377ns  ((TSJ^2 + TIJ^2)^1/2 + DJ) / 2 + PE
    Total System Jitter     (TSJ):    0.071ns
    Total Input Jitter      (TIJ):    0.750ns
    Discrete Jitter          (DJ):    0.000ns
    Phase Error              (PE):    0.000ns

    Location             Delay type                Incr(ns)  Path(ns)    Netlist Resource(s)
  -------------------------------------------------------------------    -------------------
                         (clock clk_fpga_0 rise edge)
                                                      0.000     0.000 r  
    PS7_X0Y0             PS7                          0.000     0.000 r  comblock_setup_wrapper_inst/comblock_setup_i/processing_system7_0/inst/PS7_i/FCLKCLK[0]
                         net (fo=1, routed)           1.193     1.193    comblock_setup_wrapper_inst/comblock_setup_i/processing_system7_0/inst/FCLK_CLK_unbuffered[0]
    BUFGCTRL_X0Y16       BUFG (Prop_bufg_I_O)         0.101     1.294 r  comblock_setup_wrapper_inst/comblock_setup_i/processing_system7_0/inst/buffer_fclk_clk_0.FCLK_CLK_0_BUFG/O
                         net (fo=31598, routed)       1.710     3.004    pm_top_mux_inst/scd_estimator_inst/pm_second_stage_wrap_inst/p_point_fft/U0/i_synth/axi_wrapper/aclk
    SLICE_X59Y90         FDRE                                         r  pm_top_mux_inst/scd_estimator_inst/pm_second_stage_wrap_inst/p_point_fft/U0/i_synth/axi_wrapper/gen_ce_non_real_time.ce_predicted_reg/C
  -------------------------------------------------------------------    -------------------
    SLICE_X59Y90         FDRE (Prop_fdre_C_Q)         0.456     3.460 r  pm_top_mux_inst/scd_estimator_inst/pm_second_stage_wrap_inst/p_point_fft/U0/i_synth/axi_wrapper/gen_ce_non_real_time.ce_predicted_reg/Q
                         net (fo=7550, routed)       21.548    25.008    pm_top_mux_inst/scd_estimator_inst/pm_second_stage_wrap_inst/p_point_fft/U0/i_synth/xfft_inst/non_floating_point.arch_d.xfft_inst/pe_gen[2].natural_order_input.PE/has_TW_mult.MULT/i_cmpy/four_mult_structure.use_dsp.i_dsp/re_im/use_DSP48.iAdelx[1].iAdely[0].u_l[1].need_dsp_delay.Ardelay0/ce_w2c
    SLICE_X93Y113        FDRE                                         r  pm_top_mux_inst/scd_estimator_inst/pm_second_stage_wrap_inst/p_point_fft/U0/i_synth/xfft_inst/non_floating_point.arch_d.xfft_inst/pe_gen[2].natural_order_input.PE/has_TW_mult.MULT/i_cmpy/four_mult_structure.use_dsp.i_dsp/re_im/use_DSP48.iAdelx[1].iAdely[0].u_l[1].need_dsp_delay.Ardelay0/d1.dout_i_reg[13]/CE
  -------------------------------------------------------------------    -------------------

                         (clock clk_fpga_0 rise edge)
                                                     25.000    25.000 r  
    PS7_X0Y0             PS7                          0.000    25.000 r  comblock_setup_wrapper_inst/comblock_setup_i/processing_system7_0/inst/PS7_i/FCLKCLK[0]
                         net (fo=1, routed)           1.088    26.088    comblock_setup_wrapper_inst/comblock_setup_i/processing_system7_0/inst/FCLK_CLK_unbuffered[0]
    BUFGCTRL_X0Y16       BUFG (Prop_bufg_I_O)         0.091    26.179 r  comblock_setup_wrapper_inst/comblock_setup_i/processing_system7_0/inst/buffer_fclk_clk_0.FCLK_CLK_0_BUFG/O
                         net (fo=31598, routed)       1.775    27.954    pm_top_mux_inst/scd_estimator_inst/pm_second_stage_wrap_inst/p_point_fft/U0/i_synth/xfft_inst/non_floating_point.arch_d.xfft_inst/pe_gen[2].natural_order_input.PE/has_TW_mult.MULT/i_cmpy/four_mult_structure.use_dsp.i_dsp/re_im/use_DSP48.iAdelx[1].iAdely[0].u_l[1].need_dsp_delay.Ardelay0/aclk
    SLICE_X93Y113        FDRE                                         r  pm_top_mux_inst/scd_estimator_inst/pm_second_stage_wrap_inst/p_point_fft/U0/i_synth/xfft_inst/non_floating_point.arch_d.xfft_inst/pe_gen[2].natural_order_input.PE/has_TW_mult.MULT/i_cmpy/four_mult_structure.use_dsp.i_dsp/re_im/use_DSP48.iAdelx[1].iAdely[0].u_l[1].need_dsp_delay.Ardelay0/d1.dout_i_reg[13]/C
                         clock pessimism              0.129    28.083    
                         clock uncertainty           -0.377    27.706    
    SLICE_X93Y113        FDRE (Setup_fdre_C_CE)      -0.205    27.501    pm_top_mux_inst/scd_estimator_inst/pm_second_stage_wrap_inst/p_point_fft/U0/i_synth/xfft_inst/non_floating_point.arch_d.xfft_inst/pe_gen[2].natural_order_input.PE/has_TW_mult.MULT/i_cmpy/four_mult_structure.use_dsp.i_dsp/re_im/use_DSP48.iAdelx[1].iAdely[0].u_l[1].need_dsp_delay.Ardelay0/d1.dout_i_reg[13]
  -------------------------------------------------------------------
                         required time                         27.501    
                         arrival time                         -25.008    
  -------------------------------------------------------------------
                         slack                                  2.493    

Slack (MET) :             2.493ns  (required time - arrival time)
  Source:                 pm_top_mux_inst/scd_estimator_inst/pm_second_stage_wrap_inst/p_point_fft/U0/i_synth/axi_wrapper/gen_ce_non_real_time.ce_predicted_reg/C
                            (rising edge-triggered cell FDRE clocked by clk_fpga_0  {rise@0.000ns fall@12.500ns period=25.000ns})
  Destination:            pm_top_mux_inst/scd_estimator_inst/pm_second_stage_wrap_inst/p_point_fft/U0/i_synth/xfft_inst/non_floating_point.arch_d.xfft_inst/pe_gen[2].natural_order_input.PE/has_TW_mult.MULT/i_cmpy/four_mult_structure.use_dsp.i_dsp/re_im/use_DSP48.iAdelx[1].iAdely[0].u_l[1].need_dsp_delay.Ardelay0/d1.dout_i_reg[5]/CE
                            (rising edge-triggered cell FDRE clocked by clk_fpga_0  {rise@0.000ns fall@12.500ns period=25.000ns})
  Path Group:             clk_fpga_0
  Path Type:              Setup (Max at Slow Process Corner)
  Requirement:            25.000ns  (clk_fpga_0 rise@25.000ns - clk_fpga_0 rise@0.000ns)
  Data Path Delay:        22.004ns  (logic 0.456ns (2.072%)  route 21.548ns (97.928%))
  Logic Levels:           0  
  Clock Path Skew:        0.079ns (DCD - SCD + CPR)
    Destination Clock Delay (DCD):    2.954ns = ( 27.954 - 25.000 ) 
    Source Clock Delay      (SCD):    3.004ns
    Clock Pessimism Removal (CPR):    0.129ns
  Clock Uncertainty:      0.377ns  ((TSJ^2 + TIJ^2)^1/2 + DJ) / 2 + PE
    Total System Jitter     (TSJ):    0.071ns
    Total Input Jitter      (TIJ):    0.750ns
    Discrete Jitter          (DJ):    0.000ns
    Phase Error              (PE):    0.000ns

    Location             Delay type                Incr(ns)  Path(ns)    Netlist Resource(s)
  -------------------------------------------------------------------    -------------------
                         (clock clk_fpga_0 rise edge)
                                                      0.000     0.000 r  
    PS7_X0Y0             PS7                          0.000     0.000 r  comblock_setup_wrapper_inst/comblock_setup_i/processing_system7_0/inst/PS7_i/FCLKCLK[0]
                         net (fo=1, routed)           1.193     1.193    comblock_setup_wrapper_inst/comblock_setup_i/processing_system7_0/inst/FCLK_CLK_unbuffered[0]
    BUFGCTRL_X0Y16       BUFG (Prop_bufg_I_O)         0.101     1.294 r  comblock_setup_wrapper_inst/comblock_setup_i/processing_system7_0/inst/buffer_fclk_clk_0.FCLK_CLK_0_BUFG/O
                         net (fo=31598, routed)       1.710     3.004    pm_top_mux_inst/scd_estimator_inst/pm_second_stage_wrap_inst/p_point_fft/U0/i_synth/axi_wrapper/aclk
    SLICE_X59Y90         FDRE                                         r  pm_top_mux_inst/scd_estimator_inst/pm_second_stage_wrap_inst/p_point_fft/U0/i_synth/axi_wrapper/gen_ce_non_real_time.ce_predicted_reg/C
  -------------------------------------------------------------------    -------------------
    SLICE_X59Y90         FDRE (Prop_fdre_C_Q)         0.456     3.460 r  pm_top_mux_inst/scd_estimator_inst/pm_second_stage_wrap_inst/p_point_fft/U0/i_synth/axi_wrapper/gen_ce_non_real_time.ce_predicted_reg/Q
                         net (fo=7550, routed)       21.548    25.008    pm_top_mux_inst/scd_estimator_inst/pm_second_stage_wrap_inst/p_point_fft/U0/i_synth/xfft_inst/non_floating_point.arch_d.xfft_inst/pe_gen[2].natural_order_input.PE/has_TW_mult.MULT/i_cmpy/four_mult_structure.use_dsp.i_dsp/re_im/use_DSP48.iAdelx[1].iAdely[0].u_l[1].need_dsp_delay.Ardelay0/ce_w2c
    SLICE_X93Y113        FDRE                                         r  pm_top_mux_inst/scd_estimator_inst/pm_second_stage_wrap_inst/p_point_fft/U0/i_synth/xfft_inst/non_floating_point.arch_d.xfft_inst/pe_gen[2].natural_order_input.PE/has_TW_mult.MULT/i_cmpy/four_mult_structure.use_dsp.i_dsp/re_im/use_DSP48.iAdelx[1].iAdely[0].u_l[1].need_dsp_delay.Ardelay0/d1.dout_i_reg[5]/CE
  -------------------------------------------------------------------    -------------------

                         (clock clk_fpga_0 rise edge)
                                                     25.000    25.000 r  
    PS7_X0Y0             PS7                          0.000    25.000 r  comblock_setup_wrapper_inst/comblock_setup_i/processing_system7_0/inst/PS7_i/FCLKCLK[0]
                         net (fo=1, routed)           1.088    26.088    comblock_setup_wrapper_inst/comblock_setup_i/processing_system7_0/inst/FCLK_CLK_unbuffered[0]
    BUFGCTRL_X0Y16       BUFG (Prop_bufg_I_O)         0.091    26.179 r  comblock_setup_wrapper_inst/comblock_setup_i/processing_system7_0/inst/buffer_fclk_clk_0.FCLK_CLK_0_BUFG/O
                         net (fo=31598, routed)       1.775    27.954    pm_top_mux_inst/scd_estimator_inst/pm_second_stage_wrap_inst/p_point_fft/U0/i_synth/xfft_inst/non_floating_point.arch_d.xfft_inst/pe_gen[2].natural_order_input.PE/has_TW_mult.MULT/i_cmpy/four_mult_structure.use_dsp.i_dsp/re_im/use_DSP48.iAdelx[1].iAdely[0].u_l[1].need_dsp_delay.Ardelay0/aclk
    SLICE_X93Y113        FDRE                                         r  pm_top_mux_inst/scd_estimator_inst/pm_second_stage_wrap_inst/p_point_fft/U0/i_synth/xfft_inst/non_floating_point.arch_d.xfft_inst/pe_gen[2].natural_order_input.PE/has_TW_mult.MULT/i_cmpy/four_mult_structure.use_dsp.i_dsp/re_im/use_DSP48.iAdelx[1].iAdely[0].u_l[1].need_dsp_delay.Ardelay0/d1.dout_i_reg[5]/C
                         clock pessimism              0.129    28.083    
                         clock uncertainty           -0.377    27.706    
    SLICE_X93Y113        FDRE (Setup_fdre_C_CE)      -0.205    27.501    pm_top_mux_inst/scd_estimator_inst/pm_second_stage_wrap_inst/p_point_fft/U0/i_synth/xfft_inst/non_floating_point.arch_d.xfft_inst/pe_gen[2].natural_order_input.PE/has_TW_mult.MULT/i_cmpy/four_mult_structure.use_dsp.i_dsp/re_im/use_DSP48.iAdelx[1].iAdely[0].u_l[1].need_dsp_delay.Ardelay0/d1.dout_i_reg[5]
  -------------------------------------------------------------------
                         required time                         27.501    
                         arrival time                         -25.008    
  -------------------------------------------------------------------
                         slack                                  2.493    





Min Delay Paths
--------------------------------------------------------------------------------------
Slack (MET) :             0.024ns  (arrival time - required time)
  Source:                 pm_top_mux_inst/scd_estimator_inst/pm_second_stage_wrap_inst/p_point_fft/U0/i_synth/xfft_inst/non_floating_point.arch_d.xfft_inst/pe_gen[0].natural_order_input.PE/rounding.ROUND_1/gated_incr_regs[16].ff/C
                            (rising edge-triggered cell FDRE clocked by clk_fpga_0  {rise@0.000ns fall@12.500ns period=25.000ns})
  Destination:            pm_top_mux_inst/scd_estimator_inst/pm_second_stage_wrap_inst/p_point_fft/U0/i_synth/xfft_inst/non_floating_point.arch_d.xfft_inst/pe_gen[1].natural_order_input.PE/bypass_muxes.din_im_mux_gen[16].reg/D
                            (rising edge-triggered cell FDRE clocked by clk_fpga_0  {rise@0.000ns fall@12.500ns period=25.000ns})
  Path Group:             clk_fpga_0
  Path Type:              Hold (Min at Fast Process Corner)
  Requirement:            0.000ns  (clk_fpga_0 rise@0.000ns - clk_fpga_0 rise@0.000ns)
  Data Path Delay:        0.380ns  (logic 0.186ns (48.931%)  route 0.194ns (51.069%))
  Logic Levels:           1  (LUT4=1)
  Clock Path Skew:        0.264ns (DCD - SCD - CPR)
    Destination Clock Delay (DCD):    1.179ns
    Source Clock Delay      (SCD):    0.880ns
    Clock Pessimism Removal (CPR):    0.035ns

    Location             Delay type                Incr(ns)  Path(ns)    Netlist Resource(s)
  -------------------------------------------------------------------    -------------------
                         (clock clk_fpga_0 rise edge)
                                                      0.000     0.000 r  
    PS7_X0Y0             PS7                          0.000     0.000 r  comblock_setup_wrapper_inst/comblock_setup_i/processing_system7_0/inst/PS7_i/FCLKCLK[0]
                         net (fo=1, routed)           0.310     0.310    comblock_setup_wrapper_inst/comblock_setup_i/processing_system7_0/inst/FCLK_CLK_unbuffered[0]
    BUFGCTRL_X0Y16       BUFG (Prop_bufg_I_O)         0.026     0.336 r  comblock_setup_wrapper_inst/comblock_setup_i/processing_system7_0/inst/buffer_fclk_clk_0.FCLK_CLK_0_BUFG/O
                         net (fo=31598, routed)       0.544     0.880    pm_top_mux_inst/scd_estimator_inst/pm_second_stage_wrap_inst/p_point_fft/U0/i_synth/xfft_inst/non_floating_point.arch_d.xfft_inst/pe_gen[0].natural_order_input.PE/rounding.ROUND_1/aclk
    SLICE_X52Y80         FDRE                                         r  pm_top_mux_inst/scd_estimator_inst/pm_second_stage_wrap_inst/p_point_fft/U0/i_synth/xfft_inst/non_floating_point.arch_d.xfft_inst/pe_gen[0].natural_order_input.PE/rounding.ROUND_1/gated_incr_regs[16].ff/C
  -------------------------------------------------------------------    -------------------
    SLICE_X52Y80         FDRE (Prop_fdre_C_Q)         0.141     1.021 r  pm_top_mux_inst/scd_estimator_inst/pm_second_stage_wrap_inst/p_point_fft/U0/i_synth/xfft_inst/non_floating_point.arch_d.xfft_inst/pe_gen[0].natural_order_input.PE/rounding.ROUND_1/gated_incr_regs[16].ff/Q
                         net (fo=1, routed)           0.194     1.215    pm_top_mux_inst/scd_estimator_inst/pm_second_stage_wrap_inst/p_point_fft/U0/i_synth/xfft_inst/non_floating_point.arch_d.xfft_inst/pe_gen[1].natural_order_input.PE/pe_out_im[0]_15[16]
    SLICE_X49Y79         LUT4 (Prop_lut4_I0_O)        0.045     1.260 r  pm_top_mux_inst/scd_estimator_inst/pm_second_stage_wrap_inst/p_point_fft/U0/i_synth/xfft_inst/non_floating_point.arch_d.xfft_inst/pe_gen[1].natural_order_input.PE/bypass_muxes.din_im_mux_gen[16].lut/O
                         net (fo=1, routed)           0.000     1.260    pm_top_mux_inst/scd_estimator_inst/pm_second_stage_wrap_inst/p_point_fft/U0/i_synth/xfft_inst/non_floating_point.arch_d.xfft_inst/pe_gen[1].natural_order_input.PE/bypass_muxes.din_im_mux_gen[16].lut_out
    SLICE_X49Y79         FDRE                                         r  pm_top_mux_inst/scd_estimator_inst/pm_second_stage_wrap_inst/p_point_fft/U0/i_synth/xfft_inst/non_floating_point.arch_d.xfft_inst/pe_gen[1].natural_order_input.PE/bypass_muxes.din_im_mux_gen[16].reg/D
  -------------------------------------------------------------------    -------------------

                         (clock clk_fpga_0 rise edge)
                                                      0.000     0.000 r  
    PS7_X0Y0             PS7                          0.000     0.000 r  comblock_setup_wrapper_inst/comblock_setup_i/processing_system7_0/inst/PS7_i/FCLKCLK[0]
                         net (fo=1, routed)           0.337     0.337    comblock_setup_wrapper_inst/comblock_setup_i/processing_system7_0/inst/FCLK_CLK_unbuffered[0]
    BUFGCTRL_X0Y16       BUFG (Prop_bufg_I_O)         0.029     0.366 r  comblock_setup_wrapper_inst/comblock_setup_i/processing_system7_0/inst/buffer_fclk_clk_0.FCLK_CLK_0_BUFG/O
                         net (fo=31598, routed)       0.813     1.179    pm_top_mux_inst/scd_estimator_inst/pm_second_stage_wrap_inst/p_point_fft/U0/i_synth/xfft_inst/non_floating_point.arch_d.xfft_inst/pe_gen[1].natural_order_input.PE/aclk
    SLICE_X49Y79         FDRE                                         r  pm_top_mux_inst/scd_estimator_inst/pm_second_stage_wrap_inst/p_point_fft/U0/i_synth/xfft_inst/non_floating_point.arch_d.xfft_inst/pe_gen[1].natural_order_input.PE/bypass_muxes.din_im_mux_gen[16].reg/C
                         clock pessimism             -0.035     1.144    
    SLICE_X49Y79         FDRE (Hold_fdre_C_D)         0.092     1.236    pm_top_mux_inst/scd_estimator_inst/pm_second_stage_wrap_inst/p_point_fft/U0/i_synth/xfft_inst/non_floating_point.arch_d.xfft_inst/pe_gen[1].natural_order_input.PE/bypass_muxes.din_im_mux_gen[16].reg
  -------------------------------------------------------------------
                         required time                         -1.236    
                         arrival time                           1.260    
  -------------------------------------------------------------------
                         slack                                  0.024    

Slack (MET) :             0.027ns  (arrival time - required time)
  Source:                 comblock_setup_wrapper_inst/comblock_setup_i/ps7_0_axi_periph/s00_couplers/auto_pc/inst/gen_axilite.gen_b2s_conv.axilite_b2s/SI_REG/aw.aw_pipe/skid_buffer_reg[39]/C
                            (rising edge-triggered cell FDRE clocked by clk_fpga_0  {rise@0.000ns fall@12.500ns period=25.000ns})
  Destination:            comblock_setup_wrapper_inst/comblock_setup_i/ps7_0_axi_periph/s00_couplers/auto_pc/inst/gen_axilite.gen_b2s_conv.axilite_b2s/SI_REG/aw.aw_pipe/m_payload_i_reg[39]/D
                            (rising edge-triggered cell FDRE clocked by clk_fpga_0  {rise@0.000ns fall@12.500ns period=25.000ns})
  Path Group:             clk_fpga_0
  Path Type:              Hold (Min at Fast Process Corner)
  Requirement:            0.000ns  (clk_fpga_0 rise@0.000ns - clk_fpga_0 rise@0.000ns)
  Data Path Delay:        0.485ns  (logic 0.227ns (46.788%)  route 0.258ns (53.212%))
  Logic Levels:           1  (LUT3=1)
  Clock Path Skew:        0.351ns (DCD - SCD - CPR)
    Destination Clock Delay (DCD):    1.296ns
    Source Clock Delay      (SCD):    0.910ns
    Clock Pessimism Removal (CPR):    0.035ns

    Location             Delay type                Incr(ns)  Path(ns)    Netlist Resource(s)
  -------------------------------------------------------------------    -------------------
                         (clock clk_fpga_0 rise edge)
                                                      0.000     0.000 r  
    PS7_X0Y0             PS7                          0.000     0.000 r  comblock_setup_wrapper_inst/comblock_setup_i/processing_system7_0/inst/PS7_i/FCLKCLK[0]
                         net (fo=1, routed)           0.310     0.310    comblock_setup_wrapper_inst/comblock_setup_i/processing_system7_0/inst/FCLK_CLK_unbuffered[0]
    BUFGCTRL_X0Y16       BUFG (Prop_bufg_I_O)         0.026     0.336 r  comblock_setup_wrapper_inst/comblock_setup_i/processing_system7_0/inst/buffer_fclk_clk_0.FCLK_CLK_0_BUFG/O
                         net (fo=31598, routed)       0.574     0.910    comblock_setup_wrapper_inst/comblock_setup_i/ps7_0_axi_periph/s00_couplers/auto_pc/inst/gen_axilite.gen_b2s_conv.axilite_b2s/SI_REG/aw.aw_pipe/aclk
    SLICE_X27Y99         FDRE                                         r  comblock_setup_wrapper_inst/comblock_setup_i/ps7_0_axi_periph/s00_couplers/auto_pc/inst/gen_axilite.gen_b2s_conv.axilite_b2s/SI_REG/aw.aw_pipe/skid_buffer_reg[39]/C
  -------------------------------------------------------------------    -------------------
    SLICE_X27Y99         FDRE (Prop_fdre_C_Q)         0.128     1.038 r  comblock_setup_wrapper_inst/comblock_setup_i/ps7_0_axi_periph/s00_couplers/auto_pc/inst/gen_axilite.gen_b2s_conv.axilite_b2s/SI_REG/aw.aw_pipe/skid_buffer_reg[39]/Q
                         net (fo=1, routed)           0.258     1.296    comblock_setup_wrapper_inst/comblock_setup_i/ps7_0_axi_periph/s00_couplers/auto_pc/inst/gen_axilite.gen_b2s_conv.axilite_b2s/SI_REG/aw.aw_pipe/skid_buffer_reg_n_0_[39]
    SLICE_X27Y100        LUT3 (Prop_lut3_I2_O)        0.099     1.395 r  comblock_setup_wrapper_inst/comblock_setup_i/ps7_0_axi_periph/s00_couplers/auto_pc/inst/gen_axilite.gen_b2s_conv.axilite_b2s/SI_REG/aw.aw_pipe/m_payload_i[39]_i_1/O
                         net (fo=1, routed)           0.000     1.395    comblock_setup_wrapper_inst/comblock_setup_i/ps7_0_axi_periph/s00_couplers/auto_pc/inst/gen_axilite.gen_b2s_conv.axilite_b2s/SI_REG/aw.aw_pipe/skid_buffer[39]
    SLICE_X27Y100        FDRE                                         r  comblock_setup_wrapper_inst/comblock_setup_i/ps7_0_axi_periph/s00_couplers/auto_pc/inst/gen_axilite.gen_b2s_conv.axilite_b2s/SI_REG/aw.aw_pipe/m_payload_i_reg[39]/D
  -------------------------------------------------------------------    -------------------

                         (clock clk_fpga_0 rise edge)
                                                      0.000     0.000 r  
    PS7_X0Y0             PS7                          0.000     0.000 r  comblock_setup_wrapper_inst/comblock_setup_i/processing_system7_0/inst/PS7_i/FCLKCLK[0]
                         net (fo=1, routed)           0.337     0.337    comblock_setup_wrapper_inst/comblock_setup_i/processing_system7_0/inst/FCLK_CLK_unbuffered[0]
    BUFGCTRL_X0Y16       BUFG (Prop_bufg_I_O)         0.029     0.366 r  comblock_setup_wrapper_inst/comblock_setup_i/processing_system7_0/inst/buffer_fclk_clk_0.FCLK_CLK_0_BUFG/O
                         net (fo=31598, routed)       0.930     1.296    comblock_setup_wrapper_inst/comblock_setup_i/ps7_0_axi_periph/s00_couplers/auto_pc/inst/gen_axilite.gen_b2s_conv.axilite_b2s/SI_REG/aw.aw_pipe/aclk
    SLICE_X27Y100        FDRE                                         r  comblock_setup_wrapper_inst/comblock_setup_i/ps7_0_axi_periph/s00_couplers/auto_pc/inst/gen_axilite.gen_b2s_conv.axilite_b2s/SI_REG/aw.aw_pipe/m_payload_i_reg[39]/C
                         clock pessimism             -0.035     1.261    
    SLICE_X27Y100        FDRE (Hold_fdre_C_D)         0.107     1.368    comblock_setup_wrapper_inst/comblock_setup_i/ps7_0_axi_periph/s00_couplers/auto_pc/inst/gen_axilite.gen_b2s_conv.axilite_b2s/SI_REG/aw.aw_pipe/m_payload_i_reg[39]
  -------------------------------------------------------------------
                         required time                         -1.368    
                         arrival time                           1.395    
  -------------------------------------------------------------------
                         slack                                  0.027    

Slack (MET) :             0.028ns  (arrival time - required time)
  Source:                 pm_top_mux_inst/scd_estimator_inst/pm_second_stage_wrap_inst/second_stage_fsmd_inst/r_fft2_input_buffer_reg[96][25]/C
                            (rising edge-triggered cell FDRE clocked by clk_fpga_0  {rise@0.000ns fall@12.500ns period=25.000ns})
  Destination:            pm_top_mux_inst/scd_estimator_inst/pm_second_stage_wrap_inst/second_stage_fsmd_inst/r_fft2_input_buffer_reg[97][25]/D
                            (rising edge-triggered cell FDRE clocked by clk_fpga_0  {rise@0.000ns fall@12.500ns period=25.000ns})
  Path Group:             clk_fpga_0
  Path Type:              Hold (Min at Fast Process Corner)
  Requirement:            0.000ns  (clk_fpga_0 rise@0.000ns - clk_fpga_0 rise@0.000ns)
  Data Path Delay:        0.367ns  (logic 0.141ns (38.434%)  route 0.226ns (61.566%))
  Logic Levels:           0  
  Clock Path Skew:        0.268ns (DCD - SCD - CPR)
    Destination Clock Delay (DCD):    1.189ns
    Source Clock Delay      (SCD):    0.886ns
    Clock Pessimism Removal (CPR):    0.035ns

    Location             Delay type                Incr(ns)  Path(ns)    Netlist Resource(s)
  -------------------------------------------------------------------    -------------------
                         (clock clk_fpga_0 rise edge)
                                                      0.000     0.000 r  
    PS7_X0Y0             PS7                          0.000     0.000 r  comblock_setup_wrapper_inst/comblock_setup_i/processing_system7_0/inst/PS7_i/FCLKCLK[0]
                         net (fo=1, routed)           0.310     0.310    comblock_setup_wrapper_inst/comblock_setup_i/processing_system7_0/inst/FCLK_CLK_unbuffered[0]
    BUFGCTRL_X0Y16       BUFG (Prop_bufg_I_O)         0.026     0.336 r  comblock_setup_wrapper_inst/comblock_setup_i/processing_system7_0/inst/buffer_fclk_clk_0.FCLK_CLK_0_BUFG/O
                         net (fo=31598, routed)       0.550     0.886    pm_top_mux_inst/scd_estimator_inst/pm_second_stage_wrap_inst/second_stage_fsmd_inst/PS_CLOCK0
    SLICE_X51Y60         FDRE                                         r  pm_top_mux_inst/scd_estimator_inst/pm_second_stage_wrap_inst/second_stage_fsmd_inst/r_fft2_input_buffer_reg[96][25]/C
  -------------------------------------------------------------------    -------------------
    SLICE_X51Y60         FDRE (Prop_fdre_C_Q)         0.141     1.027 r  pm_top_mux_inst/scd_estimator_inst/pm_second_stage_wrap_inst/second_stage_fsmd_inst/r_fft2_input_buffer_reg[96][25]/Q
                         net (fo=2, routed)           0.226     1.252    pm_top_mux_inst/scd_estimator_inst/pm_second_stage_wrap_inst/second_stage_fsmd_inst/r_fft2_input_buffer_reg[96]_161[25]
    SLICE_X47Y59         FDRE                                         r  pm_top_mux_inst/scd_estimator_inst/pm_second_stage_wrap_inst/second_stage_fsmd_inst/r_fft2_input_buffer_reg[97][25]/D
  -------------------------------------------------------------------    -------------------

                         (clock clk_fpga_0 rise edge)
                                                      0.000     0.000 r  
    PS7_X0Y0             PS7                          0.000     0.000 r  comblock_setup_wrapper_inst/comblock_setup_i/processing_system7_0/inst/PS7_i/FCLKCLK[0]
                         net (fo=1, routed)           0.337     0.337    comblock_setup_wrapper_inst/comblock_setup_i/processing_system7_0/inst/FCLK_CLK_unbuffered[0]
    BUFGCTRL_X0Y16       BUFG (Prop_bufg_I_O)         0.029     0.366 r  comblock_setup_wrapper_inst/comblock_setup_i/processing_system7_0/inst/buffer_fclk_clk_0.FCLK_CLK_0_BUFG/O
                         net (fo=31598, routed)       0.823     1.189    pm_top_mux_inst/scd_estimator_inst/pm_second_stage_wrap_inst/second_stage_fsmd_inst/PS_CLOCK0
    SLICE_X47Y59         FDRE                                         r  pm_top_mux_inst/scd_estimator_inst/pm_second_stage_wrap_inst/second_stage_fsmd_inst/r_fft2_input_buffer_reg[97][25]/C
                         clock pessimism             -0.035     1.154    
    SLICE_X47Y59         FDRE (Hold_fdre_C_D)         0.071     1.225    pm_top_mux_inst/scd_estimator_inst/pm_second_stage_wrap_inst/second_stage_fsmd_inst/r_fft2_input_buffer_reg[97][25]
  -------------------------------------------------------------------
                         required time                         -1.225    
                         arrival time                           1.252    
  -------------------------------------------------------------------
                         slack                                  0.028    

Slack (MET) :             0.029ns  (arrival time - required time)
  Source:                 pm_top_mux_inst/scd_estimator_inst/pm_second_stage_wrap_inst/p_point_fft/U0/i_synth/axi_wrapper/data_in_channel_fifo/gen_non_real_time.data_in_fifo_pt1/fifo0/fifo_2_reg[55]/C
                            (rising edge-triggered cell FDRE clocked by clk_fpga_0  {rise@0.000ns fall@12.500ns period=25.000ns})
  Destination:            pm_top_mux_inst/scd_estimator_inst/pm_second_stage_wrap_inst/p_point_fft/U0/i_synth/axi_wrapper/data_in_channel_fifo/gen_non_real_time.gen_has_skid_buffer.data_out_1_reg[55]/D
                            (rising edge-triggered cell FDRE clocked by clk_fpga_0  {rise@0.000ns fall@12.500ns period=25.000ns})
  Path Group:             clk_fpga_0
  Path Type:              Hold (Min at Fast Process Corner)
  Requirement:            0.000ns  (clk_fpga_0 rise@0.000ns - clk_fpga_0 rise@0.000ns)
  Data Path Delay:        0.317ns  (logic 0.148ns (46.671%)  route 0.169ns (53.329%))
  Logic Levels:           0  
  Clock Path Skew:        0.266ns (DCD - SCD - CPR)
    Destination Clock Delay (DCD):    1.185ns
    Source Clock Delay      (SCD):    0.884ns
    Clock Pessimism Removal (CPR):    0.035ns

    Location             Delay type                Incr(ns)  Path(ns)    Netlist Resource(s)
  -------------------------------------------------------------------    -------------------
                         (clock clk_fpga_0 rise edge)
                                                      0.000     0.000 r  
    PS7_X0Y0             PS7                          0.000     0.000 r  comblock_setup_wrapper_inst/comblock_setup_i/processing_system7_0/inst/PS7_i/FCLKCLK[0]
                         net (fo=1, routed)           0.310     0.310    comblock_setup_wrapper_inst/comblock_setup_i/processing_system7_0/inst/FCLK_CLK_unbuffered[0]
    BUFGCTRL_X0Y16       BUFG (Prop_bufg_I_O)         0.026     0.336 r  comblock_setup_wrapper_inst/comblock_setup_i/processing_system7_0/inst/buffer_fclk_clk_0.FCLK_CLK_0_BUFG/O
                         net (fo=31598, routed)       0.548     0.884    pm_top_mux_inst/scd_estimator_inst/pm_second_stage_wrap_inst/p_point_fft/U0/i_synth/axi_wrapper/data_in_channel_fifo/gen_non_real_time.data_in_fifo_pt1/fifo0/aclk
    SLICE_X50Y85         FDRE                                         r  pm_top_mux_inst/scd_estimator_inst/pm_second_stage_wrap_inst/p_point_fft/U0/i_synth/axi_wrapper/data_in_channel_fifo/gen_non_real_time.data_in_fifo_pt1/fifo0/fifo_2_reg[55]/C
  -------------------------------------------------------------------    -------------------
    SLICE_X50Y85         FDRE (Prop_fdre_C_Q)         0.148     1.032 r  pm_top_mux_inst/scd_estimator_inst/pm_second_stage_wrap_inst/p_point_fft/U0/i_synth/axi_wrapper/data_in_channel_fifo/gen_non_real_time.data_in_fifo_pt1/fifo0/fifo_2_reg[55]/Q
                         net (fo=2, routed)           0.169     1.201    pm_top_mux_inst/scd_estimator_inst/pm_second_stage_wrap_inst/p_point_fft/U0/i_synth/axi_wrapper/data_in_channel_fifo/gen_non_real_time.data_out_fifo[55]
    SLICE_X49Y85         FDRE                                         r  pm_top_mux_inst/scd_estimator_inst/pm_second_stage_wrap_inst/p_point_fft/U0/i_synth/axi_wrapper/data_in_channel_fifo/gen_non_real_time.gen_has_skid_buffer.data_out_1_reg[55]/D
  -------------------------------------------------------------------    -------------------

                         (clock clk_fpga_0 rise edge)
                                                      0.000     0.000 r  
    PS7_X0Y0             PS7                          0.000     0.000 r  comblock_setup_wrapper_inst/comblock_setup_i/processing_system7_0/inst/PS7_i/FCLKCLK[0]
                         net (fo=1, routed)           0.337     0.337    comblock_setup_wrapper_inst/comblock_setup_i/processing_system7_0/inst/FCLK_CLK_unbuffered[0]
    BUFGCTRL_X0Y16       BUFG (Prop_bufg_I_O)         0.029     0.366 r  comblock_setup_wrapper_inst/comblock_setup_i/processing_system7_0/inst/buffer_fclk_clk_0.FCLK_CLK_0_BUFG/O
                         net (fo=31598, routed)       0.819     1.185    pm_top_mux_inst/scd_estimator_inst/pm_second_stage_wrap_inst/p_point_fft/U0/i_synth/axi_wrapper/data_in_channel_fifo/aclk
    SLICE_X49Y85         FDRE                                         r  pm_top_mux_inst/scd_estimator_inst/pm_second_stage_wrap_inst/p_point_fft/U0/i_synth/axi_wrapper/data_in_channel_fifo/gen_non_real_time.gen_has_skid_buffer.data_out_1_reg[55]/C
                         clock pessimism             -0.035     1.150    
    SLICE_X49Y85         FDRE (Hold_fdre_C_D)         0.022     1.172    pm_top_mux_inst/scd_estimator_inst/pm_second_stage_wrap_inst/p_point_fft/U0/i_synth/axi_wrapper/data_in_channel_fifo/gen_non_real_time.gen_has_skid_buffer.data_out_1_reg[55]
  -------------------------------------------------------------------
                         required time                         -1.172    
                         arrival time                           1.201    
  -------------------------------------------------------------------
                         slack                                  0.029    

Slack (MET) :             0.030ns  (arrival time - required time)
  Source:                 pm_top_mux_inst/scd_estimator_inst/pm_second_stage_wrap_inst/p_point_fft/U0/i_synth/xfft_inst/non_floating_point.arch_d.xfft_inst/has_bit_reverse.pe_out_reg/no_sclr_lut.real_shift_ram.use_baseblock.use_hlutnm_srls.srl_loop[24].i_fdre1/C
                            (rising edge-triggered cell FDRE clocked by clk_fpga_0  {rise@0.000ns fall@12.500ns period=25.000ns})
  Destination:            pm_top_mux_inst/scd_estimator_inst/pm_second_stage_wrap_inst/p_point_fft/U0/i_synth/xfft_inst/non_floating_point.arch_d.xfft_inst/has_bit_reverse.dig_rev_mem/blk_ram.use_bram_only.mem/depths_3to9.ram_loop[1].use_RAMB18.SDP_RAMB18E1_36x512/DIBDI[12]
                            (rising edge-triggered cell RAMB18E1 clocked by clk_fpga_0  {rise@0.000ns fall@12.500ns period=25.000ns})
  Path Group:             clk_fpga_0
  Path Type:              Hold (Min at Fast Process Corner)
  Requirement:            0.000ns  (clk_fpga_0 rise@0.000ns - clk_fpga_0 rise@0.000ns)
  Data Path Delay:        0.386ns  (logic 0.164ns (42.481%)  route 0.222ns (57.519%))
  Logic Levels:           0  
  Clock Path Skew:        0.060ns (DCD - SCD - CPR)
    Destination Clock Delay (DCD):    1.332ns
    Source Clock Delay      (SCD):    0.985ns
    Clock Pessimism Removal (CPR):    0.287ns

    Location             Delay type                Incr(ns)  Path(ns)    Netlist Resource(s)
  -------------------------------------------------------------------    -------------------
                         (clock clk_fpga_0 rise edge)
                                                      0.000     0.000 r  
    PS7_X0Y0             PS7                          0.000     0.000 r  comblock_setup_wrapper_inst/comblock_setup_i/processing_system7_0/inst/PS7_i/FCLKCLK[0]
                         net (fo=1, routed)           0.310     0.310    comblock_setup_wrapper_inst/comblock_setup_i/processing_system7_0/inst/FCLK_CLK_unbuffered[0]
    BUFGCTRL_X0Y16       BUFG (Prop_bufg_I_O)         0.026     0.336 r  comblock_setup_wrapper_inst/comblock_setup_i/processing_system7_0/inst/buffer_fclk_clk_0.FCLK_CLK_0_BUFG/O
                         net (fo=31598, routed)       0.649     0.985    pm_top_mux_inst/scd_estimator_inst/pm_second_stage_wrap_inst/p_point_fft/U0/i_synth/xfft_inst/non_floating_point.arch_d.xfft_inst/has_bit_reverse.pe_out_reg/aclk
    SLICE_X54Y120        FDRE                                         r  pm_top_mux_inst/scd_estimator_inst/pm_second_stage_wrap_inst/p_point_fft/U0/i_synth/xfft_inst/non_floating_point.arch_d.xfft_inst/has_bit_reverse.pe_out_reg/no_sclr_lut.real_shift_ram.use_baseblock.use_hlutnm_srls.srl_loop[24].i_fdre1/C
  -------------------------------------------------------------------    -------------------
    SLICE_X54Y120        FDRE (Prop_fdre_C_Q)         0.164     1.149 r  pm_top_mux_inst/scd_estimator_inst/pm_second_stage_wrap_inst/p_point_fft/U0/i_synth/xfft_inst/non_floating_point.arch_d.xfft_inst/has_bit_reverse.pe_out_reg/no_sclr_lut.real_shift_ram.use_baseblock.use_hlutnm_srls.srl_loop[24].i_fdre1/Q
                         net (fo=1, routed)           0.222     1.371    pm_top_mux_inst/scd_estimator_inst/pm_second_stage_wrap_inst/p_point_fft/U0/i_synth/xfft_inst/non_floating_point.arch_d.xfft_inst/has_bit_reverse.dig_rev_mem/blk_ram.use_bram_only.mem/dina[49]
    RAMB18_X3Y46         RAMB18E1                                     r  pm_top_mux_inst/scd_estimator_inst/pm_second_stage_wrap_inst/p_point_fft/U0/i_synth/xfft_inst/non_floating_point.arch_d.xfft_inst/has_bit_reverse.dig_rev_mem/blk_ram.use_bram_only.mem/depths_3to9.ram_loop[1].use_RAMB18.SDP_RAMB18E1_36x512/DIBDI[12]
  -------------------------------------------------------------------    -------------------

                         (clock clk_fpga_0 rise edge)
                                                      0.000     0.000 r  
    PS7_X0Y0             PS7                          0.000     0.000 r  comblock_setup_wrapper_inst/comblock_setup_i/processing_system7_0/inst/PS7_i/FCLKCLK[0]
                         net (fo=1, routed)           0.337     0.337    comblock_setup_wrapper_inst/comblock_setup_i/processing_system7_0/inst/FCLK_CLK_unbuffered[0]
    BUFGCTRL_X0Y16       BUFG (Prop_bufg_I_O)         0.029     0.366 r  comblock_setup_wrapper_inst/comblock_setup_i/processing_system7_0/inst/buffer_fclk_clk_0.FCLK_CLK_0_BUFG/O
                         net (fo=31598, routed)       0.966     1.332    pm_top_mux_inst/scd_estimator_inst/pm_second_stage_wrap_inst/p_point_fft/U0/i_synth/xfft_inst/non_floating_point.arch_d.xfft_inst/has_bit_reverse.dig_rev_mem/blk_ram.use_bram_only.mem/clk
    RAMB18_X3Y46         RAMB18E1                                     r  pm_top_mux_inst/scd_estimator_inst/pm_second_stage_wrap_inst/p_point_fft/U0/i_synth/xfft_inst/non_floating_point.arch_d.xfft_inst/has_bit_reverse.dig_rev_mem/blk_ram.use_bram_only.mem/depths_3to9.ram_loop[1].use_RAMB18.SDP_RAMB18E1_36x512/CLKBWRCLK
                         clock pessimism             -0.287     1.045    
    RAMB18_X3Y46         RAMB18E1 (Hold_ramb18e1_CLKBWRCLK_DIBDI[12])
                                                      0.296     1.341    pm_top_mux_inst/scd_estimator_inst/pm_second_stage_wrap_inst/p_point_fft/U0/i_synth/xfft_inst/non_floating_point.arch_d.xfft_inst/has_bit_reverse.dig_rev_mem/blk_ram.use_bram_only.mem/depths_3to9.ram_loop[1].use_RAMB18.SDP_RAMB18E1_36x512
  -------------------------------------------------------------------
                         required time                         -1.341    
                         arrival time                           1.371    
  -------------------------------------------------------------------
                         slack                                  0.030    

Slack (MET) :             0.032ns  (arrival time - required time)
  Source:                 comblock_setup_wrapper_inst/comblock_setup_i/ps7_0_axi_periph/s00_couplers/auto_pc/inst/gen_axilite.gen_b2s_conv.axilite_b2s/WR.aw_channel_0/s_awid_r_reg[9]/C
                            (rising edge-triggered cell FDRE clocked by clk_fpga_0  {rise@0.000ns fall@12.500ns period=25.000ns})
  Destination:            comblock_setup_wrapper_inst/comblock_setup_i/ps7_0_axi_periph/s00_couplers/auto_pc/inst/gen_axilite.gen_b2s_conv.axilite_b2s/WR.b_channel_0/bid_fifo_0/memory_reg[3][17]_srl4/D
                            (rising edge-triggered cell SRL16E clocked by clk_fpga_0  {rise@0.000ns fall@12.500ns period=25.000ns})
  Path Group:             clk_fpga_0
  Path Type:              Hold (Min at Fast Process Corner)
  Requirement:            0.000ns  (clk_fpga_0 rise@0.000ns - clk_fpga_0 rise@0.000ns)
  Data Path Delay:        0.321ns  (logic 0.141ns (43.981%)  route 0.180ns (56.019%))
  Logic Levels:           0  
  Clock Path Skew:        0.180ns (DCD - SCD - CPR)
    Destination Clock Delay (DCD):    1.210ns
    Source Clock Delay      (SCD):    0.995ns
    Clock Pessimism Removal (CPR):    0.035ns

    Location             Delay type                Incr(ns)  Path(ns)    Netlist Resource(s)
  -------------------------------------------------------------------    -------------------
                         (clock clk_fpga_0 rise edge)
                                                      0.000     0.000 r  
    PS7_X0Y0             PS7                          0.000     0.000 r  comblock_setup_wrapper_inst/comblock_setup_i/processing_system7_0/inst/PS7_i/FCLKCLK[0]
                         net (fo=1, routed)           0.310     0.310    comblock_setup_wrapper_inst/comblock_setup_i/processing_system7_0/inst/FCLK_CLK_unbuffered[0]
    BUFGCTRL_X0Y16       BUFG (Prop_bufg_I_O)         0.026     0.336 r  comblock_setup_wrapper_inst/comblock_setup_i/processing_system7_0/inst/buffer_fclk_clk_0.FCLK_CLK_0_BUFG/O
                         net (fo=31598, routed)       0.659     0.995    comblock_setup_wrapper_inst/comblock_setup_i/ps7_0_axi_periph/s00_couplers/auto_pc/inst/gen_axilite.gen_b2s_conv.axilite_b2s/WR.aw_channel_0/aclk
    SLICE_X31Y101        FDRE                                         r  comblock_setup_wrapper_inst/comblock_setup_i/ps7_0_axi_periph/s00_couplers/auto_pc/inst/gen_axilite.gen_b2s_conv.axilite_b2s/WR.aw_channel_0/s_awid_r_reg[9]/C
  -------------------------------------------------------------------    -------------------
    SLICE_X31Y101        FDRE (Prop_fdre_C_Q)         0.141     1.136 r  comblock_setup_wrapper_inst/comblock_setup_i/ps7_0_axi_periph/s00_couplers/auto_pc/inst/gen_axilite.gen_b2s_conv.axilite_b2s/WR.aw_channel_0/s_awid_r_reg[9]/Q
                         net (fo=1, routed)           0.180     1.316    comblock_setup_wrapper_inst/comblock_setup_i/ps7_0_axi_periph/s00_couplers/auto_pc/inst/gen_axilite.gen_b2s_conv.axilite_b2s/WR.b_channel_0/bid_fifo_0/in[13]
    SLICE_X26Y99         SRL16E                                       r  comblock_setup_wrapper_inst/comblock_setup_i/ps7_0_axi_periph/s00_couplers/auto_pc/inst/gen_axilite.gen_b2s_conv.axilite_b2s/WR.b_channel_0/bid_fifo_0/memory_reg[3][17]_srl4/D
  -------------------------------------------------------------------    -------------------

                         (clock clk_fpga_0 rise edge)
                                                      0.000     0.000 r  
    PS7_X0Y0             PS7                          0.000     0.000 r  comblock_setup_wrapper_inst/comblock_setup_i/processing_system7_0/inst/PS7_i/FCLKCLK[0]
                         net (fo=1, routed)           0.337     0.337    comblock_setup_wrapper_inst/comblock_setup_i/processing_system7_0/inst/FCLK_CLK_unbuffered[0]
    BUFGCTRL_X0Y16       BUFG (Prop_bufg_I_O)         0.029     0.366 r  comblock_setup_wrapper_inst/comblock_setup_i/processing_system7_0/inst/buffer_fclk_clk_0.FCLK_CLK_0_BUFG/O
                         net (fo=31598, routed)       0.844     1.210    comblock_setup_wrapper_inst/comblock_setup_i/ps7_0_axi_periph/s00_couplers/auto_pc/inst/gen_axilite.gen_b2s_conv.axilite_b2s/WR.b_channel_0/bid_fifo_0/aclk
    SLICE_X26Y99         SRL16E                                       r  comblock_setup_wrapper_inst/comblock_setup_i/ps7_0_axi_periph/s00_couplers/auto_pc/inst/gen_axilite.gen_b2s_conv.axilite_b2s/WR.b_channel_0/bid_fifo_0/memory_reg[3][17]_srl4/CLK
                         clock pessimism             -0.035     1.175    
    SLICE_X26Y99         SRL16E (Hold_srl16e_CLK_D)
                                                      0.109     1.284    comblock_setup_wrapper_inst/comblock_setup_i/ps7_0_axi_periph/s00_couplers/auto_pc/inst/gen_axilite.gen_b2s_conv.axilite_b2s/WR.b_channel_0/bid_fifo_0/memory_reg[3][17]_srl4
  -------------------------------------------------------------------
                         required time                         -1.284    
                         arrival time                           1.316    
  -------------------------------------------------------------------
                         slack                                  0.032    

Slack (MET) :             0.034ns  (arrival time - required time)
  Source:                 pm_top_mux_inst/scd_estimator_inst/pm_second_stage_wrap_inst/p_point_fft/U0/i_synth/xfft_inst/non_floating_point.arch_d.xfft_inst/pe_gen[2].natural_order_input.PE/rounding.ROUND_1/gated_incr_regs[5].ff/C
                            (rising edge-triggered cell FDRE clocked by clk_fpga_0  {rise@0.000ns fall@12.500ns period=25.000ns})
  Destination:            pm_top_mux_inst/scd_estimator_inst/pm_second_stage_wrap_inst/p_point_fft/U0/i_synth/xfft_inst/non_floating_point.arch_d.xfft_inst/pe_gen[3].natural_order_input.PE/FW_1.BF_1/in_commutator_B/no_sclr_lut.depth1_shift_ram.without_sclr.Qsr_reg[5]/D
                            (rising edge-triggered cell FDRE clocked by clk_fpga_0  {rise@0.000ns fall@12.500ns period=25.000ns})
  Path Group:             clk_fpga_0
  Path Type:              Hold (Min at Fast Process Corner)
  Requirement:            0.000ns  (clk_fpga_0 rise@0.000ns - clk_fpga_0 rise@0.000ns)
  Data Path Delay:        0.370ns  (logic 0.141ns (38.126%)  route 0.229ns (61.874%))
  Logic Levels:           0  
  Clock Path Skew:        0.260ns (DCD - SCD - CPR)
    Destination Clock Delay (DCD):    1.272ns
    Source Clock Delay      (SCD):    0.973ns
    Clock Pessimism Removal (CPR):    0.039ns

    Location             Delay type                Incr(ns)  Path(ns)    Netlist Resource(s)
  -------------------------------------------------------------------    -------------------
                         (clock clk_fpga_0 rise edge)
                                                      0.000     0.000 r  
    PS7_X0Y0             PS7                          0.000     0.000 r  comblock_setup_wrapper_inst/comblock_setup_i/processing_system7_0/inst/PS7_i/FCLKCLK[0]
                         net (fo=1, routed)           0.310     0.310    comblock_setup_wrapper_inst/comblock_setup_i/processing_system7_0/inst/FCLK_CLK_unbuffered[0]
    BUFGCTRL_X0Y16       BUFG (Prop_bufg_I_O)         0.026     0.336 r  comblock_setup_wrapper_inst/comblock_setup_i/processing_system7_0/inst/buffer_fclk_clk_0.FCLK_CLK_0_BUFG/O
                         net (fo=31598, routed)       0.637     0.973    pm_top_mux_inst/scd_estimator_inst/pm_second_stage_wrap_inst/p_point_fft/U0/i_synth/xfft_inst/non_floating_point.arch_d.xfft_inst/pe_gen[2].natural_order_input.PE/rounding.ROUND_1/aclk
    SLICE_X44Y107        FDRE                                         r  pm_top_mux_inst/scd_estimator_inst/pm_second_stage_wrap_inst/p_point_fft/U0/i_synth/xfft_inst/non_floating_point.arch_d.xfft_inst/pe_gen[2].natural_order_input.PE/rounding.ROUND_1/gated_incr_regs[5].ff/C
  -------------------------------------------------------------------    -------------------
    SLICE_X44Y107        FDRE (Prop_fdre_C_Q)         0.141     1.114 r  pm_top_mux_inst/scd_estimator_inst/pm_second_stage_wrap_inst/p_point_fft/U0/i_synth/xfft_inst/non_floating_point.arch_d.xfft_inst/pe_gen[2].natural_order_input.PE/rounding.ROUND_1/gated_incr_regs[5].ff/Q
                         net (fo=2, routed)           0.229     1.343    pm_top_mux_inst/scd_estimator_inst/pm_second_stage_wrap_inst/p_point_fft/U0/i_synth/xfft_inst/non_floating_point.arch_d.xfft_inst/pe_gen[3].natural_order_input.PE/FW_1.BF_1/in_commutator_B/no_sclr_lut.depth1_shift_ram.without_sclr.Qsr_reg[31]_0[5]
    SLICE_X51Y106        FDRE                                         r  pm_top_mux_inst/scd_estimator_inst/pm_second_stage_wrap_inst/p_point_fft/U0/i_synth/xfft_inst/non_floating_point.arch_d.xfft_inst/pe_gen[3].natural_order_input.PE/FW_1.BF_1/in_commutator_B/no_sclr_lut.depth1_shift_ram.without_sclr.Qsr_reg[5]/D
  -------------------------------------------------------------------    -------------------

                         (clock clk_fpga_0 rise edge)
                                                      0.000     0.000 r  
    PS7_X0Y0             PS7                          0.000     0.000 r  comblock_setup_wrapper_inst/comblock_setup_i/processing_system7_0/inst/PS7_i/FCLKCLK[0]
                         net (fo=1, routed)           0.337     0.337    comblock_setup_wrapper_inst/comblock_setup_i/processing_system7_0/inst/FCLK_CLK_unbuffered[0]
    BUFGCTRL_X0Y16       BUFG (Prop_bufg_I_O)         0.029     0.366 r  comblock_setup_wrapper_inst/comblock_setup_i/processing_system7_0/inst/buffer_fclk_clk_0.FCLK_CLK_0_BUFG/O
                         net (fo=31598, routed)       0.906     1.272    pm_top_mux_inst/scd_estimator_inst/pm_second_stage_wrap_inst/p_point_fft/U0/i_synth/xfft_inst/non_floating_point.arch_d.xfft_inst/pe_gen[3].natural_order_input.PE/FW_1.BF_1/in_commutator_B/aclk
    SLICE_X51Y106        FDRE                                         r  pm_top_mux_inst/scd_estimator_inst/pm_second_stage_wrap_inst/p_point_fft/U0/i_synth/xfft_inst/non_floating_point.arch_d.xfft_inst/pe_gen[3].natural_order_input.PE/FW_1.BF_1/in_commutator_B/no_sclr_lut.depth1_shift_ram.without_sclr.Qsr_reg[5]/C
                         clock pessimism             -0.039     1.233    
    SLICE_X51Y106        FDRE (Hold_fdre_C_D)         0.076     1.309    pm_top_mux_inst/scd_estimator_inst/pm_second_stage_wrap_inst/p_point_fft/U0/i_synth/xfft_inst/non_floating_point.arch_d.xfft_inst/pe_gen[3].natural_order_input.PE/FW_1.BF_1/in_commutator_B/no_sclr_lut.depth1_shift_ram.without_sclr.Qsr_reg[5]
  -------------------------------------------------------------------
                         required time                         -1.309    
                         arrival time                           1.343    
  -------------------------------------------------------------------
                         slack                                  0.034    

Slack (MET) :             0.034ns  (arrival time - required time)
  Source:                 pm_top_mux_inst/scd_estimator_inst/pm_second_stage_wrap_inst/p_point_fft/U0/i_synth/xfft_inst/non_floating_point.arch_d.xfft_inst/pe_gen[1].natural_order_input.PE/has_bf2_fwd_inv.bf2_fwd_inv_reg/C
                            (rising edge-triggered cell FDRE clocked by clk_fpga_0  {rise@0.000ns fall@12.500ns period=25.000ns})
  Destination:            pm_top_mux_inst/scd_estimator_inst/pm_second_stage_wrap_inst/p_point_fft/U0/i_synth/xfft_inst/non_floating_point.arch_d.xfft_inst/pe_gen[1].natural_order_input.PE/has_tw_out_fwd_inv_gen.tw_fwd_inv_reg/D
                            (rising edge-triggered cell FDRE clocked by clk_fpga_0  {rise@0.000ns fall@12.500ns period=25.000ns})
  Path Group:             clk_fpga_0
  Path Type:              Hold (Min at Fast Process Corner)
  Requirement:            0.000ns  (clk_fpga_0 rise@0.000ns - clk_fpga_0 rise@0.000ns)
  Data Path Delay:        0.367ns  (logic 0.141ns (38.388%)  route 0.226ns (61.612%))
  Logic Levels:           0  
  Clock Path Skew:        0.267ns (DCD - SCD - CPR)
    Destination Clock Delay (DCD):    1.189ns
    Source Clock Delay      (SCD):    0.887ns
    Clock Pessimism Removal (CPR):    0.035ns

    Location             Delay type                Incr(ns)  Path(ns)    Netlist Resource(s)
  -------------------------------------------------------------------    -------------------
                         (clock clk_fpga_0 rise edge)
                                                      0.000     0.000 r  
    PS7_X0Y0             PS7                          0.000     0.000 r  comblock_setup_wrapper_inst/comblock_setup_i/processing_system7_0/inst/PS7_i/FCLKCLK[0]
                         net (fo=1, routed)           0.310     0.310    comblock_setup_wrapper_inst/comblock_setup_i/processing_system7_0/inst/FCLK_CLK_unbuffered[0]
    BUFGCTRL_X0Y16       BUFG (Prop_bufg_I_O)         0.026     0.336 r  comblock_setup_wrapper_inst/comblock_setup_i/processing_system7_0/inst/buffer_fclk_clk_0.FCLK_CLK_0_BUFG/O
                         net (fo=31598, routed)       0.551     0.887    pm_top_mux_inst/scd_estimator_inst/pm_second_stage_wrap_inst/p_point_fft/U0/i_synth/xfft_inst/non_floating_point.arch_d.xfft_inst/pe_gen[1].natural_order_input.PE/aclk
    SLICE_X52Y90         FDRE                                         r  pm_top_mux_inst/scd_estimator_inst/pm_second_stage_wrap_inst/p_point_fft/U0/i_synth/xfft_inst/non_floating_point.arch_d.xfft_inst/pe_gen[1].natural_order_input.PE/has_bf2_fwd_inv.bf2_fwd_inv_reg/C
  -------------------------------------------------------------------    -------------------
    SLICE_X52Y90         FDRE (Prop_fdre_C_Q)         0.141     1.028 r  pm_top_mux_inst/scd_estimator_inst/pm_second_stage_wrap_inst/p_point_fft/U0/i_synth/xfft_inst/non_floating_point.arch_d.xfft_inst/pe_gen[1].natural_order_input.PE/has_bf2_fwd_inv.bf2_fwd_inv_reg/Q
                         net (fo=3, routed)           0.226     1.254    pm_top_mux_inst/scd_estimator_inst/pm_second_stage_wrap_inst/p_point_fft/U0/i_synth/xfft_inst/non_floating_point.arch_d.xfft_inst/pe_gen[1].natural_order_input.PE/bf2_fwd_inv_early
    SLICE_X49Y92         FDRE                                         r  pm_top_mux_inst/scd_estimator_inst/pm_second_stage_wrap_inst/p_point_fft/U0/i_synth/xfft_inst/non_floating_point.arch_d.xfft_inst/pe_gen[1].natural_order_input.PE/has_tw_out_fwd_inv_gen.tw_fwd_inv_reg/D
  -------------------------------------------------------------------    -------------------

                         (clock clk_fpga_0 rise edge)
                                                      0.000     0.000 r  
    PS7_X0Y0             PS7                          0.000     0.000 r  comblock_setup_wrapper_inst/comblock_setup_i/processing_system7_0/inst/PS7_i/FCLKCLK[0]
                         net (fo=1, routed)           0.337     0.337    comblock_setup_wrapper_inst/comblock_setup_i/processing_system7_0/inst/FCLK_CLK_unbuffered[0]
    BUFGCTRL_X0Y16       BUFG (Prop_bufg_I_O)         0.029     0.366 r  comblock_setup_wrapper_inst/comblock_setup_i/processing_system7_0/inst/buffer_fclk_clk_0.FCLK_CLK_0_BUFG/O
                         net (fo=31598, routed)       0.823     1.189    pm_top_mux_inst/scd_estimator_inst/pm_second_stage_wrap_inst/p_point_fft/U0/i_synth/xfft_inst/non_floating_point.arch_d.xfft_inst/pe_gen[1].natural_order_input.PE/aclk
    SLICE_X49Y92         FDRE                                         r  pm_top_mux_inst/scd_estimator_inst/pm_second_stage_wrap_inst/p_point_fft/U0/i_synth/xfft_inst/non_floating_point.arch_d.xfft_inst/pe_gen[1].natural_order_input.PE/has_tw_out_fwd_inv_gen.tw_fwd_inv_reg/C
                         clock pessimism             -0.035     1.154    
    SLICE_X49Y92         FDRE (Hold_fdre_C_D)         0.066     1.220    pm_top_mux_inst/scd_estimator_inst/pm_second_stage_wrap_inst/p_point_fft/U0/i_synth/xfft_inst/non_floating_point.arch_d.xfft_inst/pe_gen[1].natural_order_input.PE/has_tw_out_fwd_inv_gen.tw_fwd_inv_reg
  -------------------------------------------------------------------
                         required time                         -1.220    
                         arrival time                           1.254    
  -------------------------------------------------------------------
                         slack                                  0.034    

Slack (MET) :             0.035ns  (arrival time - required time)
  Source:                 pm_top_mux_inst/scd_estimator_inst/pm_first_stage_wrap_inst/input_window_real/r_product_reg[21][1]/C
                            (rising edge-triggered cell FDRE clocked by clk_fpga_0  {rise@0.000ns fall@12.500ns period=25.000ns})
  Destination:            pm_top_mux_inst/scd_estimator_inst/pm_first_stage_wrap_inst/real_ram/genblk1[21].mem_reg[21][97]/DIADI[1]
                            (rising edge-triggered cell RAMB18E1 clocked by clk_fpga_0  {rise@0.000ns fall@12.500ns period=25.000ns})
  Path Group:             clk_fpga_0
  Path Type:              Hold (Min at Fast Process Corner)
  Requirement:            0.000ns  (clk_fpga_0 rise@0.000ns - clk_fpga_0 rise@0.000ns)
  Data Path Delay:        0.247ns  (logic 0.141ns (57.072%)  route 0.106ns (42.928%))
  Logic Levels:           0  
  Clock Path Skew:        0.057ns (DCD - SCD - CPR)
    Destination Clock Delay (DCD):    1.228ns
    Source Clock Delay      (SCD):    0.890ns
    Clock Pessimism Removal (CPR):    0.281ns

    Location             Delay type                Incr(ns)  Path(ns)    Netlist Resource(s)
  -------------------------------------------------------------------    -------------------
                         (clock clk_fpga_0 rise edge)
                                                      0.000     0.000 r  
    PS7_X0Y0             PS7                          0.000     0.000 r  comblock_setup_wrapper_inst/comblock_setup_i/processing_system7_0/inst/PS7_i/FCLKCLK[0]
                         net (fo=1, routed)           0.310     0.310    comblock_setup_wrapper_inst/comblock_setup_i/processing_system7_0/inst/FCLK_CLK_unbuffered[0]
    BUFGCTRL_X0Y16       BUFG (Prop_bufg_I_O)         0.026     0.336 r  comblock_setup_wrapper_inst/comblock_setup_i/processing_system7_0/inst/buffer_fclk_clk_0.FCLK_CLK_0_BUFG/O
                         net (fo=31598, routed)       0.554     0.890    pm_top_mux_inst/scd_estimator_inst/pm_first_stage_wrap_inst/input_window_real/PS_CLOCK0
    SLICE_X33Y84         FDRE                                         r  pm_top_mux_inst/scd_estimator_inst/pm_first_stage_wrap_inst/input_window_real/r_product_reg[21][1]/C
  -------------------------------------------------------------------    -------------------
    SLICE_X33Y84         FDRE (Prop_fdre_C_Q)         0.141     1.031 r  pm_top_mux_inst/scd_estimator_inst/pm_first_stage_wrap_inst/input_window_real/r_product_reg[21][1]/Q
                         net (fo=1, routed)           0.106     1.137    pm_top_mux_inst/scd_estimator_inst/pm_first_stage_wrap_inst/real_ram/wr_col_data[21][1]
    RAMB18_X2Y34         RAMB18E1                                     r  pm_top_mux_inst/scd_estimator_inst/pm_first_stage_wrap_inst/real_ram/genblk1[21].mem_reg[21][97]/DIADI[1]
  -------------------------------------------------------------------    -------------------

                         (clock clk_fpga_0 rise edge)
                                                      0.000     0.000 r  
    PS7_X0Y0             PS7                          0.000     0.000 r  comblock_setup_wrapper_inst/comblock_setup_i/processing_system7_0/inst/PS7_i/FCLKCLK[0]
                         net (fo=1, routed)           0.337     0.337    comblock_setup_wrapper_inst/comblock_setup_i/processing_system7_0/inst/FCLK_CLK_unbuffered[0]
    BUFGCTRL_X0Y16       BUFG (Prop_bufg_I_O)         0.029     0.366 r  comblock_setup_wrapper_inst/comblock_setup_i/processing_system7_0/inst/buffer_fclk_clk_0.FCLK_CLK_0_BUFG/O
                         net (fo=31598, routed)       0.862     1.228    pm_top_mux_inst/scd_estimator_inst/pm_first_stage_wrap_inst/real_ram/PS_CLOCK0
    RAMB18_X2Y34         RAMB18E1                                     r  pm_top_mux_inst/scd_estimator_inst/pm_first_stage_wrap_inst/real_ram/genblk1[21].mem_reg[21][97]/CLKBWRCLK
                         clock pessimism             -0.281     0.947    
    RAMB18_X2Y34         RAMB18E1 (Hold_ramb18e1_CLKBWRCLK_DIADI[1])
                                                      0.155     1.102    pm_top_mux_inst/scd_estimator_inst/pm_first_stage_wrap_inst/real_ram/genblk1[21].mem_reg[21][97]
  -------------------------------------------------------------------
                         required time                         -1.102    
                         arrival time                           1.137    
  -------------------------------------------------------------------
                         slack                                  0.035    

Slack (MET) :             0.035ns  (arrival time - required time)
  Source:                 pm_top_mux_inst/scd_estimator_inst/pm_second_stage_wrap_inst/p_point_fft/U0/i_synth/axi_wrapper/data_in_channel_fifo/gen_non_real_time.data_in_fifo_pt1/fifo_wr_data_1_reg[48]/C
                            (rising edge-triggered cell FDRE clocked by clk_fpga_0  {rise@0.000ns fall@12.500ns period=25.000ns})
  Destination:            pm_top_mux_inst/scd_estimator_inst/pm_second_stage_wrap_inst/p_point_fft/U0/i_synth/axi_wrapper/data_in_channel_fifo/gen_non_real_time.data_in_fifo_pt1/fifo0/fifo_1_reg[15][48]_srl16/D
                            (rising edge-triggered cell SRL16E clocked by clk_fpga_0  {rise@0.000ns fall@12.500ns period=25.000ns})
  Path Group:             clk_fpga_0
  Path Type:              Hold (Min at Fast Process Corner)
  Requirement:            0.000ns  (clk_fpga_0 rise@0.000ns - clk_fpga_0 rise@0.000ns)
  Data Path Delay:        0.357ns  (logic 0.128ns (35.835%)  route 0.229ns (64.165%))
  Logic Levels:           0  
  Clock Path Skew:        0.266ns (DCD - SCD - CPR)
    Destination Clock Delay (DCD):    1.188ns
    Source Clock Delay      (SCD):    0.887ns
    Clock Pessimism Removal (CPR):    0.035ns

    Location             Delay type                Incr(ns)  Path(ns)    Netlist Resource(s)
  -------------------------------------------------------------------    -------------------
                         (clock clk_fpga_0 rise edge)
                                                      0.000     0.000 r  
    PS7_X0Y0             PS7                          0.000     0.000 r  comblock_setup_wrapper_inst/comblock_setup_i/processing_system7_0/inst/PS7_i/FCLKCLK[0]
                         net (fo=1, routed)           0.310     0.310    comblock_setup_wrapper_inst/comblock_setup_i/processing_system7_0/inst/FCLK_CLK_unbuffered[0]
    BUFGCTRL_X0Y16       BUFG (Prop_bufg_I_O)         0.026     0.336 r  comblock_setup_wrapper_inst/comblock_setup_i/processing_system7_0/inst/buffer_fclk_clk_0.FCLK_CLK_0_BUFG/O
                         net (fo=31598, routed)       0.551     0.887    pm_top_mux_inst/scd_estimator_inst/pm_second_stage_wrap_inst/p_point_fft/U0/i_synth/axi_wrapper/data_in_channel_fifo/gen_non_real_time.data_in_fifo_pt1/aclk
    SLICE_X53Y59         FDRE                                         r  pm_top_mux_inst/scd_estimator_inst/pm_second_stage_wrap_inst/p_point_fft/U0/i_synth/axi_wrapper/data_in_channel_fifo/gen_non_real_time.data_in_fifo_pt1/fifo_wr_data_1_reg[48]/C
  -------------------------------------------------------------------    -------------------
    SLICE_X53Y59         FDRE (Prop_fdre_C_Q)         0.128     1.015 r  pm_top_mux_inst/scd_estimator_inst/pm_second_stage_wrap_inst/p_point_fft/U0/i_synth/axi_wrapper/data_in_channel_fifo/gen_non_real_time.data_in_fifo_pt1/fifo_wr_data_1_reg[48]/Q
                         net (fo=1, routed)           0.229     1.244    pm_top_mux_inst/scd_estimator_inst/pm_second_stage_wrap_inst/p_point_fft/U0/i_synth/axi_wrapper/data_in_channel_fifo/gen_non_real_time.data_in_fifo_pt1/fifo0/wr_data[48]
    SLICE_X46Y60         SRL16E                                       r  pm_top_mux_inst/scd_estimator_inst/pm_second_stage_wrap_inst/p_point_fft/U0/i_synth/axi_wrapper/data_in_channel_fifo/gen_non_real_time.data_in_fifo_pt1/fifo0/fifo_1_reg[15][48]_srl16/D
  -------------------------------------------------------------------    -------------------

                         (clock clk_fpga_0 rise edge)
                                                      0.000     0.000 r  
    PS7_X0Y0             PS7                          0.000     0.000 r  comblock_setup_wrapper_inst/comblock_setup_i/processing_system7_0/inst/PS7_i/FCLKCLK[0]
                         net (fo=1, routed)           0.337     0.337    comblock_setup_wrapper_inst/comblock_setup_i/processing_system7_0/inst/FCLK_CLK_unbuffered[0]
    BUFGCTRL_X0Y16       BUFG (Prop_bufg_I_O)         0.029     0.366 r  comblock_setup_wrapper_inst/comblock_setup_i/processing_system7_0/inst/buffer_fclk_clk_0.FCLK_CLK_0_BUFG/O
                         net (fo=31598, routed)       0.822     1.188    pm_top_mux_inst/scd_estimator_inst/pm_second_stage_wrap_inst/p_point_fft/U0/i_synth/axi_wrapper/data_in_channel_fifo/gen_non_real_time.data_in_fifo_pt1/fifo0/aclk
    SLICE_X46Y60         SRL16E                                       r  pm_top_mux_inst/scd_estimator_inst/pm_second_stage_wrap_inst/p_point_fft/U0/i_synth/axi_wrapper/data_in_channel_fifo/gen_non_real_time.data_in_fifo_pt1/fifo0/fifo_1_reg[15][48]_srl16/CLK
                         clock pessimism             -0.035     1.153    
    SLICE_X46Y60         SRL16E (Hold_srl16e_CLK_D)
                                                      0.056     1.209    pm_top_mux_inst/scd_estimator_inst/pm_second_stage_wrap_inst/p_point_fft/U0/i_synth/axi_wrapper/data_in_channel_fifo/gen_non_real_time.data_in_fifo_pt1/fifo0/fifo_1_reg[15][48]_srl16
  -------------------------------------------------------------------
                         required time                         -1.209    
                         arrival time                           1.244    
  -------------------------------------------------------------------
                         slack                                  0.035    





Pulse Width Checks
--------------------------------------------------------------------------------------
Clock Name:         clk_fpga_0
Waveform(ns):       { 0.000 12.500 }
Period(ns):         25.000
Sources:            { comblock_setup_wrapper_inst/comblock_setup_i/processing_system7_0/inst/PS7_i/FCLKCLK[0] }

Check Type        Corner  Lib Pin             Reference Pin  Required(ns)  Actual(ns)  Slack(ns)  Location      Pin
Min Period        n/a     DSP48E1/CLK         n/a            3.687         25.000      21.313     DSP48_X3Y47   pm_top_mux_inst/theshold_calculator_inst/r_threshold_value_reg/CLK
Min Period        n/a     DSP48E1/CLK         n/a            3.687         25.000      21.313     DSP48_X3Y45   pm_top_mux_inst/theshold_calculator_inst/r_threshold_value_reg__0/CLK
Min Period        n/a     DSP48E1/CLK         n/a            3.687         25.000      21.313     DSP48_X3Y41   pm_top_mux_inst/theshold_calculator_inst/r_threshold_value_reg__1/CLK
Min Period        n/a     DSP48E1/CLK         n/a            3.687         25.000      21.313     DSP48_X3Y43   pm_top_mux_inst/theshold_calculator_inst/r_threshold_value_reg__2/CLK
Min Period        n/a     DSP48E1/CLK         n/a            3.687         25.000      21.313     DSP48_X3Y58   pm_top_mux_inst/theshold_calculator_inst/r_threshold_value_reg__3/CLK
Min Period        n/a     RAMB18E1/CLKARDCLK  n/a            2.944         25.000      22.056     RAMB18_X2Y52  pm_top_mux_inst/scd_estimator_inst/pm_first_stage_wrap_inst/real_ram/genblk1[0].mem_reg[0][97]/CLKARDCLK
Min Period        n/a     RAMB18E1/CLKBWRCLK  n/a            2.944         25.000      22.056     RAMB18_X2Y52  pm_top_mux_inst/scd_estimator_inst/pm_first_stage_wrap_inst/real_ram/genblk1[0].mem_reg[0][97]/CLKBWRCLK
Min Period        n/a     RAMB18E1/CLKARDCLK  n/a            2.944         25.000      22.056     RAMB18_X2Y44  pm_top_mux_inst/scd_estimator_inst/pm_first_stage_wrap_inst/real_ram/genblk1[10].mem_reg[10][97]/CLKARDCLK
Min Period        n/a     RAMB18E1/CLKBWRCLK  n/a            2.944         25.000      22.056     RAMB18_X2Y44  pm_top_mux_inst/scd_estimator_inst/pm_first_stage_wrap_inst/real_ram/genblk1[10].mem_reg[10][97]/CLKBWRCLK
Min Period        n/a     RAMB18E1/CLKARDCLK  n/a            2.944         25.000      22.056     RAMB18_X3Y43  pm_top_mux_inst/scd_estimator_inst/pm_first_stage_wrap_inst/real_ram/genblk1[11].mem_reg[11][97]/CLKARDCLK
Low Pulse Width   Slow    SRLC32E/CLK         n/a            0.980         12.500      11.520     SLICE_X32Y95  comblock_setup_wrapper_inst/comblock_setup_i/ps7_0_axi_periph/s00_couplers/auto_pc/inst/gen_axilite.gen_b2s_conv.axilite_b2s/RD.r_channel_0/rd_data_fifo_0/memory_reg[31][0]_srl32/CLK
Low Pulse Width   Fast    SRLC32E/CLK         n/a            0.980         12.500      11.520     SLICE_X32Y95  comblock_setup_wrapper_inst/comblock_setup_i/ps7_0_axi_periph/s00_couplers/auto_pc/inst/gen_axilite.gen_b2s_conv.axilite_b2s/RD.r_channel_0/rd_data_fifo_0/memory_reg[31][0]_srl32/CLK
Low Pulse Width   Slow    SRLC32E/CLK         n/a            0.980         12.500      11.520     SLICE_X32Y93  comblock_setup_wrapper_inst/comblock_setup_i/ps7_0_axi_periph/s00_couplers/auto_pc/inst/gen_axilite.gen_b2s_conv.axilite_b2s/RD.r_channel_0/rd_data_fifo_0/memory_reg[31][10]_srl32/CLK
Low Pulse Width   Fast    SRLC32E/CLK         n/a            0.980         12.500      11.520     SLICE_X32Y93  comblock_setup_wrapper_inst/comblock_setup_i/ps7_0_axi_periph/s00_couplers/auto_pc/inst/gen_axilite.gen_b2s_conv.axilite_b2s/RD.r_channel_0/rd_data_fifo_0/memory_reg[31][10]_srl32/CLK
Low Pulse Width   Slow    SRLC32E/CLK         n/a            0.980         12.500      11.520     SLICE_X34Y93  comblock_setup_wrapper_inst/comblock_setup_i/ps7_0_axi_periph/s00_couplers/auto_pc/inst/gen_axilite.gen_b2s_conv.axilite_b2s/RD.r_channel_0/rd_data_fifo_0/memory_reg[31][11]_srl32/CLK
Low Pulse Width   Fast    SRLC32E/CLK         n/a            0.980         12.500      11.520     SLICE_X34Y93  comblock_setup_wrapper_inst/comblock_setup_i/ps7_0_axi_periph/s00_couplers/auto_pc/inst/gen_axilite.gen_b2s_conv.axilite_b2s/RD.r_channel_0/rd_data_fifo_0/memory_reg[31][11]_srl32/CLK
Low Pulse Width   Slow    SRLC32E/CLK         n/a            0.980         12.500      11.520     SLICE_X32Y94  comblock_setup_wrapper_inst/comblock_setup_i/ps7_0_axi_periph/s00_couplers/auto_pc/inst/gen_axilite.gen_b2s_conv.axilite_b2s/RD.r_channel_0/rd_data_fifo_0/memory_reg[31][12]_srl32/CLK
Low Pulse Width   Fast    SRLC32E/CLK         n/a            0.980         12.500      11.520     SLICE_X32Y94  comblock_setup_wrapper_inst/comblock_setup_i/ps7_0_axi_periph/s00_couplers/auto_pc/inst/gen_axilite.gen_b2s_conv.axilite_b2s/RD.r_channel_0/rd_data_fifo_0/memory_reg[31][12]_srl32/CLK
Low Pulse Width   Slow    SRLC32E/CLK         n/a            0.980         12.500      11.520     SLICE_X32Y93  comblock_setup_wrapper_inst/comblock_setup_i/ps7_0_axi_periph/s00_couplers/auto_pc/inst/gen_axilite.gen_b2s_conv.axilite_b2s/RD.r_channel_0/rd_data_fifo_0/memory_reg[31][13]_srl32/CLK
Low Pulse Width   Fast    SRLC32E/CLK         n/a            0.980         12.500      11.520     SLICE_X32Y93  comblock_setup_wrapper_inst/comblock_setup_i/ps7_0_axi_periph/s00_couplers/auto_pc/inst/gen_axilite.gen_b2s_conv.axilite_b2s/RD.r_channel_0/rd_data_fifo_0/memory_reg[31][13]_srl32/CLK
High Pulse Width  Slow    SRLC32E/CLK         n/a            0.980         12.500      11.520     SLICE_X32Y95  comblock_setup_wrapper_inst/comblock_setup_i/ps7_0_axi_periph/s00_couplers/auto_pc/inst/gen_axilite.gen_b2s_conv.axilite_b2s/RD.r_channel_0/rd_data_fifo_0/memory_reg[31][0]_srl32/CLK
High Pulse Width  Fast    SRLC32E/CLK         n/a            0.980         12.500      11.520     SLICE_X32Y95  comblock_setup_wrapper_inst/comblock_setup_i/ps7_0_axi_periph/s00_couplers/auto_pc/inst/gen_axilite.gen_b2s_conv.axilite_b2s/RD.r_channel_0/rd_data_fifo_0/memory_reg[31][0]_srl32/CLK
High Pulse Width  Slow    SRLC32E/CLK         n/a            0.980         12.500      11.520     SLICE_X32Y93  comblock_setup_wrapper_inst/comblock_setup_i/ps7_0_axi_periph/s00_couplers/auto_pc/inst/gen_axilite.gen_b2s_conv.axilite_b2s/RD.r_channel_0/rd_data_fifo_0/memory_reg[31][10]_srl32/CLK
High Pulse Width  Fast    SRLC32E/CLK         n/a            0.980         12.500      11.520     SLICE_X32Y93  comblock_setup_wrapper_inst/comblock_setup_i/ps7_0_axi_periph/s00_couplers/auto_pc/inst/gen_axilite.gen_b2s_conv.axilite_b2s/RD.r_channel_0/rd_data_fifo_0/memory_reg[31][10]_srl32/CLK
High Pulse Width  Slow    SRLC32E/CLK         n/a            0.980         12.500      11.520     SLICE_X34Y93  comblock_setup_wrapper_inst/comblock_setup_i/ps7_0_axi_periph/s00_couplers/auto_pc/inst/gen_axilite.gen_b2s_conv.axilite_b2s/RD.r_channel_0/rd_data_fifo_0/memory_reg[31][11]_srl32/CLK
High Pulse Width  Fast    SRLC32E/CLK         n/a            0.980         12.500      11.520     SLICE_X34Y93  comblock_setup_wrapper_inst/comblock_setup_i/ps7_0_axi_periph/s00_couplers/auto_pc/inst/gen_axilite.gen_b2s_conv.axilite_b2s/RD.r_channel_0/rd_data_fifo_0/memory_reg[31][11]_srl32/CLK
High Pulse Width  Slow    SRLC32E/CLK         n/a            0.980         12.500      11.520     SLICE_X32Y94  comblock_setup_wrapper_inst/comblock_setup_i/ps7_0_axi_periph/s00_couplers/auto_pc/inst/gen_axilite.gen_b2s_conv.axilite_b2s/RD.r_channel_0/rd_data_fifo_0/memory_reg[31][12]_srl32/CLK
High Pulse Width  Fast    SRLC32E/CLK         n/a            0.980         12.500      11.520     SLICE_X32Y94  comblock_setup_wrapper_inst/comblock_setup_i/ps7_0_axi_periph/s00_couplers/auto_pc/inst/gen_axilite.gen_b2s_conv.axilite_b2s/RD.r_channel_0/rd_data_fifo_0/memory_reg[31][12]_srl32/CLK
High Pulse Width  Slow    SRLC32E/CLK         n/a            0.980         12.500      11.520     SLICE_X32Y93  comblock_setup_wrapper_inst/comblock_setup_i/ps7_0_axi_periph/s00_couplers/auto_pc/inst/gen_axilite.gen_b2s_conv.axilite_b2s/RD.r_channel_0/rd_data_fifo_0/memory_reg[31][13]_srl32/CLK
High Pulse Width  Fast    SRLC32E/CLK         n/a            0.980         12.500      11.520     SLICE_X32Y93  comblock_setup_wrapper_inst/comblock_setup_i/ps7_0_axi_periph/s00_couplers/auto_pc/inst/gen_axilite.gen_b2s_conv.axilite_b2s/RD.r_channel_0/rd_data_fifo_0/memory_reg[31][13]_srl32/CLK



---------------------------------------------------------------------------------------------------
Path Group:  **async_default**
From Clock:  clk_fpga_0
  To Clock:  clk_fpga_0

Setup :            0  Failing Endpoints,  Worst Slack       18.765ns,  Total Violation        0.000ns
Hold  :            0  Failing Endpoints,  Worst Slack        0.733ns,  Total Violation        0.000ns
---------------------------------------------------------------------------------------------------


Max Delay Paths
--------------------------------------------------------------------------------------
Slack (MET) :             18.765ns  (required time - arrival time)
  Source:                 comblock_adapter_inst/r_top_mux_reset_reg/C
                            (rising edge-triggered cell FDRE clocked by clk_fpga_0  {rise@0.000ns fall@12.500ns period=25.000ns})
  Destination:            pm_top_mux_inst/scd_estimator_inst/pm_first_stage_wrap_inst/first_stage_fsmd_control/r_ram_write_addr_reg_reg[1]/CLR
                            (recovery check against rising-edge clock clk_fpga_0  {rise@0.000ns fall@12.500ns period=25.000ns})
  Path Group:             **async_default**
  Path Type:              Recovery (Max at Slow Process Corner)
  Requirement:            25.000ns  (clk_fpga_0 rise@25.000ns - clk_fpga_0 rise@0.000ns)
  Data Path Delay:        5.078ns  (logic 0.609ns (11.992%)  route 4.469ns (88.008%))
  Logic Levels:           1  (LUT3=1)
  Clock Path Skew:        -0.172ns (DCD - SCD + CPR)
    Destination Clock Delay (DCD):    2.869ns = ( 27.869 - 25.000 ) 
    Source Clock Delay      (SCD):    3.188ns
    Clock Pessimism Removal (CPR):    0.147ns
  Clock Uncertainty:      0.377ns  ((TSJ^2 + TIJ^2)^1/2 + DJ) / 2 + PE
    Total System Jitter     (TSJ):    0.071ns
    Total Input Jitter      (TIJ):    0.750ns
    Discrete Jitter          (DJ):    0.000ns
    Phase Error              (PE):    0.000ns

    Location             Delay type                Incr(ns)  Path(ns)    Netlist Resource(s)
  -------------------------------------------------------------------    -------------------
                         (clock clk_fpga_0 rise edge)
                                                      0.000     0.000 r  
    PS7_X0Y0             PS7                          0.000     0.000 r  comblock_setup_wrapper_inst/comblock_setup_i/processing_system7_0/inst/PS7_i/FCLKCLK[0]
                         net (fo=1, routed)           1.193     1.193    comblock_setup_wrapper_inst/comblock_setup_i/processing_system7_0/inst/FCLK_CLK_unbuffered[0]
    BUFGCTRL_X0Y16       BUFG (Prop_bufg_I_O)         0.101     1.294 r  comblock_setup_wrapper_inst/comblock_setup_i/processing_system7_0/inst/buffer_fclk_clk_0.FCLK_CLK_0_BUFG/O
                         net (fo=31598, routed)       1.894     3.188    comblock_adapter_inst/PS_CLOCK0
    SLICE_X61Y119        FDRE                                         r  comblock_adapter_inst/r_top_mux_reset_reg/C
  -------------------------------------------------------------------    -------------------
    SLICE_X61Y119        FDRE (Prop_fdre_C_Q)         0.456     3.644 f  comblock_adapter_inst/r_top_mux_reset_reg/Q
                         net (fo=155, routed)         1.533     5.177    pm_top_mux_inst/pm_top_mux_fsmd_control/FSM_onehot_state_reg_reg[1]_0[0]
    SLICE_X52Y101        LUT3 (Prop_lut3_I2_O)        0.153     5.330 f  pm_top_mux_inst/pm_top_mux_fsmd_control/p_0_out_i_2/O
                         net (fo=18605, routed)       2.937     8.266    pm_top_mux_inst/scd_estimator_inst/pm_first_stage_wrap_inst/first_stage_fsmd_control/i_reset00_out
    SLICE_X27Y114        FDCE                                         f  pm_top_mux_inst/scd_estimator_inst/pm_first_stage_wrap_inst/first_stage_fsmd_control/r_ram_write_addr_reg_reg[1]/CLR
  -------------------------------------------------------------------    -------------------

                         (clock clk_fpga_0 rise edge)
                                                     25.000    25.000 r  
    PS7_X0Y0             PS7                          0.000    25.000 r  comblock_setup_wrapper_inst/comblock_setup_i/processing_system7_0/inst/PS7_i/FCLKCLK[0]
                         net (fo=1, routed)           1.088    26.088    comblock_setup_wrapper_inst/comblock_setup_i/processing_system7_0/inst/FCLK_CLK_unbuffered[0]
    BUFGCTRL_X0Y16       BUFG (Prop_bufg_I_O)         0.091    26.179 r  comblock_setup_wrapper_inst/comblock_setup_i/processing_system7_0/inst/buffer_fclk_clk_0.FCLK_CLK_0_BUFG/O
                         net (fo=31598, routed)       1.690    27.869    pm_top_mux_inst/scd_estimator_inst/pm_first_stage_wrap_inst/first_stage_fsmd_control/PS_CLOCK0
    SLICE_X27Y114        FDCE                                         r  pm_top_mux_inst/scd_estimator_inst/pm_first_stage_wrap_inst/first_stage_fsmd_control/r_ram_write_addr_reg_reg[1]/C
                         clock pessimism              0.147    28.016    
                         clock uncertainty           -0.377    27.639    
    SLICE_X27Y114        FDCE (Recov_fdce_C_CLR)     -0.608    27.031    pm_top_mux_inst/scd_estimator_inst/pm_first_stage_wrap_inst/first_stage_fsmd_control/r_ram_write_addr_reg_reg[1]
  -------------------------------------------------------------------
                         required time                         27.031    
                         arrival time                          -8.266    
  -------------------------------------------------------------------
                         slack                                 18.765    

Slack (MET) :             18.765ns  (required time - arrival time)
  Source:                 comblock_adapter_inst/r_top_mux_reset_reg/C
                            (rising edge-triggered cell FDRE clocked by clk_fpga_0  {rise@0.000ns fall@12.500ns period=25.000ns})
  Destination:            pm_top_mux_inst/scd_estimator_inst/pm_first_stage_wrap_inst/first_stage_fsmd_control/r_ram_write_addr_reg_reg[6]/CLR
                            (recovery check against rising-edge clock clk_fpga_0  {rise@0.000ns fall@12.500ns period=25.000ns})
  Path Group:             **async_default**
  Path Type:              Recovery (Max at Slow Process Corner)
  Requirement:            25.000ns  (clk_fpga_0 rise@25.000ns - clk_fpga_0 rise@0.000ns)
  Data Path Delay:        5.078ns  (logic 0.609ns (11.992%)  route 4.469ns (88.008%))
  Logic Levels:           1  (LUT3=1)
  Clock Path Skew:        -0.172ns (DCD - SCD + CPR)
    Destination Clock Delay (DCD):    2.869ns = ( 27.869 - 25.000 ) 
    Source Clock Delay      (SCD):    3.188ns
    Clock Pessimism Removal (CPR):    0.147ns
  Clock Uncertainty:      0.377ns  ((TSJ^2 + TIJ^2)^1/2 + DJ) / 2 + PE
    Total System Jitter     (TSJ):    0.071ns
    Total Input Jitter      (TIJ):    0.750ns
    Discrete Jitter          (DJ):    0.000ns
    Phase Error              (PE):    0.000ns

    Location             Delay type                Incr(ns)  Path(ns)    Netlist Resource(s)
  -------------------------------------------------------------------    -------------------
                         (clock clk_fpga_0 rise edge)
                                                      0.000     0.000 r  
    PS7_X0Y0             PS7                          0.000     0.000 r  comblock_setup_wrapper_inst/comblock_setup_i/processing_system7_0/inst/PS7_i/FCLKCLK[0]
                         net (fo=1, routed)           1.193     1.193    comblock_setup_wrapper_inst/comblock_setup_i/processing_system7_0/inst/FCLK_CLK_unbuffered[0]
    BUFGCTRL_X0Y16       BUFG (Prop_bufg_I_O)         0.101     1.294 r  comblock_setup_wrapper_inst/comblock_setup_i/processing_system7_0/inst/buffer_fclk_clk_0.FCLK_CLK_0_BUFG/O
                         net (fo=31598, routed)       1.894     3.188    comblock_adapter_inst/PS_CLOCK0
    SLICE_X61Y119        FDRE                                         r  comblock_adapter_inst/r_top_mux_reset_reg/C
  -------------------------------------------------------------------    -------------------
    SLICE_X61Y119        FDRE (Prop_fdre_C_Q)         0.456     3.644 f  comblock_adapter_inst/r_top_mux_reset_reg/Q
                         net (fo=155, routed)         1.533     5.177    pm_top_mux_inst/pm_top_mux_fsmd_control/FSM_onehot_state_reg_reg[1]_0[0]
    SLICE_X52Y101        LUT3 (Prop_lut3_I2_O)        0.153     5.330 f  pm_top_mux_inst/pm_top_mux_fsmd_control/p_0_out_i_2/O
                         net (fo=18605, routed)       2.937     8.266    pm_top_mux_inst/scd_estimator_inst/pm_first_stage_wrap_inst/first_stage_fsmd_control/i_reset00_out
    SLICE_X27Y114        FDCE                                         f  pm_top_mux_inst/scd_estimator_inst/pm_first_stage_wrap_inst/first_stage_fsmd_control/r_ram_write_addr_reg_reg[6]/CLR
  -------------------------------------------------------------------    -------------------

                         (clock clk_fpga_0 rise edge)
                                                     25.000    25.000 r  
    PS7_X0Y0             PS7                          0.000    25.000 r  comblock_setup_wrapper_inst/comblock_setup_i/processing_system7_0/inst/PS7_i/FCLKCLK[0]
                         net (fo=1, routed)           1.088    26.088    comblock_setup_wrapper_inst/comblock_setup_i/processing_system7_0/inst/FCLK_CLK_unbuffered[0]
    BUFGCTRL_X0Y16       BUFG (Prop_bufg_I_O)         0.091    26.179 r  comblock_setup_wrapper_inst/comblock_setup_i/processing_system7_0/inst/buffer_fclk_clk_0.FCLK_CLK_0_BUFG/O
                         net (fo=31598, routed)       1.690    27.869    pm_top_mux_inst/scd_estimator_inst/pm_first_stage_wrap_inst/first_stage_fsmd_control/PS_CLOCK0
    SLICE_X27Y114        FDCE                                         r  pm_top_mux_inst/scd_estimator_inst/pm_first_stage_wrap_inst/first_stage_fsmd_control/r_ram_write_addr_reg_reg[6]/C
                         clock pessimism              0.147    28.016    
                         clock uncertainty           -0.377    27.639    
    SLICE_X27Y114        FDCE (Recov_fdce_C_CLR)     -0.608    27.031    pm_top_mux_inst/scd_estimator_inst/pm_first_stage_wrap_inst/first_stage_fsmd_control/r_ram_write_addr_reg_reg[6]
  -------------------------------------------------------------------
                         required time                         27.031    
                         arrival time                          -8.266    
  -------------------------------------------------------------------
                         slack                                 18.765    

Slack (MET) :             18.851ns  (required time - arrival time)
  Source:                 comblock_adapter_inst/r_top_mux_reset_reg/C
                            (rising edge-triggered cell FDRE clocked by clk_fpga_0  {rise@0.000ns fall@12.500ns period=25.000ns})
  Destination:            pm_top_mux_inst/scd_estimator_inst/pm_first_stage_wrap_inst/first_stage_fsmd_control/r_ram_write_addr_reg_reg[2]/CLR
                            (recovery check against rising-edge clock clk_fpga_0  {rise@0.000ns fall@12.500ns period=25.000ns})
  Path Group:             **async_default**
  Path Type:              Recovery (Max at Slow Process Corner)
  Requirement:            25.000ns  (clk_fpga_0 rise@25.000ns - clk_fpga_0 rise@0.000ns)
  Data Path Delay:        5.078ns  (logic 0.609ns (11.992%)  route 4.469ns (88.008%))
  Logic Levels:           1  (LUT3=1)
  Clock Path Skew:        -0.172ns (DCD - SCD + CPR)
    Destination Clock Delay (DCD):    2.869ns = ( 27.869 - 25.000 ) 
    Source Clock Delay      (SCD):    3.188ns
    Clock Pessimism Removal (CPR):    0.147ns
  Clock Uncertainty:      0.377ns  ((TSJ^2 + TIJ^2)^1/2 + DJ) / 2 + PE
    Total System Jitter     (TSJ):    0.071ns
    Total Input Jitter      (TIJ):    0.750ns
    Discrete Jitter          (DJ):    0.000ns
    Phase Error              (PE):    0.000ns

    Location             Delay type                Incr(ns)  Path(ns)    Netlist Resource(s)
  -------------------------------------------------------------------    -------------------
                         (clock clk_fpga_0 rise edge)
                                                      0.000     0.000 r  
    PS7_X0Y0             PS7                          0.000     0.000 r  comblock_setup_wrapper_inst/comblock_setup_i/processing_system7_0/inst/PS7_i/FCLKCLK[0]
                         net (fo=1, routed)           1.193     1.193    comblock_setup_wrapper_inst/comblock_setup_i/processing_system7_0/inst/FCLK_CLK_unbuffered[0]
    BUFGCTRL_X0Y16       BUFG (Prop_bufg_I_O)         0.101     1.294 r  comblock_setup_wrapper_inst/comblock_setup_i/processing_system7_0/inst/buffer_fclk_clk_0.FCLK_CLK_0_BUFG/O
                         net (fo=31598, routed)       1.894     3.188    comblock_adapter_inst/PS_CLOCK0
    SLICE_X61Y119        FDRE                                         r  comblock_adapter_inst/r_top_mux_reset_reg/C
  -------------------------------------------------------------------    -------------------
    SLICE_X61Y119        FDRE (Prop_fdre_C_Q)         0.456     3.644 f  comblock_adapter_inst/r_top_mux_reset_reg/Q
                         net (fo=155, routed)         1.533     5.177    pm_top_mux_inst/pm_top_mux_fsmd_control/FSM_onehot_state_reg_reg[1]_0[0]
    SLICE_X52Y101        LUT3 (Prop_lut3_I2_O)        0.153     5.330 f  pm_top_mux_inst/pm_top_mux_fsmd_control/p_0_out_i_2/O
                         net (fo=18605, routed)       2.937     8.266    pm_top_mux_inst/scd_estimator_inst/pm_first_stage_wrap_inst/first_stage_fsmd_control/i_reset00_out
    SLICE_X26Y114        FDCE                                         f  pm_top_mux_inst/scd_estimator_inst/pm_first_stage_wrap_inst/first_stage_fsmd_control/r_ram_write_addr_reg_reg[2]/CLR
  -------------------------------------------------------------------    -------------------

                         (clock clk_fpga_0 rise edge)
                                                     25.000    25.000 r  
    PS7_X0Y0             PS7                          0.000    25.000 r  comblock_setup_wrapper_inst/comblock_setup_i/processing_system7_0/inst/PS7_i/FCLKCLK[0]
                         net (fo=1, routed)           1.088    26.088    comblock_setup_wrapper_inst/comblock_setup_i/processing_system7_0/inst/FCLK_CLK_unbuffered[0]
    BUFGCTRL_X0Y16       BUFG (Prop_bufg_I_O)         0.091    26.179 r  comblock_setup_wrapper_inst/comblock_setup_i/processing_system7_0/inst/buffer_fclk_clk_0.FCLK_CLK_0_BUFG/O
                         net (fo=31598, routed)       1.690    27.869    pm_top_mux_inst/scd_estimator_inst/pm_first_stage_wrap_inst/first_stage_fsmd_control/PS_CLOCK0
    SLICE_X26Y114        FDCE                                         r  pm_top_mux_inst/scd_estimator_inst/pm_first_stage_wrap_inst/first_stage_fsmd_control/r_ram_write_addr_reg_reg[2]/C
                         clock pessimism              0.147    28.016    
                         clock uncertainty           -0.377    27.639    
    SLICE_X26Y114        FDCE (Recov_fdce_C_CLR)     -0.522    27.117    pm_top_mux_inst/scd_estimator_inst/pm_first_stage_wrap_inst/first_stage_fsmd_control/r_ram_write_addr_reg_reg[2]
  -------------------------------------------------------------------
                         required time                         27.117    
                         arrival time                          -8.266    
  -------------------------------------------------------------------
                         slack                                 18.851    

Slack (MET) :             18.851ns  (required time - arrival time)
  Source:                 comblock_adapter_inst/r_top_mux_reset_reg/C
                            (rising edge-triggered cell FDRE clocked by clk_fpga_0  {rise@0.000ns fall@12.500ns period=25.000ns})
  Destination:            pm_top_mux_inst/scd_estimator_inst/pm_first_stage_wrap_inst/first_stage_fsmd_control/r_ram_write_addr_reg_reg[3]/CLR
                            (recovery check against rising-edge clock clk_fpga_0  {rise@0.000ns fall@12.500ns period=25.000ns})
  Path Group:             **async_default**
  Path Type:              Recovery (Max at Slow Process Corner)
  Requirement:            25.000ns  (clk_fpga_0 rise@25.000ns - clk_fpga_0 rise@0.000ns)
  Data Path Delay:        5.078ns  (logic 0.609ns (11.992%)  route 4.469ns (88.008%))
  Logic Levels:           1  (LUT3=1)
  Clock Path Skew:        -0.172ns (DCD - SCD + CPR)
    Destination Clock Delay (DCD):    2.869ns = ( 27.869 - 25.000 ) 
    Source Clock Delay      (SCD):    3.188ns
    Clock Pessimism Removal (CPR):    0.147ns
  Clock Uncertainty:      0.377ns  ((TSJ^2 + TIJ^2)^1/2 + DJ) / 2 + PE
    Total System Jitter     (TSJ):    0.071ns
    Total Input Jitter      (TIJ):    0.750ns
    Discrete Jitter          (DJ):    0.000ns
    Phase Error              (PE):    0.000ns

    Location             Delay type                Incr(ns)  Path(ns)    Netlist Resource(s)
  -------------------------------------------------------------------    -------------------
                         (clock clk_fpga_0 rise edge)
                                                      0.000     0.000 r  
    PS7_X0Y0             PS7                          0.000     0.000 r  comblock_setup_wrapper_inst/comblock_setup_i/processing_system7_0/inst/PS7_i/FCLKCLK[0]
                         net (fo=1, routed)           1.193     1.193    comblock_setup_wrapper_inst/comblock_setup_i/processing_system7_0/inst/FCLK_CLK_unbuffered[0]
    BUFGCTRL_X0Y16       BUFG (Prop_bufg_I_O)         0.101     1.294 r  comblock_setup_wrapper_inst/comblock_setup_i/processing_system7_0/inst/buffer_fclk_clk_0.FCLK_CLK_0_BUFG/O
                         net (fo=31598, routed)       1.894     3.188    comblock_adapter_inst/PS_CLOCK0
    SLICE_X61Y119        FDRE                                         r  comblock_adapter_inst/r_top_mux_reset_reg/C
  -------------------------------------------------------------------    -------------------
    SLICE_X61Y119        FDRE (Prop_fdre_C_Q)         0.456     3.644 f  comblock_adapter_inst/r_top_mux_reset_reg/Q
                         net (fo=155, routed)         1.533     5.177    pm_top_mux_inst/pm_top_mux_fsmd_control/FSM_onehot_state_reg_reg[1]_0[0]
    SLICE_X52Y101        LUT3 (Prop_lut3_I2_O)        0.153     5.330 f  pm_top_mux_inst/pm_top_mux_fsmd_control/p_0_out_i_2/O
                         net (fo=18605, routed)       2.937     8.266    pm_top_mux_inst/scd_estimator_inst/pm_first_stage_wrap_inst/first_stage_fsmd_control/i_reset00_out
    SLICE_X26Y114        FDCE                                         f  pm_top_mux_inst/scd_estimator_inst/pm_first_stage_wrap_inst/first_stage_fsmd_control/r_ram_write_addr_reg_reg[3]/CLR
  -------------------------------------------------------------------    -------------------

                         (clock clk_fpga_0 rise edge)
                                                     25.000    25.000 r  
    PS7_X0Y0             PS7                          0.000    25.000 r  comblock_setup_wrapper_inst/comblock_setup_i/processing_system7_0/inst/PS7_i/FCLKCLK[0]
                         net (fo=1, routed)           1.088    26.088    comblock_setup_wrapper_inst/comblock_setup_i/processing_system7_0/inst/FCLK_CLK_unbuffered[0]
    BUFGCTRL_X0Y16       BUFG (Prop_bufg_I_O)         0.091    26.179 r  comblock_setup_wrapper_inst/comblock_setup_i/processing_system7_0/inst/buffer_fclk_clk_0.FCLK_CLK_0_BUFG/O
                         net (fo=31598, routed)       1.690    27.869    pm_top_mux_inst/scd_estimator_inst/pm_first_stage_wrap_inst/first_stage_fsmd_control/PS_CLOCK0
    SLICE_X26Y114        FDCE                                         r  pm_top_mux_inst/scd_estimator_inst/pm_first_stage_wrap_inst/first_stage_fsmd_control/r_ram_write_addr_reg_reg[3]/C
                         clock pessimism              0.147    28.016    
                         clock uncertainty           -0.377    27.639    
    SLICE_X26Y114        FDCE (Recov_fdce_C_CLR)     -0.522    27.117    pm_top_mux_inst/scd_estimator_inst/pm_first_stage_wrap_inst/first_stage_fsmd_control/r_ram_write_addr_reg_reg[3]
  -------------------------------------------------------------------
                         required time                         27.117    
                         arrival time                          -8.266    
  -------------------------------------------------------------------
                         slack                                 18.851    

Slack (MET) :             18.970ns  (required time - arrival time)
  Source:                 comblock_adapter_inst/r_top_mux_reset_reg/C
                            (rising edge-triggered cell FDRE clocked by clk_fpga_0  {rise@0.000ns fall@12.500ns period=25.000ns})
  Destination:            pm_top_mux_inst/scd_estimator_inst/pm_first_stage_wrap_inst/first_stage_fsmd_control/r_index_reg_reg[0]_rep/CLR
                            (recovery check against rising-edge clock clk_fpga_0  {rise@0.000ns fall@12.500ns period=25.000ns})
  Path Group:             **async_default**
  Path Type:              Recovery (Max at Slow Process Corner)
  Requirement:            25.000ns  (clk_fpga_0 rise@25.000ns - clk_fpga_0 rise@0.000ns)
  Data Path Delay:        4.880ns  (logic 0.609ns (12.479%)  route 4.271ns (87.521%))
  Logic Levels:           1  (LUT3=1)
  Clock Path Skew:        -0.165ns (DCD - SCD + CPR)
    Destination Clock Delay (DCD):    2.876ns = ( 27.876 - 25.000 ) 
    Source Clock Delay      (SCD):    3.188ns
    Clock Pessimism Removal (CPR):    0.147ns
  Clock Uncertainty:      0.377ns  ((TSJ^2 + TIJ^2)^1/2 + DJ) / 2 + PE
    Total System Jitter     (TSJ):    0.071ns
    Total Input Jitter      (TIJ):    0.750ns
    Discrete Jitter          (DJ):    0.000ns
    Phase Error              (PE):    0.000ns

    Location             Delay type                Incr(ns)  Path(ns)    Netlist Resource(s)
  -------------------------------------------------------------------    -------------------
                         (clock clk_fpga_0 rise edge)
                                                      0.000     0.000 r  
    PS7_X0Y0             PS7                          0.000     0.000 r  comblock_setup_wrapper_inst/comblock_setup_i/processing_system7_0/inst/PS7_i/FCLKCLK[0]
                         net (fo=1, routed)           1.193     1.193    comblock_setup_wrapper_inst/comblock_setup_i/processing_system7_0/inst/FCLK_CLK_unbuffered[0]
    BUFGCTRL_X0Y16       BUFG (Prop_bufg_I_O)         0.101     1.294 r  comblock_setup_wrapper_inst/comblock_setup_i/processing_system7_0/inst/buffer_fclk_clk_0.FCLK_CLK_0_BUFG/O
                         net (fo=31598, routed)       1.894     3.188    comblock_adapter_inst/PS_CLOCK0
    SLICE_X61Y119        FDRE                                         r  comblock_adapter_inst/r_top_mux_reset_reg/C
  -------------------------------------------------------------------    -------------------
    SLICE_X61Y119        FDRE (Prop_fdre_C_Q)         0.456     3.644 f  comblock_adapter_inst/r_top_mux_reset_reg/Q
                         net (fo=155, routed)         1.533     5.177    pm_top_mux_inst/pm_top_mux_fsmd_control/FSM_onehot_state_reg_reg[1]_0[0]
    SLICE_X52Y101        LUT3 (Prop_lut3_I2_O)        0.153     5.330 f  pm_top_mux_inst/pm_top_mux_fsmd_control/p_0_out_i_2/O
                         net (fo=18605, routed)       2.738     8.068    pm_top_mux_inst/scd_estimator_inst/pm_first_stage_wrap_inst/first_stage_fsmd_control/i_reset00_out
    SLICE_X31Y110        FDCE                                         f  pm_top_mux_inst/scd_estimator_inst/pm_first_stage_wrap_inst/first_stage_fsmd_control/r_index_reg_reg[0]_rep/CLR
  -------------------------------------------------------------------    -------------------

                         (clock clk_fpga_0 rise edge)
                                                     25.000    25.000 r  
    PS7_X0Y0             PS7                          0.000    25.000 r  comblock_setup_wrapper_inst/comblock_setup_i/processing_system7_0/inst/PS7_i/FCLKCLK[0]
                         net (fo=1, routed)           1.088    26.088    comblock_setup_wrapper_inst/comblock_setup_i/processing_system7_0/inst/FCLK_CLK_unbuffered[0]
    BUFGCTRL_X0Y16       BUFG (Prop_bufg_I_O)         0.091    26.179 r  comblock_setup_wrapper_inst/comblock_setup_i/processing_system7_0/inst/buffer_fclk_clk_0.FCLK_CLK_0_BUFG/O
                         net (fo=31598, routed)       1.697    27.876    pm_top_mux_inst/scd_estimator_inst/pm_first_stage_wrap_inst/first_stage_fsmd_control/PS_CLOCK0
    SLICE_X31Y110        FDCE                                         r  pm_top_mux_inst/scd_estimator_inst/pm_first_stage_wrap_inst/first_stage_fsmd_control/r_index_reg_reg[0]_rep/C
                         clock pessimism              0.147    28.023    
                         clock uncertainty           -0.377    27.646    
    SLICE_X31Y110        FDCE (Recov_fdce_C_CLR)     -0.608    27.038    pm_top_mux_inst/scd_estimator_inst/pm_first_stage_wrap_inst/first_stage_fsmd_control/r_index_reg_reg[0]_rep
  -------------------------------------------------------------------
                         required time                         27.038    
                         arrival time                          -8.068    
  -------------------------------------------------------------------
                         slack                                 18.970    

Slack (MET) :             18.970ns  (required time - arrival time)
  Source:                 comblock_adapter_inst/r_top_mux_reset_reg/C
                            (rising edge-triggered cell FDRE clocked by clk_fpga_0  {rise@0.000ns fall@12.500ns period=25.000ns})
  Destination:            pm_top_mux_inst/scd_estimator_inst/pm_first_stage_wrap_inst/first_stage_fsmd_control/r_index_reg_reg[1]_rep/CLR
                            (recovery check against rising-edge clock clk_fpga_0  {rise@0.000ns fall@12.500ns period=25.000ns})
  Path Group:             **async_default**
  Path Type:              Recovery (Max at Slow Process Corner)
  Requirement:            25.000ns  (clk_fpga_0 rise@25.000ns - clk_fpga_0 rise@0.000ns)
  Data Path Delay:        4.880ns  (logic 0.609ns (12.479%)  route 4.271ns (87.521%))
  Logic Levels:           1  (LUT3=1)
  Clock Path Skew:        -0.165ns (DCD - SCD + CPR)
    Destination Clock Delay (DCD):    2.876ns = ( 27.876 - 25.000 ) 
    Source Clock Delay      (SCD):    3.188ns
    Clock Pessimism Removal (CPR):    0.147ns
  Clock Uncertainty:      0.377ns  ((TSJ^2 + TIJ^2)^1/2 + DJ) / 2 + PE
    Total System Jitter     (TSJ):    0.071ns
    Total Input Jitter      (TIJ):    0.750ns
    Discrete Jitter          (DJ):    0.000ns
    Phase Error              (PE):    0.000ns

    Location             Delay type                Incr(ns)  Path(ns)    Netlist Resource(s)
  -------------------------------------------------------------------    -------------------
                         (clock clk_fpga_0 rise edge)
                                                      0.000     0.000 r  
    PS7_X0Y0             PS7                          0.000     0.000 r  comblock_setup_wrapper_inst/comblock_setup_i/processing_system7_0/inst/PS7_i/FCLKCLK[0]
                         net (fo=1, routed)           1.193     1.193    comblock_setup_wrapper_inst/comblock_setup_i/processing_system7_0/inst/FCLK_CLK_unbuffered[0]
    BUFGCTRL_X0Y16       BUFG (Prop_bufg_I_O)         0.101     1.294 r  comblock_setup_wrapper_inst/comblock_setup_i/processing_system7_0/inst/buffer_fclk_clk_0.FCLK_CLK_0_BUFG/O
                         net (fo=31598, routed)       1.894     3.188    comblock_adapter_inst/PS_CLOCK0
    SLICE_X61Y119        FDRE                                         r  comblock_adapter_inst/r_top_mux_reset_reg/C
  -------------------------------------------------------------------    -------------------
    SLICE_X61Y119        FDRE (Prop_fdre_C_Q)         0.456     3.644 f  comblock_adapter_inst/r_top_mux_reset_reg/Q
                         net (fo=155, routed)         1.533     5.177    pm_top_mux_inst/pm_top_mux_fsmd_control/FSM_onehot_state_reg_reg[1]_0[0]
    SLICE_X52Y101        LUT3 (Prop_lut3_I2_O)        0.153     5.330 f  pm_top_mux_inst/pm_top_mux_fsmd_control/p_0_out_i_2/O
                         net (fo=18605, routed)       2.738     8.068    pm_top_mux_inst/scd_estimator_inst/pm_first_stage_wrap_inst/first_stage_fsmd_control/i_reset00_out
    SLICE_X31Y110        FDCE                                         f  pm_top_mux_inst/scd_estimator_inst/pm_first_stage_wrap_inst/first_stage_fsmd_control/r_index_reg_reg[1]_rep/CLR
  -------------------------------------------------------------------    -------------------

                         (clock clk_fpga_0 rise edge)
                                                     25.000    25.000 r  
    PS7_X0Y0             PS7                          0.000    25.000 r  comblock_setup_wrapper_inst/comblock_setup_i/processing_system7_0/inst/PS7_i/FCLKCLK[0]
                         net (fo=1, routed)           1.088    26.088    comblock_setup_wrapper_inst/comblock_setup_i/processing_system7_0/inst/FCLK_CLK_unbuffered[0]
    BUFGCTRL_X0Y16       BUFG (Prop_bufg_I_O)         0.091    26.179 r  comblock_setup_wrapper_inst/comblock_setup_i/processing_system7_0/inst/buffer_fclk_clk_0.FCLK_CLK_0_BUFG/O
                         net (fo=31598, routed)       1.697    27.876    pm_top_mux_inst/scd_estimator_inst/pm_first_stage_wrap_inst/first_stage_fsmd_control/PS_CLOCK0
    SLICE_X31Y110        FDCE                                         r  pm_top_mux_inst/scd_estimator_inst/pm_first_stage_wrap_inst/first_stage_fsmd_control/r_index_reg_reg[1]_rep/C
                         clock pessimism              0.147    28.023    
                         clock uncertainty           -0.377    27.646    
    SLICE_X31Y110        FDCE (Recov_fdce_C_CLR)     -0.608    27.038    pm_top_mux_inst/scd_estimator_inst/pm_first_stage_wrap_inst/first_stage_fsmd_control/r_index_reg_reg[1]_rep
  -------------------------------------------------------------------
                         required time                         27.038    
                         arrival time                          -8.068    
  -------------------------------------------------------------------
                         slack                                 18.970    

Slack (MET) :             18.970ns  (required time - arrival time)
  Source:                 comblock_adapter_inst/r_top_mux_reset_reg/C
                            (rising edge-triggered cell FDRE clocked by clk_fpga_0  {rise@0.000ns fall@12.500ns period=25.000ns})
  Destination:            pm_top_mux_inst/scd_estimator_inst/pm_first_stage_wrap_inst/first_stage_fsmd_control/r_index_reg_reg[4]/CLR
                            (recovery check against rising-edge clock clk_fpga_0  {rise@0.000ns fall@12.500ns period=25.000ns})
  Path Group:             **async_default**
  Path Type:              Recovery (Max at Slow Process Corner)
  Requirement:            25.000ns  (clk_fpga_0 rise@25.000ns - clk_fpga_0 rise@0.000ns)
  Data Path Delay:        4.880ns  (logic 0.609ns (12.479%)  route 4.271ns (87.521%))
  Logic Levels:           1  (LUT3=1)
  Clock Path Skew:        -0.165ns (DCD - SCD + CPR)
    Destination Clock Delay (DCD):    2.876ns = ( 27.876 - 25.000 ) 
    Source Clock Delay      (SCD):    3.188ns
    Clock Pessimism Removal (CPR):    0.147ns
  Clock Uncertainty:      0.377ns  ((TSJ^2 + TIJ^2)^1/2 + DJ) / 2 + PE
    Total System Jitter     (TSJ):    0.071ns
    Total Input Jitter      (TIJ):    0.750ns
    Discrete Jitter          (DJ):    0.000ns
    Phase Error              (PE):    0.000ns

    Location             Delay type                Incr(ns)  Path(ns)    Netlist Resource(s)
  -------------------------------------------------------------------    -------------------
                         (clock clk_fpga_0 rise edge)
                                                      0.000     0.000 r  
    PS7_X0Y0             PS7                          0.000     0.000 r  comblock_setup_wrapper_inst/comblock_setup_i/processing_system7_0/inst/PS7_i/FCLKCLK[0]
                         net (fo=1, routed)           1.193     1.193    comblock_setup_wrapper_inst/comblock_setup_i/processing_system7_0/inst/FCLK_CLK_unbuffered[0]
    BUFGCTRL_X0Y16       BUFG (Prop_bufg_I_O)         0.101     1.294 r  comblock_setup_wrapper_inst/comblock_setup_i/processing_system7_0/inst/buffer_fclk_clk_0.FCLK_CLK_0_BUFG/O
                         net (fo=31598, routed)       1.894     3.188    comblock_adapter_inst/PS_CLOCK0
    SLICE_X61Y119        FDRE                                         r  comblock_adapter_inst/r_top_mux_reset_reg/C
  -------------------------------------------------------------------    -------------------
    SLICE_X61Y119        FDRE (Prop_fdre_C_Q)         0.456     3.644 f  comblock_adapter_inst/r_top_mux_reset_reg/Q
                         net (fo=155, routed)         1.533     5.177    pm_top_mux_inst/pm_top_mux_fsmd_control/FSM_onehot_state_reg_reg[1]_0[0]
    SLICE_X52Y101        LUT3 (Prop_lut3_I2_O)        0.153     5.330 f  pm_top_mux_inst/pm_top_mux_fsmd_control/p_0_out_i_2/O
                         net (fo=18605, routed)       2.738     8.068    pm_top_mux_inst/scd_estimator_inst/pm_first_stage_wrap_inst/first_stage_fsmd_control/i_reset00_out
    SLICE_X31Y110        FDCE                                         f  pm_top_mux_inst/scd_estimator_inst/pm_first_stage_wrap_inst/first_stage_fsmd_control/r_index_reg_reg[4]/CLR
  -------------------------------------------------------------------    -------------------

                         (clock clk_fpga_0 rise edge)
                                                     25.000    25.000 r  
    PS7_X0Y0             PS7                          0.000    25.000 r  comblock_setup_wrapper_inst/comblock_setup_i/processing_system7_0/inst/PS7_i/FCLKCLK[0]
                         net (fo=1, routed)           1.088    26.088    comblock_setup_wrapper_inst/comblock_setup_i/processing_system7_0/inst/FCLK_CLK_unbuffered[0]
    BUFGCTRL_X0Y16       BUFG (Prop_bufg_I_O)         0.091    26.179 r  comblock_setup_wrapper_inst/comblock_setup_i/processing_system7_0/inst/buffer_fclk_clk_0.FCLK_CLK_0_BUFG/O
                         net (fo=31598, routed)       1.697    27.876    pm_top_mux_inst/scd_estimator_inst/pm_first_stage_wrap_inst/first_stage_fsmd_control/PS_CLOCK0
    SLICE_X31Y110        FDCE                                         r  pm_top_mux_inst/scd_estimator_inst/pm_first_stage_wrap_inst/first_stage_fsmd_control/r_index_reg_reg[4]/C
                         clock pessimism              0.147    28.023    
                         clock uncertainty           -0.377    27.646    
    SLICE_X31Y110        FDCE (Recov_fdce_C_CLR)     -0.608    27.038    pm_top_mux_inst/scd_estimator_inst/pm_first_stage_wrap_inst/first_stage_fsmd_control/r_index_reg_reg[4]
  -------------------------------------------------------------------
                         required time                         27.038    
                         arrival time                          -8.068    
  -------------------------------------------------------------------
                         slack                                 18.970    

Slack (MET) :             19.056ns  (required time - arrival time)
  Source:                 comblock_adapter_inst/r_top_mux_reset_reg/C
                            (rising edge-triggered cell FDRE clocked by clk_fpga_0  {rise@0.000ns fall@12.500ns period=25.000ns})
  Destination:            pm_top_mux_inst/scd_estimator_inst/pm_first_stage_wrap_inst/first_stage_fsmd_control/r_fft_data_in_reg_reg[28]/CLR
                            (recovery check against rising-edge clock clk_fpga_0  {rise@0.000ns fall@12.500ns period=25.000ns})
  Path Group:             **async_default**
  Path Type:              Recovery (Max at Slow Process Corner)
  Requirement:            25.000ns  (clk_fpga_0 rise@25.000ns - clk_fpga_0 rise@0.000ns)
  Data Path Delay:        4.880ns  (logic 0.609ns (12.479%)  route 4.271ns (87.521%))
  Logic Levels:           1  (LUT3=1)
  Clock Path Skew:        -0.165ns (DCD - SCD + CPR)
    Destination Clock Delay (DCD):    2.876ns = ( 27.876 - 25.000 ) 
    Source Clock Delay      (SCD):    3.188ns
    Clock Pessimism Removal (CPR):    0.147ns
  Clock Uncertainty:      0.377ns  ((TSJ^2 + TIJ^2)^1/2 + DJ) / 2 + PE
    Total System Jitter     (TSJ):    0.071ns
    Total Input Jitter      (TIJ):    0.750ns
    Discrete Jitter          (DJ):    0.000ns
    Phase Error              (PE):    0.000ns

    Location             Delay type                Incr(ns)  Path(ns)    Netlist Resource(s)
  -------------------------------------------------------------------    -------------------
                         (clock clk_fpga_0 rise edge)
                                                      0.000     0.000 r  
    PS7_X0Y0             PS7                          0.000     0.000 r  comblock_setup_wrapper_inst/comblock_setup_i/processing_system7_0/inst/PS7_i/FCLKCLK[0]
                         net (fo=1, routed)           1.193     1.193    comblock_setup_wrapper_inst/comblock_setup_i/processing_system7_0/inst/FCLK_CLK_unbuffered[0]
    BUFGCTRL_X0Y16       BUFG (Prop_bufg_I_O)         0.101     1.294 r  comblock_setup_wrapper_inst/comblock_setup_i/processing_system7_0/inst/buffer_fclk_clk_0.FCLK_CLK_0_BUFG/O
                         net (fo=31598, routed)       1.894     3.188    comblock_adapter_inst/PS_CLOCK0
    SLICE_X61Y119        FDRE                                         r  comblock_adapter_inst/r_top_mux_reset_reg/C
  -------------------------------------------------------------------    -------------------
    SLICE_X61Y119        FDRE (Prop_fdre_C_Q)         0.456     3.644 f  comblock_adapter_inst/r_top_mux_reset_reg/Q
                         net (fo=155, routed)         1.533     5.177    pm_top_mux_inst/pm_top_mux_fsmd_control/FSM_onehot_state_reg_reg[1]_0[0]
    SLICE_X52Y101        LUT3 (Prop_lut3_I2_O)        0.153     5.330 f  pm_top_mux_inst/pm_top_mux_fsmd_control/p_0_out_i_2/O
                         net (fo=18605, routed)       2.738     8.068    pm_top_mux_inst/scd_estimator_inst/pm_first_stage_wrap_inst/first_stage_fsmd_control/i_reset00_out
    SLICE_X30Y110        FDCE                                         f  pm_top_mux_inst/scd_estimator_inst/pm_first_stage_wrap_inst/first_stage_fsmd_control/r_fft_data_in_reg_reg[28]/CLR
  -------------------------------------------------------------------    -------------------

                         (clock clk_fpga_0 rise edge)
                                                     25.000    25.000 r  
    PS7_X0Y0             PS7                          0.000    25.000 r  comblock_setup_wrapper_inst/comblock_setup_i/processing_system7_0/inst/PS7_i/FCLKCLK[0]
                         net (fo=1, routed)           1.088    26.088    comblock_setup_wrapper_inst/comblock_setup_i/processing_system7_0/inst/FCLK_CLK_unbuffered[0]
    BUFGCTRL_X0Y16       BUFG (Prop_bufg_I_O)         0.091    26.179 r  comblock_setup_wrapper_inst/comblock_setup_i/processing_system7_0/inst/buffer_fclk_clk_0.FCLK_CLK_0_BUFG/O
                         net (fo=31598, routed)       1.697    27.876    pm_top_mux_inst/scd_estimator_inst/pm_first_stage_wrap_inst/first_stage_fsmd_control/PS_CLOCK0
    SLICE_X30Y110        FDCE                                         r  pm_top_mux_inst/scd_estimator_inst/pm_first_stage_wrap_inst/first_stage_fsmd_control/r_fft_data_in_reg_reg[28]/C
                         clock pessimism              0.147    28.023    
                         clock uncertainty           -0.377    27.646    
    SLICE_X30Y110        FDCE (Recov_fdce_C_CLR)     -0.522    27.124    pm_top_mux_inst/scd_estimator_inst/pm_first_stage_wrap_inst/first_stage_fsmd_control/r_fft_data_in_reg_reg[28]
  -------------------------------------------------------------------
                         required time                         27.124    
                         arrival time                          -8.068    
  -------------------------------------------------------------------
                         slack                                 19.056    

Slack (MET) :             19.056ns  (required time - arrival time)
  Source:                 comblock_adapter_inst/r_top_mux_reset_reg/C
                            (rising edge-triggered cell FDRE clocked by clk_fpga_0  {rise@0.000ns fall@12.500ns period=25.000ns})
  Destination:            pm_top_mux_inst/scd_estimator_inst/pm_first_stage_wrap_inst/first_stage_fsmd_control/r_fft_data_in_reg_reg[31]/CLR
                            (recovery check against rising-edge clock clk_fpga_0  {rise@0.000ns fall@12.500ns period=25.000ns})
  Path Group:             **async_default**
  Path Type:              Recovery (Max at Slow Process Corner)
  Requirement:            25.000ns  (clk_fpga_0 rise@25.000ns - clk_fpga_0 rise@0.000ns)
  Data Path Delay:        4.880ns  (logic 0.609ns (12.479%)  route 4.271ns (87.521%))
  Logic Levels:           1  (LUT3=1)
  Clock Path Skew:        -0.165ns (DCD - SCD + CPR)
    Destination Clock Delay (DCD):    2.876ns = ( 27.876 - 25.000 ) 
    Source Clock Delay      (SCD):    3.188ns
    Clock Pessimism Removal (CPR):    0.147ns
  Clock Uncertainty:      0.377ns  ((TSJ^2 + TIJ^2)^1/2 + DJ) / 2 + PE
    Total System Jitter     (TSJ):    0.071ns
    Total Input Jitter      (TIJ):    0.750ns
    Discrete Jitter          (DJ):    0.000ns
    Phase Error              (PE):    0.000ns

    Location             Delay type                Incr(ns)  Path(ns)    Netlist Resource(s)
  -------------------------------------------------------------------    -------------------
                         (clock clk_fpga_0 rise edge)
                                                      0.000     0.000 r  
    PS7_X0Y0             PS7                          0.000     0.000 r  comblock_setup_wrapper_inst/comblock_setup_i/processing_system7_0/inst/PS7_i/FCLKCLK[0]
                         net (fo=1, routed)           1.193     1.193    comblock_setup_wrapper_inst/comblock_setup_i/processing_system7_0/inst/FCLK_CLK_unbuffered[0]
    BUFGCTRL_X0Y16       BUFG (Prop_bufg_I_O)         0.101     1.294 r  comblock_setup_wrapper_inst/comblock_setup_i/processing_system7_0/inst/buffer_fclk_clk_0.FCLK_CLK_0_BUFG/O
                         net (fo=31598, routed)       1.894     3.188    comblock_adapter_inst/PS_CLOCK0
    SLICE_X61Y119        FDRE                                         r  comblock_adapter_inst/r_top_mux_reset_reg/C
  -------------------------------------------------------------------    -------------------
    SLICE_X61Y119        FDRE (Prop_fdre_C_Q)         0.456     3.644 f  comblock_adapter_inst/r_top_mux_reset_reg/Q
                         net (fo=155, routed)         1.533     5.177    pm_top_mux_inst/pm_top_mux_fsmd_control/FSM_onehot_state_reg_reg[1]_0[0]
    SLICE_X52Y101        LUT3 (Prop_lut3_I2_O)        0.153     5.330 f  pm_top_mux_inst/pm_top_mux_fsmd_control/p_0_out_i_2/O
                         net (fo=18605, routed)       2.738     8.068    pm_top_mux_inst/scd_estimator_inst/pm_first_stage_wrap_inst/first_stage_fsmd_control/i_reset00_out
    SLICE_X30Y110        FDCE                                         f  pm_top_mux_inst/scd_estimator_inst/pm_first_stage_wrap_inst/first_stage_fsmd_control/r_fft_data_in_reg_reg[31]/CLR
  -------------------------------------------------------------------    -------------------

                         (clock clk_fpga_0 rise edge)
                                                     25.000    25.000 r  
    PS7_X0Y0             PS7                          0.000    25.000 r  comblock_setup_wrapper_inst/comblock_setup_i/processing_system7_0/inst/PS7_i/FCLKCLK[0]
                         net (fo=1, routed)           1.088    26.088    comblock_setup_wrapper_inst/comblock_setup_i/processing_system7_0/inst/FCLK_CLK_unbuffered[0]
    BUFGCTRL_X0Y16       BUFG (Prop_bufg_I_O)         0.091    26.179 r  comblock_setup_wrapper_inst/comblock_setup_i/processing_system7_0/inst/buffer_fclk_clk_0.FCLK_CLK_0_BUFG/O
                         net (fo=31598, routed)       1.697    27.876    pm_top_mux_inst/scd_estimator_inst/pm_first_stage_wrap_inst/first_stage_fsmd_control/PS_CLOCK0
    SLICE_X30Y110        FDCE                                         r  pm_top_mux_inst/scd_estimator_inst/pm_first_stage_wrap_inst/first_stage_fsmd_control/r_fft_data_in_reg_reg[31]/C
                         clock pessimism              0.147    28.023    
                         clock uncertainty           -0.377    27.646    
    SLICE_X30Y110        FDCE (Recov_fdce_C_CLR)     -0.522    27.124    pm_top_mux_inst/scd_estimator_inst/pm_first_stage_wrap_inst/first_stage_fsmd_control/r_fft_data_in_reg_reg[31]
  -------------------------------------------------------------------
                         required time                         27.124    
                         arrival time                          -8.068    
  -------------------------------------------------------------------
                         slack                                 19.056    

Slack (MET) :             19.188ns  (required time - arrival time)
  Source:                 comblock_adapter_inst/r_top_mux_reset_reg/C
                            (rising edge-triggered cell FDRE clocked by clk_fpga_0  {rise@0.000ns fall@12.500ns period=25.000ns})
  Destination:            pm_top_mux_inst/scd_estimator_inst/pm_first_stage_wrap_inst/first_stage_fsmd_control/r_ram_write_addr_reg_reg[4]/CLR
                            (recovery check against rising-edge clock clk_fpga_0  {rise@0.000ns fall@12.500ns period=25.000ns})
  Path Group:             **async_default**
  Path Type:              Recovery (Max at Slow Process Corner)
  Requirement:            25.000ns  (clk_fpga_0 rise@25.000ns - clk_fpga_0 rise@0.000ns)
  Data Path Delay:        4.659ns  (logic 0.609ns (13.072%)  route 4.050ns (86.928%))
  Logic Levels:           1  (LUT3=1)
  Clock Path Skew:        -0.168ns (DCD - SCD + CPR)
    Destination Clock Delay (DCD):    2.873ns = ( 27.873 - 25.000 ) 
    Source Clock Delay      (SCD):    3.188ns
    Clock Pessimism Removal (CPR):    0.147ns
  Clock Uncertainty:      0.377ns  ((TSJ^2 + TIJ^2)^1/2 + DJ) / 2 + PE
    Total System Jitter     (TSJ):    0.071ns
    Total Input Jitter      (TIJ):    0.750ns
    Discrete Jitter          (DJ):    0.000ns
    Phase Error              (PE):    0.000ns

    Location             Delay type                Incr(ns)  Path(ns)    Netlist Resource(s)
  -------------------------------------------------------------------    -------------------
                         (clock clk_fpga_0 rise edge)
                                                      0.000     0.000 r  
    PS7_X0Y0             PS7                          0.000     0.000 r  comblock_setup_wrapper_inst/comblock_setup_i/processing_system7_0/inst/PS7_i/FCLKCLK[0]
                         net (fo=1, routed)           1.193     1.193    comblock_setup_wrapper_inst/comblock_setup_i/processing_system7_0/inst/FCLK_CLK_unbuffered[0]
    BUFGCTRL_X0Y16       BUFG (Prop_bufg_I_O)         0.101     1.294 r  comblock_setup_wrapper_inst/comblock_setup_i/processing_system7_0/inst/buffer_fclk_clk_0.FCLK_CLK_0_BUFG/O
                         net (fo=31598, routed)       1.894     3.188    comblock_adapter_inst/PS_CLOCK0
    SLICE_X61Y119        FDRE                                         r  comblock_adapter_inst/r_top_mux_reset_reg/C
  -------------------------------------------------------------------    -------------------
    SLICE_X61Y119        FDRE (Prop_fdre_C_Q)         0.456     3.644 f  comblock_adapter_inst/r_top_mux_reset_reg/Q
                         net (fo=155, routed)         1.533     5.177    pm_top_mux_inst/pm_top_mux_fsmd_control/FSM_onehot_state_reg_reg[1]_0[0]
    SLICE_X52Y101        LUT3 (Prop_lut3_I2_O)        0.153     5.330 f  pm_top_mux_inst/pm_top_mux_fsmd_control/p_0_out_i_2/O
                         net (fo=18605, routed)       2.517     7.847    pm_top_mux_inst/scd_estimator_inst/pm_first_stage_wrap_inst/first_stage_fsmd_control/i_reset00_out
    SLICE_X28Y114        FDCE                                         f  pm_top_mux_inst/scd_estimator_inst/pm_first_stage_wrap_inst/first_stage_fsmd_control/r_ram_write_addr_reg_reg[4]/CLR
  -------------------------------------------------------------------    -------------------

                         (clock clk_fpga_0 rise edge)
                                                     25.000    25.000 r  
    PS7_X0Y0             PS7                          0.000    25.000 r  comblock_setup_wrapper_inst/comblock_setup_i/processing_system7_0/inst/PS7_i/FCLKCLK[0]
                         net (fo=1, routed)           1.088    26.088    comblock_setup_wrapper_inst/comblock_setup_i/processing_system7_0/inst/FCLK_CLK_unbuffered[0]
    BUFGCTRL_X0Y16       BUFG (Prop_bufg_I_O)         0.091    26.179 r  comblock_setup_wrapper_inst/comblock_setup_i/processing_system7_0/inst/buffer_fclk_clk_0.FCLK_CLK_0_BUFG/O
                         net (fo=31598, routed)       1.694    27.873    pm_top_mux_inst/scd_estimator_inst/pm_first_stage_wrap_inst/first_stage_fsmd_control/PS_CLOCK0
    SLICE_X28Y114        FDCE                                         r  pm_top_mux_inst/scd_estimator_inst/pm_first_stage_wrap_inst/first_stage_fsmd_control/r_ram_write_addr_reg_reg[4]/C
                         clock pessimism              0.147    28.020    
                         clock uncertainty           -0.377    27.643    
    SLICE_X28Y114        FDCE (Recov_fdce_C_CLR)     -0.608    27.035    pm_top_mux_inst/scd_estimator_inst/pm_first_stage_wrap_inst/first_stage_fsmd_control/r_ram_write_addr_reg_reg[4]
  -------------------------------------------------------------------
                         required time                         27.035    
                         arrival time                          -7.847    
  -------------------------------------------------------------------
                         slack                                 19.188    





Min Delay Paths
--------------------------------------------------------------------------------------
Slack (MET) :             0.733ns  (arrival time - required time)
  Source:                 pm_top_mux_inst/pm_top_mux_fsmd_control/FSM_onehot_state_reg_reg[7]/C
                            (rising edge-triggered cell FDRE clocked by clk_fpga_0  {rise@0.000ns fall@12.500ns period=25.000ns})
  Destination:            pm_top_mux_inst/scd_estimator_inst/pm_first_stage_wrap_inst/first_stage_fsmd_control/r_fft_data_in_reg_reg[17]/CLR
                            (removal check against rising-edge clock clk_fpga_0  {rise@0.000ns fall@12.500ns period=25.000ns})
  Path Group:             **async_default**
  Path Type:              Removal (Min at Fast Process Corner)
  Requirement:            0.000ns  (clk_fpga_0 rise@0.000ns - clk_fpga_0 rise@0.000ns)
  Data Path Delay:        0.868ns  (logic 0.192ns (22.125%)  route 0.676ns (77.875%))
  Logic Levels:           1  (LUT3=1)
  Clock Path Skew:        0.266ns (DCD - SCD - CPR)
    Destination Clock Delay (DCD):    1.276ns
    Source Clock Delay      (SCD):    0.971ns
    Clock Pessimism Removal (CPR):    0.039ns

    Location             Delay type                Incr(ns)  Path(ns)    Netlist Resource(s)
  -------------------------------------------------------------------    -------------------
                         (clock clk_fpga_0 rise edge)
                                                      0.000     0.000 r  
    PS7_X0Y0             PS7                          0.000     0.000 r  comblock_setup_wrapper_inst/comblock_setup_i/processing_system7_0/inst/PS7_i/FCLKCLK[0]
                         net (fo=1, routed)           0.310     0.310    comblock_setup_wrapper_inst/comblock_setup_i/processing_system7_0/inst/FCLK_CLK_unbuffered[0]
    BUFGCTRL_X0Y16       BUFG (Prop_bufg_I_O)         0.026     0.336 r  comblock_setup_wrapper_inst/comblock_setup_i/processing_system7_0/inst/buffer_fclk_clk_0.FCLK_CLK_0_BUFG/O
                         net (fo=31598, routed)       0.635     0.971    pm_top_mux_inst/pm_top_mux_fsmd_control/PS_CLOCK0
    SLICE_X53Y101        FDRE                                         r  pm_top_mux_inst/pm_top_mux_fsmd_control/FSM_onehot_state_reg_reg[7]/C
  -------------------------------------------------------------------    -------------------
    SLICE_X53Y101        FDRE (Prop_fdre_C_Q)         0.141     1.112 f  pm_top_mux_inst/pm_top_mux_fsmd_control/FSM_onehot_state_reg_reg[7]/Q
                         net (fo=3, routed)           0.121     1.233    pm_top_mux_inst/pm_top_mux_fsmd_control/FSM_onehot_state_reg_reg_n_0_[7]
    SLICE_X52Y101        LUT3 (Prop_lut3_I0_O)        0.051     1.284 f  pm_top_mux_inst/pm_top_mux_fsmd_control/p_0_out_i_2/O
                         net (fo=18605, routed)       0.555     1.839    pm_top_mux_inst/scd_estimator_inst/pm_first_stage_wrap_inst/first_stage_fsmd_control/i_reset00_out
    SLICE_X32Y108        FDCE                                         f  pm_top_mux_inst/scd_estimator_inst/pm_first_stage_wrap_inst/first_stage_fsmd_control/r_fft_data_in_reg_reg[17]/CLR
  -------------------------------------------------------------------    -------------------

                         (clock clk_fpga_0 rise edge)
                                                      0.000     0.000 r  
    PS7_X0Y0             PS7                          0.000     0.000 r  comblock_setup_wrapper_inst/comblock_setup_i/processing_system7_0/inst/PS7_i/FCLKCLK[0]
                         net (fo=1, routed)           0.337     0.337    comblock_setup_wrapper_inst/comblock_setup_i/processing_system7_0/inst/FCLK_CLK_unbuffered[0]
    BUFGCTRL_X0Y16       BUFG (Prop_bufg_I_O)         0.029     0.366 r  comblock_setup_wrapper_inst/comblock_setup_i/processing_system7_0/inst/buffer_fclk_clk_0.FCLK_CLK_0_BUFG/O
                         net (fo=31598, routed)       0.910     1.276    pm_top_mux_inst/scd_estimator_inst/pm_first_stage_wrap_inst/first_stage_fsmd_control/PS_CLOCK0
    SLICE_X32Y108        FDCE                                         r  pm_top_mux_inst/scd_estimator_inst/pm_first_stage_wrap_inst/first_stage_fsmd_control/r_fft_data_in_reg_reg[17]/C
                         clock pessimism             -0.039     1.237    
    SLICE_X32Y108        FDCE (Remov_fdce_C_CLR)     -0.132     1.105    pm_top_mux_inst/scd_estimator_inst/pm_first_stage_wrap_inst/first_stage_fsmd_control/r_fft_data_in_reg_reg[17]
  -------------------------------------------------------------------
                         required time                         -1.105    
                         arrival time                           1.839    
  -------------------------------------------------------------------
                         slack                                  0.733    

Slack (MET) :             0.733ns  (arrival time - required time)
  Source:                 pm_top_mux_inst/pm_top_mux_fsmd_control/FSM_onehot_state_reg_reg[7]/C
                            (rising edge-triggered cell FDRE clocked by clk_fpga_0  {rise@0.000ns fall@12.500ns period=25.000ns})
  Destination:            pm_top_mux_inst/scd_estimator_inst/pm_first_stage_wrap_inst/first_stage_fsmd_control/r_fft_data_in_reg_reg[1]/CLR
                            (removal check against rising-edge clock clk_fpga_0  {rise@0.000ns fall@12.500ns period=25.000ns})
  Path Group:             **async_default**
  Path Type:              Removal (Min at Fast Process Corner)
  Requirement:            0.000ns  (clk_fpga_0 rise@0.000ns - clk_fpga_0 rise@0.000ns)
  Data Path Delay:        0.868ns  (logic 0.192ns (22.125%)  route 0.676ns (77.875%))
  Logic Levels:           1  (LUT3=1)
  Clock Path Skew:        0.266ns (DCD - SCD - CPR)
    Destination Clock Delay (DCD):    1.276ns
    Source Clock Delay      (SCD):    0.971ns
    Clock Pessimism Removal (CPR):    0.039ns

    Location             Delay type                Incr(ns)  Path(ns)    Netlist Resource(s)
  -------------------------------------------------------------------    -------------------
                         (clock clk_fpga_0 rise edge)
                                                      0.000     0.000 r  
    PS7_X0Y0             PS7                          0.000     0.000 r  comblock_setup_wrapper_inst/comblock_setup_i/processing_system7_0/inst/PS7_i/FCLKCLK[0]
                         net (fo=1, routed)           0.310     0.310    comblock_setup_wrapper_inst/comblock_setup_i/processing_system7_0/inst/FCLK_CLK_unbuffered[0]
    BUFGCTRL_X0Y16       BUFG (Prop_bufg_I_O)         0.026     0.336 r  comblock_setup_wrapper_inst/comblock_setup_i/processing_system7_0/inst/buffer_fclk_clk_0.FCLK_CLK_0_BUFG/O
                         net (fo=31598, routed)       0.635     0.971    pm_top_mux_inst/pm_top_mux_fsmd_control/PS_CLOCK0
    SLICE_X53Y101        FDRE                                         r  pm_top_mux_inst/pm_top_mux_fsmd_control/FSM_onehot_state_reg_reg[7]/C
  -------------------------------------------------------------------    -------------------
    SLICE_X53Y101        FDRE (Prop_fdre_C_Q)         0.141     1.112 f  pm_top_mux_inst/pm_top_mux_fsmd_control/FSM_onehot_state_reg_reg[7]/Q
                         net (fo=3, routed)           0.121     1.233    pm_top_mux_inst/pm_top_mux_fsmd_control/FSM_onehot_state_reg_reg_n_0_[7]
    SLICE_X52Y101        LUT3 (Prop_lut3_I0_O)        0.051     1.284 f  pm_top_mux_inst/pm_top_mux_fsmd_control/p_0_out_i_2/O
                         net (fo=18605, routed)       0.555     1.839    pm_top_mux_inst/scd_estimator_inst/pm_first_stage_wrap_inst/first_stage_fsmd_control/i_reset00_out
    SLICE_X32Y108        FDCE                                         f  pm_top_mux_inst/scd_estimator_inst/pm_first_stage_wrap_inst/first_stage_fsmd_control/r_fft_data_in_reg_reg[1]/CLR
  -------------------------------------------------------------------    -------------------

                         (clock clk_fpga_0 rise edge)
                                                      0.000     0.000 r  
    PS7_X0Y0             PS7                          0.000     0.000 r  comblock_setup_wrapper_inst/comblock_setup_i/processing_system7_0/inst/PS7_i/FCLKCLK[0]
                         net (fo=1, routed)           0.337     0.337    comblock_setup_wrapper_inst/comblock_setup_i/processing_system7_0/inst/FCLK_CLK_unbuffered[0]
    BUFGCTRL_X0Y16       BUFG (Prop_bufg_I_O)         0.029     0.366 r  comblock_setup_wrapper_inst/comblock_setup_i/processing_system7_0/inst/buffer_fclk_clk_0.FCLK_CLK_0_BUFG/O
                         net (fo=31598, routed)       0.910     1.276    pm_top_mux_inst/scd_estimator_inst/pm_first_stage_wrap_inst/first_stage_fsmd_control/PS_CLOCK0
    SLICE_X32Y108        FDCE                                         r  pm_top_mux_inst/scd_estimator_inst/pm_first_stage_wrap_inst/first_stage_fsmd_control/r_fft_data_in_reg_reg[1]/C
                         clock pessimism             -0.039     1.237    
    SLICE_X32Y108        FDCE (Remov_fdce_C_CLR)     -0.132     1.105    pm_top_mux_inst/scd_estimator_inst/pm_first_stage_wrap_inst/first_stage_fsmd_control/r_fft_data_in_reg_reg[1]
  -------------------------------------------------------------------
                         required time                         -1.105    
                         arrival time                           1.839    
  -------------------------------------------------------------------
                         slack                                  0.733    

Slack (MET) :             0.733ns  (arrival time - required time)
  Source:                 pm_top_mux_inst/pm_top_mux_fsmd_control/FSM_onehot_state_reg_reg[7]/C
                            (rising edge-triggered cell FDRE clocked by clk_fpga_0  {rise@0.000ns fall@12.500ns period=25.000ns})
  Destination:            pm_top_mux_inst/scd_estimator_inst/pm_first_stage_wrap_inst/first_stage_fsmd_control/r_fft_data_in_reg_reg[25]/CLR
                            (removal check against rising-edge clock clk_fpga_0  {rise@0.000ns fall@12.500ns period=25.000ns})
  Path Group:             **async_default**
  Path Type:              Removal (Min at Fast Process Corner)
  Requirement:            0.000ns  (clk_fpga_0 rise@0.000ns - clk_fpga_0 rise@0.000ns)
  Data Path Delay:        0.868ns  (logic 0.192ns (22.125%)  route 0.676ns (77.875%))
  Logic Levels:           1  (LUT3=1)
  Clock Path Skew:        0.266ns (DCD - SCD - CPR)
    Destination Clock Delay (DCD):    1.276ns
    Source Clock Delay      (SCD):    0.971ns
    Clock Pessimism Removal (CPR):    0.039ns

    Location             Delay type                Incr(ns)  Path(ns)    Netlist Resource(s)
  -------------------------------------------------------------------    -------------------
                         (clock clk_fpga_0 rise edge)
                                                      0.000     0.000 r  
    PS7_X0Y0             PS7                          0.000     0.000 r  comblock_setup_wrapper_inst/comblock_setup_i/processing_system7_0/inst/PS7_i/FCLKCLK[0]
                         net (fo=1, routed)           0.310     0.310    comblock_setup_wrapper_inst/comblock_setup_i/processing_system7_0/inst/FCLK_CLK_unbuffered[0]
    BUFGCTRL_X0Y16       BUFG (Prop_bufg_I_O)         0.026     0.336 r  comblock_setup_wrapper_inst/comblock_setup_i/processing_system7_0/inst/buffer_fclk_clk_0.FCLK_CLK_0_BUFG/O
                         net (fo=31598, routed)       0.635     0.971    pm_top_mux_inst/pm_top_mux_fsmd_control/PS_CLOCK0
    SLICE_X53Y101        FDRE                                         r  pm_top_mux_inst/pm_top_mux_fsmd_control/FSM_onehot_state_reg_reg[7]/C
  -------------------------------------------------------------------    -------------------
    SLICE_X53Y101        FDRE (Prop_fdre_C_Q)         0.141     1.112 f  pm_top_mux_inst/pm_top_mux_fsmd_control/FSM_onehot_state_reg_reg[7]/Q
                         net (fo=3, routed)           0.121     1.233    pm_top_mux_inst/pm_top_mux_fsmd_control/FSM_onehot_state_reg_reg_n_0_[7]
    SLICE_X52Y101        LUT3 (Prop_lut3_I0_O)        0.051     1.284 f  pm_top_mux_inst/pm_top_mux_fsmd_control/p_0_out_i_2/O
                         net (fo=18605, routed)       0.555     1.839    pm_top_mux_inst/scd_estimator_inst/pm_first_stage_wrap_inst/first_stage_fsmd_control/i_reset00_out
    SLICE_X32Y108        FDCE                                         f  pm_top_mux_inst/scd_estimator_inst/pm_first_stage_wrap_inst/first_stage_fsmd_control/r_fft_data_in_reg_reg[25]/CLR
  -------------------------------------------------------------------    -------------------

                         (clock clk_fpga_0 rise edge)
                                                      0.000     0.000 r  
    PS7_X0Y0             PS7                          0.000     0.000 r  comblock_setup_wrapper_inst/comblock_setup_i/processing_system7_0/inst/PS7_i/FCLKCLK[0]
                         net (fo=1, routed)           0.337     0.337    comblock_setup_wrapper_inst/comblock_setup_i/processing_system7_0/inst/FCLK_CLK_unbuffered[0]
    BUFGCTRL_X0Y16       BUFG (Prop_bufg_I_O)         0.029     0.366 r  comblock_setup_wrapper_inst/comblock_setup_i/processing_system7_0/inst/buffer_fclk_clk_0.FCLK_CLK_0_BUFG/O
                         net (fo=31598, routed)       0.910     1.276    pm_top_mux_inst/scd_estimator_inst/pm_first_stage_wrap_inst/first_stage_fsmd_control/PS_CLOCK0
    SLICE_X32Y108        FDCE                                         r  pm_top_mux_inst/scd_estimator_inst/pm_first_stage_wrap_inst/first_stage_fsmd_control/r_fft_data_in_reg_reg[25]/C
                         clock pessimism             -0.039     1.237    
    SLICE_X32Y108        FDCE (Remov_fdce_C_CLR)     -0.132     1.105    pm_top_mux_inst/scd_estimator_inst/pm_first_stage_wrap_inst/first_stage_fsmd_control/r_fft_data_in_reg_reg[25]
  -------------------------------------------------------------------
                         required time                         -1.105    
                         arrival time                           1.839    
  -------------------------------------------------------------------
                         slack                                  0.733    

Slack (MET) :             0.733ns  (arrival time - required time)
  Source:                 pm_top_mux_inst/pm_top_mux_fsmd_control/FSM_onehot_state_reg_reg[7]/C
                            (rising edge-triggered cell FDRE clocked by clk_fpga_0  {rise@0.000ns fall@12.500ns period=25.000ns})
  Destination:            pm_top_mux_inst/scd_estimator_inst/pm_first_stage_wrap_inst/first_stage_fsmd_control/r_fft_data_in_reg_reg[2]/CLR
                            (removal check against rising-edge clock clk_fpga_0  {rise@0.000ns fall@12.500ns period=25.000ns})
  Path Group:             **async_default**
  Path Type:              Removal (Min at Fast Process Corner)
  Requirement:            0.000ns  (clk_fpga_0 rise@0.000ns - clk_fpga_0 rise@0.000ns)
  Data Path Delay:        0.868ns  (logic 0.192ns (22.125%)  route 0.676ns (77.875%))
  Logic Levels:           1  (LUT3=1)
  Clock Path Skew:        0.266ns (DCD - SCD - CPR)
    Destination Clock Delay (DCD):    1.276ns
    Source Clock Delay      (SCD):    0.971ns
    Clock Pessimism Removal (CPR):    0.039ns

    Location             Delay type                Incr(ns)  Path(ns)    Netlist Resource(s)
  -------------------------------------------------------------------    -------------------
                         (clock clk_fpga_0 rise edge)
                                                      0.000     0.000 r  
    PS7_X0Y0             PS7                          0.000     0.000 r  comblock_setup_wrapper_inst/comblock_setup_i/processing_system7_0/inst/PS7_i/FCLKCLK[0]
                         net (fo=1, routed)           0.310     0.310    comblock_setup_wrapper_inst/comblock_setup_i/processing_system7_0/inst/FCLK_CLK_unbuffered[0]
    BUFGCTRL_X0Y16       BUFG (Prop_bufg_I_O)         0.026     0.336 r  comblock_setup_wrapper_inst/comblock_setup_i/processing_system7_0/inst/buffer_fclk_clk_0.FCLK_CLK_0_BUFG/O
                         net (fo=31598, routed)       0.635     0.971    pm_top_mux_inst/pm_top_mux_fsmd_control/PS_CLOCK0
    SLICE_X53Y101        FDRE                                         r  pm_top_mux_inst/pm_top_mux_fsmd_control/FSM_onehot_state_reg_reg[7]/C
  -------------------------------------------------------------------    -------------------
    SLICE_X53Y101        FDRE (Prop_fdre_C_Q)         0.141     1.112 f  pm_top_mux_inst/pm_top_mux_fsmd_control/FSM_onehot_state_reg_reg[7]/Q
                         net (fo=3, routed)           0.121     1.233    pm_top_mux_inst/pm_top_mux_fsmd_control/FSM_onehot_state_reg_reg_n_0_[7]
    SLICE_X52Y101        LUT3 (Prop_lut3_I0_O)        0.051     1.284 f  pm_top_mux_inst/pm_top_mux_fsmd_control/p_0_out_i_2/O
                         net (fo=18605, routed)       0.555     1.839    pm_top_mux_inst/scd_estimator_inst/pm_first_stage_wrap_inst/first_stage_fsmd_control/i_reset00_out
    SLICE_X32Y108        FDCE                                         f  pm_top_mux_inst/scd_estimator_inst/pm_first_stage_wrap_inst/first_stage_fsmd_control/r_fft_data_in_reg_reg[2]/CLR
  -------------------------------------------------------------------    -------------------

                         (clock clk_fpga_0 rise edge)
                                                      0.000     0.000 r  
    PS7_X0Y0             PS7                          0.000     0.000 r  comblock_setup_wrapper_inst/comblock_setup_i/processing_system7_0/inst/PS7_i/FCLKCLK[0]
                         net (fo=1, routed)           0.337     0.337    comblock_setup_wrapper_inst/comblock_setup_i/processing_system7_0/inst/FCLK_CLK_unbuffered[0]
    BUFGCTRL_X0Y16       BUFG (Prop_bufg_I_O)         0.029     0.366 r  comblock_setup_wrapper_inst/comblock_setup_i/processing_system7_0/inst/buffer_fclk_clk_0.FCLK_CLK_0_BUFG/O
                         net (fo=31598, routed)       0.910     1.276    pm_top_mux_inst/scd_estimator_inst/pm_first_stage_wrap_inst/first_stage_fsmd_control/PS_CLOCK0
    SLICE_X32Y108        FDCE                                         r  pm_top_mux_inst/scd_estimator_inst/pm_first_stage_wrap_inst/first_stage_fsmd_control/r_fft_data_in_reg_reg[2]/C
                         clock pessimism             -0.039     1.237    
    SLICE_X32Y108        FDCE (Remov_fdce_C_CLR)     -0.132     1.105    pm_top_mux_inst/scd_estimator_inst/pm_first_stage_wrap_inst/first_stage_fsmd_control/r_fft_data_in_reg_reg[2]
  -------------------------------------------------------------------
                         required time                         -1.105    
                         arrival time                           1.839    
  -------------------------------------------------------------------
                         slack                                  0.733    

Slack (MET) :             0.758ns  (arrival time - required time)
  Source:                 pm_top_mux_inst/pm_top_mux_fsmd_control/FSM_onehot_state_reg_reg[7]/C
                            (rising edge-triggered cell FDRE clocked by clk_fpga_0  {rise@0.000ns fall@12.500ns period=25.000ns})
  Destination:            pm_top_mux_inst/scd_estimator_inst/pm_first_stage_wrap_inst/first_stage_fsmd_control/r_fft_data_in_reg_reg[10]/CLR
                            (removal check against rising-edge clock clk_fpga_0  {rise@0.000ns fall@12.500ns period=25.000ns})
  Path Group:             **async_default**
  Path Type:              Removal (Min at Fast Process Corner)
  Requirement:            0.000ns  (clk_fpga_0 rise@0.000ns - clk_fpga_0 rise@0.000ns)
  Data Path Delay:        0.868ns  (logic 0.192ns (22.125%)  route 0.676ns (77.875%))
  Logic Levels:           1  (LUT3=1)
  Clock Path Skew:        0.266ns (DCD - SCD - CPR)
    Destination Clock Delay (DCD):    1.276ns
    Source Clock Delay      (SCD):    0.971ns
    Clock Pessimism Removal (CPR):    0.039ns

    Location             Delay type                Incr(ns)  Path(ns)    Netlist Resource(s)
  -------------------------------------------------------------------    -------------------
                         (clock clk_fpga_0 rise edge)
                                                      0.000     0.000 r  
    PS7_X0Y0             PS7                          0.000     0.000 r  comblock_setup_wrapper_inst/comblock_setup_i/processing_system7_0/inst/PS7_i/FCLKCLK[0]
                         net (fo=1, routed)           0.310     0.310    comblock_setup_wrapper_inst/comblock_setup_i/processing_system7_0/inst/FCLK_CLK_unbuffered[0]
    BUFGCTRL_X0Y16       BUFG (Prop_bufg_I_O)         0.026     0.336 r  comblock_setup_wrapper_inst/comblock_setup_i/processing_system7_0/inst/buffer_fclk_clk_0.FCLK_CLK_0_BUFG/O
                         net (fo=31598, routed)       0.635     0.971    pm_top_mux_inst/pm_top_mux_fsmd_control/PS_CLOCK0
    SLICE_X53Y101        FDRE                                         r  pm_top_mux_inst/pm_top_mux_fsmd_control/FSM_onehot_state_reg_reg[7]/C
  -------------------------------------------------------------------    -------------------
    SLICE_X53Y101        FDRE (Prop_fdre_C_Q)         0.141     1.112 f  pm_top_mux_inst/pm_top_mux_fsmd_control/FSM_onehot_state_reg_reg[7]/Q
                         net (fo=3, routed)           0.121     1.233    pm_top_mux_inst/pm_top_mux_fsmd_control/FSM_onehot_state_reg_reg_n_0_[7]
    SLICE_X52Y101        LUT3 (Prop_lut3_I0_O)        0.051     1.284 f  pm_top_mux_inst/pm_top_mux_fsmd_control/p_0_out_i_2/O
                         net (fo=18605, routed)       0.555     1.839    pm_top_mux_inst/scd_estimator_inst/pm_first_stage_wrap_inst/first_stage_fsmd_control/i_reset00_out
    SLICE_X33Y108        FDCE                                         f  pm_top_mux_inst/scd_estimator_inst/pm_first_stage_wrap_inst/first_stage_fsmd_control/r_fft_data_in_reg_reg[10]/CLR
  -------------------------------------------------------------------    -------------------

                         (clock clk_fpga_0 rise edge)
                                                      0.000     0.000 r  
    PS7_X0Y0             PS7                          0.000     0.000 r  comblock_setup_wrapper_inst/comblock_setup_i/processing_system7_0/inst/PS7_i/FCLKCLK[0]
                         net (fo=1, routed)           0.337     0.337    comblock_setup_wrapper_inst/comblock_setup_i/processing_system7_0/inst/FCLK_CLK_unbuffered[0]
    BUFGCTRL_X0Y16       BUFG (Prop_bufg_I_O)         0.029     0.366 r  comblock_setup_wrapper_inst/comblock_setup_i/processing_system7_0/inst/buffer_fclk_clk_0.FCLK_CLK_0_BUFG/O
                         net (fo=31598, routed)       0.910     1.276    pm_top_mux_inst/scd_estimator_inst/pm_first_stage_wrap_inst/first_stage_fsmd_control/PS_CLOCK0
    SLICE_X33Y108        FDCE                                         r  pm_top_mux_inst/scd_estimator_inst/pm_first_stage_wrap_inst/first_stage_fsmd_control/r_fft_data_in_reg_reg[10]/C
                         clock pessimism             -0.039     1.237    
    SLICE_X33Y108        FDCE (Remov_fdce_C_CLR)     -0.157     1.080    pm_top_mux_inst/scd_estimator_inst/pm_first_stage_wrap_inst/first_stage_fsmd_control/r_fft_data_in_reg_reg[10]
  -------------------------------------------------------------------
                         required time                         -1.080    
                         arrival time                           1.839    
  -------------------------------------------------------------------
                         slack                                  0.758    

Slack (MET) :             0.758ns  (arrival time - required time)
  Source:                 pm_top_mux_inst/pm_top_mux_fsmd_control/FSM_onehot_state_reg_reg[7]/C
                            (rising edge-triggered cell FDRE clocked by clk_fpga_0  {rise@0.000ns fall@12.500ns period=25.000ns})
  Destination:            pm_top_mux_inst/scd_estimator_inst/pm_first_stage_wrap_inst/first_stage_fsmd_control/r_fft_data_in_reg_reg[18]/CLR
                            (removal check against rising-edge clock clk_fpga_0  {rise@0.000ns fall@12.500ns period=25.000ns})
  Path Group:             **async_default**
  Path Type:              Removal (Min at Fast Process Corner)
  Requirement:            0.000ns  (clk_fpga_0 rise@0.000ns - clk_fpga_0 rise@0.000ns)
  Data Path Delay:        0.868ns  (logic 0.192ns (22.125%)  route 0.676ns (77.875%))
  Logic Levels:           1  (LUT3=1)
  Clock Path Skew:        0.266ns (DCD - SCD - CPR)
    Destination Clock Delay (DCD):    1.276ns
    Source Clock Delay      (SCD):    0.971ns
    Clock Pessimism Removal (CPR):    0.039ns

    Location             Delay type                Incr(ns)  Path(ns)    Netlist Resource(s)
  -------------------------------------------------------------------    -------------------
                         (clock clk_fpga_0 rise edge)
                                                      0.000     0.000 r  
    PS7_X0Y0             PS7                          0.000     0.000 r  comblock_setup_wrapper_inst/comblock_setup_i/processing_system7_0/inst/PS7_i/FCLKCLK[0]
                         net (fo=1, routed)           0.310     0.310    comblock_setup_wrapper_inst/comblock_setup_i/processing_system7_0/inst/FCLK_CLK_unbuffered[0]
    BUFGCTRL_X0Y16       BUFG (Prop_bufg_I_O)         0.026     0.336 r  comblock_setup_wrapper_inst/comblock_setup_i/processing_system7_0/inst/buffer_fclk_clk_0.FCLK_CLK_0_BUFG/O
                         net (fo=31598, routed)       0.635     0.971    pm_top_mux_inst/pm_top_mux_fsmd_control/PS_CLOCK0
    SLICE_X53Y101        FDRE                                         r  pm_top_mux_inst/pm_top_mux_fsmd_control/FSM_onehot_state_reg_reg[7]/C
  -------------------------------------------------------------------    -------------------
    SLICE_X53Y101        FDRE (Prop_fdre_C_Q)         0.141     1.112 f  pm_top_mux_inst/pm_top_mux_fsmd_control/FSM_onehot_state_reg_reg[7]/Q
                         net (fo=3, routed)           0.121     1.233    pm_top_mux_inst/pm_top_mux_fsmd_control/FSM_onehot_state_reg_reg_n_0_[7]
    SLICE_X52Y101        LUT3 (Prop_lut3_I0_O)        0.051     1.284 f  pm_top_mux_inst/pm_top_mux_fsmd_control/p_0_out_i_2/O
                         net (fo=18605, routed)       0.555     1.839    pm_top_mux_inst/scd_estimator_inst/pm_first_stage_wrap_inst/first_stage_fsmd_control/i_reset00_out
    SLICE_X33Y108        FDCE                                         f  pm_top_mux_inst/scd_estimator_inst/pm_first_stage_wrap_inst/first_stage_fsmd_control/r_fft_data_in_reg_reg[18]/CLR
  -------------------------------------------------------------------    -------------------

                         (clock clk_fpga_0 rise edge)
                                                      0.000     0.000 r  
    PS7_X0Y0             PS7                          0.000     0.000 r  comblock_setup_wrapper_inst/comblock_setup_i/processing_system7_0/inst/PS7_i/FCLKCLK[0]
                         net (fo=1, routed)           0.337     0.337    comblock_setup_wrapper_inst/comblock_setup_i/processing_system7_0/inst/FCLK_CLK_unbuffered[0]
    BUFGCTRL_X0Y16       BUFG (Prop_bufg_I_O)         0.029     0.366 r  comblock_setup_wrapper_inst/comblock_setup_i/processing_system7_0/inst/buffer_fclk_clk_0.FCLK_CLK_0_BUFG/O
                         net (fo=31598, routed)       0.910     1.276    pm_top_mux_inst/scd_estimator_inst/pm_first_stage_wrap_inst/first_stage_fsmd_control/PS_CLOCK0
    SLICE_X33Y108        FDCE                                         r  pm_top_mux_inst/scd_estimator_inst/pm_first_stage_wrap_inst/first_stage_fsmd_control/r_fft_data_in_reg_reg[18]/C
                         clock pessimism             -0.039     1.237    
    SLICE_X33Y108        FDCE (Remov_fdce_C_CLR)     -0.157     1.080    pm_top_mux_inst/scd_estimator_inst/pm_first_stage_wrap_inst/first_stage_fsmd_control/r_fft_data_in_reg_reg[18]
  -------------------------------------------------------------------
                         required time                         -1.080    
                         arrival time                           1.839    
  -------------------------------------------------------------------
                         slack                                  0.758    

Slack (MET) :             0.758ns  (arrival time - required time)
  Source:                 pm_top_mux_inst/pm_top_mux_fsmd_control/FSM_onehot_state_reg_reg[7]/C
                            (rising edge-triggered cell FDRE clocked by clk_fpga_0  {rise@0.000ns fall@12.500ns period=25.000ns})
  Destination:            pm_top_mux_inst/scd_estimator_inst/pm_first_stage_wrap_inst/first_stage_fsmd_control/r_fft_data_in_reg_reg[4]/CLR
                            (removal check against rising-edge clock clk_fpga_0  {rise@0.000ns fall@12.500ns period=25.000ns})
  Path Group:             **async_default**
  Path Type:              Removal (Min at Fast Process Corner)
  Requirement:            0.000ns  (clk_fpga_0 rise@0.000ns - clk_fpga_0 rise@0.000ns)
  Data Path Delay:        0.868ns  (logic 0.192ns (22.125%)  route 0.676ns (77.875%))
  Logic Levels:           1  (LUT3=1)
  Clock Path Skew:        0.266ns (DCD - SCD - CPR)
    Destination Clock Delay (DCD):    1.276ns
    Source Clock Delay      (SCD):    0.971ns
    Clock Pessimism Removal (CPR):    0.039ns

    Location             Delay type                Incr(ns)  Path(ns)    Netlist Resource(s)
  -------------------------------------------------------------------    -------------------
                         (clock clk_fpga_0 rise edge)
                                                      0.000     0.000 r  
    PS7_X0Y0             PS7                          0.000     0.000 r  comblock_setup_wrapper_inst/comblock_setup_i/processing_system7_0/inst/PS7_i/FCLKCLK[0]
                         net (fo=1, routed)           0.310     0.310    comblock_setup_wrapper_inst/comblock_setup_i/processing_system7_0/inst/FCLK_CLK_unbuffered[0]
    BUFGCTRL_X0Y16       BUFG (Prop_bufg_I_O)         0.026     0.336 r  comblock_setup_wrapper_inst/comblock_setup_i/processing_system7_0/inst/buffer_fclk_clk_0.FCLK_CLK_0_BUFG/O
                         net (fo=31598, routed)       0.635     0.971    pm_top_mux_inst/pm_top_mux_fsmd_control/PS_CLOCK0
    SLICE_X53Y101        FDRE                                         r  pm_top_mux_inst/pm_top_mux_fsmd_control/FSM_onehot_state_reg_reg[7]/C
  -------------------------------------------------------------------    -------------------
    SLICE_X53Y101        FDRE (Prop_fdre_C_Q)         0.141     1.112 f  pm_top_mux_inst/pm_top_mux_fsmd_control/FSM_onehot_state_reg_reg[7]/Q
                         net (fo=3, routed)           0.121     1.233    pm_top_mux_inst/pm_top_mux_fsmd_control/FSM_onehot_state_reg_reg_n_0_[7]
    SLICE_X52Y101        LUT3 (Prop_lut3_I0_O)        0.051     1.284 f  pm_top_mux_inst/pm_top_mux_fsmd_control/p_0_out_i_2/O
                         net (fo=18605, routed)       0.555     1.839    pm_top_mux_inst/scd_estimator_inst/pm_first_stage_wrap_inst/first_stage_fsmd_control/i_reset00_out
    SLICE_X33Y108        FDCE                                         f  pm_top_mux_inst/scd_estimator_inst/pm_first_stage_wrap_inst/first_stage_fsmd_control/r_fft_data_in_reg_reg[4]/CLR
  -------------------------------------------------------------------    -------------------

                         (clock clk_fpga_0 rise edge)
                                                      0.000     0.000 r  
    PS7_X0Y0             PS7                          0.000     0.000 r  comblock_setup_wrapper_inst/comblock_setup_i/processing_system7_0/inst/PS7_i/FCLKCLK[0]
                         net (fo=1, routed)           0.337     0.337    comblock_setup_wrapper_inst/comblock_setup_i/processing_system7_0/inst/FCLK_CLK_unbuffered[0]
    BUFGCTRL_X0Y16       BUFG (Prop_bufg_I_O)         0.029     0.366 r  comblock_setup_wrapper_inst/comblock_setup_i/processing_system7_0/inst/buffer_fclk_clk_0.FCLK_CLK_0_BUFG/O
                         net (fo=31598, routed)       0.910     1.276    pm_top_mux_inst/scd_estimator_inst/pm_first_stage_wrap_inst/first_stage_fsmd_control/PS_CLOCK0
    SLICE_X33Y108        FDCE                                         r  pm_top_mux_inst/scd_estimator_inst/pm_first_stage_wrap_inst/first_stage_fsmd_control/r_fft_data_in_reg_reg[4]/C
                         clock pessimism             -0.039     1.237    
    SLICE_X33Y108        FDCE (Remov_fdce_C_CLR)     -0.157     1.080    pm_top_mux_inst/scd_estimator_inst/pm_first_stage_wrap_inst/first_stage_fsmd_control/r_fft_data_in_reg_reg[4]
  -------------------------------------------------------------------
                         required time                         -1.080    
                         arrival time                           1.839    
  -------------------------------------------------------------------
                         slack                                  0.758    

Slack (MET) :             0.758ns  (arrival time - required time)
  Source:                 pm_top_mux_inst/pm_top_mux_fsmd_control/FSM_onehot_state_reg_reg[7]/C
                            (rising edge-triggered cell FDRE clocked by clk_fpga_0  {rise@0.000ns fall@12.500ns period=25.000ns})
  Destination:            pm_top_mux_inst/scd_estimator_inst/pm_first_stage_wrap_inst/first_stage_fsmd_control/r_fft_data_in_reg_reg[7]/CLR
                            (removal check against rising-edge clock clk_fpga_0  {rise@0.000ns fall@12.500ns period=25.000ns})
  Path Group:             **async_default**
  Path Type:              Removal (Min at Fast Process Corner)
  Requirement:            0.000ns  (clk_fpga_0 rise@0.000ns - clk_fpga_0 rise@0.000ns)
  Data Path Delay:        0.868ns  (logic 0.192ns (22.125%)  route 0.676ns (77.875%))
  Logic Levels:           1  (LUT3=1)
  Clock Path Skew:        0.266ns (DCD - SCD - CPR)
    Destination Clock Delay (DCD):    1.276ns
    Source Clock Delay      (SCD):    0.971ns
    Clock Pessimism Removal (CPR):    0.039ns

    Location             Delay type                Incr(ns)  Path(ns)    Netlist Resource(s)
  -------------------------------------------------------------------    -------------------
                         (clock clk_fpga_0 rise edge)
                                                      0.000     0.000 r  
    PS7_X0Y0             PS7                          0.000     0.000 r  comblock_setup_wrapper_inst/comblock_setup_i/processing_system7_0/inst/PS7_i/FCLKCLK[0]
                         net (fo=1, routed)           0.310     0.310    comblock_setup_wrapper_inst/comblock_setup_i/processing_system7_0/inst/FCLK_CLK_unbuffered[0]
    BUFGCTRL_X0Y16       BUFG (Prop_bufg_I_O)         0.026     0.336 r  comblock_setup_wrapper_inst/comblock_setup_i/processing_system7_0/inst/buffer_fclk_clk_0.FCLK_CLK_0_BUFG/O
                         net (fo=31598, routed)       0.635     0.971    pm_top_mux_inst/pm_top_mux_fsmd_control/PS_CLOCK0
    SLICE_X53Y101        FDRE                                         r  pm_top_mux_inst/pm_top_mux_fsmd_control/FSM_onehot_state_reg_reg[7]/C
  -------------------------------------------------------------------    -------------------
    SLICE_X53Y101        FDRE (Prop_fdre_C_Q)         0.141     1.112 f  pm_top_mux_inst/pm_top_mux_fsmd_control/FSM_onehot_state_reg_reg[7]/Q
                         net (fo=3, routed)           0.121     1.233    pm_top_mux_inst/pm_top_mux_fsmd_control/FSM_onehot_state_reg_reg_n_0_[7]
    SLICE_X52Y101        LUT3 (Prop_lut3_I0_O)        0.051     1.284 f  pm_top_mux_inst/pm_top_mux_fsmd_control/p_0_out_i_2/O
                         net (fo=18605, routed)       0.555     1.839    pm_top_mux_inst/scd_estimator_inst/pm_first_stage_wrap_inst/first_stage_fsmd_control/i_reset00_out
    SLICE_X33Y108        FDCE                                         f  pm_top_mux_inst/scd_estimator_inst/pm_first_stage_wrap_inst/first_stage_fsmd_control/r_fft_data_in_reg_reg[7]/CLR
  -------------------------------------------------------------------    -------------------

                         (clock clk_fpga_0 rise edge)
                                                      0.000     0.000 r  
    PS7_X0Y0             PS7                          0.000     0.000 r  comblock_setup_wrapper_inst/comblock_setup_i/processing_system7_0/inst/PS7_i/FCLKCLK[0]
                         net (fo=1, routed)           0.337     0.337    comblock_setup_wrapper_inst/comblock_setup_i/processing_system7_0/inst/FCLK_CLK_unbuffered[0]
    BUFGCTRL_X0Y16       BUFG (Prop_bufg_I_O)         0.029     0.366 r  comblock_setup_wrapper_inst/comblock_setup_i/processing_system7_0/inst/buffer_fclk_clk_0.FCLK_CLK_0_BUFG/O
                         net (fo=31598, routed)       0.910     1.276    pm_top_mux_inst/scd_estimator_inst/pm_first_stage_wrap_inst/first_stage_fsmd_control/PS_CLOCK0
    SLICE_X33Y108        FDCE                                         r  pm_top_mux_inst/scd_estimator_inst/pm_first_stage_wrap_inst/first_stage_fsmd_control/r_fft_data_in_reg_reg[7]/C
                         clock pessimism             -0.039     1.237    
    SLICE_X33Y108        FDCE (Remov_fdce_C_CLR)     -0.157     1.080    pm_top_mux_inst/scd_estimator_inst/pm_first_stage_wrap_inst/first_stage_fsmd_control/r_fft_data_in_reg_reg[7]
  -------------------------------------------------------------------
                         required time                         -1.080    
                         arrival time                           1.839    
  -------------------------------------------------------------------
                         slack                                  0.758    

Slack (MET) :             0.857ns  (arrival time - required time)
  Source:                 pm_top_mux_inst/pm_top_mux_fsmd_control/FSM_onehot_state_reg_reg[7]/C
                            (rising edge-triggered cell FDRE clocked by clk_fpga_0  {rise@0.000ns fall@12.500ns period=25.000ns})
  Destination:            pm_top_mux_inst/scd_estimator_inst/pm_first_stage_wrap_inst/first_stage_fsmd_control/FSM_onehot_state_reg_reg[3]/CLR
                            (removal check against rising-edge clock clk_fpga_0  {rise@0.000ns fall@12.500ns period=25.000ns})
  Path Group:             **async_default**
  Path Type:              Removal (Min at Fast Process Corner)
  Requirement:            0.000ns  (clk_fpga_0 rise@0.000ns - clk_fpga_0 rise@0.000ns)
  Data Path Delay:        1.011ns  (logic 0.192ns (18.995%)  route 0.819ns (81.005%))
  Logic Levels:           1  (LUT3=1)
  Clock Path Skew:        0.285ns (DCD - SCD - CPR)
    Destination Clock Delay (DCD):    1.295ns
    Source Clock Delay      (SCD):    0.971ns
    Clock Pessimism Removal (CPR):    0.039ns

    Location             Delay type                Incr(ns)  Path(ns)    Netlist Resource(s)
  -------------------------------------------------------------------    -------------------
                         (clock clk_fpga_0 rise edge)
                                                      0.000     0.000 r  
    PS7_X0Y0             PS7                          0.000     0.000 r  comblock_setup_wrapper_inst/comblock_setup_i/processing_system7_0/inst/PS7_i/FCLKCLK[0]
                         net (fo=1, routed)           0.310     0.310    comblock_setup_wrapper_inst/comblock_setup_i/processing_system7_0/inst/FCLK_CLK_unbuffered[0]
    BUFGCTRL_X0Y16       BUFG (Prop_bufg_I_O)         0.026     0.336 r  comblock_setup_wrapper_inst/comblock_setup_i/processing_system7_0/inst/buffer_fclk_clk_0.FCLK_CLK_0_BUFG/O
                         net (fo=31598, routed)       0.635     0.971    pm_top_mux_inst/pm_top_mux_fsmd_control/PS_CLOCK0
    SLICE_X53Y101        FDRE                                         r  pm_top_mux_inst/pm_top_mux_fsmd_control/FSM_onehot_state_reg_reg[7]/C
  -------------------------------------------------------------------    -------------------
    SLICE_X53Y101        FDRE (Prop_fdre_C_Q)         0.141     1.112 f  pm_top_mux_inst/pm_top_mux_fsmd_control/FSM_onehot_state_reg_reg[7]/Q
                         net (fo=3, routed)           0.121     1.233    pm_top_mux_inst/pm_top_mux_fsmd_control/FSM_onehot_state_reg_reg_n_0_[7]
    SLICE_X52Y101        LUT3 (Prop_lut3_I0_O)        0.051     1.284 f  pm_top_mux_inst/pm_top_mux_fsmd_control/p_0_out_i_2/O
                         net (fo=18605, routed)       0.698     1.982    pm_top_mux_inst/scd_estimator_inst/pm_first_stage_wrap_inst/first_stage_fsmd_control/i_reset00_out
    SLICE_X30Y108        FDCE                                         f  pm_top_mux_inst/scd_estimator_inst/pm_first_stage_wrap_inst/first_stage_fsmd_control/FSM_onehot_state_reg_reg[3]/CLR
  -------------------------------------------------------------------    -------------------

                         (clock clk_fpga_0 rise edge)
                                                      0.000     0.000 r  
    PS7_X0Y0             PS7                          0.000     0.000 r  comblock_setup_wrapper_inst/comblock_setup_i/processing_system7_0/inst/PS7_i/FCLKCLK[0]
                         net (fo=1, routed)           0.337     0.337    comblock_setup_wrapper_inst/comblock_setup_i/processing_system7_0/inst/FCLK_CLK_unbuffered[0]
    BUFGCTRL_X0Y16       BUFG (Prop_bufg_I_O)         0.029     0.366 r  comblock_setup_wrapper_inst/comblock_setup_i/processing_system7_0/inst/buffer_fclk_clk_0.FCLK_CLK_0_BUFG/O
                         net (fo=31598, routed)       0.929     1.295    pm_top_mux_inst/scd_estimator_inst/pm_first_stage_wrap_inst/first_stage_fsmd_control/PS_CLOCK0
    SLICE_X30Y108        FDCE                                         r  pm_top_mux_inst/scd_estimator_inst/pm_first_stage_wrap_inst/first_stage_fsmd_control/FSM_onehot_state_reg_reg[3]/C
                         clock pessimism             -0.039     1.256    
    SLICE_X30Y108        FDCE (Remov_fdce_C_CLR)     -0.132     1.124    pm_top_mux_inst/scd_estimator_inst/pm_first_stage_wrap_inst/first_stage_fsmd_control/FSM_onehot_state_reg_reg[3]
  -------------------------------------------------------------------
                         required time                         -1.124    
                         arrival time                           1.982    
  -------------------------------------------------------------------
                         slack                                  0.857    

Slack (MET) :             0.857ns  (arrival time - required time)
  Source:                 pm_top_mux_inst/pm_top_mux_fsmd_control/FSM_onehot_state_reg_reg[7]/C
                            (rising edge-triggered cell FDRE clocked by clk_fpga_0  {rise@0.000ns fall@12.500ns period=25.000ns})
  Destination:            pm_top_mux_inst/scd_estimator_inst/pm_first_stage_wrap_inst/first_stage_fsmd_control/FSM_onehot_state_reg_reg[4]/CLR
                            (removal check against rising-edge clock clk_fpga_0  {rise@0.000ns fall@12.500ns period=25.000ns})
  Path Group:             **async_default**
  Path Type:              Removal (Min at Fast Process Corner)
  Requirement:            0.000ns  (clk_fpga_0 rise@0.000ns - clk_fpga_0 rise@0.000ns)
  Data Path Delay:        1.011ns  (logic 0.192ns (18.995%)  route 0.819ns (81.005%))
  Logic Levels:           1  (LUT3=1)
  Clock Path Skew:        0.285ns (DCD - SCD - CPR)
    Destination Clock Delay (DCD):    1.295ns
    Source Clock Delay      (SCD):    0.971ns
    Clock Pessimism Removal (CPR):    0.039ns

    Location             Delay type                Incr(ns)  Path(ns)    Netlist Resource(s)
  -------------------------------------------------------------------    -------------------
                         (clock clk_fpga_0 rise edge)
                                                      0.000     0.000 r  
    PS7_X0Y0             PS7                          0.000     0.000 r  comblock_setup_wrapper_inst/comblock_setup_i/processing_system7_0/inst/PS7_i/FCLKCLK[0]
                         net (fo=1, routed)           0.310     0.310    comblock_setup_wrapper_inst/comblock_setup_i/processing_system7_0/inst/FCLK_CLK_unbuffered[0]
    BUFGCTRL_X0Y16       BUFG (Prop_bufg_I_O)         0.026     0.336 r  comblock_setup_wrapper_inst/comblock_setup_i/processing_system7_0/inst/buffer_fclk_clk_0.FCLK_CLK_0_BUFG/O
                         net (fo=31598, routed)       0.635     0.971    pm_top_mux_inst/pm_top_mux_fsmd_control/PS_CLOCK0
    SLICE_X53Y101        FDRE                                         r  pm_top_mux_inst/pm_top_mux_fsmd_control/FSM_onehot_state_reg_reg[7]/C
  -------------------------------------------------------------------    -------------------
    SLICE_X53Y101        FDRE (Prop_fdre_C_Q)         0.141     1.112 f  pm_top_mux_inst/pm_top_mux_fsmd_control/FSM_onehot_state_reg_reg[7]/Q
                         net (fo=3, routed)           0.121     1.233    pm_top_mux_inst/pm_top_mux_fsmd_control/FSM_onehot_state_reg_reg_n_0_[7]
    SLICE_X52Y101        LUT3 (Prop_lut3_I0_O)        0.051     1.284 f  pm_top_mux_inst/pm_top_mux_fsmd_control/p_0_out_i_2/O
                         net (fo=18605, routed)       0.698     1.982    pm_top_mux_inst/scd_estimator_inst/pm_first_stage_wrap_inst/first_stage_fsmd_control/i_reset00_out
    SLICE_X30Y108        FDCE                                         f  pm_top_mux_inst/scd_estimator_inst/pm_first_stage_wrap_inst/first_stage_fsmd_control/FSM_onehot_state_reg_reg[4]/CLR
  -------------------------------------------------------------------    -------------------

                         (clock clk_fpga_0 rise edge)
                                                      0.000     0.000 r  
    PS7_X0Y0             PS7                          0.000     0.000 r  comblock_setup_wrapper_inst/comblock_setup_i/processing_system7_0/inst/PS7_i/FCLKCLK[0]
                         net (fo=1, routed)           0.337     0.337    comblock_setup_wrapper_inst/comblock_setup_i/processing_system7_0/inst/FCLK_CLK_unbuffered[0]
    BUFGCTRL_X0Y16       BUFG (Prop_bufg_I_O)         0.029     0.366 r  comblock_setup_wrapper_inst/comblock_setup_i/processing_system7_0/inst/buffer_fclk_clk_0.FCLK_CLK_0_BUFG/O
                         net (fo=31598, routed)       0.929     1.295    pm_top_mux_inst/scd_estimator_inst/pm_first_stage_wrap_inst/first_stage_fsmd_control/PS_CLOCK0
    SLICE_X30Y108        FDCE                                         r  pm_top_mux_inst/scd_estimator_inst/pm_first_stage_wrap_inst/first_stage_fsmd_control/FSM_onehot_state_reg_reg[4]/C
                         clock pessimism             -0.039     1.256    
    SLICE_X30Y108        FDCE (Remov_fdce_C_CLR)     -0.132     1.124    pm_top_mux_inst/scd_estimator_inst/pm_first_stage_wrap_inst/first_stage_fsmd_control/FSM_onehot_state_reg_reg[4]
  -------------------------------------------------------------------
                         required time                         -1.124    
                         arrival time                           1.982    
  -------------------------------------------------------------------
                         slack                                  0.857    





--------------------------------------------------------------------------------------
Path Group:  (none)
From Clock:  
  To Clock:  clk_fpga_0

Max Delay             1 Endpoint
Min Delay             1 Endpoint
--------------------------------------------------------------------------------------


Max Delay Paths
--------------------------------------------------------------------------------------
Slack:                    inf
  Source:                 comblock_setup_wrapper_inst/comblock_setup_i/processing_system7_0/inst/PS7_i/FCLKRESETN[0]
                            (internal pin)
  Destination:            comblock_setup_wrapper_inst/comblock_setup_i/rst_ps7_0_100M/U0/EXT_LPF/ACTIVE_LOW_EXT.ACT_LO_EXT/GENERATE_LEVEL_P_S_CDC.SINGLE_BIT.CROSS_PLEVEL_IN2SCNDRY_IN_cdc_to/D
                            (rising edge-triggered cell FDRE clocked by clk_fpga_0  {rise@0.000ns fall@12.500ns period=25.000ns})
  Path Group:             (none)
  Path Type:              Setup (Max at Slow Process Corner)
  Data Path Delay:        1.777ns  (logic 0.124ns (6.979%)  route 1.653ns (93.021%))
  Logic Levels:           1  (LUT1=1)
  Clock Uncertainty:      0.376ns  ((TSJ^2 + TIJ^2)^1/2 + DJ) / 2 + PE
    Total System Jitter     (TSJ):    0.050ns
    Total Input Jitter      (TIJ):    0.750ns
    Discrete Jitter          (DJ):    0.000ns
    Phase Error              (PE):    0.000ns
  Timing Exception:       False Path

    Location             Delay type                Incr(ns)  Path(ns)    Netlist Resource(s)
  -------------------------------------------------------------------    -------------------
    PS7_X0Y0             PS7                          0.000     0.000 f  comblock_setup_wrapper_inst/comblock_setup_i/processing_system7_0/inst/PS7_i/FCLKRESETN[0]
                         net (fo=1, routed)           1.653     1.653    comblock_setup_wrapper_inst/comblock_setup_i/rst_ps7_0_100M/U0/EXT_LPF/ACTIVE_LOW_EXT.ACT_LO_EXT/ext_reset_in
    SLICE_X26Y112        LUT1 (Prop_lut1_I0_O)        0.124     1.777 r  comblock_setup_wrapper_inst/comblock_setup_i/rst_ps7_0_100M/U0/EXT_LPF/ACTIVE_LOW_EXT.ACT_LO_EXT/GENERATE_LEVEL_P_S_CDC.SINGLE_BIT.CROSS_PLEVEL_IN2SCNDRY_IN_cdc_to_i_1/O
                         net (fo=1, routed)           0.000     1.777    comblock_setup_wrapper_inst/comblock_setup_i/rst_ps7_0_100M/U0/EXT_LPF/ACTIVE_LOW_EXT.ACT_LO_EXT/exr_d1
    SLICE_X26Y112        FDRE                                         r  comblock_setup_wrapper_inst/comblock_setup_i/rst_ps7_0_100M/U0/EXT_LPF/ACTIVE_LOW_EXT.ACT_LO_EXT/GENERATE_LEVEL_P_S_CDC.SINGLE_BIT.CROSS_PLEVEL_IN2SCNDRY_IN_cdc_to/D
  -------------------------------------------------------------------    -------------------

                         (clock clk_fpga_0 rise edge)
                                                      0.000     0.000 r  
    PS7_X0Y0             PS7                          0.000     0.000 r  comblock_setup_wrapper_inst/comblock_setup_i/processing_system7_0/inst/PS7_i/FCLKCLK[0]
                         net (fo=1, routed)           1.088     1.088    comblock_setup_wrapper_inst/comblock_setup_i/processing_system7_0/inst/FCLK_CLK_unbuffered[0]
    BUFGCTRL_X0Y16       BUFG (Prop_bufg_I_O)         0.091     1.179 r  comblock_setup_wrapper_inst/comblock_setup_i/processing_system7_0/inst/buffer_fclk_clk_0.FCLK_CLK_0_BUFG/O
                         net (fo=31598, routed)       1.691     2.870    comblock_setup_wrapper_inst/comblock_setup_i/rst_ps7_0_100M/U0/EXT_LPF/ACTIVE_LOW_EXT.ACT_LO_EXT/slowest_sync_clk
    SLICE_X26Y112        FDRE                                         r  comblock_setup_wrapper_inst/comblock_setup_i/rst_ps7_0_100M/U0/EXT_LPF/ACTIVE_LOW_EXT.ACT_LO_EXT/GENERATE_LEVEL_P_S_CDC.SINGLE_BIT.CROSS_PLEVEL_IN2SCNDRY_IN_cdc_to/C





Min Delay Paths
--------------------------------------------------------------------------------------
Slack:                    inf
  Source:                 comblock_setup_wrapper_inst/comblock_setup_i/processing_system7_0/inst/PS7_i/FCLKRESETN[0]
                            (internal pin)
  Destination:            comblock_setup_wrapper_inst/comblock_setup_i/rst_ps7_0_100M/U0/EXT_LPF/ACTIVE_LOW_EXT.ACT_LO_EXT/GENERATE_LEVEL_P_S_CDC.SINGLE_BIT.CROSS_PLEVEL_IN2SCNDRY_IN_cdc_to/D
                            (rising edge-triggered cell FDRE clocked by clk_fpga_0  {rise@0.000ns fall@12.500ns period=25.000ns})
  Path Group:             (none)
  Path Type:              Hold (Min at Fast Process Corner)
  Data Path Delay:        0.661ns  (logic 0.045ns (6.811%)  route 0.616ns (93.189%))
  Logic Levels:           1  (LUT1=1)
  Clock Uncertainty:      0.376ns  ((TSJ^2 + TIJ^2)^1/2 + DJ) / 2 + PE
    Total System Jitter     (TSJ):    0.050ns
    Total Input Jitter      (TIJ):    0.750ns
    Discrete Jitter          (DJ):    0.000ns
    Phase Error              (PE):    0.000ns
  Timing Exception:       False Path

    Location             Delay type                Incr(ns)  Path(ns)    Netlist Resource(s)
  -------------------------------------------------------------------    -------------------
    PS7_X0Y0             PS7                          0.000     0.000 f  comblock_setup_wrapper_inst/comblock_setup_i/processing_system7_0/inst/PS7_i/FCLKRESETN[0]
                         net (fo=1, routed)           0.616     0.616    comblock_setup_wrapper_inst/comblock_setup_i/rst_ps7_0_100M/U0/EXT_LPF/ACTIVE_LOW_EXT.ACT_LO_EXT/ext_reset_in
    SLICE_X26Y112        LUT1 (Prop_lut1_I0_O)        0.045     0.661 r  comblock_setup_wrapper_inst/comblock_setup_i/rst_ps7_0_100M/U0/EXT_LPF/ACTIVE_LOW_EXT.ACT_LO_EXT/GENERATE_LEVEL_P_S_CDC.SINGLE_BIT.CROSS_PLEVEL_IN2SCNDRY_IN_cdc_to_i_1/O
                         net (fo=1, routed)           0.000     0.661    comblock_setup_wrapper_inst/comblock_setup_i/rst_ps7_0_100M/U0/EXT_LPF/ACTIVE_LOW_EXT.ACT_LO_EXT/exr_d1
    SLICE_X26Y112        FDRE                                         r  comblock_setup_wrapper_inst/comblock_setup_i/rst_ps7_0_100M/U0/EXT_LPF/ACTIVE_LOW_EXT.ACT_LO_EXT/GENERATE_LEVEL_P_S_CDC.SINGLE_BIT.CROSS_PLEVEL_IN2SCNDRY_IN_cdc_to/D
  -------------------------------------------------------------------    -------------------

                         (clock clk_fpga_0 rise edge)
                                                      0.000     0.000 r  
    PS7_X0Y0             PS7                          0.000     0.000 r  comblock_setup_wrapper_inst/comblock_setup_i/processing_system7_0/inst/PS7_i/FCLKCLK[0]
                         net (fo=1, routed)           0.337     0.337    comblock_setup_wrapper_inst/comblock_setup_i/processing_system7_0/inst/FCLK_CLK_unbuffered[0]
    BUFGCTRL_X0Y16       BUFG (Prop_bufg_I_O)         0.029     0.366 r  comblock_setup_wrapper_inst/comblock_setup_i/processing_system7_0/inst/buffer_fclk_clk_0.FCLK_CLK_0_BUFG/O
                         net (fo=31598, routed)       0.925     1.291    comblock_setup_wrapper_inst/comblock_setup_i/rst_ps7_0_100M/U0/EXT_LPF/ACTIVE_LOW_EXT.ACT_LO_EXT/slowest_sync_clk
    SLICE_X26Y112        FDRE                                         r  comblock_setup_wrapper_inst/comblock_setup_i/rst_ps7_0_100M/U0/EXT_LPF/ACTIVE_LOW_EXT.ACT_LO_EXT/GENERATE_LEVEL_P_S_CDC.SINGLE_BIT.CROSS_PLEVEL_IN2SCNDRY_IN_cdc_to/C





--------------------------------------------------------------------------------------
Path Group:  (none)
From Clock:  
  To Clock:  clk_fpga_0

Max Delay           470 Endpoints
Min Delay           470 Endpoints
--------------------------------------------------------------------------------------


Max Delay Paths
--------------------------------------------------------------------------------------
Slack:                    inf
  Source:                 pm_top_mux_inst/theshold_calculator_inst/r_threshold_value1__1/ACOUT[29]
                            (internal pin)
  Destination:            pm_top_mux_inst/theshold_calculator_inst/r_threshold_value_reg[5]/D
                            (rising edge-triggered cell FDRE clocked by clk_fpga_0  {rise@0.000ns fall@12.500ns period=25.000ns})
  Path Group:             (none)
  Path Type:              Setup (Max at Slow Process Corner)
  Data Path Delay:        15.016ns  (logic 10.398ns (69.245%)  route 4.618ns (30.755%))
  Logic Levels:           18  (CARRY4=14 DSP48E1=2 LUT3=1 LUT4=1)
  Clock Uncertainty:      0.376ns  ((TSJ^2 + TIJ^2)^1/2 + DJ) / 2 + PE
    Total System Jitter     (TSJ):    0.050ns
    Total Input Jitter      (TIJ):    0.750ns
    Discrete Jitter          (DJ):    0.000ns
    Phase Error              (PE):    0.000ns

    Location             Delay type                Incr(ns)  Path(ns)    Netlist Resource(s)
  -------------------------------------------------------------------    -------------------
    DSP48_X4Y55          DSP48E1                      0.000     0.000 r  pm_top_mux_inst/theshold_calculator_inst/r_threshold_value1__1/ACOUT[29]
                         net (fo=1, routed)           0.002     0.002    pm_top_mux_inst/theshold_calculator_inst/r_threshold_value1__1_n_24
    DSP48_X4Y56          DSP48E1 (Prop_dsp48e1_ACIN[29]_P[2])
                                                      3.639     3.641 r  pm_top_mux_inst/theshold_calculator_inst/r_threshold_value1__2/P[2]
                         net (fo=2, routed)           1.742     5.383    pm_top_mux_inst/theshold_calculator_inst/r_threshold_value1__2_n_103
    SLICE_X102Y121       LUT3 (Prop_lut3_I1_O)        0.148     5.531 r  pm_top_mux_inst/theshold_calculator_inst/r_threshold_value0__1_i_23/O
                         net (fo=2, routed)           0.490     6.021    pm_top_mux_inst/theshold_calculator_inst/r_threshold_value1_1[1]
    SLICE_X102Y121       LUT4 (Prop_lut4_I3_O)        0.328     6.349 r  pm_top_mux_inst/theshold_calculator_inst/r_threshold_value0__1_i_27/O
                         net (fo=1, routed)           0.000     6.349    pm_top_mux_inst_n_286
    SLICE_X102Y121       CARRY4 (Prop_carry4_S[1]_CO[3])
                                                      0.533     6.882 r  theshold_calculator_inst/r_threshold_value0__1_i_3/CO[3]
                         net (fo=1, routed)           0.000     6.882    theshold_calculator_inst/r_threshold_value0__1_i_3_n_0
    SLICE_X102Y122       CARRY4 (Prop_carry4_CI_CO[3])
                                                      0.117     6.999 r  theshold_calculator_inst/r_threshold_value0__1_i_2/CO[3]
                         net (fo=1, routed)           0.000     6.999    theshold_calculator_inst/r_threshold_value0__1_i_2_n_0
    SLICE_X102Y123       CARRY4 (Prop_carry4_CI_CO[3])
                                                      0.117     7.116 r  theshold_calculator_inst/r_threshold_value0__1_i_1/CO[3]
                         net (fo=1, routed)           0.000     7.116    theshold_calculator_inst/r_threshold_value0__1_i_1_n_0
    SLICE_X102Y124       CARRY4 (Prop_carry4_CI_CO[3])
                                                      0.117     7.233 r  theshold_calculator_inst/r_threshold_value0__0_i_5/CO[3]
                         net (fo=1, routed)           0.009     7.242    theshold_calculator_inst/r_threshold_value0__0_i_5_n_0
    SLICE_X102Y125       CARRY4 (Prop_carry4_CI_CO[3])
                                                      0.117     7.359 r  theshold_calculator_inst/r_threshold_value0__0_i_4/CO[3]
                         net (fo=1, routed)           0.000     7.359    theshold_calculator_inst/r_threshold_value0__0_i_4_n_0
    SLICE_X102Y126       CARRY4 (Prop_carry4_CI_CO[3])
                                                      0.117     7.476 r  theshold_calculator_inst/r_threshold_value0__0_i_3/CO[3]
                         net (fo=1, routed)           0.000     7.476    theshold_calculator_inst/r_threshold_value0__0_i_3_n_0
    SLICE_X102Y127       CARRY4 (Prop_carry4_CI_CO[3])
                                                      0.117     7.593 r  theshold_calculator_inst/r_threshold_value0__0_i_2/CO[3]
                         net (fo=1, routed)           0.000     7.593    theshold_calculator_inst/r_threshold_value0__0_i_2_n_0
    SLICE_X102Y128       CARRY4 (Prop_carry4_CI_CO[3])
                                                      0.117     7.710 r  theshold_calculator_inst/r_threshold_value0__0_i_1/CO[3]
                         net (fo=1, routed)           0.000     7.710    theshold_calculator_inst/r_threshold_value0__0_i_1_n_0
    SLICE_X102Y129       CARRY4 (Prop_carry4_CI_CO[3])
                                                      0.117     7.827 r  theshold_calculator_inst/r_threshold_value0_i_6/CO[3]
                         net (fo=1, routed)           0.000     7.827    theshold_calculator_inst/r_threshold_value0_i_6_n_0
    SLICE_X102Y130       CARRY4 (Prop_carry4_CI_CO[3])
                                                      0.117     7.944 r  theshold_calculator_inst/r_threshold_value0_i_5/CO[3]
                         net (fo=1, routed)           0.000     7.944    theshold_calculator_inst/r_threshold_value0_i_5_n_0
    SLICE_X102Y131       CARRY4 (Prop_carry4_CI_CO[3])
                                                      0.117     8.061 r  theshold_calculator_inst/r_threshold_value0_i_4/CO[3]
                         net (fo=1, routed)           0.000     8.061    theshold_calculator_inst/r_threshold_value0_i_4_n_0
    SLICE_X102Y132       CARRY4 (Prop_carry4_CI_CO[3])
                                                      0.117     8.178 r  theshold_calculator_inst/r_threshold_value0_i_3/CO[3]
                         net (fo=1, routed)           0.000     8.178    theshold_calculator_inst/r_threshold_value0_i_3_n_0
    SLICE_X102Y133       CARRY4 (Prop_carry4_CI_CO[3])
                                                      0.117     8.295 r  theshold_calculator_inst/r_threshold_value0_i_2/CO[3]
                         net (fo=1, routed)           0.000     8.295    pm_top_mux_inst/theshold_calculator_inst/r_threshold_value_reg_0[0]
    SLICE_X102Y134       CARRY4 (Prop_carry4_CI_O[1])
                                                      0.323     8.618 r  pm_top_mux_inst/theshold_calculator_inst/r_threshold_value0_i_1/O[1]
                         net (fo=18, routed)          1.347     9.965    pm_top_mux_inst/theshold_calculator_inst/r_threshold_value0_i_1_n_6
    DSP48_X3Y46          DSP48E1 (Prop_dsp48e1_A[25]_P[5])
                                                      4.023    13.988 r  pm_top_mux_inst/theshold_calculator_inst/r_threshold_value0/P[5]
                         net (fo=1, routed)           1.028    15.016    pm_top_mux_inst/theshold_calculator_inst/r_threshold_value0_n_100
    SLICE_X95Y117        FDRE                                         r  pm_top_mux_inst/theshold_calculator_inst/r_threshold_value_reg[5]/D
  -------------------------------------------------------------------    -------------------

                         (clock clk_fpga_0 rise edge)
                                                      0.000     0.000 r  
    PS7_X0Y0             PS7                          0.000     0.000 r  comblock_setup_wrapper_inst/comblock_setup_i/processing_system7_0/inst/PS7_i/FCLKCLK[0]
                         net (fo=1, routed)           1.088     1.088    comblock_setup_wrapper_inst/comblock_setup_i/processing_system7_0/inst/FCLK_CLK_unbuffered[0]
    BUFGCTRL_X0Y16       BUFG (Prop_bufg_I_O)         0.091     1.179 r  comblock_setup_wrapper_inst/comblock_setup_i/processing_system7_0/inst/buffer_fclk_clk_0.FCLK_CLK_0_BUFG/O
                         net (fo=31598, routed)       1.774     2.953    pm_top_mux_inst/theshold_calculator_inst/PS_CLOCK0
    SLICE_X95Y117        FDRE                                         r  pm_top_mux_inst/theshold_calculator_inst/r_threshold_value_reg[5]/C

Slack:                    inf
  Source:                 pm_top_mux_inst/theshold_calculator_inst/r_threshold_value1__1/ACOUT[29]
                            (internal pin)
  Destination:            pm_top_mux_inst/theshold_calculator_inst/r_threshold_value_reg[9]/D
                            (rising edge-triggered cell FDRE clocked by clk_fpga_0  {rise@0.000ns fall@12.500ns period=25.000ns})
  Path Group:             (none)
  Path Type:              Setup (Max at Slow Process Corner)
  Data Path Delay:        14.882ns  (logic 10.398ns (69.869%)  route 4.484ns (30.131%))
  Logic Levels:           18  (CARRY4=14 DSP48E1=2 LUT3=1 LUT4=1)
  Clock Uncertainty:      0.376ns  ((TSJ^2 + TIJ^2)^1/2 + DJ) / 2 + PE
    Total System Jitter     (TSJ):    0.050ns
    Total Input Jitter      (TIJ):    0.750ns
    Discrete Jitter          (DJ):    0.000ns
    Phase Error              (PE):    0.000ns

    Location             Delay type                Incr(ns)  Path(ns)    Netlist Resource(s)
  -------------------------------------------------------------------    -------------------
    DSP48_X4Y55          DSP48E1                      0.000     0.000 r  pm_top_mux_inst/theshold_calculator_inst/r_threshold_value1__1/ACOUT[29]
                         net (fo=1, routed)           0.002     0.002    pm_top_mux_inst/theshold_calculator_inst/r_threshold_value1__1_n_24
    DSP48_X4Y56          DSP48E1 (Prop_dsp48e1_ACIN[29]_P[2])
                                                      3.639     3.641 r  pm_top_mux_inst/theshold_calculator_inst/r_threshold_value1__2/P[2]
                         net (fo=2, routed)           1.742     5.383    pm_top_mux_inst/theshold_calculator_inst/r_threshold_value1__2_n_103
    SLICE_X102Y121       LUT3 (Prop_lut3_I1_O)        0.148     5.531 r  pm_top_mux_inst/theshold_calculator_inst/r_threshold_value0__1_i_23/O
                         net (fo=2, routed)           0.490     6.021    pm_top_mux_inst/theshold_calculator_inst/r_threshold_value1_1[1]
    SLICE_X102Y121       LUT4 (Prop_lut4_I3_O)        0.328     6.349 r  pm_top_mux_inst/theshold_calculator_inst/r_threshold_value0__1_i_27/O
                         net (fo=1, routed)           0.000     6.349    pm_top_mux_inst_n_286
    SLICE_X102Y121       CARRY4 (Prop_carry4_S[1]_CO[3])
                                                      0.533     6.882 r  theshold_calculator_inst/r_threshold_value0__1_i_3/CO[3]
                         net (fo=1, routed)           0.000     6.882    theshold_calculator_inst/r_threshold_value0__1_i_3_n_0
    SLICE_X102Y122       CARRY4 (Prop_carry4_CI_CO[3])
                                                      0.117     6.999 r  theshold_calculator_inst/r_threshold_value0__1_i_2/CO[3]
                         net (fo=1, routed)           0.000     6.999    theshold_calculator_inst/r_threshold_value0__1_i_2_n_0
    SLICE_X102Y123       CARRY4 (Prop_carry4_CI_CO[3])
                                                      0.117     7.116 r  theshold_calculator_inst/r_threshold_value0__1_i_1/CO[3]
                         net (fo=1, routed)           0.000     7.116    theshold_calculator_inst/r_threshold_value0__1_i_1_n_0
    SLICE_X102Y124       CARRY4 (Prop_carry4_CI_CO[3])
                                                      0.117     7.233 r  theshold_calculator_inst/r_threshold_value0__0_i_5/CO[3]
                         net (fo=1, routed)           0.009     7.242    theshold_calculator_inst/r_threshold_value0__0_i_5_n_0
    SLICE_X102Y125       CARRY4 (Prop_carry4_CI_CO[3])
                                                      0.117     7.359 r  theshold_calculator_inst/r_threshold_value0__0_i_4/CO[3]
                         net (fo=1, routed)           0.000     7.359    theshold_calculator_inst/r_threshold_value0__0_i_4_n_0
    SLICE_X102Y126       CARRY4 (Prop_carry4_CI_CO[3])
                                                      0.117     7.476 r  theshold_calculator_inst/r_threshold_value0__0_i_3/CO[3]
                         net (fo=1, routed)           0.000     7.476    theshold_calculator_inst/r_threshold_value0__0_i_3_n_0
    SLICE_X102Y127       CARRY4 (Prop_carry4_CI_CO[3])
                                                      0.117     7.593 r  theshold_calculator_inst/r_threshold_value0__0_i_2/CO[3]
                         net (fo=1, routed)           0.000     7.593    theshold_calculator_inst/r_threshold_value0__0_i_2_n_0
    SLICE_X102Y128       CARRY4 (Prop_carry4_CI_CO[3])
                                                      0.117     7.710 r  theshold_calculator_inst/r_threshold_value0__0_i_1/CO[3]
                         net (fo=1, routed)           0.000     7.710    theshold_calculator_inst/r_threshold_value0__0_i_1_n_0
    SLICE_X102Y129       CARRY4 (Prop_carry4_CI_CO[3])
                                                      0.117     7.827 r  theshold_calculator_inst/r_threshold_value0_i_6/CO[3]
                         net (fo=1, routed)           0.000     7.827    theshold_calculator_inst/r_threshold_value0_i_6_n_0
    SLICE_X102Y130       CARRY4 (Prop_carry4_CI_CO[3])
                                                      0.117     7.944 r  theshold_calculator_inst/r_threshold_value0_i_5/CO[3]
                         net (fo=1, routed)           0.000     7.944    theshold_calculator_inst/r_threshold_value0_i_5_n_0
    SLICE_X102Y131       CARRY4 (Prop_carry4_CI_CO[3])
                                                      0.117     8.061 r  theshold_calculator_inst/r_threshold_value0_i_4/CO[3]
                         net (fo=1, routed)           0.000     8.061    theshold_calculator_inst/r_threshold_value0_i_4_n_0
    SLICE_X102Y132       CARRY4 (Prop_carry4_CI_CO[3])
                                                      0.117     8.178 r  theshold_calculator_inst/r_threshold_value0_i_3/CO[3]
                         net (fo=1, routed)           0.000     8.178    theshold_calculator_inst/r_threshold_value0_i_3_n_0
    SLICE_X102Y133       CARRY4 (Prop_carry4_CI_CO[3])
                                                      0.117     8.295 r  theshold_calculator_inst/r_threshold_value0_i_2/CO[3]
                         net (fo=1, routed)           0.000     8.295    pm_top_mux_inst/theshold_calculator_inst/r_threshold_value_reg_0[0]
    SLICE_X102Y134       CARRY4 (Prop_carry4_CI_O[1])
                                                      0.323     8.618 r  pm_top_mux_inst/theshold_calculator_inst/r_threshold_value0_i_1/O[1]
                         net (fo=18, routed)          1.347     9.965    pm_top_mux_inst/theshold_calculator_inst/r_threshold_value0_i_1_n_6
    DSP48_X3Y46          DSP48E1 (Prop_dsp48e1_A[25]_P[9])
                                                      4.023    13.988 r  pm_top_mux_inst/theshold_calculator_inst/r_threshold_value0/P[9]
                         net (fo=1, routed)           0.894    14.882    pm_top_mux_inst/theshold_calculator_inst/r_threshold_value0_n_96
    SLICE_X95Y118        FDRE                                         r  pm_top_mux_inst/theshold_calculator_inst/r_threshold_value_reg[9]/D
  -------------------------------------------------------------------    -------------------

                         (clock clk_fpga_0 rise edge)
                                                      0.000     0.000 r  
    PS7_X0Y0             PS7                          0.000     0.000 r  comblock_setup_wrapper_inst/comblock_setup_i/processing_system7_0/inst/PS7_i/FCLKCLK[0]
                         net (fo=1, routed)           1.088     1.088    comblock_setup_wrapper_inst/comblock_setup_i/processing_system7_0/inst/FCLK_CLK_unbuffered[0]
    BUFGCTRL_X0Y16       BUFG (Prop_bufg_I_O)         0.091     1.179 r  comblock_setup_wrapper_inst/comblock_setup_i/processing_system7_0/inst/buffer_fclk_clk_0.FCLK_CLK_0_BUFG/O
                         net (fo=31598, routed)       1.772     2.951    pm_top_mux_inst/theshold_calculator_inst/PS_CLOCK0
    SLICE_X95Y118        FDRE                                         r  pm_top_mux_inst/theshold_calculator_inst/r_threshold_value_reg[9]/C

Slack:                    inf
  Source:                 pm_top_mux_inst/theshold_calculator_inst/r_threshold_value1__1/ACOUT[29]
                            (internal pin)
  Destination:            pm_top_mux_inst/theshold_calculator_inst/r_threshold_value_reg[13]/D
                            (rising edge-triggered cell FDRE clocked by clk_fpga_0  {rise@0.000ns fall@12.500ns period=25.000ns})
  Path Group:             (none)
  Path Type:              Setup (Max at Slow Process Corner)
  Data Path Delay:        14.837ns  (logic 10.398ns (70.080%)  route 4.439ns (29.920%))
  Logic Levels:           18  (CARRY4=14 DSP48E1=2 LUT3=1 LUT4=1)
  Clock Uncertainty:      0.376ns  ((TSJ^2 + TIJ^2)^1/2 + DJ) / 2 + PE
    Total System Jitter     (TSJ):    0.050ns
    Total Input Jitter      (TIJ):    0.750ns
    Discrete Jitter          (DJ):    0.000ns
    Phase Error              (PE):    0.000ns

    Location             Delay type                Incr(ns)  Path(ns)    Netlist Resource(s)
  -------------------------------------------------------------------    -------------------
    DSP48_X4Y55          DSP48E1                      0.000     0.000 r  pm_top_mux_inst/theshold_calculator_inst/r_threshold_value1__1/ACOUT[29]
                         net (fo=1, routed)           0.002     0.002    pm_top_mux_inst/theshold_calculator_inst/r_threshold_value1__1_n_24
    DSP48_X4Y56          DSP48E1 (Prop_dsp48e1_ACIN[29]_P[2])
                                                      3.639     3.641 r  pm_top_mux_inst/theshold_calculator_inst/r_threshold_value1__2/P[2]
                         net (fo=2, routed)           1.742     5.383    pm_top_mux_inst/theshold_calculator_inst/r_threshold_value1__2_n_103
    SLICE_X102Y121       LUT3 (Prop_lut3_I1_O)        0.148     5.531 r  pm_top_mux_inst/theshold_calculator_inst/r_threshold_value0__1_i_23/O
                         net (fo=2, routed)           0.490     6.021    pm_top_mux_inst/theshold_calculator_inst/r_threshold_value1_1[1]
    SLICE_X102Y121       LUT4 (Prop_lut4_I3_O)        0.328     6.349 r  pm_top_mux_inst/theshold_calculator_inst/r_threshold_value0__1_i_27/O
                         net (fo=1, routed)           0.000     6.349    pm_top_mux_inst_n_286
    SLICE_X102Y121       CARRY4 (Prop_carry4_S[1]_CO[3])
                                                      0.533     6.882 r  theshold_calculator_inst/r_threshold_value0__1_i_3/CO[3]
                         net (fo=1, routed)           0.000     6.882    theshold_calculator_inst/r_threshold_value0__1_i_3_n_0
    SLICE_X102Y122       CARRY4 (Prop_carry4_CI_CO[3])
                                                      0.117     6.999 r  theshold_calculator_inst/r_threshold_value0__1_i_2/CO[3]
                         net (fo=1, routed)           0.000     6.999    theshold_calculator_inst/r_threshold_value0__1_i_2_n_0
    SLICE_X102Y123       CARRY4 (Prop_carry4_CI_CO[3])
                                                      0.117     7.116 r  theshold_calculator_inst/r_threshold_value0__1_i_1/CO[3]
                         net (fo=1, routed)           0.000     7.116    theshold_calculator_inst/r_threshold_value0__1_i_1_n_0
    SLICE_X102Y124       CARRY4 (Prop_carry4_CI_CO[3])
                                                      0.117     7.233 r  theshold_calculator_inst/r_threshold_value0__0_i_5/CO[3]
                         net (fo=1, routed)           0.009     7.242    theshold_calculator_inst/r_threshold_value0__0_i_5_n_0
    SLICE_X102Y125       CARRY4 (Prop_carry4_CI_CO[3])
                                                      0.117     7.359 r  theshold_calculator_inst/r_threshold_value0__0_i_4/CO[3]
                         net (fo=1, routed)           0.000     7.359    theshold_calculator_inst/r_threshold_value0__0_i_4_n_0
    SLICE_X102Y126       CARRY4 (Prop_carry4_CI_CO[3])
                                                      0.117     7.476 r  theshold_calculator_inst/r_threshold_value0__0_i_3/CO[3]
                         net (fo=1, routed)           0.000     7.476    theshold_calculator_inst/r_threshold_value0__0_i_3_n_0
    SLICE_X102Y127       CARRY4 (Prop_carry4_CI_CO[3])
                                                      0.117     7.593 r  theshold_calculator_inst/r_threshold_value0__0_i_2/CO[3]
                         net (fo=1, routed)           0.000     7.593    theshold_calculator_inst/r_threshold_value0__0_i_2_n_0
    SLICE_X102Y128       CARRY4 (Prop_carry4_CI_CO[3])
                                                      0.117     7.710 r  theshold_calculator_inst/r_threshold_value0__0_i_1/CO[3]
                         net (fo=1, routed)           0.000     7.710    theshold_calculator_inst/r_threshold_value0__0_i_1_n_0
    SLICE_X102Y129       CARRY4 (Prop_carry4_CI_CO[3])
                                                      0.117     7.827 r  theshold_calculator_inst/r_threshold_value0_i_6/CO[3]
                         net (fo=1, routed)           0.000     7.827    theshold_calculator_inst/r_threshold_value0_i_6_n_0
    SLICE_X102Y130       CARRY4 (Prop_carry4_CI_CO[3])
                                                      0.117     7.944 r  theshold_calculator_inst/r_threshold_value0_i_5/CO[3]
                         net (fo=1, routed)           0.000     7.944    theshold_calculator_inst/r_threshold_value0_i_5_n_0
    SLICE_X102Y131       CARRY4 (Prop_carry4_CI_CO[3])
                                                      0.117     8.061 r  theshold_calculator_inst/r_threshold_value0_i_4/CO[3]
                         net (fo=1, routed)           0.000     8.061    theshold_calculator_inst/r_threshold_value0_i_4_n_0
    SLICE_X102Y132       CARRY4 (Prop_carry4_CI_CO[3])
                                                      0.117     8.178 r  theshold_calculator_inst/r_threshold_value0_i_3/CO[3]
                         net (fo=1, routed)           0.000     8.178    theshold_calculator_inst/r_threshold_value0_i_3_n_0
    SLICE_X102Y133       CARRY4 (Prop_carry4_CI_CO[3])
                                                      0.117     8.295 r  theshold_calculator_inst/r_threshold_value0_i_2/CO[3]
                         net (fo=1, routed)           0.000     8.295    pm_top_mux_inst/theshold_calculator_inst/r_threshold_value_reg_0[0]
    SLICE_X102Y134       CARRY4 (Prop_carry4_CI_O[1])
                                                      0.323     8.618 r  pm_top_mux_inst/theshold_calculator_inst/r_threshold_value0_i_1/O[1]
                         net (fo=18, routed)          1.347     9.965    pm_top_mux_inst/theshold_calculator_inst/r_threshold_value0_i_1_n_6
    DSP48_X3Y46          DSP48E1 (Prop_dsp48e1_A[25]_P[13])
                                                      4.023    13.988 r  pm_top_mux_inst/theshold_calculator_inst/r_threshold_value0/P[13]
                         net (fo=1, routed)           0.849    14.837    pm_top_mux_inst/theshold_calculator_inst/r_threshold_value0_n_92
    SLICE_X95Y118        FDRE                                         r  pm_top_mux_inst/theshold_calculator_inst/r_threshold_value_reg[13]/D
  -------------------------------------------------------------------    -------------------

                         (clock clk_fpga_0 rise edge)
                                                      0.000     0.000 r  
    PS7_X0Y0             PS7                          0.000     0.000 r  comblock_setup_wrapper_inst/comblock_setup_i/processing_system7_0/inst/PS7_i/FCLKCLK[0]
                         net (fo=1, routed)           1.088     1.088    comblock_setup_wrapper_inst/comblock_setup_i/processing_system7_0/inst/FCLK_CLK_unbuffered[0]
    BUFGCTRL_X0Y16       BUFG (Prop_bufg_I_O)         0.091     1.179 r  comblock_setup_wrapper_inst/comblock_setup_i/processing_system7_0/inst/buffer_fclk_clk_0.FCLK_CLK_0_BUFG/O
                         net (fo=31598, routed)       1.772     2.951    pm_top_mux_inst/theshold_calculator_inst/PS_CLOCK0
    SLICE_X95Y118        FDRE                                         r  pm_top_mux_inst/theshold_calculator_inst/r_threshold_value_reg[13]/C

Slack:                    inf
  Source:                 pm_top_mux_inst/theshold_calculator_inst/r_threshold_value1__1/ACOUT[29]
                            (internal pin)
  Destination:            pm_top_mux_inst/theshold_calculator_inst/r_threshold_value_reg[7]/D
                            (rising edge-triggered cell FDRE clocked by clk_fpga_0  {rise@0.000ns fall@12.500ns period=25.000ns})
  Path Group:             (none)
  Path Type:              Setup (Max at Slow Process Corner)
  Data Path Delay:        14.816ns  (logic 10.398ns (70.182%)  route 4.418ns (29.818%))
  Logic Levels:           18  (CARRY4=14 DSP48E1=2 LUT3=1 LUT4=1)
  Clock Uncertainty:      0.376ns  ((TSJ^2 + TIJ^2)^1/2 + DJ) / 2 + PE
    Total System Jitter     (TSJ):    0.050ns
    Total Input Jitter      (TIJ):    0.750ns
    Discrete Jitter          (DJ):    0.000ns
    Phase Error              (PE):    0.000ns

    Location             Delay type                Incr(ns)  Path(ns)    Netlist Resource(s)
  -------------------------------------------------------------------    -------------------
    DSP48_X4Y55          DSP48E1                      0.000     0.000 r  pm_top_mux_inst/theshold_calculator_inst/r_threshold_value1__1/ACOUT[29]
                         net (fo=1, routed)           0.002     0.002    pm_top_mux_inst/theshold_calculator_inst/r_threshold_value1__1_n_24
    DSP48_X4Y56          DSP48E1 (Prop_dsp48e1_ACIN[29]_P[2])
                                                      3.639     3.641 r  pm_top_mux_inst/theshold_calculator_inst/r_threshold_value1__2/P[2]
                         net (fo=2, routed)           1.742     5.383    pm_top_mux_inst/theshold_calculator_inst/r_threshold_value1__2_n_103
    SLICE_X102Y121       LUT3 (Prop_lut3_I1_O)        0.148     5.531 r  pm_top_mux_inst/theshold_calculator_inst/r_threshold_value0__1_i_23/O
                         net (fo=2, routed)           0.490     6.021    pm_top_mux_inst/theshold_calculator_inst/r_threshold_value1_1[1]
    SLICE_X102Y121       LUT4 (Prop_lut4_I3_O)        0.328     6.349 r  pm_top_mux_inst/theshold_calculator_inst/r_threshold_value0__1_i_27/O
                         net (fo=1, routed)           0.000     6.349    pm_top_mux_inst_n_286
    SLICE_X102Y121       CARRY4 (Prop_carry4_S[1]_CO[3])
                                                      0.533     6.882 r  theshold_calculator_inst/r_threshold_value0__1_i_3/CO[3]
                         net (fo=1, routed)           0.000     6.882    theshold_calculator_inst/r_threshold_value0__1_i_3_n_0
    SLICE_X102Y122       CARRY4 (Prop_carry4_CI_CO[3])
                                                      0.117     6.999 r  theshold_calculator_inst/r_threshold_value0__1_i_2/CO[3]
                         net (fo=1, routed)           0.000     6.999    theshold_calculator_inst/r_threshold_value0__1_i_2_n_0
    SLICE_X102Y123       CARRY4 (Prop_carry4_CI_CO[3])
                                                      0.117     7.116 r  theshold_calculator_inst/r_threshold_value0__1_i_1/CO[3]
                         net (fo=1, routed)           0.000     7.116    theshold_calculator_inst/r_threshold_value0__1_i_1_n_0
    SLICE_X102Y124       CARRY4 (Prop_carry4_CI_CO[3])
                                                      0.117     7.233 r  theshold_calculator_inst/r_threshold_value0__0_i_5/CO[3]
                         net (fo=1, routed)           0.009     7.242    theshold_calculator_inst/r_threshold_value0__0_i_5_n_0
    SLICE_X102Y125       CARRY4 (Prop_carry4_CI_CO[3])
                                                      0.117     7.359 r  theshold_calculator_inst/r_threshold_value0__0_i_4/CO[3]
                         net (fo=1, routed)           0.000     7.359    theshold_calculator_inst/r_threshold_value0__0_i_4_n_0
    SLICE_X102Y126       CARRY4 (Prop_carry4_CI_CO[3])
                                                      0.117     7.476 r  theshold_calculator_inst/r_threshold_value0__0_i_3/CO[3]
                         net (fo=1, routed)           0.000     7.476    theshold_calculator_inst/r_threshold_value0__0_i_3_n_0
    SLICE_X102Y127       CARRY4 (Prop_carry4_CI_CO[3])
                                                      0.117     7.593 r  theshold_calculator_inst/r_threshold_value0__0_i_2/CO[3]
                         net (fo=1, routed)           0.000     7.593    theshold_calculator_inst/r_threshold_value0__0_i_2_n_0
    SLICE_X102Y128       CARRY4 (Prop_carry4_CI_CO[3])
                                                      0.117     7.710 r  theshold_calculator_inst/r_threshold_value0__0_i_1/CO[3]
                         net (fo=1, routed)           0.000     7.710    theshold_calculator_inst/r_threshold_value0__0_i_1_n_0
    SLICE_X102Y129       CARRY4 (Prop_carry4_CI_CO[3])
                                                      0.117     7.827 r  theshold_calculator_inst/r_threshold_value0_i_6/CO[3]
                         net (fo=1, routed)           0.000     7.827    theshold_calculator_inst/r_threshold_value0_i_6_n_0
    SLICE_X102Y130       CARRY4 (Prop_carry4_CI_CO[3])
                                                      0.117     7.944 r  theshold_calculator_inst/r_threshold_value0_i_5/CO[3]
                         net (fo=1, routed)           0.000     7.944    theshold_calculator_inst/r_threshold_value0_i_5_n_0
    SLICE_X102Y131       CARRY4 (Prop_carry4_CI_CO[3])
                                                      0.117     8.061 r  theshold_calculator_inst/r_threshold_value0_i_4/CO[3]
                         net (fo=1, routed)           0.000     8.061    theshold_calculator_inst/r_threshold_value0_i_4_n_0
    SLICE_X102Y132       CARRY4 (Prop_carry4_CI_CO[3])
                                                      0.117     8.178 r  theshold_calculator_inst/r_threshold_value0_i_3/CO[3]
                         net (fo=1, routed)           0.000     8.178    theshold_calculator_inst/r_threshold_value0_i_3_n_0
    SLICE_X102Y133       CARRY4 (Prop_carry4_CI_CO[3])
                                                      0.117     8.295 r  theshold_calculator_inst/r_threshold_value0_i_2/CO[3]
                         net (fo=1, routed)           0.000     8.295    pm_top_mux_inst/theshold_calculator_inst/r_threshold_value_reg_0[0]
    SLICE_X102Y134       CARRY4 (Prop_carry4_CI_O[1])
                                                      0.323     8.618 r  pm_top_mux_inst/theshold_calculator_inst/r_threshold_value0_i_1/O[1]
                         net (fo=18, routed)          1.347     9.965    pm_top_mux_inst/theshold_calculator_inst/r_threshold_value0_i_1_n_6
    DSP48_X3Y46          DSP48E1 (Prop_dsp48e1_A[25]_P[7])
                                                      4.023    13.988 r  pm_top_mux_inst/theshold_calculator_inst/r_threshold_value0/P[7]
                         net (fo=1, routed)           0.827    14.816    pm_top_mux_inst/theshold_calculator_inst/r_threshold_value0_n_98
    SLICE_X96Y116        FDRE                                         r  pm_top_mux_inst/theshold_calculator_inst/r_threshold_value_reg[7]/D
  -------------------------------------------------------------------    -------------------

                         (clock clk_fpga_0 rise edge)
                                                      0.000     0.000 r  
    PS7_X0Y0             PS7                          0.000     0.000 r  comblock_setup_wrapper_inst/comblock_setup_i/processing_system7_0/inst/PS7_i/FCLKCLK[0]
                         net (fo=1, routed)           1.088     1.088    comblock_setup_wrapper_inst/comblock_setup_i/processing_system7_0/inst/FCLK_CLK_unbuffered[0]
    BUFGCTRL_X0Y16       BUFG (Prop_bufg_I_O)         0.091     1.179 r  comblock_setup_wrapper_inst/comblock_setup_i/processing_system7_0/inst/buffer_fclk_clk_0.FCLK_CLK_0_BUFG/O
                         net (fo=31598, routed)       1.775     2.954    pm_top_mux_inst/theshold_calculator_inst/PS_CLOCK0
    SLICE_X96Y116        FDRE                                         r  pm_top_mux_inst/theshold_calculator_inst/r_threshold_value_reg[7]/C

Slack:                    inf
  Source:                 pm_top_mux_inst/theshold_calculator_inst/r_threshold_value1__1/ACOUT[29]
                            (internal pin)
  Destination:            pm_top_mux_inst/theshold_calculator_inst/r_threshold_value_reg[3]/D
                            (rising edge-triggered cell FDRE clocked by clk_fpga_0  {rise@0.000ns fall@12.500ns period=25.000ns})
  Path Group:             (none)
  Path Type:              Setup (Max at Slow Process Corner)
  Data Path Delay:        14.803ns  (logic 10.398ns (70.243%)  route 4.405ns (29.758%))
  Logic Levels:           18  (CARRY4=14 DSP48E1=2 LUT3=1 LUT4=1)
  Clock Uncertainty:      0.376ns  ((TSJ^2 + TIJ^2)^1/2 + DJ) / 2 + PE
    Total System Jitter     (TSJ):    0.050ns
    Total Input Jitter      (TIJ):    0.750ns
    Discrete Jitter          (DJ):    0.000ns
    Phase Error              (PE):    0.000ns

    Location             Delay type                Incr(ns)  Path(ns)    Netlist Resource(s)
  -------------------------------------------------------------------    -------------------
    DSP48_X4Y55          DSP48E1                      0.000     0.000 r  pm_top_mux_inst/theshold_calculator_inst/r_threshold_value1__1/ACOUT[29]
                         net (fo=1, routed)           0.002     0.002    pm_top_mux_inst/theshold_calculator_inst/r_threshold_value1__1_n_24
    DSP48_X4Y56          DSP48E1 (Prop_dsp48e1_ACIN[29]_P[2])
                                                      3.639     3.641 r  pm_top_mux_inst/theshold_calculator_inst/r_threshold_value1__2/P[2]
                         net (fo=2, routed)           1.742     5.383    pm_top_mux_inst/theshold_calculator_inst/r_threshold_value1__2_n_103
    SLICE_X102Y121       LUT3 (Prop_lut3_I1_O)        0.148     5.531 r  pm_top_mux_inst/theshold_calculator_inst/r_threshold_value0__1_i_23/O
                         net (fo=2, routed)           0.490     6.021    pm_top_mux_inst/theshold_calculator_inst/r_threshold_value1_1[1]
    SLICE_X102Y121       LUT4 (Prop_lut4_I3_O)        0.328     6.349 r  pm_top_mux_inst/theshold_calculator_inst/r_threshold_value0__1_i_27/O
                         net (fo=1, routed)           0.000     6.349    pm_top_mux_inst_n_286
    SLICE_X102Y121       CARRY4 (Prop_carry4_S[1]_CO[3])
                                                      0.533     6.882 r  theshold_calculator_inst/r_threshold_value0__1_i_3/CO[3]
                         net (fo=1, routed)           0.000     6.882    theshold_calculator_inst/r_threshold_value0__1_i_3_n_0
    SLICE_X102Y122       CARRY4 (Prop_carry4_CI_CO[3])
                                                      0.117     6.999 r  theshold_calculator_inst/r_threshold_value0__1_i_2/CO[3]
                         net (fo=1, routed)           0.000     6.999    theshold_calculator_inst/r_threshold_value0__1_i_2_n_0
    SLICE_X102Y123       CARRY4 (Prop_carry4_CI_CO[3])
                                                      0.117     7.116 r  theshold_calculator_inst/r_threshold_value0__1_i_1/CO[3]
                         net (fo=1, routed)           0.000     7.116    theshold_calculator_inst/r_threshold_value0__1_i_1_n_0
    SLICE_X102Y124       CARRY4 (Prop_carry4_CI_CO[3])
                                                      0.117     7.233 r  theshold_calculator_inst/r_threshold_value0__0_i_5/CO[3]
                         net (fo=1, routed)           0.009     7.242    theshold_calculator_inst/r_threshold_value0__0_i_5_n_0
    SLICE_X102Y125       CARRY4 (Prop_carry4_CI_CO[3])
                                                      0.117     7.359 r  theshold_calculator_inst/r_threshold_value0__0_i_4/CO[3]
                         net (fo=1, routed)           0.000     7.359    theshold_calculator_inst/r_threshold_value0__0_i_4_n_0
    SLICE_X102Y126       CARRY4 (Prop_carry4_CI_CO[3])
                                                      0.117     7.476 r  theshold_calculator_inst/r_threshold_value0__0_i_3/CO[3]
                         net (fo=1, routed)           0.000     7.476    theshold_calculator_inst/r_threshold_value0__0_i_3_n_0
    SLICE_X102Y127       CARRY4 (Prop_carry4_CI_CO[3])
                                                      0.117     7.593 r  theshold_calculator_inst/r_threshold_value0__0_i_2/CO[3]
                         net (fo=1, routed)           0.000     7.593    theshold_calculator_inst/r_threshold_value0__0_i_2_n_0
    SLICE_X102Y128       CARRY4 (Prop_carry4_CI_CO[3])
                                                      0.117     7.710 r  theshold_calculator_inst/r_threshold_value0__0_i_1/CO[3]
                         net (fo=1, routed)           0.000     7.710    theshold_calculator_inst/r_threshold_value0__0_i_1_n_0
    SLICE_X102Y129       CARRY4 (Prop_carry4_CI_CO[3])
                                                      0.117     7.827 r  theshold_calculator_inst/r_threshold_value0_i_6/CO[3]
                         net (fo=1, routed)           0.000     7.827    theshold_calculator_inst/r_threshold_value0_i_6_n_0
    SLICE_X102Y130       CARRY4 (Prop_carry4_CI_CO[3])
                                                      0.117     7.944 r  theshold_calculator_inst/r_threshold_value0_i_5/CO[3]
                         net (fo=1, routed)           0.000     7.944    theshold_calculator_inst/r_threshold_value0_i_5_n_0
    SLICE_X102Y131       CARRY4 (Prop_carry4_CI_CO[3])
                                                      0.117     8.061 r  theshold_calculator_inst/r_threshold_value0_i_4/CO[3]
                         net (fo=1, routed)           0.000     8.061    theshold_calculator_inst/r_threshold_value0_i_4_n_0
    SLICE_X102Y132       CARRY4 (Prop_carry4_CI_CO[3])
                                                      0.117     8.178 r  theshold_calculator_inst/r_threshold_value0_i_3/CO[3]
                         net (fo=1, routed)           0.000     8.178    theshold_calculator_inst/r_threshold_value0_i_3_n_0
    SLICE_X102Y133       CARRY4 (Prop_carry4_CI_CO[3])
                                                      0.117     8.295 r  theshold_calculator_inst/r_threshold_value0_i_2/CO[3]
                         net (fo=1, routed)           0.000     8.295    pm_top_mux_inst/theshold_calculator_inst/r_threshold_value_reg_0[0]
    SLICE_X102Y134       CARRY4 (Prop_carry4_CI_O[1])
                                                      0.323     8.618 r  pm_top_mux_inst/theshold_calculator_inst/r_threshold_value0_i_1/O[1]
                         net (fo=18, routed)          1.347     9.965    pm_top_mux_inst/theshold_calculator_inst/r_threshold_value0_i_1_n_6
    DSP48_X3Y46          DSP48E1 (Prop_dsp48e1_A[25]_P[3])
                                                      4.023    13.988 r  pm_top_mux_inst/theshold_calculator_inst/r_threshold_value0/P[3]
                         net (fo=1, routed)           0.815    14.803    pm_top_mux_inst/theshold_calculator_inst/r_threshold_value0_n_102
    SLICE_X96Y115        FDRE                                         r  pm_top_mux_inst/theshold_calculator_inst/r_threshold_value_reg[3]/D
  -------------------------------------------------------------------    -------------------

                         (clock clk_fpga_0 rise edge)
                                                      0.000     0.000 r  
    PS7_X0Y0             PS7                          0.000     0.000 r  comblock_setup_wrapper_inst/comblock_setup_i/processing_system7_0/inst/PS7_i/FCLKCLK[0]
                         net (fo=1, routed)           1.088     1.088    comblock_setup_wrapper_inst/comblock_setup_i/processing_system7_0/inst/FCLK_CLK_unbuffered[0]
    BUFGCTRL_X0Y16       BUFG (Prop_bufg_I_O)         0.091     1.179 r  comblock_setup_wrapper_inst/comblock_setup_i/processing_system7_0/inst/buffer_fclk_clk_0.FCLK_CLK_0_BUFG/O
                         net (fo=31598, routed)       1.776     2.955    pm_top_mux_inst/theshold_calculator_inst/PS_CLOCK0
    SLICE_X96Y115        FDRE                                         r  pm_top_mux_inst/theshold_calculator_inst/r_threshold_value_reg[3]/C

Slack:                    inf
  Source:                 pm_top_mux_inst/theshold_calculator_inst/r_threshold_value1__1/ACOUT[29]
                            (internal pin)
  Destination:            pm_top_mux_inst/theshold_calculator_inst/r_threshold_value_reg[10]/D
                            (rising edge-triggered cell FDRE clocked by clk_fpga_0  {rise@0.000ns fall@12.500ns period=25.000ns})
  Path Group:             (none)
  Path Type:              Setup (Max at Slow Process Corner)
  Data Path Delay:        14.772ns  (logic 10.398ns (70.388%)  route 4.374ns (29.612%))
  Logic Levels:           18  (CARRY4=14 DSP48E1=2 LUT3=1 LUT4=1)
  Clock Uncertainty:      0.376ns  ((TSJ^2 + TIJ^2)^1/2 + DJ) / 2 + PE
    Total System Jitter     (TSJ):    0.050ns
    Total Input Jitter      (TIJ):    0.750ns
    Discrete Jitter          (DJ):    0.000ns
    Phase Error              (PE):    0.000ns

    Location             Delay type                Incr(ns)  Path(ns)    Netlist Resource(s)
  -------------------------------------------------------------------    -------------------
    DSP48_X4Y55          DSP48E1                      0.000     0.000 r  pm_top_mux_inst/theshold_calculator_inst/r_threshold_value1__1/ACOUT[29]
                         net (fo=1, routed)           0.002     0.002    pm_top_mux_inst/theshold_calculator_inst/r_threshold_value1__1_n_24
    DSP48_X4Y56          DSP48E1 (Prop_dsp48e1_ACIN[29]_P[2])
                                                      3.639     3.641 r  pm_top_mux_inst/theshold_calculator_inst/r_threshold_value1__2/P[2]
                         net (fo=2, routed)           1.742     5.383    pm_top_mux_inst/theshold_calculator_inst/r_threshold_value1__2_n_103
    SLICE_X102Y121       LUT3 (Prop_lut3_I1_O)        0.148     5.531 r  pm_top_mux_inst/theshold_calculator_inst/r_threshold_value0__1_i_23/O
                         net (fo=2, routed)           0.490     6.021    pm_top_mux_inst/theshold_calculator_inst/r_threshold_value1_1[1]
    SLICE_X102Y121       LUT4 (Prop_lut4_I3_O)        0.328     6.349 r  pm_top_mux_inst/theshold_calculator_inst/r_threshold_value0__1_i_27/O
                         net (fo=1, routed)           0.000     6.349    pm_top_mux_inst_n_286
    SLICE_X102Y121       CARRY4 (Prop_carry4_S[1]_CO[3])
                                                      0.533     6.882 r  theshold_calculator_inst/r_threshold_value0__1_i_3/CO[3]
                         net (fo=1, routed)           0.000     6.882    theshold_calculator_inst/r_threshold_value0__1_i_3_n_0
    SLICE_X102Y122       CARRY4 (Prop_carry4_CI_CO[3])
                                                      0.117     6.999 r  theshold_calculator_inst/r_threshold_value0__1_i_2/CO[3]
                         net (fo=1, routed)           0.000     6.999    theshold_calculator_inst/r_threshold_value0__1_i_2_n_0
    SLICE_X102Y123       CARRY4 (Prop_carry4_CI_CO[3])
                                                      0.117     7.116 r  theshold_calculator_inst/r_threshold_value0__1_i_1/CO[3]
                         net (fo=1, routed)           0.000     7.116    theshold_calculator_inst/r_threshold_value0__1_i_1_n_0
    SLICE_X102Y124       CARRY4 (Prop_carry4_CI_CO[3])
                                                      0.117     7.233 r  theshold_calculator_inst/r_threshold_value0__0_i_5/CO[3]
                         net (fo=1, routed)           0.009     7.242    theshold_calculator_inst/r_threshold_value0__0_i_5_n_0
    SLICE_X102Y125       CARRY4 (Prop_carry4_CI_CO[3])
                                                      0.117     7.359 r  theshold_calculator_inst/r_threshold_value0__0_i_4/CO[3]
                         net (fo=1, routed)           0.000     7.359    theshold_calculator_inst/r_threshold_value0__0_i_4_n_0
    SLICE_X102Y126       CARRY4 (Prop_carry4_CI_CO[3])
                                                      0.117     7.476 r  theshold_calculator_inst/r_threshold_value0__0_i_3/CO[3]
                         net (fo=1, routed)           0.000     7.476    theshold_calculator_inst/r_threshold_value0__0_i_3_n_0
    SLICE_X102Y127       CARRY4 (Prop_carry4_CI_CO[3])
                                                      0.117     7.593 r  theshold_calculator_inst/r_threshold_value0__0_i_2/CO[3]
                         net (fo=1, routed)           0.000     7.593    theshold_calculator_inst/r_threshold_value0__0_i_2_n_0
    SLICE_X102Y128       CARRY4 (Prop_carry4_CI_CO[3])
                                                      0.117     7.710 r  theshold_calculator_inst/r_threshold_value0__0_i_1/CO[3]
                         net (fo=1, routed)           0.000     7.710    theshold_calculator_inst/r_threshold_value0__0_i_1_n_0
    SLICE_X102Y129       CARRY4 (Prop_carry4_CI_CO[3])
                                                      0.117     7.827 r  theshold_calculator_inst/r_threshold_value0_i_6/CO[3]
                         net (fo=1, routed)           0.000     7.827    theshold_calculator_inst/r_threshold_value0_i_6_n_0
    SLICE_X102Y130       CARRY4 (Prop_carry4_CI_CO[3])
                                                      0.117     7.944 r  theshold_calculator_inst/r_threshold_value0_i_5/CO[3]
                         net (fo=1, routed)           0.000     7.944    theshold_calculator_inst/r_threshold_value0_i_5_n_0
    SLICE_X102Y131       CARRY4 (Prop_carry4_CI_CO[3])
                                                      0.117     8.061 r  theshold_calculator_inst/r_threshold_value0_i_4/CO[3]
                         net (fo=1, routed)           0.000     8.061    theshold_calculator_inst/r_threshold_value0_i_4_n_0
    SLICE_X102Y132       CARRY4 (Prop_carry4_CI_CO[3])
                                                      0.117     8.178 r  theshold_calculator_inst/r_threshold_value0_i_3/CO[3]
                         net (fo=1, routed)           0.000     8.178    theshold_calculator_inst/r_threshold_value0_i_3_n_0
    SLICE_X102Y133       CARRY4 (Prop_carry4_CI_CO[3])
                                                      0.117     8.295 r  theshold_calculator_inst/r_threshold_value0_i_2/CO[3]
                         net (fo=1, routed)           0.000     8.295    pm_top_mux_inst/theshold_calculator_inst/r_threshold_value_reg_0[0]
    SLICE_X102Y134       CARRY4 (Prop_carry4_CI_O[1])
                                                      0.323     8.618 r  pm_top_mux_inst/theshold_calculator_inst/r_threshold_value0_i_1/O[1]
                         net (fo=18, routed)          1.347     9.965    pm_top_mux_inst/theshold_calculator_inst/r_threshold_value0_i_1_n_6
    DSP48_X3Y46          DSP48E1 (Prop_dsp48e1_A[25]_P[10])
                                                      4.023    13.988 r  pm_top_mux_inst/theshold_calculator_inst/r_threshold_value0/P[10]
                         net (fo=1, routed)           0.784    14.772    pm_top_mux_inst/theshold_calculator_inst/r_threshold_value0_n_95
    SLICE_X95Y117        FDRE                                         r  pm_top_mux_inst/theshold_calculator_inst/r_threshold_value_reg[10]/D
  -------------------------------------------------------------------    -------------------

                         (clock clk_fpga_0 rise edge)
                                                      0.000     0.000 r  
    PS7_X0Y0             PS7                          0.000     0.000 r  comblock_setup_wrapper_inst/comblock_setup_i/processing_system7_0/inst/PS7_i/FCLKCLK[0]
                         net (fo=1, routed)           1.088     1.088    comblock_setup_wrapper_inst/comblock_setup_i/processing_system7_0/inst/FCLK_CLK_unbuffered[0]
    BUFGCTRL_X0Y16       BUFG (Prop_bufg_I_O)         0.091     1.179 r  comblock_setup_wrapper_inst/comblock_setup_i/processing_system7_0/inst/buffer_fclk_clk_0.FCLK_CLK_0_BUFG/O
                         net (fo=31598, routed)       1.774     2.953    pm_top_mux_inst/theshold_calculator_inst/PS_CLOCK0
    SLICE_X95Y117        FDRE                                         r  pm_top_mux_inst/theshold_calculator_inst/r_threshold_value_reg[10]/C

Slack:                    inf
  Source:                 pm_top_mux_inst/theshold_calculator_inst/r_threshold_value1__1/ACOUT[29]
                            (internal pin)
  Destination:            pm_top_mux_inst/theshold_calculator_inst/r_threshold_value_reg[16]/D
                            (rising edge-triggered cell FDRE clocked by clk_fpga_0  {rise@0.000ns fall@12.500ns period=25.000ns})
  Path Group:             (none)
  Path Type:              Setup (Max at Slow Process Corner)
  Data Path Delay:        14.747ns  (logic 10.398ns (70.510%)  route 4.349ns (29.490%))
  Logic Levels:           18  (CARRY4=14 DSP48E1=2 LUT3=1 LUT4=1)
  Clock Uncertainty:      0.376ns  ((TSJ^2 + TIJ^2)^1/2 + DJ) / 2 + PE
    Total System Jitter     (TSJ):    0.050ns
    Total Input Jitter      (TIJ):    0.750ns
    Discrete Jitter          (DJ):    0.000ns
    Phase Error              (PE):    0.000ns

    Location             Delay type                Incr(ns)  Path(ns)    Netlist Resource(s)
  -------------------------------------------------------------------    -------------------
    DSP48_X4Y55          DSP48E1                      0.000     0.000 r  pm_top_mux_inst/theshold_calculator_inst/r_threshold_value1__1/ACOUT[29]
                         net (fo=1, routed)           0.002     0.002    pm_top_mux_inst/theshold_calculator_inst/r_threshold_value1__1_n_24
    DSP48_X4Y56          DSP48E1 (Prop_dsp48e1_ACIN[29]_P[2])
                                                      3.639     3.641 r  pm_top_mux_inst/theshold_calculator_inst/r_threshold_value1__2/P[2]
                         net (fo=2, routed)           1.742     5.383    pm_top_mux_inst/theshold_calculator_inst/r_threshold_value1__2_n_103
    SLICE_X102Y121       LUT3 (Prop_lut3_I1_O)        0.148     5.531 r  pm_top_mux_inst/theshold_calculator_inst/r_threshold_value0__1_i_23/O
                         net (fo=2, routed)           0.490     6.021    pm_top_mux_inst/theshold_calculator_inst/r_threshold_value1_1[1]
    SLICE_X102Y121       LUT4 (Prop_lut4_I3_O)        0.328     6.349 r  pm_top_mux_inst/theshold_calculator_inst/r_threshold_value0__1_i_27/O
                         net (fo=1, routed)           0.000     6.349    pm_top_mux_inst_n_286
    SLICE_X102Y121       CARRY4 (Prop_carry4_S[1]_CO[3])
                                                      0.533     6.882 r  theshold_calculator_inst/r_threshold_value0__1_i_3/CO[3]
                         net (fo=1, routed)           0.000     6.882    theshold_calculator_inst/r_threshold_value0__1_i_3_n_0
    SLICE_X102Y122       CARRY4 (Prop_carry4_CI_CO[3])
                                                      0.117     6.999 r  theshold_calculator_inst/r_threshold_value0__1_i_2/CO[3]
                         net (fo=1, routed)           0.000     6.999    theshold_calculator_inst/r_threshold_value0__1_i_2_n_0
    SLICE_X102Y123       CARRY4 (Prop_carry4_CI_CO[3])
                                                      0.117     7.116 r  theshold_calculator_inst/r_threshold_value0__1_i_1/CO[3]
                         net (fo=1, routed)           0.000     7.116    theshold_calculator_inst/r_threshold_value0__1_i_1_n_0
    SLICE_X102Y124       CARRY4 (Prop_carry4_CI_CO[3])
                                                      0.117     7.233 r  theshold_calculator_inst/r_threshold_value0__0_i_5/CO[3]
                         net (fo=1, routed)           0.009     7.242    theshold_calculator_inst/r_threshold_value0__0_i_5_n_0
    SLICE_X102Y125       CARRY4 (Prop_carry4_CI_CO[3])
                                                      0.117     7.359 r  theshold_calculator_inst/r_threshold_value0__0_i_4/CO[3]
                         net (fo=1, routed)           0.000     7.359    theshold_calculator_inst/r_threshold_value0__0_i_4_n_0
    SLICE_X102Y126       CARRY4 (Prop_carry4_CI_CO[3])
                                                      0.117     7.476 r  theshold_calculator_inst/r_threshold_value0__0_i_3/CO[3]
                         net (fo=1, routed)           0.000     7.476    theshold_calculator_inst/r_threshold_value0__0_i_3_n_0
    SLICE_X102Y127       CARRY4 (Prop_carry4_CI_CO[3])
                                                      0.117     7.593 r  theshold_calculator_inst/r_threshold_value0__0_i_2/CO[3]
                         net (fo=1, routed)           0.000     7.593    theshold_calculator_inst/r_threshold_value0__0_i_2_n_0
    SLICE_X102Y128       CARRY4 (Prop_carry4_CI_CO[3])
                                                      0.117     7.710 r  theshold_calculator_inst/r_threshold_value0__0_i_1/CO[3]
                         net (fo=1, routed)           0.000     7.710    theshold_calculator_inst/r_threshold_value0__0_i_1_n_0
    SLICE_X102Y129       CARRY4 (Prop_carry4_CI_CO[3])
                                                      0.117     7.827 r  theshold_calculator_inst/r_threshold_value0_i_6/CO[3]
                         net (fo=1, routed)           0.000     7.827    theshold_calculator_inst/r_threshold_value0_i_6_n_0
    SLICE_X102Y130       CARRY4 (Prop_carry4_CI_CO[3])
                                                      0.117     7.944 r  theshold_calculator_inst/r_threshold_value0_i_5/CO[3]
                         net (fo=1, routed)           0.000     7.944    theshold_calculator_inst/r_threshold_value0_i_5_n_0
    SLICE_X102Y131       CARRY4 (Prop_carry4_CI_CO[3])
                                                      0.117     8.061 r  theshold_calculator_inst/r_threshold_value0_i_4/CO[3]
                         net (fo=1, routed)           0.000     8.061    theshold_calculator_inst/r_threshold_value0_i_4_n_0
    SLICE_X102Y132       CARRY4 (Prop_carry4_CI_CO[3])
                                                      0.117     8.178 r  theshold_calculator_inst/r_threshold_value0_i_3/CO[3]
                         net (fo=1, routed)           0.000     8.178    theshold_calculator_inst/r_threshold_value0_i_3_n_0
    SLICE_X102Y133       CARRY4 (Prop_carry4_CI_CO[3])
                                                      0.117     8.295 r  theshold_calculator_inst/r_threshold_value0_i_2/CO[3]
                         net (fo=1, routed)           0.000     8.295    pm_top_mux_inst/theshold_calculator_inst/r_threshold_value_reg_0[0]
    SLICE_X102Y134       CARRY4 (Prop_carry4_CI_O[1])
                                                      0.323     8.618 r  pm_top_mux_inst/theshold_calculator_inst/r_threshold_value0_i_1/O[1]
                         net (fo=18, routed)          1.347     9.965    pm_top_mux_inst/theshold_calculator_inst/r_threshold_value0_i_1_n_6
    DSP48_X3Y46          DSP48E1 (Prop_dsp48e1_A[25]_P[16])
                                                      4.023    13.988 r  pm_top_mux_inst/theshold_calculator_inst/r_threshold_value0/P[16]
                         net (fo=1, routed)           0.758    14.747    pm_top_mux_inst/theshold_calculator_inst/r_threshold_value0_n_89
    SLICE_X95Y119        FDRE                                         r  pm_top_mux_inst/theshold_calculator_inst/r_threshold_value_reg[16]/D
  -------------------------------------------------------------------    -------------------

                         (clock clk_fpga_0 rise edge)
                                                      0.000     0.000 r  
    PS7_X0Y0             PS7                          0.000     0.000 r  comblock_setup_wrapper_inst/comblock_setup_i/processing_system7_0/inst/PS7_i/FCLKCLK[0]
                         net (fo=1, routed)           1.088     1.088    comblock_setup_wrapper_inst/comblock_setup_i/processing_system7_0/inst/FCLK_CLK_unbuffered[0]
    BUFGCTRL_X0Y16       BUFG (Prop_bufg_I_O)         0.091     1.179 r  comblock_setup_wrapper_inst/comblock_setup_i/processing_system7_0/inst/buffer_fclk_clk_0.FCLK_CLK_0_BUFG/O
                         net (fo=31598, routed)       1.771     2.950    pm_top_mux_inst/theshold_calculator_inst/PS_CLOCK0
    SLICE_X95Y119        FDRE                                         r  pm_top_mux_inst/theshold_calculator_inst/r_threshold_value_reg[16]/C

Slack:                    inf
  Source:                 pm_top_mux_inst/theshold_calculator_inst/r_threshold_value1__1/ACOUT[29]
                            (internal pin)
  Destination:            pm_top_mux_inst/theshold_calculator_inst/r_threshold_value_reg[11]/D
                            (rising edge-triggered cell FDRE clocked by clk_fpga_0  {rise@0.000ns fall@12.500ns period=25.000ns})
  Path Group:             (none)
  Path Type:              Setup (Max at Slow Process Corner)
  Data Path Delay:        14.747ns  (logic 10.398ns (70.511%)  route 4.349ns (29.489%))
  Logic Levels:           18  (CARRY4=14 DSP48E1=2 LUT3=1 LUT4=1)
  Clock Uncertainty:      0.376ns  ((TSJ^2 + TIJ^2)^1/2 + DJ) / 2 + PE
    Total System Jitter     (TSJ):    0.050ns
    Total Input Jitter      (TIJ):    0.750ns
    Discrete Jitter          (DJ):    0.000ns
    Phase Error              (PE):    0.000ns

    Location             Delay type                Incr(ns)  Path(ns)    Netlist Resource(s)
  -------------------------------------------------------------------    -------------------
    DSP48_X4Y55          DSP48E1                      0.000     0.000 r  pm_top_mux_inst/theshold_calculator_inst/r_threshold_value1__1/ACOUT[29]
                         net (fo=1, routed)           0.002     0.002    pm_top_mux_inst/theshold_calculator_inst/r_threshold_value1__1_n_24
    DSP48_X4Y56          DSP48E1 (Prop_dsp48e1_ACIN[29]_P[2])
                                                      3.639     3.641 r  pm_top_mux_inst/theshold_calculator_inst/r_threshold_value1__2/P[2]
                         net (fo=2, routed)           1.742     5.383    pm_top_mux_inst/theshold_calculator_inst/r_threshold_value1__2_n_103
    SLICE_X102Y121       LUT3 (Prop_lut3_I1_O)        0.148     5.531 r  pm_top_mux_inst/theshold_calculator_inst/r_threshold_value0__1_i_23/O
                         net (fo=2, routed)           0.490     6.021    pm_top_mux_inst/theshold_calculator_inst/r_threshold_value1_1[1]
    SLICE_X102Y121       LUT4 (Prop_lut4_I3_O)        0.328     6.349 r  pm_top_mux_inst/theshold_calculator_inst/r_threshold_value0__1_i_27/O
                         net (fo=1, routed)           0.000     6.349    pm_top_mux_inst_n_286
    SLICE_X102Y121       CARRY4 (Prop_carry4_S[1]_CO[3])
                                                      0.533     6.882 r  theshold_calculator_inst/r_threshold_value0__1_i_3/CO[3]
                         net (fo=1, routed)           0.000     6.882    theshold_calculator_inst/r_threshold_value0__1_i_3_n_0
    SLICE_X102Y122       CARRY4 (Prop_carry4_CI_CO[3])
                                                      0.117     6.999 r  theshold_calculator_inst/r_threshold_value0__1_i_2/CO[3]
                         net (fo=1, routed)           0.000     6.999    theshold_calculator_inst/r_threshold_value0__1_i_2_n_0
    SLICE_X102Y123       CARRY4 (Prop_carry4_CI_CO[3])
                                                      0.117     7.116 r  theshold_calculator_inst/r_threshold_value0__1_i_1/CO[3]
                         net (fo=1, routed)           0.000     7.116    theshold_calculator_inst/r_threshold_value0__1_i_1_n_0
    SLICE_X102Y124       CARRY4 (Prop_carry4_CI_CO[3])
                                                      0.117     7.233 r  theshold_calculator_inst/r_threshold_value0__0_i_5/CO[3]
                         net (fo=1, routed)           0.009     7.242    theshold_calculator_inst/r_threshold_value0__0_i_5_n_0
    SLICE_X102Y125       CARRY4 (Prop_carry4_CI_CO[3])
                                                      0.117     7.359 r  theshold_calculator_inst/r_threshold_value0__0_i_4/CO[3]
                         net (fo=1, routed)           0.000     7.359    theshold_calculator_inst/r_threshold_value0__0_i_4_n_0
    SLICE_X102Y126       CARRY4 (Prop_carry4_CI_CO[3])
                                                      0.117     7.476 r  theshold_calculator_inst/r_threshold_value0__0_i_3/CO[3]
                         net (fo=1, routed)           0.000     7.476    theshold_calculator_inst/r_threshold_value0__0_i_3_n_0
    SLICE_X102Y127       CARRY4 (Prop_carry4_CI_CO[3])
                                                      0.117     7.593 r  theshold_calculator_inst/r_threshold_value0__0_i_2/CO[3]
                         net (fo=1, routed)           0.000     7.593    theshold_calculator_inst/r_threshold_value0__0_i_2_n_0
    SLICE_X102Y128       CARRY4 (Prop_carry4_CI_CO[3])
                                                      0.117     7.710 r  theshold_calculator_inst/r_threshold_value0__0_i_1/CO[3]
                         net (fo=1, routed)           0.000     7.710    theshold_calculator_inst/r_threshold_value0__0_i_1_n_0
    SLICE_X102Y129       CARRY4 (Prop_carry4_CI_CO[3])
                                                      0.117     7.827 r  theshold_calculator_inst/r_threshold_value0_i_6/CO[3]
                         net (fo=1, routed)           0.000     7.827    theshold_calculator_inst/r_threshold_value0_i_6_n_0
    SLICE_X102Y130       CARRY4 (Prop_carry4_CI_CO[3])
                                                      0.117     7.944 r  theshold_calculator_inst/r_threshold_value0_i_5/CO[3]
                         net (fo=1, routed)           0.000     7.944    theshold_calculator_inst/r_threshold_value0_i_5_n_0
    SLICE_X102Y131       CARRY4 (Prop_carry4_CI_CO[3])
                                                      0.117     8.061 r  theshold_calculator_inst/r_threshold_value0_i_4/CO[3]
                         net (fo=1, routed)           0.000     8.061    theshold_calculator_inst/r_threshold_value0_i_4_n_0
    SLICE_X102Y132       CARRY4 (Prop_carry4_CI_CO[3])
                                                      0.117     8.178 r  theshold_calculator_inst/r_threshold_value0_i_3/CO[3]
                         net (fo=1, routed)           0.000     8.178    theshold_calculator_inst/r_threshold_value0_i_3_n_0
    SLICE_X102Y133       CARRY4 (Prop_carry4_CI_CO[3])
                                                      0.117     8.295 r  theshold_calculator_inst/r_threshold_value0_i_2/CO[3]
                         net (fo=1, routed)           0.000     8.295    pm_top_mux_inst/theshold_calculator_inst/r_threshold_value_reg_0[0]
    SLICE_X102Y134       CARRY4 (Prop_carry4_CI_O[1])
                                                      0.323     8.618 r  pm_top_mux_inst/theshold_calculator_inst/r_threshold_value0_i_1/O[1]
                         net (fo=18, routed)          1.347     9.965    pm_top_mux_inst/theshold_calculator_inst/r_threshold_value0_i_1_n_6
    DSP48_X3Y46          DSP48E1 (Prop_dsp48e1_A[25]_P[11])
                                                      4.023    13.988 r  pm_top_mux_inst/theshold_calculator_inst/r_threshold_value0/P[11]
                         net (fo=1, routed)           0.758    14.747    pm_top_mux_inst/theshold_calculator_inst/r_threshold_value0_n_94
    SLICE_X95Y117        FDRE                                         r  pm_top_mux_inst/theshold_calculator_inst/r_threshold_value_reg[11]/D
  -------------------------------------------------------------------    -------------------

                         (clock clk_fpga_0 rise edge)
                                                      0.000     0.000 r  
    PS7_X0Y0             PS7                          0.000     0.000 r  comblock_setup_wrapper_inst/comblock_setup_i/processing_system7_0/inst/PS7_i/FCLKCLK[0]
                         net (fo=1, routed)           1.088     1.088    comblock_setup_wrapper_inst/comblock_setup_i/processing_system7_0/inst/FCLK_CLK_unbuffered[0]
    BUFGCTRL_X0Y16       BUFG (Prop_bufg_I_O)         0.091     1.179 r  comblock_setup_wrapper_inst/comblock_setup_i/processing_system7_0/inst/buffer_fclk_clk_0.FCLK_CLK_0_BUFG/O
                         net (fo=31598, routed)       1.774     2.953    pm_top_mux_inst/theshold_calculator_inst/PS_CLOCK0
    SLICE_X95Y117        FDRE                                         r  pm_top_mux_inst/theshold_calculator_inst/r_threshold_value_reg[11]/C

Slack:                    inf
  Source:                 pm_top_mux_inst/theshold_calculator_inst/r_threshold_value1__1/ACOUT[29]
                            (internal pin)
  Destination:            pm_top_mux_inst/theshold_calculator_inst/r_threshold_value_reg[12]/D
                            (rising edge-triggered cell FDRE clocked by clk_fpga_0  {rise@0.000ns fall@12.500ns period=25.000ns})
  Path Group:             (none)
  Path Type:              Setup (Max at Slow Process Corner)
  Data Path Delay:        14.743ns  (logic 10.398ns (70.530%)  route 4.345ns (29.470%))
  Logic Levels:           18  (CARRY4=14 DSP48E1=2 LUT3=1 LUT4=1)
  Clock Uncertainty:      0.376ns  ((TSJ^2 + TIJ^2)^1/2 + DJ) / 2 + PE
    Total System Jitter     (TSJ):    0.050ns
    Total Input Jitter      (TIJ):    0.750ns
    Discrete Jitter          (DJ):    0.000ns
    Phase Error              (PE):    0.000ns

    Location             Delay type                Incr(ns)  Path(ns)    Netlist Resource(s)
  -------------------------------------------------------------------    -------------------
    DSP48_X4Y55          DSP48E1                      0.000     0.000 r  pm_top_mux_inst/theshold_calculator_inst/r_threshold_value1__1/ACOUT[29]
                         net (fo=1, routed)           0.002     0.002    pm_top_mux_inst/theshold_calculator_inst/r_threshold_value1__1_n_24
    DSP48_X4Y56          DSP48E1 (Prop_dsp48e1_ACIN[29]_P[2])
                                                      3.639     3.641 r  pm_top_mux_inst/theshold_calculator_inst/r_threshold_value1__2/P[2]
                         net (fo=2, routed)           1.742     5.383    pm_top_mux_inst/theshold_calculator_inst/r_threshold_value1__2_n_103
    SLICE_X102Y121       LUT3 (Prop_lut3_I1_O)        0.148     5.531 r  pm_top_mux_inst/theshold_calculator_inst/r_threshold_value0__1_i_23/O
                         net (fo=2, routed)           0.490     6.021    pm_top_mux_inst/theshold_calculator_inst/r_threshold_value1_1[1]
    SLICE_X102Y121       LUT4 (Prop_lut4_I3_O)        0.328     6.349 r  pm_top_mux_inst/theshold_calculator_inst/r_threshold_value0__1_i_27/O
                         net (fo=1, routed)           0.000     6.349    pm_top_mux_inst_n_286
    SLICE_X102Y121       CARRY4 (Prop_carry4_S[1]_CO[3])
                                                      0.533     6.882 r  theshold_calculator_inst/r_threshold_value0__1_i_3/CO[3]
                         net (fo=1, routed)           0.000     6.882    theshold_calculator_inst/r_threshold_value0__1_i_3_n_0
    SLICE_X102Y122       CARRY4 (Prop_carry4_CI_CO[3])
                                                      0.117     6.999 r  theshold_calculator_inst/r_threshold_value0__1_i_2/CO[3]
                         net (fo=1, routed)           0.000     6.999    theshold_calculator_inst/r_threshold_value0__1_i_2_n_0
    SLICE_X102Y123       CARRY4 (Prop_carry4_CI_CO[3])
                                                      0.117     7.116 r  theshold_calculator_inst/r_threshold_value0__1_i_1/CO[3]
                         net (fo=1, routed)           0.000     7.116    theshold_calculator_inst/r_threshold_value0__1_i_1_n_0
    SLICE_X102Y124       CARRY4 (Prop_carry4_CI_CO[3])
                                                      0.117     7.233 r  theshold_calculator_inst/r_threshold_value0__0_i_5/CO[3]
                         net (fo=1, routed)           0.009     7.242    theshold_calculator_inst/r_threshold_value0__0_i_5_n_0
    SLICE_X102Y125       CARRY4 (Prop_carry4_CI_CO[3])
                                                      0.117     7.359 r  theshold_calculator_inst/r_threshold_value0__0_i_4/CO[3]
                         net (fo=1, routed)           0.000     7.359    theshold_calculator_inst/r_threshold_value0__0_i_4_n_0
    SLICE_X102Y126       CARRY4 (Prop_carry4_CI_CO[3])
                                                      0.117     7.476 r  theshold_calculator_inst/r_threshold_value0__0_i_3/CO[3]
                         net (fo=1, routed)           0.000     7.476    theshold_calculator_inst/r_threshold_value0__0_i_3_n_0
    SLICE_X102Y127       CARRY4 (Prop_carry4_CI_CO[3])
                                                      0.117     7.593 r  theshold_calculator_inst/r_threshold_value0__0_i_2/CO[3]
                         net (fo=1, routed)           0.000     7.593    theshold_calculator_inst/r_threshold_value0__0_i_2_n_0
    SLICE_X102Y128       CARRY4 (Prop_carry4_CI_CO[3])
                                                      0.117     7.710 r  theshold_calculator_inst/r_threshold_value0__0_i_1/CO[3]
                         net (fo=1, routed)           0.000     7.710    theshold_calculator_inst/r_threshold_value0__0_i_1_n_0
    SLICE_X102Y129       CARRY4 (Prop_carry4_CI_CO[3])
                                                      0.117     7.827 r  theshold_calculator_inst/r_threshold_value0_i_6/CO[3]
                         net (fo=1, routed)           0.000     7.827    theshold_calculator_inst/r_threshold_value0_i_6_n_0
    SLICE_X102Y130       CARRY4 (Prop_carry4_CI_CO[3])
                                                      0.117     7.944 r  theshold_calculator_inst/r_threshold_value0_i_5/CO[3]
                         net (fo=1, routed)           0.000     7.944    theshold_calculator_inst/r_threshold_value0_i_5_n_0
    SLICE_X102Y131       CARRY4 (Prop_carry4_CI_CO[3])
                                                      0.117     8.061 r  theshold_calculator_inst/r_threshold_value0_i_4/CO[3]
                         net (fo=1, routed)           0.000     8.061    theshold_calculator_inst/r_threshold_value0_i_4_n_0
    SLICE_X102Y132       CARRY4 (Prop_carry4_CI_CO[3])
                                                      0.117     8.178 r  theshold_calculator_inst/r_threshold_value0_i_3/CO[3]
                         net (fo=1, routed)           0.000     8.178    theshold_calculator_inst/r_threshold_value0_i_3_n_0
    SLICE_X102Y133       CARRY4 (Prop_carry4_CI_CO[3])
                                                      0.117     8.295 r  theshold_calculator_inst/r_threshold_value0_i_2/CO[3]
                         net (fo=1, routed)           0.000     8.295    pm_top_mux_inst/theshold_calculator_inst/r_threshold_value_reg_0[0]
    SLICE_X102Y134       CARRY4 (Prop_carry4_CI_O[1])
                                                      0.323     8.618 r  pm_top_mux_inst/theshold_calculator_inst/r_threshold_value0_i_1/O[1]
                         net (fo=18, routed)          1.347     9.965    pm_top_mux_inst/theshold_calculator_inst/r_threshold_value0_i_1_n_6
    DSP48_X3Y46          DSP48E1 (Prop_dsp48e1_A[25]_P[12])
                                                      4.023    13.988 r  pm_top_mux_inst/theshold_calculator_inst/r_threshold_value0/P[12]
                         net (fo=1, routed)           0.754    14.743    pm_top_mux_inst/theshold_calculator_inst/r_threshold_value0_n_93
    SLICE_X95Y118        FDRE                                         r  pm_top_mux_inst/theshold_calculator_inst/r_threshold_value_reg[12]/D
  -------------------------------------------------------------------    -------------------

                         (clock clk_fpga_0 rise edge)
                                                      0.000     0.000 r  
    PS7_X0Y0             PS7                          0.000     0.000 r  comblock_setup_wrapper_inst/comblock_setup_i/processing_system7_0/inst/PS7_i/FCLKCLK[0]
                         net (fo=1, routed)           1.088     1.088    comblock_setup_wrapper_inst/comblock_setup_i/processing_system7_0/inst/FCLK_CLK_unbuffered[0]
    BUFGCTRL_X0Y16       BUFG (Prop_bufg_I_O)         0.091     1.179 r  comblock_setup_wrapper_inst/comblock_setup_i/processing_system7_0/inst/buffer_fclk_clk_0.FCLK_CLK_0_BUFG/O
                         net (fo=31598, routed)       1.772     2.951    pm_top_mux_inst/theshold_calculator_inst/PS_CLOCK0
    SLICE_X95Y118        FDRE                                         r  pm_top_mux_inst/theshold_calculator_inst/r_threshold_value_reg[12]/C

Slack:                    inf
  Source:                 pm_top_mux_inst/theshold_calculator_inst/r_threshold_value1__1/ACOUT[29]
                            (internal pin)
  Destination:            pm_top_mux_inst/theshold_calculator_inst/r_threshold_value_reg[2]/D
                            (rising edge-triggered cell FDRE clocked by clk_fpga_0  {rise@0.000ns fall@12.500ns period=25.000ns})
  Path Group:             (none)
  Path Type:              Setup (Max at Slow Process Corner)
  Data Path Delay:        14.742ns  (logic 10.398ns (70.534%)  route 4.344ns (29.466%))
  Logic Levels:           18  (CARRY4=14 DSP48E1=2 LUT3=1 LUT4=1)
  Clock Uncertainty:      0.376ns  ((TSJ^2 + TIJ^2)^1/2 + DJ) / 2 + PE
    Total System Jitter     (TSJ):    0.050ns
    Total Input Jitter      (TIJ):    0.750ns
    Discrete Jitter          (DJ):    0.000ns
    Phase Error              (PE):    0.000ns

    Location             Delay type                Incr(ns)  Path(ns)    Netlist Resource(s)
  -------------------------------------------------------------------    -------------------
    DSP48_X4Y55          DSP48E1                      0.000     0.000 r  pm_top_mux_inst/theshold_calculator_inst/r_threshold_value1__1/ACOUT[29]
                         net (fo=1, routed)           0.002     0.002    pm_top_mux_inst/theshold_calculator_inst/r_threshold_value1__1_n_24
    DSP48_X4Y56          DSP48E1 (Prop_dsp48e1_ACIN[29]_P[2])
                                                      3.639     3.641 r  pm_top_mux_inst/theshold_calculator_inst/r_threshold_value1__2/P[2]
                         net (fo=2, routed)           1.742     5.383    pm_top_mux_inst/theshold_calculator_inst/r_threshold_value1__2_n_103
    SLICE_X102Y121       LUT3 (Prop_lut3_I1_O)        0.148     5.531 r  pm_top_mux_inst/theshold_calculator_inst/r_threshold_value0__1_i_23/O
                         net (fo=2, routed)           0.490     6.021    pm_top_mux_inst/theshold_calculator_inst/r_threshold_value1_1[1]
    SLICE_X102Y121       LUT4 (Prop_lut4_I3_O)        0.328     6.349 r  pm_top_mux_inst/theshold_calculator_inst/r_threshold_value0__1_i_27/O
                         net (fo=1, routed)           0.000     6.349    pm_top_mux_inst_n_286
    SLICE_X102Y121       CARRY4 (Prop_carry4_S[1]_CO[3])
                                                      0.533     6.882 r  theshold_calculator_inst/r_threshold_value0__1_i_3/CO[3]
                         net (fo=1, routed)           0.000     6.882    theshold_calculator_inst/r_threshold_value0__1_i_3_n_0
    SLICE_X102Y122       CARRY4 (Prop_carry4_CI_CO[3])
                                                      0.117     6.999 r  theshold_calculator_inst/r_threshold_value0__1_i_2/CO[3]
                         net (fo=1, routed)           0.000     6.999    theshold_calculator_inst/r_threshold_value0__1_i_2_n_0
    SLICE_X102Y123       CARRY4 (Prop_carry4_CI_CO[3])
                                                      0.117     7.116 r  theshold_calculator_inst/r_threshold_value0__1_i_1/CO[3]
                         net (fo=1, routed)           0.000     7.116    theshold_calculator_inst/r_threshold_value0__1_i_1_n_0
    SLICE_X102Y124       CARRY4 (Prop_carry4_CI_CO[3])
                                                      0.117     7.233 r  theshold_calculator_inst/r_threshold_value0__0_i_5/CO[3]
                         net (fo=1, routed)           0.009     7.242    theshold_calculator_inst/r_threshold_value0__0_i_5_n_0
    SLICE_X102Y125       CARRY4 (Prop_carry4_CI_CO[3])
                                                      0.117     7.359 r  theshold_calculator_inst/r_threshold_value0__0_i_4/CO[3]
                         net (fo=1, routed)           0.000     7.359    theshold_calculator_inst/r_threshold_value0__0_i_4_n_0
    SLICE_X102Y126       CARRY4 (Prop_carry4_CI_CO[3])
                                                      0.117     7.476 r  theshold_calculator_inst/r_threshold_value0__0_i_3/CO[3]
                         net (fo=1, routed)           0.000     7.476    theshold_calculator_inst/r_threshold_value0__0_i_3_n_0
    SLICE_X102Y127       CARRY4 (Prop_carry4_CI_CO[3])
                                                      0.117     7.593 r  theshold_calculator_inst/r_threshold_value0__0_i_2/CO[3]
                         net (fo=1, routed)           0.000     7.593    theshold_calculator_inst/r_threshold_value0__0_i_2_n_0
    SLICE_X102Y128       CARRY4 (Prop_carry4_CI_CO[3])
                                                      0.117     7.710 r  theshold_calculator_inst/r_threshold_value0__0_i_1/CO[3]
                         net (fo=1, routed)           0.000     7.710    theshold_calculator_inst/r_threshold_value0__0_i_1_n_0
    SLICE_X102Y129       CARRY4 (Prop_carry4_CI_CO[3])
                                                      0.117     7.827 r  theshold_calculator_inst/r_threshold_value0_i_6/CO[3]
                         net (fo=1, routed)           0.000     7.827    theshold_calculator_inst/r_threshold_value0_i_6_n_0
    SLICE_X102Y130       CARRY4 (Prop_carry4_CI_CO[3])
                                                      0.117     7.944 r  theshold_calculator_inst/r_threshold_value0_i_5/CO[3]
                         net (fo=1, routed)           0.000     7.944    theshold_calculator_inst/r_threshold_value0_i_5_n_0
    SLICE_X102Y131       CARRY4 (Prop_carry4_CI_CO[3])
                                                      0.117     8.061 r  theshold_calculator_inst/r_threshold_value0_i_4/CO[3]
                         net (fo=1, routed)           0.000     8.061    theshold_calculator_inst/r_threshold_value0_i_4_n_0
    SLICE_X102Y132       CARRY4 (Prop_carry4_CI_CO[3])
                                                      0.117     8.178 r  theshold_calculator_inst/r_threshold_value0_i_3/CO[3]
                         net (fo=1, routed)           0.000     8.178    theshold_calculator_inst/r_threshold_value0_i_3_n_0
    SLICE_X102Y133       CARRY4 (Prop_carry4_CI_CO[3])
                                                      0.117     8.295 r  theshold_calculator_inst/r_threshold_value0_i_2/CO[3]
                         net (fo=1, routed)           0.000     8.295    pm_top_mux_inst/theshold_calculator_inst/r_threshold_value_reg_0[0]
    SLICE_X102Y134       CARRY4 (Prop_carry4_CI_O[1])
                                                      0.323     8.618 r  pm_top_mux_inst/theshold_calculator_inst/r_threshold_value0_i_1/O[1]
                         net (fo=18, routed)          1.347     9.965    pm_top_mux_inst/theshold_calculator_inst/r_threshold_value0_i_1_n_6
    DSP48_X3Y46          DSP48E1 (Prop_dsp48e1_A[25]_P[2])
                                                      4.023    13.988 r  pm_top_mux_inst/theshold_calculator_inst/r_threshold_value0/P[2]
                         net (fo=1, routed)           0.753    14.742    pm_top_mux_inst/theshold_calculator_inst/r_threshold_value0_n_103
    SLICE_X95Y116        FDRE                                         r  pm_top_mux_inst/theshold_calculator_inst/r_threshold_value_reg[2]/D
  -------------------------------------------------------------------    -------------------

                         (clock clk_fpga_0 rise edge)
                                                      0.000     0.000 r  
    PS7_X0Y0             PS7                          0.000     0.000 r  comblock_setup_wrapper_inst/comblock_setup_i/processing_system7_0/inst/PS7_i/FCLKCLK[0]
                         net (fo=1, routed)           1.088     1.088    comblock_setup_wrapper_inst/comblock_setup_i/processing_system7_0/inst/FCLK_CLK_unbuffered[0]
    BUFGCTRL_X0Y16       BUFG (Prop_bufg_I_O)         0.091     1.179 r  comblock_setup_wrapper_inst/comblock_setup_i/processing_system7_0/inst/buffer_fclk_clk_0.FCLK_CLK_0_BUFG/O
                         net (fo=31598, routed)       1.775     2.954    pm_top_mux_inst/theshold_calculator_inst/PS_CLOCK0
    SLICE_X95Y116        FDRE                                         r  pm_top_mux_inst/theshold_calculator_inst/r_threshold_value_reg[2]/C





Min Delay Paths
--------------------------------------------------------------------------------------
Slack:                    inf
  Source:                 pm_top_mux_inst/scd_estimator_inst/pm_first_stage_wrap_inst/input_window_imag/p_0_out__0/ACOUT[0]
                            (internal pin)
  Destination:            pm_top_mux_inst/scd_estimator_inst/pm_first_stage_wrap_inst/input_window_imag/p_0_out__1/ACIN[0]
                            (rising edge-triggered cell DSP48E1 clocked by clk_fpga_0  {rise@0.000ns fall@12.500ns period=25.000ns})
  Path Group:             (none)
  Path Type:              Hold (Min at Slow Process Corner)
  Data Path Delay:        0.002ns  (logic 0.000ns (0.000%)  route 0.002ns (100.000%))
  Logic Levels:           0  
  Clock Uncertainty:      0.376ns  ((TSJ^2 + TIJ^2)^1/2 + DJ) / 2 + PE
    Total System Jitter     (TSJ):    0.050ns
    Total Input Jitter      (TIJ):    0.750ns
    Discrete Jitter          (DJ):    0.000ns
    Phase Error              (PE):    0.000ns

    Location             Delay type                Incr(ns)  Path(ns)    Netlist Resource(s)
  -------------------------------------------------------------------    -------------------
    DSP48_X4Y20          DSP48E1                      0.000     0.000 r  pm_top_mux_inst/scd_estimator_inst/pm_first_stage_wrap_inst/input_window_imag/p_0_out__0/ACOUT[0]
                         net (fo=1, routed)           0.002     0.002    pm_top_mux_inst/scd_estimator_inst/pm_first_stage_wrap_inst/input_window_imag/p_0_out__0_n_53
    DSP48_X4Y21          DSP48E1                                      r  pm_top_mux_inst/scd_estimator_inst/pm_first_stage_wrap_inst/input_window_imag/p_0_out__1/ACIN[0]
  -------------------------------------------------------------------    -------------------

                         (clock clk_fpga_0 rise edge)
                                                      0.000     0.000 r  
    PS7_X0Y0             PS7                          0.000     0.000 r  comblock_setup_wrapper_inst/comblock_setup_i/processing_system7_0/inst/PS7_i/FCLKCLK[0]
                         net (fo=1, routed)           1.193     1.193    comblock_setup_wrapper_inst/comblock_setup_i/processing_system7_0/inst/FCLK_CLK_unbuffered[0]
    BUFGCTRL_X0Y16       BUFG (Prop_bufg_I_O)         0.101     1.294 r  comblock_setup_wrapper_inst/comblock_setup_i/processing_system7_0/inst/buffer_fclk_clk_0.FCLK_CLK_0_BUFG/O
                         net (fo=31598, routed)       1.875     3.169    pm_top_mux_inst/scd_estimator_inst/pm_first_stage_wrap_inst/input_window_imag/PS_CLOCK0
    DSP48_X4Y21          DSP48E1                                      r  pm_top_mux_inst/scd_estimator_inst/pm_first_stage_wrap_inst/input_window_imag/p_0_out__1/CLK

Slack:                    inf
  Source:                 pm_top_mux_inst/scd_estimator_inst/pm_first_stage_wrap_inst/input_window_imag/p_0_out__0/ACOUT[10]
                            (internal pin)
  Destination:            pm_top_mux_inst/scd_estimator_inst/pm_first_stage_wrap_inst/input_window_imag/p_0_out__1/ACIN[10]
                            (rising edge-triggered cell DSP48E1 clocked by clk_fpga_0  {rise@0.000ns fall@12.500ns period=25.000ns})
  Path Group:             (none)
  Path Type:              Hold (Min at Slow Process Corner)
  Data Path Delay:        0.002ns  (logic 0.000ns (0.000%)  route 0.002ns (100.000%))
  Logic Levels:           0  
  Clock Uncertainty:      0.376ns  ((TSJ^2 + TIJ^2)^1/2 + DJ) / 2 + PE
    Total System Jitter     (TSJ):    0.050ns
    Total Input Jitter      (TIJ):    0.750ns
    Discrete Jitter          (DJ):    0.000ns
    Phase Error              (PE):    0.000ns

    Location             Delay type                Incr(ns)  Path(ns)    Netlist Resource(s)
  -------------------------------------------------------------------    -------------------
    DSP48_X4Y20          DSP48E1                      0.000     0.000 r  pm_top_mux_inst/scd_estimator_inst/pm_first_stage_wrap_inst/input_window_imag/p_0_out__0/ACOUT[10]
                         net (fo=1, routed)           0.002     0.002    pm_top_mux_inst/scd_estimator_inst/pm_first_stage_wrap_inst/input_window_imag/p_0_out__0_n_43
    DSP48_X4Y21          DSP48E1                                      r  pm_top_mux_inst/scd_estimator_inst/pm_first_stage_wrap_inst/input_window_imag/p_0_out__1/ACIN[10]
  -------------------------------------------------------------------    -------------------

                         (clock clk_fpga_0 rise edge)
                                                      0.000     0.000 r  
    PS7_X0Y0             PS7                          0.000     0.000 r  comblock_setup_wrapper_inst/comblock_setup_i/processing_system7_0/inst/PS7_i/FCLKCLK[0]
                         net (fo=1, routed)           1.193     1.193    comblock_setup_wrapper_inst/comblock_setup_i/processing_system7_0/inst/FCLK_CLK_unbuffered[0]
    BUFGCTRL_X0Y16       BUFG (Prop_bufg_I_O)         0.101     1.294 r  comblock_setup_wrapper_inst/comblock_setup_i/processing_system7_0/inst/buffer_fclk_clk_0.FCLK_CLK_0_BUFG/O
                         net (fo=31598, routed)       1.875     3.169    pm_top_mux_inst/scd_estimator_inst/pm_first_stage_wrap_inst/input_window_imag/PS_CLOCK0
    DSP48_X4Y21          DSP48E1                                      r  pm_top_mux_inst/scd_estimator_inst/pm_first_stage_wrap_inst/input_window_imag/p_0_out__1/CLK

Slack:                    inf
  Source:                 pm_top_mux_inst/scd_estimator_inst/pm_first_stage_wrap_inst/input_window_imag/p_0_out__0/ACOUT[11]
                            (internal pin)
  Destination:            pm_top_mux_inst/scd_estimator_inst/pm_first_stage_wrap_inst/input_window_imag/p_0_out__1/ACIN[11]
                            (rising edge-triggered cell DSP48E1 clocked by clk_fpga_0  {rise@0.000ns fall@12.500ns period=25.000ns})
  Path Group:             (none)
  Path Type:              Hold (Min at Slow Process Corner)
  Data Path Delay:        0.002ns  (logic 0.000ns (0.000%)  route 0.002ns (100.000%))
  Logic Levels:           0  
  Clock Uncertainty:      0.376ns  ((TSJ^2 + TIJ^2)^1/2 + DJ) / 2 + PE
    Total System Jitter     (TSJ):    0.050ns
    Total Input Jitter      (TIJ):    0.750ns
    Discrete Jitter          (DJ):    0.000ns
    Phase Error              (PE):    0.000ns

    Location             Delay type                Incr(ns)  Path(ns)    Netlist Resource(s)
  -------------------------------------------------------------------    -------------------
    DSP48_X4Y20          DSP48E1                      0.000     0.000 r  pm_top_mux_inst/scd_estimator_inst/pm_first_stage_wrap_inst/input_window_imag/p_0_out__0/ACOUT[11]
                         net (fo=1, routed)           0.002     0.002    pm_top_mux_inst/scd_estimator_inst/pm_first_stage_wrap_inst/input_window_imag/p_0_out__0_n_42
    DSP48_X4Y21          DSP48E1                                      r  pm_top_mux_inst/scd_estimator_inst/pm_first_stage_wrap_inst/input_window_imag/p_0_out__1/ACIN[11]
  -------------------------------------------------------------------    -------------------

                         (clock clk_fpga_0 rise edge)
                                                      0.000     0.000 r  
    PS7_X0Y0             PS7                          0.000     0.000 r  comblock_setup_wrapper_inst/comblock_setup_i/processing_system7_0/inst/PS7_i/FCLKCLK[0]
                         net (fo=1, routed)           1.193     1.193    comblock_setup_wrapper_inst/comblock_setup_i/processing_system7_0/inst/FCLK_CLK_unbuffered[0]
    BUFGCTRL_X0Y16       BUFG (Prop_bufg_I_O)         0.101     1.294 r  comblock_setup_wrapper_inst/comblock_setup_i/processing_system7_0/inst/buffer_fclk_clk_0.FCLK_CLK_0_BUFG/O
                         net (fo=31598, routed)       1.875     3.169    pm_top_mux_inst/scd_estimator_inst/pm_first_stage_wrap_inst/input_window_imag/PS_CLOCK0
    DSP48_X4Y21          DSP48E1                                      r  pm_top_mux_inst/scd_estimator_inst/pm_first_stage_wrap_inst/input_window_imag/p_0_out__1/CLK

Slack:                    inf
  Source:                 pm_top_mux_inst/scd_estimator_inst/pm_first_stage_wrap_inst/input_window_imag/p_0_out__0/ACOUT[12]
                            (internal pin)
  Destination:            pm_top_mux_inst/scd_estimator_inst/pm_first_stage_wrap_inst/input_window_imag/p_0_out__1/ACIN[12]
                            (rising edge-triggered cell DSP48E1 clocked by clk_fpga_0  {rise@0.000ns fall@12.500ns period=25.000ns})
  Path Group:             (none)
  Path Type:              Hold (Min at Slow Process Corner)
  Data Path Delay:        0.002ns  (logic 0.000ns (0.000%)  route 0.002ns (100.000%))
  Logic Levels:           0  
  Clock Uncertainty:      0.376ns  ((TSJ^2 + TIJ^2)^1/2 + DJ) / 2 + PE
    Total System Jitter     (TSJ):    0.050ns
    Total Input Jitter      (TIJ):    0.750ns
    Discrete Jitter          (DJ):    0.000ns
    Phase Error              (PE):    0.000ns

    Location             Delay type                Incr(ns)  Path(ns)    Netlist Resource(s)
  -------------------------------------------------------------------    -------------------
    DSP48_X4Y20          DSP48E1                      0.000     0.000 r  pm_top_mux_inst/scd_estimator_inst/pm_first_stage_wrap_inst/input_window_imag/p_0_out__0/ACOUT[12]
                         net (fo=1, routed)           0.002     0.002    pm_top_mux_inst/scd_estimator_inst/pm_first_stage_wrap_inst/input_window_imag/p_0_out__0_n_41
    DSP48_X4Y21          DSP48E1                                      r  pm_top_mux_inst/scd_estimator_inst/pm_first_stage_wrap_inst/input_window_imag/p_0_out__1/ACIN[12]
  -------------------------------------------------------------------    -------------------

                         (clock clk_fpga_0 rise edge)
                                                      0.000     0.000 r  
    PS7_X0Y0             PS7                          0.000     0.000 r  comblock_setup_wrapper_inst/comblock_setup_i/processing_system7_0/inst/PS7_i/FCLKCLK[0]
                         net (fo=1, routed)           1.193     1.193    comblock_setup_wrapper_inst/comblock_setup_i/processing_system7_0/inst/FCLK_CLK_unbuffered[0]
    BUFGCTRL_X0Y16       BUFG (Prop_bufg_I_O)         0.101     1.294 r  comblock_setup_wrapper_inst/comblock_setup_i/processing_system7_0/inst/buffer_fclk_clk_0.FCLK_CLK_0_BUFG/O
                         net (fo=31598, routed)       1.875     3.169    pm_top_mux_inst/scd_estimator_inst/pm_first_stage_wrap_inst/input_window_imag/PS_CLOCK0
    DSP48_X4Y21          DSP48E1                                      r  pm_top_mux_inst/scd_estimator_inst/pm_first_stage_wrap_inst/input_window_imag/p_0_out__1/CLK

Slack:                    inf
  Source:                 pm_top_mux_inst/scd_estimator_inst/pm_first_stage_wrap_inst/input_window_imag/p_0_out__0/ACOUT[13]
                            (internal pin)
  Destination:            pm_top_mux_inst/scd_estimator_inst/pm_first_stage_wrap_inst/input_window_imag/p_0_out__1/ACIN[13]
                            (rising edge-triggered cell DSP48E1 clocked by clk_fpga_0  {rise@0.000ns fall@12.500ns period=25.000ns})
  Path Group:             (none)
  Path Type:              Hold (Min at Slow Process Corner)
  Data Path Delay:        0.002ns  (logic 0.000ns (0.000%)  route 0.002ns (100.000%))
  Logic Levels:           0  
  Clock Uncertainty:      0.376ns  ((TSJ^2 + TIJ^2)^1/2 + DJ) / 2 + PE
    Total System Jitter     (TSJ):    0.050ns
    Total Input Jitter      (TIJ):    0.750ns
    Discrete Jitter          (DJ):    0.000ns
    Phase Error              (PE):    0.000ns

    Location             Delay type                Incr(ns)  Path(ns)    Netlist Resource(s)
  -------------------------------------------------------------------    -------------------
    DSP48_X4Y20          DSP48E1                      0.000     0.000 r  pm_top_mux_inst/scd_estimator_inst/pm_first_stage_wrap_inst/input_window_imag/p_0_out__0/ACOUT[13]
                         net (fo=1, routed)           0.002     0.002    pm_top_mux_inst/scd_estimator_inst/pm_first_stage_wrap_inst/input_window_imag/p_0_out__0_n_40
    DSP48_X4Y21          DSP48E1                                      r  pm_top_mux_inst/scd_estimator_inst/pm_first_stage_wrap_inst/input_window_imag/p_0_out__1/ACIN[13]
  -------------------------------------------------------------------    -------------------

                         (clock clk_fpga_0 rise edge)
                                                      0.000     0.000 r  
    PS7_X0Y0             PS7                          0.000     0.000 r  comblock_setup_wrapper_inst/comblock_setup_i/processing_system7_0/inst/PS7_i/FCLKCLK[0]
                         net (fo=1, routed)           1.193     1.193    comblock_setup_wrapper_inst/comblock_setup_i/processing_system7_0/inst/FCLK_CLK_unbuffered[0]
    BUFGCTRL_X0Y16       BUFG (Prop_bufg_I_O)         0.101     1.294 r  comblock_setup_wrapper_inst/comblock_setup_i/processing_system7_0/inst/buffer_fclk_clk_0.FCLK_CLK_0_BUFG/O
                         net (fo=31598, routed)       1.875     3.169    pm_top_mux_inst/scd_estimator_inst/pm_first_stage_wrap_inst/input_window_imag/PS_CLOCK0
    DSP48_X4Y21          DSP48E1                                      r  pm_top_mux_inst/scd_estimator_inst/pm_first_stage_wrap_inst/input_window_imag/p_0_out__1/CLK

Slack:                    inf
  Source:                 pm_top_mux_inst/scd_estimator_inst/pm_first_stage_wrap_inst/input_window_imag/p_0_out__0/ACOUT[14]
                            (internal pin)
  Destination:            pm_top_mux_inst/scd_estimator_inst/pm_first_stage_wrap_inst/input_window_imag/p_0_out__1/ACIN[14]
                            (rising edge-triggered cell DSP48E1 clocked by clk_fpga_0  {rise@0.000ns fall@12.500ns period=25.000ns})
  Path Group:             (none)
  Path Type:              Hold (Min at Slow Process Corner)
  Data Path Delay:        0.002ns  (logic 0.000ns (0.000%)  route 0.002ns (100.000%))
  Logic Levels:           0  
  Clock Uncertainty:      0.376ns  ((TSJ^2 + TIJ^2)^1/2 + DJ) / 2 + PE
    Total System Jitter     (TSJ):    0.050ns
    Total Input Jitter      (TIJ):    0.750ns
    Discrete Jitter          (DJ):    0.000ns
    Phase Error              (PE):    0.000ns

    Location             Delay type                Incr(ns)  Path(ns)    Netlist Resource(s)
  -------------------------------------------------------------------    -------------------
    DSP48_X4Y20          DSP48E1                      0.000     0.000 r  pm_top_mux_inst/scd_estimator_inst/pm_first_stage_wrap_inst/input_window_imag/p_0_out__0/ACOUT[14]
                         net (fo=1, routed)           0.002     0.002    pm_top_mux_inst/scd_estimator_inst/pm_first_stage_wrap_inst/input_window_imag/p_0_out__0_n_39
    DSP48_X4Y21          DSP48E1                                      r  pm_top_mux_inst/scd_estimator_inst/pm_first_stage_wrap_inst/input_window_imag/p_0_out__1/ACIN[14]
  -------------------------------------------------------------------    -------------------

                         (clock clk_fpga_0 rise edge)
                                                      0.000     0.000 r  
    PS7_X0Y0             PS7                          0.000     0.000 r  comblock_setup_wrapper_inst/comblock_setup_i/processing_system7_0/inst/PS7_i/FCLKCLK[0]
                         net (fo=1, routed)           1.193     1.193    comblock_setup_wrapper_inst/comblock_setup_i/processing_system7_0/inst/FCLK_CLK_unbuffered[0]
    BUFGCTRL_X0Y16       BUFG (Prop_bufg_I_O)         0.101     1.294 r  comblock_setup_wrapper_inst/comblock_setup_i/processing_system7_0/inst/buffer_fclk_clk_0.FCLK_CLK_0_BUFG/O
                         net (fo=31598, routed)       1.875     3.169    pm_top_mux_inst/scd_estimator_inst/pm_first_stage_wrap_inst/input_window_imag/PS_CLOCK0
    DSP48_X4Y21          DSP48E1                                      r  pm_top_mux_inst/scd_estimator_inst/pm_first_stage_wrap_inst/input_window_imag/p_0_out__1/CLK

Slack:                    inf
  Source:                 pm_top_mux_inst/scd_estimator_inst/pm_first_stage_wrap_inst/input_window_imag/p_0_out__0/ACOUT[15]
                            (internal pin)
  Destination:            pm_top_mux_inst/scd_estimator_inst/pm_first_stage_wrap_inst/input_window_imag/p_0_out__1/ACIN[15]
                            (rising edge-triggered cell DSP48E1 clocked by clk_fpga_0  {rise@0.000ns fall@12.500ns period=25.000ns})
  Path Group:             (none)
  Path Type:              Hold (Min at Slow Process Corner)
  Data Path Delay:        0.002ns  (logic 0.000ns (0.000%)  route 0.002ns (100.000%))
  Logic Levels:           0  
  Clock Uncertainty:      0.376ns  ((TSJ^2 + TIJ^2)^1/2 + DJ) / 2 + PE
    Total System Jitter     (TSJ):    0.050ns
    Total Input Jitter      (TIJ):    0.750ns
    Discrete Jitter          (DJ):    0.000ns
    Phase Error              (PE):    0.000ns

    Location             Delay type                Incr(ns)  Path(ns)    Netlist Resource(s)
  -------------------------------------------------------------------    -------------------
    DSP48_X4Y20          DSP48E1                      0.000     0.000 r  pm_top_mux_inst/scd_estimator_inst/pm_first_stage_wrap_inst/input_window_imag/p_0_out__0/ACOUT[15]
                         net (fo=1, routed)           0.002     0.002    pm_top_mux_inst/scd_estimator_inst/pm_first_stage_wrap_inst/input_window_imag/p_0_out__0_n_38
    DSP48_X4Y21          DSP48E1                                      r  pm_top_mux_inst/scd_estimator_inst/pm_first_stage_wrap_inst/input_window_imag/p_0_out__1/ACIN[15]
  -------------------------------------------------------------------    -------------------

                         (clock clk_fpga_0 rise edge)
                                                      0.000     0.000 r  
    PS7_X0Y0             PS7                          0.000     0.000 r  comblock_setup_wrapper_inst/comblock_setup_i/processing_system7_0/inst/PS7_i/FCLKCLK[0]
                         net (fo=1, routed)           1.193     1.193    comblock_setup_wrapper_inst/comblock_setup_i/processing_system7_0/inst/FCLK_CLK_unbuffered[0]
    BUFGCTRL_X0Y16       BUFG (Prop_bufg_I_O)         0.101     1.294 r  comblock_setup_wrapper_inst/comblock_setup_i/processing_system7_0/inst/buffer_fclk_clk_0.FCLK_CLK_0_BUFG/O
                         net (fo=31598, routed)       1.875     3.169    pm_top_mux_inst/scd_estimator_inst/pm_first_stage_wrap_inst/input_window_imag/PS_CLOCK0
    DSP48_X4Y21          DSP48E1                                      r  pm_top_mux_inst/scd_estimator_inst/pm_first_stage_wrap_inst/input_window_imag/p_0_out__1/CLK

Slack:                    inf
  Source:                 pm_top_mux_inst/scd_estimator_inst/pm_first_stage_wrap_inst/input_window_imag/p_0_out__0/ACOUT[16]
                            (internal pin)
  Destination:            pm_top_mux_inst/scd_estimator_inst/pm_first_stage_wrap_inst/input_window_imag/p_0_out__1/ACIN[16]
                            (rising edge-triggered cell DSP48E1 clocked by clk_fpga_0  {rise@0.000ns fall@12.500ns period=25.000ns})
  Path Group:             (none)
  Path Type:              Hold (Min at Slow Process Corner)
  Data Path Delay:        0.002ns  (logic 0.000ns (0.000%)  route 0.002ns (100.000%))
  Logic Levels:           0  
  Clock Uncertainty:      0.376ns  ((TSJ^2 + TIJ^2)^1/2 + DJ) / 2 + PE
    Total System Jitter     (TSJ):    0.050ns
    Total Input Jitter      (TIJ):    0.750ns
    Discrete Jitter          (DJ):    0.000ns
    Phase Error              (PE):    0.000ns

    Location             Delay type                Incr(ns)  Path(ns)    Netlist Resource(s)
  -------------------------------------------------------------------    -------------------
    DSP48_X4Y20          DSP48E1                      0.000     0.000 r  pm_top_mux_inst/scd_estimator_inst/pm_first_stage_wrap_inst/input_window_imag/p_0_out__0/ACOUT[16]
                         net (fo=1, routed)           0.002     0.002    pm_top_mux_inst/scd_estimator_inst/pm_first_stage_wrap_inst/input_window_imag/p_0_out__0_n_37
    DSP48_X4Y21          DSP48E1                                      r  pm_top_mux_inst/scd_estimator_inst/pm_first_stage_wrap_inst/input_window_imag/p_0_out__1/ACIN[16]
  -------------------------------------------------------------------    -------------------

                         (clock clk_fpga_0 rise edge)
                                                      0.000     0.000 r  
    PS7_X0Y0             PS7                          0.000     0.000 r  comblock_setup_wrapper_inst/comblock_setup_i/processing_system7_0/inst/PS7_i/FCLKCLK[0]
                         net (fo=1, routed)           1.193     1.193    comblock_setup_wrapper_inst/comblock_setup_i/processing_system7_0/inst/FCLK_CLK_unbuffered[0]
    BUFGCTRL_X0Y16       BUFG (Prop_bufg_I_O)         0.101     1.294 r  comblock_setup_wrapper_inst/comblock_setup_i/processing_system7_0/inst/buffer_fclk_clk_0.FCLK_CLK_0_BUFG/O
                         net (fo=31598, routed)       1.875     3.169    pm_top_mux_inst/scd_estimator_inst/pm_first_stage_wrap_inst/input_window_imag/PS_CLOCK0
    DSP48_X4Y21          DSP48E1                                      r  pm_top_mux_inst/scd_estimator_inst/pm_first_stage_wrap_inst/input_window_imag/p_0_out__1/CLK

Slack:                    inf
  Source:                 pm_top_mux_inst/scd_estimator_inst/pm_first_stage_wrap_inst/input_window_imag/p_0_out__0/ACOUT[17]
                            (internal pin)
  Destination:            pm_top_mux_inst/scd_estimator_inst/pm_first_stage_wrap_inst/input_window_imag/p_0_out__1/ACIN[17]
                            (rising edge-triggered cell DSP48E1 clocked by clk_fpga_0  {rise@0.000ns fall@12.500ns period=25.000ns})
  Path Group:             (none)
  Path Type:              Hold (Min at Slow Process Corner)
  Data Path Delay:        0.002ns  (logic 0.000ns (0.000%)  route 0.002ns (100.000%))
  Logic Levels:           0  
  Clock Uncertainty:      0.376ns  ((TSJ^2 + TIJ^2)^1/2 + DJ) / 2 + PE
    Total System Jitter     (TSJ):    0.050ns
    Total Input Jitter      (TIJ):    0.750ns
    Discrete Jitter          (DJ):    0.000ns
    Phase Error              (PE):    0.000ns

    Location             Delay type                Incr(ns)  Path(ns)    Netlist Resource(s)
  -------------------------------------------------------------------    -------------------
    DSP48_X4Y20          DSP48E1                      0.000     0.000 r  pm_top_mux_inst/scd_estimator_inst/pm_first_stage_wrap_inst/input_window_imag/p_0_out__0/ACOUT[17]
                         net (fo=1, routed)           0.002     0.002    pm_top_mux_inst/scd_estimator_inst/pm_first_stage_wrap_inst/input_window_imag/p_0_out__0_n_36
    DSP48_X4Y21          DSP48E1                                      r  pm_top_mux_inst/scd_estimator_inst/pm_first_stage_wrap_inst/input_window_imag/p_0_out__1/ACIN[17]
  -------------------------------------------------------------------    -------------------

                         (clock clk_fpga_0 rise edge)
                                                      0.000     0.000 r  
    PS7_X0Y0             PS7                          0.000     0.000 r  comblock_setup_wrapper_inst/comblock_setup_i/processing_system7_0/inst/PS7_i/FCLKCLK[0]
                         net (fo=1, routed)           1.193     1.193    comblock_setup_wrapper_inst/comblock_setup_i/processing_system7_0/inst/FCLK_CLK_unbuffered[0]
    BUFGCTRL_X0Y16       BUFG (Prop_bufg_I_O)         0.101     1.294 r  comblock_setup_wrapper_inst/comblock_setup_i/processing_system7_0/inst/buffer_fclk_clk_0.FCLK_CLK_0_BUFG/O
                         net (fo=31598, routed)       1.875     3.169    pm_top_mux_inst/scd_estimator_inst/pm_first_stage_wrap_inst/input_window_imag/PS_CLOCK0
    DSP48_X4Y21          DSP48E1                                      r  pm_top_mux_inst/scd_estimator_inst/pm_first_stage_wrap_inst/input_window_imag/p_0_out__1/CLK

Slack:                    inf
  Source:                 pm_top_mux_inst/scd_estimator_inst/pm_first_stage_wrap_inst/input_window_imag/p_0_out__0/ACOUT[18]
                            (internal pin)
  Destination:            pm_top_mux_inst/scd_estimator_inst/pm_first_stage_wrap_inst/input_window_imag/p_0_out__1/ACIN[18]
                            (rising edge-triggered cell DSP48E1 clocked by clk_fpga_0  {rise@0.000ns fall@12.500ns period=25.000ns})
  Path Group:             (none)
  Path Type:              Hold (Min at Slow Process Corner)
  Data Path Delay:        0.002ns  (logic 0.000ns (0.000%)  route 0.002ns (100.000%))
  Logic Levels:           0  
  Clock Uncertainty:      0.376ns  ((TSJ^2 + TIJ^2)^1/2 + DJ) / 2 + PE
    Total System Jitter     (TSJ):    0.050ns
    Total Input Jitter      (TIJ):    0.750ns
    Discrete Jitter          (DJ):    0.000ns
    Phase Error              (PE):    0.000ns

    Location             Delay type                Incr(ns)  Path(ns)    Netlist Resource(s)
  -------------------------------------------------------------------    -------------------
    DSP48_X4Y20          DSP48E1                      0.000     0.000 r  pm_top_mux_inst/scd_estimator_inst/pm_first_stage_wrap_inst/input_window_imag/p_0_out__0/ACOUT[18]
                         net (fo=1, routed)           0.002     0.002    pm_top_mux_inst/scd_estimator_inst/pm_first_stage_wrap_inst/input_window_imag/p_0_out__0_n_35
    DSP48_X4Y21          DSP48E1                                      r  pm_top_mux_inst/scd_estimator_inst/pm_first_stage_wrap_inst/input_window_imag/p_0_out__1/ACIN[18]
  -------------------------------------------------------------------    -------------------

                         (clock clk_fpga_0 rise edge)
                                                      0.000     0.000 r  
    PS7_X0Y0             PS7                          0.000     0.000 r  comblock_setup_wrapper_inst/comblock_setup_i/processing_system7_0/inst/PS7_i/FCLKCLK[0]
                         net (fo=1, routed)           1.193     1.193    comblock_setup_wrapper_inst/comblock_setup_i/processing_system7_0/inst/FCLK_CLK_unbuffered[0]
    BUFGCTRL_X0Y16       BUFG (Prop_bufg_I_O)         0.101     1.294 r  comblock_setup_wrapper_inst/comblock_setup_i/processing_system7_0/inst/buffer_fclk_clk_0.FCLK_CLK_0_BUFG/O
                         net (fo=31598, routed)       1.875     3.169    pm_top_mux_inst/scd_estimator_inst/pm_first_stage_wrap_inst/input_window_imag/PS_CLOCK0
    DSP48_X4Y21          DSP48E1                                      r  pm_top_mux_inst/scd_estimator_inst/pm_first_stage_wrap_inst/input_window_imag/p_0_out__1/CLK





