TRACE::2026-08-19.23:29:20::SCWPlatform::Trying to open the hw design at C:/Users/gm/workspace_placebo_2/top/hw/top.xsa
TRACE::2026-08-19.23:29:20::SCWPlatform::DSA given C:/Users/gm/workspace_placebo_2/top/hw/top.xsa
TRACE::2026-08-19.23:29:20::SCWPlatform::DSA absoulate path C:/Users/gm/workspace_placebo_2/top/hw/top.xsa
TRACE::2026-08-19.23:29:20::SCWPlatform::DSA directory C:/Users/gm/workspace_placebo_2/top/hw
TRACE::2026-08-19.23:29:20::SCWPlatform:: Platform Path C:/Users/gm/workspace_placebo_2/top/hw/top.xsa
TRACE::2026-08-19.23:29:20::SCWPlatform:: Unique name xilinx:zedboard::0.0
TRACE::2026-08-19.23:29:20::SCWPlatform::Do not have an existing db opened. 
TRACE::2026-08-19.23:29:22::SCWPlatform::Opened new HwDB with name top_0
TRACE::2026-08-19.23:29:22::SCWWriter::formatted JSON is {
	"platformName":	"top",
	"sprVersion":	"2.0",
	"mode":	"gui",
	"dsaType":	"Fixed",
	"platformDesc":	"top",
	"platHandOff":	"C:/Users/gm/Vivado Projects/complete_det_final_full_and_red/top.xsa",
	"platIntHandOff":	"<platformDir>/hw/top.xsa",
	"deviceType":	"zynq",
	"platIsPrebuiltAutogen":	"false",
	"platIsNoBootBsp":	"false",
	"hasFsblMakeHasChanges":	"false",
	"hasPmufwMakeHasChanges":	"false",
	"platPreBuiltFlag":	false,
	"platformSamplesDir":	""
}
TRACE::2026-08-19.23:29:22::SCWWriter::formatted JSON is {
	"platformName":	"top",
	"sprVersion":	"2.0",
	"mode":	"gui",
	"dsaType":	"Fixed",
	"platformDesc":	"top",
	"platHandOff":	"C:/Users/gm/Vivado Projects/complete_det_final_full_and_red/top.xsa",
	"platIntHandOff":	"<platformDir>/hw/top.xsa",
	"deviceType":	"zynq",
	"platIsPrebuiltAutogen":	"false",
	"platIsNoBootBsp":	"false",
	"hasFsblMakeHasChanges":	"false",
	"hasPmufwMakeHasChanges":	"false",
	"platPreBuiltFlag":	false,
	"platformSamplesDir":	"",
	"platActiveSys":	"top",
	"systems":	[{
			"systemName":	"top",
			"systemDesc":	"top",
			"sysIsBootAutoGen":	"true",
			"systemDispName":	"top"
		}]
}
TRACE::2026-08-19.23:29:22::SCWPlatform::Boot application domains not present, creating them
TRACE::2026-08-19.23:29:22::SCWDomain::checking for install qemu data   : 
TRACE::2026-08-19.23:29:22::SCWDomain:: Using the QEMU Data from install at  : C:/Xilinx/Vitis/2023.1/data/emulation/platforms/zynq/sw/a9_standalone/qemu/
TRACE::2026-08-19.23:29:22::SCWDomain:: Using the QEMU args  from install at  : C:/Xilinx/Vitis/2023.1/data/emulation/platforms/zynq/sw/a9_standalone/qemu/qemu_args.txt
TRACE::2026-08-19.23:29:22::SCWPlatform::Trying to open the hw design at C:/Users/gm/workspace_placebo_2/top/hw/top.xsa
TRACE::2026-08-19.23:29:22::SCWPlatform::DSA given C:/Users/gm/workspace_placebo_2/top/hw/top.xsa
TRACE::2026-08-19.23:29:22::SCWPlatform::DSA absoulate path C:/Users/gm/workspace_placebo_2/top/hw/top.xsa
TRACE::2026-08-19.23:29:22::SCWPlatform::DSA directory C:/Users/gm/workspace_placebo_2/top/hw
TRACE::2026-08-19.23:29:22::SCWPlatform:: Platform Path C:/Users/gm/workspace_placebo_2/top/hw/top.xsa
TRACE::2026-08-19.23:29:22::SCWPlatform:: Unique name xilinx:zedboard::0.0
TRACE::2026-08-19.23:29:22::SCWPlatform::Trying to set the existing hwdb with name top_0
TRACE::2026-08-19.23:29:22::SCWPlatform::Opened existing hwdb top_0
TRACE::2026-08-19.23:29:22::SCWPlatform::Found the Hw Db part of the input DSA
TRACE::2026-08-19.23:29:22::SCWPlatform::Trying to open the hw design at C:/Users/gm/workspace_placebo_2/top/hw/top.xsa
TRACE::2026-08-19.23:29:22::SCWPlatform::DSA given C:/Users/gm/workspace_placebo_2/top/hw/top.xsa
TRACE::2026-08-19.23:29:22::SCWPlatform::DSA absoulate path C:/Users/gm/workspace_placebo_2/top/hw/top.xsa
TRACE::2026-08-19.23:29:22::SCWPlatform::DSA directory C:/Users/gm/workspace_placebo_2/top/hw
TRACE::2026-08-19.23:29:22::SCWPlatform:: Platform Path C:/Users/gm/workspace_placebo_2/top/hw/top.xsa
TRACE::2026-08-19.23:29:22::SCWPlatform:: Unique name xilinx:zedboard::0.0
TRACE::2026-08-19.23:29:22::SCWPlatform::Trying to set the existing hwdb with name top_0
TRACE::2026-08-19.23:29:22::SCWPlatform::Opened existing hwdb top_0
TRACE::2026-08-19.23:29:22::SCWPlatform::Found the Hw Db part of the input DSA
TRACE::2026-08-19.23:29:22::SCWPlatform::Trying to open the hw design at C:/Users/gm/workspace_placebo_2/top/hw/top.xsa
TRACE::2026-08-19.23:29:22::SCWPlatform::DSA given C:/Users/gm/workspace_placebo_2/top/hw/top.xsa
TRACE::2026-08-19.23:29:22::SCWPlatform::DSA absoulate path C:/Users/gm/workspace_placebo_2/top/hw/top.xsa
TRACE::2026-08-19.23:29:22::SCWPlatform::DSA directory C:/Users/gm/workspace_placebo_2/top/hw
TRACE::2026-08-19.23:29:22::SCWPlatform:: Platform Path C:/Users/gm/workspace_placebo_2/top/hw/top.xsa
TRACE::2026-08-19.23:29:22::SCWPlatform:: Unique name xilinx:zedboard::0.0
TRACE::2026-08-19.23:29:22::SCWPlatform::Trying to set the existing hwdb with name top_0
TRACE::2026-08-19.23:29:22::SCWPlatform::Opened existing hwdb top_0
TRACE::2026-08-19.23:29:22::SCWPlatform::Found the Hw Db part of the input DSA
TRACE::2026-08-19.23:29:22::SCWPlatform::Boot application domain added for zynq_fsbl
TRACE::2026-08-19.23:29:22::SCWPlatform::Generating the sources  .
TRACE::2026-08-19.23:29:22::SCWBDomain::Generating boot domain sources.
TRACE::2026-08-19.23:29:22::SCWBDomain:: Generating the zynq_fsbl Application.
TRACE::2026-08-19.23:29:22::SCWPlatform::Trying to open the hw design at C:/Users/gm/workspace_placebo_2/top/hw/top.xsa
TRACE::2026-08-19.23:29:22::SCWPlatform::DSA given C:/Users/gm/workspace_placebo_2/top/hw/top.xsa
TRACE::2026-08-19.23:29:22::SCWPlatform::DSA absoulate path C:/Users/gm/workspace_placebo_2/top/hw/top.xsa
TRACE::2026-08-19.23:29:22::SCWPlatform::DSA directory C:/Users/gm/workspace_placebo_2/top/hw
TRACE::2026-08-19.23:29:22::SCWPlatform:: Platform Path C:/Users/gm/workspace_placebo_2/top/hw/top.xsa
TRACE::2026-08-19.23:29:22::SCWPlatform:: Unique name xilinx:zedboard::0.0
TRACE::2026-08-19.23:29:22::SCWPlatform::Trying to set the existing hwdb with name top_0
TRACE::2026-08-19.23:29:22::SCWPlatform::Opened existing hwdb top_0
TRACE::2026-08-19.23:29:22::SCWPlatform::Found the Hw Db part of the input DSA
TRACE::2026-08-19.23:29:22::SCWMssOS::Checking the sw design at  C:/Users/gm/workspace_placebo_2/top/zynq_fsbl/zynq_fsbl_bsp/system.mss
TRACE::2026-08-19.23:29:22::SCWMssOS::DEBUG:  swdes dump  
TRACE::2026-08-19.23:29:22::SCWMssOS::No sw design opened at  C:/Users/gm/workspace_placebo_2/top/zynq_fsbl/zynq_fsbl_bsp/system.mss
TRACE::2026-08-19.23:29:22::SCWMssOS::mss does not exists at C:/Users/gm/workspace_placebo_2/top/zynq_fsbl/zynq_fsbl_bsp/system.mss
TRACE::2026-08-19.23:29:22::SCWMssOS::Creating sw design at  C:/Users/gm/workspace_placebo_2/top/zynq_fsbl/zynq_fsbl_bsp/system.mss
TRACE::2026-08-19.23:29:22::SCWMssOS::Adding the swdes entry, created swdb C:/Users/gm/workspace_placebo_2/top/zynq_fsbl/zynq_fsbl_bsp/system.mss with des name C:/Users/gm/workspace_placebo_2/top/zynq_fsbl/zynq_fsbl_bsp/system.mss
TRACE::2026-08-19.23:29:22::SCWMssOS::updating the scw layer changes to swdes at   C:/Users/gm/workspace_placebo_2/top/zynq_fsbl/zynq_fsbl_bsp/system.mss
TRACE::2026-08-19.23:29:22::SCWMssOS::Writing mss at C:/Users/gm/workspace_placebo_2/top/zynq_fsbl/zynq_fsbl_bsp/system.mss
TRACE::2026-08-19.23:29:22::SCWMssOS::Completed writing the mss file at C:/Users/gm/workspace_placebo_2/top/zynq_fsbl/zynq_fsbl_bsp
TRACE::2026-08-19.23:29:22::SCWMssOS::Picking up changes from newly written mss file into SCW Layer. 
TRACE::2026-08-19.23:29:22::SCWMssOS::Updated the changes from newly written mss file into SCW Layer. 
TRACE::2026-08-19.23:29:22::SCWBDomain::Completed writing the mss file at C:/Users/gm/workspace_placebo_2/top/zynq_fsbl/zynq_fsbl_bsp
TRACE::2026-08-19.23:29:29::SCWPlatform::Generating sources Done.
TRACE::2026-08-19.23:29:29::SCWPlatform::Trying to open the hw design at C:/Users/gm/workspace_placebo_2/top/hw/top.xsa
TRACE::2026-08-19.23:29:29::SCWPlatform::DSA given C:/Users/gm/workspace_placebo_2/top/hw/top.xsa
TRACE::2026-08-19.23:29:29::SCWPlatform::DSA absoulate path C:/Users/gm/workspace_placebo_2/top/hw/top.xsa
TRACE::2026-08-19.23:29:29::SCWPlatform::DSA directory C:/Users/gm/workspace_placebo_2/top/hw
TRACE::2026-08-19.23:29:29::SCWPlatform:: Platform Path C:/Users/gm/workspace_placebo_2/top/hw/top.xsa
TRACE::2026-08-19.23:29:29::SCWPlatform:: Unique name xilinx:zedboard::0.0
TRACE::2026-08-19.23:29:29::SCWPlatform::Trying to set the existing hwdb with name top_0
TRACE::2026-08-19.23:29:29::SCWPlatform::Opened existing hwdb top_0
TRACE::2026-08-19.23:29:29::SCWPlatform::Found the Hw Db part of the input DSA
TRACE::2026-08-19.23:29:29::SCWMssOS::Checking the sw design at  C:/Users/gm/workspace_placebo_2/top/zynq_fsbl/zynq_fsbl_bsp/system.mss
TRACE::2026-08-19.23:29:29::SCWMssOS::DEBUG:  swdes dump  
TRACE::2026-08-19.23:29:29::SCWMssOS::No sw design opened at  C:/Users/gm/workspace_placebo_2/top/zynq_fsbl/zynq_fsbl_bsp/system.mss
TRACE::2026-08-19.23:29:29::SCWMssOS::mss exists loading the mss file  C:/Users/gm/workspace_placebo_2/top/zynq_fsbl/zynq_fsbl_bsp/system.mss
TRACE::2026-08-19.23:29:29::SCWMssOS::Opened the sw design from mss  C:/Users/gm/workspace_placebo_2/top/zynq_fsbl/zynq_fsbl_bsp/system.mss
TRACE::2026-08-19.23:29:29::SCWMssOS::Adding the swdes entry C:/Users/gm/workspace_placebo_2/top/zynq_fsbl/zynq_fsbl_bsp/system.mss with des name system
TRACE::2026-08-19.23:29:29::SCWMssOS::updating the scw layer about changes
TRACE::2026-08-19.23:29:29::SCWMssOS::Opened the sw design.  C:/Users/gm/workspace_placebo_2/top/zynq_fsbl/zynq_fsbl_bsp/system.mss
TRACE::2026-08-19.23:29:29::SCWMssOS::Saving the mss changes C:/Users/gm/workspace_placebo_2/top/zynq_fsbl/zynq_fsbl_bsp/system.mss
TRACE::2026-08-19.23:29:29::SCWMssOS::Found a swdesign opened with the mssfile.
TRACE::2026-08-19.23:29:29::SCWMssOS::Completed writemss as part of save.
TRACE::2026-08-19.23:29:29::SCWMssOS::Commit changes completed.
TRACE::2026-08-19.23:29:29::SCWPlatform::Trying to open the hw design at C:/Users/gm/workspace_placebo_2/top/hw/top.xsa
TRACE::2026-08-19.23:29:29::SCWPlatform::DSA given C:/Users/gm/workspace_placebo_2/top/hw/top.xsa
TRACE::2026-08-19.23:29:29::SCWPlatform::DSA absoulate path C:/Users/gm/workspace_placebo_2/top/hw/top.xsa
TRACE::2026-08-19.23:29:29::SCWPlatform::DSA directory C:/Users/gm/workspace_placebo_2/top/hw
TRACE::2026-08-19.23:29:29::SCWPlatform:: Platform Path C:/Users/gm/workspace_placebo_2/top/hw/top.xsa
TRACE::2026-08-19.23:29:29::SCWPlatform:: Unique name xilinx:zedboard::0.0
TRACE::2026-08-19.23:29:29::SCWPlatform::Trying to set the existing hwdb with name top_0
TRACE::2026-08-19.23:29:29::SCWPlatform::Opened existing hwdb top_0
TRACE::2026-08-19.23:29:29::SCWPlatform::Found the Hw Db part of the input DSA
TRACE::2026-08-19.23:29:29::SCWMssOS::Checking the sw design at  C:/Users/gm/workspace_placebo_2/top/zynq_fsbl/zynq_fsbl_bsp/system.mss
TRACE::2026-08-19.23:29:29::SCWMssOS::DEBUG:  swdes dump  C:/Users/gm/workspace_placebo_2/top/zynq_fsbl/zynq_fsbl_bsp/system.mss|system||

TRACE::2026-08-19.23:29:29::SCWMssOS::Sw design exists and opened at  C:/Users/gm/workspace_placebo_2/top/zynq_fsbl/zynq_fsbl_bsp/system.mss
TRACE::2026-08-19.23:29:29::SCWPlatform::Trying to open the hw design at C:/Users/gm/workspace_placebo_2/top/hw/top.xsa
TRACE::2026-08-19.23:29:29::SCWPlatform::DSA given C:/Users/gm/workspace_placebo_2/top/hw/top.xsa
TRACE::2026-08-19.23:29:29::SCWPlatform::DSA absoulate path C:/Users/gm/workspace_placebo_2/top/hw/top.xsa
TRACE::2026-08-19.23:29:29::SCWPlatform::DSA directory C:/Users/gm/workspace_placebo_2/top/hw
TRACE::2026-08-19.23:29:29::SCWPlatform:: Platform Path C:/Users/gm/workspace_placebo_2/top/hw/top.xsa
TRACE::2026-08-19.23:29:29::SCWPlatform:: Unique name xilinx:zedboard::0.0
TRACE::2026-08-19.23:29:29::SCWPlatform::Trying to set the existing hwdb with name top_0
TRACE::2026-08-19.23:29:29::SCWPlatform::Opened existing hwdb top_0
TRACE::2026-08-19.23:29:29::SCWPlatform::Found the Hw Db part of the input DSA
TRACE::2026-08-19.23:29:29::SCWMssOS::Checking the sw design at  C:/Users/gm/workspace_placebo_2/top/zynq_fsbl/zynq_fsbl_bsp/system.mss
TRACE::2026-08-19.23:29:29::SCWMssOS::DEBUG:  swdes dump  C:/Users/gm/workspace_placebo_2/top/zynq_fsbl/zynq_fsbl_bsp/system.mss|system||

TRACE::2026-08-19.23:29:29::SCWMssOS::Sw design exists and opened at  C:/Users/gm/workspace_placebo_2/top/zynq_fsbl/zynq_fsbl_bsp/system.mss
TRACE::2026-08-19.23:29:29::SCWPlatform::Trying to open the hw design at C:/Users/gm/workspace_placebo_2/top/hw/top.xsa
TRACE::2026-08-19.23:29:29::SCWPlatform::DSA given C:/Users/gm/workspace_placebo_2/top/hw/top.xsa
TRACE::2026-08-19.23:29:29::SCWPlatform::DSA absoulate path C:/Users/gm/workspace_placebo_2/top/hw/top.xsa
TRACE::2026-08-19.23:29:29::SCWPlatform::DSA directory C:/Users/gm/workspace_placebo_2/top/hw
TRACE::2026-08-19.23:29:29::SCWPlatform:: Platform Path C:/Users/gm/workspace_placebo_2/top/hw/top.xsa
TRACE::2026-08-19.23:29:29::SCWPlatform:: Unique name xilinx:zedboard::0.0
TRACE::2026-08-19.23:29:29::SCWPlatform::Trying to set the existing hwdb with name top_0
TRACE::2026-08-19.23:29:29::SCWPlatform::Opened existing hwdb top_0
TRACE::2026-08-19.23:29:29::SCWPlatform::Found the Hw Db part of the input DSA
TRACE::2026-08-19.23:29:29::SCWMssOS::Checking the sw design at  C:/Users/gm/workspace_placebo_2/top/zynq_fsbl/zynq_fsbl_bsp/system.mss
TRACE::2026-08-19.23:29:29::SCWMssOS::DEBUG:  swdes dump  C:/Users/gm/workspace_placebo_2/top/zynq_fsbl/zynq_fsbl_bsp/system.mss|system||

TRACE::2026-08-19.23:29:29::SCWMssOS::Sw design exists and opened at  C:/Users/gm/workspace_placebo_2/top/zynq_fsbl/zynq_fsbl_bsp/system.mss
TRACE::2026-08-19.23:29:29::SCWWriter::formatted JSON is {
	"platformName":	"top",
	"sprVersion":	"2.0",
	"mode":	"gui",
	"dsaType":	"Fixed",
	"platformDesc":	"top",
	"platHandOff":	"C:/Users/gm/Vivado Projects/complete_det_final_full_and_red/top.xsa",
	"platIntHandOff":	"<platformDir>/hw/top.xsa",
	"deviceType":	"zynq",
	"platIsPrebuiltAutogen":	"false",
	"platIsNoBootBsp":	"false",
	"platFsblTarget":	"ps7_cortexa9_0",
	"hasFsblMakeHasChanges":	"false",
	"hasPmufwMakeHasChanges":	"false",
	"fsblExtraCompilerFlags":	"-MMD -MP       -mcpu=cortex-a9 -mfpu=vfpv3 -mfloat-abi=hard ",
	"platPreBuiltFlag":	false,
	"platformSamplesDir":	"",
	"platActiveSys":	"top",
	"systems":	[{
			"systemName":	"top",
			"systemDesc":	"top",
			"sysIsBootAutoGen":	"true",
			"systemDispName":	"top",
			"sysActiveDom":	"zynq_fsbl",
			"sysDefaultDom":	"",
			"domains":	[{
					"domainName":	"zynq_fsbl",
					"domainDispName":	"zynq_fsbl",
					"domainDesc":	"FSBL Application BSP - Auto Generated.",
					"processors":	"ps7_cortexa9_0",
					"os":	"standalone",
					"sdxOs":	"standalone",
					"debugEnable":	"",
					"domRuntimes":	["cpp"],
					"swRepo":	"",
					"mssOsVer":	"8.1",
					"mssFile":	"",
					"md5Digest":	"997b4ecbe6ca295e7fdaedf3f0f38499",
					"compatibleApp":	"zynq_fsbl",
					"domType":	"bootDomain",
					"arch":	"32-bit",
					"appSettings":	{
						"appCompilerFlags":	"",
						"appLinkerFlags":	""
					},
					"addedLibs":	["xilffs:5.0", "xilrsa:1.6"],
					"libOptions":	{
						"libsContainingOptions":	[]
					},
					"prebuiltLibs":	{
						"prebuiltIncPath":	[],
						"prebuiltLibPath":	[]
					},
					"isolation":	{
					}
				}]
		}]
}
TRACE::2026-08-19.23:29:29::SCWMssOS::Saving the mss changes C:/Users/gm/workspace_placebo_2/top/zynq_fsbl/zynq_fsbl_bsp/system.mss
TRACE::2026-08-19.23:29:29::SCWMssOS::Found a swdesign opened with the mssfile.
TRACE::2026-08-19.23:29:29::SCWMssOS::Completed writemss as part of save.
TRACE::2026-08-19.23:29:29::SCWMssOS::Commit changes completed.
TRACE::2026-08-19.23:29:29::SCWPlatform::Trying to open the hw design at C:/Users/gm/workspace_placebo_2/top/hw/top.xsa
TRACE::2026-08-19.23:29:29::SCWPlatform::DSA given C:/Users/gm/workspace_placebo_2/top/hw/top.xsa
TRACE::2026-08-19.23:29:29::SCWPlatform::DSA absoulate path C:/Users/gm/workspace_placebo_2/top/hw/top.xsa
TRACE::2026-08-19.23:29:29::SCWPlatform::DSA directory C:/Users/gm/workspace_placebo_2/top/hw
TRACE::2026-08-19.23:29:29::SCWPlatform:: Platform Path C:/Users/gm/workspace_placebo_2/top/hw/top.xsa
TRACE::2026-08-19.23:29:29::SCWPlatform:: Unique name xilinx:zedboard::0.0
TRACE::2026-08-19.23:29:29::SCWPlatform::Trying to set the existing hwdb with name top_0
TRACE::2026-08-19.23:29:29::SCWPlatform::Opened existing hwdb top_0
TRACE::2026-08-19.23:29:29::SCWPlatform::Found the Hw Db part of the input DSA
TRACE::2026-08-19.23:29:29::SCWMssOS::Checking the sw design at  C:/Users/gm/workspace_placebo_2/top/zynq_fsbl/zynq_fsbl_bsp/system.mss
TRACE::2026-08-19.23:29:29::SCWMssOS::DEBUG:  swdes dump  C:/Users/gm/workspace_placebo_2/top/zynq_fsbl/zynq_fsbl_bsp/system.mss|system||

TRACE::2026-08-19.23:29:29::SCWMssOS::Sw design exists and opened at  C:/Users/gm/workspace_placebo_2/top/zynq_fsbl/zynq_fsbl_bsp/system.mss
TRACE::2026-08-19.23:29:29::SCWPlatform::Trying to open the hw design at C:/Users/gm/workspace_placebo_2/top/hw/top.xsa
TRACE::2026-08-19.23:29:29::SCWPlatform::DSA given C:/Users/gm/workspace_placebo_2/top/hw/top.xsa
TRACE::2026-08-19.23:29:29::SCWPlatform::DSA absoulate path C:/Users/gm/workspace_placebo_2/top/hw/top.xsa
TRACE::2026-08-19.23:29:29::SCWPlatform::DSA directory C:/Users/gm/workspace_placebo_2/top/hw
TRACE::2026-08-19.23:29:29::SCWPlatform:: Platform Path C:/Users/gm/workspace_placebo_2/top/hw/top.xsa
TRACE::2026-08-19.23:29:29::SCWPlatform:: Unique name xilinx:zedboard::0.0
TRACE::2026-08-19.23:29:29::SCWPlatform::Trying to set the existing hwdb with name top_0
TRACE::2026-08-19.23:29:29::SCWPlatform::Opened existing hwdb top_0
TRACE::2026-08-19.23:29:29::SCWPlatform::Found the Hw Db part of the input DSA
TRACE::2026-08-19.23:29:29::SCWMssOS::Checking the sw design at  C:/Users/gm/workspace_placebo_2/top/zynq_fsbl/zynq_fsbl_bsp/system.mss
TRACE::2026-08-19.23:29:29::SCWMssOS::DEBUG:  swdes dump  C:/Users/gm/workspace_placebo_2/top/zynq_fsbl/zynq_fsbl_bsp/system.mss|system||

TRACE::2026-08-19.23:29:29::SCWMssOS::Sw design exists and opened at  C:/Users/gm/workspace_placebo_2/top/zynq_fsbl/zynq_fsbl_bsp/system.mss
TRACE::2026-08-19.23:29:29::SCWPlatform::Trying to open the hw design at C:/Users/gm/workspace_placebo_2/top/hw/top.xsa
TRACE::2026-08-19.23:29:29::SCWPlatform::DSA given C:/Users/gm/workspace_placebo_2/top/hw/top.xsa
TRACE::2026-08-19.23:29:29::SCWPlatform::DSA absoulate path C:/Users/gm/workspace_placebo_2/top/hw/top.xsa
TRACE::2026-08-19.23:29:29::SCWPlatform::DSA directory C:/Users/gm/workspace_placebo_2/top/hw
TRACE::2026-08-19.23:29:29::SCWPlatform:: Platform Path C:/Users/gm/workspace_placebo_2/top/hw/top.xsa
TRACE::2026-08-19.23:29:29::SCWPlatform:: Unique name xilinx:zedboard::0.0
TRACE::2026-08-19.23:29:29::SCWPlatform::Trying to set the existing hwdb with name top_0
TRACE::2026-08-19.23:29:29::SCWPlatform::Opened existing hwdb top_0
TRACE::2026-08-19.23:29:29::SCWPlatform::Found the Hw Db part of the input DSA
TRACE::2026-08-19.23:29:29::SCWMssOS::Checking the sw design at  C:/Users/gm/workspace_placebo_2/top/zynq_fsbl/zynq_fsbl_bsp/system.mss
TRACE::2026-08-19.23:29:29::SCWMssOS::DEBUG:  swdes dump  C:/Users/gm/workspace_placebo_2/top/zynq_fsbl/zynq_fsbl_bsp/system.mss|system||

TRACE::2026-08-19.23:29:29::SCWMssOS::Sw design exists and opened at  C:/Users/gm/workspace_placebo_2/top/zynq_fsbl/zynq_fsbl_bsp/system.mss
TRACE::2026-08-19.23:29:29::SCWWriter::formatted JSON is {
	"platformName":	"top",
	"sprVersion":	"2.0",
	"mode":	"gui",
	"dsaType":	"Fixed",
	"platformDesc":	"top",
	"platHandOff":	"C:/Users/gm/Vivado Projects/complete_det_final_full_and_red/top.xsa",
	"platIntHandOff":	"<platformDir>/hw/top.xsa",
	"deviceType":	"zynq",
	"platIsPrebuiltAutogen":	"false",
	"platIsNoBootBsp":	"false",
	"platFsblTarget":	"ps7_cortexa9_0",
	"hasFsblMakeHasChanges":	"false",
	"hasPmufwMakeHasChanges":	"false",
	"fsblExtraCompilerFlags":	"-MMD -MP       -mcpu=cortex-a9 -mfpu=vfpv3 -mfloat-abi=hard ",
	"platPreBuiltFlag":	false,
	"platformSamplesDir":	"",
	"platActiveSys":	"top",
	"systems":	[{
			"systemName":	"top",
			"systemDesc":	"top",
			"sysIsBootAutoGen":	"true",
			"systemDispName":	"top",
			"sysActiveDom":	"zynq_fsbl",
			"sysDefaultDom":	"",
			"domains":	[{
					"domainName":	"zynq_fsbl",
					"domainDispName":	"zynq_fsbl",
					"domainDesc":	"FSBL Application BSP - Auto Generated.",
					"processors":	"ps7_cortexa9_0",
					"os":	"standalone",
					"sdxOs":	"standalone",
					"debugEnable":	"",
					"domRuntimes":	["cpp"],
					"swRepo":	"",
					"mssOsVer":	"8.1",
					"mssFile":	"",
					"md5Digest":	"997b4ecbe6ca295e7fdaedf3f0f38499",
					"compatibleApp":	"zynq_fsbl",
					"domType":	"bootDomain",
					"arch":	"32-bit",
					"appSettings":	{
						"appCompilerFlags":	"",
						"appLinkerFlags":	""
					},
					"addedLibs":	["xilffs:5.0", "xilrsa:1.6"],
					"libOptions":	{
						"libsContainingOptions":	[]
					},
					"prebuiltLibs":	{
						"prebuiltIncPath":	[],
						"prebuiltLibPath":	[]
					},
					"isolation":	{
					}
				}]
		}]
}
TRACE::2026-08-19.23:29:29::SCWPlatform::Trying to open the hw design at C:/Users/gm/workspace_placebo_2/top/hw/top.xsa
TRACE::2026-08-19.23:29:29::SCWPlatform::DSA given C:/Users/gm/workspace_placebo_2/top/hw/top.xsa
TRACE::2026-08-19.23:29:29::SCWPlatform::DSA absoulate path C:/Users/gm/workspace_placebo_2/top/hw/top.xsa
TRACE::2026-08-19.23:29:29::SCWPlatform::DSA directory C:/Users/gm/workspace_placebo_2/top/hw
TRACE::2026-08-19.23:29:29::SCWPlatform:: Platform Path C:/Users/gm/workspace_placebo_2/top/hw/top.xsa
TRACE::2026-08-19.23:29:29::SCWPlatform:: Unique name xilinx:zedboard::0.0
TRACE::2026-08-19.23:29:29::SCWPlatform::Trying to set the existing hwdb with name top_0
TRACE::2026-08-19.23:29:29::SCWPlatform::Opened existing hwdb top_0
TRACE::2026-08-19.23:29:29::SCWPlatform::Found the Hw Db part of the input DSA
TRACE::2026-08-19.23:29:29::SCWDomain::checking for install qemu data   : 
TRACE::2026-08-19.23:29:29::SCWDomain:: Using the QEMU Data from install at  : C:/Xilinx/Vitis/2023.1/data/emulation/platforms/zynq/sw/a9_standalone/qemu/
TRACE::2026-08-19.23:29:29::SCWDomain:: Using the QEMU args  from install at  : C:/Xilinx/Vitis/2023.1/data/emulation/platforms/zynq/sw/a9_standalone/qemu/qemu_args.txt
TRACE::2026-08-19.23:29:29::SCWPlatform::Trying to open the hw design at C:/Users/gm/workspace_placebo_2/top/hw/top.xsa
TRACE::2026-08-19.23:29:29::SCWPlatform::DSA given C:/Users/gm/workspace_placebo_2/top/hw/top.xsa
TRACE::2026-08-19.23:29:29::SCWPlatform::DSA absoulate path C:/Users/gm/workspace_placebo_2/top/hw/top.xsa
TRACE::2026-08-19.23:29:29::SCWPlatform::DSA directory C:/Users/gm/workspace_placebo_2/top/hw
TRACE::2026-08-19.23:29:29::SCWPlatform:: Platform Path C:/Users/gm/workspace_placebo_2/top/hw/top.xsa
TRACE::2026-08-19.23:29:29::SCWPlatform:: Unique name xilinx:zedboard::0.0
TRACE::2026-08-19.23:29:29::SCWPlatform::Trying to set the existing hwdb with name top_0
TRACE::2026-08-19.23:29:29::SCWPlatform::Opened existing hwdb top_0
TRACE::2026-08-19.23:29:29::SCWPlatform::Found the Hw Db part of the input DSA
TRACE::2026-08-19.23:29:29::SCWPlatform::Trying to open the hw design at C:/Users/gm/workspace_placebo_2/top/hw/top.xsa
TRACE::2026-08-19.23:29:29::SCWPlatform::DSA given C:/Users/gm/workspace_placebo_2/top/hw/top.xsa
TRACE::2026-08-19.23:29:29::SCWPlatform::DSA absoulate path C:/Users/gm/workspace_placebo_2/top/hw/top.xsa
TRACE::2026-08-19.23:29:29::SCWPlatform::DSA directory C:/Users/gm/workspace_placebo_2/top/hw
TRACE::2026-08-19.23:29:29::SCWPlatform:: Platform Path C:/Users/gm/workspace_placebo_2/top/hw/top.xsa
TRACE::2026-08-19.23:29:29::SCWPlatform:: Unique name xilinx:zedboard::0.0
TRACE::2026-08-19.23:29:29::SCWPlatform::Trying to set the existing hwdb with name top_0
TRACE::2026-08-19.23:29:29::SCWPlatform::Opened existing hwdb top_0
TRACE::2026-08-19.23:29:29::SCWPlatform::Found the Hw Db part of the input DSA
TRACE::2026-08-19.23:29:29::SCWDomain::Qemu Directory name is changed from "" to "qemu"
TRACE::2026-08-19.23:29:29::SCWPlatform::Trying to open the hw design at C:/Users/gm/workspace_placebo_2/top/hw/top.xsa
TRACE::2026-08-19.23:29:29::SCWPlatform::DSA given C:/Users/gm/workspace_placebo_2/top/hw/top.xsa
TRACE::2026-08-19.23:29:29::SCWPlatform::DSA absoulate path C:/Users/gm/workspace_placebo_2/top/hw/top.xsa
TRACE::2026-08-19.23:29:29::SCWPlatform::DSA directory C:/Users/gm/workspace_placebo_2/top/hw
TRACE::2026-08-19.23:29:29::SCWPlatform:: Platform Path C:/Users/gm/workspace_placebo_2/top/hw/top.xsa
TRACE::2026-08-19.23:29:29::SCWPlatform:: Unique name xilinx:zedboard::0.0
TRACE::2026-08-19.23:29:29::SCWPlatform::Trying to set the existing hwdb with name top_0
TRACE::2026-08-19.23:29:29::SCWPlatform::Opened existing hwdb top_0
TRACE::2026-08-19.23:29:29::SCWPlatform::Found the Hw Db part of the input DSA
TRACE::2026-08-19.23:29:29::SCWMssOS::Checking the sw design at  C:/Users/gm/workspace_placebo_2/top/ps7_cortexa9_0/standalone_ps7_cortexa9_0/bsp/system.mss
TRACE::2026-08-19.23:29:29::SCWMssOS::DEBUG:  swdes dump  C:/Users/gm/workspace_placebo_2/top/zynq_fsbl/zynq_fsbl_bsp/system.mss|system||

TRACE::2026-08-19.23:29:29::SCWMssOS::No sw design opened at  C:/Users/gm/workspace_placebo_2/top/ps7_cortexa9_0/standalone_ps7_cortexa9_0/bsp/system.mss
TRACE::2026-08-19.23:29:29::SCWMssOS::mss does not exists at C:/Users/gm/workspace_placebo_2/top/ps7_cortexa9_0/standalone_ps7_cortexa9_0/bsp/system.mss
TRACE::2026-08-19.23:29:29::SCWMssOS::Creating sw design at  C:/Users/gm/workspace_placebo_2/top/ps7_cortexa9_0/standalone_ps7_cortexa9_0/bsp/system.mss
TRACE::2026-08-19.23:29:29::SCWMssOS::Adding the swdes entry, created swdb C:/Users/gm/workspace_placebo_2/top/ps7_cortexa9_0/standalone_ps7_cortexa9_0/bsp/system.mss with des name C:/Users/gm/workspace_placebo_2/top/ps7_cortexa9_0/standalone_ps7_cortexa9_0/bsp/system.mss
TRACE::2026-08-19.23:29:29::SCWMssOS::updating the scw layer changes to swdes at   C:/Users/gm/workspace_placebo_2/top/ps7_cortexa9_0/standalone_ps7_cortexa9_0/bsp/system.mss
TRACE::2026-08-19.23:29:29::SCWMssOS::Writing mss at C:/Users/gm/workspace_placebo_2/top/ps7_cortexa9_0/standalone_ps7_cortexa9_0/bsp/system.mss
TRACE::2026-08-19.23:29:29::SCWMssOS::Completed writing the mss file at C:/Users/gm/workspace_placebo_2/top/ps7_cortexa9_0/standalone_ps7_cortexa9_0/bsp
TRACE::2026-08-19.23:29:29::SCWMssOS::Picking up changes from newly written mss file into SCW Layer. 
TRACE::2026-08-19.23:29:29::SCWMssOS::Updated the changes from newly written mss file into SCW Layer. 
TRACE::2026-08-19.23:29:29::SCWMssOS::Completed writing the mss file at C:/Users/gm/workspace_placebo_2/top/ps7_cortexa9_0/standalone_ps7_cortexa9_0/bsp
TRACE::2026-08-19.23:29:29::SCWMssOS::Forcing BSP Sources regeneration.
TRACE::2026-08-19.23:29:30::SCWMssOS::Saving the mss changes C:/Users/gm/workspace_placebo_2/top/zynq_fsbl/zynq_fsbl_bsp/system.mss
TRACE::2026-08-19.23:29:30::SCWMssOS::Found a swdesign opened with the mssfile.
TRACE::2026-08-19.23:29:30::SCWMssOS::Completed writemss as part of save.
TRACE::2026-08-19.23:29:30::SCWMssOS::Commit changes completed.
TRACE::2026-08-19.23:29:30::SCWMssOS::Saving the mss changes C:/Users/gm/workspace_placebo_2/top/ps7_cortexa9_0/standalone_ps7_cortexa9_0/bsp/system.mss
TRACE::2026-08-19.23:29:30::SCWMssOS::Adding the swdes entry, mss present, able to open swdb C:/Users/gm/workspace_placebo_2/top/ps7_cortexa9_0/standalone_ps7_cortexa9_0/bsp/system.mss with des name system_0
TRACE::2026-08-19.23:29:30::SCWMssOS::Writing the mss file completed C:/Users/gm/workspace_placebo_2/top/ps7_cortexa9_0/standalone_ps7_cortexa9_0/bsp/system.mss
TRACE::2026-08-19.23:29:30::SCWMssOS::Commit changes completed.
TRACE::2026-08-19.23:29:30::SCWPlatform::Trying to open the hw design at C:/Users/gm/workspace_placebo_2/top/hw/top.xsa
TRACE::2026-08-19.23:29:30::SCWPlatform::DSA given C:/Users/gm/workspace_placebo_2/top/hw/top.xsa
TRACE::2026-08-19.23:29:30::SCWPlatform::DSA absoulate path C:/Users/gm/workspace_placebo_2/top/hw/top.xsa
TRACE::2026-08-19.23:29:30::SCWPlatform::DSA directory C:/Users/gm/workspace_placebo_2/top/hw
TRACE::2026-08-19.23:29:30::SCWPlatform:: Platform Path C:/Users/gm/workspace_placebo_2/top/hw/top.xsa
TRACE::2026-08-19.23:29:30::SCWPlatform:: Unique name xilinx:zedboard::0.0
TRACE::2026-08-19.23:29:30::SCWPlatform::Trying to set the existing hwdb with name top_0
TRACE::2026-08-19.23:29:30::SCWPlatform::Opened existing hwdb top_0
TRACE::2026-08-19.23:29:30::SCWPlatform::Found the Hw Db part of the input DSA
TRACE::2026-08-19.23:29:30::SCWMssOS::Checking the sw design at  C:/Users/gm/workspace_placebo_2/top/zynq_fsbl/zynq_fsbl_bsp/system.mss
TRACE::2026-08-19.23:29:30::SCWMssOS::DEBUG:  swdes dump  C:/Users/gm/workspace_placebo_2/top/ps7_cortexa9_0/standalone_ps7_cortexa9_0/bsp/system.mss|system_0||
C:/Users/gm/workspace_placebo_2/top/zynq_fsbl/zynq_fsbl_bsp/system.mss|system||

TRACE::2026-08-19.23:29:30::SCWMssOS::Sw design exists and opened at  C:/Users/gm/workspace_placebo_2/top/zynq_fsbl/zynq_fsbl_bsp/system.mss
TRACE::2026-08-19.23:29:30::SCWPlatform::Trying to open the hw design at C:/Users/gm/workspace_placebo_2/top/hw/top.xsa
TRACE::2026-08-19.23:29:30::SCWPlatform::DSA given C:/Users/gm/workspace_placebo_2/top/hw/top.xsa
TRACE::2026-08-19.23:29:30::SCWPlatform::DSA absoulate path C:/Users/gm/workspace_placebo_2/top/hw/top.xsa
TRACE::2026-08-19.23:29:30::SCWPlatform::DSA directory C:/Users/gm/workspace_placebo_2/top/hw
TRACE::2026-08-19.23:29:30::SCWPlatform:: Platform Path C:/Users/gm/workspace_placebo_2/top/hw/top.xsa
TRACE::2026-08-19.23:29:30::SCWPlatform:: Unique name xilinx:zedboard::0.0
TRACE::2026-08-19.23:29:30::SCWPlatform::Trying to set the existing hwdb with name top_0
TRACE::2026-08-19.23:29:30::SCWPlatform::Opened existing hwdb top_0
TRACE::2026-08-19.23:29:30::SCWPlatform::Found the Hw Db part of the input DSA
TRACE::2026-08-19.23:29:30::SCWMssOS::Checking the sw design at  C:/Users/gm/workspace_placebo_2/top/zynq_fsbl/zynq_fsbl_bsp/system.mss
TRACE::2026-08-19.23:29:30::SCWMssOS::DEBUG:  swdes dump  C:/Users/gm/workspace_placebo_2/top/ps7_cortexa9_0/standalone_ps7_cortexa9_0/bsp/system.mss|system_0||
C:/Users/gm/workspace_placebo_2/top/zynq_fsbl/zynq_fsbl_bsp/system.mss|system||

TRACE::2026-08-19.23:29:30::SCWMssOS::Sw design exists and opened at  C:/Users/gm/workspace_placebo_2/top/zynq_fsbl/zynq_fsbl_bsp/system.mss
TRACE::2026-08-19.23:29:30::SCWPlatform::Trying to open the hw design at C:/Users/gm/workspace_placebo_2/top/hw/top.xsa
TRACE::2026-08-19.23:29:30::SCWPlatform::DSA given C:/Users/gm/workspace_placebo_2/top/hw/top.xsa
TRACE::2026-08-19.23:29:30::SCWPlatform::DSA absoulate path C:/Users/gm/workspace_placebo_2/top/hw/top.xsa
TRACE::2026-08-19.23:29:30::SCWPlatform::DSA directory C:/Users/gm/workspace_placebo_2/top/hw
TRACE::2026-08-19.23:29:30::SCWPlatform:: Platform Path C:/Users/gm/workspace_placebo_2/top/hw/top.xsa
TRACE::2026-08-19.23:29:30::SCWPlatform:: Unique name xilinx:zedboard::0.0
TRACE::2026-08-19.23:29:30::SCWPlatform::Trying to set the existing hwdb with name top_0
TRACE::2026-08-19.23:29:30::SCWPlatform::Opened existing hwdb top_0
TRACE::2026-08-19.23:29:30::SCWPlatform::Found the Hw Db part of the input DSA
TRACE::2026-08-19.23:29:30::SCWMssOS::Checking the sw design at  C:/Users/gm/workspace_placebo_2/top/zynq_fsbl/zynq_fsbl_bsp/system.mss
TRACE::2026-08-19.23:29:30::SCWMssOS::DEBUG:  swdes dump  C:/Users/gm/workspace_placebo_2/top/ps7_cortexa9_0/standalone_ps7_cortexa9_0/bsp/system.mss|system_0||
C:/Users/gm/workspace_placebo_2/top/zynq_fsbl/zynq_fsbl_bsp/system.mss|system||

TRACE::2026-08-19.23:29:30::SCWMssOS::Sw design exists and opened at  C:/Users/gm/workspace_placebo_2/top/zynq_fsbl/zynq_fsbl_bsp/system.mss
TRACE::2026-08-19.23:29:30::SCWPlatform::Trying to open the hw design at C:/Users/gm/workspace_placebo_2/top/hw/top.xsa
TRACE::2026-08-19.23:29:30::SCWPlatform::DSA given C:/Users/gm/workspace_placebo_2/top/hw/top.xsa
TRACE::2026-08-19.23:29:30::SCWPlatform::DSA absoulate path C:/Users/gm/workspace_placebo_2/top/hw/top.xsa
TRACE::2026-08-19.23:29:30::SCWPlatform::DSA directory C:/Users/gm/workspace_placebo_2/top/hw
TRACE::2026-08-19.23:29:30::SCWPlatform:: Platform Path C:/Users/gm/workspace_placebo_2/top/hw/top.xsa
TRACE::2026-08-19.23:29:30::SCWPlatform:: Unique name xilinx:zedboard::0.0
TRACE::2026-08-19.23:29:30::SCWPlatform::Trying to set the existing hwdb with name top_0
TRACE::2026-08-19.23:29:30::SCWPlatform::Opened existing hwdb top_0
TRACE::2026-08-19.23:29:30::SCWPlatform::Found the Hw Db part of the input DSA
TRACE::2026-08-19.23:29:30::SCWMssOS::Checking the sw design at  C:/Users/gm/workspace_placebo_2/top/ps7_cortexa9_0/standalone_ps7_cortexa9_0/bsp/system.mss
TRACE::2026-08-19.23:29:30::SCWMssOS::DEBUG:  swdes dump  C:/Users/gm/workspace_placebo_2/top/ps7_cortexa9_0/standalone_ps7_cortexa9_0/bsp/system.mss|system_0||
C:/Users/gm/workspace_placebo_2/top/zynq_fsbl/zynq_fsbl_bsp/system.mss|system||

TRACE::2026-08-19.23:29:30::SCWMssOS::Sw design exists and opened at  C:/Users/gm/workspace_placebo_2/top/ps7_cortexa9_0/standalone_ps7_cortexa9_0/bsp/system.mss
TRACE::2026-08-19.23:29:30::SCWPlatform::Trying to open the hw design at C:/Users/gm/workspace_placebo_2/top/hw/top.xsa
TRACE::2026-08-19.23:29:30::SCWPlatform::DSA given C:/Users/gm/workspace_placebo_2/top/hw/top.xsa
TRACE::2026-08-19.23:29:30::SCWPlatform::DSA absoulate path C:/Users/gm/workspace_placebo_2/top/hw/top.xsa
TRACE::2026-08-19.23:29:30::SCWPlatform::DSA directory C:/Users/gm/workspace_placebo_2/top/hw
TRACE::2026-08-19.23:29:30::SCWPlatform:: Platform Path C:/Users/gm/workspace_placebo_2/top/hw/top.xsa
TRACE::2026-08-19.23:29:30::SCWPlatform:: Unique name xilinx:zedboard::0.0
TRACE::2026-08-19.23:29:30::SCWPlatform::Trying to set the existing hwdb with name top_0
TRACE::2026-08-19.23:29:30::SCWPlatform::Opened existing hwdb top_0
TRACE::2026-08-19.23:29:30::SCWPlatform::Found the Hw Db part of the input DSA
TRACE::2026-08-19.23:29:30::SCWMssOS::Checking the sw design at  C:/Users/gm/workspace_placebo_2/top/ps7_cortexa9_0/standalone_ps7_cortexa9_0/bsp/system.mss
TRACE::2026-08-19.23:29:30::SCWMssOS::DEBUG:  swdes dump  C:/Users/gm/workspace_placebo_2/top/ps7_cortexa9_0/standalone_ps7_cortexa9_0/bsp/system.mss|system_0||
C:/Users/gm/workspace_placebo_2/top/zynq_fsbl/zynq_fsbl_bsp/system.mss|system||

TRACE::2026-08-19.23:29:30::SCWMssOS::Sw design exists and opened at  C:/Users/gm/workspace_placebo_2/top/ps7_cortexa9_0/standalone_ps7_cortexa9_0/bsp/system.mss
TRACE::2026-08-19.23:29:30::SCWPlatform::Trying to open the hw design at C:/Users/gm/workspace_placebo_2/top/hw/top.xsa
TRACE::2026-08-19.23:29:30::SCWPlatform::DSA given C:/Users/gm/workspace_placebo_2/top/hw/top.xsa
TRACE::2026-08-19.23:29:30::SCWPlatform::DSA absoulate path C:/Users/gm/workspace_placebo_2/top/hw/top.xsa
TRACE::2026-08-19.23:29:30::SCWPlatform::DSA directory C:/Users/gm/workspace_placebo_2/top/hw
TRACE::2026-08-19.23:29:30::SCWPlatform:: Platform Path C:/Users/gm/workspace_placebo_2/top/hw/top.xsa
TRACE::2026-08-19.23:29:30::SCWPlatform:: Unique name xilinx:zedboard::0.0
TRACE::2026-08-19.23:29:30::SCWPlatform::Trying to set the existing hwdb with name top_0
TRACE::2026-08-19.23:29:30::SCWPlatform::Opened existing hwdb top_0
TRACE::2026-08-19.23:29:30::SCWPlatform::Found the Hw Db part of the input DSA
TRACE::2026-08-19.23:29:30::SCWMssOS::Checking the sw design at  C:/Users/gm/workspace_placebo_2/top/ps7_cortexa9_0/standalone_ps7_cortexa9_0/bsp/system.mss
TRACE::2026-08-19.23:29:30::SCWMssOS::DEBUG:  swdes dump  C:/Users/gm/workspace_placebo_2/top/ps7_cortexa9_0/standalone_ps7_cortexa9_0/bsp/system.mss|system_0||
C:/Users/gm/workspace_placebo_2/top/zynq_fsbl/zynq_fsbl_bsp/system.mss|system||

TRACE::2026-08-19.23:29:30::SCWMssOS::Sw design exists and opened at  C:/Users/gm/workspace_placebo_2/top/ps7_cortexa9_0/standalone_ps7_cortexa9_0/bsp/system.mss
TRACE::2026-08-19.23:29:30::SCWWriter::formatted JSON is {
	"platformName":	"top",
	"sprVersion":	"2.0",
	"mode":	"gui",
	"dsaType":	"Fixed",
	"platformDesc":	"top",
	"platHandOff":	"C:/Users/gm/Vivado Projects/complete_det_final_full_and_red/top.xsa",
	"platIntHandOff":	"<platformDir>/hw/top.xsa",
	"deviceType":	"zynq",
	"platIsPrebuiltAutogen":	"false",
	"platIsNoBootBsp":	"false",
	"platFsblTarget":	"ps7_cortexa9_0",
	"hasFsblMakeHasChanges":	"false",
	"hasPmufwMakeHasChanges":	"false",
	"fsblExtraCompilerFlags":	"-MMD -MP       -mcpu=cortex-a9 -mfpu=vfpv3 -mfloat-abi=hard ",
	"platPreBuiltFlag":	false,
	"platformSamplesDir":	"",
	"platActiveSys":	"top",
	"systems":	[{
			"systemName":	"top",
			"systemDesc":	"top",
			"sysIsBootAutoGen":	"true",
			"systemDispName":	"top",
			"sysActiveDom":	"standalone_ps7_cortexa9_0",
			"sysDefaultDom":	"standalone_ps7_cortexa9_0",
			"domains":	[{
					"domainName":	"zynq_fsbl",
					"domainDispName":	"zynq_fsbl",
					"domainDesc":	"FSBL Application BSP - Auto Generated.",
					"processors":	"ps7_cortexa9_0",
					"os":	"standalone",
					"sdxOs":	"standalone",
					"debugEnable":	"",
					"domRuntimes":	["cpp"],
					"swRepo":	"",
					"mssOsVer":	"8.1",
					"mssFile":	"",
					"md5Digest":	"997b4ecbe6ca295e7fdaedf3f0f38499",
					"compatibleApp":	"zynq_fsbl",
					"domType":	"bootDomain",
					"arch":	"32-bit",
					"appSettings":	{
						"appCompilerFlags":	"",
						"appLinkerFlags":	""
					},
					"addedLibs":	["xilffs:5.0", "xilrsa:1.6"],
					"libOptions":	{
						"libsContainingOptions":	[]
					},
					"prebuiltLibs":	{
						"prebuiltIncPath":	[],
						"prebuiltLibPath":	[]
					},
					"isolation":	{
					}
				}, {
					"domainName":	"standalone_ps7_cortexa9_0",
					"domainDispName":	"standalone_ps7_cortexa9_0",
					"domainDesc":	"standalone_ps7_cortexa9_0",
					"processors":	"ps7_cortexa9_0",
					"os":	"standalone",
					"sdxOs":	"standalone",
					"qemuArgs":	"<platformDir>/resources/top/standalone_ps7_cortexa9_0/qemu_args.txt",
					"qemuData":	"<platformDir>/resources/top/standalone_ps7_cortexa9_0/qemu",
					"debugEnable":	"False",
					"domRuntimes":	["cpp"],
					"swRepo":	"",
					"mssOsVer":	"8.1",
					"mssFile":	"",
					"md5Digest":	"c6313929da400c55d8f86bd5ce94215d",
					"compatibleApp":	"hello_world",
					"domType":	"mssDomain",
					"arch":	"32-bit",
					"appSettings":	{
						"appCompilerFlags":	"",
						"appLinkerFlags":	""
					},
					"addedLibs":	[],
					"libOptions":	{
						"libsContainingOptions":	[]
					},
					"prebuiltLibs":	{
						"prebuiltIncPath":	[],
						"prebuiltLibPath":	[]
					},
					"isolation":	{
					}
				}]
		}]
}
LOG::2026-08-19.23:29:30::SCWPlatform::Started generating the artifacts platform top
TRACE::2026-08-19.23:29:30::SCWPlatform::Sanity checking of platform is completed
LOG::2026-08-19.23:29:30::SCWPlatform::Started generating the artifacts for system configuration top
LOG::2026-08-19.23:29:30::SCWSystem::Checking the domain zynq_fsbl
LOG::2026-08-19.23:29:30::SCWSystem::Doing application build for :  zynq_fsbl
TRACE::2026-08-19.23:29:30::SCWBDomain::Not a forced makefile updation, No changes are present. 
TRACE::2026-08-19.23:29:30::SCWDomain::Skipping the build for domain :  zynq_fsbl
LOG::2026-08-19.23:29:30::SCWSystem::Checking the domain standalone_ps7_cortexa9_0
LOG::2026-08-19.23:29:30::SCWSystem::Not a boot domain 
LOG::2026-08-19.23:29:30::SCWSystem::Started Processing the domain standalone_ps7_cortexa9_0
TRACE::2026-08-19.23:29:30::SCWDomain::Generating domain artifcats
TRACE::2026-08-19.23:29:30::SCWMssOS::Generating standalone artifcats
TRACE::2026-08-19.23:29:30::SCWMssOS::Copying the qemu file from  C:/Users/gm/workspace_placebo_2/top/resources/top/standalone_ps7_cortexa9_0/qemu_args.txt To C:/Users/gm/workspace_placebo_2/top/export/top/sw/top/qemu/
TRACE::2026-08-19.23:29:30::SCWMssOS::Copying the qemu file from  C:/Users/gm/workspace_placebo_2/top/resources/top/standalone_ps7_cortexa9_0/qemu_args.txt To C:/Users/gm/workspace_placebo_2/top/export/top/sw/top/standalone_ps7_cortexa9_0/qemu/
TRACE::2026-08-19.23:29:30::SCWMssOS:: Copying the user libraries. 
TRACE::2026-08-19.23:29:30::SCWPlatform::Trying to open the hw design at C:/Users/gm/workspace_placebo_2/top/hw/top.xsa
TRACE::2026-08-19.23:29:30::SCWPlatform::DSA given C:/Users/gm/workspace_placebo_2/top/hw/top.xsa
TRACE::2026-08-19.23:29:30::SCWPlatform::DSA absoulate path C:/Users/gm/workspace_placebo_2/top/hw/top.xsa
TRACE::2026-08-19.23:29:30::SCWPlatform::DSA directory C:/Users/gm/workspace_placebo_2/top/hw
TRACE::2026-08-19.23:29:30::SCWPlatform:: Platform Path C:/Users/gm/workspace_placebo_2/top/hw/top.xsa
TRACE::2026-08-19.23:29:30::SCWPlatform:: Unique name xilinx:zedboard::0.0
TRACE::2026-08-19.23:29:30::SCWPlatform::Trying to set the existing hwdb with name top_0
TRACE::2026-08-19.23:29:30::SCWPlatform::Opened existing hwdb top_0
TRACE::2026-08-19.23:29:30::SCWPlatform::Found the Hw Db part of the input DSA
TRACE::2026-08-19.23:29:30::SCWMssOS::Checking the sw design at  C:/Users/gm/workspace_placebo_2/top/ps7_cortexa9_0/standalone_ps7_cortexa9_0/bsp/system.mss
TRACE::2026-08-19.23:29:30::SCWMssOS::DEBUG:  swdes dump  C:/Users/gm/workspace_placebo_2/top/ps7_cortexa9_0/standalone_ps7_cortexa9_0/bsp/system.mss|system_0||
C:/Users/gm/workspace_placebo_2/top/zynq_fsbl/zynq_fsbl_bsp/system.mss|system||

TRACE::2026-08-19.23:29:30::SCWMssOS::Sw design exists and opened at  C:/Users/gm/workspace_placebo_2/top/ps7_cortexa9_0/standalone_ps7_cortexa9_0/bsp/system.mss
TRACE::2026-08-19.23:29:30::SCWMssOS::Completed writing the mss file at C:/Users/gm/workspace_placebo_2/top/ps7_cortexa9_0/standalone_ps7_cortexa9_0/bsp
TRACE::2026-08-19.23:29:30::SCWMssOS::Mss edits present, copying mssfile into export location C:/Users/gm/workspace_placebo_2/top/ps7_cortexa9_0/standalone_ps7_cortexa9_0/bsp/system.mss
TRACE::2026-08-19.23:29:30::SCWMssOS::bsp generated is upto date with the mss file. Skipping bsp generation.
TRACE::2026-08-19.23:29:30::SCWMssOS::BSP is already built. skipping the bsp build ... 
TRACE::2026-08-19.23:29:30::SCWDomain::Skipping the build for domain :  standalone_ps7_cortexa9_0
TRACE::2026-08-19.23:29:30::SCWMssOS::skipping the bsp build ... 
TRACE::2026-08-19.23:29:30::SCWMssOS::Copying to export directory.
TRACE::2026-08-19.23:29:30::SCWMssOS:: Checking if to create the Supporting Applications
TRACE::2026-08-19.23:29:30::SCWMssOS:: No Linux domain exists, trying to generate FSBL 
TRACE::2026-08-19.23:29:30::SCWMssOS:: Completed Standalone Artifacts creation 
LOG::2026-08-19.23:29:30::SCWSystem::Completed Processing the domain standalone_ps7_cortexa9_0
LOG::2026-08-19.23:29:30::SCWSystem::Completed Processing the sysconfig top
LOG::2026-08-19.23:29:30::SCWPlatform::Completed generating the artifacts for system configuration top
TRACE::2026-08-19.23:29:30::SCWPlatform::Started preparing the platform 
TRACE::2026-08-19.23:29:30::SCWSystem::Writing the bif file for system config top
TRACE::2026-08-19.23:29:30::SCWSystem::dir created 
TRACE::2026-08-19.23:29:30::SCWSystem::Writing the bif 
TRACE::2026-08-19.23:29:30::SCWPlatform::Started writing the spfm file 
TRACE::2026-08-19.23:29:30::SCWPlatform::Started writing the xpfm file 
TRACE::2026-08-19.23:29:30::SCWPlatform::Completed generating the platform
TRACE::2026-08-19.23:29:30::SCWMssOS::Saving the mss changes C:/Users/gm/workspace_placebo_2/top/zynq_fsbl/zynq_fsbl_bsp/system.mss
TRACE::2026-08-19.23:29:30::SCWMssOS::Found a swdesign opened with the mssfile.
TRACE::2026-08-19.23:29:30::SCWMssOS::Completed writemss as part of save.
TRACE::2026-08-19.23:29:30::SCWMssOS::Commit changes completed.
TRACE::2026-08-19.23:29:30::SCWMssOS::Saving the mss changes C:/Users/gm/workspace_placebo_2/top/ps7_cortexa9_0/standalone_ps7_cortexa9_0/bsp/system.mss
TRACE::2026-08-19.23:29:30::SCWMssOS::Found a swdesign opened with the mssfile.
TRACE::2026-08-19.23:29:30::SCWMssOS::Completed writemss as part of save.
TRACE::2026-08-19.23:29:30::SCWMssOS::Commit changes completed.
TRACE::2026-08-19.23:29:30::SCWPlatform::Trying to open the hw design at C:/Users/gm/workspace_placebo_2/top/hw/top.xsa
TRACE::2026-08-19.23:29:30::SCWPlatform::DSA given C:/Users/gm/workspace_placebo_2/top/hw/top.xsa
TRACE::2026-08-19.23:29:30::SCWPlatform::DSA absoulate path C:/Users/gm/workspace_placebo_2/top/hw/top.xsa
TRACE::2026-08-19.23:29:30::SCWPlatform::DSA directory C:/Users/gm/workspace_placebo_2/top/hw
TRACE::2026-08-19.23:29:30::SCWPlatform:: Platform Path C:/Users/gm/workspace_placebo_2/top/hw/top.xsa
TRACE::2026-08-19.23:29:30::SCWPlatform:: Unique name xilinx:zedboard::0.0
TRACE::2026-08-19.23:29:30::SCWPlatform::Trying to set the existing hwdb with name top_0
TRACE::2026-08-19.23:29:30::SCWPlatform::Opened existing hwdb top_0
TRACE::2026-08-19.23:29:30::SCWPlatform::Found the Hw Db part of the input DSA
TRACE::2026-08-19.23:29:30::SCWMssOS::Checking the sw design at  C:/Users/gm/workspace_placebo_2/top/zynq_fsbl/zynq_fsbl_bsp/system.mss
TRACE::2026-08-19.23:29:30::SCWMssOS::DEBUG:  swdes dump  C:/Users/gm/workspace_placebo_2/top/ps7_cortexa9_0/standalone_ps7_cortexa9_0/bsp/system.mss|system_0||
C:/Users/gm/workspace_placebo_2/top/zynq_fsbl/zynq_fsbl_bsp/system.mss|system||

TRACE::2026-08-19.23:29:30::SCWMssOS::Sw design exists and opened at  C:/Users/gm/workspace_placebo_2/top/zynq_fsbl/zynq_fsbl_bsp/system.mss
TRACE::2026-08-19.23:29:30::SCWPlatform::Trying to open the hw design at C:/Users/gm/workspace_placebo_2/top/hw/top.xsa
TRACE::2026-08-19.23:29:30::SCWPlatform::DSA given C:/Users/gm/workspace_placebo_2/top/hw/top.xsa
TRACE::2026-08-19.23:29:30::SCWPlatform::DSA absoulate path C:/Users/gm/workspace_placebo_2/top/hw/top.xsa
TRACE::2026-08-19.23:29:30::SCWPlatform::DSA directory C:/Users/gm/workspace_placebo_2/top/hw
TRACE::2026-08-19.23:29:30::SCWPlatform:: Platform Path C:/Users/gm/workspace_placebo_2/top/hw/top.xsa
TRACE::2026-08-19.23:29:30::SCWPlatform:: Unique name xilinx:zedboard::0.0
TRACE::2026-08-19.23:29:30::SCWPlatform::Trying to set the existing hwdb with name top_0
TRACE::2026-08-19.23:29:30::SCWPlatform::Opened existing hwdb top_0
TRACE::2026-08-19.23:29:30::SCWPlatform::Found the Hw Db part of the input DSA
TRACE::2026-08-19.23:29:30::SCWMssOS::Checking the sw design at  C:/Users/gm/workspace_placebo_2/top/zynq_fsbl/zynq_fsbl_bsp/system.mss
TRACE::2026-08-19.23:29:30::SCWMssOS::DEBUG:  swdes dump  C:/Users/gm/workspace_placebo_2/top/ps7_cortexa9_0/standalone_ps7_cortexa9_0/bsp/system.mss|system_0||
C:/Users/gm/workspace_placebo_2/top/zynq_fsbl/zynq_fsbl_bsp/system.mss|system||

TRACE::2026-08-19.23:29:30::SCWMssOS::Sw design exists and opened at  C:/Users/gm/workspace_placebo_2/top/zynq_fsbl/zynq_fsbl_bsp/system.mss
TRACE::2026-08-19.23:29:30::SCWPlatform::Trying to open the hw design at C:/Users/gm/workspace_placebo_2/top/hw/top.xsa
TRACE::2026-08-19.23:29:30::SCWPlatform::DSA given C:/Users/gm/workspace_placebo_2/top/hw/top.xsa
TRACE::2026-08-19.23:29:30::SCWPlatform::DSA absoulate path C:/Users/gm/workspace_placebo_2/top/hw/top.xsa
TRACE::2026-08-19.23:29:30::SCWPlatform::DSA directory C:/Users/gm/workspace_placebo_2/top/hw
TRACE::2026-08-19.23:29:30::SCWPlatform:: Platform Path C:/Users/gm/workspace_placebo_2/top/hw/top.xsa
TRACE::2026-08-19.23:29:30::SCWPlatform:: Unique name xilinx:zedboard::0.0
TRACE::2026-08-19.23:29:30::SCWPlatform::Trying to set the existing hwdb with name top_0
TRACE::2026-08-19.23:29:30::SCWPlatform::Opened existing hwdb top_0
TRACE::2026-08-19.23:29:30::SCWPlatform::Found the Hw Db part of the input DSA
TRACE::2026-08-19.23:29:30::SCWMssOS::Checking the sw design at  C:/Users/gm/workspace_placebo_2/top/zynq_fsbl/zynq_fsbl_bsp/system.mss
TRACE::2026-08-19.23:29:30::SCWMssOS::DEBUG:  swdes dump  C:/Users/gm/workspace_placebo_2/top/ps7_cortexa9_0/standalone_ps7_cortexa9_0/bsp/system.mss|system_0||
C:/Users/gm/workspace_placebo_2/top/zynq_fsbl/zynq_fsbl_bsp/system.mss|system||

TRACE::2026-08-19.23:29:30::SCWMssOS::Sw design exists and opened at  C:/Users/gm/workspace_placebo_2/top/zynq_fsbl/zynq_fsbl_bsp/system.mss
TRACE::2026-08-19.23:29:30::SCWPlatform::Trying to open the hw design at C:/Users/gm/workspace_placebo_2/top/hw/top.xsa
TRACE::2026-08-19.23:29:30::SCWPlatform::DSA given C:/Users/gm/workspace_placebo_2/top/hw/top.xsa
TRACE::2026-08-19.23:29:30::SCWPlatform::DSA absoulate path C:/Users/gm/workspace_placebo_2/top/hw/top.xsa
TRACE::2026-08-19.23:29:30::SCWPlatform::DSA directory C:/Users/gm/workspace_placebo_2/top/hw
TRACE::2026-08-19.23:29:30::SCWPlatform:: Platform Path C:/Users/gm/workspace_placebo_2/top/hw/top.xsa
TRACE::2026-08-19.23:29:30::SCWPlatform:: Unique name xilinx:zedboard::0.0
TRACE::2026-08-19.23:29:30::SCWPlatform::Trying to set the existing hwdb with name top_0
TRACE::2026-08-19.23:29:30::SCWPlatform::Opened existing hwdb top_0
TRACE::2026-08-19.23:29:30::SCWPlatform::Found the Hw Db part of the input DSA
TRACE::2026-08-19.23:29:30::SCWMssOS::Checking the sw design at  C:/Users/gm/workspace_placebo_2/top/ps7_cortexa9_0/standalone_ps7_cortexa9_0/bsp/system.mss
TRACE::2026-08-19.23:29:30::SCWMssOS::DEBUG:  swdes dump  C:/Users/gm/workspace_placebo_2/top/ps7_cortexa9_0/standalone_ps7_cortexa9_0/bsp/system.mss|system_0||
C:/Users/gm/workspace_placebo_2/top/zynq_fsbl/zynq_fsbl_bsp/system.mss|system||

TRACE::2026-08-19.23:29:30::SCWMssOS::Sw design exists and opened at  C:/Users/gm/workspace_placebo_2/top/ps7_cortexa9_0/standalone_ps7_cortexa9_0/bsp/system.mss
TRACE::2026-08-19.23:29:30::SCWPlatform::Trying to open the hw design at C:/Users/gm/workspace_placebo_2/top/hw/top.xsa
TRACE::2026-08-19.23:29:30::SCWPlatform::DSA given C:/Users/gm/workspace_placebo_2/top/hw/top.xsa
TRACE::2026-08-19.23:29:30::SCWPlatform::DSA absoulate path C:/Users/gm/workspace_placebo_2/top/hw/top.xsa
TRACE::2026-08-19.23:29:30::SCWPlatform::DSA directory C:/Users/gm/workspace_placebo_2/top/hw
TRACE::2026-08-19.23:29:30::SCWPlatform:: Platform Path C:/Users/gm/workspace_placebo_2/top/hw/top.xsa
TRACE::2026-08-19.23:29:30::SCWPlatform:: Unique name xilinx:zedboard::0.0
TRACE::2026-08-19.23:29:30::SCWPlatform::Trying to set the existing hwdb with name top_0
TRACE::2026-08-19.23:29:30::SCWPlatform::Opened existing hwdb top_0
TRACE::2026-08-19.23:29:30::SCWPlatform::Found the Hw Db part of the input DSA
TRACE::2026-08-19.23:29:30::SCWMssOS::Checking the sw design at  C:/Users/gm/workspace_placebo_2/top/ps7_cortexa9_0/standalone_ps7_cortexa9_0/bsp/system.mss
TRACE::2026-08-19.23:29:30::SCWMssOS::DEBUG:  swdes dump  C:/Users/gm/workspace_placebo_2/top/ps7_cortexa9_0/standalone_ps7_cortexa9_0/bsp/system.mss|system_0||
C:/Users/gm/workspace_placebo_2/top/zynq_fsbl/zynq_fsbl_bsp/system.mss|system||

TRACE::2026-08-19.23:29:30::SCWMssOS::Sw design exists and opened at  C:/Users/gm/workspace_placebo_2/top/ps7_cortexa9_0/standalone_ps7_cortexa9_0/bsp/system.mss
TRACE::2026-08-19.23:29:30::SCWPlatform::Trying to open the hw design at C:/Users/gm/workspace_placebo_2/top/hw/top.xsa
TRACE::2026-08-19.23:29:30::SCWPlatform::DSA given C:/Users/gm/workspace_placebo_2/top/hw/top.xsa
TRACE::2026-08-19.23:29:30::SCWPlatform::DSA absoulate path C:/Users/gm/workspace_placebo_2/top/hw/top.xsa
TRACE::2026-08-19.23:29:30::SCWPlatform::DSA directory C:/Users/gm/workspace_placebo_2/top/hw
TRACE::2026-08-19.23:29:30::SCWPlatform:: Platform Path C:/Users/gm/workspace_placebo_2/top/hw/top.xsa
TRACE::2026-08-19.23:29:30::SCWPlatform:: Unique name xilinx:zedboard::0.0
TRACE::2026-08-19.23:29:30::SCWPlatform::Trying to set the existing hwdb with name top_0
TRACE::2026-08-19.23:29:30::SCWPlatform::Opened existing hwdb top_0
TRACE::2026-08-19.23:29:30::SCWPlatform::Found the Hw Db part of the input DSA
TRACE::2026-08-19.23:29:30::SCWMssOS::Checking the sw design at  C:/Users/gm/workspace_placebo_2/top/ps7_cortexa9_0/standalone_ps7_cortexa9_0/bsp/system.mss
TRACE::2026-08-19.23:29:30::SCWMssOS::DEBUG:  swdes dump  C:/Users/gm/workspace_placebo_2/top/ps7_cortexa9_0/standalone_ps7_cortexa9_0/bsp/system.mss|system_0||
C:/Users/gm/workspace_placebo_2/top/zynq_fsbl/zynq_fsbl_bsp/system.mss|system||

TRACE::2026-08-19.23:29:30::SCWMssOS::Sw design exists and opened at  C:/Users/gm/workspace_placebo_2/top/ps7_cortexa9_0/standalone_ps7_cortexa9_0/bsp/system.mss
TRACE::2026-08-19.23:29:30::SCWWriter::formatted JSON is {
	"platformName":	"top",
	"sprVersion":	"2.0",
	"mode":	"gui",
	"dsaType":	"Fixed",
	"platformDesc":	"top",
	"platHandOff":	"C:/Users/gm/Vivado Projects/complete_det_final_full_and_red/top.xsa",
	"platIntHandOff":	"<platformDir>/hw/top.xsa",
	"deviceType":	"zynq",
	"platIsPrebuiltAutogen":	"false",
	"platIsNoBootBsp":	"false",
	"platFsblTarget":	"ps7_cortexa9_0",
	"hasFsblMakeHasChanges":	"false",
	"hasPmufwMakeHasChanges":	"false",
	"fsblExtraCompilerFlags":	"-MMD -MP       -mcpu=cortex-a9 -mfpu=vfpv3 -mfloat-abi=hard ",
	"platPreBuiltFlag":	false,
	"platformSamplesDir":	"",
	"platActiveSys":	"top",
	"systems":	[{
			"systemName":	"top",
			"systemDesc":	"top",
			"sysIsBootAutoGen":	"true",
			"systemDispName":	"top",
			"sysActiveDom":	"standalone_ps7_cortexa9_0",
			"sysDefaultDom":	"standalone_ps7_cortexa9_0",
			"domains":	[{
					"domainName":	"zynq_fsbl",
					"domainDispName":	"zynq_fsbl",
					"domainDesc":	"FSBL Application BSP - Auto Generated.",
					"processors":	"ps7_cortexa9_0",
					"os":	"standalone",
					"sdxOs":	"standalone",
					"debugEnable":	"",
					"domRuntimes":	["cpp"],
					"swRepo":	"",
					"mssOsVer":	"8.1",
					"mssFile":	"",
					"md5Digest":	"997b4ecbe6ca295e7fdaedf3f0f38499",
					"compatibleApp":	"zynq_fsbl",
					"domType":	"bootDomain",
					"arch":	"32-bit",
					"appSettings":	{
						"appCompilerFlags":	"",
						"appLinkerFlags":	""
					},
					"addedLibs":	["xilffs:5.0", "xilrsa:1.6"],
					"libOptions":	{
						"libsContainingOptions":	[]
					},
					"prebuiltLibs":	{
						"prebuiltIncPath":	[],
						"prebuiltLibPath":	[]
					},
					"isolation":	{
					}
				}, {
					"domainName":	"standalone_ps7_cortexa9_0",
					"domainDispName":	"standalone_ps7_cortexa9_0",
					"domainDesc":	"standalone_ps7_cortexa9_0",
					"processors":	"ps7_cortexa9_0",
					"os":	"standalone",
					"sdxOs":	"standalone",
					"qemuArgs":	"<platformDir>/resources/top/standalone_ps7_cortexa9_0/qemu_args.txt",
					"qemuData":	"<platformDir>/resources/top/standalone_ps7_cortexa9_0/qemu",
					"debugEnable":	"False",
					"domRuntimes":	["cpp"],
					"swRepo":	"",
					"mssOsVer":	"8.1",
					"mssFile":	"",
					"md5Digest":	"c6313929da400c55d8f86bd5ce94215d",
					"compatibleApp":	"hello_world",
					"domType":	"mssDomain",
					"arch":	"32-bit",
					"appSettings":	{
						"appCompilerFlags":	"",
						"appLinkerFlags":	""
					},
					"addedLibs":	[],
					"libOptions":	{
						"libsContainingOptions":	[]
					},
					"prebuiltLibs":	{
						"prebuiltIncPath":	[],
						"prebuiltLibPath":	[]
					},
					"isolation":	{
					}
				}]
		}]
}
KEYINFO::2026-08-19.23:29:30::SCWPlatform::updated the xpfm file.
TRACE::2026-08-19.23:29:30::SCWPlatform::Trying to open the hw design at C:/Users/gm/workspace_placebo_2/top/hw/top.xsa
TRACE::2026-08-19.23:29:30::SCWPlatform::DSA given C:/Users/gm/workspace_placebo_2/top/hw/top.xsa
TRACE::2026-08-19.23:29:30::SCWPlatform::DSA absoulate path C:/Users/gm/workspace_placebo_2/top/hw/top.xsa
TRACE::2026-08-19.23:29:30::SCWPlatform::DSA directory C:/Users/gm/workspace_placebo_2/top/hw
TRACE::2026-08-19.23:29:30::SCWPlatform:: Platform Path C:/Users/gm/workspace_placebo_2/top/hw/top.xsa
TRACE::2026-08-19.23:29:30::SCWPlatform:: Unique name xilinx:zedboard::0.0
TRACE::2026-08-19.23:29:30::SCWPlatform::Trying to set the existing hwdb with name top_0
TRACE::2026-08-19.23:29:30::SCWPlatform::Opened existing hwdb top_0
TRACE::2026-08-19.23:29:30::SCWPlatform::Found the Hw Db part of the input DSA
TRACE::2026-08-19.23:29:30::SCWMssOS::Checking the sw design at  C:/Users/gm/workspace_placebo_2/top/ps7_cortexa9_0/standalone_ps7_cortexa9_0/bsp/system.mss
TRACE::2026-08-19.23:29:30::SCWMssOS::DEBUG:  swdes dump  C:/Users/gm/workspace_placebo_2/top/ps7_cortexa9_0/standalone_ps7_cortexa9_0/bsp/system.mss|system_0||
C:/Users/gm/workspace_placebo_2/top/zynq_fsbl/zynq_fsbl_bsp/system.mss|system||

TRACE::2026-08-19.23:29:30::SCWMssOS::Sw design exists and opened at  C:/Users/gm/workspace_placebo_2/top/ps7_cortexa9_0/standalone_ps7_cortexa9_0/bsp/system.mss
TRACE::2026-08-19.23:29:30::SCWMssOS::Saving the mss changes C:/Users/gm/workspace_placebo_2/top/zynq_fsbl/zynq_fsbl_bsp/system.mss
TRACE::2026-08-19.23:29:30::SCWMssOS::Found a swdesign opened with the mssfile.
TRACE::2026-08-19.23:29:30::SCWMssOS::Completed writemss as part of save.
TRACE::2026-08-19.23:29:30::SCWMssOS::Commit changes completed.
TRACE::2026-08-19.23:29:30::SCWMssOS::Saving the mss changes C:/Users/gm/workspace_placebo_2/top/ps7_cortexa9_0/standalone_ps7_cortexa9_0/bsp/system.mss
TRACE::2026-08-19.23:29:30::SCWMssOS::Found a swdesign opened with the mssfile.
TRACE::2026-08-19.23:29:30::SCWMssOS::Completed writemss as part of save.
TRACE::2026-08-19.23:29:30::SCWMssOS::Commit changes completed.
TRACE::2026-08-19.23:29:30::SCWPlatform::Trying to open the hw design at C:/Users/gm/workspace_placebo_2/top/hw/top.xsa
TRACE::2026-08-19.23:29:30::SCWPlatform::DSA given C:/Users/gm/workspace_placebo_2/top/hw/top.xsa
TRACE::2026-08-19.23:29:30::SCWPlatform::DSA absoulate path C:/Users/gm/workspace_placebo_2/top/hw/top.xsa
TRACE::2026-08-19.23:29:30::SCWPlatform::DSA directory C:/Users/gm/workspace_placebo_2/top/hw
TRACE::2026-08-19.23:29:30::SCWPlatform:: Platform Path C:/Users/gm/workspace_placebo_2/top/hw/top.xsa
TRACE::2026-08-19.23:29:30::SCWPlatform:: Unique name xilinx:zedboard::0.0
TRACE::2026-08-19.23:29:30::SCWPlatform::Trying to set the existing hwdb with name top_0
TRACE::2026-08-19.23:29:30::SCWPlatform::Opened existing hwdb top_0
TRACE::2026-08-19.23:29:30::SCWPlatform::Found the Hw Db part of the input DSA
TRACE::2026-08-19.23:29:30::SCWMssOS::Checking the sw design at  C:/Users/gm/workspace_placebo_2/top/zynq_fsbl/zynq_fsbl_bsp/system.mss
TRACE::2026-08-19.23:29:30::SCWMssOS::DEBUG:  swdes dump  C:/Users/gm/workspace_placebo_2/top/ps7_cortexa9_0/standalone_ps7_cortexa9_0/bsp/system.mss|system_0||
C:/Users/gm/workspace_placebo_2/top/zynq_fsbl/zynq_fsbl_bsp/system.mss|system||

TRACE::2026-08-19.23:29:30::SCWMssOS::Sw design exists and opened at  C:/Users/gm/workspace_placebo_2/top/zynq_fsbl/zynq_fsbl_bsp/system.mss
TRACE::2026-08-19.23:29:30::SCWPlatform::Trying to open the hw design at C:/Users/gm/workspace_placebo_2/top/hw/top.xsa
TRACE::2026-08-19.23:29:30::SCWPlatform::DSA given C:/Users/gm/workspace_placebo_2/top/hw/top.xsa
TRACE::2026-08-19.23:29:30::SCWPlatform::DSA absoulate path C:/Users/gm/workspace_placebo_2/top/hw/top.xsa
TRACE::2026-08-19.23:29:30::SCWPlatform::DSA directory C:/Users/gm/workspace_placebo_2/top/hw
TRACE::2026-08-19.23:29:30::SCWPlatform:: Platform Path C:/Users/gm/workspace_placebo_2/top/hw/top.xsa
TRACE::2026-08-19.23:29:30::SCWPlatform:: Unique name xilinx:zedboard::0.0
TRACE::2026-08-19.23:29:30::SCWPlatform::Trying to set the existing hwdb with name top_0
TRACE::2026-08-19.23:29:30::SCWPlatform::Opened existing hwdb top_0
TRACE::2026-08-19.23:29:30::SCWPlatform::Found the Hw Db part of the input DSA
TRACE::2026-08-19.23:29:30::SCWMssOS::Checking the sw design at  C:/Users/gm/workspace_placebo_2/top/zynq_fsbl/zynq_fsbl_bsp/system.mss
TRACE::2026-08-19.23:29:30::SCWMssOS::DEBUG:  swdes dump  C:/Users/gm/workspace_placebo_2/top/ps7_cortexa9_0/standalone_ps7_cortexa9_0/bsp/system.mss|system_0||
C:/Users/gm/workspace_placebo_2/top/zynq_fsbl/zynq_fsbl_bsp/system.mss|system||

TRACE::2026-08-19.23:29:30::SCWMssOS::Sw design exists and opened at  C:/Users/gm/workspace_placebo_2/top/zynq_fsbl/zynq_fsbl_bsp/system.mss
TRACE::2026-08-19.23:29:30::SCWPlatform::Trying to open the hw design at C:/Users/gm/workspace_placebo_2/top/hw/top.xsa
TRACE::2026-08-19.23:29:30::SCWPlatform::DSA given C:/Users/gm/workspace_placebo_2/top/hw/top.xsa
TRACE::2026-08-19.23:29:30::SCWPlatform::DSA absoulate path C:/Users/gm/workspace_placebo_2/top/hw/top.xsa
TRACE::2026-08-19.23:29:30::SCWPlatform::DSA directory C:/Users/gm/workspace_placebo_2/top/hw
TRACE::2026-08-19.23:29:30::SCWPlatform:: Platform Path C:/Users/gm/workspace_placebo_2/top/hw/top.xsa
TRACE::2026-08-19.23:29:30::SCWPlatform:: Unique name xilinx:zedboard::0.0
TRACE::2026-08-19.23:29:30::SCWPlatform::Trying to set the existing hwdb with name top_0
TRACE::2026-08-19.23:29:30::SCWPlatform::Opened existing hwdb top_0
TRACE::2026-08-19.23:29:30::SCWPlatform::Found the Hw Db part of the input DSA
TRACE::2026-08-19.23:29:30::SCWMssOS::Checking the sw design at  C:/Users/gm/workspace_placebo_2/top/zynq_fsbl/zynq_fsbl_bsp/system.mss
TRACE::2026-08-19.23:29:30::SCWMssOS::DEBUG:  swdes dump  C:/Users/gm/workspace_placebo_2/top/ps7_cortexa9_0/standalone_ps7_cortexa9_0/bsp/system.mss|system_0||
C:/Users/gm/workspace_placebo_2/top/zynq_fsbl/zynq_fsbl_bsp/system.mss|system||

TRACE::2026-08-19.23:29:30::SCWMssOS::Sw design exists and opened at  C:/Users/gm/workspace_placebo_2/top/zynq_fsbl/zynq_fsbl_bsp/system.mss
TRACE::2026-08-19.23:29:30::SCWPlatform::Trying to open the hw design at C:/Users/gm/workspace_placebo_2/top/hw/top.xsa
TRACE::2026-08-19.23:29:30::SCWPlatform::DSA given C:/Users/gm/workspace_placebo_2/top/hw/top.xsa
TRACE::2026-08-19.23:29:30::SCWPlatform::DSA absoulate path C:/Users/gm/workspace_placebo_2/top/hw/top.xsa
TRACE::2026-08-19.23:29:30::SCWPlatform::DSA directory C:/Users/gm/workspace_placebo_2/top/hw
TRACE::2026-08-19.23:29:30::SCWPlatform:: Platform Path C:/Users/gm/workspace_placebo_2/top/hw/top.xsa
TRACE::2026-08-19.23:29:30::SCWPlatform:: Unique name xilinx:zedboard::0.0
TRACE::2026-08-19.23:29:30::SCWPlatform::Trying to set the existing hwdb with name top_0
TRACE::2026-08-19.23:29:30::SCWPlatform::Opened existing hwdb top_0
TRACE::2026-08-19.23:29:30::SCWPlatform::Found the Hw Db part of the input DSA
TRACE::2026-08-19.23:29:30::SCWMssOS::Checking the sw design at  C:/Users/gm/workspace_placebo_2/top/ps7_cortexa9_0/standalone_ps7_cortexa9_0/bsp/system.mss
TRACE::2026-08-19.23:29:30::SCWMssOS::DEBUG:  swdes dump  C:/Users/gm/workspace_placebo_2/top/ps7_cortexa9_0/standalone_ps7_cortexa9_0/bsp/system.mss|system_0||
C:/Users/gm/workspace_placebo_2/top/zynq_fsbl/zynq_fsbl_bsp/system.mss|system||

TRACE::2026-08-19.23:29:30::SCWMssOS::Sw design exists and opened at  C:/Users/gm/workspace_placebo_2/top/ps7_cortexa9_0/standalone_ps7_cortexa9_0/bsp/system.mss
TRACE::2026-08-19.23:29:30::SCWPlatform::Trying to open the hw design at C:/Users/gm/workspace_placebo_2/top/hw/top.xsa
TRACE::2026-08-19.23:29:30::SCWPlatform::DSA given C:/Users/gm/workspace_placebo_2/top/hw/top.xsa
TRACE::2026-08-19.23:29:30::SCWPlatform::DSA absoulate path C:/Users/gm/workspace_placebo_2/top/hw/top.xsa
TRACE::2026-08-19.23:29:30::SCWPlatform::DSA directory C:/Users/gm/workspace_placebo_2/top/hw
TRACE::2026-08-19.23:29:30::SCWPlatform:: Platform Path C:/Users/gm/workspace_placebo_2/top/hw/top.xsa
TRACE::2026-08-19.23:29:30::SCWPlatform:: Unique name xilinx:zedboard::0.0
TRACE::2026-08-19.23:29:30::SCWPlatform::Trying to set the existing hwdb with name top_0
TRACE::2026-08-19.23:29:30::SCWPlatform::Opened existing hwdb top_0
TRACE::2026-08-19.23:29:30::SCWPlatform::Found the Hw Db part of the input DSA
TRACE::2026-08-19.23:29:30::SCWMssOS::Checking the sw design at  C:/Users/gm/workspace_placebo_2/top/ps7_cortexa9_0/standalone_ps7_cortexa9_0/bsp/system.mss
TRACE::2026-08-19.23:29:30::SCWMssOS::DEBUG:  swdes dump  C:/Users/gm/workspace_placebo_2/top/ps7_cortexa9_0/standalone_ps7_cortexa9_0/bsp/system.mss|system_0||
C:/Users/gm/workspace_placebo_2/top/zynq_fsbl/zynq_fsbl_bsp/system.mss|system||

TRACE::2026-08-19.23:29:30::SCWMssOS::Sw design exists and opened at  C:/Users/gm/workspace_placebo_2/top/ps7_cortexa9_0/standalone_ps7_cortexa9_0/bsp/system.mss
TRACE::2026-08-19.23:29:30::SCWPlatform::Trying to open the hw design at C:/Users/gm/workspace_placebo_2/top/hw/top.xsa
TRACE::2026-08-19.23:29:30::SCWPlatform::DSA given C:/Users/gm/workspace_placebo_2/top/hw/top.xsa
TRACE::2026-08-19.23:29:30::SCWPlatform::DSA absoulate path C:/Users/gm/workspace_placebo_2/top/hw/top.xsa
TRACE::2026-08-19.23:29:30::SCWPlatform::DSA directory C:/Users/gm/workspace_placebo_2/top/hw
TRACE::2026-08-19.23:29:30::SCWPlatform:: Platform Path C:/Users/gm/workspace_placebo_2/top/hw/top.xsa
TRACE::2026-08-19.23:29:30::SCWPlatform:: Unique name xilinx:zedboard::0.0
TRACE::2026-08-19.23:29:30::SCWPlatform::Trying to set the existing hwdb with name top_0
TRACE::2026-08-19.23:29:30::SCWPlatform::Opened existing hwdb top_0
TRACE::2026-08-19.23:29:30::SCWPlatform::Found the Hw Db part of the input DSA
TRACE::2026-08-19.23:29:30::SCWMssOS::Checking the sw design at  C:/Users/gm/workspace_placebo_2/top/ps7_cortexa9_0/standalone_ps7_cortexa9_0/bsp/system.mss
TRACE::2026-08-19.23:29:30::SCWMssOS::DEBUG:  swdes dump  C:/Users/gm/workspace_placebo_2/top/ps7_cortexa9_0/standalone_ps7_cortexa9_0/bsp/system.mss|system_0||
C:/Users/gm/workspace_placebo_2/top/zynq_fsbl/zynq_fsbl_bsp/system.mss|system||

TRACE::2026-08-19.23:29:30::SCWMssOS::Sw design exists and opened at  C:/Users/gm/workspace_placebo_2/top/ps7_cortexa9_0/standalone_ps7_cortexa9_0/bsp/system.mss
TRACE::2026-08-19.23:29:30::SCWWriter::formatted JSON is {
	"platformName":	"top",
	"sprVersion":	"2.0",
	"mode":	"gui",
	"dsaType":	"Fixed",
	"platformDesc":	"top",
	"platHandOff":	"C:/Users/gm/Vivado Projects/complete_det_final_full_and_red/top.xsa",
	"platIntHandOff":	"<platformDir>/hw/top.xsa",
	"deviceType":	"zynq",
	"platIsPrebuiltAutogen":	"false",
	"platIsNoBootBsp":	"false",
	"platFsblTarget":	"ps7_cortexa9_0",
	"hasFsblMakeHasChanges":	"false",
	"hasPmufwMakeHasChanges":	"false",
	"fsblExtraCompilerFlags":	"-MMD -MP       -mcpu=cortex-a9 -mfpu=vfpv3 -mfloat-abi=hard ",
	"platPreBuiltFlag":	false,
	"platformSamplesDir":	"",
	"platActiveSys":	"top",
	"systems":	[{
			"systemName":	"top",
			"systemDesc":	"top",
			"sysIsBootAutoGen":	"true",
			"systemDispName":	"top",
			"sysActiveDom":	"standalone_ps7_cortexa9_0",
			"sysDefaultDom":	"standalone_ps7_cortexa9_0",
			"domains":	[{
					"domainName":	"zynq_fsbl",
					"domainDispName":	"zynq_fsbl",
					"domainDesc":	"FSBL Application BSP - Auto Generated.",
					"processors":	"ps7_cortexa9_0",
					"os":	"standalone",
					"sdxOs":	"standalone",
					"debugEnable":	"",
					"domRuntimes":	["cpp"],
					"swRepo":	"",
					"mssOsVer":	"8.1",
					"mssFile":	"",
					"md5Digest":	"997b4ecbe6ca295e7fdaedf3f0f38499",
					"compatibleApp":	"zynq_fsbl",
					"domType":	"bootDomain",
					"arch":	"32-bit",
					"appSettings":	{
						"appCompilerFlags":	"",
						"appLinkerFlags":	""
					},
					"addedLibs":	["xilffs:5.0", "xilrsa:1.6"],
					"libOptions":	{
						"libsContainingOptions":	[]
					},
					"prebuiltLibs":	{
						"prebuiltIncPath":	[],
						"prebuiltLibPath":	[]
					},
					"isolation":	{
					}
				}, {
					"domainName":	"standalone_ps7_cortexa9_0",
					"domainDispName":	"standalone_ps7_cortexa9_0",
					"domainDesc":	"standalone_ps7_cortexa9_0",
					"processors":	"ps7_cortexa9_0",
					"os":	"standalone",
					"sdxOs":	"standalone",
					"qemuArgs":	"<platformDir>/resources/top/standalone_ps7_cortexa9_0/qemu_args.txt",
					"qemuData":	"<platformDir>/resources/top/standalone_ps7_cortexa9_0/qemu",
					"debugEnable":	"False",
					"domRuntimes":	["cpp"],
					"swRepo":	"",
					"mssOsVer":	"8.1",
					"mssFile":	"",
					"md5Digest":	"c6313929da400c55d8f86bd5ce94215d",
					"compatibleApp":	"hello_world",
					"domType":	"mssDomain",
					"arch":	"32-bit",
					"appSettings":	{
						"appCompilerFlags":	"",
						"appLinkerFlags":	""
					},
					"addedLibs":	[],
					"libOptions":	{
						"libsContainingOptions":	[]
					},
					"prebuiltLibs":	{
						"prebuiltIncPath":	[],
						"prebuiltLibPath":	[]
					},
					"isolation":	{
					}
				}]
		}]
}
TRACE::2026-08-19.23:29:30::SCWPlatform::Trying to open the hw design at C:/Users/gm/workspace_placebo_2/top/hw/top.xsa
TRACE::2026-08-19.23:29:30::SCWPlatform::DSA given C:/Users/gm/workspace_placebo_2/top/hw/top.xsa
TRACE::2026-08-19.23:29:30::SCWPlatform::DSA absoulate path C:/Users/gm/workspace_placebo_2/top/hw/top.xsa
TRACE::2026-08-19.23:29:30::SCWPlatform::DSA directory C:/Users/gm/workspace_placebo_2/top/hw
TRACE::2026-08-19.23:29:30::SCWPlatform:: Platform Path C:/Users/gm/workspace_placebo_2/top/hw/top.xsa
TRACE::2026-08-19.23:29:30::SCWPlatform:: Unique name xilinx:zedboard::0.0
TRACE::2026-08-19.23:29:30::SCWPlatform::Trying to set the existing hwdb with name top_0
TRACE::2026-08-19.23:29:30::SCWPlatform::Opened existing hwdb top_0
TRACE::2026-08-19.23:29:30::SCWPlatform::Found the Hw Db part of the input DSA
TRACE::2026-08-19.23:29:30::SCWMssOS::Checking the sw design at  C:/Users/gm/workspace_placebo_2/top/ps7_cortexa9_0/standalone_ps7_cortexa9_0/bsp/system.mss
TRACE::2026-08-19.23:29:30::SCWMssOS::DEBUG:  swdes dump  C:/Users/gm/workspace_placebo_2/top/ps7_cortexa9_0/standalone_ps7_cortexa9_0/bsp/system.mss|system_0||
C:/Users/gm/workspace_placebo_2/top/zynq_fsbl/zynq_fsbl_bsp/system.mss|system||

TRACE::2026-08-19.23:29:30::SCWMssOS::Sw design exists and opened at  C:/Users/gm/workspace_placebo_2/top/ps7_cortexa9_0/standalone_ps7_cortexa9_0/bsp/system.mss
TRACE::2026-08-19.23:29:30::SCWPlatform::Trying to open the hw design at C:/Users/gm/workspace_placebo_2/top/hw/top.xsa
TRACE::2026-08-19.23:29:30::SCWPlatform::DSA given C:/Users/gm/workspace_placebo_2/top/hw/top.xsa
TRACE::2026-08-19.23:29:30::SCWPlatform::DSA absoulate path C:/Users/gm/workspace_placebo_2/top/hw/top.xsa
TRACE::2026-08-19.23:29:30::SCWPlatform::DSA directory C:/Users/gm/workspace_placebo_2/top/hw
TRACE::2026-08-19.23:29:30::SCWPlatform:: Platform Path C:/Users/gm/workspace_placebo_2/top/hw/top.xsa
TRACE::2026-08-19.23:29:30::SCWPlatform:: Unique name xilinx:zedboard::0.0
TRACE::2026-08-19.23:29:30::SCWPlatform::Trying to set the existing hwdb with name top_0
TRACE::2026-08-19.23:29:30::SCWPlatform::Opened existing hwdb top_0
TRACE::2026-08-19.23:29:30::SCWPlatform::Found the Hw Db part of the input DSA
TRACE::2026-08-19.23:29:30::SCWMssOS::Checking the sw design at  C:/Users/gm/workspace_placebo_2/top/ps7_cortexa9_0/standalone_ps7_cortexa9_0/bsp/system.mss
TRACE::2026-08-19.23:29:30::SCWMssOS::DEBUG:  swdes dump  C:/Users/gm/workspace_placebo_2/top/ps7_cortexa9_0/standalone_ps7_cortexa9_0/bsp/system.mss|system_0||
C:/Users/gm/workspace_placebo_2/top/zynq_fsbl/zynq_fsbl_bsp/system.mss|system||

TRACE::2026-08-19.23:29:30::SCWMssOS::Sw design exists and opened at  C:/Users/gm/workspace_placebo_2/top/ps7_cortexa9_0/standalone_ps7_cortexa9_0/bsp/system.mss
TRACE::2026-08-19.23:29:30::SCWMssOS::Saving the mss changes C:/Users/gm/workspace_placebo_2/top/zynq_fsbl/zynq_fsbl_bsp/system.mss
TRACE::2026-08-19.23:29:30::SCWMssOS::Found a swdesign opened with the mssfile.
TRACE::2026-08-19.23:29:30::SCWMssOS::Completed writemss as part of save.
TRACE::2026-08-19.23:29:30::SCWMssOS::Commit changes completed.
TRACE::2026-08-19.23:29:30::SCWMssOS::Saving the mss changes C:/Users/gm/workspace_placebo_2/top/ps7_cortexa9_0/standalone_ps7_cortexa9_0/bsp/system.mss
TRACE::2026-08-19.23:29:30::SCWMssOS::Found a swdesign opened with the mssfile.
TRACE::2026-08-19.23:29:30::SCWMssOS::Completed writemss as part of save.
TRACE::2026-08-19.23:29:30::SCWMssOS::Commit changes completed.
TRACE::2026-08-19.23:29:30::SCWPlatform::Trying to open the hw design at C:/Users/gm/workspace_placebo_2/top/hw/top.xsa
TRACE::2026-08-19.23:29:30::SCWPlatform::DSA given C:/Users/gm/workspace_placebo_2/top/hw/top.xsa
TRACE::2026-08-19.23:29:30::SCWPlatform::DSA absoulate path C:/Users/gm/workspace_placebo_2/top/hw/top.xsa
TRACE::2026-08-19.23:29:30::SCWPlatform::DSA directory C:/Users/gm/workspace_placebo_2/top/hw
TRACE::2026-08-19.23:29:30::SCWPlatform:: Platform Path C:/Users/gm/workspace_placebo_2/top/hw/top.xsa
TRACE::2026-08-19.23:29:30::SCWPlatform:: Unique name xilinx:zedboard::0.0
TRACE::2026-08-19.23:29:30::SCWPlatform::Trying to set the existing hwdb with name top_0
TRACE::2026-08-19.23:29:30::SCWPlatform::Opened existing hwdb top_0
TRACE::2026-08-19.23:29:30::SCWPlatform::Found the Hw Db part of the input DSA
TRACE::2026-08-19.23:29:30::SCWMssOS::Checking the sw design at  C:/Users/gm/workspace_placebo_2/top/zynq_fsbl/zynq_fsbl_bsp/system.mss
TRACE::2026-08-19.23:29:30::SCWMssOS::DEBUG:  swdes dump  C:/Users/gm/workspace_placebo_2/top/ps7_cortexa9_0/standalone_ps7_cortexa9_0/bsp/system.mss|system_0||
C:/Users/gm/workspace_placebo_2/top/zynq_fsbl/zynq_fsbl_bsp/system.mss|system||

TRACE::2026-08-19.23:29:30::SCWMssOS::Sw design exists and opened at  C:/Users/gm/workspace_placebo_2/top/zynq_fsbl/zynq_fsbl_bsp/system.mss
TRACE::2026-08-19.23:29:30::SCWPlatform::Trying to open the hw design at C:/Users/gm/workspace_placebo_2/top/hw/top.xsa
TRACE::2026-08-19.23:29:30::SCWPlatform::DSA given C:/Users/gm/workspace_placebo_2/top/hw/top.xsa
TRACE::2026-08-19.23:29:30::SCWPlatform::DSA absoulate path C:/Users/gm/workspace_placebo_2/top/hw/top.xsa
TRACE::2026-08-19.23:29:30::SCWPlatform::DSA directory C:/Users/gm/workspace_placebo_2/top/hw
TRACE::2026-08-19.23:29:30::SCWPlatform:: Platform Path C:/Users/gm/workspace_placebo_2/top/hw/top.xsa
TRACE::2026-08-19.23:29:30::SCWPlatform:: Unique name xilinx:zedboard::0.0
TRACE::2026-08-19.23:29:30::SCWPlatform::Trying to set the existing hwdb with name top_0
TRACE::2026-08-19.23:29:30::SCWPlatform::Opened existing hwdb top_0
TRACE::2026-08-19.23:29:30::SCWPlatform::Found the Hw Db part of the input DSA
TRACE::2026-08-19.23:29:30::SCWMssOS::Checking the sw design at  C:/Users/gm/workspace_placebo_2/top/zynq_fsbl/zynq_fsbl_bsp/system.mss
TRACE::2026-08-19.23:29:30::SCWMssOS::DEBUG:  swdes dump  C:/Users/gm/workspace_placebo_2/top/ps7_cortexa9_0/standalone_ps7_cortexa9_0/bsp/system.mss|system_0||
C:/Users/gm/workspace_placebo_2/top/zynq_fsbl/zynq_fsbl_bsp/system.mss|system||

TRACE::2026-08-19.23:29:30::SCWMssOS::Sw design exists and opened at  C:/Users/gm/workspace_placebo_2/top/zynq_fsbl/zynq_fsbl_bsp/system.mss
TRACE::2026-08-19.23:29:30::SCWPlatform::Trying to open the hw design at C:/Users/gm/workspace_placebo_2/top/hw/top.xsa
TRACE::2026-08-19.23:29:30::SCWPlatform::DSA given C:/Users/gm/workspace_placebo_2/top/hw/top.xsa
TRACE::2026-08-19.23:29:30::SCWPlatform::DSA absoulate path C:/Users/gm/workspace_placebo_2/top/hw/top.xsa
TRACE::2026-08-19.23:29:30::SCWPlatform::DSA directory C:/Users/gm/workspace_placebo_2/top/hw
TRACE::2026-08-19.23:29:30::SCWPlatform:: Platform Path C:/Users/gm/workspace_placebo_2/top/hw/top.xsa
TRACE::2026-08-19.23:29:30::SCWPlatform:: Unique name xilinx:zedboard::0.0
TRACE::2026-08-19.23:29:30::SCWPlatform::Trying to set the existing hwdb with name top_0
TRACE::2026-08-19.23:29:30::SCWPlatform::Opened existing hwdb top_0
TRACE::2026-08-19.23:29:30::SCWPlatform::Found the Hw Db part of the input DSA
TRACE::2026-08-19.23:29:30::SCWMssOS::Checking the sw design at  C:/Users/gm/workspace_placebo_2/top/zynq_fsbl/zynq_fsbl_bsp/system.mss
TRACE::2026-08-19.23:29:30::SCWMssOS::DEBUG:  swdes dump  C:/Users/gm/workspace_placebo_2/top/ps7_cortexa9_0/standalone_ps7_cortexa9_0/bsp/system.mss|system_0||
C:/Users/gm/workspace_placebo_2/top/zynq_fsbl/zynq_fsbl_bsp/system.mss|system||

TRACE::2026-08-19.23:29:30::SCWMssOS::Sw design exists and opened at  C:/Users/gm/workspace_placebo_2/top/zynq_fsbl/zynq_fsbl_bsp/system.mss
TRACE::2026-08-19.23:29:30::SCWPlatform::Trying to open the hw design at C:/Users/gm/workspace_placebo_2/top/hw/top.xsa
TRACE::2026-08-19.23:29:30::SCWPlatform::DSA given C:/Users/gm/workspace_placebo_2/top/hw/top.xsa
TRACE::2026-08-19.23:29:30::SCWPlatform::DSA absoulate path C:/Users/gm/workspace_placebo_2/top/hw/top.xsa
TRACE::2026-08-19.23:29:30::SCWPlatform::DSA directory C:/Users/gm/workspace_placebo_2/top/hw
TRACE::2026-08-19.23:29:30::SCWPlatform:: Platform Path C:/Users/gm/workspace_placebo_2/top/hw/top.xsa
TRACE::2026-08-19.23:29:30::SCWPlatform:: Unique name xilinx:zedboard::0.0
TRACE::2026-08-19.23:29:30::SCWPlatform::Trying to set the existing hwdb with name top_0
TRACE::2026-08-19.23:29:30::SCWPlatform::Opened existing hwdb top_0
TRACE::2026-08-19.23:29:30::SCWPlatform::Found the Hw Db part of the input DSA
TRACE::2026-08-19.23:29:30::SCWMssOS::Checking the sw design at  C:/Users/gm/workspace_placebo_2/top/ps7_cortexa9_0/standalone_ps7_cortexa9_0/bsp/system.mss
TRACE::2026-08-19.23:29:30::SCWMssOS::DEBUG:  swdes dump  C:/Users/gm/workspace_placebo_2/top/ps7_cortexa9_0/standalone_ps7_cortexa9_0/bsp/system.mss|system_0||
C:/Users/gm/workspace_placebo_2/top/zynq_fsbl/zynq_fsbl_bsp/system.mss|system||

TRACE::2026-08-19.23:29:30::SCWMssOS::Sw design exists and opened at  C:/Users/gm/workspace_placebo_2/top/ps7_cortexa9_0/standalone_ps7_cortexa9_0/bsp/system.mss
TRACE::2026-08-19.23:29:30::SCWPlatform::Trying to open the hw design at C:/Users/gm/workspace_placebo_2/top/hw/top.xsa
TRACE::2026-08-19.23:29:30::SCWPlatform::DSA given C:/Users/gm/workspace_placebo_2/top/hw/top.xsa
TRACE::2026-08-19.23:29:30::SCWPlatform::DSA absoulate path C:/Users/gm/workspace_placebo_2/top/hw/top.xsa
TRACE::2026-08-19.23:29:30::SCWPlatform::DSA directory C:/Users/gm/workspace_placebo_2/top/hw
TRACE::2026-08-19.23:29:30::SCWPlatform:: Platform Path C:/Users/gm/workspace_placebo_2/top/hw/top.xsa
TRACE::2026-08-19.23:29:30::SCWPlatform:: Unique name xilinx:zedboard::0.0
TRACE::2026-08-19.23:29:30::SCWPlatform::Trying to set the existing hwdb with name top_0
TRACE::2026-08-19.23:29:30::SCWPlatform::Opened existing hwdb top_0
TRACE::2026-08-19.23:29:30::SCWPlatform::Found the Hw Db part of the input DSA
TRACE::2026-08-19.23:29:30::SCWMssOS::Checking the sw design at  C:/Users/gm/workspace_placebo_2/top/ps7_cortexa9_0/standalone_ps7_cortexa9_0/bsp/system.mss
TRACE::2026-08-19.23:29:30::SCWMssOS::DEBUG:  swdes dump  C:/Users/gm/workspace_placebo_2/top/ps7_cortexa9_0/standalone_ps7_cortexa9_0/bsp/system.mss|system_0||
C:/Users/gm/workspace_placebo_2/top/zynq_fsbl/zynq_fsbl_bsp/system.mss|system||

TRACE::2026-08-19.23:29:30::SCWMssOS::Sw design exists and opened at  C:/Users/gm/workspace_placebo_2/top/ps7_cortexa9_0/standalone_ps7_cortexa9_0/bsp/system.mss
TRACE::2026-08-19.23:29:30::SCWPlatform::Trying to open the hw design at C:/Users/gm/workspace_placebo_2/top/hw/top.xsa
TRACE::2026-08-19.23:29:30::SCWPlatform::DSA given C:/Users/gm/workspace_placebo_2/top/hw/top.xsa
TRACE::2026-08-19.23:29:30::SCWPlatform::DSA absoulate path C:/Users/gm/workspace_placebo_2/top/hw/top.xsa
TRACE::2026-08-19.23:29:30::SCWPlatform::DSA directory C:/Users/gm/workspace_placebo_2/top/hw
TRACE::2026-08-19.23:29:30::SCWPlatform:: Platform Path C:/Users/gm/workspace_placebo_2/top/hw/top.xsa
TRACE::2026-08-19.23:29:30::SCWPlatform:: Unique name xilinx:zedboard::0.0
TRACE::2026-08-19.23:29:30::SCWPlatform::Trying to set the existing hwdb with name top_0
TRACE::2026-08-19.23:29:30::SCWPlatform::Opened existing hwdb top_0
TRACE::2026-08-19.23:29:30::SCWPlatform::Found the Hw Db part of the input DSA
TRACE::2026-08-19.23:29:30::SCWMssOS::Checking the sw design at  C:/Users/gm/workspace_placebo_2/top/ps7_cortexa9_0/standalone_ps7_cortexa9_0/bsp/system.mss
TRACE::2026-08-19.23:29:30::SCWMssOS::DEBUG:  swdes dump  C:/Users/gm/workspace_placebo_2/top/ps7_cortexa9_0/standalone_ps7_cortexa9_0/bsp/system.mss|system_0||
C:/Users/gm/workspace_placebo_2/top/zynq_fsbl/zynq_fsbl_bsp/system.mss|system||

TRACE::2026-08-19.23:29:30::SCWMssOS::Sw design exists and opened at  C:/Users/gm/workspace_placebo_2/top/ps7_cortexa9_0/standalone_ps7_cortexa9_0/bsp/system.mss
TRACE::2026-08-19.23:29:30::SCWWriter::formatted JSON is {
	"platformName":	"top",
	"sprVersion":	"2.0",
	"mode":	"gui",
	"dsaType":	"Fixed",
	"platformDesc":	"top",
	"platHandOff":	"C:/Users/gm/Vivado Projects/complete_det_final_full_and_red/top.xsa",
	"platIntHandOff":	"<platformDir>/hw/top.xsa",
	"deviceType":	"zynq",
	"platIsPrebuiltAutogen":	"false",
	"platIsNoBootBsp":	"false",
	"platFsblTarget":	"ps7_cortexa9_0",
	"hasFsblMakeHasChanges":	"false",
	"hasPmufwMakeHasChanges":	"false",
	"fsblExtraCompilerFlags":	"-MMD -MP       -mcpu=cortex-a9 -mfpu=vfpv3 -mfloat-abi=hard ",
	"platPreBuiltFlag":	false,
	"platformSamplesDir":	"",
	"platActiveSys":	"top",
	"systems":	[{
			"systemName":	"top",
			"systemDesc":	"top",
			"sysIsBootAutoGen":	"true",
			"systemDispName":	"top",
			"sysActiveDom":	"standalone_ps7_cortexa9_0",
			"sysDefaultDom":	"standalone_ps7_cortexa9_0",
			"domains":	[{
					"domainName":	"zynq_fsbl",
					"domainDispName":	"zynq_fsbl",
					"domainDesc":	"FSBL Application BSP - Auto Generated.",
					"processors":	"ps7_cortexa9_0",
					"os":	"standalone",
					"sdxOs":	"standalone",
					"debugEnable":	"",
					"domRuntimes":	["cpp"],
					"swRepo":	"",
					"mssOsVer":	"8.1",
					"mssFile":	"",
					"md5Digest":	"997b4ecbe6ca295e7fdaedf3f0f38499",
					"compatibleApp":	"zynq_fsbl",
					"domType":	"bootDomain",
					"arch":	"32-bit",
					"appSettings":	{
						"appCompilerFlags":	"",
						"appLinkerFlags":	""
					},
					"addedLibs":	["xilffs:5.0", "xilrsa:1.6"],
					"libOptions":	{
						"libsContainingOptions":	[]
					},
					"prebuiltLibs":	{
						"prebuiltIncPath":	[],
						"prebuiltLibPath":	[]
					},
					"isolation":	{
					}
				}, {
					"domainName":	"standalone_ps7_cortexa9_0",
					"domainDispName":	"standalone_ps7_cortexa9_0",
					"domainDesc":	"standalone_ps7_cortexa9_0",
					"processors":	"ps7_cortexa9_0",
					"os":	"standalone",
					"sdxOs":	"standalone",
					"qemuArgs":	"<platformDir>/resources/top/standalone_ps7_cortexa9_0/qemu_args.txt",
					"qemuData":	"<platformDir>/resources/top/standalone_ps7_cortexa9_0/qemu",
					"debugEnable":	"False",
					"domRuntimes":	["cpp"],
					"swRepo":	"",
					"mssOsVer":	"8.1",
					"mssFile":	"",
					"md5Digest":	"c6313929da400c55d8f86bd5ce94215d",
					"compatibleApp":	"hello_world",
					"domType":	"mssDomain",
					"arch":	"32-bit",
					"appSettings":	{
						"appCompilerFlags":	"",
						"appLinkerFlags":	""
					},
					"addedLibs":	[],
					"libOptions":	{
						"libsContainingOptions":	[]
					},
					"prebuiltLibs":	{
						"prebuiltIncPath":	[],
						"prebuiltLibPath":	[]
					},
					"isolation":	{
					}
				}]
		}]
}
LOG::2026-08-19.23:29:30::SCWPlatform::Started generating the artifacts platform top
TRACE::2026-08-19.23:29:30::SCWPlatform::Sanity checking of platform is completed
LOG::2026-08-19.23:29:30::SCWPlatform::Started generating the artifacts for system configuration top
LOG::2026-08-19.23:29:30::SCWSystem::Started Processing the domain standalone_ps7_cortexa9_0
TRACE::2026-08-19.23:29:30::SCWDomain::Generating domain artifcats
TRACE::2026-08-19.23:29:30::SCWMssOS::Generating standalone artifcats
TRACE::2026-08-19.23:29:30::SCWMssOS::Copying the qemu file from  C:/Users/gm/workspace_placebo_2/top/resources/top/standalone_ps7_cortexa9_0/qemu_args.txt To C:/Users/gm/workspace_placebo_2/top/export/top/sw/top/qemu/
TRACE::2026-08-19.23:29:30::SCWMssOS::Copying the qemu file from  C:/Users/gm/workspace_placebo_2/top/resources/top/standalone_ps7_cortexa9_0/qemu_args.txt To C:/Users/gm/workspace_placebo_2/top/export/top/sw/top/standalone_ps7_cortexa9_0/qemu/
TRACE::2026-08-19.23:29:30::SCWMssOS:: Copying the user libraries. 
TRACE::2026-08-19.23:29:30::SCWPlatform::Trying to open the hw design at C:/Users/gm/workspace_placebo_2/top/hw/top.xsa
TRACE::2026-08-19.23:29:30::SCWPlatform::DSA given C:/Users/gm/workspace_placebo_2/top/hw/top.xsa
TRACE::2026-08-19.23:29:30::SCWPlatform::DSA absoulate path C:/Users/gm/workspace_placebo_2/top/hw/top.xsa
TRACE::2026-08-19.23:29:30::SCWPlatform::DSA directory C:/Users/gm/workspace_placebo_2/top/hw
TRACE::2026-08-19.23:29:30::SCWPlatform:: Platform Path C:/Users/gm/workspace_placebo_2/top/hw/top.xsa
TRACE::2026-08-19.23:29:30::SCWPlatform:: Unique name xilinx:zedboard::0.0
TRACE::2026-08-19.23:29:30::SCWPlatform::Trying to set the existing hwdb with name top_0
TRACE::2026-08-19.23:29:30::SCWPlatform::Opened existing hwdb top_0
TRACE::2026-08-19.23:29:30::SCWPlatform::Found the Hw Db part of the input DSA
TRACE::2026-08-19.23:29:30::SCWMssOS::Checking the sw design at  C:/Users/gm/workspace_placebo_2/top/ps7_cortexa9_0/standalone_ps7_cortexa9_0/bsp/system.mss
TRACE::2026-08-19.23:29:30::SCWMssOS::DEBUG:  swdes dump  C:/Users/gm/workspace_placebo_2/top/ps7_cortexa9_0/standalone_ps7_cortexa9_0/bsp/system.mss|system_0||
C:/Users/gm/workspace_placebo_2/top/zynq_fsbl/zynq_fsbl_bsp/system.mss|system||

TRACE::2026-08-19.23:29:30::SCWMssOS::Sw design exists and opened at  C:/Users/gm/workspace_placebo_2/top/ps7_cortexa9_0/standalone_ps7_cortexa9_0/bsp/system.mss
TRACE::2026-08-19.23:29:30::SCWMssOS::Completed writing the mss file at C:/Users/gm/workspace_placebo_2/top/ps7_cortexa9_0/standalone_ps7_cortexa9_0/bsp
TRACE::2026-08-19.23:29:30::SCWMssOS::Mss edits present, copying mssfile into export location C:/Users/gm/workspace_placebo_2/top/ps7_cortexa9_0/standalone_ps7_cortexa9_0/bsp/system.mss
TRACE::2026-08-19.23:29:30::SCWMssOS::bsp generated is upto date with the mss file. Skipping bsp generation.
TRACE::2026-08-19.23:29:30::SCWMssOS::BSP is already built. skipping the bsp build ... 
TRACE::2026-08-19.23:29:30::SCWDomain::Building the domain as part of full build :  standalone_ps7_cortexa9_0
TRACE::2026-08-19.23:29:30::SCWMssOS::skipping the bsp build ... 
TRACE::2026-08-19.23:29:30::SCWMssOS::Copying to export directory.
TRACE::2026-08-19.23:29:30::SCWMssOS:: Checking if to create the Supporting Applications
TRACE::2026-08-19.23:29:30::SCWMssOS:: No Linux domain exists, trying to generate FSBL 
TRACE::2026-08-19.23:29:30::SCWMssOS:: Completed Standalone Artifacts creation 
LOG::2026-08-19.23:29:30::SCWSystem::Completed Processing the domain standalone_ps7_cortexa9_0
LOG::2026-08-19.23:29:30::SCWSystem::Completed Processing the sysconfig top
LOG::2026-08-19.23:29:30::SCWPlatform::Completed generating the artifacts for system configuration top
TRACE::2026-08-19.23:29:30::SCWPlatform::Started preparing the platform 
TRACE::2026-08-19.23:29:30::SCWSystem::Writing the bif file for system config top
TRACE::2026-08-19.23:29:30::SCWSystem::dir created 
TRACE::2026-08-19.23:29:30::SCWSystem::Writing the bif 
TRACE::2026-08-19.23:29:30::SCWPlatform::Started writing the spfm file 
TRACE::2026-08-19.23:29:30::SCWPlatform::Started writing the xpfm file 
TRACE::2026-08-19.23:29:30::SCWPlatform::Completed generating the platform
TRACE::2026-08-19.23:29:30::SCWMssOS::Saving the mss changes C:/Users/gm/workspace_placebo_2/top/zynq_fsbl/zynq_fsbl_bsp/system.mss
TRACE::2026-08-19.23:29:30::SCWMssOS::Found a swdesign opened with the mssfile.
TRACE::2026-08-19.23:29:30::SCWMssOS::Completed writemss as part of save.
TRACE::2026-08-19.23:29:30::SCWMssOS::Commit changes completed.
TRACE::2026-08-19.23:29:30::SCWMssOS::Saving the mss changes C:/Users/gm/workspace_placebo_2/top/ps7_cortexa9_0/standalone_ps7_cortexa9_0/bsp/system.mss
TRACE::2026-08-19.23:29:30::SCWMssOS::Found a swdesign opened with the mssfile.
TRACE::2026-08-19.23:29:30::SCWMssOS::Completed writemss as part of save.
TRACE::2026-08-19.23:29:30::SCWMssOS::Commit changes completed.
TRACE::2026-08-19.23:29:30::SCWPlatform::Trying to open the hw design at C:/Users/gm/workspace_placebo_2/top/hw/top.xsa
TRACE::2026-08-19.23:29:30::SCWPlatform::DSA given C:/Users/gm/workspace_placebo_2/top/hw/top.xsa
TRACE::2026-08-19.23:29:30::SCWPlatform::DSA absoulate path C:/Users/gm/workspace_placebo_2/top/hw/top.xsa
TRACE::2026-08-19.23:29:30::SCWPlatform::DSA directory C:/Users/gm/workspace_placebo_2/top/hw
TRACE::2026-08-19.23:29:30::SCWPlatform:: Platform Path C:/Users/gm/workspace_placebo_2/top/hw/top.xsa
TRACE::2026-08-19.23:29:30::SCWPlatform:: Unique name xilinx:zedboard::0.0
TRACE::2026-08-19.23:29:30::SCWPlatform::Trying to set the existing hwdb with name top_0
TRACE::2026-08-19.23:29:30::SCWPlatform::Opened existing hwdb top_0
TRACE::2026-08-19.23:29:30::SCWPlatform::Found the Hw Db part of the input DSA
TRACE::2026-08-19.23:29:30::SCWMssOS::Checking the sw design at  C:/Users/gm/workspace_placebo_2/top/zynq_fsbl/zynq_fsbl_bsp/system.mss
TRACE::2026-08-19.23:29:30::SCWMssOS::DEBUG:  swdes dump  C:/Users/gm/workspace_placebo_2/top/ps7_cortexa9_0/standalone_ps7_cortexa9_0/bsp/system.mss|system_0||
C:/Users/gm/workspace_placebo_2/top/zynq_fsbl/zynq_fsbl_bsp/system.mss|system||

TRACE::2026-08-19.23:29:30::SCWMssOS::Sw design exists and opened at  C:/Users/gm/workspace_placebo_2/top/zynq_fsbl/zynq_fsbl_bsp/system.mss
TRACE::2026-08-19.23:29:30::SCWPlatform::Trying to open the hw design at C:/Users/gm/workspace_placebo_2/top/hw/top.xsa
TRACE::2026-08-19.23:29:30::SCWPlatform::DSA given C:/Users/gm/workspace_placebo_2/top/hw/top.xsa
TRACE::2026-08-19.23:29:30::SCWPlatform::DSA absoulate path C:/Users/gm/workspace_placebo_2/top/hw/top.xsa
TRACE::2026-08-19.23:29:30::SCWPlatform::DSA directory C:/Users/gm/workspace_placebo_2/top/hw
TRACE::2026-08-19.23:29:30::SCWPlatform:: Platform Path C:/Users/gm/workspace_placebo_2/top/hw/top.xsa
TRACE::2026-08-19.23:29:30::SCWPlatform:: Unique name xilinx:zedboard::0.0
TRACE::2026-08-19.23:29:30::SCWPlatform::Trying to set the existing hwdb with name top_0
TRACE::2026-08-19.23:29:30::SCWPlatform::Opened existing hwdb top_0
TRACE::2026-08-19.23:29:30::SCWPlatform::Found the Hw Db part of the input DSA
TRACE::2026-08-19.23:29:30::SCWMssOS::Checking the sw design at  C:/Users/gm/workspace_placebo_2/top/zynq_fsbl/zynq_fsbl_bsp/system.mss
TRACE::2026-08-19.23:29:30::SCWMssOS::DEBUG:  swdes dump  C:/Users/gm/workspace_placebo_2/top/ps7_cortexa9_0/standalone_ps7_cortexa9_0/bsp/system.mss|system_0||
C:/Users/gm/workspace_placebo_2/top/zynq_fsbl/zynq_fsbl_bsp/system.mss|system||

TRACE::2026-08-19.23:29:30::SCWMssOS::Sw design exists and opened at  C:/Users/gm/workspace_placebo_2/top/zynq_fsbl/zynq_fsbl_bsp/system.mss
TRACE::2026-08-19.23:29:30::SCWPlatform::Trying to open the hw design at C:/Users/gm/workspace_placebo_2/top/hw/top.xsa
TRACE::2026-08-19.23:29:30::SCWPlatform::DSA given C:/Users/gm/workspace_placebo_2/top/hw/top.xsa
TRACE::2026-08-19.23:29:30::SCWPlatform::DSA absoulate path C:/Users/gm/workspace_placebo_2/top/hw/top.xsa
TRACE::2026-08-19.23:29:30::SCWPlatform::DSA directory C:/Users/gm/workspace_placebo_2/top/hw
TRACE::2026-08-19.23:29:30::SCWPlatform:: Platform Path C:/Users/gm/workspace_placebo_2/top/hw/top.xsa
TRACE::2026-08-19.23:29:30::SCWPlatform:: Unique name xilinx:zedboard::0.0
TRACE::2026-08-19.23:29:30::SCWPlatform::Trying to set the existing hwdb with name top_0
TRACE::2026-08-19.23:29:30::SCWPlatform::Opened existing hwdb top_0
TRACE::2026-08-19.23:29:30::SCWPlatform::Found the Hw Db part of the input DSA
TRACE::2026-08-19.23:29:30::SCWMssOS::Checking the sw design at  C:/Users/gm/workspace_placebo_2/top/zynq_fsbl/zynq_fsbl_bsp/system.mss
TRACE::2026-08-19.23:29:30::SCWMssOS::DEBUG:  swdes dump  C:/Users/gm/workspace_placebo_2/top/ps7_cortexa9_0/standalone_ps7_cortexa9_0/bsp/system.mss|system_0||
C:/Users/gm/workspace_placebo_2/top/zynq_fsbl/zynq_fsbl_bsp/system.mss|system||

TRACE::2026-08-19.23:29:30::SCWMssOS::Sw design exists and opened at  C:/Users/gm/workspace_placebo_2/top/zynq_fsbl/zynq_fsbl_bsp/system.mss
TRACE::2026-08-19.23:29:30::SCWPlatform::Trying to open the hw design at C:/Users/gm/workspace_placebo_2/top/hw/top.xsa
TRACE::2026-08-19.23:29:30::SCWPlatform::DSA given C:/Users/gm/workspace_placebo_2/top/hw/top.xsa
TRACE::2026-08-19.23:29:30::SCWPlatform::DSA absoulate path C:/Users/gm/workspace_placebo_2/top/hw/top.xsa
TRACE::2026-08-19.23:29:30::SCWPlatform::DSA directory C:/Users/gm/workspace_placebo_2/top/hw
TRACE::2026-08-19.23:29:30::SCWPlatform:: Platform Path C:/Users/gm/workspace_placebo_2/top/hw/top.xsa
TRACE::2026-08-19.23:29:30::SCWPlatform:: Unique name xilinx:zedboard::0.0
TRACE::2026-08-19.23:29:30::SCWPlatform::Trying to set the existing hwdb with name top_0
TRACE::2026-08-19.23:29:30::SCWPlatform::Opened existing hwdb top_0
TRACE::2026-08-19.23:29:30::SCWPlatform::Found the Hw Db part of the input DSA
TRACE::2026-08-19.23:29:30::SCWMssOS::Checking the sw design at  C:/Users/gm/workspace_placebo_2/top/ps7_cortexa9_0/standalone_ps7_cortexa9_0/bsp/system.mss
TRACE::2026-08-19.23:29:30::SCWMssOS::DEBUG:  swdes dump  C:/Users/gm/workspace_placebo_2/top/ps7_cortexa9_0/standalone_ps7_cortexa9_0/bsp/system.mss|system_0||
C:/Users/gm/workspace_placebo_2/top/zynq_fsbl/zynq_fsbl_bsp/system.mss|system||

TRACE::2026-08-19.23:29:30::SCWMssOS::Sw design exists and opened at  C:/Users/gm/workspace_placebo_2/top/ps7_cortexa9_0/standalone_ps7_cortexa9_0/bsp/system.mss
TRACE::2026-08-19.23:29:30::SCWPlatform::Trying to open the hw design at C:/Users/gm/workspace_placebo_2/top/hw/top.xsa
TRACE::2026-08-19.23:29:30::SCWPlatform::DSA given C:/Users/gm/workspace_placebo_2/top/hw/top.xsa
TRACE::2026-08-19.23:29:30::SCWPlatform::DSA absoulate path C:/Users/gm/workspace_placebo_2/top/hw/top.xsa
TRACE::2026-08-19.23:29:30::SCWPlatform::DSA directory C:/Users/gm/workspace_placebo_2/top/hw
TRACE::2026-08-19.23:29:30::SCWPlatform:: Platform Path C:/Users/gm/workspace_placebo_2/top/hw/top.xsa
TRACE::2026-08-19.23:29:30::SCWPlatform:: Unique name xilinx:zedboard::0.0
TRACE::2026-08-19.23:29:30::SCWPlatform::Trying to set the existing hwdb with name top_0
TRACE::2026-08-19.23:29:30::SCWPlatform::Opened existing hwdb top_0
TRACE::2026-08-19.23:29:30::SCWPlatform::Found the Hw Db part of the input DSA
TRACE::2026-08-19.23:29:30::SCWMssOS::Checking the sw design at  C:/Users/gm/workspace_placebo_2/top/ps7_cortexa9_0/standalone_ps7_cortexa9_0/bsp/system.mss
TRACE::2026-08-19.23:29:30::SCWMssOS::DEBUG:  swdes dump  C:/Users/gm/workspace_placebo_2/top/ps7_cortexa9_0/standalone_ps7_cortexa9_0/bsp/system.mss|system_0||
C:/Users/gm/workspace_placebo_2/top/zynq_fsbl/zynq_fsbl_bsp/system.mss|system||

TRACE::2026-08-19.23:29:30::SCWMssOS::Sw design exists and opened at  C:/Users/gm/workspace_placebo_2/top/ps7_cortexa9_0/standalone_ps7_cortexa9_0/bsp/system.mss
TRACE::2026-08-19.23:29:30::SCWPlatform::Trying to open the hw design at C:/Users/gm/workspace_placebo_2/top/hw/top.xsa
TRACE::2026-08-19.23:29:30::SCWPlatform::DSA given C:/Users/gm/workspace_placebo_2/top/hw/top.xsa
TRACE::2026-08-19.23:29:30::SCWPlatform::DSA absoulate path C:/Users/gm/workspace_placebo_2/top/hw/top.xsa
TRACE::2026-08-19.23:29:30::SCWPlatform::DSA directory C:/Users/gm/workspace_placebo_2/top/hw
TRACE::2026-08-19.23:29:30::SCWPlatform:: Platform Path C:/Users/gm/workspace_placebo_2/top/hw/top.xsa
TRACE::2026-08-19.23:29:30::SCWPlatform:: Unique name xilinx:zedboard::0.0
TRACE::2026-08-19.23:29:30::SCWPlatform::Trying to set the existing hwdb with name top_0
TRACE::2026-08-19.23:29:30::SCWPlatform::Opened existing hwdb top_0
TRACE::2026-08-19.23:29:30::SCWPlatform::Found the Hw Db part of the input DSA
TRACE::2026-08-19.23:29:30::SCWMssOS::Checking the sw design at  C:/Users/gm/workspace_placebo_2/top/ps7_cortexa9_0/standalone_ps7_cortexa9_0/bsp/system.mss
TRACE::2026-08-19.23:29:30::SCWMssOS::DEBUG:  swdes dump  C:/Users/gm/workspace_placebo_2/top/ps7_cortexa9_0/standalone_ps7_cortexa9_0/bsp/system.mss|system_0||
C:/Users/gm/workspace_placebo_2/top/zynq_fsbl/zynq_fsbl_bsp/system.mss|system||

TRACE::2026-08-19.23:29:30::SCWMssOS::Sw design exists and opened at  C:/Users/gm/workspace_placebo_2/top/ps7_cortexa9_0/standalone_ps7_cortexa9_0/bsp/system.mss
TRACE::2026-08-19.23:29:30::SCWWriter::formatted JSON is {
	"platformName":	"top",
	"sprVersion":	"2.0",
	"mode":	"gui",
	"dsaType":	"Fixed",
	"platformDesc":	"top",
	"platHandOff":	"C:/Users/gm/Vivado Projects/complete_det_final_full_and_red/top.xsa",
	"platIntHandOff":	"<platformDir>/hw/top.xsa",
	"deviceType":	"zynq",
	"platIsPrebuiltAutogen":	"false",
	"platIsNoBootBsp":	"false",
	"platFsblTarget":	"ps7_cortexa9_0",
	"hasFsblMakeHasChanges":	"false",
	"hasPmufwMakeHasChanges":	"false",
	"fsblExtraCompilerFlags":	"-MMD -MP       -mcpu=cortex-a9 -mfpu=vfpv3 -mfloat-abi=hard ",
	"platPreBuiltFlag":	false,
	"platformSamplesDir":	"",
	"platActiveSys":	"top",
	"systems":	[{
			"systemName":	"top",
			"systemDesc":	"top",
			"sysIsBootAutoGen":	"true",
			"systemDispName":	"top",
			"sysActiveDom":	"standalone_ps7_cortexa9_0",
			"sysDefaultDom":	"standalone_ps7_cortexa9_0",
			"domains":	[{
					"domainName":	"zynq_fsbl",
					"domainDispName":	"zynq_fsbl",
					"domainDesc":	"FSBL Application BSP - Auto Generated.",
					"processors":	"ps7_cortexa9_0",
					"os":	"standalone",
					"sdxOs":	"standalone",
					"debugEnable":	"",
					"domRuntimes":	["cpp"],
					"swRepo":	"",
					"mssOsVer":	"8.1",
					"mssFile":	"",
					"md5Digest":	"997b4ecbe6ca295e7fdaedf3f0f38499",
					"compatibleApp":	"zynq_fsbl",
					"domType":	"bootDomain",
					"arch":	"32-bit",
					"appSettings":	{
						"appCompilerFlags":	"",
						"appLinkerFlags":	""
					},
					"addedLibs":	["xilffs:5.0", "xilrsa:1.6"],
					"libOptions":	{
						"libsContainingOptions":	[]
					},
					"prebuiltLibs":	{
						"prebuiltIncPath":	[],
						"prebuiltLibPath":	[]
					},
					"isolation":	{
					}
				}, {
					"domainName":	"standalone_ps7_cortexa9_0",
					"domainDispName":	"standalone_ps7_cortexa9_0",
					"domainDesc":	"standalone_ps7_cortexa9_0",
					"processors":	"ps7_cortexa9_0",
					"os":	"standalone",
					"sdxOs":	"standalone",
					"qemuArgs":	"<platformDir>/resources/top/standalone_ps7_cortexa9_0/qemu_args.txt",
					"qemuData":	"<platformDir>/resources/top/standalone_ps7_cortexa9_0/qemu",
					"debugEnable":	"False",
					"domRuntimes":	["cpp"],
					"swRepo":	"",
					"mssOsVer":	"8.1",
					"mssFile":	"",
					"md5Digest":	"c6313929da400c55d8f86bd5ce94215d",
					"compatibleApp":	"hello_world",
					"domType":	"mssDomain",
					"arch":	"32-bit",
					"appSettings":	{
						"appCompilerFlags":	"",
						"appLinkerFlags":	""
					},
					"addedLibs":	[],
					"libOptions":	{
						"libsContainingOptions":	[]
					},
					"prebuiltLibs":	{
						"prebuiltIncPath":	[],
						"prebuiltLibPath":	[]
					},
					"isolation":	{
					}
				}]
		}]
}
KEYINFO::2026-08-19.23:29:30::SCWPlatform::updated the xpfm file.
LOG::2026-08-19.23:30:15::SCWPlatform::Started generating the artifacts platform top
TRACE::2026-08-19.23:30:15::SCWPlatform::Sanity checking of platform is completed
LOG::2026-08-19.23:30:15::SCWPlatform::Started generating the artifacts for system configuration top
LOG::2026-08-19.23:30:15::SCWSystem::Checking the domain zynq_fsbl
LOG::2026-08-19.23:30:15::SCWSystem::Doing application build for :  zynq_fsbl
TRACE::2026-08-19.23:30:15::SCWBDomain::Not a forced makefile updation, No changes are present. 
TRACE::2026-08-19.23:30:15::SCWDomain::Building the domain as part of full build :  zynq_fsbl
TRACE::2026-08-19.23:30:15::SCWPlatform::Trying to open the hw design at C:/Users/gm/workspace_placebo_2/top/hw/top.xsa
TRACE::2026-08-19.23:30:15::SCWPlatform::DSA given C:/Users/gm/workspace_placebo_2/top/hw/top.xsa
TRACE::2026-08-19.23:30:15::SCWPlatform::DSA absoulate path C:/Users/gm/workspace_placebo_2/top/hw/top.xsa
TRACE::2026-08-19.23:30:15::SCWPlatform::DSA directory C:/Users/gm/workspace_placebo_2/top/hw
TRACE::2026-08-19.23:30:15::SCWPlatform:: Platform Path C:/Users/gm/workspace_placebo_2/top/hw/top.xsa
TRACE::2026-08-19.23:30:15::SCWPlatform:: Unique name xilinx:zedboard::0.0
TRACE::2026-08-19.23:30:15::SCWPlatform::Trying to set the existing hwdb with name top_0
TRACE::2026-08-19.23:30:15::SCWPlatform::Opened existing hwdb top_0
TRACE::2026-08-19.23:30:15::SCWPlatform::Found the Hw Db part of the input DSA
TRACE::2026-08-19.23:30:15::SCWMssOS::Checking the sw design at  C:/Users/gm/workspace_placebo_2/top/zynq_fsbl/zynq_fsbl_bsp/system.mss
TRACE::2026-08-19.23:30:15::SCWMssOS::DEBUG:  swdes dump  C:/Users/gm/workspace_placebo_2/top/ps7_cortexa9_0/standalone_ps7_cortexa9_0/bsp/system.mss|system_0||
C:/Users/gm/workspace_placebo_2/top/zynq_fsbl/zynq_fsbl_bsp/system.mss|system||

TRACE::2026-08-19.23:30:15::SCWMssOS::Sw design exists and opened at  C:/Users/gm/workspace_placebo_2/top/zynq_fsbl/zynq_fsbl_bsp/system.mss
TRACE::2026-08-19.23:30:15::SCWBDomain::Completed writing the mss file at C:/Users/gm/workspace_placebo_2/top/zynq_fsbl/zynq_fsbl_bsp
TRACE::2026-08-19.23:30:15::SCWBDomain::bsp generated is upto date with the mss file. Skipping bsp generation.
TRACE::2026-08-19.23:30:15::SCWBDomain::Not a forced makefile updation, No changes are present. 
TRACE::2026-08-19.23:30:15::SCWBDomain::System Command Ran  C:&  cd  C:/Users/gm/workspace_placebo_2/top/zynq_fsbl& make -C  zynq_fsbl_bsp & make 
TRACE::2026-08-19.23:30:15::SCWBDomain::make: Entering directory 'C:/Users/gm/workspace_placebo_2/top/zynq_fsbl/zynq_fsbl_bsp'

TRACE::2026-08-19.23:30:15::SCWBDomain::make --no-print-directory seq_libs

TRACE::2026-08-19.23:30:15::SCWBDomain::"Running Make include in ps7_cortexa9_0/libsrc/comblock_v2_0/src"

TRACE::2026-08-19.23:30:15::SCWBDomain::make -C ps7_cortexa9_0/libsrc/comblock_v2_0/src -s include  "SHELL=CMD" "COMPILER=arm-none-eabi-gcc" "ASSEMBLER=arm-none-eabi-a
TRACE::2026-08-19.23:30:15::SCWBDomain::s" "ARCHIVER=arm-none-eabi-ar" "COMPILER_FLAGS=  -O2 -c" "EXTRA_COMPILER_FLAGS=-mcpu=cortex-a9 -mfpu=vfpv3 -mfloat-abi=hard -no
TRACE::2026-08-19.23:30:15::SCWBDomain::startfiles -g -Wall -Wextra -fno-tree-loop-distribute-patterns"

TRACE::2026-08-19.23:30:15::SCWBDomain::"Running Make include in ps7_cortexa9_0/libsrc/coresightps_dcc_v1_8/src"

TRACE::2026-08-19.23:30:15::SCWBDomain::make -C ps7_cortexa9_0/libsrc/coresightps_dcc_v1_8/src -s include  "SHELL=CMD" "COMPILER=arm-none-eabi-gcc" "ASSEMBLER=arm-none
TRACE::2026-08-19.23:30:15::SCWBDomain::-eabi-as" "ARCHIVER=arm-none-eabi-ar" "COMPILER_FLAGS=  -O2 -c" "EXTRA_COMPILER_FLAGS=-mcpu=cortex-a9 -mfpu=vfpv3 -mfloat-abi=h
TRACE::2026-08-19.23:30:15::SCWBDomain::ard -nostartfiles -g -Wall -Wextra -fno-tree-loop-distribute-patterns"

TRACE::2026-08-19.23:30:15::SCWBDomain::"Running Make include in ps7_cortexa9_0/libsrc/cpu_cortexa9_v2_11/src"

TRACE::2026-08-19.23:30:15::SCWBDomain::make -C ps7_cortexa9_0/libsrc/cpu_cortexa9_v2_11/src -s include  "SHELL=CMD" "COMPILER=arm-none-eabi-gcc" "ASSEMBLER=arm-none-e
TRACE::2026-08-19.23:30:15::SCWBDomain::abi-as" "ARCHIVER=arm-none-eabi-ar" "COMPILER_FLAGS=  -O2 -c" "EXTRA_COMPILER_FLAGS=-mcpu=cortex-a9 -mfpu=vfpv3 -mfloat-abi=har
TRACE::2026-08-19.23:30:15::SCWBDomain::d -nostartfiles -g -Wall -Wextra -fno-tree-loop-distribute-patterns"

TRACE::2026-08-19.23:30:15::SCWBDomain::"Running Make include in ps7_cortexa9_0/libsrc/ddrps_v1_2/src"

TRACE::2026-08-19.23:30:15::SCWBDomain::make -C ps7_cortexa9_0/libsrc/ddrps_v1_2/src -s include  "SHELL=CMD" "COMPILER=arm-none-eabi-gcc" "ASSEMBLER=arm-none-eabi-as" 
TRACE::2026-08-19.23:30:15::SCWBDomain::"ARCHIVER=arm-none-eabi-ar" "COMPILER_FLAGS=  -O2 -c" "EXTRA_COMPILER_FLAGS=-mcpu=cortex-a9 -mfpu=vfpv3 -mfloat-abi=hard -nosta
TRACE::2026-08-19.23:30:15::SCWBDomain::rtfiles -g -Wall -Wextra -fno-tree-loop-distribute-patterns"

TRACE::2026-08-19.23:30:15::SCWBDomain::"Running Make include in ps7_cortexa9_0/libsrc/devcfg_v3_7/src"

TRACE::2026-08-19.23:30:15::SCWBDomain::make -C ps7_cortexa9_0/libsrc/devcfg_v3_7/src -s include  "SHELL=CMD" "COMPILER=arm-none-eabi-gcc" "ASSEMBLER=arm-none-eabi-as"
TRACE::2026-08-19.23:30:15::SCWBDomain:: "ARCHIVER=arm-none-eabi-ar" "COMPILER_FLAGS=  -O2 -c" "EXTRA_COMPILER_FLAGS=-mcpu=cortex-a9 -mfpu=vfpv3 -mfloat-abi=hard -nost
TRACE::2026-08-19.23:30:15::SCWBDomain::artfiles -g -Wall -Wextra -fno-tree-loop-distribute-patterns"

TRACE::2026-08-19.23:30:15::SCWBDomain::"Running Make include in ps7_cortexa9_0/libsrc/dmaps_v2_8/src"

TRACE::2026-08-19.23:30:15::SCWBDomain::make -C ps7_cortexa9_0/libsrc/dmaps_v2_8/src -s include  "SHELL=CMD" "COMPILER=arm-none-eabi-gcc" "ASSEMBLER=arm-none-eabi-as" 
TRACE::2026-08-19.23:30:15::SCWBDomain::"ARCHIVER=arm-none-eabi-ar" "COMPILER_FLAGS=  -O2 -c" "EXTRA_COMPILER_FLAGS=-mcpu=cortex-a9 -mfpu=vfpv3 -mfloat-abi=hard -nosta
TRACE::2026-08-19.23:30:15::SCWBDomain::rtfiles -g -Wall -Wextra -fno-tree-loop-distribute-patterns"

TRACE::2026-08-19.23:30:15::SCWBDomain::"Running Make include in ps7_cortexa9_0/libsrc/emacps_v3_18/src"

TRACE::2026-08-19.23:30:15::SCWBDomain::make -C ps7_cortexa9_0/libsrc/emacps_v3_18/src -s include  "SHELL=CMD" "COMPILER=arm-none-eabi-gcc" "ASSEMBLER=arm-none-eabi-as
TRACE::2026-08-19.23:30:15::SCWBDomain::" "ARCHIVER=arm-none-eabi-ar" "COMPILER_FLAGS=  -O2 -c" "EXTRA_COMPILER_FLAGS=-mcpu=cortex-a9 -mfpu=vfpv3 -mfloat-abi=hard -nos
TRACE::2026-08-19.23:30:15::SCWBDomain::tartfiles -g -Wall -Wextra -fno-tree-loop-distribute-patterns"

TRACE::2026-08-19.23:30:15::SCWBDomain::"Running Make include in ps7_cortexa9_0/libsrc/gpiops_v3_11/src"

TRACE::2026-08-19.23:30:15::SCWBDomain::make -C ps7_cortexa9_0/libsrc/gpiops_v3_11/src -s include  "SHELL=CMD" "COMPILER=arm-none-eabi-gcc" "ASSEMBLER=arm-none-eabi-as
TRACE::2026-08-19.23:30:15::SCWBDomain::" "ARCHIVER=arm-none-eabi-ar" "COMPILER_FLAGS=  -O2 -c" "EXTRA_COMPILER_FLAGS=-mcpu=cortex-a9 -mfpu=vfpv3 -mfloat-abi=hard -nos
TRACE::2026-08-19.23:30:15::SCWBDomain::tartfiles -g -Wall -Wextra -fno-tree-loop-distribute-patterns"

TRACE::2026-08-19.23:30:15::SCWBDomain::"Running Make include in ps7_cortexa9_0/libsrc/qspips_v3_10/src"

TRACE::2026-08-19.23:30:15::SCWBDomain::make -C ps7_cortexa9_0/libsrc/qspips_v3_10/src -s include  "SHELL=CMD" "COMPILER=arm-none-eabi-gcc" "ASSEMBLER=arm-none-eabi-as
TRACE::2026-08-19.23:30:15::SCWBDomain::" "ARCHIVER=arm-none-eabi-ar" "COMPILER_FLAGS=  -O2 -c" "EXTRA_COMPILER_FLAGS=-mcpu=cortex-a9 -mfpu=vfpv3 -mfloat-abi=hard -nos
TRACE::2026-08-19.23:30:15::SCWBDomain::tartfiles -g -Wall -Wextra -fno-tree-loop-distribute-patterns"

TRACE::2026-08-19.23:30:16::SCWBDomain::"Running Make include in ps7_cortexa9_0/libsrc/scugic_v5_1/src"

TRACE::2026-08-19.23:30:16::SCWBDomain::make -C ps7_cortexa9_0/libsrc/scugic_v5_1/src -s include  "SHELL=CMD" "COMPILER=arm-none-eabi-gcc" "ASSEMBLER=arm-none-eabi-as"
TRACE::2026-08-19.23:30:16::SCWBDomain:: "ARCHIVER=arm-none-eabi-ar" "COMPILER_FLAGS=  -O2 -c" "EXTRA_COMPILER_FLAGS=-mcpu=cortex-a9 -mfpu=vfpv3 -mfloat-abi=hard -nost
TRACE::2026-08-19.23:30:16::SCWBDomain::artfiles -g -Wall -Wextra -fno-tree-loop-distribute-patterns"

TRACE::2026-08-19.23:30:16::SCWBDomain::"Running Make include in ps7_cortexa9_0/libsrc/scutimer_v2_4/src"

TRACE::2026-08-19.23:30:16::SCWBDomain::make -C ps7_cortexa9_0/libsrc/scutimer_v2_4/src -s include  "SHELL=CMD" "COMPILER=arm-none-eabi-gcc" "ASSEMBLER=arm-none-eabi-a
TRACE::2026-08-19.23:30:16::SCWBDomain::s" "ARCHIVER=arm-none-eabi-ar" "COMPILER_FLAGS=  -O2 -c" "EXTRA_COMPILER_FLAGS=-mcpu=cortex-a9 -mfpu=vfpv3 -mfloat-abi=hard -no
TRACE::2026-08-19.23:30:16::SCWBDomain::startfiles -g -Wall -Wextra -fno-tree-loop-distribute-patterns"

TRACE::2026-08-19.23:30:16::SCWBDomain::"Running Make include in ps7_cortexa9_0/libsrc/scuwdt_v2_4/src"

TRACE::2026-08-19.23:30:16::SCWBDomain::make -C ps7_cortexa9_0/libsrc/scuwdt_v2_4/src -s include  "SHELL=CMD" "COMPILER=arm-none-eabi-gcc" "ASSEMBLER=arm-none-eabi-as"
TRACE::2026-08-19.23:30:16::SCWBDomain:: "ARCHIVER=arm-none-eabi-ar" "COMPILER_FLAGS=  -O2 -c" "EXTRA_COMPILER_FLAGS=-mcpu=cortex-a9 -mfpu=vfpv3 -mfloat-abi=hard -nost
TRACE::2026-08-19.23:30:16::SCWBDomain::artfiles -g -Wall -Wextra -fno-tree-loop-distribute-patterns"

TRACE::2026-08-19.23:30:16::SCWBDomain::"Running Make include in ps7_cortexa9_0/libsrc/sdps_v4_1/src"

TRACE::2026-08-19.23:30:16::SCWBDomain::make -C ps7_cortexa9_0/libsrc/sdps_v4_1/src -s include  "SHELL=CMD" "COMPILER=arm-none-eabi-gcc" "ASSEMBLER=arm-none-eabi-as" "
TRACE::2026-08-19.23:30:16::SCWBDomain::ARCHIVER=arm-none-eabi-ar" "COMPILER_FLAGS=  -O2 -c" "EXTRA_COMPILER_FLAGS=-mcpu=cortex-a9 -mfpu=vfpv3 -mfloat-abi=hard -nostar
TRACE::2026-08-19.23:30:16::SCWBDomain::tfiles -g -Wall -Wextra -fno-tree-loop-distribute-patterns"

TRACE::2026-08-19.23:30:16::SCWBDomain::"Running Make include in ps7_cortexa9_0/libsrc/standalone_v8_1/src"

TRACE::2026-08-19.23:30:16::SCWBDomain::make -C ps7_cortexa9_0/libsrc/standalone_v8_1/src -s include  "SHELL=CMD" "COMPILER=arm-none-eabi-gcc" "ASSEMBLER=arm-none-eabi
TRACE::2026-08-19.23:30:16::SCWBDomain::-as" "ARCHIVER=arm-none-eabi-ar" "COMPILER_FLAGS=  -O2 -c" "EXTRA_COMPILER_FLAGS=-mcpu=cortex-a9 -mfpu=vfpv3 -mfloat-abi=hard -
TRACE::2026-08-19.23:30:16::SCWBDomain::nostartfiles -g -Wall -Wextra -fno-tree-loop-distribute-patterns"

TRACE::2026-08-19.23:30:17::SCWBDomain::"Running Make include in ps7_cortexa9_0/libsrc/uartps_v3_12/src"

TRACE::2026-08-19.23:30:17::SCWBDomain::make -C ps7_cortexa9_0/libsrc/uartps_v3_12/src -s include  "SHELL=CMD" "COMPILER=arm-none-eabi-gcc" "ASSEMBLER=arm-none-eabi-as
TRACE::2026-08-19.23:30:17::SCWBDomain::" "ARCHIVER=arm-none-eabi-ar" "COMPILER_FLAGS=  -O2 -c" "EXTRA_COMPILER_FLAGS=-mcpu=cortex-a9 -mfpu=vfpv3 -mfloat-abi=hard -nos
TRACE::2026-08-19.23:30:17::SCWBDomain::tartfiles -g -Wall -Wextra -fno-tree-loop-distribute-patterns"

TRACE::2026-08-19.23:30:17::SCWBDomain::"Running Make include in ps7_cortexa9_0/libsrc/usbps_v2_7/src"

TRACE::2026-08-19.23:30:17::SCWBDomain::make -C ps7_cortexa9_0/libsrc/usbps_v2_7/src -s include  "SHELL=CMD" "COMPILER=arm-none-eabi-gcc" "ASSEMBLER=arm-none-eabi-as" 
TRACE::2026-08-19.23:30:17::SCWBDomain::"ARCHIVER=arm-none-eabi-ar" "COMPILER_FLAGS=  -O2 -c" "EXTRA_COMPILER_FLAGS=-mcpu=cortex-a9 -mfpu=vfpv3 -mfloat-abi=hard -nosta
TRACE::2026-08-19.23:30:17::SCWBDomain::rtfiles -g -Wall -Wextra -fno-tree-loop-distribute-patterns"

TRACE::2026-08-19.23:30:17::SCWBDomain::"Running Make include in ps7_cortexa9_0/libsrc/xadcps_v2_6/src"

TRACE::2026-08-19.23:30:17::SCWBDomain::make -C ps7_cortexa9_0/libsrc/xadcps_v2_6/src -s include  "SHELL=CMD" "COMPILER=arm-none-eabi-gcc" "ASSEMBLER=arm-none-eabi-as"
TRACE::2026-08-19.23:30:17::SCWBDomain:: "ARCHIVER=arm-none-eabi-ar" "COMPILER_FLAGS=  -O2 -c" "EXTRA_COMPILER_FLAGS=-mcpu=cortex-a9 -mfpu=vfpv3 -mfloat-abi=hard -nost
TRACE::2026-08-19.23:30:17::SCWBDomain::artfiles -g -Wall -Wextra -fno-tree-loop-distribute-patterns"

TRACE::2026-08-19.23:30:17::SCWBDomain::"Running Make include in ps7_cortexa9_0/libsrc/xilffs_v5_0/src"

TRACE::2026-08-19.23:30:17::SCWBDomain::make -C ps7_cortexa9_0/libsrc/xilffs_v5_0/src -s include  "SHELL=CMD" "COMPILER=arm-none-eabi-gcc" "ASSEMBLER=arm-none-eabi-as"
TRACE::2026-08-19.23:30:17::SCWBDomain:: "ARCHIVER=arm-none-eabi-ar" "COMPILER_FLAGS=  -O2 -c" "EXTRA_COMPILER_FLAGS=-mcpu=cortex-a9 -mfpu=vfpv3 -mfloat-abi=hard -nost
TRACE::2026-08-19.23:30:17::SCWBDomain::artfiles -g -Wall -Wextra -fno-tree-loop-distribute-patterns"

TRACE::2026-08-19.23:30:17::SCWBDomain::"Running Make include in ps7_cortexa9_0/libsrc/xilrsa_v1_6/src"

TRACE::2026-08-19.23:30:17::SCWBDomain::make -C ps7_cortexa9_0/libsrc/xilrsa_v1_6/src -s include  "SHELL=CMD" "COMPILER=arm-none-eabi-gcc" "ASSEMBLER=arm-none-eabi-as"
TRACE::2026-08-19.23:30:17::SCWBDomain:: "ARCHIVER=arm-none-eabi-ar" "COMPILER_FLAGS=  -O2 -c" "EXTRA_COMPILER_FLAGS=-mcpu=cortex-a9 -mfpu=vfpv3 -mfloat-abi=hard -nost
TRACE::2026-08-19.23:30:17::SCWBDomain::artfiles -g -Wall -Wextra -fno-tree-loop-distribute-patterns"

TRACE::2026-08-19.23:30:17::SCWBDomain::"Running Make libs in ps7_cortexa9_0/libsrc/comblock_v2_0/src"

TRACE::2026-08-19.23:30:17::SCWBDomain::make -C ps7_cortexa9_0/libsrc/comblock_v2_0/src -s libs  "SHELL=CMD" "COMPILER=arm-none-eabi-gcc" "ASSEMBLER=arm-none-eabi-as" 
TRACE::2026-08-19.23:30:17::SCWBDomain::"ARCHIVER=arm-none-eabi-ar" "COMPILER_FLAGS=  -O2 -c" "EXTRA_COMPILER_FLAGS=-mcpu=cortex-a9 -mfpu=vfpv3 -mfloat-abi=hard -nosta
TRACE::2026-08-19.23:30:17::SCWBDomain::rtfiles -g -Wall -Wextra -fno-tree-loop-distribute-patterns"

TRACE::2026-08-19.23:30:17::SCWBDomain::"ComBlock has not C files"

TRACE::2026-08-19.23:30:17::SCWBDomain::"Running Make libs in ps7_cortexa9_0/libsrc/xilrsa_v1_6/src"

TRACE::2026-08-19.23:30:17::SCWBDomain::make -C ps7_cortexa9_0/libsrc/xilrsa_v1_6/src -s libs  "SHELL=CMD" "COMPILER=arm-none-eabi-gcc" "ASSEMBLER=arm-none-eabi-as" "A
TRACE::2026-08-19.23:30:17::SCWBDomain::RCHIVER=arm-none-eabi-ar" "COMPILER_FLAGS=  -O2 -c" "EXTRA_COMPILER_FLAGS=-mcpu=cortex-a9 -mfpu=vfpv3 -mfloat-abi=hard -nostart
TRACE::2026-08-19.23:30:17::SCWBDomain::files -g -Wall -Wextra -fno-tree-loop-distribute-patterns"

TRACE::2026-08-19.23:30:17::SCWBDomain::'Finished building libraries sequentially.'

TRACE::2026-08-19.23:30:17::SCWBDomain::make -j 10 --no-print-directory par_libs

TRACE::2026-08-19.23:30:17::SCWBDomain::"Running Make include in ps7_cortexa9_0/libsrc/comblock_v2_0/src"

TRACE::2026-08-19.23:30:17::SCWBDomain::make -C ps7_cortexa9_0/libsrc/comblock_v2_0/src -s include  "SHELL=CMD" "COMPILER=arm-none-eabi-gcc" "ASSEMBLER=arm-none-eabi-a
TRACE::2026-08-19.23:30:17::SCWBDomain::s" "ARCHIVER=arm-none-eabi-ar" "COMPILER_FLAGS=  -O2 -c" "EXTRA_COMPILER_FLAGS=-mcpu=cortex-a9 -mfpu=vfpv3 -mfloat-abi=hard -no
TRACE::2026-08-19.23:30:17::SCWBDomain::startfiles -g -Wall -Wextra -fno-tree-loop-distribute-patterns"

TRACE::2026-08-19.23:30:17::SCWBDomain::"Running Make include in ps7_cortexa9_0/libsrc/coresightps_dcc_v1_8/src"

TRACE::2026-08-19.23:30:17::SCWBDomain::make -C ps7_cortexa9_0/libsrc/coresightps_dcc_v1_8/src -s include  "SHELL=CMD" "COMPILER=arm-none-eabi-gcc" "ASSEMBLER=arm-none
TRACE::2026-08-19.23:30:17::SCWBDomain::-eabi-as" "ARCHIVER=arm-none-eabi-ar" "COMPILER_FLAGS=  -O2 -c" "EXTRA_COMPILER_FLAGS=-mcpu=cortex-a9 -mfpu=vfpv3 -mfloat-abi=h
TRACE::2026-08-19.23:30:17::SCWBDomain::ard -nostartfiles -g -Wall -Wextra -fno-tree-loop-distribute-patterns"

TRACE::2026-08-19.23:30:17::SCWBDomain::"Running Make include in ps7_cortexa9_0/libsrc/cpu_cortexa9_v2_11/src"

TRACE::2026-08-19.23:30:17::SCWBDomain::make -C ps7_cortexa9_0/libsrc/cpu_cortexa9_v2_11/src -s include  "SHELL=CMD" "COMPILER=arm-none-eabi-gcc" "ASSEMBLER=arm-none-e
TRACE::2026-08-19.23:30:17::SCWBDomain::abi-as" "ARCHIVER=arm-none-eabi-ar" "COMPILER_FLAGS=  -O2 -c" "EXTRA_COMPILER_FLAGS=-mcpu=cortex-a9 -mfpu=vfpv3 -mfloat-abi=har
TRACE::2026-08-19.23:30:17::SCWBDomain::d -nostartfiles -g -Wall -Wextra -fno-tree-loop-distribute-patterns"

TRACE::2026-08-19.23:30:17::SCWBDomain::"Running Make include in ps7_cortexa9_0/libsrc/ddrps_v1_2/src"

TRACE::2026-08-19.23:30:17::SCWBDomain::make -C ps7_cortexa9_0/libsrc/ddrps_v1_2/src -s include  "SHELL=CMD" "COMPILER=arm-none-eabi-gcc" "ASSEMBLER=arm-none-eabi-as" 
TRACE::2026-08-19.23:30:17::SCWBDomain::"ARCHIVER=arm-none-eabi-ar" "COMPILER_FLAGS=  -O2 -c" "EXTRA_COMPILER_FLAGS=-mcpu=cortex-a9 -mfpu=vfpv3 -mfloat-abi=hard -nosta
TRACE::2026-08-19.23:30:17::SCWBDomain::rtfiles -g -Wall -Wextra -fno-tree-loop-distribute-patterns"

TRACE::2026-08-19.23:30:17::SCWBDomain::"Running Make include in ps7_cortexa9_0/libsrc/devcfg_v3_7/src"

TRACE::2026-08-19.23:30:17::SCWBDomain::make -C ps7_cortexa9_0/libsrc/devcfg_v3_7/src -s include  "SHELL=CMD" "COMPILER=arm-none-eabi-gcc" "ASSEMBLER=arm-none-eabi-as"
TRACE::2026-08-19.23:30:17::SCWBDomain:: "ARCHIVER=arm-none-eabi-ar" "COMPILER_FLAGS=  -O2 -c" "EXTRA_COMPILER_FLAGS=-mcpu=cortex-a9 -mfpu=vfpv3 -mfloat-abi=hard -nost
TRACE::2026-08-19.23:30:17::SCWBDomain::artfiles -g -Wall -Wextra -fno-tree-loop-distribute-patterns"

TRACE::2026-08-19.23:30:17::SCWBDomain::"Running Make include in ps7_cortexa9_0/libsrc/dmaps_v2_8/src"

TRACE::2026-08-19.23:30:17::SCWBDomain::make -C ps7_cortexa9_0/libsrc/dmaps_v2_8/src -s include  "SHELL=CMD" "COMPILER=arm-none-eabi-gcc" "ASSEMBLER=arm-none-eabi-as" 
TRACE::2026-08-19.23:30:17::SCWBDomain::"ARCHIVER=arm-none-eabi-ar" "COMPILER_FLAGS=  -O2 -c" "EXTRA_COMPILER_FLAGS=-mcpu=cortex-a9 -mfpu=vfpv3 -mfloat-abi=hard -nosta
TRACE::2026-08-19.23:30:17::SCWBDomain::rtfiles -g -Wall -Wextra -fno-tree-loop-distribute-patterns"

TRACE::2026-08-19.23:30:17::SCWBDomain::"Running Make include in ps7_cortexa9_0/libsrc/emacps_v3_18/src"

TRACE::2026-08-19.23:30:17::SCWBDomain::make -C ps7_cortexa9_0/libsrc/emacps_v3_18/src -s include  "SHELL=CMD" "COMPILER=arm-none-eabi-gcc" "ASSEMBLER=arm-none-eabi-as
TRACE::2026-08-19.23:30:17::SCWBDomain::" "ARCHIVER=arm-none-eabi-ar" "COMPILER_FLAGS=  -O2 -c" "EXTRA_COMPILER_FLAGS=-mcpu=cortex-a9 -mfpu=vfpv3 -mfloat-abi=hard -nos
TRACE::2026-08-19.23:30:17::SCWBDomain::tartfiles -g -Wall -Wextra -fno-tree-loop-distribute-patterns"

TRACE::2026-08-19.23:30:17::SCWBDomain::"Running Make include in ps7_cortexa9_0/libsrc/gpiops_v3_11/src"

TRACE::2026-08-19.23:30:17::SCWBDomain::make -C ps7_cortexa9_0/libsrc/gpiops_v3_11/src -s include  "SHELL=CMD" "COMPILER=arm-none-eabi-gcc" "ASSEMBLER=arm-none-eabi-as
TRACE::2026-08-19.23:30:17::SCWBDomain::" "ARCHIVER=arm-none-eabi-ar" "COMPILER_FLAGS=  -O2 -c" "EXTRA_COMPILER_FLAGS=-mcpu=cortex-a9 -mfpu=vfpv3 -mfloat-abi=hard -nos
TRACE::2026-08-19.23:30:17::SCWBDomain::tartfiles -g -Wall -Wextra -fno-tree-loop-distribute-patterns"

TRACE::2026-08-19.23:30:17::SCWBDomain::"Running Make include in ps7_cortexa9_0/libsrc/qspips_v3_10/src"

TRACE::2026-08-19.23:30:17::SCWBDomain::make -C ps7_cortexa9_0/libsrc/qspips_v3_10/src -s include  "SHELL=CMD" "COMPILER=arm-none-eabi-gcc" "ASSEMBLER=arm-none-eabi-as
TRACE::2026-08-19.23:30:17::SCWBDomain::" "ARCHIVER=arm-none-eabi-ar" "COMPILER_FLAGS=  -O2 -c" "EXTRA_COMPILER_FLAGS=-mcpu=cortex-a9 -mfpu=vfpv3 -mfloat-abi=hard -nos
TRACE::2026-08-19.23:30:17::SCWBDomain::tartfiles -g -Wall -Wextra -fno-tree-loop-distribute-patterns"

TRACE::2026-08-19.23:30:17::SCWBDomain::"Running Make include in ps7_cortexa9_0/libsrc/scugic_v5_1/src"

TRACE::2026-08-19.23:30:17::SCWBDomain::make -C ps7_cortexa9_0/libsrc/scugic_v5_1/src -s include  "SHELL=CMD" "COMPILER=arm-none-eabi-gcc" "ASSEMBLER=arm-none-eabi-as"
TRACE::2026-08-19.23:30:17::SCWBDomain:: "ARCHIVER=arm-none-eabi-ar" "COMPILER_FLAGS=  -O2 -c" "EXTRA_COMPILER_FLAGS=-mcpu=cortex-a9 -mfpu=vfpv3 -mfloat-abi=hard -nost
TRACE::2026-08-19.23:30:17::SCWBDomain::artfiles -g -Wall -Wextra -fno-tree-loop-distribute-patterns"

TRACE::2026-08-19.23:30:17::SCWBDomain::"Running Make include in ps7_cortexa9_0/libsrc/scutimer_v2_4/src"

TRACE::2026-08-19.23:30:17::SCWBDomain::make -C ps7_cortexa9_0/libsrc/scutimer_v2_4/src -s include  "SHELL=CMD" "COMPILER=arm-none-eabi-gcc" "ASSEMBLER=arm-none-eabi-a
TRACE::2026-08-19.23:30:17::SCWBDomain::s" "ARCHIVER=arm-none-eabi-ar" "COMPILER_FLAGS=  -O2 -c" "EXTRA_COMPILER_FLAGS=-mcpu=cortex-a9 -mfpu=vfpv3 -mfloat-abi=hard -no
TRACE::2026-08-19.23:30:17::SCWBDomain::startfiles -g -Wall -Wextra -fno-tree-loop-distribute-patterns"

TRACE::2026-08-19.23:30:17::SCWBDomain::"Running Make include in ps7_cortexa9_0/libsrc/scuwdt_v2_4/src"

TRACE::2026-08-19.23:30:17::SCWBDomain::make -C ps7_cortexa9_0/libsrc/scuwdt_v2_4/src -s include  "SHELL=CMD" "COMPILER=arm-none-eabi-gcc" "ASSEMBLER=arm-none-eabi-as"
TRACE::2026-08-19.23:30:17::SCWBDomain:: "ARCHIVER=arm-none-eabi-ar" "COMPILER_FLAGS=  -O2 -c" "EXTRA_COMPILER_FLAGS=-mcpu=cortex-a9 -mfpu=vfpv3 -mfloat-abi=hard -nost
TRACE::2026-08-19.23:30:17::SCWBDomain::artfiles -g -Wall -Wextra -fno-tree-loop-distribute-patterns"

TRACE::2026-08-19.23:30:17::SCWBDomain::"Running Make include in ps7_cortexa9_0/libsrc/sdps_v4_1/src"

TRACE::2026-08-19.23:30:17::SCWBDomain::make -C ps7_cortexa9_0/libsrc/sdps_v4_1/src -s include  "SHELL=CMD" "COMPILER=arm-none-eabi-gcc" "ASSEMBLER=arm-none-eabi-as" "
TRACE::2026-08-19.23:30:17::SCWBDomain::ARCHIVER=arm-none-eabi-ar" "COMPILER_FLAGS=  -O2 -c" "EXTRA_COMPILER_FLAGS=-mcpu=cortex-a9 -mfpu=vfpv3 -mfloat-abi=hard -nostar
TRACE::2026-08-19.23:30:17::SCWBDomain::tfiles -g -Wall -Wextra -fno-tree-loop-distribute-patterns"

TRACE::2026-08-19.23:30:17::SCWBDomain::"Running Make include in ps7_cortexa9_0/libsrc/standalone_v8_1/src"

TRACE::2026-08-19.23:30:17::SCWBDomain::make -C ps7_cortexa9_0/libsrc/standalone_v8_1/src -s include  "SHELL=CMD" "COMPILER=arm-none-eabi-gcc" "ASSEMBLER=arm-none-eabi
TRACE::2026-08-19.23:30:17::SCWBDomain::-as" "ARCHIVER=arm-none-eabi-ar" "COMPILER_FLAGS=  -O2 -c" "EXTRA_COMPILER_FLAGS=-mcpu=cortex-a9 -mfpu=vfpv3 -mfloat-abi=hard -
TRACE::2026-08-19.23:30:17::SCWBDomain::nostartfiles -g -Wall -Wextra -fno-tree-loop-distribute-patterns"

TRACE::2026-08-19.23:30:18::SCWBDomain::"Running Make include in ps7_cortexa9_0/libsrc/uartps_v3_12/src"

TRACE::2026-08-19.23:30:18::SCWBDomain::make -C ps7_cortexa9_0/libsrc/uartps_v3_12/src -s include  "SHELL=CMD" "COMPILER=arm-none-eabi-gcc" "ASSEMBLER=arm-none-eabi-as
TRACE::2026-08-19.23:30:18::SCWBDomain::" "ARCHIVER=arm-none-eabi-ar" "COMPILER_FLAGS=  -O2 -c" "EXTRA_COMPILER_FLAGS=-mcpu=cortex-a9 -mfpu=vfpv3 -mfloat-abi=hard -nos
TRACE::2026-08-19.23:30:18::SCWBDomain::tartfiles -g -Wall -Wextra -fno-tree-loop-distribute-patterns"

TRACE::2026-08-19.23:30:18::SCWBDomain::"Running Make include in ps7_cortexa9_0/libsrc/usbps_v2_7/src"

TRACE::2026-08-19.23:30:18::SCWBDomain::make -C ps7_cortexa9_0/libsrc/usbps_v2_7/src -s include  "SHELL=CMD" "COMPILER=arm-none-eabi-gcc" "ASSEMBLER=arm-none-eabi-as" 
TRACE::2026-08-19.23:30:18::SCWBDomain::"ARCHIVER=arm-none-eabi-ar" "COMPILER_FLAGS=  -O2 -c" "EXTRA_COMPILER_FLAGS=-mcpu=cortex-a9 -mfpu=vfpv3 -mfloat-abi=hard -nosta
TRACE::2026-08-19.23:30:18::SCWBDomain::rtfiles -g -Wall -Wextra -fno-tree-loop-distribute-patterns"

TRACE::2026-08-19.23:30:18::SCWBDomain::"Running Make include in ps7_cortexa9_0/libsrc/xadcps_v2_6/src"

TRACE::2026-08-19.23:30:18::SCWBDomain::make -C ps7_cortexa9_0/libsrc/xadcps_v2_6/src -s include  "SHELL=CMD" "COMPILER=arm-none-eabi-gcc" "ASSEMBLER=arm-none-eabi-as"
TRACE::2026-08-19.23:30:18::SCWBDomain:: "ARCHIVER=arm-none-eabi-ar" "COMPILER_FLAGS=  -O2 -c" "EXTRA_COMPILER_FLAGS=-mcpu=cortex-a9 -mfpu=vfpv3 -mfloat-abi=hard -nost
TRACE::2026-08-19.23:30:18::SCWBDomain::artfiles -g -Wall -Wextra -fno-tree-loop-distribute-patterns"

TRACE::2026-08-19.23:30:18::SCWBDomain::"Running Make include in ps7_cortexa9_0/libsrc/xilffs_v5_0/src"

TRACE::2026-08-19.23:30:18::SCWBDomain::make -C ps7_cortexa9_0/libsrc/xilffs_v5_0/src -s include  "SHELL=CMD" "COMPILER=arm-none-eabi-gcc" "ASSEMBLER=arm-none-eabi-as"
TRACE::2026-08-19.23:30:18::SCWBDomain:: "ARCHIVER=arm-none-eabi-ar" "COMPILER_FLAGS=  -O2 -c" "EXTRA_COMPILER_FLAGS=-mcpu=cortex-a9 -mfpu=vfpv3 -mfloat-abi=hard -nost
TRACE::2026-08-19.23:30:18::SCWBDomain::artfiles -g -Wall -Wextra -fno-tree-loop-distribute-patterns"

TRACE::2026-08-19.23:30:18::SCWBDomain::"Running Make include in ps7_cortexa9_0/libsrc/xilrsa_v1_6/src"

TRACE::2026-08-19.23:30:18::SCWBDomain::make -C ps7_cortexa9_0/libsrc/xilrsa_v1_6/src -s include  "SHELL=CMD" "COMPILER=arm-none-eabi-gcc" "ASSEMBLER=arm-none-eabi-as"
TRACE::2026-08-19.23:30:18::SCWBDomain:: "ARCHIVER=arm-none-eabi-ar" "COMPILER_FLAGS=  -O2 -c" "EXTRA_COMPILER_FLAGS=-mcpu=cortex-a9 -mfpu=vfpv3 -mfloat-abi=hard -nost
TRACE::2026-08-19.23:30:18::SCWBDomain::artfiles -g -Wall -Wextra -fno-tree-loop-distribute-patterns"

TRACE::2026-08-19.23:30:18::SCWBDomain::"Running Make libs in ps7_cortexa9_0/libsrc/coresightps_dcc_v1_8/src"

TRACE::2026-08-19.23:30:18::SCWBDomain::make -C ps7_cortexa9_0/libsrc/coresightps_dcc_v1_8/src -s libs  "SHELL=CMD" "COMPILER=arm-none-eabi-gcc" "ASSEMBLER=arm-none-ea
TRACE::2026-08-19.23:30:18::SCWBDomain::bi-as" "ARCHIVER=arm-none-eabi-ar" "COMPILER_FLAGS=  -O2 -c" "EXTRA_COMPILER_FLAGS=-mcpu=cortex-a9 -mfpu=vfpv3 -mfloat-abi=hard
TRACE::2026-08-19.23:30:18::SCWBDomain:: -nostartfiles -g -Wall -Wextra -fno-tree-loop-distribute-patterns"

TRACE::2026-08-19.23:30:18::SCWBDomain::"Running Make libs in ps7_cortexa9_0/libsrc/cpu_cortexa9_v2_11/src"

TRACE::2026-08-19.23:30:18::SCWBDomain::make -C ps7_cortexa9_0/libsrc/cpu_cortexa9_v2_11/src -s libs  "SHELL=CMD" "COMPILER=arm-none-eabi-gcc" "ASSEMBLER=arm-none-eabi
TRACE::2026-08-19.23:30:18::SCWBDomain::-as" "ARCHIVER=arm-none-eabi-ar" "COMPILER_FLAGS=  -O2 -c" "EXTRA_COMPILER_FLAGS=-mcpu=cortex-a9 -mfpu=vfpv3 -mfloat-abi=hard -
TRACE::2026-08-19.23:30:18::SCWBDomain::nostartfiles -g -Wall -Wextra -fno-tree-loop-distribute-patterns"

TRACE::2026-08-19.23:30:18::SCWBDomain::"Running Make libs in ps7_cortexa9_0/libsrc/ddrps_v1_2/src"

TRACE::2026-08-19.23:30:18::SCWBDomain::make -C ps7_cortexa9_0/libsrc/ddrps_v1_2/src -s libs  "SHELL=CMD" "COMPILER=arm-none-eabi-gcc" "ASSEMBLER=arm-none-eabi-as" "AR
TRACE::2026-08-19.23:30:18::SCWBDomain::CHIVER=arm-none-eabi-ar" "COMPILER_FLAGS=  -O2 -c" "EXTRA_COMPILER_FLAGS=-mcpu=cortex-a9 -mfpu=vfpv3 -mfloat-abi=hard -nostartf
TRACE::2026-08-19.23:30:18::SCWBDomain::iles -g -Wall -Wextra -fno-tree-loop-distribute-patterns"

TRACE::2026-08-19.23:30:18::SCWBDomain::"Running Make libs in ps7_cortexa9_0/libsrc/devcfg_v3_7/src"

TRACE::2026-08-19.23:30:18::SCWBDomain::make -C ps7_cortexa9_0/libsrc/devcfg_v3_7/src -s libs  "SHELL=CMD" "COMPILER=arm-none-eabi-gcc" "ASSEMBLER=arm-none-eabi-as" "A
TRACE::2026-08-19.23:30:18::SCWBDomain::RCHIVER=arm-none-eabi-ar" "COMPILER_FLAGS=  -O2 -c" "EXTRA_COMPILER_FLAGS=-mcpu=cortex-a9 -mfpu=vfpv3 -mfloat-abi=hard -nostart
TRACE::2026-08-19.23:30:18::SCWBDomain::files -g -Wall -Wextra -fno-tree-loop-distribute-patterns"

TRACE::2026-08-19.23:30:18::SCWBDomain::"Running Make libs in ps7_cortexa9_0/libsrc/dmaps_v2_8/src"

TRACE::2026-08-19.23:30:18::SCWBDomain::make -C ps7_cortexa9_0/libsrc/dmaps_v2_8/src -s libs  "SHELL=CMD" "COMPILER=arm-none-eabi-gcc" "ASSEMBLER=arm-none-eabi-as" "AR
TRACE::2026-08-19.23:30:18::SCWBDomain::CHIVER=arm-none-eabi-ar" "COMPILER_FLAGS=  -O2 -c" "EXTRA_COMPILER_FLAGS=-mcpu=cortex-a9 -mfpu=vfpv3 -mfloat-abi=hard -nostartf
TRACE::2026-08-19.23:30:18::SCWBDomain::iles -g -Wall -Wextra -fno-tree-loop-distribute-patterns"

TRACE::2026-08-19.23:30:18::SCWBDomain::"Running Make libs in ps7_cortexa9_0/libsrc/emacps_v3_18/src"

TRACE::2026-08-19.23:30:18::SCWBDomain::make -C ps7_cortexa9_0/libsrc/emacps_v3_18/src -s libs  "SHELL=CMD" "COMPILER=arm-none-eabi-gcc" "ASSEMBLER=arm-none-eabi-as" "
TRACE::2026-08-19.23:30:18::SCWBDomain::ARCHIVER=arm-none-eabi-ar" "COMPILER_FLAGS=  -O2 -c" "EXTRA_COMPILER_FLAGS=-mcpu=cortex-a9 -mfpu=vfpv3 -mfloat-abi=hard -nostar
TRACE::2026-08-19.23:30:18::SCWBDomain::tfiles -g -Wall -Wextra -fno-tree-loop-distribute-patterns"

TRACE::2026-08-19.23:30:18::SCWBDomain::"Running Make libs in ps7_cortexa9_0/libsrc/gpiops_v3_11/src"

TRACE::2026-08-19.23:30:18::SCWBDomain::make -C ps7_cortexa9_0/libsrc/gpiops_v3_11/src -s libs  "SHELL=CMD" "COMPILER=arm-none-eabi-gcc" "ASSEMBLER=arm-none-eabi-as" "
TRACE::2026-08-19.23:30:18::SCWBDomain::ARCHIVER=arm-none-eabi-ar" "COMPILER_FLAGS=  -O2 -c" "EXTRA_COMPILER_FLAGS=-mcpu=cortex-a9 -mfpu=vfpv3 -mfloat-abi=hard -nostar
TRACE::2026-08-19.23:30:18::SCWBDomain::tfiles -g -Wall -Wextra -fno-tree-loop-distribute-patterns"

TRACE::2026-08-19.23:30:18::SCWBDomain::"Running Make libs in ps7_cortexa9_0/libsrc/qspips_v3_10/src"

TRACE::2026-08-19.23:30:18::SCWBDomain::make -C ps7_cortexa9_0/libsrc/qspips_v3_10/src -s libs  "SHELL=CMD" "COMPILER=arm-none-eabi-gcc" "ASSEMBLER=arm-none-eabi-as" "
TRACE::2026-08-19.23:30:18::SCWBDomain::ARCHIVER=arm-none-eabi-ar" "COMPILER_FLAGS=  -O2 -c" "EXTRA_COMPILER_FLAGS=-mcpu=cortex-a9 -mfpu=vfpv3 -mfloat-abi=hard -nostar
TRACE::2026-08-19.23:30:18::SCWBDomain::tfiles -g -Wall -Wextra -fno-tree-loop-distribute-patterns"

TRACE::2026-08-19.23:30:18::SCWBDomain::"Running Make libs in ps7_cortexa9_0/libsrc/scugic_v5_1/src"

TRACE::2026-08-19.23:30:18::SCWBDomain::make -C ps7_cortexa9_0/libsrc/scugic_v5_1/src -s libs  "SHELL=CMD" "COMPILER=arm-none-eabi-gcc" "ASSEMBLER=arm-none-eabi-as" "A
TRACE::2026-08-19.23:30:18::SCWBDomain::RCHIVER=arm-none-eabi-ar" "COMPILER_FLAGS=  -O2 -c" "EXTRA_COMPILER_FLAGS=-mcpu=cortex-a9 -mfpu=vfpv3 -mfloat-abi=hard -nostart
TRACE::2026-08-19.23:30:18::SCWBDomain::files -g -Wall -Wextra -fno-tree-loop-distribute-patterns"

TRACE::2026-08-19.23:30:18::SCWBDomain::"Running Make libs in ps7_cortexa9_0/libsrc/scutimer_v2_4/src"

TRACE::2026-08-19.23:30:18::SCWBDomain::make -C ps7_cortexa9_0/libsrc/scutimer_v2_4/src -s libs  "SHELL=CMD" "COMPILER=arm-none-eabi-gcc" "ASSEMBLER=arm-none-eabi-as" 
TRACE::2026-08-19.23:30:18::SCWBDomain::"ARCHIVER=arm-none-eabi-ar" "COMPILER_FLAGS=  -O2 -c" "EXTRA_COMPILER_FLAGS=-mcpu=cortex-a9 -mfpu=vfpv3 -mfloat-abi=hard -nosta
TRACE::2026-08-19.23:30:18::SCWBDomain::rtfiles -g -Wall -Wextra -fno-tree-loop-distribute-patterns"

TRACE::2026-08-19.23:30:18::SCWBDomain::"Running Make libs in ps7_cortexa9_0/libsrc/scuwdt_v2_4/src"

TRACE::2026-08-19.23:30:18::SCWBDomain::make -C ps7_cortexa9_0/libsrc/scuwdt_v2_4/src -s libs  "SHELL=CMD" "COMPILER=arm-none-eabi-gcc" "ASSEMBLER=arm-none-eabi-as" "A
TRACE::2026-08-19.23:30:18::SCWBDomain::RCHIVER=arm-none-eabi-ar" "COMPILER_FLAGS=  -O2 -c" "EXTRA_COMPILER_FLAGS=-mcpu=cortex-a9 -mfpu=vfpv3 -mfloat-abi=hard -nostart
TRACE::2026-08-19.23:30:18::SCWBDomain::files -g -Wall -Wextra -fno-tree-loop-distribute-patterns"

TRACE::2026-08-19.23:30:19::SCWBDomain::"Running Make libs in ps7_cortexa9_0/libsrc/sdps_v4_1/src"

TRACE::2026-08-19.23:30:19::SCWBDomain::make -C ps7_cortexa9_0/libsrc/sdps_v4_1/src -s libs  "SHELL=CMD" "COMPILER=arm-none-eabi-gcc" "ASSEMBLER=arm-none-eabi-as" "ARC
TRACE::2026-08-19.23:30:19::SCWBDomain::HIVER=arm-none-eabi-ar" "COMPILER_FLAGS=  -O2 -c" "EXTRA_COMPILER_FLAGS=-mcpu=cortex-a9 -mfpu=vfpv3 -mfloat-abi=hard -nostartfi
TRACE::2026-08-19.23:30:19::SCWBDomain::les -g -Wall -Wextra -fno-tree-loop-distribute-patterns"

TRACE::2026-08-19.23:30:19::SCWBDomain::"Running Make libs in ps7_cortexa9_0/libsrc/standalone_v8_1/src"

TRACE::2026-08-19.23:30:19::SCWBDomain::make -C ps7_cortexa9_0/libsrc/standalone_v8_1/src -s libs  "SHELL=CMD" "COMPILER=arm-none-eabi-gcc" "ASSEMBLER=arm-none-eabi-as
TRACE::2026-08-19.23:30:19::SCWBDomain::" "ARCHIVER=arm-none-eabi-ar" "COMPILER_FLAGS=  -O2 -c" "EXTRA_COMPILER_FLAGS=-mcpu=cortex-a9 -mfpu=vfpv3 -mfloat-abi=hard -nos
TRACE::2026-08-19.23:30:19::SCWBDomain::tartfiles -g -Wall -Wextra -fno-tree-loop-distribute-patterns"

TRACE::2026-08-19.23:30:19::SCWBDomain::"Running Make libs in ps7_cortexa9_0/libsrc/uartps_v3_12/src"

TRACE::2026-08-19.23:30:19::SCWBDomain::make -C ps7_cortexa9_0/libsrc/uartps_v3_12/src -s libs  "SHELL=CMD" "COMPILER=arm-none-eabi-gcc" "ASSEMBLER=arm-none-eabi-as" "
TRACE::2026-08-19.23:30:19::SCWBDomain::ARCHIVER=arm-none-eabi-ar" "COMPILER_FLAGS=  -O2 -c" "EXTRA_COMPILER_FLAGS=-mcpu=cortex-a9 -mfpu=vfpv3 -mfloat-abi=hard -nostar
TRACE::2026-08-19.23:30:19::SCWBDomain::tfiles -g -Wall -Wextra -fno-tree-loop-distribute-patterns"

TRACE::2026-08-19.23:30:19::SCWBDomain::"Running Make libs in ps7_cortexa9_0/libsrc/usbps_v2_7/src"

TRACE::2026-08-19.23:30:19::SCWBDomain::make -C ps7_cortexa9_0/libsrc/usbps_v2_7/src -s libs  "SHELL=CMD" "COMPILER=arm-none-eabi-gcc" "ASSEMBLER=arm-none-eabi-as" "AR
TRACE::2026-08-19.23:30:19::SCWBDomain::CHIVER=arm-none-eabi-ar" "COMPILER_FLAGS=  -O2 -c" "EXTRA_COMPILER_FLAGS=-mcpu=cortex-a9 -mfpu=vfpv3 -mfloat-abi=hard -nostartf
TRACE::2026-08-19.23:30:19::SCWBDomain::iles -g -Wall -Wextra -fno-tree-loop-distribute-patterns"

TRACE::2026-08-19.23:30:19::SCWBDomain::"Running Make libs in ps7_cortexa9_0/libsrc/xadcps_v2_6/src"

TRACE::2026-08-19.23:30:19::SCWBDomain::make -C ps7_cortexa9_0/libsrc/xadcps_v2_6/src -s libs  "SHELL=CMD" "COMPILER=arm-none-eabi-gcc" "ASSEMBLER=arm-none-eabi-as" "A
TRACE::2026-08-19.23:30:19::SCWBDomain::RCHIVER=arm-none-eabi-ar" "COMPILER_FLAGS=  -O2 -c" "EXTRA_COMPILER_FLAGS=-mcpu=cortex-a9 -mfpu=vfpv3 -mfloat-abi=hard -nostart
TRACE::2026-08-19.23:30:19::SCWBDomain::files -g -Wall -Wextra -fno-tree-loop-distribute-patterns"

TRACE::2026-08-19.23:30:19::SCWBDomain::"Running Make libs in ps7_cortexa9_0/libsrc/xilffs_v5_0/src"

TRACE::2026-08-19.23:30:19::SCWBDomain::make -C ps7_cortexa9_0/libsrc/xilffs_v5_0/src -s libs  "SHELL=CMD" "COMPILER=arm-none-eabi-gcc" "ASSEMBLER=arm-none-eabi-as" "A
TRACE::2026-08-19.23:30:19::SCWBDomain::RCHIVER=arm-none-eabi-ar" "COMPILER_FLAGS=  -O2 -c" "EXTRA_COMPILER_FLAGS=-mcpu=cortex-a9 -mfpu=vfpv3 -mfloat-abi=hard -nostart
TRACE::2026-08-19.23:30:19::SCWBDomain::files -g -Wall -Wextra -fno-tree-loop-distribute-patterns"

TRACE::2026-08-19.23:30:20::SCWBDomain::'Finished building libraries parallelly.'

TRACE::2026-08-19.23:30:20::SCWBDomain::make --no-print-directory archive

TRACE::2026-08-19.23:30:20::SCWBDomain::arm-none-eabi-ar -r  ps7_cortexa9_0/lib/libxil.a ps7_cortexa9_0/lib/_exit.o ps7_cortexa9_0/lib/_open.o ps7_cortexa9_0/lib/_sbrk
TRACE::2026-08-19.23:30:20::SCWBDomain::.o ps7_cortexa9_0/lib/abort.o ps7_cortexa9_0/lib/asm_vectors.o ps7_cortexa9_0/lib/boot.o ps7_cortexa9_0/lib/close.o ps7_cortexa
TRACE::2026-08-19.23:30:20::SCWBDomain::9_0/lib/cpputest_time.o ps7_cortexa9_0/lib/cpu_init.o ps7_cortexa9_0/lib/errno.o ps7_cortexa9_0/lib/fcntl.o ps7_cortexa9_0/lib/
TRACE::2026-08-19.23:30:20::SCWBDomain::fstat.o ps7_cortexa9_0/lib/getentropy.o ps7_cortexa9_0/lib/getpid.o ps7_cortexa9_0/lib/inbyte.o ps7_cortexa9_0/lib/isatty.o ps7
TRACE::2026-08-19.23:30:20::SCWBDomain::_cortexa9_0/lib/kill.o ps7_cortexa9_0/lib/lseek.o ps7_cortexa9_0/lib/open.o ps7_cortexa9_0/lib/outbyte.o ps7_cortexa9_0/lib/pri
TRACE::2026-08-19.23:30:20::SCWBDomain::nt.o ps7_cortexa9_0/lib/putnum.o ps7_cortexa9_0/lib/read.o ps7_cortexa9_0/lib/sbrk.o ps7_cortexa9_0/lib/sleep.o ps7_cortexa9_0/
TRACE::2026-08-19.23:30:20::SCWBDomain::lib/time.o ps7_cortexa9_0/lib/translation_table.o ps7_cortexa9_0/lib/unlink.o ps7_cortexa9_0/lib/usleep.o ps7_cortexa9_0/lib/ve
TRACE::2026-08-19.23:30:20::SCWBDomain::ctors.o ps7_cortexa9_0/lib/write.o ps7_cortexa9_0/lib/xadcps.o ps7_cortexa9_0/lib/xadcps_g.o ps7_cortexa9_0/lib/xadcps_intr.o p
TRACE::2026-08-19.23:30:20::SCWBDomain::s7_cortexa9_0/lib/xadcps_selftest.o ps7_cortexa9_0/lib/xadcps_sinit.o ps7_cortexa9_0/lib/xcoresightpsdcc.o ps7_cortexa9_0/lib/x
TRACE::2026-08-19.23:30:20::SCWBDomain::devcfg.o ps7_cortexa9_0/lib/xdevcfg_g.o ps7_cortexa9_0/lib/xdevcfg_hw.o ps7_cortexa9_0/lib/xdevcfg_intr.o ps7_cortexa9_0/lib/xd
TRACE::2026-08-19.23:30:20::SCWBDomain::evcfg_selftest.o ps7_cortexa9_0/lib/xdevcfg_sinit.o ps7_cortexa9_0/lib/xdmaps.o ps7_cortexa9_0/lib/xdmaps_g.o ps7_cortexa9_0/li
TRACE::2026-08-19.23:30:20::SCWBDomain::b/xdmaps_hw.o ps7_cortexa9_0/lib/xdmaps_selftest.o ps7_cortexa9_0/lib/xdmaps_sinit.o ps7_cortexa9_0/lib/xemacps.o ps7_cortexa9_
TRACE::2026-08-19.23:30:20::SCWBDomain::0/lib/xemacps_bdring.o ps7_cortexa9_0/lib/xemacps_control.o ps7_cortexa9_0/lib/xemacps_g.o ps7_cortexa9_0/lib/xemacps_hw.o ps7_
TRACE::2026-08-19.23:30:20::SCWBDomain::cortexa9_0/lib/xemacps_intr.o ps7_cortexa9_0/lib/xemacps_sinit.o ps7_cortexa9_0/lib/xgpiops.o ps7_cortexa9_0/lib/xgpiops_g.o ps
TRACE::2026-08-19.23:30:20::SCWBDomain::7_cortexa9_0/lib/xgpiops_hw.o ps7_cortexa9_0/lib/xgpiops_intr.o ps7_cortexa9_0/lib/xgpiops_selftest.o ps7_cortexa9_0/lib/xgpiop
TRACE::2026-08-19.23:30:20::SCWBDomain::s_sinit.o ps7_cortexa9_0/lib/xil-crt0.o ps7_cortexa9_0/lib/xil_assert.o ps7_cortexa9_0/lib/xil_cache.o ps7_cortexa9_0/lib/xil_c
TRACE::2026-08-19.23:30:20::SCWBDomain::locking.o ps7_cortexa9_0/lib/xil_exception.o ps7_cortexa9_0/lib/xil_mem.o ps7_cortexa9_0/lib/xil_misc_psreset_api.o ps7_cortexa
TRACE::2026-08-19.23:30:20::SCWBDomain::9_0/lib/xil_mmu.o ps7_cortexa9_0/lib/xil_printf.o ps7_cortexa9_0/lib/xil_sleepcommon.o ps7_cortexa9_0/lib/xil_sleeptimer.o ps7_
TRACE::2026-08-19.23:30:20::SCWBDomain::cortexa9_0/lib/xil_spinlock.o ps7_cortexa9_0/lib/xil_testcache.o ps7_cortexa9_0/lib/xil_testio.o ps7_cortexa9_0/lib/xil_testmem
TRACE::2026-08-19.23:30:20::SCWBDomain::.o ps7_cortexa9_0/lib/xil_util.o ps7_cortexa9_0/lib/xinterrupt_wrap.o ps7_cortexa9_0/lib/xl2cc_counter.o ps7_cortexa9_0/lib/xpl
TRACE::2026-08-19.23:30:20::SCWBDomain::atform_info.o ps7_cortexa9_0/lib/xpm_counter.o ps7_cortexa9_0/lib/xqspips.o ps7_cortexa9_0/lib/xqspips_g.o ps7_cortexa9_0/lib/x
TRACE::2026-08-19.23:30:20::SCWBDomain::qspips_hw.o ps7_cortexa9_0/lib/xqspips_options.o ps7_cortexa9_0/lib/xqspips_selftest.o ps7_cortexa9_0/lib/xqspips_sinit.o ps7_c
TRACE::2026-08-19.23:30:20::SCWBDomain::ortexa9_0/lib/xscugic.o ps7_cortexa9_0/lib/xscugic_g.o ps7_cortexa9_0/lib/xscugic_hw.o ps7_cortexa9_0/lib/xscugic_intr.o ps7_co
TRACE::2026-08-19.23:30:20::SCWBDomain::rtexa9_0/lib/xscugic_selftest.o ps7_cortexa9_0/lib/xscugic_sinit.o ps7_cortexa9_0/lib/xscutimer.o ps7_cortexa9_0/lib/xscutimer_
TRACE::2026-08-19.23:30:20::SCWBDomain::g.o ps7_cortexa9_0/lib/xscutimer_selftest.o ps7_cortexa9_0/lib/xscutimer_sinit.o ps7_cortexa9_0/lib/xscuwdt.o ps7_cortexa9_0/li
TRACE::2026-08-19.23:30:20::SCWBDomain::b/xscuwdt_g.o ps7_cortexa9_0/lib/xscuwdt_selftest.o ps7_cortexa9_0/lib/xscuwdt_sinit.o ps7_cortexa9_0/lib/xsdps.o ps7_cortexa9_
TRACE::2026-08-19.23:30:20::SCWBDomain::0/lib/xsdps_card.o ps7_cortexa9_0/lib/xsdps_g.o ps7_cortexa9_0/lib/xsdps_host.o ps7_cortexa9_0/lib/xsdps_options.o ps7_cortexa9
TRACE::2026-08-19.23:30:20::SCWBDomain::_0/lib/xsdps_sinit.o ps7_cortexa9_0/lib/xtime_l.o ps7_cortexa9_0/lib/xuartps.o ps7_cortexa9_0/lib/xuartps_g.o ps7_cortexa9_0/li
TRACE::2026-08-19.23:30:20::SCWBDomain::b/xuartps_hw.o ps7_cortexa9_0/lib/xuartps_intr.o ps7_cortexa9_0/lib/xuartps_options.o ps7_cortexa9_0/lib/xuartps_selftest.o ps7
TRACE::2026-08-19.23:30:20::SCWBDomain::_cortexa9_0/lib/xuartps_sinit.o ps7_cortexa9_0/lib/xusbps.o ps7_cortexa9_0/lib/xusbps_endpoint.o ps7_cortexa9_0/lib/xusbps_g.o 
TRACE::2026-08-19.23:30:20::SCWBDomain::ps7_cortexa9_0/lib/xusbps_hw.o ps7_cortexa9_0/lib/xusbps_intr.o ps7_cortexa9_0/lib/xusbps_sinit.o

TRACE::2026-08-19.23:30:21::SCWBDomain::'Finished building libraries'

TRACE::2026-08-19.23:30:21::SCWBDomain::make: Leaving directory 'C:/Users/gm/workspace_placebo_2/top/zynq_fsbl/zynq_fsbl_bsp'

TRACE::2026-08-19.23:30:21::SCWBDomain::arm-none-eabi-gcc  -O2 -c -MMD -MP       -mcpu=cortex-a9 -mfpu=vfpv3 -mfloat-abi=hard  -c sd.c -o sd.o -Izynq_fsbl_bsp/ps7_cort
TRACE::2026-08-19.23:30:21::SCWBDomain::exa9_0/include -I.

TRACE::2026-08-19.23:30:21::SCWBDomain::arm-none-eabi-gcc  -O2 -c -MMD -MP       -mcpu=cortex-a9 -mfpu=vfpv3 -mfloat-abi=hard  -c nand.c -o nand.o -Izynq_fsbl_bsp/ps7_
TRACE::2026-08-19.23:30:21::SCWBDomain::cortexa9_0/include -I.

TRACE::2026-08-19.23:30:21::SCWBDomain::arm-none-eabi-gcc  -O2 -c -MMD -MP       -mcpu=cortex-a9 -mfpu=vfpv3 -mfloat-abi=hard  -c nor.c -o nor.o -Izynq_fsbl_bsp/ps7_co
TRACE::2026-08-19.23:30:21::SCWBDomain::rtexa9_0/include -I.

TRACE::2026-08-19.23:30:21::SCWBDomain::arm-none-eabi-gcc  -O2 -c -MMD -MP       -mcpu=cortex-a9 -mfpu=vfpv3 -mfloat-abi=hard  -c image_mover.c -o image_mover.o -Izynq
TRACE::2026-08-19.23:30:21::SCWBDomain::_fsbl_bsp/ps7_cortexa9_0/include -I.

TRACE::2026-08-19.23:30:21::SCWBDomain::arm-none-eabi-gcc  -O2 -c -MMD -MP       -mcpu=cortex-a9 -mfpu=vfpv3 -mfloat-abi=hard  -c md5.c -o md5.o -Izynq_fsbl_bsp/ps7_co
TRACE::2026-08-19.23:30:21::SCWBDomain::rtexa9_0/include -I.

TRACE::2026-08-19.23:30:21::SCWBDomain::arm-none-eabi-gcc  -O2 -c -MMD -MP       -mcpu=cortex-a9 -mfpu=vfpv3 -mfloat-abi=hard  -c fsbl_hooks.c -o fsbl_hooks.o -Izynq_f
TRACE::2026-08-19.23:30:21::SCWBDomain::sbl_bsp/ps7_cortexa9_0/include -I.

TRACE::2026-08-19.23:30:21::SCWBDomain::arm-none-eabi-gcc  -O2 -c -MMD -MP       -mcpu=cortex-a9 -mfpu=vfpv3 -mfloat-abi=hard  -c main.c -o main.o -Izynq_fsbl_bsp/ps7_
TRACE::2026-08-19.23:30:21::SCWBDomain::cortexa9_0/include -I.

TRACE::2026-08-19.23:30:21::SCWBDomain::arm-none-eabi-gcc  -O2 -c -MMD -MP       -mcpu=cortex-a9 -mfpu=vfpv3 -mfloat-abi=hard  -c rsa.c -o rsa.o -Izynq_fsbl_bsp/ps7_co
TRACE::2026-08-19.23:30:21::SCWBDomain::rtexa9_0/include -I.

TRACE::2026-08-19.23:30:21::SCWBDomain::arm-none-eabi-gcc  -O2 -c -MMD -MP       -mcpu=cortex-a9 -mfpu=vfpv3 -mfloat-abi=hard  -c qspi.c -o qspi.o -Izynq_fsbl_bsp/ps7_
TRACE::2026-08-19.23:30:21::SCWBDomain::cortexa9_0/include -I.

TRACE::2026-08-19.23:30:22::SCWBDomain::arm-none-eabi-gcc  -O2 -c -MMD -MP       -mcpu=cortex-a9 -mfpu=vfpv3 -mfloat-abi=hard  -c ps7_init.c -o ps7_init.o -Izynq_fsbl_
TRACE::2026-08-19.23:30:22::SCWBDomain::bsp/ps7_cortexa9_0/include -I.

TRACE::2026-08-19.23:30:22::SCWBDomain::arm-none-eabi-gcc  -O2 -c -MMD -MP       -mcpu=cortex-a9 -mfpu=vfpv3 -mfloat-abi=hard  -c pcap.c -o pcap.o -Izynq_fsbl_bsp/ps7_
TRACE::2026-08-19.23:30:22::SCWBDomain::cortexa9_0/include -I.

TRACE::2026-08-19.23:30:22::SCWBDomain::arm-none-eabi-gcc  -O2 -c -MMD -MP       -mcpu=cortex-a9 -mfpu=vfpv3 -mfloat-abi=hard  -c fsbl_handoff.S -o fsbl_handoff.o -Izy
TRACE::2026-08-19.23:30:22::SCWBDomain::nq_fsbl_bsp/ps7_cortexa9_0/include -I.

TRACE::2026-08-19.23:30:22::SCWBDomain::arm-none-eabi-gcc -o fsbl.elf fsbl_handoff.o fsbl_hooks.o image_mover.o main.o md5.o nand.o nor.o pcap.o ps7_init.o qspi.o rsa.
TRACE::2026-08-19.23:30:22::SCWBDomain::o sd.o -MMD -MP       -mcpu=cortex-a9 -mfpu=vfpv3 -mfloat-abi=hard   -mcpu=cortex-a9 -mfpu=vfpv3 -mfloat-abi=hard -Wl,-build-id
TRACE::2026-08-19.23:30:22::SCWBDomain::=none -specs=Xilinx.spec  -lrsa -Wl,--start-group,-lxil,-lgcc,-lc,--end-group -Wl,--start-group,-lxilffs,-lxil,-lgcc,-lc,--end-
TRACE::2026-08-19.23:30:22::SCWBDomain::group -Wl,--start-group,-lrsa,-lxil,-lgcc,-lc,--end-group                                    -Wl,--gc-sections -Lzynq_fsbl_bsp/
TRACE::2026-08-19.23:30:22::SCWBDomain::ps7_cortexa9_0/lib -L./ -Tlscript.ld

LOG::2026-08-19.23:30:22::SCWSystem::Checking the domain standalone_ps7_cortexa9_0
LOG::2026-08-19.23:30:22::SCWSystem::Not a boot domain 
LOG::2026-08-19.23:30:22::SCWSystem::Started Processing the domain standalone_ps7_cortexa9_0
TRACE::2026-08-19.23:30:22::SCWDomain::Generating domain artifcats
TRACE::2026-08-19.23:30:22::SCWMssOS::Generating standalone artifcats
TRACE::2026-08-19.23:30:22::SCWMssOS::Copying the qemu file from  C:/Users/gm/workspace_placebo_2/top/resources/top/standalone_ps7_cortexa9_0/qemu_args.txt To C:/Users/gm/workspace_placebo_2/top/export/top/sw/top/qemu/
TRACE::2026-08-19.23:30:22::SCWMssOS::Copying the qemu file from  C:/Users/gm/workspace_placebo_2/top/resources/top/standalone_ps7_cortexa9_0/qemu_args.txt To C:/Users/gm/workspace_placebo_2/top/export/top/sw/top/standalone_ps7_cortexa9_0/qemu/
TRACE::2026-08-19.23:30:22::SCWMssOS:: Copying the user libraries. 
TRACE::2026-08-19.23:30:22::SCWPlatform::Trying to open the hw design at C:/Users/gm/workspace_placebo_2/top/hw/top.xsa
TRACE::2026-08-19.23:30:22::SCWPlatform::DSA given C:/Users/gm/workspace_placebo_2/top/hw/top.xsa
TRACE::2026-08-19.23:30:22::SCWPlatform::DSA absoulate path C:/Users/gm/workspace_placebo_2/top/hw/top.xsa
TRACE::2026-08-19.23:30:22::SCWPlatform::DSA directory C:/Users/gm/workspace_placebo_2/top/hw
TRACE::2026-08-19.23:30:22::SCWPlatform:: Platform Path C:/Users/gm/workspace_placebo_2/top/hw/top.xsa
TRACE::2026-08-19.23:30:22::SCWPlatform:: Unique name xilinx:zedboard::0.0
TRACE::2026-08-19.23:30:22::SCWPlatform::Trying to set the existing hwdb with name top_0
TRACE::2026-08-19.23:30:22::SCWPlatform::Opened existing hwdb top_0
TRACE::2026-08-19.23:30:22::SCWPlatform::Found the Hw Db part of the input DSA
TRACE::2026-08-19.23:30:22::SCWMssOS::Checking the sw design at  C:/Users/gm/workspace_placebo_2/top/ps7_cortexa9_0/standalone_ps7_cortexa9_0/bsp/system.mss
TRACE::2026-08-19.23:30:22::SCWMssOS::DEBUG:  swdes dump  C:/Users/gm/workspace_placebo_2/top/ps7_cortexa9_0/standalone_ps7_cortexa9_0/bsp/system.mss|system_0||
C:/Users/gm/workspace_placebo_2/top/zynq_fsbl/zynq_fsbl_bsp/system.mss|system||

TRACE::2026-08-19.23:30:22::SCWMssOS::Sw design exists and opened at  C:/Users/gm/workspace_placebo_2/top/ps7_cortexa9_0/standalone_ps7_cortexa9_0/bsp/system.mss
TRACE::2026-08-19.23:30:22::SCWMssOS::Completed writing the mss file at C:/Users/gm/workspace_placebo_2/top/ps7_cortexa9_0/standalone_ps7_cortexa9_0/bsp
TRACE::2026-08-19.23:30:22::SCWMssOS::Mss edits present, copying mssfile into export location C:/Users/gm/workspace_placebo_2/top/ps7_cortexa9_0/standalone_ps7_cortexa9_0/bsp/system.mss
TRACE::2026-08-19.23:30:22::SCWMssOS::bsp generated is upto date with the mss file. Skipping bsp generation.
TRACE::2026-08-19.23:30:22::SCWMssOS::BSP is already built. skipping the bsp build ... 
TRACE::2026-08-19.23:30:22::SCWDomain::Building the domain as part of full build :  standalone_ps7_cortexa9_0
TRACE::2026-08-19.23:30:22::SCWMssOS::doing bsp build ... 
TRACE::2026-08-19.23:30:22::SCWMssOS::System Command Ran  C: & cd  C:/Users/gm/workspace_placebo_2/top/ps7_cortexa9_0/standalone_ps7_cortexa9_0/bsp & make 
TRACE::2026-08-19.23:30:22::SCWMssOS::make --no-print-directory seq_libs

TRACE::2026-08-19.23:30:22::SCWMssOS::"Running Make include in ps7_cortexa9_0/libsrc/comblock_v2_0/src"

TRACE::2026-08-19.23:30:22::SCWMssOS::make -C ps7_cortexa9_0/libsrc/comblock_v2_0/src -s include  "SHELL=CMD" "COMPILER=arm-none-eabi-gcc" "ASSEMBLER=arm-none-eabi-a
TRACE::2026-08-19.23:30:22::SCWMssOS::s" "ARCHIVER=arm-none-eabi-ar" "COMPILER_FLAGS=  -O2 -c" "EXTRA_COMPILER_FLAGS=-mcpu=cortex-a9 -mfpu=vfpv3 -mfloat-abi=hard -no
TRACE::2026-08-19.23:30:22::SCWMssOS::startfiles -g -Wall -Wextra -fno-tree-loop-distribute-patterns"

TRACE::2026-08-19.23:30:22::SCWMssOS::"Running Make include in ps7_cortexa9_0/libsrc/coresightps_dcc_v1_8/src"

TRACE::2026-08-19.23:30:22::SCWMssOS::make -C ps7_cortexa9_0/libsrc/coresightps_dcc_v1_8/src -s include  "SHELL=CMD" "COMPILER=arm-none-eabi-gcc" "ASSEMBLER=arm-none
TRACE::2026-08-19.23:30:22::SCWMssOS::-eabi-as" "ARCHIVER=arm-none-eabi-ar" "COMPILER_FLAGS=  -O2 -c" "EXTRA_COMPILER_FLAGS=-mcpu=cortex-a9 -mfpu=vfpv3 -mfloat-abi=h
TRACE::2026-08-19.23:30:22::SCWMssOS::ard -nostartfiles -g -Wall -Wextra -fno-tree-loop-distribute-patterns"

TRACE::2026-08-19.23:30:22::SCWMssOS::"Running Make include in ps7_cortexa9_0/libsrc/cpu_cortexa9_v2_11/src"

TRACE::2026-08-19.23:30:22::SCWMssOS::make -C ps7_cortexa9_0/libsrc/cpu_cortexa9_v2_11/src -s include  "SHELL=CMD" "COMPILER=arm-none-eabi-gcc" "ASSEMBLER=arm-none-e
TRACE::2026-08-19.23:30:22::SCWMssOS::abi-as" "ARCHIVER=arm-none-eabi-ar" "COMPILER_FLAGS=  -O2 -c" "EXTRA_COMPILER_FLAGS=-mcpu=cortex-a9 -mfpu=vfpv3 -mfloat-abi=har
TRACE::2026-08-19.23:30:22::SCWMssOS::d -nostartfiles -g -Wall -Wextra -fno-tree-loop-distribute-patterns"

TRACE::2026-08-19.23:30:22::SCWMssOS::"Running Make include in ps7_cortexa9_0/libsrc/ddrps_v1_2/src"

TRACE::2026-08-19.23:30:22::SCWMssOS::make -C ps7_cortexa9_0/libsrc/ddrps_v1_2/src -s include  "SHELL=CMD" "COMPILER=arm-none-eabi-gcc" "ASSEMBLER=arm-none-eabi-as" 
TRACE::2026-08-19.23:30:22::SCWMssOS::"ARCHIVER=arm-none-eabi-ar" "COMPILER_FLAGS=  -O2 -c" "EXTRA_COMPILER_FLAGS=-mcpu=cortex-a9 -mfpu=vfpv3 -mfloat-abi=hard -nosta
TRACE::2026-08-19.23:30:22::SCWMssOS::rtfiles -g -Wall -Wextra -fno-tree-loop-distribute-patterns"

TRACE::2026-08-19.23:30:22::SCWMssOS::"Running Make include in ps7_cortexa9_0/libsrc/devcfg_v3_7/src"

TRACE::2026-08-19.23:30:22::SCWMssOS::make -C ps7_cortexa9_0/libsrc/devcfg_v3_7/src -s include  "SHELL=CMD" "COMPILER=arm-none-eabi-gcc" "ASSEMBLER=arm-none-eabi-as"
TRACE::2026-08-19.23:30:22::SCWMssOS:: "ARCHIVER=arm-none-eabi-ar" "COMPILER_FLAGS=  -O2 -c" "EXTRA_COMPILER_FLAGS=-mcpu=cortex-a9 -mfpu=vfpv3 -mfloat-abi=hard -nost
TRACE::2026-08-19.23:30:22::SCWMssOS::artfiles -g -Wall -Wextra -fno-tree-loop-distribute-patterns"

TRACE::2026-08-19.23:30:22::SCWMssOS::"Running Make include in ps7_cortexa9_0/libsrc/dmaps_v2_8/src"

TRACE::2026-08-19.23:30:22::SCWMssOS::make -C ps7_cortexa9_0/libsrc/dmaps_v2_8/src -s include  "SHELL=CMD" "COMPILER=arm-none-eabi-gcc" "ASSEMBLER=arm-none-eabi-as" 
TRACE::2026-08-19.23:30:22::SCWMssOS::"ARCHIVER=arm-none-eabi-ar" "COMPILER_FLAGS=  -O2 -c" "EXTRA_COMPILER_FLAGS=-mcpu=cortex-a9 -mfpu=vfpv3 -mfloat-abi=hard -nosta
TRACE::2026-08-19.23:30:22::SCWMssOS::rtfiles -g -Wall -Wextra -fno-tree-loop-distribute-patterns"

TRACE::2026-08-19.23:30:22::SCWMssOS::"Running Make include in ps7_cortexa9_0/libsrc/emacps_v3_18/src"

TRACE::2026-08-19.23:30:22::SCWMssOS::make -C ps7_cortexa9_0/libsrc/emacps_v3_18/src -s include  "SHELL=CMD" "COMPILER=arm-none-eabi-gcc" "ASSEMBLER=arm-none-eabi-as
TRACE::2026-08-19.23:30:22::SCWMssOS::" "ARCHIVER=arm-none-eabi-ar" "COMPILER_FLAGS=  -O2 -c" "EXTRA_COMPILER_FLAGS=-mcpu=cortex-a9 -mfpu=vfpv3 -mfloat-abi=hard -nos
TRACE::2026-08-19.23:30:22::SCWMssOS::tartfiles -g -Wall -Wextra -fno-tree-loop-distribute-patterns"

TRACE::2026-08-19.23:30:23::SCWMssOS::"Running Make include in ps7_cortexa9_0/libsrc/gpiops_v3_11/src"

TRACE::2026-08-19.23:30:23::SCWMssOS::make -C ps7_cortexa9_0/libsrc/gpiops_v3_11/src -s include  "SHELL=CMD" "COMPILER=arm-none-eabi-gcc" "ASSEMBLER=arm-none-eabi-as
TRACE::2026-08-19.23:30:23::SCWMssOS::" "ARCHIVER=arm-none-eabi-ar" "COMPILER_FLAGS=  -O2 -c" "EXTRA_COMPILER_FLAGS=-mcpu=cortex-a9 -mfpu=vfpv3 -mfloat-abi=hard -nos
TRACE::2026-08-19.23:30:23::SCWMssOS::tartfiles -g -Wall -Wextra -fno-tree-loop-distribute-patterns"

TRACE::2026-08-19.23:30:23::SCWMssOS::"Running Make include in ps7_cortexa9_0/libsrc/qspips_v3_10/src"

TRACE::2026-08-19.23:30:23::SCWMssOS::make -C ps7_cortexa9_0/libsrc/qspips_v3_10/src -s include  "SHELL=CMD" "COMPILER=arm-none-eabi-gcc" "ASSEMBLER=arm-none-eabi-as
TRACE::2026-08-19.23:30:23::SCWMssOS::" "ARCHIVER=arm-none-eabi-ar" "COMPILER_FLAGS=  -O2 -c" "EXTRA_COMPILER_FLAGS=-mcpu=cortex-a9 -mfpu=vfpv3 -mfloat-abi=hard -nos
TRACE::2026-08-19.23:30:23::SCWMssOS::tartfiles -g -Wall -Wextra -fno-tree-loop-distribute-patterns"

TRACE::2026-08-19.23:30:23::SCWMssOS::"Running Make include in ps7_cortexa9_0/libsrc/scugic_v5_1/src"

TRACE::2026-08-19.23:30:23::SCWMssOS::make -C ps7_cortexa9_0/libsrc/scugic_v5_1/src -s include  "SHELL=CMD" "COMPILER=arm-none-eabi-gcc" "ASSEMBLER=arm-none-eabi-as"
TRACE::2026-08-19.23:30:23::SCWMssOS:: "ARCHIVER=arm-none-eabi-ar" "COMPILER_FLAGS=  -O2 -c" "EXTRA_COMPILER_FLAGS=-mcpu=cortex-a9 -mfpu=vfpv3 -mfloat-abi=hard -nost
TRACE::2026-08-19.23:30:23::SCWMssOS::artfiles -g -Wall -Wextra -fno-tree-loop-distribute-patterns"

TRACE::2026-08-19.23:30:23::SCWMssOS::"Running Make include in ps7_cortexa9_0/libsrc/scutimer_v2_4/src"

TRACE::2026-08-19.23:30:23::SCWMssOS::make -C ps7_cortexa9_0/libsrc/scutimer_v2_4/src -s include  "SHELL=CMD" "COMPILER=arm-none-eabi-gcc" "ASSEMBLER=arm-none-eabi-a
TRACE::2026-08-19.23:30:23::SCWMssOS::s" "ARCHIVER=arm-none-eabi-ar" "COMPILER_FLAGS=  -O2 -c" "EXTRA_COMPILER_FLAGS=-mcpu=cortex-a9 -mfpu=vfpv3 -mfloat-abi=hard -no
TRACE::2026-08-19.23:30:23::SCWMssOS::startfiles -g -Wall -Wextra -fno-tree-loop-distribute-patterns"

TRACE::2026-08-19.23:30:23::SCWMssOS::"Running Make include in ps7_cortexa9_0/libsrc/scuwdt_v2_4/src"

TRACE::2026-08-19.23:30:23::SCWMssOS::make -C ps7_cortexa9_0/libsrc/scuwdt_v2_4/src -s include  "SHELL=CMD" "COMPILER=arm-none-eabi-gcc" "ASSEMBLER=arm-none-eabi-as"
TRACE::2026-08-19.23:30:23::SCWMssOS:: "ARCHIVER=arm-none-eabi-ar" "COMPILER_FLAGS=  -O2 -c" "EXTRA_COMPILER_FLAGS=-mcpu=cortex-a9 -mfpu=vfpv3 -mfloat-abi=hard -nost
TRACE::2026-08-19.23:30:23::SCWMssOS::artfiles -g -Wall -Wextra -fno-tree-loop-distribute-patterns"

TRACE::2026-08-19.23:30:23::SCWMssOS::"Running Make include in ps7_cortexa9_0/libsrc/sdps_v4_1/src"

TRACE::2026-08-19.23:30:23::SCWMssOS::make -C ps7_cortexa9_0/libsrc/sdps_v4_1/src -s include  "SHELL=CMD" "COMPILER=arm-none-eabi-gcc" "ASSEMBLER=arm-none-eabi-as" "
TRACE::2026-08-19.23:30:23::SCWMssOS::ARCHIVER=arm-none-eabi-ar" "COMPILER_FLAGS=  -O2 -c" "EXTRA_COMPILER_FLAGS=-mcpu=cortex-a9 -mfpu=vfpv3 -mfloat-abi=hard -nostar
TRACE::2026-08-19.23:30:23::SCWMssOS::tfiles -g -Wall -Wextra -fno-tree-loop-distribute-patterns"

TRACE::2026-08-19.23:30:23::SCWMssOS::"Running Make include in ps7_cortexa9_0/libsrc/standalone_v8_1/src"

TRACE::2026-08-19.23:30:23::SCWMssOS::make -C ps7_cortexa9_0/libsrc/standalone_v8_1/src -s include  "SHELL=CMD" "COMPILER=arm-none-eabi-gcc" "ASSEMBLER=arm-none-eabi
TRACE::2026-08-19.23:30:23::SCWMssOS::-as" "ARCHIVER=arm-none-eabi-ar" "COMPILER_FLAGS=  -O2 -c" "EXTRA_COMPILER_FLAGS=-mcpu=cortex-a9 -mfpu=vfpv3 -mfloat-abi=hard -
TRACE::2026-08-19.23:30:23::SCWMssOS::nostartfiles -g -Wall -Wextra -fno-tree-loop-distribute-patterns"

TRACE::2026-08-19.23:30:24::SCWMssOS::"Running Make include in ps7_cortexa9_0/libsrc/uartps_v3_12/src"

TRACE::2026-08-19.23:30:24::SCWMssOS::make -C ps7_cortexa9_0/libsrc/uartps_v3_12/src -s include  "SHELL=CMD" "COMPILER=arm-none-eabi-gcc" "ASSEMBLER=arm-none-eabi-as
TRACE::2026-08-19.23:30:24::SCWMssOS::" "ARCHIVER=arm-none-eabi-ar" "COMPILER_FLAGS=  -O2 -c" "EXTRA_COMPILER_FLAGS=-mcpu=cortex-a9 -mfpu=vfpv3 -mfloat-abi=hard -nos
TRACE::2026-08-19.23:30:24::SCWMssOS::tartfiles -g -Wall -Wextra -fno-tree-loop-distribute-patterns"

TRACE::2026-08-19.23:30:24::SCWMssOS::"Running Make include in ps7_cortexa9_0/libsrc/usbps_v2_7/src"

TRACE::2026-08-19.23:30:24::SCWMssOS::make -C ps7_cortexa9_0/libsrc/usbps_v2_7/src -s include  "SHELL=CMD" "COMPILER=arm-none-eabi-gcc" "ASSEMBLER=arm-none-eabi-as" 
TRACE::2026-08-19.23:30:24::SCWMssOS::"ARCHIVER=arm-none-eabi-ar" "COMPILER_FLAGS=  -O2 -c" "EXTRA_COMPILER_FLAGS=-mcpu=cortex-a9 -mfpu=vfpv3 -mfloat-abi=hard -nosta
TRACE::2026-08-19.23:30:24::SCWMssOS::rtfiles -g -Wall -Wextra -fno-tree-loop-distribute-patterns"

TRACE::2026-08-19.23:30:24::SCWMssOS::"Running Make include in ps7_cortexa9_0/libsrc/xadcps_v2_6/src"

TRACE::2026-08-19.23:30:24::SCWMssOS::make -C ps7_cortexa9_0/libsrc/xadcps_v2_6/src -s include  "SHELL=CMD" "COMPILER=arm-none-eabi-gcc" "ASSEMBLER=arm-none-eabi-as"
TRACE::2026-08-19.23:30:24::SCWMssOS:: "ARCHIVER=arm-none-eabi-ar" "COMPILER_FLAGS=  -O2 -c" "EXTRA_COMPILER_FLAGS=-mcpu=cortex-a9 -mfpu=vfpv3 -mfloat-abi=hard -nost
TRACE::2026-08-19.23:30:24::SCWMssOS::artfiles -g -Wall -Wextra -fno-tree-loop-distribute-patterns"

TRACE::2026-08-19.23:30:24::SCWMssOS::"Running Make libs in ps7_cortexa9_0/libsrc/comblock_v2_0/src"

TRACE::2026-08-19.23:30:24::SCWMssOS::make -C ps7_cortexa9_0/libsrc/comblock_v2_0/src -s libs  "SHELL=CMD" "COMPILER=arm-none-eabi-gcc" "ASSEMBLER=arm-none-eabi-as" 
TRACE::2026-08-19.23:30:24::SCWMssOS::"ARCHIVER=arm-none-eabi-ar" "COMPILER_FLAGS=  -O2 -c" "EXTRA_COMPILER_FLAGS=-mcpu=cortex-a9 -mfpu=vfpv3 -mfloat-abi=hard -nosta
TRACE::2026-08-19.23:30:24::SCWMssOS::rtfiles -g -Wall -Wextra -fno-tree-loop-distribute-patterns"

TRACE::2026-08-19.23:30:24::SCWMssOS::"ComBlock has not C files"

TRACE::2026-08-19.23:30:24::SCWMssOS::'Finished building libraries sequentially.'

TRACE::2026-08-19.23:30:24::SCWMssOS::make -j 10 --no-print-directory par_libs

TRACE::2026-08-19.23:30:24::SCWMssOS::"Running Make include in ps7_cortexa9_0/libsrc/comblock_v2_0/src"

TRACE::2026-08-19.23:30:24::SCWMssOS::make -C ps7_cortexa9_0/libsrc/comblock_v2_0/src -s include  "SHELL=CMD" "COMPILER=arm-none-eabi-gcc" "ASSEMBLER=arm-none-eabi-a
TRACE::2026-08-19.23:30:24::SCWMssOS::s" "ARCHIVER=arm-none-eabi-ar" "COMPILER_FLAGS=  -O2 -c" "EXTRA_COMPILER_FLAGS=-mcpu=cortex-a9 -mfpu=vfpv3 -mfloat-abi=hard -no
TRACE::2026-08-19.23:30:24::SCWMssOS::startfiles -g -Wall -Wextra -fno-tree-loop-distribute-patterns"

TRACE::2026-08-19.23:30:24::SCWMssOS::"Running Make include in ps7_cortexa9_0/libsrc/coresightps_dcc_v1_8/src"

TRACE::2026-08-19.23:30:24::SCWMssOS::make -C ps7_cortexa9_0/libsrc/coresightps_dcc_v1_8/src -s include  "SHELL=CMD" "COMPILER=arm-none-eabi-gcc" "ASSEMBLER=arm-none
TRACE::2026-08-19.23:30:24::SCWMssOS::-eabi-as" "ARCHIVER=arm-none-eabi-ar" "COMPILER_FLAGS=  -O2 -c" "EXTRA_COMPILER_FLAGS=-mcpu=cortex-a9 -mfpu=vfpv3 -mfloat-abi=h
TRACE::2026-08-19.23:30:24::SCWMssOS::ard -nostartfiles -g -Wall -Wextra -fno-tree-loop-distribute-patterns"

TRACE::2026-08-19.23:30:24::SCWMssOS::"Running Make include in ps7_cortexa9_0/libsrc/cpu_cortexa9_v2_11/src"

TRACE::2026-08-19.23:30:24::SCWMssOS::make -C ps7_cortexa9_0/libsrc/cpu_cortexa9_v2_11/src -s include  "SHELL=CMD" "COMPILER=arm-none-eabi-gcc" "ASSEMBLER=arm-none-e
TRACE::2026-08-19.23:30:24::SCWMssOS::abi-as" "ARCHIVER=arm-none-eabi-ar" "COMPILER_FLAGS=  -O2 -c" "EXTRA_COMPILER_FLAGS=-mcpu=cortex-a9 -mfpu=vfpv3 -mfloat-abi=har
TRACE::2026-08-19.23:30:24::SCWMssOS::d -nostartfiles -g -Wall -Wextra -fno-tree-loop-distribute-patterns"

TRACE::2026-08-19.23:30:24::SCWMssOS::"Running Make include in ps7_cortexa9_0/libsrc/ddrps_v1_2/src"

TRACE::2026-08-19.23:30:24::SCWMssOS::make -C ps7_cortexa9_0/libsrc/ddrps_v1_2/src -s include  "SHELL=CMD" "COMPILER=arm-none-eabi-gcc" "ASSEMBLER=arm-none-eabi-as" 
TRACE::2026-08-19.23:30:24::SCWMssOS::"ARCHIVER=arm-none-eabi-ar" "COMPILER_FLAGS=  -O2 -c" "EXTRA_COMPILER_FLAGS=-mcpu=cortex-a9 -mfpu=vfpv3 -mfloat-abi=hard -nosta
TRACE::2026-08-19.23:30:24::SCWMssOS::rtfiles -g -Wall -Wextra -fno-tree-loop-distribute-patterns"

TRACE::2026-08-19.23:30:24::SCWMssOS::"Running Make include in ps7_cortexa9_0/libsrc/devcfg_v3_7/src"

TRACE::2026-08-19.23:30:24::SCWMssOS::make -C ps7_cortexa9_0/libsrc/devcfg_v3_7/src -s include  "SHELL=CMD" "COMPILER=arm-none-eabi-gcc" "ASSEMBLER=arm-none-eabi-as"
TRACE::2026-08-19.23:30:24::SCWMssOS:: "ARCHIVER=arm-none-eabi-ar" "COMPILER_FLAGS=  -O2 -c" "EXTRA_COMPILER_FLAGS=-mcpu=cortex-a9 -mfpu=vfpv3 -mfloat-abi=hard -nost
TRACE::2026-08-19.23:30:24::SCWMssOS::artfiles -g -Wall -Wextra -fno-tree-loop-distribute-patterns"

TRACE::2026-08-19.23:30:24::SCWMssOS::"Running Make include in ps7_cortexa9_0/libsrc/dmaps_v2_8/src"

TRACE::2026-08-19.23:30:24::SCWMssOS::make -C ps7_cortexa9_0/libsrc/dmaps_v2_8/src -s include  "SHELL=CMD" "COMPILER=arm-none-eabi-gcc" "ASSEMBLER=arm-none-eabi-as" 
TRACE::2026-08-19.23:30:24::SCWMssOS::"ARCHIVER=arm-none-eabi-ar" "COMPILER_FLAGS=  -O2 -c" "EXTRA_COMPILER_FLAGS=-mcpu=cortex-a9 -mfpu=vfpv3 -mfloat-abi=hard -nosta
TRACE::2026-08-19.23:30:24::SCWMssOS::rtfiles -g -Wall -Wextra -fno-tree-loop-distribute-patterns"

TRACE::2026-08-19.23:30:24::SCWMssOS::"Running Make include in ps7_cortexa9_0/libsrc/emacps_v3_18/src"

TRACE::2026-08-19.23:30:24::SCWMssOS::make -C ps7_cortexa9_0/libsrc/emacps_v3_18/src -s include  "SHELL=CMD" "COMPILER=arm-none-eabi-gcc" "ASSEMBLER=arm-none-eabi-as
TRACE::2026-08-19.23:30:24::SCWMssOS::" "ARCHIVER=arm-none-eabi-ar" "COMPILER_FLAGS=  -O2 -c" "EXTRA_COMPILER_FLAGS=-mcpu=cortex-a9 -mfpu=vfpv3 -mfloat-abi=hard -nos
TRACE::2026-08-19.23:30:24::SCWMssOS::tartfiles -g -Wall -Wextra -fno-tree-loop-distribute-patterns"

TRACE::2026-08-19.23:30:24::SCWMssOS::"Running Make include in ps7_cortexa9_0/libsrc/gpiops_v3_11/src"

TRACE::2026-08-19.23:30:24::SCWMssOS::make -C ps7_cortexa9_0/libsrc/gpiops_v3_11/src -s include  "SHELL=CMD" "COMPILER=arm-none-eabi-gcc" "ASSEMBLER=arm-none-eabi-as
TRACE::2026-08-19.23:30:24::SCWMssOS::" "ARCHIVER=arm-none-eabi-ar" "COMPILER_FLAGS=  -O2 -c" "EXTRA_COMPILER_FLAGS=-mcpu=cortex-a9 -mfpu=vfpv3 -mfloat-abi=hard -nos
TRACE::2026-08-19.23:30:24::SCWMssOS::tartfiles -g -Wall -Wextra -fno-tree-loop-distribute-patterns"

TRACE::2026-08-19.23:30:24::SCWMssOS::"Running Make include in ps7_cortexa9_0/libsrc/qspips_v3_10/src"

TRACE::2026-08-19.23:30:24::SCWMssOS::make -C ps7_cortexa9_0/libsrc/qspips_v3_10/src -s include  "SHELL=CMD" "COMPILER=arm-none-eabi-gcc" "ASSEMBLER=arm-none-eabi-as
TRACE::2026-08-19.23:30:24::SCWMssOS::" "ARCHIVER=arm-none-eabi-ar" "COMPILER_FLAGS=  -O2 -c" "EXTRA_COMPILER_FLAGS=-mcpu=cortex-a9 -mfpu=vfpv3 -mfloat-abi=hard -nos
TRACE::2026-08-19.23:30:24::SCWMssOS::tartfiles -g -Wall -Wextra -fno-tree-loop-distribute-patterns"

TRACE::2026-08-19.23:30:24::SCWMssOS::"Running Make include in ps7_cortexa9_0/libsrc/scugic_v5_1/src"

TRACE::2026-08-19.23:30:24::SCWMssOS::make -C ps7_cortexa9_0/libsrc/scugic_v5_1/src -s include  "SHELL=CMD" "COMPILER=arm-none-eabi-gcc" "ASSEMBLER=arm-none-eabi-as"
TRACE::2026-08-19.23:30:24::SCWMssOS:: "ARCHIVER=arm-none-eabi-ar" "COMPILER_FLAGS=  -O2 -c" "EXTRA_COMPILER_FLAGS=-mcpu=cortex-a9 -mfpu=vfpv3 -mfloat-abi=hard -nost
TRACE::2026-08-19.23:30:24::SCWMssOS::artfiles -g -Wall -Wextra -fno-tree-loop-distribute-patterns"

TRACE::2026-08-19.23:30:24::SCWMssOS::"Running Make include in ps7_cortexa9_0/libsrc/scutimer_v2_4/src"

TRACE::2026-08-19.23:30:24::SCWMssOS::make -C ps7_cortexa9_0/libsrc/scutimer_v2_4/src -s include  "SHELL=CMD" "COMPILER=arm-none-eabi-gcc" "ASSEMBLER=arm-none-eabi-a
TRACE::2026-08-19.23:30:24::SCWMssOS::s" "ARCHIVER=arm-none-eabi-ar" "COMPILER_FLAGS=  -O2 -c" "EXTRA_COMPILER_FLAGS=-mcpu=cortex-a9 -mfpu=vfpv3 -mfloat-abi=hard -no
TRACE::2026-08-19.23:30:24::SCWMssOS::startfiles -g -Wall -Wextra -fno-tree-loop-distribute-patterns"

TRACE::2026-08-19.23:30:24::SCWMssOS::"Running Make include in ps7_cortexa9_0/libsrc/scuwdt_v2_4/src"

TRACE::2026-08-19.23:30:24::SCWMssOS::make -C ps7_cortexa9_0/libsrc/scuwdt_v2_4/src -s include  "SHELL=CMD" "COMPILER=arm-none-eabi-gcc" "ASSEMBLER=arm-none-eabi-as"
TRACE::2026-08-19.23:30:24::SCWMssOS:: "ARCHIVER=arm-none-eabi-ar" "COMPILER_FLAGS=  -O2 -c" "EXTRA_COMPILER_FLAGS=-mcpu=cortex-a9 -mfpu=vfpv3 -mfloat-abi=hard -nost
TRACE::2026-08-19.23:30:24::SCWMssOS::artfiles -g -Wall -Wextra -fno-tree-loop-distribute-patterns"

TRACE::2026-08-19.23:30:24::SCWMssOS::"Running Make include in ps7_cortexa9_0/libsrc/sdps_v4_1/src"

TRACE::2026-08-19.23:30:24::SCWMssOS::make -C ps7_cortexa9_0/libsrc/sdps_v4_1/src -s include  "SHELL=CMD" "COMPILER=arm-none-eabi-gcc" "ASSEMBLER=arm-none-eabi-as" "
TRACE::2026-08-19.23:30:24::SCWMssOS::ARCHIVER=arm-none-eabi-ar" "COMPILER_FLAGS=  -O2 -c" "EXTRA_COMPILER_FLAGS=-mcpu=cortex-a9 -mfpu=vfpv3 -mfloat-abi=hard -nostar
TRACE::2026-08-19.23:30:24::SCWMssOS::tfiles -g -Wall -Wextra -fno-tree-loop-distribute-patterns"

TRACE::2026-08-19.23:30:24::SCWMssOS::"Running Make include in ps7_cortexa9_0/libsrc/standalone_v8_1/src"

TRACE::2026-08-19.23:30:24::SCWMssOS::make -C ps7_cortexa9_0/libsrc/standalone_v8_1/src -s include  "SHELL=CMD" "COMPILER=arm-none-eabi-gcc" "ASSEMBLER=arm-none-eabi
TRACE::2026-08-19.23:30:24::SCWMssOS::-as" "ARCHIVER=arm-none-eabi-ar" "COMPILER_FLAGS=  -O2 -c" "EXTRA_COMPILER_FLAGS=-mcpu=cortex-a9 -mfpu=vfpv3 -mfloat-abi=hard -
TRACE::2026-08-19.23:30:24::SCWMssOS::nostartfiles -g -Wall -Wextra -fno-tree-loop-distribute-patterns"

TRACE::2026-08-19.23:30:24::SCWMssOS::"Running Make include in ps7_cortexa9_0/libsrc/uartps_v3_12/src"

TRACE::2026-08-19.23:30:24::SCWMssOS::make -C ps7_cortexa9_0/libsrc/uartps_v3_12/src -s include  "SHELL=CMD" "COMPILER=arm-none-eabi-gcc" "ASSEMBLER=arm-none-eabi-as
TRACE::2026-08-19.23:30:24::SCWMssOS::" "ARCHIVER=arm-none-eabi-ar" "COMPILER_FLAGS=  -O2 -c" "EXTRA_COMPILER_FLAGS=-mcpu=cortex-a9 -mfpu=vfpv3 -mfloat-abi=hard -nos
TRACE::2026-08-19.23:30:24::SCWMssOS::tartfiles -g -Wall -Wextra -fno-tree-loop-distribute-patterns"

TRACE::2026-08-19.23:30:24::SCWMssOS::"Running Make include in ps7_cortexa9_0/libsrc/usbps_v2_7/src"

TRACE::2026-08-19.23:30:24::SCWMssOS::make -C ps7_cortexa9_0/libsrc/usbps_v2_7/src -s include  "SHELL=CMD" "COMPILER=arm-none-eabi-gcc" "ASSEMBLER=arm-none-eabi-as" 
TRACE::2026-08-19.23:30:24::SCWMssOS::"ARCHIVER=arm-none-eabi-ar" "COMPILER_FLAGS=  -O2 -c" "EXTRA_COMPILER_FLAGS=-mcpu=cortex-a9 -mfpu=vfpv3 -mfloat-abi=hard -nosta
TRACE::2026-08-19.23:30:24::SCWMssOS::rtfiles -g -Wall -Wextra -fno-tree-loop-distribute-patterns"

TRACE::2026-08-19.23:30:24::SCWMssOS::"Running Make include in ps7_cortexa9_0/libsrc/xadcps_v2_6/src"

TRACE::2026-08-19.23:30:24::SCWMssOS::make -C ps7_cortexa9_0/libsrc/xadcps_v2_6/src -s include  "SHELL=CMD" "COMPILER=arm-none-eabi-gcc" "ASSEMBLER=arm-none-eabi-as"
TRACE::2026-08-19.23:30:24::SCWMssOS:: "ARCHIVER=arm-none-eabi-ar" "COMPILER_FLAGS=  -O2 -c" "EXTRA_COMPILER_FLAGS=-mcpu=cortex-a9 -mfpu=vfpv3 -mfloat-abi=hard -nost
TRACE::2026-08-19.23:30:24::SCWMssOS::artfiles -g -Wall -Wextra -fno-tree-loop-distribute-patterns"

TRACE::2026-08-19.23:30:24::SCWMssOS::"Running Make libs in ps7_cortexa9_0/libsrc/coresightps_dcc_v1_8/src"

TRACE::2026-08-19.23:30:24::SCWMssOS::make -C ps7_cortexa9_0/libsrc/coresightps_dcc_v1_8/src -s libs  "SHELL=CMD" "COMPILER=arm-none-eabi-gcc" "ASSEMBLER=arm-none-ea
TRACE::2026-08-19.23:30:24::SCWMssOS::bi-as" "ARCHIVER=arm-none-eabi-ar" "COMPILER_FLAGS=  -O2 -c" "EXTRA_COMPILER_FLAGS=-mcpu=cortex-a9 -mfpu=vfpv3 -mfloat-abi=hard
TRACE::2026-08-19.23:30:24::SCWMssOS:: -nostartfiles -g -Wall -Wextra -fno-tree-loop-distribute-patterns"

TRACE::2026-08-19.23:30:24::SCWMssOS::"Running Make libs in ps7_cortexa9_0/libsrc/cpu_cortexa9_v2_11/src"

TRACE::2026-08-19.23:30:24::SCWMssOS::make -C ps7_cortexa9_0/libsrc/cpu_cortexa9_v2_11/src -s libs  "SHELL=CMD" "COMPILER=arm-none-eabi-gcc" "ASSEMBLER=arm-none-eabi
TRACE::2026-08-19.23:30:24::SCWMssOS::-as" "ARCHIVER=arm-none-eabi-ar" "COMPILER_FLAGS=  -O2 -c" "EXTRA_COMPILER_FLAGS=-mcpu=cortex-a9 -mfpu=vfpv3 -mfloat-abi=hard -
TRACE::2026-08-19.23:30:24::SCWMssOS::nostartfiles -g -Wall -Wextra -fno-tree-loop-distribute-patterns"

TRACE::2026-08-19.23:30:24::SCWMssOS::"Running Make libs in ps7_cortexa9_0/libsrc/ddrps_v1_2/src"

TRACE::2026-08-19.23:30:24::SCWMssOS::make -C ps7_cortexa9_0/libsrc/ddrps_v1_2/src -s libs  "SHELL=CMD" "COMPILER=arm-none-eabi-gcc" "ASSEMBLER=arm-none-eabi-as" "AR
TRACE::2026-08-19.23:30:24::SCWMssOS::CHIVER=arm-none-eabi-ar" "COMPILER_FLAGS=  -O2 -c" "EXTRA_COMPILER_FLAGS=-mcpu=cortex-a9 -mfpu=vfpv3 -mfloat-abi=hard -nostartf
TRACE::2026-08-19.23:30:24::SCWMssOS::iles -g -Wall -Wextra -fno-tree-loop-distribute-patterns"

TRACE::2026-08-19.23:30:24::SCWMssOS::"Running Make libs in ps7_cortexa9_0/libsrc/devcfg_v3_7/src"

TRACE::2026-08-19.23:30:24::SCWMssOS::make -C ps7_cortexa9_0/libsrc/devcfg_v3_7/src -s libs  "SHELL=CMD" "COMPILER=arm-none-eabi-gcc" "ASSEMBLER=arm-none-eabi-as" "A
TRACE::2026-08-19.23:30:24::SCWMssOS::RCHIVER=arm-none-eabi-ar" "COMPILER_FLAGS=  -O2 -c" "EXTRA_COMPILER_FLAGS=-mcpu=cortex-a9 -mfpu=vfpv3 -mfloat-abi=hard -nostart
TRACE::2026-08-19.23:30:24::SCWMssOS::files -g -Wall -Wextra -fno-tree-loop-distribute-patterns"

TRACE::2026-08-19.23:30:24::SCWMssOS::"Running Make libs in ps7_cortexa9_0/libsrc/dmaps_v2_8/src"

TRACE::2026-08-19.23:30:24::SCWMssOS::make -C ps7_cortexa9_0/libsrc/dmaps_v2_8/src -s libs  "SHELL=CMD" "COMPILER=arm-none-eabi-gcc" "ASSEMBLER=arm-none-eabi-as" "AR
TRACE::2026-08-19.23:30:24::SCWMssOS::CHIVER=arm-none-eabi-ar" "COMPILER_FLAGS=  -O2 -c" "EXTRA_COMPILER_FLAGS=-mcpu=cortex-a9 -mfpu=vfpv3 -mfloat-abi=hard -nostartf
TRACE::2026-08-19.23:30:24::SCWMssOS::iles -g -Wall -Wextra -fno-tree-loop-distribute-patterns"

TRACE::2026-08-19.23:30:24::SCWMssOS::"Running Make libs in ps7_cortexa9_0/libsrc/emacps_v3_18/src"

TRACE::2026-08-19.23:30:25::SCWMssOS::make -C ps7_cortexa9_0/libsrc/emacps_v3_18/src -s libs  "SHELL=CMD" "COMPILER=arm-none-eabi-gcc" "ASSEMBLER=arm-none-eabi-as" "
TRACE::2026-08-19.23:30:25::SCWMssOS::ARCHIVER=arm-none-eabi-ar" "COMPILER_FLAGS=  -O2 -c" "EXTRA_COMPILER_FLAGS=-mcpu=cortex-a9 -mfpu=vfpv3 -mfloat-abi=hard -nostar
TRACE::2026-08-19.23:30:25::SCWMssOS::tfiles -g -Wall -Wextra -fno-tree-loop-distribute-patterns"

TRACE::2026-08-19.23:30:25::SCWMssOS::"Running Make libs in ps7_cortexa9_0/libsrc/gpiops_v3_11/src"

TRACE::2026-08-19.23:30:25::SCWMssOS::make -C ps7_cortexa9_0/libsrc/gpiops_v3_11/src -s libs  "SHELL=CMD" "COMPILER=arm-none-eabi-gcc" "ASSEMBLER=arm-none-eabi-as" "
TRACE::2026-08-19.23:30:25::SCWMssOS::ARCHIVER=arm-none-eabi-ar" "COMPILER_FLAGS=  -O2 -c" "EXTRA_COMPILER_FLAGS=-mcpu=cortex-a9 -mfpu=vfpv3 -mfloat-abi=hard -nostar
TRACE::2026-08-19.23:30:25::SCWMssOS::tfiles -g -Wall -Wextra -fno-tree-loop-distribute-patterns"

TRACE::2026-08-19.23:30:25::SCWMssOS::"Running Make libs in ps7_cortexa9_0/libsrc/qspips_v3_10/src"

TRACE::2026-08-19.23:30:25::SCWMssOS::make -C ps7_cortexa9_0/libsrc/qspips_v3_10/src -s libs  "SHELL=CMD" "COMPILER=arm-none-eabi-gcc" "ASSEMBLER=arm-none-eabi-as" "
TRACE::2026-08-19.23:30:25::SCWMssOS::ARCHIVER=arm-none-eabi-ar" "COMPILER_FLAGS=  -O2 -c" "EXTRA_COMPILER_FLAGS=-mcpu=cortex-a9 -mfpu=vfpv3 -mfloat-abi=hard -nostar
TRACE::2026-08-19.23:30:25::SCWMssOS::tfiles -g -Wall -Wextra -fno-tree-loop-distribute-patterns"

TRACE::2026-08-19.23:30:25::SCWMssOS::"Running Make libs in ps7_cortexa9_0/libsrc/scugic_v5_1/src"

TRACE::2026-08-19.23:30:25::SCWMssOS::make -C ps7_cortexa9_0/libsrc/scugic_v5_1/src -s libs  "SHELL=CMD" "COMPILER=arm-none-eabi-gcc" "ASSEMBLER=arm-none-eabi-as" "A
TRACE::2026-08-19.23:30:25::SCWMssOS::RCHIVER=arm-none-eabi-ar" "COMPILER_FLAGS=  -O2 -c" "EXTRA_COMPILER_FLAGS=-mcpu=cortex-a9 -mfpu=vfpv3 -mfloat-abi=hard -nostart
TRACE::2026-08-19.23:30:25::SCWMssOS::files -g -Wall -Wextra -fno-tree-loop-distribute-patterns"

TRACE::2026-08-19.23:30:25::SCWMssOS::"Running Make libs in ps7_cortexa9_0/libsrc/scutimer_v2_4/src"

TRACE::2026-08-19.23:30:25::SCWMssOS::make -C ps7_cortexa9_0/libsrc/scutimer_v2_4/src -s libs  "SHELL=CMD" "COMPILER=arm-none-eabi-gcc" "ASSEMBLER=arm-none-eabi-as" 
TRACE::2026-08-19.23:30:25::SCWMssOS::"ARCHIVER=arm-none-eabi-ar" "COMPILER_FLAGS=  -O2 -c" "EXTRA_COMPILER_FLAGS=-mcpu=cortex-a9 -mfpu=vfpv3 -mfloat-abi=hard -nosta
TRACE::2026-08-19.23:30:25::SCWMssOS::rtfiles -g -Wall -Wextra -fno-tree-loop-distribute-patterns"

TRACE::2026-08-19.23:30:25::SCWMssOS::"Running Make libs in ps7_cortexa9_0/libsrc/scuwdt_v2_4/src"

TRACE::2026-08-19.23:30:25::SCWMssOS::make -C ps7_cortexa9_0/libsrc/scuwdt_v2_4/src -s libs  "SHELL=CMD" "COMPILER=arm-none-eabi-gcc" "ASSEMBLER=arm-none-eabi-as" "A
TRACE::2026-08-19.23:30:25::SCWMssOS::RCHIVER=arm-none-eabi-ar" "COMPILER_FLAGS=  -O2 -c" "EXTRA_COMPILER_FLAGS=-mcpu=cortex-a9 -mfpu=vfpv3 -mfloat-abi=hard -nostart
TRACE::2026-08-19.23:30:25::SCWMssOS::files -g -Wall -Wextra -fno-tree-loop-distribute-patterns"

TRACE::2026-08-19.23:30:25::SCWMssOS::"Running Make libs in ps7_cortexa9_0/libsrc/sdps_v4_1/src"

TRACE::2026-08-19.23:30:25::SCWMssOS::make -C ps7_cortexa9_0/libsrc/sdps_v4_1/src -s libs  "SHELL=CMD" "COMPILER=arm-none-eabi-gcc" "ASSEMBLER=arm-none-eabi-as" "ARC
TRACE::2026-08-19.23:30:25::SCWMssOS::HIVER=arm-none-eabi-ar" "COMPILER_FLAGS=  -O2 -c" "EXTRA_COMPILER_FLAGS=-mcpu=cortex-a9 -mfpu=vfpv3 -mfloat-abi=hard -nostartfi
TRACE::2026-08-19.23:30:25::SCWMssOS::les -g -Wall -Wextra -fno-tree-loop-distribute-patterns"

TRACE::2026-08-19.23:30:25::SCWMssOS::"Running Make libs in ps7_cortexa9_0/libsrc/standalone_v8_1/src"

TRACE::2026-08-19.23:30:25::SCWMssOS::make -C ps7_cortexa9_0/libsrc/standalone_v8_1/src -s libs  "SHELL=CMD" "COMPILER=arm-none-eabi-gcc" "ASSEMBLER=arm-none-eabi-as
TRACE::2026-08-19.23:30:25::SCWMssOS::" "ARCHIVER=arm-none-eabi-ar" "COMPILER_FLAGS=  -O2 -c" "EXTRA_COMPILER_FLAGS=-mcpu=cortex-a9 -mfpu=vfpv3 -mfloat-abi=hard -nos
TRACE::2026-08-19.23:30:25::SCWMssOS::tartfiles -g -Wall -Wextra -fno-tree-loop-distribute-patterns"

TRACE::2026-08-19.23:30:25::SCWMssOS::"Running Make libs in ps7_cortexa9_0/libsrc/uartps_v3_12/src"

TRACE::2026-08-19.23:30:25::SCWMssOS::make -C ps7_cortexa9_0/libsrc/uartps_v3_12/src -s libs  "SHELL=CMD" "COMPILER=arm-none-eabi-gcc" "ASSEMBLER=arm-none-eabi-as" "
TRACE::2026-08-19.23:30:25::SCWMssOS::ARCHIVER=arm-none-eabi-ar" "COMPILER_FLAGS=  -O2 -c" "EXTRA_COMPILER_FLAGS=-mcpu=cortex-a9 -mfpu=vfpv3 -mfloat-abi=hard -nostar
TRACE::2026-08-19.23:30:25::SCWMssOS::tfiles -g -Wall -Wextra -fno-tree-loop-distribute-patterns"

TRACE::2026-08-19.23:30:26::SCWMssOS::"Running Make libs in ps7_cortexa9_0/libsrc/usbps_v2_7/src"

TRACE::2026-08-19.23:30:26::SCWMssOS::make -C ps7_cortexa9_0/libsrc/usbps_v2_7/src -s libs  "SHELL=CMD" "COMPILER=arm-none-eabi-gcc" "ASSEMBLER=arm-none-eabi-as" "AR
TRACE::2026-08-19.23:30:26::SCWMssOS::CHIVER=arm-none-eabi-ar" "COMPILER_FLAGS=  -O2 -c" "EXTRA_COMPILER_FLAGS=-mcpu=cortex-a9 -mfpu=vfpv3 -mfloat-abi=hard -nostartf
TRACE::2026-08-19.23:30:26::SCWMssOS::iles -g -Wall -Wextra -fno-tree-loop-distribute-patterns"

TRACE::2026-08-19.23:30:26::SCWMssOS::"Running Make libs in ps7_cortexa9_0/libsrc/xadcps_v2_6/src"

TRACE::2026-08-19.23:30:26::SCWMssOS::make -C ps7_cortexa9_0/libsrc/xadcps_v2_6/src -s libs  "SHELL=CMD" "COMPILER=arm-none-eabi-gcc" "ASSEMBLER=arm-none-eabi-as" "A
TRACE::2026-08-19.23:30:26::SCWMssOS::RCHIVER=arm-none-eabi-ar" "COMPILER_FLAGS=  -O2 -c" "EXTRA_COMPILER_FLAGS=-mcpu=cortex-a9 -mfpu=vfpv3 -mfloat-abi=hard -nostart
TRACE::2026-08-19.23:30:26::SCWMssOS::files -g -Wall -Wextra -fno-tree-loop-distribute-patterns"

TRACE::2026-08-19.23:30:27::SCWMssOS::'Finished building libraries parallelly.'

TRACE::2026-08-19.23:30:27::SCWMssOS::make --no-print-directory archive

TRACE::2026-08-19.23:30:27::SCWMssOS::arm-none-eabi-ar -r  ps7_cortexa9_0/lib/libxil.a ps7_cortexa9_0/lib/_exit.o ps7_cortexa9_0/lib/_open.o ps7_cortexa9_0/lib/_sbrk
TRACE::2026-08-19.23:30:27::SCWMssOS::.o ps7_cortexa9_0/lib/abort.o ps7_cortexa9_0/lib/asm_vectors.o ps7_cortexa9_0/lib/boot.o ps7_cortexa9_0/lib/close.o ps7_cortexa
TRACE::2026-08-19.23:30:27::SCWMssOS::9_0/lib/cpputest_time.o ps7_cortexa9_0/lib/cpu_init.o ps7_cortexa9_0/lib/errno.o ps7_cortexa9_0/lib/fcntl.o ps7_cortexa9_0/lib/
TRACE::2026-08-19.23:30:27::SCWMssOS::fstat.o ps7_cortexa9_0/lib/getentropy.o ps7_cortexa9_0/lib/getpid.o ps7_cortexa9_0/lib/inbyte.o ps7_cortexa9_0/lib/isatty.o ps7
TRACE::2026-08-19.23:30:27::SCWMssOS::_cortexa9_0/lib/kill.o ps7_cortexa9_0/lib/lseek.o ps7_cortexa9_0/lib/open.o ps7_cortexa9_0/lib/outbyte.o ps7_cortexa9_0/lib/pri
TRACE::2026-08-19.23:30:27::SCWMssOS::nt.o ps7_cortexa9_0/lib/putnum.o ps7_cortexa9_0/lib/read.o ps7_cortexa9_0/lib/sbrk.o ps7_cortexa9_0/lib/sleep.o ps7_cortexa9_0/
TRACE::2026-08-19.23:30:27::SCWMssOS::lib/time.o ps7_cortexa9_0/lib/translation_table.o ps7_cortexa9_0/lib/unlink.o ps7_cortexa9_0/lib/usleep.o ps7_cortexa9_0/lib/ve
TRACE::2026-08-19.23:30:27::SCWMssOS::ctors.o ps7_cortexa9_0/lib/write.o ps7_cortexa9_0/lib/xadcps.o ps7_cortexa9_0/lib/xadcps_g.o ps7_cortexa9_0/lib/xadcps_intr.o p
TRACE::2026-08-19.23:30:27::SCWMssOS::s7_cortexa9_0/lib/xadcps_selftest.o ps7_cortexa9_0/lib/xadcps_sinit.o ps7_cortexa9_0/lib/xcoresightpsdcc.o ps7_cortexa9_0/lib/x
TRACE::2026-08-19.23:30:27::SCWMssOS::devcfg.o ps7_cortexa9_0/lib/xdevcfg_g.o ps7_cortexa9_0/lib/xdevcfg_hw.o ps7_cortexa9_0/lib/xdevcfg_intr.o ps7_cortexa9_0/lib/xd
TRACE::2026-08-19.23:30:27::SCWMssOS::evcfg_selftest.o ps7_cortexa9_0/lib/xdevcfg_sinit.o ps7_cortexa9_0/lib/xdmaps.o ps7_cortexa9_0/lib/xdmaps_g.o ps7_cortexa9_0/li
TRACE::2026-08-19.23:30:27::SCWMssOS::b/xdmaps_hw.o ps7_cortexa9_0/lib/xdmaps_selftest.o ps7_cortexa9_0/lib/xdmaps_sinit.o ps7_cortexa9_0/lib/xemacps.o ps7_cortexa9_
TRACE::2026-08-19.23:30:27::SCWMssOS::0/lib/xemacps_bdring.o ps7_cortexa9_0/lib/xemacps_control.o ps7_cortexa9_0/lib/xemacps_g.o ps7_cortexa9_0/lib/xemacps_hw.o ps7_
TRACE::2026-08-19.23:30:27::SCWMssOS::cortexa9_0/lib/xemacps_intr.o ps7_cortexa9_0/lib/xemacps_sinit.o ps7_cortexa9_0/lib/xgpiops.o ps7_cortexa9_0/lib/xgpiops_g.o ps
TRACE::2026-08-19.23:30:27::SCWMssOS::7_cortexa9_0/lib/xgpiops_hw.o ps7_cortexa9_0/lib/xgpiops_intr.o ps7_cortexa9_0/lib/xgpiops_selftest.o ps7_cortexa9_0/lib/xgpiop
TRACE::2026-08-19.23:30:27::SCWMssOS::s_sinit.o ps7_cortexa9_0/lib/xil-crt0.o ps7_cortexa9_0/lib/xil_assert.o ps7_cortexa9_0/lib/xil_cache.o ps7_cortexa9_0/lib/xil_c
TRACE::2026-08-19.23:30:27::SCWMssOS::locking.o ps7_cortexa9_0/lib/xil_exception.o ps7_cortexa9_0/lib/xil_mem.o ps7_cortexa9_0/lib/xil_misc_psreset_api.o ps7_cortexa
TRACE::2026-08-19.23:30:27::SCWMssOS::9_0/lib/xil_mmu.o ps7_cortexa9_0/lib/xil_printf.o ps7_cortexa9_0/lib/xil_sleepcommon.o ps7_cortexa9_0/lib/xil_sleeptimer.o ps7_
TRACE::2026-08-19.23:30:27::SCWMssOS::cortexa9_0/lib/xil_spinlock.o ps7_cortexa9_0/lib/xil_testcache.o ps7_cortexa9_0/lib/xil_testio.o ps7_cortexa9_0/lib/xil_testmem
TRACE::2026-08-19.23:30:27::SCWMssOS::.o ps7_cortexa9_0/lib/xil_util.o ps7_cortexa9_0/lib/xinterrupt_wrap.o ps7_cortexa9_0/lib/xl2cc_counter.o ps7_cortexa9_0/lib/xpl
TRACE::2026-08-19.23:30:27::SCWMssOS::atform_info.o ps7_cortexa9_0/lib/xpm_counter.o ps7_cortexa9_0/lib/xqspips.o ps7_cortexa9_0/lib/xqspips_g.o ps7_cortexa9_0/lib/x
TRACE::2026-08-19.23:30:27::SCWMssOS::qspips_hw.o ps7_cortexa9_0/lib/xqspips_options.o ps7_cortexa9_0/lib/xqspips_selftest.o ps7_cortexa9_0/lib/xqspips_sinit.o ps7_c
TRACE::2026-08-19.23:30:27::SCWMssOS::ortexa9_0/lib/xscugic.o ps7_cortexa9_0/lib/xscugic_g.o ps7_cortexa9_0/lib/xscugic_hw.o ps7_cortexa9_0/lib/xscugic_intr.o ps7_co
TRACE::2026-08-19.23:30:27::SCWMssOS::rtexa9_0/lib/xscugic_selftest.o ps7_cortexa9_0/lib/xscugic_sinit.o ps7_cortexa9_0/lib/xscutimer.o ps7_cortexa9_0/lib/xscutimer_
TRACE::2026-08-19.23:30:27::SCWMssOS::g.o ps7_cortexa9_0/lib/xscutimer_selftest.o ps7_cortexa9_0/lib/xscutimer_sinit.o ps7_cortexa9_0/lib/xscuwdt.o ps7_cortexa9_0/li
TRACE::2026-08-19.23:30:27::SCWMssOS::b/xscuwdt_g.o ps7_cortexa9_0/lib/xscuwdt_selftest.o ps7_cortexa9_0/lib/xscuwdt_sinit.o ps7_cortexa9_0/lib/xsdps.o ps7_cortexa9_
TRACE::2026-08-19.23:30:27::SCWMssOS::0/lib/xsdps_card.o ps7_cortexa9_0/lib/xsdps_g.o ps7_cortexa9_0/lib/xsdps_host.o ps7_cortexa9_0/lib/xsdps_options.o ps7_cortexa9
TRACE::2026-08-19.23:30:27::SCWMssOS::_0/lib/xsdps_sinit.o ps7_cortexa9_0/lib/xtime_l.o ps7_cortexa9_0/lib/xuartps.o ps7_cortexa9_0/lib/xuartps_g.o ps7_cortexa9_0/li
TRACE::2026-08-19.23:30:27::SCWMssOS::b/xuartps_hw.o ps7_cortexa9_0/lib/xuartps_intr.o ps7_cortexa9_0/lib/xuartps_options.o ps7_cortexa9_0/lib/xuartps_selftest.o ps7
TRACE::2026-08-19.23:30:27::SCWMssOS::_cortexa9_0/lib/xuartps_sinit.o ps7_cortexa9_0/lib/xusbps.o ps7_cortexa9_0/lib/xusbps_endpoint.o ps7_cortexa9_0/lib/xusbps_g.o 
TRACE::2026-08-19.23:30:27::SCWMssOS::ps7_cortexa9_0/lib/xusbps_hw.o ps7_cortexa9_0/lib/xusbps_intr.o ps7_cortexa9_0/lib/xusbps_sinit.o

TRACE::2026-08-19.23:30:27::SCWMssOS::'Finished building libraries'

TRACE::2026-08-19.23:30:27::SCWMssOS::Copying to export directory.
TRACE::2026-08-19.23:30:27::SCWMssOS:: Checking if to create the Supporting Applications
TRACE::2026-08-19.23:30:27::SCWMssOS:: No Linux domain exists, trying to generate FSBL 
LOG::2026-08-19.23:30:27::SCWSystem::Completed Processing the domain standalone_ps7_cortexa9_0
LOG::2026-08-19.23:30:27::SCWSystem::Completed Processing the sysconfig top
LOG::2026-08-19.23:30:27::SCWPlatform::Completed generating the artifacts for system configuration top
TRACE::2026-08-19.23:30:27::SCWPlatform::Started preparing the platform 
TRACE::2026-08-19.23:30:27::SCWSystem::Writing the bif file for system config top
TRACE::2026-08-19.23:30:27::SCWSystem::dir created 
TRACE::2026-08-19.23:30:27::SCWSystem::Writing the bif 
TRACE::2026-08-19.23:30:27::SCWPlatform::Started writing the spfm file 
TRACE::2026-08-19.23:30:27::SCWPlatform::Started writing the xpfm file 
TRACE::2026-08-19.23:30:27::SCWPlatform::Completed generating the platform
TRACE::2026-08-19.23:30:27::SCWMssOS::Saving the mss changes C:/Users/gm/workspace_placebo_2/top/zynq_fsbl/zynq_fsbl_bsp/system.mss
TRACE::2026-08-19.23:30:27::SCWMssOS::Found a swdesign opened with the mssfile.
TRACE::2026-08-19.23:30:27::SCWMssOS::Completed writemss as part of save.
TRACE::2026-08-19.23:30:27::SCWMssOS::Commit changes completed.
TRACE::2026-08-19.23:30:27::SCWMssOS::Saving the mss changes C:/Users/gm/workspace_placebo_2/top/ps7_cortexa9_0/standalone_ps7_cortexa9_0/bsp/system.mss
TRACE::2026-08-19.23:30:27::SCWMssOS::Found a swdesign opened with the mssfile.
TRACE::2026-08-19.23:30:27::SCWMssOS::Completed writemss as part of save.
TRACE::2026-08-19.23:30:27::SCWMssOS::Commit changes completed.
TRACE::2026-08-19.23:30:27::SCWPlatform::Trying to open the hw design at C:/Users/gm/workspace_placebo_2/top/hw/top.xsa
TRACE::2026-08-19.23:30:27::SCWPlatform::DSA given C:/Users/gm/workspace_placebo_2/top/hw/top.xsa
TRACE::2026-08-19.23:30:27::SCWPlatform::DSA absoulate path C:/Users/gm/workspace_placebo_2/top/hw/top.xsa
TRACE::2026-08-19.23:30:27::SCWPlatform::DSA directory C:/Users/gm/workspace_placebo_2/top/hw
TRACE::2026-08-19.23:30:27::SCWPlatform:: Platform Path C:/Users/gm/workspace_placebo_2/top/hw/top.xsa
TRACE::2026-08-19.23:30:27::SCWPlatform:: Unique name xilinx:zedboard::0.0
TRACE::2026-08-19.23:30:27::SCWPlatform::Trying to set the existing hwdb with name top_0
TRACE::2026-08-19.23:30:27::SCWPlatform::Opened existing hwdb top_0
TRACE::2026-08-19.23:30:27::SCWPlatform::Found the Hw Db part of the input DSA
TRACE::2026-08-19.23:30:27::SCWMssOS::Checking the sw design at  C:/Users/gm/workspace_placebo_2/top/zynq_fsbl/zynq_fsbl_bsp/system.mss
TRACE::2026-08-19.23:30:27::SCWMssOS::DEBUG:  swdes dump  C:/Users/gm/workspace_placebo_2/top/ps7_cortexa9_0/standalone_ps7_cortexa9_0/bsp/system.mss|system_0||
C:/Users/gm/workspace_placebo_2/top/zynq_fsbl/zynq_fsbl_bsp/system.mss|system||

TRACE::2026-08-19.23:30:27::SCWMssOS::Sw design exists and opened at  C:/Users/gm/workspace_placebo_2/top/zynq_fsbl/zynq_fsbl_bsp/system.mss
TRACE::2026-08-19.23:30:27::SCWPlatform::Trying to open the hw design at C:/Users/gm/workspace_placebo_2/top/hw/top.xsa
TRACE::2026-08-19.23:30:27::SCWPlatform::DSA given C:/Users/gm/workspace_placebo_2/top/hw/top.xsa
TRACE::2026-08-19.23:30:27::SCWPlatform::DSA absoulate path C:/Users/gm/workspace_placebo_2/top/hw/top.xsa
TRACE::2026-08-19.23:30:27::SCWPlatform::DSA directory C:/Users/gm/workspace_placebo_2/top/hw
TRACE::2026-08-19.23:30:27::SCWPlatform:: Platform Path C:/Users/gm/workspace_placebo_2/top/hw/top.xsa
TRACE::2026-08-19.23:30:27::SCWPlatform:: Unique name xilinx:zedboard::0.0
TRACE::2026-08-19.23:30:27::SCWPlatform::Trying to set the existing hwdb with name top_0
TRACE::2026-08-19.23:30:27::SCWPlatform::Opened existing hwdb top_0
TRACE::2026-08-19.23:30:27::SCWPlatform::Found the Hw Db part of the input DSA
TRACE::2026-08-19.23:30:27::SCWMssOS::Checking the sw design at  C:/Users/gm/workspace_placebo_2/top/zynq_fsbl/zynq_fsbl_bsp/system.mss
TRACE::2026-08-19.23:30:27::SCWMssOS::DEBUG:  swdes dump  C:/Users/gm/workspace_placebo_2/top/ps7_cortexa9_0/standalone_ps7_cortexa9_0/bsp/system.mss|system_0||
C:/Users/gm/workspace_placebo_2/top/zynq_fsbl/zynq_fsbl_bsp/system.mss|system||

TRACE::2026-08-19.23:30:27::SCWMssOS::Sw design exists and opened at  C:/Users/gm/workspace_placebo_2/top/zynq_fsbl/zynq_fsbl_bsp/system.mss
TRACE::2026-08-19.23:30:27::SCWPlatform::Trying to open the hw design at C:/Users/gm/workspace_placebo_2/top/hw/top.xsa
TRACE::2026-08-19.23:30:27::SCWPlatform::DSA given C:/Users/gm/workspace_placebo_2/top/hw/top.xsa
TRACE::2026-08-19.23:30:27::SCWPlatform::DSA absoulate path C:/Users/gm/workspace_placebo_2/top/hw/top.xsa
TRACE::2026-08-19.23:30:27::SCWPlatform::DSA directory C:/Users/gm/workspace_placebo_2/top/hw
TRACE::2026-08-19.23:30:27::SCWPlatform:: Platform Path C:/Users/gm/workspace_placebo_2/top/hw/top.xsa
TRACE::2026-08-19.23:30:27::SCWPlatform:: Unique name xilinx:zedboard::0.0
TRACE::2026-08-19.23:30:27::SCWPlatform::Trying to set the existing hwdb with name top_0
TRACE::2026-08-19.23:30:27::SCWPlatform::Opened existing hwdb top_0
TRACE::2026-08-19.23:30:27::SCWPlatform::Found the Hw Db part of the input DSA
TRACE::2026-08-19.23:30:27::SCWMssOS::Checking the sw design at  C:/Users/gm/workspace_placebo_2/top/zynq_fsbl/zynq_fsbl_bsp/system.mss
TRACE::2026-08-19.23:30:27::SCWMssOS::DEBUG:  swdes dump  C:/Users/gm/workspace_placebo_2/top/ps7_cortexa9_0/standalone_ps7_cortexa9_0/bsp/system.mss|system_0||
C:/Users/gm/workspace_placebo_2/top/zynq_fsbl/zynq_fsbl_bsp/system.mss|system||

TRACE::2026-08-19.23:30:27::SCWMssOS::Sw design exists and opened at  C:/Users/gm/workspace_placebo_2/top/zynq_fsbl/zynq_fsbl_bsp/system.mss
TRACE::2026-08-19.23:30:27::SCWPlatform::Trying to open the hw design at C:/Users/gm/workspace_placebo_2/top/hw/top.xsa
TRACE::2026-08-19.23:30:27::SCWPlatform::DSA given C:/Users/gm/workspace_placebo_2/top/hw/top.xsa
TRACE::2026-08-19.23:30:27::SCWPlatform::DSA absoulate path C:/Users/gm/workspace_placebo_2/top/hw/top.xsa
TRACE::2026-08-19.23:30:27::SCWPlatform::DSA directory C:/Users/gm/workspace_placebo_2/top/hw
TRACE::2026-08-19.23:30:27::SCWPlatform:: Platform Path C:/Users/gm/workspace_placebo_2/top/hw/top.xsa
TRACE::2026-08-19.23:30:27::SCWPlatform:: Unique name xilinx:zedboard::0.0
TRACE::2026-08-19.23:30:27::SCWPlatform::Trying to set the existing hwdb with name top_0
TRACE::2026-08-19.23:30:27::SCWPlatform::Opened existing hwdb top_0
TRACE::2026-08-19.23:30:27::SCWPlatform::Found the Hw Db part of the input DSA
TRACE::2026-08-19.23:30:27::SCWMssOS::Checking the sw design at  C:/Users/gm/workspace_placebo_2/top/ps7_cortexa9_0/standalone_ps7_cortexa9_0/bsp/system.mss
TRACE::2026-08-19.23:30:27::SCWMssOS::DEBUG:  swdes dump  C:/Users/gm/workspace_placebo_2/top/ps7_cortexa9_0/standalone_ps7_cortexa9_0/bsp/system.mss|system_0||
C:/Users/gm/workspace_placebo_2/top/zynq_fsbl/zynq_fsbl_bsp/system.mss|system||

TRACE::2026-08-19.23:30:27::SCWMssOS::Sw design exists and opened at  C:/Users/gm/workspace_placebo_2/top/ps7_cortexa9_0/standalone_ps7_cortexa9_0/bsp/system.mss
TRACE::2026-08-19.23:30:27::SCWPlatform::Trying to open the hw design at C:/Users/gm/workspace_placebo_2/top/hw/top.xsa
TRACE::2026-08-19.23:30:27::SCWPlatform::DSA given C:/Users/gm/workspace_placebo_2/top/hw/top.xsa
TRACE::2026-08-19.23:30:27::SCWPlatform::DSA absoulate path C:/Users/gm/workspace_placebo_2/top/hw/top.xsa
TRACE::2026-08-19.23:30:27::SCWPlatform::DSA directory C:/Users/gm/workspace_placebo_2/top/hw
TRACE::2026-08-19.23:30:27::SCWPlatform:: Platform Path C:/Users/gm/workspace_placebo_2/top/hw/top.xsa
TRACE::2026-08-19.23:30:27::SCWPlatform:: Unique name xilinx:zedboard::0.0
TRACE::2026-08-19.23:30:27::SCWPlatform::Trying to set the existing hwdb with name top_0
TRACE::2026-08-19.23:30:27::SCWPlatform::Opened existing hwdb top_0
TRACE::2026-08-19.23:30:27::SCWPlatform::Found the Hw Db part of the input DSA
TRACE::2026-08-19.23:30:27::SCWMssOS::Checking the sw design at  C:/Users/gm/workspace_placebo_2/top/ps7_cortexa9_0/standalone_ps7_cortexa9_0/bsp/system.mss
TRACE::2026-08-19.23:30:27::SCWMssOS::DEBUG:  swdes dump  C:/Users/gm/workspace_placebo_2/top/ps7_cortexa9_0/standalone_ps7_cortexa9_0/bsp/system.mss|system_0||
C:/Users/gm/workspace_placebo_2/top/zynq_fsbl/zynq_fsbl_bsp/system.mss|system||

TRACE::2026-08-19.23:30:27::SCWMssOS::Sw design exists and opened at  C:/Users/gm/workspace_placebo_2/top/ps7_cortexa9_0/standalone_ps7_cortexa9_0/bsp/system.mss
TRACE::2026-08-19.23:30:27::SCWPlatform::Trying to open the hw design at C:/Users/gm/workspace_placebo_2/top/hw/top.xsa
TRACE::2026-08-19.23:30:27::SCWPlatform::DSA given C:/Users/gm/workspace_placebo_2/top/hw/top.xsa
TRACE::2026-08-19.23:30:27::SCWPlatform::DSA absoulate path C:/Users/gm/workspace_placebo_2/top/hw/top.xsa
TRACE::2026-08-19.23:30:27::SCWPlatform::DSA directory C:/Users/gm/workspace_placebo_2/top/hw
TRACE::2026-08-19.23:30:27::SCWPlatform:: Platform Path C:/Users/gm/workspace_placebo_2/top/hw/top.xsa
TRACE::2026-08-19.23:30:27::SCWPlatform:: Unique name xilinx:zedboard::0.0
TRACE::2026-08-19.23:30:27::SCWPlatform::Trying to set the existing hwdb with name top_0
TRACE::2026-08-19.23:30:27::SCWPlatform::Opened existing hwdb top_0
TRACE::2026-08-19.23:30:27::SCWPlatform::Found the Hw Db part of the input DSA
TRACE::2026-08-19.23:30:27::SCWMssOS::Checking the sw design at  C:/Users/gm/workspace_placebo_2/top/ps7_cortexa9_0/standalone_ps7_cortexa9_0/bsp/system.mss
TRACE::2026-08-19.23:30:27::SCWMssOS::DEBUG:  swdes dump  C:/Users/gm/workspace_placebo_2/top/ps7_cortexa9_0/standalone_ps7_cortexa9_0/bsp/system.mss|system_0||
C:/Users/gm/workspace_placebo_2/top/zynq_fsbl/zynq_fsbl_bsp/system.mss|system||

TRACE::2026-08-19.23:30:27::SCWMssOS::Sw design exists and opened at  C:/Users/gm/workspace_placebo_2/top/ps7_cortexa9_0/standalone_ps7_cortexa9_0/bsp/system.mss
TRACE::2026-08-19.23:30:27::SCWWriter::formatted JSON is {
	"platformName":	"top",
	"sprVersion":	"2.0",
	"mode":	"gui",
	"dsaType":	"Fixed",
	"platformDesc":	"top",
	"platHandOff":	"C:/Users/gm/Vivado Projects/complete_det_final_full_and_red/top.xsa",
	"platIntHandOff":	"<platformDir>/hw/top.xsa",
	"deviceType":	"zynq",
	"platIsPrebuiltAutogen":	"false",
	"platIsNoBootBsp":	"false",
	"platFsblTarget":	"ps7_cortexa9_0",
	"hasFsblMakeHasChanges":	"false",
	"hasPmufwMakeHasChanges":	"false",
	"fsblExtraCompilerFlags":	"-MMD -MP       -mcpu=cortex-a9 -mfpu=vfpv3 -mfloat-abi=hard ",
	"platPreBuiltFlag":	false,
	"platformSamplesDir":	"",
	"platActiveSys":	"top",
	"systems":	[{
			"systemName":	"top",
			"systemDesc":	"top",
			"sysIsBootAutoGen":	"true",
			"systemDispName":	"top",
			"sysActiveDom":	"standalone_ps7_cortexa9_0",
			"sysDefaultDom":	"standalone_ps7_cortexa9_0",
			"domains":	[{
					"domainName":	"zynq_fsbl",
					"domainDispName":	"zynq_fsbl",
					"domainDesc":	"FSBL Application BSP - Auto Generated.",
					"processors":	"ps7_cortexa9_0",
					"os":	"standalone",
					"sdxOs":	"standalone",
					"debugEnable":	"",
					"domRuntimes":	["cpp"],
					"swRepo":	"",
					"mssOsVer":	"8.1",
					"mssFile":	"",
					"md5Digest":	"997b4ecbe6ca295e7fdaedf3f0f38499",
					"compatibleApp":	"zynq_fsbl",
					"domType":	"bootDomain",
					"arch":	"32-bit",
					"appSettings":	{
						"appCompilerFlags":	"",
						"appLinkerFlags":	""
					},
					"addedLibs":	["xilffs:5.0", "xilrsa:1.6"],
					"libOptions":	{
						"libsContainingOptions":	[]
					},
					"prebuiltLibs":	{
						"prebuiltIncPath":	[],
						"prebuiltLibPath":	[]
					},
					"isolation":	{
					}
				}, {
					"domainName":	"standalone_ps7_cortexa9_0",
					"domainDispName":	"standalone_ps7_cortexa9_0",
					"domainDesc":	"standalone_ps7_cortexa9_0",
					"processors":	"ps7_cortexa9_0",
					"os":	"standalone",
					"sdxOs":	"standalone",
					"qemuArgs":	"<platformDir>/resources/top/standalone_ps7_cortexa9_0/qemu_args.txt",
					"qemuData":	"<platformDir>/resources/top/standalone_ps7_cortexa9_0/qemu",
					"debugEnable":	"False",
					"domRuntimes":	["cpp"],
					"swRepo":	"",
					"mssOsVer":	"8.1",
					"mssFile":	"",
					"md5Digest":	"c6313929da400c55d8f86bd5ce94215d",
					"compatibleApp":	"hello_world",
					"domType":	"mssDomain",
					"arch":	"32-bit",
					"appSettings":	{
						"appCompilerFlags":	"",
						"appLinkerFlags":	""
					},
					"addedLibs":	[],
					"libOptions":	{
						"libsContainingOptions":	[]
					},
					"prebuiltLibs":	{
						"prebuiltIncPath":	[],
						"prebuiltLibPath":	[]
					},
					"isolation":	{
					}
				}]
		}]
}
KEYINFO::2026-08-19.23:30:27::SCWPlatform::updated the xpfm file.
TRACE::2026-08-19.23:30:28::SCWPlatform::Trying to open the hw design at C:/Users/gm/workspace_placebo_2/top/hw/top.xsa
TRACE::2026-08-19.23:30:28::SCWPlatform::DSA given C:/Users/gm/workspace_placebo_2/top/hw/top.xsa
TRACE::2026-08-19.23:30:28::SCWPlatform::DSA absoulate path C:/Users/gm/workspace_placebo_2/top/hw/top.xsa
TRACE::2026-08-19.23:30:28::SCWPlatform::DSA directory C:/Users/gm/workspace_placebo_2/top/hw
TRACE::2026-08-19.23:30:28::SCWPlatform:: Platform Path C:/Users/gm/workspace_placebo_2/top/hw/top.xsa
TRACE::2026-08-19.23:30:28::SCWPlatform:: Unique name xilinx:zedboard::0.0
TRACE::2026-08-19.23:30:28::SCWPlatform::Trying to set the existing hwdb with name top_0
TRACE::2026-08-19.23:30:28::SCWPlatform::Opened existing hwdb top_0
TRACE::2026-08-19.23:30:28::SCWPlatform::Found the Hw Db part of the input DSA
TRACE::2026-08-19.23:30:28::SCWMssOS::Checking the sw design at  C:/Users/gm/workspace_placebo_2/top/ps7_cortexa9_0/standalone_ps7_cortexa9_0/bsp/system.mss
TRACE::2026-08-19.23:30:28::SCWMssOS::DEBUG:  swdes dump  C:/Users/gm/workspace_placebo_2/top/ps7_cortexa9_0/standalone_ps7_cortexa9_0/bsp/system.mss|system_0||
C:/Users/gm/workspace_placebo_2/top/zynq_fsbl/zynq_fsbl_bsp/system.mss|system||

TRACE::2026-08-19.23:30:28::SCWMssOS::Sw design exists and opened at  C:/Users/gm/workspace_placebo_2/top/ps7_cortexa9_0/standalone_ps7_cortexa9_0/bsp/system.mss
