
*** Running vivado
    with args -log comblock_setup_comblock_0_0.vds -m64 -product Vivado -mode batch -messageDb vivado.pb -notrace -source comblock_setup_comblock_0_0.tcl


ECHO is off.
ECHO is off.

****** Vivado v2023.1 (64-bit)
  **** SW Build 3865809 on Sun May  7 15:05:29 MDT 2023
  **** IP Build 3864474 on Sun May  7 20:36:21 MDT 2023
  **** SharedData Build 3865790 on Sun May 07 13:33:03 MDT 2023
    ** Copyright 1986-2022 Xilinx, Inc. All Rights Reserved.
    ** Copyright 2022-2023 Advanced Micro Devices, Inc. All Rights Reserved.

source comblock_setup_comblock_0_0.tcl -notrace
create_project: Time (s): cpu = 00:00:08 ; elapsed = 00:00:11 . Memory (MB): peak = 448.945 ; gain = 158.531
INFO: [IP_Flow 19-234] Refreshing IP repositories
INFO: [IP_Flow 19-1700] Loaded user IP repository 'd:/Desktop PRE-FORMAT 25/CR_CYCLO/Verilog/ComBlock/core-comblock-master'.
INFO: [IP_Flow 19-2313] Loaded Vivado IP repository 'C:/Xilinx/Vivado/2023.1/data/ip'.
WARNING: [IP_Flow 19-4995] The host OS only allows 260 characters in a normal path. The IP cache path is more than 80 characters. If you experience issues with IP caching, please consider changing the IP cache to a location with a shorter path. Alternately consider using the OS subst command to map part of the path to a drive letter. 
Current IP cache path is c:/Users/gm/Vivado Projects/complete_det_new_comblock/complete_det_new_comblock.cache/ip 
INFO: [IP_Flow 19-6924] IPCACHE: Running cache check for IP inst: comblock_setup_comblock_0_0
Command: synth_design -top comblock_setup_comblock_0_0 -part xc7z020clg484-1 -incremental_mode off -mode out_of_context
Starting synth_design
Attempting to get a license for feature 'Synthesis' and/or device 'xc7z020'
INFO: [Common 17-349] Got license for feature 'Synthesis' and/or device 'xc7z020'
INFO: [Device 21-403] Loading part xc7z020clg484-1
INFO: [Synth 8-7079] Multithreading enabled for synth_design using a maximum of 2 processes.
INFO: [Synth 8-7078] Launching helper process for spawning children vivado processes
INFO: [Synth 8-7075] Helper process launched with PID 10548
---------------------------------------------------------------------------------
Starting RTL Elaboration : Time (s): cpu = 00:00:06 ; elapsed = 00:00:08 . Memory (MB): peak = 1303.969 ; gain = 409.109
---------------------------------------------------------------------------------
INFO: [Synth 8-638] synthesizing module 'comblock_setup_comblock_0_0' [c:/Users/gm/Vivado Projects/complete_det_new_comblock/complete_det_new_comblock.gen/sources_1/bd/comblock_setup/ip/comblock_setup_comblock_0_0/synth/comblock_setup_comblock_0_0.vhd:92]
	Parameter REGS_IN_ENA bound to: 1 - type: bool 
	Parameter REGS_IN_DWIDTH bound to: 32 - type: integer 
	Parameter REGS_IN_DEPTH bound to: 1 - type: integer 
	Parameter REGS_OUT_ENA bound to: 1 - type: bool 
	Parameter REGS_OUT_DWIDTH bound to: 32 - type: integer 
	Parameter REGS_OUT_DEPTH bound to: 1 - type: integer 
	Parameter DRAM_IO_ENA bound to: 0 - type: bool 
	Parameter DRAM_IO_DWIDTH bound to: 16 - type: integer 
	Parameter DRAM_IO_AWIDTH bound to: 16 - type: integer 
	Parameter DRAM_IO_DEPTH bound to: 0 - type: integer 
	Parameter FIFO_IN_ENA bound to: 0 - type: bool 
	Parameter FIFO_IN_DWIDTH bound to: 16 - type: integer 
	Parameter FIFO_IN_DEPTH bound to: 1024 - type: integer 
	Parameter FIFO_IN_AFOFFSET bound to: 1 - type: integer 
	Parameter FIFO_IN_AEOFFSET bound to: 1 - type: integer 
	Parameter FIFO_OUT_ENA bound to: 1 - type: bool 
	Parameter FIFO_OUT_DWIDTH bound to: 24 - type: integer 
	Parameter FIFO_OUT_DEPTH bound to: 1024 - type: integer 
	Parameter FIFO_OUT_AFOFFSET bound to: 1 - type: integer 
	Parameter FIFO_OUT_AEOFFSET bound to: 1 - type: integer 
	Parameter C_AXIF_ID_WIDTH bound to: 1 - type: integer 
	Parameter C_AXIF_AWUSER_WIDTH bound to: 1 - type: integer 
	Parameter C_AXIF_ARUSER_WIDTH bound to: 1 - type: integer 
	Parameter C_AXIF_WUSER_WIDTH bound to: 1 - type: integer 
	Parameter C_AXIF_RUSER_WIDTH bound to: 1 - type: integer 
	Parameter C_AXIF_BUSER_WIDTH bound to: 1 - type: integer 
INFO: [Synth 8-3491] module 'axi_comblock' declared at 'c:/Users/gm/Vivado Projects/complete_det_new_comblock/complete_det_new_comblock.gen/sources_1/bd/comblock_setup/ipshared/2cb9/hdl/axi_comblock.vhdl:17' bound to instance 'U0' of component 'axi_comblock' [c:/Users/gm/Vivado Projects/complete_det_new_comblock/complete_det_new_comblock.gen/sources_1/bd/comblock_setup/ip/comblock_setup_comblock_0_0/synth/comblock_setup_comblock_0_0.vhd:290]
INFO: [Synth 8-638] synthesizing module 'axi_comblock' [c:/Users/gm/Vivado Projects/complete_det_new_comblock/complete_det_new_comblock.gen/sources_1/bd/comblock_setup/ipshared/2cb9/hdl/axi_comblock.vhdl:186]
INFO: [Synth 8-638] synthesizing module 'AXIL' [c:/Users/gm/Vivado Projects/complete_det_new_comblock/complete_det_new_comblock.gen/sources_1/bd/comblock_setup/ipshared/2cb9/hdl/axil.vhdl:91]
INFO: [Synth 8-256] done synthesizing module 'AXIL' (0#1) [c:/Users/gm/Vivado Projects/complete_det_new_comblock/complete_det_new_comblock.gen/sources_1/bd/comblock_setup/ipshared/2cb9/hdl/axil.vhdl:91]
INFO: [Synth 8-638] synthesizing module 'AXIF' [c:/Users/gm/Vivado Projects/complete_det_new_comblock/complete_det_new_comblock.gen/sources_1/bd/comblock_setup/ipshared/2cb9/hdl/axif.vhdl:173]
INFO: [Synth 8-256] done synthesizing module 'AXIF' (0#1) [c:/Users/gm/Vivado Projects/complete_det_new_comblock/complete_det_new_comblock.gen/sources_1/bd/comblock_setup/ipshared/2cb9/hdl/axif.vhdl:173]
INFO: [Synth 8-638] synthesizing module 'ComBlock' [c:/Users/gm/Vivado Projects/complete_det_new_comblock/complete_det_new_comblock.gen/sources_1/bd/comblock_setup/ipshared/2cb9/hdl/comblock.vhdl:125]
INFO: [Synth 8-638] synthesizing module 'FIFO' [c:/Users/gm/Vivado Projects/complete_det_new_comblock/complete_det_new_comblock.gen/sources_1/bd/comblock_setup/ipshared/2cb9/hdl/fifo.vhdl:58]
INFO: [Synth 8-638] synthesizing module 'tdpram' [c:/Users/gm/Vivado Projects/complete_det_new_comblock/complete_det_new_comblock.gen/sources_1/bd/comblock_setup/ipshared/2cb9/hdl/tdpram.vhdl:37]
INFO: [Synth 8-256] done synthesizing module 'tdpram' (0#1) [c:/Users/gm/Vivado Projects/complete_det_new_comblock/complete_det_new_comblock.gen/sources_1/bd/comblock_setup/ipshared/2cb9/hdl/tdpram.vhdl:37]
INFO: [Synth 8-638] synthesizing module 'GraySync' [c:/Users/gm/Vivado Projects/complete_det_new_comblock/complete_det_new_comblock.gen/sources_1/bd/comblock_setup/ipshared/2cb9/hdl/graysync.vhdl:29]
INFO: [Synth 8-256] done synthesizing module 'GraySync' (0#1) [c:/Users/gm/Vivado Projects/complete_det_new_comblock/complete_det_new_comblock.gen/sources_1/bd/comblock_setup/ipshared/2cb9/hdl/graysync.vhdl:29]
INFO: [Synth 8-226] default block is never used [c:/Users/gm/Vivado Projects/complete_det_new_comblock/complete_det_new_comblock.gen/sources_1/bd/comblock_setup/ipshared/2cb9/hdl/fifo.vhdl:120]
INFO: [Synth 8-256] done synthesizing module 'FIFO' (0#1) [c:/Users/gm/Vivado Projects/complete_det_new_comblock/complete_det_new_comblock.gen/sources_1/bd/comblock_setup/ipshared/2cb9/hdl/fifo.vhdl:58]
INFO: [Synth 8-256] done synthesizing module 'ComBlock' (0#1) [c:/Users/gm/Vivado Projects/complete_det_new_comblock/complete_det_new_comblock.gen/sources_1/bd/comblock_setup/ipshared/2cb9/hdl/comblock.vhdl:125]
INFO: [Synth 8-256] done synthesizing module 'axi_comblock' (0#1) [c:/Users/gm/Vivado Projects/complete_det_new_comblock/complete_det_new_comblock.gen/sources_1/bd/comblock_setup/ipshared/2cb9/hdl/axi_comblock.vhdl:186]
INFO: [Synth 8-256] done synthesizing module 'comblock_setup_comblock_0_0' (0#1) [c:/Users/gm/Vivado Projects/complete_det_new_comblock/complete_det_new_comblock.gen/sources_1/bd/comblock_setup/ip/comblock_setup_comblock_0_0/synth/comblock_setup_comblock_0_0.vhd:92]
WARNING: [Synth 8-6014] Unused sequential element fifo_in_clear_reg was removed.  [c:/Users/gm/Vivado Projects/complete_det_new_comblock/complete_det_new_comblock.gen/sources_1/bd/comblock_setup/ipshared/2cb9/hdl/comblock.vhdl:361]
WARNING: [Synth 8-6014] Unused sequential element fifo_in_under_r_reg was removed.  [c:/Users/gm/Vivado Projects/complete_det_new_comblock/complete_det_new_comblock.gen/sources_1/bd/comblock_setup/ipshared/2cb9/hdl/comblock.vhdl:379]
WARNING: [Synth 8-3848] Net ram_data_o in module/entity ComBlock does not have driver. [c:/Users/gm/Vivado Projects/complete_det_new_comblock/complete_det_new_comblock.gen/sources_1/bd/comblock_setup/ipshared/2cb9/hdl/comblock.vhdl:87]
WARNING: [Synth 8-3848] Net fifo_in_full_o in module/entity ComBlock does not have driver. [c:/Users/gm/Vivado Projects/complete_det_new_comblock/complete_det_new_comblock.gen/sources_1/bd/comblock_setup/ipshared/2cb9/hdl/comblock.vhdl:93]
WARNING: [Synth 8-3848] Net fifo_in_afull_o in module/entity ComBlock does not have driver. [c:/Users/gm/Vivado Projects/complete_det_new_comblock/complete_det_new_comblock.gen/sources_1/bd/comblock_setup/ipshared/2cb9/hdl/comblock.vhdl:94]
WARNING: [Synth 8-3848] Net fifo_in_overflow_o in module/entity ComBlock does not have driver. [c:/Users/gm/Vivado Projects/complete_det_new_comblock/complete_det_new_comblock.gen/sources_1/bd/comblock_setup/ipshared/2cb9/hdl/comblock.vhdl:95]
WARNING: [Synth 8-3848] Net mem_data_o in module/entity ComBlock does not have driver. [c:/Users/gm/Vivado Projects/complete_det_new_comblock/complete_det_new_comblock.gen/sources_1/bd/comblock_setup/ipshared/2cb9/hdl/comblock.vhdl:121]
WARNING: [Synth 8-7129] Port ram_data_o[15] in module ComBlock is either unconnected or has no load
WARNING: [Synth 8-7129] Port ram_data_o[14] in module ComBlock is either unconnected or has no load
WARNING: [Synth 8-7129] Port ram_data_o[13] in module ComBlock is either unconnected or has no load
WARNING: [Synth 8-7129] Port ram_data_o[12] in module ComBlock is either unconnected or has no load
WARNING: [Synth 8-7129] Port ram_data_o[11] in module ComBlock is either unconnected or has no load
WARNING: [Synth 8-7129] Port ram_data_o[10] in module ComBlock is either unconnected or has no load
WARNING: [Synth 8-7129] Port ram_data_o[9] in module ComBlock is either unconnected or has no load
WARNING: [Synth 8-7129] Port ram_data_o[8] in module ComBlock is either unconnected or has no load
WARNING: [Synth 8-7129] Port ram_data_o[7] in module ComBlock is either unconnected or has no load
WARNING: [Synth 8-7129] Port ram_data_o[6] in module ComBlock is either unconnected or has no load
WARNING: [Synth 8-7129] Port ram_data_o[5] in module ComBlock is either unconnected or has no load
WARNING: [Synth 8-7129] Port ram_data_o[4] in module ComBlock is either unconnected or has no load
WARNING: [Synth 8-7129] Port ram_data_o[3] in module ComBlock is either unconnected or has no load
WARNING: [Synth 8-7129] Port ram_data_o[2] in module ComBlock is either unconnected or has no load
WARNING: [Synth 8-7129] Port ram_data_o[1] in module ComBlock is either unconnected or has no load
WARNING: [Synth 8-7129] Port ram_data_o[0] in module ComBlock is either unconnected or has no load
WARNING: [Synth 8-7129] Port fifo_in_full_o in module ComBlock is either unconnected or has no load
WARNING: [Synth 8-7129] Port fifo_in_afull_o in module ComBlock is either unconnected or has no load
WARNING: [Synth 8-7129] Port fifo_in_overflow_o in module ComBlock is either unconnected or has no load
WARNING: [Synth 8-7129] Port mem_data_o[15] in module ComBlock is either unconnected or has no load
WARNING: [Synth 8-7129] Port mem_data_o[14] in module ComBlock is either unconnected or has no load
WARNING: [Synth 8-7129] Port mem_data_o[13] in module ComBlock is either unconnected or has no load
WARNING: [Synth 8-7129] Port mem_data_o[12] in module ComBlock is either unconnected or has no load
WARNING: [Synth 8-7129] Port mem_data_o[11] in module ComBlock is either unconnected or has no load
WARNING: [Synth 8-7129] Port mem_data_o[10] in module ComBlock is either unconnected or has no load
WARNING: [Synth 8-7129] Port mem_data_o[9] in module ComBlock is either unconnected or has no load
WARNING: [Synth 8-7129] Port mem_data_o[8] in module ComBlock is either unconnected or has no load
WARNING: [Synth 8-7129] Port mem_data_o[7] in module ComBlock is either unconnected or has no load
WARNING: [Synth 8-7129] Port mem_data_o[6] in module ComBlock is either unconnected or has no load
WARNING: [Synth 8-7129] Port mem_data_o[5] in module ComBlock is either unconnected or has no load
WARNING: [Synth 8-7129] Port mem_data_o[4] in module ComBlock is either unconnected or has no load
WARNING: [Synth 8-7129] Port mem_data_o[3] in module ComBlock is either unconnected or has no load
WARNING: [Synth 8-7129] Port mem_data_o[2] in module ComBlock is either unconnected or has no load
WARNING: [Synth 8-7129] Port mem_data_o[1] in module ComBlock is either unconnected or has no load
WARNING: [Synth 8-7129] Port mem_data_o[0] in module ComBlock is either unconnected or has no load
WARNING: [Synth 8-7129] Port reg1_i[31] in module ComBlock is either unconnected or has no load
WARNING: [Synth 8-7129] Port reg1_i[30] in module ComBlock is either unconnected or has no load
WARNING: [Synth 8-7129] Port reg1_i[29] in module ComBlock is either unconnected or has no load
WARNING: [Synth 8-7129] Port reg1_i[28] in module ComBlock is either unconnected or has no load
WARNING: [Synth 8-7129] Port reg1_i[27] in module ComBlock is either unconnected or has no load
WARNING: [Synth 8-7129] Port reg1_i[26] in module ComBlock is either unconnected or has no load
WARNING: [Synth 8-7129] Port reg1_i[25] in module ComBlock is either unconnected or has no load
WARNING: [Synth 8-7129] Port reg1_i[24] in module ComBlock is either unconnected or has no load
WARNING: [Synth 8-7129] Port reg1_i[23] in module ComBlock is either unconnected or has no load
WARNING: [Synth 8-7129] Port reg1_i[22] in module ComBlock is either unconnected or has no load
WARNING: [Synth 8-7129] Port reg1_i[21] in module ComBlock is either unconnected or has no load
WARNING: [Synth 8-7129] Port reg1_i[20] in module ComBlock is either unconnected or has no load
WARNING: [Synth 8-7129] Port reg1_i[19] in module ComBlock is either unconnected or has no load
WARNING: [Synth 8-7129] Port reg1_i[18] in module ComBlock is either unconnected or has no load
WARNING: [Synth 8-7129] Port reg1_i[17] in module ComBlock is either unconnected or has no load
WARNING: [Synth 8-7129] Port reg1_i[16] in module ComBlock is either unconnected or has no load
WARNING: [Synth 8-7129] Port reg1_i[15] in module ComBlock is either unconnected or has no load
WARNING: [Synth 8-7129] Port reg1_i[14] in module ComBlock is either unconnected or has no load
WARNING: [Synth 8-7129] Port reg1_i[13] in module ComBlock is either unconnected or has no load
WARNING: [Synth 8-7129] Port reg1_i[12] in module ComBlock is either unconnected or has no load
WARNING: [Synth 8-7129] Port reg1_i[11] in module ComBlock is either unconnected or has no load
WARNING: [Synth 8-7129] Port reg1_i[10] in module ComBlock is either unconnected or has no load
WARNING: [Synth 8-7129] Port reg1_i[9] in module ComBlock is either unconnected or has no load
WARNING: [Synth 8-7129] Port reg1_i[8] in module ComBlock is either unconnected or has no load
WARNING: [Synth 8-7129] Port reg1_i[7] in module ComBlock is either unconnected or has no load
WARNING: [Synth 8-7129] Port reg1_i[6] in module ComBlock is either unconnected or has no load
WARNING: [Synth 8-7129] Port reg1_i[5] in module ComBlock is either unconnected or has no load
WARNING: [Synth 8-7129] Port reg1_i[4] in module ComBlock is either unconnected or has no load
WARNING: [Synth 8-7129] Port reg1_i[3] in module ComBlock is either unconnected or has no load
WARNING: [Synth 8-7129] Port reg1_i[2] in module ComBlock is either unconnected or has no load
WARNING: [Synth 8-7129] Port reg1_i[1] in module ComBlock is either unconnected or has no load
WARNING: [Synth 8-7129] Port reg1_i[0] in module ComBlock is either unconnected or has no load
WARNING: [Synth 8-7129] Port reg2_i[31] in module ComBlock is either unconnected or has no load
WARNING: [Synth 8-7129] Port reg2_i[30] in module ComBlock is either unconnected or has no load
WARNING: [Synth 8-7129] Port reg2_i[29] in module ComBlock is either unconnected or has no load
WARNING: [Synth 8-7129] Port reg2_i[28] in module ComBlock is either unconnected or has no load
WARNING: [Synth 8-7129] Port reg2_i[27] in module ComBlock is either unconnected or has no load
WARNING: [Synth 8-7129] Port reg2_i[26] in module ComBlock is either unconnected or has no load
WARNING: [Synth 8-7129] Port reg2_i[25] in module ComBlock is either unconnected or has no load
WARNING: [Synth 8-7129] Port reg2_i[24] in module ComBlock is either unconnected or has no load
WARNING: [Synth 8-7129] Port reg2_i[23] in module ComBlock is either unconnected or has no load
WARNING: [Synth 8-7129] Port reg2_i[22] in module ComBlock is either unconnected or has no load
WARNING: [Synth 8-7129] Port reg2_i[21] in module ComBlock is either unconnected or has no load
WARNING: [Synth 8-7129] Port reg2_i[20] in module ComBlock is either unconnected or has no load
WARNING: [Synth 8-7129] Port reg2_i[19] in module ComBlock is either unconnected or has no load
WARNING: [Synth 8-7129] Port reg2_i[18] in module ComBlock is either unconnected or has no load
WARNING: [Synth 8-7129] Port reg2_i[17] in module ComBlock is either unconnected or has no load
WARNING: [Synth 8-7129] Port reg2_i[16] in module ComBlock is either unconnected or has no load
WARNING: [Synth 8-7129] Port reg2_i[15] in module ComBlock is either unconnected or has no load
WARNING: [Synth 8-7129] Port reg2_i[14] in module ComBlock is either unconnected or has no load
WARNING: [Synth 8-7129] Port reg2_i[13] in module ComBlock is either unconnected or has no load
WARNING: [Synth 8-7129] Port reg2_i[12] in module ComBlock is either unconnected or has no load
WARNING: [Synth 8-7129] Port reg2_i[11] in module ComBlock is either unconnected or has no load
WARNING: [Synth 8-7129] Port reg2_i[10] in module ComBlock is either unconnected or has no load
WARNING: [Synth 8-7129] Port reg2_i[9] in module ComBlock is either unconnected or has no load
WARNING: [Synth 8-7129] Port reg2_i[8] in module ComBlock is either unconnected or has no load
WARNING: [Synth 8-7129] Port reg2_i[7] in module ComBlock is either unconnected or has no load
WARNING: [Synth 8-7129] Port reg2_i[6] in module ComBlock is either unconnected or has no load
WARNING: [Synth 8-7129] Port reg2_i[5] in module ComBlock is either unconnected or has no load
WARNING: [Synth 8-7129] Port reg2_i[4] in module ComBlock is either unconnected or has no load
WARNING: [Synth 8-7129] Port reg2_i[3] in module ComBlock is either unconnected or has no load
WARNING: [Synth 8-7129] Port reg2_i[2] in module ComBlock is either unconnected or has no load
WARNING: [Synth 8-7129] Port reg2_i[1] in module ComBlock is either unconnected or has no load
WARNING: [Synth 8-7129] Port reg2_i[0] in module ComBlock is either unconnected or has no load
WARNING: [Synth 8-7129] Port reg3_i[31] in module ComBlock is either unconnected or has no load
INFO: [Common 17-14] Message 'Synth 8-7129' appears 100 times and further instances of the messages will be disabled. Use the Tcl command set_msg_config to change the current settings.
---------------------------------------------------------------------------------
Finished RTL Elaboration : Time (s): cpu = 00:00:07 ; elapsed = 00:00:10 . Memory (MB): peak = 1405.156 ; gain = 510.297
---------------------------------------------------------------------------------
---------------------------------------------------------------------------------
Start Handling Custom Attributes
---------------------------------------------------------------------------------
---------------------------------------------------------------------------------
Finished Handling Custom Attributes : Time (s): cpu = 00:00:07 ; elapsed = 00:00:10 . Memory (MB): peak = 1405.156 ; gain = 510.297
---------------------------------------------------------------------------------
---------------------------------------------------------------------------------
Finished RTL Optimization Phase 1 : Time (s): cpu = 00:00:07 ; elapsed = 00:00:10 . Memory (MB): peak = 1405.156 ; gain = 510.297
---------------------------------------------------------------------------------
Netlist sorting complete. Time (s): cpu = 00:00:00 ; elapsed = 00:00:00.018 . Memory (MB): peak = 1405.156 ; gain = 0.000
INFO: [Project 1-570] Preparing netlist for logic optimization

Processing XDC Constraints
Initializing timing engine
Completed Processing XDC Constraints

Netlist sorting complete. Time (s): cpu = 00:00:00 ; elapsed = 00:00:00 . Memory (MB): peak = 1442.305 ; gain = 0.000
INFO: [Project 1-111] Unisim Transformation Summary:
No Unisim elements were transformed.

Constraint Validation Runtime : Time (s): cpu = 00:00:00 ; elapsed = 00:00:00.071 . Memory (MB): peak = 1445.184 ; gain = 2.879
INFO: [Designutils 20-5008] Incremental synthesis strategy off
---------------------------------------------------------------------------------
Finished Constraint Validation : Time (s): cpu = 00:00:14 ; elapsed = 00:00:18 . Memory (MB): peak = 1445.184 ; gain = 550.324
---------------------------------------------------------------------------------
---------------------------------------------------------------------------------
Start Loading Part and Timing Information
---------------------------------------------------------------------------------
Loading part: xc7z020clg484-1
---------------------------------------------------------------------------------
Finished Loading Part and Timing Information : Time (s): cpu = 00:00:14 ; elapsed = 00:00:18 . Memory (MB): peak = 1445.184 ; gain = 550.324
---------------------------------------------------------------------------------
---------------------------------------------------------------------------------
Start Applying 'set_property' XDC Constraints
---------------------------------------------------------------------------------
---------------------------------------------------------------------------------
Finished applying 'set_property' XDC Constraints : Time (s): cpu = 00:00:14 ; elapsed = 00:00:18 . Memory (MB): peak = 1445.184 ; gain = 550.324
---------------------------------------------------------------------------------
INFO: [Synth 8-3971] The signal "tdpram:/ram_reg" was recognized as a true dual port RAM template.
---------------------------------------------------------------------------------
Finished RTL Optimization Phase 2 : Time (s): cpu = 00:00:15 ; elapsed = 00:00:18 . Memory (MB): peak = 1445.184 ; gain = 550.324
---------------------------------------------------------------------------------
---------------------------------------------------------------------------------
Start RTL Component Statistics 
---------------------------------------------------------------------------------
Detailed RTL Component Info : 
+---Adders : 
	   2 Input   16 Bit       Adders := 2     
	   2 Input   11 Bit       Adders := 2     
	   3 Input   11 Bit       Adders := 2     
	   2 Input    8 Bit       Adders := 2     
+---XORs : 
	   2 Input     11 Bit         XORs := 2     
	   2 Input      1 Bit         XORs := 20    
+---Registers : 
	               32 Bit    Registers := 3     
	               24 Bit    Registers := 2     
	               18 Bit    Registers := 2     
	               11 Bit    Registers := 6     
	                8 Bit    Registers := 6     
	                2 Bit    Registers := 6     
	                1 Bit    Registers := 21    
+---RAMs : 
	              24K Bit	(1024 X 24 bit)          RAMs := 1     
+---Muxes : 
	   2 Input   32 Bit        Muxes := 5     
	   7 Input   32 Bit        Muxes := 1     
	   2 Input   18 Bit        Muxes := 3     
	   2 Input   11 Bit        Muxes := 4     
	   3 Input   11 Bit        Muxes := 4     
	   2 Input    1 Bit        Muxes := 23    
	   4 Input    1 Bit        Muxes := 2     
	   3 Input    1 Bit        Muxes := 2     
---------------------------------------------------------------------------------
Finished RTL Component Statistics 
---------------------------------------------------------------------------------
---------------------------------------------------------------------------------
Start Part Resource Summary
---------------------------------------------------------------------------------
Part Resources:
DSPs: 220 (col length:60)
BRAMs: 280 (col length: RAMB18 60 RAMB36 30)
---------------------------------------------------------------------------------
Finished Part Resource Summary
---------------------------------------------------------------------------------
---------------------------------------------------------------------------------
Start Cross Boundary and Area Optimization
---------------------------------------------------------------------------------
WARNING: [Synth 8-7080] Parallel synthesis criteria is not met
---------------------------------------------------------------------------------
Finished Cross Boundary and Area Optimization : Time (s): cpu = 00:00:17 ; elapsed = 00:00:20 . Memory (MB): peak = 1445.184 ; gain = 550.324
---------------------------------------------------------------------------------
---------------------------------------------------------------------------------
Start ROM, RAM, DSP, Shift Register and Retiming Reporting
---------------------------------------------------------------------------------

Block RAM: Preliminary Mapping Report (see note below)
+----------------------------+------------------------------------------------------+------------------------+---+---+------------------------+---+---+------------------+--------+--------+
|Module Name                 | RTL Object                                           | PORT A (Depth x Width) | W | R | PORT B (Depth x Width) | W | R | Ports driving FF | RAMB18 | RAMB36 | 
+----------------------------+------------------------------------------------------+------------------------+---+---+------------------------+---+---+------------------+--------+--------+
|comblock_setup_comblock_0_0 | U0/comblock_i/fifo_out_g.fifo_out_i/i_memory/ram_reg | 1 K x 24(NO_CHANGE)    | W |   | 1 K x 24(WRITE_FIRST)  |   | R | Port A and B     | 0      | 1      | 
+----------------------------+------------------------------------------------------+------------------------+---+---+------------------------+---+---+------------------+--------+--------+

Note: The table above is a preliminary report that shows the Block RAMs at the current stage of the synthesis flow. Some Block RAMs may be reimplemented as non Block RAM primitives later in the synthesis flow. Multiple instantiated Block RAMs are reported only once. 
---------------------------------------------------------------------------------
Finished ROM, RAM, DSP, Shift Register and Retiming Reporting
---------------------------------------------------------------------------------
---------------------------------------------------------------------------------
Start Applying XDC Timing Constraints
---------------------------------------------------------------------------------
---------------------------------------------------------------------------------
Finished Applying XDC Timing Constraints : Time (s): cpu = 00:00:22 ; elapsed = 00:00:25 . Memory (MB): peak = 1445.184 ; gain = 550.324
---------------------------------------------------------------------------------
---------------------------------------------------------------------------------
Start Timing Optimization
---------------------------------------------------------------------------------
---------------------------------------------------------------------------------
Finished Timing Optimization : Time (s): cpu = 00:00:22 ; elapsed = 00:00:25 . Memory (MB): peak = 1445.184 ; gain = 550.324
---------------------------------------------------------------------------------
---------------------------------------------------------------------------------
Start ROM, RAM, DSP, Shift Register and Retiming Reporting
---------------------------------------------------------------------------------

Block RAM: Final Mapping Report
+----------------------------+------------------------------------------------------+------------------------+---+---+------------------------+---+---+------------------+--------+--------+
|Module Name                 | RTL Object                                           | PORT A (Depth x Width) | W | R | PORT B (Depth x Width) | W | R | Ports driving FF | RAMB18 | RAMB36 | 
+----------------------------+------------------------------------------------------+------------------------+---+---+------------------------+---+---+------------------+--------+--------+
|comblock_setup_comblock_0_0 | U0/comblock_i/fifo_out_g.fifo_out_i/i_memory/ram_reg | 1 K x 24(NO_CHANGE)    | W |   | 1 K x 24(WRITE_FIRST)  |   | R | Port A and B     | 0      | 1      | 
+----------------------------+------------------------------------------------------+------------------------+---+---+------------------------+---+---+------------------+--------+--------+

---------------------------------------------------------------------------------
Finished ROM, RAM, DSP, Shift Register and Retiming Reporting
---------------------------------------------------------------------------------
---------------------------------------------------------------------------------
Start Technology Mapping
---------------------------------------------------------------------------------
INFO: [Synth 8-7052] The timing for the instance U0/comblock_i/fifo_out_g.fifo_out_i/i_memory/ram_reg (implemented as a Block RAM) might be sub-optimal as no optional output register could be merged into the ram block. Providing additional output register may help in improving timing.
---------------------------------------------------------------------------------
Finished Technology Mapping : Time (s): cpu = 00:00:22 ; elapsed = 00:00:26 . Memory (MB): peak = 1445.184 ; gain = 550.324
---------------------------------------------------------------------------------
---------------------------------------------------------------------------------
Start IO Insertion
---------------------------------------------------------------------------------
---------------------------------------------------------------------------------
Start Flattening Before IO Insertion
---------------------------------------------------------------------------------
---------------------------------------------------------------------------------
Finished Flattening Before IO Insertion
---------------------------------------------------------------------------------
---------------------------------------------------------------------------------
Start Final Netlist Cleanup
---------------------------------------------------------------------------------
---------------------------------------------------------------------------------
Finished Final Netlist Cleanup
---------------------------------------------------------------------------------
---------------------------------------------------------------------------------
Finished IO Insertion : Time (s): cpu = 00:00:25 ; elapsed = 00:00:29 . Memory (MB): peak = 1445.184 ; gain = 550.324
---------------------------------------------------------------------------------
---------------------------------------------------------------------------------
Start Renaming Generated Instances
---------------------------------------------------------------------------------
---------------------------------------------------------------------------------
Finished Renaming Generated Instances : Time (s): cpu = 00:00:25 ; elapsed = 00:00:29 . Memory (MB): peak = 1445.184 ; gain = 550.324
---------------------------------------------------------------------------------
---------------------------------------------------------------------------------
Start Rebuilding User Hierarchy
---------------------------------------------------------------------------------
---------------------------------------------------------------------------------
Finished Rebuilding User Hierarchy : Time (s): cpu = 00:00:25 ; elapsed = 00:00:29 . Memory (MB): peak = 1445.184 ; gain = 550.324
---------------------------------------------------------------------------------
---------------------------------------------------------------------------------
Start Renaming Generated Ports
---------------------------------------------------------------------------------
---------------------------------------------------------------------------------
Finished Renaming Generated Ports : Time (s): cpu = 00:00:25 ; elapsed = 00:00:29 . Memory (MB): peak = 1445.184 ; gain = 550.324
---------------------------------------------------------------------------------
---------------------------------------------------------------------------------
Start Handling Custom Attributes
---------------------------------------------------------------------------------
---------------------------------------------------------------------------------
Finished Handling Custom Attributes : Time (s): cpu = 00:00:25 ; elapsed = 00:00:29 . Memory (MB): peak = 1445.184 ; gain = 550.324
---------------------------------------------------------------------------------
---------------------------------------------------------------------------------
Start Renaming Generated Nets
---------------------------------------------------------------------------------
---------------------------------------------------------------------------------
Finished Renaming Generated Nets : Time (s): cpu = 00:00:25 ; elapsed = 00:00:29 . Memory (MB): peak = 1445.184 ; gain = 550.324
---------------------------------------------------------------------------------
---------------------------------------------------------------------------------
Start Writing Synthesis Report
---------------------------------------------------------------------------------

Report BlackBoxes: 
+-+--------------+----------+
| |BlackBox name |Instances |
+-+--------------+----------+
+-+--------------+----------+

Report Cell Usage: 
+------+---------+------+
|      |Cell     |Count |
+------+---------+------+
|1     |CARRY4   |    18|
|2     |LUT1     |     2|
|3     |LUT2     |    30|
|4     |LUT3     |    16|
|5     |LUT4     |    44|
|6     |LUT5     |    38|
|7     |LUT6     |    39|
|8     |RAMB36E1 |     1|
|9     |FDRE     |   146|
|10    |FDSE     |     8|
+------+---------+------+
---------------------------------------------------------------------------------
Finished Writing Synthesis Report : Time (s): cpu = 00:00:25 ; elapsed = 00:00:29 . Memory (MB): peak = 1445.184 ; gain = 550.324
---------------------------------------------------------------------------------
Synthesis finished with 0 errors, 0 critical warnings and 11 warnings.
Synthesis Optimization Runtime : Time (s): cpu = 00:00:16 ; elapsed = 00:00:27 . Memory (MB): peak = 1445.184 ; gain = 510.297
Synthesis Optimization Complete : Time (s): cpu = 00:00:25 ; elapsed = 00:00:29 . Memory (MB): peak = 1445.184 ; gain = 550.324
INFO: [Project 1-571] Translating synthesized netlist
Netlist sorting complete. Time (s): cpu = 00:00:00 ; elapsed = 00:00:00.007 . Memory (MB): peak = 1445.184 ; gain = 0.000
INFO: [Netlist 29-17] Analyzing 19 Unisim elements for replacement
INFO: [Netlist 29-28] Unisim Transformation completed in 0 CPU seconds
INFO: [Project 1-570] Preparing netlist for logic optimization
INFO: [Opt 31-138] Pushed 0 inverter(s) to 0 load pin(s).
Netlist sorting complete. Time (s): cpu = 00:00:00 ; elapsed = 00:00:00 . Memory (MB): peak = 1445.184 ; gain = 0.000
INFO: [Project 1-111] Unisim Transformation Summary:
No Unisim elements were transformed.

Synth Design complete | Checksum: 2c4b205b
INFO: [Common 17-83] Releasing license: Synthesis
40 Infos, 109 Warnings, 0 Critical Warnings and 0 Errors encountered.
synth_design completed successfully
synth_design: Time (s): cpu = 00:00:30 ; elapsed = 00:00:44 . Memory (MB): peak = 1445.184 ; gain = 959.473
INFO: [Common 17-1381] The checkpoint 'C:/Users/gm/Vivado Projects/complete_det_new_comblock/complete_det_new_comblock.runs/comblock_setup_comblock_0_0_synth_1/comblock_setup_comblock_0_0.dcp' has been generated.
INFO: [Coretcl 2-1648] Added synthesis output to IP cache for IP comblock_setup_comblock_0_0, cache-ID = 6c8ccbfcccfbd626
INFO: [Coretcl 2-1174] Renamed 7 cell refs.
INFO: [Common 17-1381] The checkpoint 'C:/Users/gm/Vivado Projects/complete_det_new_comblock/complete_det_new_comblock.runs/comblock_setup_comblock_0_0_synth_1/comblock_setup_comblock_0_0.dcp' has been generated.
INFO: [runtcl-4] Executing : report_utilization -file comblock_setup_comblock_0_0_utilization_synth.rpt -pb comblock_setup_comblock_0_0_utilization_synth.pb
INFO: [Common 17-206] Exiting Vivado at Wed Jul  1 21:36:53 2026...

*** Running vivado
    with args -log comblock_setup_comblock_0_0.vds -m64 -product Vivado -mode batch -messageDb vivado.pb -notrace -source comblock_setup_comblock_0_0.tcl


ECHO is off.
ECHO is off.

****** Vivado v2023.1 (64-bit)
  **** SW Build 3865809 on Sun May  7 15:05:29 MDT 2023
  **** IP Build 3864474 on Sun May  7 20:36:21 MDT 2023
  **** SharedData Build 3865790 on Sun May 07 13:33:03 MDT 2023
    ** Copyright 1986-2022 Xilinx, Inc. All Rights Reserved.
    ** Copyright 2022-2023 Advanced Micro Devices, Inc. All Rights Reserved.

source comblock_setup_comblock_0_0.tcl -notrace
create_project: Time (s): cpu = 00:00:08 ; elapsed = 00:00:09 . Memory (MB): peak = 449.500 ; gain = 159.559
INFO: [IP_Flow 19-234] Refreshing IP repositories
INFO: [IP_Flow 19-1700] Loaded user IP repository 'd:/Desktop PRE-FORMAT 25/CR_CYCLO/Verilog/ComBlock/core-comblock-master'.
INFO: [IP_Flow 19-2313] Loaded Vivado IP repository 'C:/Xilinx/Vivado/2023.1/data/ip'.
WARNING: [IP_Flow 19-4995] The host OS only allows 260 characters in a normal path. The IP cache path is more than 80 characters. If you experience issues with IP caching, please consider changing the IP cache to a location with a shorter path. Alternately consider using the OS subst command to map part of the path to a drive letter. 
Current IP cache path is c:/Users/gm/Vivado Projects/complete_det_new_comblock_psclock/complete_det_new_comblock_psclock.cache/ip 
INFO: [IP_Flow 19-6924] IPCACHE: Running cache check for IP inst: comblock_setup_comblock_0_0
Command: synth_design -top comblock_setup_comblock_0_0 -part xc7z020clg484-1 -incremental_mode off -mode out_of_context
Starting synth_design
Attempting to get a license for feature 'Synthesis' and/or device 'xc7z020'
INFO: [Common 17-349] Got license for feature 'Synthesis' and/or device 'xc7z020'
INFO: [Device 21-403] Loading part xc7z020clg484-1
INFO: [Synth 8-7079] Multithreading enabled for synth_design using a maximum of 2 processes.
INFO: [Synth 8-7078] Launching helper process for spawning children vivado processes
INFO: [Synth 8-7075] Helper process launched with PID 11908
---------------------------------------------------------------------------------
Starting RTL Elaboration : Time (s): cpu = 00:00:07 ; elapsed = 00:00:10 . Memory (MB): peak = 1304.449 ; gain = 410.145
---------------------------------------------------------------------------------
INFO: [Synth 8-638] synthesizing module 'comblock_setup_comblock_0_0' [c:/Users/gm/Vivado Projects/complete_det_new_comblock_psclock/complete_det_new_comblock_psclock.gen/sources_1/bd/comblock_setup/ip/comblock_setup_comblock_0_0/synth/comblock_setup_comblock_0_0.vhd:92]
	Parameter REGS_IN_ENA bound to: 1 - type: bool 
	Parameter REGS_IN_DWIDTH bound to: 32 - type: integer 
	Parameter REGS_IN_DEPTH bound to: 1 - type: integer 
	Parameter REGS_OUT_ENA bound to: 1 - type: bool 
	Parameter REGS_OUT_DWIDTH bound to: 32 - type: integer 
	Parameter REGS_OUT_DEPTH bound to: 1 - type: integer 
	Parameter DRAM_IO_ENA bound to: 0 - type: bool 
	Parameter DRAM_IO_DWIDTH bound to: 16 - type: integer 
	Parameter DRAM_IO_AWIDTH bound to: 16 - type: integer 
	Parameter DRAM_IO_DEPTH bound to: 0 - type: integer 
	Parameter FIFO_IN_ENA bound to: 0 - type: bool 
	Parameter FIFO_IN_DWIDTH bound to: 16 - type: integer 
	Parameter FIFO_IN_DEPTH bound to: 1024 - type: integer 
	Parameter FIFO_IN_AFOFFSET bound to: 1 - type: integer 
	Parameter FIFO_IN_AEOFFSET bound to: 1 - type: integer 
	Parameter FIFO_OUT_ENA bound to: 1 - type: bool 
	Parameter FIFO_OUT_DWIDTH bound to: 24 - type: integer 
	Parameter FIFO_OUT_DEPTH bound to: 1024 - type: integer 
	Parameter FIFO_OUT_AFOFFSET bound to: 1 - type: integer 
	Parameter FIFO_OUT_AEOFFSET bound to: 1 - type: integer 
	Parameter C_AXIF_ID_WIDTH bound to: 1 - type: integer 
	Parameter C_AXIF_AWUSER_WIDTH bound to: 1 - type: integer 
	Parameter C_AXIF_ARUSER_WIDTH bound to: 1 - type: integer 
	Parameter C_AXIF_WUSER_WIDTH bound to: 1 - type: integer 
	Parameter C_AXIF_RUSER_WIDTH bound to: 1 - type: integer 
	Parameter C_AXIF_BUSER_WIDTH bound to: 1 - type: integer 
INFO: [Synth 8-3491] module 'axi_comblock' declared at 'c:/Users/gm/Vivado Projects/complete_det_new_comblock_psclock/complete_det_new_comblock_psclock.gen/sources_1/bd/comblock_setup/ipshared/2cb9/hdl/axi_comblock.vhdl:17' bound to instance 'U0' of component 'axi_comblock' [c:/Users/gm/Vivado Projects/complete_det_new_comblock_psclock/complete_det_new_comblock_psclock.gen/sources_1/bd/comblock_setup/ip/comblock_setup_comblock_0_0/synth/comblock_setup_comblock_0_0.vhd:290]
INFO: [Synth 8-638] synthesizing module 'axi_comblock' [c:/Users/gm/Vivado Projects/complete_det_new_comblock_psclock/complete_det_new_comblock_psclock.gen/sources_1/bd/comblock_setup/ipshared/2cb9/hdl/axi_comblock.vhdl:186]
INFO: [Synth 8-638] synthesizing module 'AXIL' [c:/Users/gm/Vivado Projects/complete_det_new_comblock_psclock/complete_det_new_comblock_psclock.gen/sources_1/bd/comblock_setup/ipshared/2cb9/hdl/axil.vhdl:91]
INFO: [Synth 8-256] done synthesizing module 'AXIL' (0#1) [c:/Users/gm/Vivado Projects/complete_det_new_comblock_psclock/complete_det_new_comblock_psclock.gen/sources_1/bd/comblock_setup/ipshared/2cb9/hdl/axil.vhdl:91]
INFO: [Synth 8-638] synthesizing module 'AXIF' [c:/Users/gm/Vivado Projects/complete_det_new_comblock_psclock/complete_det_new_comblock_psclock.gen/sources_1/bd/comblock_setup/ipshared/2cb9/hdl/axif.vhdl:173]
INFO: [Synth 8-256] done synthesizing module 'AXIF' (0#1) [c:/Users/gm/Vivado Projects/complete_det_new_comblock_psclock/complete_det_new_comblock_psclock.gen/sources_1/bd/comblock_setup/ipshared/2cb9/hdl/axif.vhdl:173]
INFO: [Synth 8-638] synthesizing module 'ComBlock' [c:/Users/gm/Vivado Projects/complete_det_new_comblock_psclock/complete_det_new_comblock_psclock.gen/sources_1/bd/comblock_setup/ipshared/2cb9/hdl/comblock.vhdl:125]
INFO: [Synth 8-638] synthesizing module 'FIFO' [c:/Users/gm/Vivado Projects/complete_det_new_comblock_psclock/complete_det_new_comblock_psclock.gen/sources_1/bd/comblock_setup/ipshared/2cb9/hdl/fifo.vhdl:58]
INFO: [Synth 8-638] synthesizing module 'tdpram' [c:/Users/gm/Vivado Projects/complete_det_new_comblock_psclock/complete_det_new_comblock_psclock.gen/sources_1/bd/comblock_setup/ipshared/2cb9/hdl/tdpram.vhdl:37]
INFO: [Synth 8-256] done synthesizing module 'tdpram' (0#1) [c:/Users/gm/Vivado Projects/complete_det_new_comblock_psclock/complete_det_new_comblock_psclock.gen/sources_1/bd/comblock_setup/ipshared/2cb9/hdl/tdpram.vhdl:37]
INFO: [Synth 8-638] synthesizing module 'GraySync' [c:/Users/gm/Vivado Projects/complete_det_new_comblock_psclock/complete_det_new_comblock_psclock.gen/sources_1/bd/comblock_setup/ipshared/2cb9/hdl/graysync.vhdl:29]
INFO: [Synth 8-256] done synthesizing module 'GraySync' (0#1) [c:/Users/gm/Vivado Projects/complete_det_new_comblock_psclock/complete_det_new_comblock_psclock.gen/sources_1/bd/comblock_setup/ipshared/2cb9/hdl/graysync.vhdl:29]
INFO: [Synth 8-226] default block is never used [c:/Users/gm/Vivado Projects/complete_det_new_comblock_psclock/complete_det_new_comblock_psclock.gen/sources_1/bd/comblock_setup/ipshared/2cb9/hdl/fifo.vhdl:120]
INFO: [Synth 8-256] done synthesizing module 'FIFO' (0#1) [c:/Users/gm/Vivado Projects/complete_det_new_comblock_psclock/complete_det_new_comblock_psclock.gen/sources_1/bd/comblock_setup/ipshared/2cb9/hdl/fifo.vhdl:58]
INFO: [Synth 8-256] done synthesizing module 'ComBlock' (0#1) [c:/Users/gm/Vivado Projects/complete_det_new_comblock_psclock/complete_det_new_comblock_psclock.gen/sources_1/bd/comblock_setup/ipshared/2cb9/hdl/comblock.vhdl:125]
INFO: [Synth 8-256] done synthesizing module 'axi_comblock' (0#1) [c:/Users/gm/Vivado Projects/complete_det_new_comblock_psclock/complete_det_new_comblock_psclock.gen/sources_1/bd/comblock_setup/ipshared/2cb9/hdl/axi_comblock.vhdl:186]
INFO: [Synth 8-256] done synthesizing module 'comblock_setup_comblock_0_0' (0#1) [c:/Users/gm/Vivado Projects/complete_det_new_comblock_psclock/complete_det_new_comblock_psclock.gen/sources_1/bd/comblock_setup/ip/comblock_setup_comblock_0_0/synth/comblock_setup_comblock_0_0.vhd:92]
WARNING: [Synth 8-6014] Unused sequential element fifo_in_clear_reg was removed.  [c:/Users/gm/Vivado Projects/complete_det_new_comblock_psclock/complete_det_new_comblock_psclock.gen/sources_1/bd/comblock_setup/ipshared/2cb9/hdl/comblock.vhdl:361]
WARNING: [Synth 8-6014] Unused sequential element fifo_in_under_r_reg was removed.  [c:/Users/gm/Vivado Projects/complete_det_new_comblock_psclock/complete_det_new_comblock_psclock.gen/sources_1/bd/comblock_setup/ipshared/2cb9/hdl/comblock.vhdl:379]
WARNING: [Synth 8-3848] Net ram_data_o in module/entity ComBlock does not have driver. [c:/Users/gm/Vivado Projects/complete_det_new_comblock_psclock/complete_det_new_comblock_psclock.gen/sources_1/bd/comblock_setup/ipshared/2cb9/hdl/comblock.vhdl:87]
WARNING: [Synth 8-3848] Net fifo_in_full_o in module/entity ComBlock does not have driver. [c:/Users/gm/Vivado Projects/complete_det_new_comblock_psclock/complete_det_new_comblock_psclock.gen/sources_1/bd/comblock_setup/ipshared/2cb9/hdl/comblock.vhdl:93]
WARNING: [Synth 8-3848] Net fifo_in_afull_o in module/entity ComBlock does not have driver. [c:/Users/gm/Vivado Projects/complete_det_new_comblock_psclock/complete_det_new_comblock_psclock.gen/sources_1/bd/comblock_setup/ipshared/2cb9/hdl/comblock.vhdl:94]
WARNING: [Synth 8-3848] Net fifo_in_overflow_o in module/entity ComBlock does not have driver. [c:/Users/gm/Vivado Projects/complete_det_new_comblock_psclock/complete_det_new_comblock_psclock.gen/sources_1/bd/comblock_setup/ipshared/2cb9/hdl/comblock.vhdl:95]
WARNING: [Synth 8-3848] Net mem_data_o in module/entity ComBlock does not have driver. [c:/Users/gm/Vivado Projects/complete_det_new_comblock_psclock/complete_det_new_comblock_psclock.gen/sources_1/bd/comblock_setup/ipshared/2cb9/hdl/comblock.vhdl:121]
WARNING: [Synth 8-7129] Port ram_data_o[15] in module ComBlock is either unconnected or has no load
WARNING: [Synth 8-7129] Port ram_data_o[14] in module ComBlock is either unconnected or has no load
WARNING: [Synth 8-7129] Port ram_data_o[13] in module ComBlock is either unconnected or has no load
WARNING: [Synth 8-7129] Port ram_data_o[12] in module ComBlock is either unconnected or has no load
WARNING: [Synth 8-7129] Port ram_data_o[11] in module ComBlock is either unconnected or has no load
WARNING: [Synth 8-7129] Port ram_data_o[10] in module ComBlock is either unconnected or has no load
WARNING: [Synth 8-7129] Port ram_data_o[9] in module ComBlock is either unconnected or has no load
WARNING: [Synth 8-7129] Port ram_data_o[8] in module ComBlock is either unconnected or has no load
WARNING: [Synth 8-7129] Port ram_data_o[7] in module ComBlock is either unconnected or has no load
WARNING: [Synth 8-7129] Port ram_data_o[6] in module ComBlock is either unconnected or has no load
WARNING: [Synth 8-7129] Port ram_data_o[5] in module ComBlock is either unconnected or has no load
WARNING: [Synth 8-7129] Port ram_data_o[4] in module ComBlock is either unconnected or has no load
WARNING: [Synth 8-7129] Port ram_data_o[3] in module ComBlock is either unconnected or has no load
WARNING: [Synth 8-7129] Port ram_data_o[2] in module ComBlock is either unconnected or has no load
WARNING: [Synth 8-7129] Port ram_data_o[1] in module ComBlock is either unconnected or has no load
WARNING: [Synth 8-7129] Port ram_data_o[0] in module ComBlock is either unconnected or has no load
WARNING: [Synth 8-7129] Port fifo_in_full_o in module ComBlock is either unconnected or has no load
WARNING: [Synth 8-7129] Port fifo_in_afull_o in module ComBlock is either unconnected or has no load
WARNING: [Synth 8-7129] Port fifo_in_overflow_o in module ComBlock is either unconnected or has no load
WARNING: [Synth 8-7129] Port mem_data_o[15] in module ComBlock is either unconnected or has no load
WARNING: [Synth 8-7129] Port mem_data_o[14] in module ComBlock is either unconnected or has no load
WARNING: [Synth 8-7129] Port mem_data_o[13] in module ComBlock is either unconnected or has no load
WARNING: [Synth 8-7129] Port mem_data_o[12] in module ComBlock is either unconnected or has no load
WARNING: [Synth 8-7129] Port mem_data_o[11] in module ComBlock is either unconnected or has no load
WARNING: [Synth 8-7129] Port mem_data_o[10] in module ComBlock is either unconnected or has no load
WARNING: [Synth 8-7129] Port mem_data_o[9] in module ComBlock is either unconnected or has no load
WARNING: [Synth 8-7129] Port mem_data_o[8] in module ComBlock is either unconnected or has no load
WARNING: [Synth 8-7129] Port mem_data_o[7] in module ComBlock is either unconnected or has no load
WARNING: [Synth 8-7129] Port mem_data_o[6] in module ComBlock is either unconnected or has no load
WARNING: [Synth 8-7129] Port mem_data_o[5] in module ComBlock is either unconnected or has no load
WARNING: [Synth 8-7129] Port mem_data_o[4] in module ComBlock is either unconnected or has no load
WARNING: [Synth 8-7129] Port mem_data_o[3] in module ComBlock is either unconnected or has no load
WARNING: [Synth 8-7129] Port mem_data_o[2] in module ComBlock is either unconnected or has no load
WARNING: [Synth 8-7129] Port mem_data_o[1] in module ComBlock is either unconnected or has no load
WARNING: [Synth 8-7129] Port mem_data_o[0] in module ComBlock is either unconnected or has no load
WARNING: [Synth 8-7129] Port reg1_i[31] in module ComBlock is either unconnected or has no load
WARNING: [Synth 8-7129] Port reg1_i[30] in module ComBlock is either unconnected or has no load
WARNING: [Synth 8-7129] Port reg1_i[29] in module ComBlock is either unconnected or has no load
WARNING: [Synth 8-7129] Port reg1_i[28] in module ComBlock is either unconnected or has no load
WARNING: [Synth 8-7129] Port reg1_i[27] in module ComBlock is either unconnected or has no load
WARNING: [Synth 8-7129] Port reg1_i[26] in module ComBlock is either unconnected or has no load
WARNING: [Synth 8-7129] Port reg1_i[25] in module ComBlock is either unconnected or has no load
WARNING: [Synth 8-7129] Port reg1_i[24] in module ComBlock is either unconnected or has no load
WARNING: [Synth 8-7129] Port reg1_i[23] in module ComBlock is either unconnected or has no load
WARNING: [Synth 8-7129] Port reg1_i[22] in module ComBlock is either unconnected or has no load
WARNING: [Synth 8-7129] Port reg1_i[21] in module ComBlock is either unconnected or has no load
WARNING: [Synth 8-7129] Port reg1_i[20] in module ComBlock is either unconnected or has no load
WARNING: [Synth 8-7129] Port reg1_i[19] in module ComBlock is either unconnected or has no load
WARNING: [Synth 8-7129] Port reg1_i[18] in module ComBlock is either unconnected or has no load
WARNING: [Synth 8-7129] Port reg1_i[17] in module ComBlock is either unconnected or has no load
WARNING: [Synth 8-7129] Port reg1_i[16] in module ComBlock is either unconnected or has no load
WARNING: [Synth 8-7129] Port reg1_i[15] in module ComBlock is either unconnected or has no load
WARNING: [Synth 8-7129] Port reg1_i[14] in module ComBlock is either unconnected or has no load
WARNING: [Synth 8-7129] Port reg1_i[13] in module ComBlock is either unconnected or has no load
WARNING: [Synth 8-7129] Port reg1_i[12] in module ComBlock is either unconnected or has no load
WARNING: [Synth 8-7129] Port reg1_i[11] in module ComBlock is either unconnected or has no load
WARNING: [Synth 8-7129] Port reg1_i[10] in module ComBlock is either unconnected or has no load
WARNING: [Synth 8-7129] Port reg1_i[9] in module ComBlock is either unconnected or has no load
WARNING: [Synth 8-7129] Port reg1_i[8] in module ComBlock is either unconnected or has no load
WARNING: [Synth 8-7129] Port reg1_i[7] in module ComBlock is either unconnected or has no load
WARNING: [Synth 8-7129] Port reg1_i[6] in module ComBlock is either unconnected or has no load
WARNING: [Synth 8-7129] Port reg1_i[5] in module ComBlock is either unconnected or has no load
WARNING: [Synth 8-7129] Port reg1_i[4] in module ComBlock is either unconnected or has no load
WARNING: [Synth 8-7129] Port reg1_i[3] in module ComBlock is either unconnected or has no load
WARNING: [Synth 8-7129] Port reg1_i[2] in module ComBlock is either unconnected or has no load
WARNING: [Synth 8-7129] Port reg1_i[1] in module ComBlock is either unconnected or has no load
WARNING: [Synth 8-7129] Port reg1_i[0] in module ComBlock is either unconnected or has no load
WARNING: [Synth 8-7129] Port reg2_i[31] in module ComBlock is either unconnected or has no load
WARNING: [Synth 8-7129] Port reg2_i[30] in module ComBlock is either unconnected or has no load
WARNING: [Synth 8-7129] Port reg2_i[29] in module ComBlock is either unconnected or has no load
WARNING: [Synth 8-7129] Port reg2_i[28] in module ComBlock is either unconnected or has no load
WARNING: [Synth 8-7129] Port reg2_i[27] in module ComBlock is either unconnected or has no load
WARNING: [Synth 8-7129] Port reg2_i[26] in module ComBlock is either unconnected or has no load
WARNING: [Synth 8-7129] Port reg2_i[25] in module ComBlock is either unconnected or has no load
WARNING: [Synth 8-7129] Port reg2_i[24] in module ComBlock is either unconnected or has no load
WARNING: [Synth 8-7129] Port reg2_i[23] in module ComBlock is either unconnected or has no load
WARNING: [Synth 8-7129] Port reg2_i[22] in module ComBlock is either unconnected or has no load
WARNING: [Synth 8-7129] Port reg2_i[21] in module ComBlock is either unconnected or has no load
WARNING: [Synth 8-7129] Port reg2_i[20] in module ComBlock is either unconnected or has no load
WARNING: [Synth 8-7129] Port reg2_i[19] in module ComBlock is either unconnected or has no load
WARNING: [Synth 8-7129] Port reg2_i[18] in module ComBlock is either unconnected or has no load
WARNING: [Synth 8-7129] Port reg2_i[17] in module ComBlock is either unconnected or has no load
WARNING: [Synth 8-7129] Port reg2_i[16] in module ComBlock is either unconnected or has no load
WARNING: [Synth 8-7129] Port reg2_i[15] in module ComBlock is either unconnected or has no load
WARNING: [Synth 8-7129] Port reg2_i[14] in module ComBlock is either unconnected or has no load
WARNING: [Synth 8-7129] Port reg2_i[13] in module ComBlock is either unconnected or has no load
WARNING: [Synth 8-7129] Port reg2_i[12] in module ComBlock is either unconnected or has no load
WARNING: [Synth 8-7129] Port reg2_i[11] in module ComBlock is either unconnected or has no load
WARNING: [Synth 8-7129] Port reg2_i[10] in module ComBlock is either unconnected or has no load
WARNING: [Synth 8-7129] Port reg2_i[9] in module ComBlock is either unconnected or has no load
WARNING: [Synth 8-7129] Port reg2_i[8] in module ComBlock is either unconnected or has no load
WARNING: [Synth 8-7129] Port reg2_i[7] in module ComBlock is either unconnected or has no load
WARNING: [Synth 8-7129] Port reg2_i[6] in module ComBlock is either unconnected or has no load
WARNING: [Synth 8-7129] Port reg2_i[5] in module ComBlock is either unconnected or has no load
WARNING: [Synth 8-7129] Port reg2_i[4] in module ComBlock is either unconnected or has no load
WARNING: [Synth 8-7129] Port reg2_i[3] in module ComBlock is either unconnected or has no load
WARNING: [Synth 8-7129] Port reg2_i[2] in module ComBlock is either unconnected or has no load
WARNING: [Synth 8-7129] Port reg2_i[1] in module ComBlock is either unconnected or has no load
WARNING: [Synth 8-7129] Port reg2_i[0] in module ComBlock is either unconnected or has no load
WARNING: [Synth 8-7129] Port reg3_i[31] in module ComBlock is either unconnected or has no load
INFO: [Common 17-14] Message 'Synth 8-7129' appears 100 times and further instances of the messages will be disabled. Use the Tcl command set_msg_config to change the current settings.
---------------------------------------------------------------------------------
Finished RTL Elaboration : Time (s): cpu = 00:00:09 ; elapsed = 00:00:13 . Memory (MB): peak = 1403.883 ; gain = 509.578
---------------------------------------------------------------------------------
---------------------------------------------------------------------------------
Start Handling Custom Attributes
---------------------------------------------------------------------------------
---------------------------------------------------------------------------------
Finished Handling Custom Attributes : Time (s): cpu = 00:00:09 ; elapsed = 00:00:13 . Memory (MB): peak = 1403.883 ; gain = 509.578
---------------------------------------------------------------------------------
---------------------------------------------------------------------------------
Finished RTL Optimization Phase 1 : Time (s): cpu = 00:00:09 ; elapsed = 00:00:13 . Memory (MB): peak = 1403.883 ; gain = 509.578
---------------------------------------------------------------------------------
Netlist sorting complete. Time (s): cpu = 00:00:00 ; elapsed = 00:00:00.024 . Memory (MB): peak = 1403.883 ; gain = 0.000
INFO: [Project 1-570] Preparing netlist for logic optimization

Processing XDC Constraints
Initializing timing engine
Completed Processing XDC Constraints

Netlist sorting complete. Time (s): cpu = 00:00:00 ; elapsed = 00:00:00 . Memory (MB): peak = 1507.527 ; gain = 0.000
INFO: [Project 1-111] Unisim Transformation Summary:
No Unisim elements were transformed.

Constraint Validation Runtime : Time (s): cpu = 00:00:00 ; elapsed = 00:00:00.041 . Memory (MB): peak = 1507.527 ; gain = 0.000
INFO: [Designutils 20-5008] Incremental synthesis strategy off
---------------------------------------------------------------------------------
Finished Constraint Validation : Time (s): cpu = 00:00:17 ; elapsed = 00:00:22 . Memory (MB): peak = 1507.527 ; gain = 613.223
---------------------------------------------------------------------------------
---------------------------------------------------------------------------------
Start Loading Part and Timing Information
---------------------------------------------------------------------------------
Loading part: xc7z020clg484-1
---------------------------------------------------------------------------------
Finished Loading Part and Timing Information : Time (s): cpu = 00:00:17 ; elapsed = 00:00:22 . Memory (MB): peak = 1507.527 ; gain = 613.223
---------------------------------------------------------------------------------
---------------------------------------------------------------------------------
Start Applying 'set_property' XDC Constraints
---------------------------------------------------------------------------------
---------------------------------------------------------------------------------
Finished applying 'set_property' XDC Constraints : Time (s): cpu = 00:00:17 ; elapsed = 00:00:22 . Memory (MB): peak = 1507.527 ; gain = 613.223
---------------------------------------------------------------------------------
INFO: [Synth 8-3971] The signal "tdpram:/ram_reg" was recognized as a true dual port RAM template.
---------------------------------------------------------------------------------
Finished RTL Optimization Phase 2 : Time (s): cpu = 00:00:17 ; elapsed = 00:00:23 . Memory (MB): peak = 1507.527 ; gain = 613.223
---------------------------------------------------------------------------------
---------------------------------------------------------------------------------
Start RTL Component Statistics 
---------------------------------------------------------------------------------
Detailed RTL Component Info : 
+---Adders : 
	   2 Input   16 Bit       Adders := 2     
	   2 Input   11 Bit       Adders := 2     
	   3 Input   11 Bit       Adders := 2     
	   2 Input    8 Bit       Adders := 2     
+---XORs : 
	   2 Input     11 Bit         XORs := 2     
	   2 Input      1 Bit         XORs := 20    
+---Registers : 
	               32 Bit    Registers := 3     
	               24 Bit    Registers := 2     
	               18 Bit    Registers := 2     
	               11 Bit    Registers := 6     
	                8 Bit    Registers := 6     
	                2 Bit    Registers := 6     
	                1 Bit    Registers := 21    
+---RAMs : 
	              24K Bit	(1024 X 24 bit)          RAMs := 1     
+---Muxes : 
	   2 Input   32 Bit        Muxes := 5     
	   7 Input   32 Bit        Muxes := 1     
	   2 Input   18 Bit        Muxes := 3     
	   2 Input   11 Bit        Muxes := 4     
	   3 Input   11 Bit        Muxes := 4     
	   2 Input    1 Bit        Muxes := 23    
	   4 Input    1 Bit        Muxes := 2     
	   3 Input    1 Bit        Muxes := 2     
---------------------------------------------------------------------------------
Finished RTL Component Statistics 
---------------------------------------------------------------------------------
---------------------------------------------------------------------------------
Start Part Resource Summary
---------------------------------------------------------------------------------
Part Resources:
DSPs: 220 (col length:60)
BRAMs: 280 (col length: RAMB18 60 RAMB36 30)
---------------------------------------------------------------------------------
Finished Part Resource Summary
---------------------------------------------------------------------------------
---------------------------------------------------------------------------------
Start Cross Boundary and Area Optimization
---------------------------------------------------------------------------------
WARNING: [Synth 8-7080] Parallel synthesis criteria is not met
---------------------------------------------------------------------------------
Finished Cross Boundary and Area Optimization : Time (s): cpu = 00:00:19 ; elapsed = 00:00:25 . Memory (MB): peak = 1507.527 ; gain = 613.223
---------------------------------------------------------------------------------
---------------------------------------------------------------------------------
Start ROM, RAM, DSP, Shift Register and Retiming Reporting
---------------------------------------------------------------------------------

Block RAM: Preliminary Mapping Report (see note below)
+----------------------------+------------------------------------------------------+------------------------+---+---+------------------------+---+---+------------------+--------+--------+
|Module Name                 | RTL Object                                           | PORT A (Depth x Width) | W | R | PORT B (Depth x Width) | W | R | Ports driving FF | RAMB18 | RAMB36 | 
+----------------------------+------------------------------------------------------+------------------------+---+---+------------------------+---+---+------------------+--------+--------+
|comblock_setup_comblock_0_0 | U0/comblock_i/fifo_out_g.fifo_out_i/i_memory/ram_reg | 1 K x 24(NO_CHANGE)    | W |   | 1 K x 24(WRITE_FIRST)  |   | R | Port A and B     | 0      | 1      | 
+----------------------------+------------------------------------------------------+------------------------+---+---+------------------------+---+---+------------------+--------+--------+

Note: The table above is a preliminary report that shows the Block RAMs at the current stage of the synthesis flow. Some Block RAMs may be reimplemented as non Block RAM primitives later in the synthesis flow. Multiple instantiated Block RAMs are reported only once. 
---------------------------------------------------------------------------------
Finished ROM, RAM, DSP, Shift Register and Retiming Reporting
---------------------------------------------------------------------------------
---------------------------------------------------------------------------------
Start Applying XDC Timing Constraints
---------------------------------------------------------------------------------
---------------------------------------------------------------------------------
Finished Applying XDC Timing Constraints : Time (s): cpu = 00:00:26 ; elapsed = 00:00:33 . Memory (MB): peak = 1507.527 ; gain = 613.223
---------------------------------------------------------------------------------
---------------------------------------------------------------------------------
Start Timing Optimization
---------------------------------------------------------------------------------
---------------------------------------------------------------------------------
Finished Timing Optimization : Time (s): cpu = 00:00:26 ; elapsed = 00:00:33 . Memory (MB): peak = 1507.527 ; gain = 613.223
---------------------------------------------------------------------------------
---------------------------------------------------------------------------------
Start ROM, RAM, DSP, Shift Register and Retiming Reporting
---------------------------------------------------------------------------------

Block RAM: Final Mapping Report
+----------------------------+------------------------------------------------------+------------------------+---+---+------------------------+---+---+------------------+--------+--------+
|Module Name                 | RTL Object                                           | PORT A (Depth x Width) | W | R | PORT B (Depth x Width) | W | R | Ports driving FF | RAMB18 | RAMB36 | 
+----------------------------+------------------------------------------------------+------------------------+---+---+------------------------+---+---+------------------+--------+--------+
|comblock_setup_comblock_0_0 | U0/comblock_i/fifo_out_g.fifo_out_i/i_memory/ram_reg | 1 K x 24(NO_CHANGE)    | W |   | 1 K x 24(WRITE_FIRST)  |   | R | Port A and B     | 0      | 1      | 
+----------------------------+------------------------------------------------------+------------------------+---+---+------------------------+---+---+------------------+--------+--------+

---------------------------------------------------------------------------------
Finished ROM, RAM, DSP, Shift Register and Retiming Reporting
---------------------------------------------------------------------------------
---------------------------------------------------------------------------------
Start Technology Mapping
---------------------------------------------------------------------------------
INFO: [Synth 8-7052] The timing for the instance U0/comblock_i/fifo_out_g.fifo_out_i/i_memory/ram_reg (implemented as a Block RAM) might be sub-optimal as no optional output register could be merged into the ram block. Providing additional output register may help in improving timing.
---------------------------------------------------------------------------------
Finished Technology Mapping : Time (s): cpu = 00:00:26 ; elapsed = 00:00:33 . Memory (MB): peak = 1507.527 ; gain = 613.223
---------------------------------------------------------------------------------
---------------------------------------------------------------------------------
Start IO Insertion
---------------------------------------------------------------------------------
---------------------------------------------------------------------------------
Start Flattening Before IO Insertion
---------------------------------------------------------------------------------
---------------------------------------------------------------------------------
Finished Flattening Before IO Insertion
---------------------------------------------------------------------------------
---------------------------------------------------------------------------------
Start Final Netlist Cleanup
---------------------------------------------------------------------------------
---------------------------------------------------------------------------------
Finished Final Netlist Cleanup
---------------------------------------------------------------------------------
---------------------------------------------------------------------------------
Finished IO Insertion : Time (s): cpu = 00:00:30 ; elapsed = 00:00:38 . Memory (MB): peak = 1507.527 ; gain = 613.223
---------------------------------------------------------------------------------
---------------------------------------------------------------------------------
Start Renaming Generated Instances
---------------------------------------------------------------------------------
---------------------------------------------------------------------------------
Finished Renaming Generated Instances : Time (s): cpu = 00:00:30 ; elapsed = 00:00:38 . Memory (MB): peak = 1507.527 ; gain = 613.223
---------------------------------------------------------------------------------
---------------------------------------------------------------------------------
Start Rebuilding User Hierarchy
---------------------------------------------------------------------------------
---------------------------------------------------------------------------------
Finished Rebuilding User Hierarchy : Time (s): cpu = 00:00:30 ; elapsed = 00:00:38 . Memory (MB): peak = 1507.527 ; gain = 613.223
---------------------------------------------------------------------------------
---------------------------------------------------------------------------------
Start Renaming Generated Ports
---------------------------------------------------------------------------------
---------------------------------------------------------------------------------
Finished Renaming Generated Ports : Time (s): cpu = 00:00:30 ; elapsed = 00:00:38 . Memory (MB): peak = 1507.527 ; gain = 613.223
---------------------------------------------------------------------------------
---------------------------------------------------------------------------------
Start Handling Custom Attributes
---------------------------------------------------------------------------------
---------------------------------------------------------------------------------
Finished Handling Custom Attributes : Time (s): cpu = 00:00:30 ; elapsed = 00:00:38 . Memory (MB): peak = 1507.527 ; gain = 613.223
---------------------------------------------------------------------------------
---------------------------------------------------------------------------------
Start Renaming Generated Nets
---------------------------------------------------------------------------------
---------------------------------------------------------------------------------
Finished Renaming Generated Nets : Time (s): cpu = 00:00:30 ; elapsed = 00:00:38 . Memory (MB): peak = 1507.527 ; gain = 613.223
---------------------------------------------------------------------------------
---------------------------------------------------------------------------------
Start Writing Synthesis Report
---------------------------------------------------------------------------------

Report BlackBoxes: 
+-+--------------+----------+
| |BlackBox name |Instances |
+-+--------------+----------+
+-+--------------+----------+

Report Cell Usage: 
+------+---------+------+
|      |Cell     |Count |
+------+---------+------+
|1     |CARRY4   |    18|
|2     |LUT1     |     2|
|3     |LUT2     |    30|
|4     |LUT3     |    16|
|5     |LUT4     |    44|
|6     |LUT5     |    38|
|7     |LUT6     |    39|
|8     |RAMB36E1 |     1|
|9     |FDRE     |   146|
|10    |FDSE     |     8|
+------+---------+------+
---------------------------------------------------------------------------------
Finished Writing Synthesis Report : Time (s): cpu = 00:00:30 ; elapsed = 00:00:38 . Memory (MB): peak = 1507.527 ; gain = 613.223
---------------------------------------------------------------------------------
Synthesis finished with 0 errors, 0 critical warnings and 11 warnings.
Synthesis Optimization Runtime : Time (s): cpu = 00:00:19 ; elapsed = 00:00:36 . Memory (MB): peak = 1507.527 ; gain = 509.578
Synthesis Optimization Complete : Time (s): cpu = 00:00:30 ; elapsed = 00:00:39 . Memory (MB): peak = 1507.527 ; gain = 613.223
INFO: [Project 1-571] Translating synthesized netlist
Netlist sorting complete. Time (s): cpu = 00:00:00 ; elapsed = 00:00:00.007 . Memory (MB): peak = 1507.527 ; gain = 0.000
INFO: [Netlist 29-17] Analyzing 19 Unisim elements for replacement
INFO: [Netlist 29-28] Unisim Transformation completed in 1 CPU seconds
INFO: [Project 1-570] Preparing netlist for logic optimization
INFO: [Opt 31-138] Pushed 0 inverter(s) to 0 load pin(s).
Netlist sorting complete. Time (s): cpu = 00:00:00 ; elapsed = 00:00:00 . Memory (MB): peak = 1507.527 ; gain = 0.000
INFO: [Project 1-111] Unisim Transformation Summary:
No Unisim elements were transformed.

Synth Design complete | Checksum: 2c4b205b
INFO: [Common 17-83] Releasing license: Synthesis
40 Infos, 109 Warnings, 0 Critical Warnings and 0 Errors encountered.
synth_design completed successfully
synth_design: Time (s): cpu = 00:00:36 ; elapsed = 00:00:47 . Memory (MB): peak = 1507.527 ; gain = 1021.297
INFO: [Common 17-1381] The checkpoint 'C:/Users/gm/Vivado Projects/complete_det_new_comblock_psclock/complete_det_new_comblock_psclock.runs/comblock_setup_comblock_0_0_synth_1/comblock_setup_comblock_0_0.dcp' has been generated.
INFO: [Coretcl 2-1648] Added synthesis output to IP cache for IP comblock_setup_comblock_0_0, cache-ID = cbd03f99fb2a411a
INFO: [Coretcl 2-1174] Renamed 7 cell refs.
INFO: [Common 17-1381] The checkpoint 'C:/Users/gm/Vivado Projects/complete_det_new_comblock_psclock/complete_det_new_comblock_psclock.runs/comblock_setup_comblock_0_0_synth_1/comblock_setup_comblock_0_0.dcp' has been generated.
INFO: [runtcl-4] Executing : report_utilization -file comblock_setup_comblock_0_0_utilization_synth.rpt -pb comblock_setup_comblock_0_0_utilization_synth.pb
INFO: [Common 17-206] Exiting Vivado at Mon Jul  6 15:21:38 2026...

*** Running vivado
    with args -log comblock_setup_comblock_0_0.vds -m64 -product Vivado -mode batch -messageDb vivado.pb -notrace -source comblock_setup_comblock_0_0.tcl


ECHO is off.
ECHO is off.

****** Vivado v2023.1 (64-bit)
  **** SW Build 3865809 on Sun May  7 15:05:29 MDT 2023
  **** IP Build 3864474 on Sun May  7 20:36:21 MDT 2023
  **** SharedData Build 3865790 on Sun May 07 13:33:03 MDT 2023
    ** Copyright 1986-2022 Xilinx, Inc. All Rights Reserved.
    ** Copyright 2022-2023 Advanced Micro Devices, Inc. All Rights Reserved.

source comblock_setup_comblock_0_0.tcl -notrace
INFO: [IP_Flow 19-234] Refreshing IP repositories
INFO: [IP_Flow 19-1700] Loaded user IP repository 'd:/Desktop PRE-FORMAT 25/CR_CYCLO/Verilog/ComBlock/core-comblock-master'.
INFO: [IP_Flow 19-2313] Loaded Vivado IP repository 'C:/Xilinx/Vivado/2023.1/data/ip'.
WARNING: [IP_Flow 19-4995] The host OS only allows 260 characters in a normal path. The IP cache path is more than 80 characters. If you experience issues with IP caching, please consider changing the IP cache to a location with a shorter path. Alternately consider using the OS subst command to map part of the path to a drive letter. 
Current IP cache path is c:/Users/gm/Vivado Projects/complete_det_new_comblock_psclock_ila/complete_det_new_comblock_psclock_ila.cache/ip 
INFO: [IP_Flow 19-6924] IPCACHE: Running cache check for IP inst: comblock_setup_comblock_0_0
Command: synth_design -top comblock_setup_comblock_0_0 -part xc7z020clg484-1 -incremental_mode off -mode out_of_context
Starting synth_design
Attempting to get a license for feature 'Synthesis' and/or device 'xc7z020'
INFO: [Common 17-349] Got license for feature 'Synthesis' and/or device 'xc7z020'
INFO: [Device 21-403] Loading part xc7z020clg484-1
INFO: [Synth 8-7079] Multithreading enabled for synth_design using a maximum of 2 processes.
INFO: [Synth 8-7078] Launching helper process for spawning children vivado processes
INFO: [Synth 8-7075] Helper process launched with PID 1128
---------------------------------------------------------------------------------
Starting RTL Elaboration : Time (s): cpu = 00:00:05 ; elapsed = 00:00:05 . Memory (MB): peak = 1304.824 ; gain = 410.305
---------------------------------------------------------------------------------
INFO: [Synth 8-638] synthesizing module 'comblock_setup_comblock_0_0' [c:/Users/gm/Vivado Projects/complete_det_new_comblock_psclock_ila/complete_det_new_comblock_psclock_ila.gen/sources_1/bd/comblock_setup/ip/comblock_setup_comblock_0_0/synth/comblock_setup_comblock_0_0.vhd:92]
	Parameter REGS_IN_ENA bound to: 1 - type: bool 
	Parameter REGS_IN_DWIDTH bound to: 32 - type: integer 
	Parameter REGS_IN_DEPTH bound to: 1 - type: integer 
	Parameter REGS_OUT_ENA bound to: 1 - type: bool 
	Parameter REGS_OUT_DWIDTH bound to: 32 - type: integer 
	Parameter REGS_OUT_DEPTH bound to: 1 - type: integer 
	Parameter DRAM_IO_ENA bound to: 0 - type: bool 
	Parameter DRAM_IO_DWIDTH bound to: 16 - type: integer 
	Parameter DRAM_IO_AWIDTH bound to: 16 - type: integer 
	Parameter DRAM_IO_DEPTH bound to: 0 - type: integer 
	Parameter FIFO_IN_ENA bound to: 0 - type: bool 
	Parameter FIFO_IN_DWIDTH bound to: 16 - type: integer 
	Parameter FIFO_IN_DEPTH bound to: 1024 - type: integer 
	Parameter FIFO_IN_AFOFFSET bound to: 1 - type: integer 
	Parameter FIFO_IN_AEOFFSET bound to: 1 - type: integer 
	Parameter FIFO_OUT_ENA bound to: 1 - type: bool 
	Parameter FIFO_OUT_DWIDTH bound to: 24 - type: integer 
	Parameter FIFO_OUT_DEPTH bound to: 1024 - type: integer 
	Parameter FIFO_OUT_AFOFFSET bound to: 1 - type: integer 
	Parameter FIFO_OUT_AEOFFSET bound to: 1 - type: integer 
	Parameter C_AXIF_ID_WIDTH bound to: 1 - type: integer 
	Parameter C_AXIF_AWUSER_WIDTH bound to: 1 - type: integer 
	Parameter C_AXIF_ARUSER_WIDTH bound to: 1 - type: integer 
	Parameter C_AXIF_WUSER_WIDTH bound to: 1 - type: integer 
	Parameter C_AXIF_RUSER_WIDTH bound to: 1 - type: integer 
	Parameter C_AXIF_BUSER_WIDTH bound to: 1 - type: integer 
INFO: [Synth 8-3491] module 'axi_comblock' declared at 'c:/Users/gm/Vivado Projects/complete_det_new_comblock_psclock_ila/complete_det_new_comblock_psclock_ila.gen/sources_1/bd/comblock_setup/ipshared/2cb9/hdl/axi_comblock.vhdl:17' bound to instance 'U0' of component 'axi_comblock' [c:/Users/gm/Vivado Projects/complete_det_new_comblock_psclock_ila/complete_det_new_comblock_psclock_ila.gen/sources_1/bd/comblock_setup/ip/comblock_setup_comblock_0_0/synth/comblock_setup_comblock_0_0.vhd:290]
INFO: [Synth 8-638] synthesizing module 'axi_comblock' [c:/Users/gm/Vivado Projects/complete_det_new_comblock_psclock_ila/complete_det_new_comblock_psclock_ila.gen/sources_1/bd/comblock_setup/ipshared/2cb9/hdl/axi_comblock.vhdl:186]
INFO: [Synth 8-638] synthesizing module 'AXIL' [c:/Users/gm/Vivado Projects/complete_det_new_comblock_psclock_ila/complete_det_new_comblock_psclock_ila.gen/sources_1/bd/comblock_setup/ipshared/2cb9/hdl/axil.vhdl:91]
INFO: [Synth 8-256] done synthesizing module 'AXIL' (0#1) [c:/Users/gm/Vivado Projects/complete_det_new_comblock_psclock_ila/complete_det_new_comblock_psclock_ila.gen/sources_1/bd/comblock_setup/ipshared/2cb9/hdl/axil.vhdl:91]
INFO: [Synth 8-638] synthesizing module 'AXIF' [c:/Users/gm/Vivado Projects/complete_det_new_comblock_psclock_ila/complete_det_new_comblock_psclock_ila.gen/sources_1/bd/comblock_setup/ipshared/2cb9/hdl/axif.vhdl:173]
INFO: [Synth 8-256] done synthesizing module 'AXIF' (0#1) [c:/Users/gm/Vivado Projects/complete_det_new_comblock_psclock_ila/complete_det_new_comblock_psclock_ila.gen/sources_1/bd/comblock_setup/ipshared/2cb9/hdl/axif.vhdl:173]
INFO: [Synth 8-638] synthesizing module 'ComBlock' [c:/Users/gm/Vivado Projects/complete_det_new_comblock_psclock_ila/complete_det_new_comblock_psclock_ila.gen/sources_1/bd/comblock_setup/ipshared/2cb9/hdl/comblock.vhdl:125]
INFO: [Synth 8-638] synthesizing module 'FIFO' [c:/Users/gm/Vivado Projects/complete_det_new_comblock_psclock_ila/complete_det_new_comblock_psclock_ila.gen/sources_1/bd/comblock_setup/ipshared/2cb9/hdl/fifo.vhdl:58]
INFO: [Synth 8-638] synthesizing module 'tdpram' [c:/Users/gm/Vivado Projects/complete_det_new_comblock_psclock_ila/complete_det_new_comblock_psclock_ila.gen/sources_1/bd/comblock_setup/ipshared/2cb9/hdl/tdpram.vhdl:37]
INFO: [Synth 8-256] done synthesizing module 'tdpram' (0#1) [c:/Users/gm/Vivado Projects/complete_det_new_comblock_psclock_ila/complete_det_new_comblock_psclock_ila.gen/sources_1/bd/comblock_setup/ipshared/2cb9/hdl/tdpram.vhdl:37]
INFO: [Synth 8-638] synthesizing module 'GraySync' [c:/Users/gm/Vivado Projects/complete_det_new_comblock_psclock_ila/complete_det_new_comblock_psclock_ila.gen/sources_1/bd/comblock_setup/ipshared/2cb9/hdl/graysync.vhdl:29]
INFO: [Synth 8-256] done synthesizing module 'GraySync' (0#1) [c:/Users/gm/Vivado Projects/complete_det_new_comblock_psclock_ila/complete_det_new_comblock_psclock_ila.gen/sources_1/bd/comblock_setup/ipshared/2cb9/hdl/graysync.vhdl:29]
INFO: [Synth 8-226] default block is never used [c:/Users/gm/Vivado Projects/complete_det_new_comblock_psclock_ila/complete_det_new_comblock_psclock_ila.gen/sources_1/bd/comblock_setup/ipshared/2cb9/hdl/fifo.vhdl:120]
INFO: [Synth 8-256] done synthesizing module 'FIFO' (0#1) [c:/Users/gm/Vivado Projects/complete_det_new_comblock_psclock_ila/complete_det_new_comblock_psclock_ila.gen/sources_1/bd/comblock_setup/ipshared/2cb9/hdl/fifo.vhdl:58]
INFO: [Synth 8-256] done synthesizing module 'ComBlock' (0#1) [c:/Users/gm/Vivado Projects/complete_det_new_comblock_psclock_ila/complete_det_new_comblock_psclock_ila.gen/sources_1/bd/comblock_setup/ipshared/2cb9/hdl/comblock.vhdl:125]
INFO: [Synth 8-256] done synthesizing module 'axi_comblock' (0#1) [c:/Users/gm/Vivado Projects/complete_det_new_comblock_psclock_ila/complete_det_new_comblock_psclock_ila.gen/sources_1/bd/comblock_setup/ipshared/2cb9/hdl/axi_comblock.vhdl:186]
INFO: [Synth 8-256] done synthesizing module 'comblock_setup_comblock_0_0' (0#1) [c:/Users/gm/Vivado Projects/complete_det_new_comblock_psclock_ila/complete_det_new_comblock_psclock_ila.gen/sources_1/bd/comblock_setup/ip/comblock_setup_comblock_0_0/synth/comblock_setup_comblock_0_0.vhd:92]
WARNING: [Synth 8-6014] Unused sequential element fifo_in_clear_reg was removed.  [c:/Users/gm/Vivado Projects/complete_det_new_comblock_psclock_ila/complete_det_new_comblock_psclock_ila.gen/sources_1/bd/comblock_setup/ipshared/2cb9/hdl/comblock.vhdl:361]
WARNING: [Synth 8-6014] Unused sequential element fifo_in_under_r_reg was removed.  [c:/Users/gm/Vivado Projects/complete_det_new_comblock_psclock_ila/complete_det_new_comblock_psclock_ila.gen/sources_1/bd/comblock_setup/ipshared/2cb9/hdl/comblock.vhdl:379]
WARNING: [Synth 8-3848] Net ram_data_o in module/entity ComBlock does not have driver. [c:/Users/gm/Vivado Projects/complete_det_new_comblock_psclock_ila/complete_det_new_comblock_psclock_ila.gen/sources_1/bd/comblock_setup/ipshared/2cb9/hdl/comblock.vhdl:87]
WARNING: [Synth 8-3848] Net fifo_in_full_o in module/entity ComBlock does not have driver. [c:/Users/gm/Vivado Projects/complete_det_new_comblock_psclock_ila/complete_det_new_comblock_psclock_ila.gen/sources_1/bd/comblock_setup/ipshared/2cb9/hdl/comblock.vhdl:93]
WARNING: [Synth 8-3848] Net fifo_in_afull_o in module/entity ComBlock does not have driver. [c:/Users/gm/Vivado Projects/complete_det_new_comblock_psclock_ila/complete_det_new_comblock_psclock_ila.gen/sources_1/bd/comblock_setup/ipshared/2cb9/hdl/comblock.vhdl:94]
WARNING: [Synth 8-3848] Net fifo_in_overflow_o in module/entity ComBlock does not have driver. [c:/Users/gm/Vivado Projects/complete_det_new_comblock_psclock_ila/complete_det_new_comblock_psclock_ila.gen/sources_1/bd/comblock_setup/ipshared/2cb9/hdl/comblock.vhdl:95]
WARNING: [Synth 8-3848] Net mem_data_o in module/entity ComBlock does not have driver. [c:/Users/gm/Vivado Projects/complete_det_new_comblock_psclock_ila/complete_det_new_comblock_psclock_ila.gen/sources_1/bd/comblock_setup/ipshared/2cb9/hdl/comblock.vhdl:121]
WARNING: [Synth 8-7129] Port ram_data_o[15] in module ComBlock is either unconnected or has no load
WARNING: [Synth 8-7129] Port ram_data_o[14] in module ComBlock is either unconnected or has no load
WARNING: [Synth 8-7129] Port ram_data_o[13] in module ComBlock is either unconnected or has no load
WARNING: [Synth 8-7129] Port ram_data_o[12] in module ComBlock is either unconnected or has no load
WARNING: [Synth 8-7129] Port ram_data_o[11] in module ComBlock is either unconnected or has no load
WARNING: [Synth 8-7129] Port ram_data_o[10] in module ComBlock is either unconnected or has no load
WARNING: [Synth 8-7129] Port ram_data_o[9] in module ComBlock is either unconnected or has no load
WARNING: [Synth 8-7129] Port ram_data_o[8] in module ComBlock is either unconnected or has no load
WARNING: [Synth 8-7129] Port ram_data_o[7] in module ComBlock is either unconnected or has no load
WARNING: [Synth 8-7129] Port ram_data_o[6] in module ComBlock is either unconnected or has no load
WARNING: [Synth 8-7129] Port ram_data_o[5] in module ComBlock is either unconnected or has no load
WARNING: [Synth 8-7129] Port ram_data_o[4] in module ComBlock is either unconnected or has no load
WARNING: [Synth 8-7129] Port ram_data_o[3] in module ComBlock is either unconnected or has no load
WARNING: [Synth 8-7129] Port ram_data_o[2] in module ComBlock is either unconnected or has no load
WARNING: [Synth 8-7129] Port ram_data_o[1] in module ComBlock is either unconnected or has no load
WARNING: [Synth 8-7129] Port ram_data_o[0] in module ComBlock is either unconnected or has no load
WARNING: [Synth 8-7129] Port fifo_in_full_o in module ComBlock is either unconnected or has no load
WARNING: [Synth 8-7129] Port fifo_in_afull_o in module ComBlock is either unconnected or has no load
WARNING: [Synth 8-7129] Port fifo_in_overflow_o in module ComBlock is either unconnected or has no load
WARNING: [Synth 8-7129] Port mem_data_o[15] in module ComBlock is either unconnected or has no load
WARNING: [Synth 8-7129] Port mem_data_o[14] in module ComBlock is either unconnected or has no load
WARNING: [Synth 8-7129] Port mem_data_o[13] in module ComBlock is either unconnected or has no load
WARNING: [Synth 8-7129] Port mem_data_o[12] in module ComBlock is either unconnected or has no load
WARNING: [Synth 8-7129] Port mem_data_o[11] in module ComBlock is either unconnected or has no load
WARNING: [Synth 8-7129] Port mem_data_o[10] in module ComBlock is either unconnected or has no load
WARNING: [Synth 8-7129] Port mem_data_o[9] in module ComBlock is either unconnected or has no load
WARNING: [Synth 8-7129] Port mem_data_o[8] in module ComBlock is either unconnected or has no load
WARNING: [Synth 8-7129] Port mem_data_o[7] in module ComBlock is either unconnected or has no load
WARNING: [Synth 8-7129] Port mem_data_o[6] in module ComBlock is either unconnected or has no load
WARNING: [Synth 8-7129] Port mem_data_o[5] in module ComBlock is either unconnected or has no load
WARNING: [Synth 8-7129] Port mem_data_o[4] in module ComBlock is either unconnected or has no load
WARNING: [Synth 8-7129] Port mem_data_o[3] in module ComBlock is either unconnected or has no load
WARNING: [Synth 8-7129] Port mem_data_o[2] in module ComBlock is either unconnected or has no load
WARNING: [Synth 8-7129] Port mem_data_o[1] in module ComBlock is either unconnected or has no load
WARNING: [Synth 8-7129] Port mem_data_o[0] in module ComBlock is either unconnected or has no load
WARNING: [Synth 8-7129] Port reg1_i[31] in module ComBlock is either unconnected or has no load
WARNING: [Synth 8-7129] Port reg1_i[30] in module ComBlock is either unconnected or has no load
WARNING: [Synth 8-7129] Port reg1_i[29] in module ComBlock is either unconnected or has no load
WARNING: [Synth 8-7129] Port reg1_i[28] in module ComBlock is either unconnected or has no load
WARNING: [Synth 8-7129] Port reg1_i[27] in module ComBlock is either unconnected or has no load
WARNING: [Synth 8-7129] Port reg1_i[26] in module ComBlock is either unconnected or has no load
WARNING: [Synth 8-7129] Port reg1_i[25] in module ComBlock is either unconnected or has no load
WARNING: [Synth 8-7129] Port reg1_i[24] in module ComBlock is either unconnected or has no load
WARNING: [Synth 8-7129] Port reg1_i[23] in module ComBlock is either unconnected or has no load
WARNING: [Synth 8-7129] Port reg1_i[22] in module ComBlock is either unconnected or has no load
WARNING: [Synth 8-7129] Port reg1_i[21] in module ComBlock is either unconnected or has no load
WARNING: [Synth 8-7129] Port reg1_i[20] in module ComBlock is either unconnected or has no load
WARNING: [Synth 8-7129] Port reg1_i[19] in module ComBlock is either unconnected or has no load
WARNING: [Synth 8-7129] Port reg1_i[18] in module ComBlock is either unconnected or has no load
WARNING: [Synth 8-7129] Port reg1_i[17] in module ComBlock is either unconnected or has no load
WARNING: [Synth 8-7129] Port reg1_i[16] in module ComBlock is either unconnected or has no load
WARNING: [Synth 8-7129] Port reg1_i[15] in module ComBlock is either unconnected or has no load
WARNING: [Synth 8-7129] Port reg1_i[14] in module ComBlock is either unconnected or has no load
WARNING: [Synth 8-7129] Port reg1_i[13] in module ComBlock is either unconnected or has no load
WARNING: [Synth 8-7129] Port reg1_i[12] in module ComBlock is either unconnected or has no load
WARNING: [Synth 8-7129] Port reg1_i[11] in module ComBlock is either unconnected or has no load
WARNING: [Synth 8-7129] Port reg1_i[10] in module ComBlock is either unconnected or has no load
WARNING: [Synth 8-7129] Port reg1_i[9] in module ComBlock is either unconnected or has no load
WARNING: [Synth 8-7129] Port reg1_i[8] in module ComBlock is either unconnected or has no load
WARNING: [Synth 8-7129] Port reg1_i[7] in module ComBlock is either unconnected or has no load
WARNING: [Synth 8-7129] Port reg1_i[6] in module ComBlock is either unconnected or has no load
WARNING: [Synth 8-7129] Port reg1_i[5] in module ComBlock is either unconnected or has no load
WARNING: [Synth 8-7129] Port reg1_i[4] in module ComBlock is either unconnected or has no load
WARNING: [Synth 8-7129] Port reg1_i[3] in module ComBlock is either unconnected or has no load
WARNING: [Synth 8-7129] Port reg1_i[2] in module ComBlock is either unconnected or has no load
WARNING: [Synth 8-7129] Port reg1_i[1] in module ComBlock is either unconnected or has no load
WARNING: [Synth 8-7129] Port reg1_i[0] in module ComBlock is either unconnected or has no load
WARNING: [Synth 8-7129] Port reg2_i[31] in module ComBlock is either unconnected or has no load
WARNING: [Synth 8-7129] Port reg2_i[30] in module ComBlock is either unconnected or has no load
WARNING: [Synth 8-7129] Port reg2_i[29] in module ComBlock is either unconnected or has no load
WARNING: [Synth 8-7129] Port reg2_i[28] in module ComBlock is either unconnected or has no load
WARNING: [Synth 8-7129] Port reg2_i[27] in module ComBlock is either unconnected or has no load
WARNING: [Synth 8-7129] Port reg2_i[26] in module ComBlock is either unconnected or has no load
WARNING: [Synth 8-7129] Port reg2_i[25] in module ComBlock is either unconnected or has no load
WARNING: [Synth 8-7129] Port reg2_i[24] in module ComBlock is either unconnected or has no load
WARNING: [Synth 8-7129] Port reg2_i[23] in module ComBlock is either unconnected or has no load
WARNING: [Synth 8-7129] Port reg2_i[22] in module ComBlock is either unconnected or has no load
WARNING: [Synth 8-7129] Port reg2_i[21] in module ComBlock is either unconnected or has no load
WARNING: [Synth 8-7129] Port reg2_i[20] in module ComBlock is either unconnected or has no load
WARNING: [Synth 8-7129] Port reg2_i[19] in module ComBlock is either unconnected or has no load
WARNING: [Synth 8-7129] Port reg2_i[18] in module ComBlock is either unconnected or has no load
WARNING: [Synth 8-7129] Port reg2_i[17] in module ComBlock is either unconnected or has no load
WARNING: [Synth 8-7129] Port reg2_i[16] in module ComBlock is either unconnected or has no load
WARNING: [Synth 8-7129] Port reg2_i[15] in module ComBlock is either unconnected or has no load
WARNING: [Synth 8-7129] Port reg2_i[14] in module ComBlock is either unconnected or has no load
WARNING: [Synth 8-7129] Port reg2_i[13] in module ComBlock is either unconnected or has no load
WARNING: [Synth 8-7129] Port reg2_i[12] in module ComBlock is either unconnected or has no load
WARNING: [Synth 8-7129] Port reg2_i[11] in module ComBlock is either unconnected or has no load
WARNING: [Synth 8-7129] Port reg2_i[10] in module ComBlock is either unconnected or has no load
WARNING: [Synth 8-7129] Port reg2_i[9] in module ComBlock is either unconnected or has no load
WARNING: [Synth 8-7129] Port reg2_i[8] in module ComBlock is either unconnected or has no load
WARNING: [Synth 8-7129] Port reg2_i[7] in module ComBlock is either unconnected or has no load
WARNING: [Synth 8-7129] Port reg2_i[6] in module ComBlock is either unconnected or has no load
WARNING: [Synth 8-7129] Port reg2_i[5] in module ComBlock is either unconnected or has no load
WARNING: [Synth 8-7129] Port reg2_i[4] in module ComBlock is either unconnected or has no load
WARNING: [Synth 8-7129] Port reg2_i[3] in module ComBlock is either unconnected or has no load
WARNING: [Synth 8-7129] Port reg2_i[2] in module ComBlock is either unconnected or has no load
WARNING: [Synth 8-7129] Port reg2_i[1] in module ComBlock is either unconnected or has no load
WARNING: [Synth 8-7129] Port reg2_i[0] in module ComBlock is either unconnected or has no load
WARNING: [Synth 8-7129] Port reg3_i[31] in module ComBlock is either unconnected or has no load
INFO: [Common 17-14] Message 'Synth 8-7129' appears 100 times and further instances of the messages will be disabled. Use the Tcl command set_msg_config to change the current settings.
---------------------------------------------------------------------------------
Finished RTL Elaboration : Time (s): cpu = 00:00:07 ; elapsed = 00:00:07 . Memory (MB): peak = 1405.375 ; gain = 510.855
---------------------------------------------------------------------------------
---------------------------------------------------------------------------------
Start Handling Custom Attributes
---------------------------------------------------------------------------------
---------------------------------------------------------------------------------
Finished Handling Custom Attributes : Time (s): cpu = 00:00:07 ; elapsed = 00:00:07 . Memory (MB): peak = 1405.375 ; gain = 510.855
---------------------------------------------------------------------------------
---------------------------------------------------------------------------------
Finished RTL Optimization Phase 1 : Time (s): cpu = 00:00:07 ; elapsed = 00:00:07 . Memory (MB): peak = 1405.375 ; gain = 510.855
---------------------------------------------------------------------------------
Netlist sorting complete. Time (s): cpu = 00:00:00 ; elapsed = 00:00:00.018 . Memory (MB): peak = 1405.375 ; gain = 0.000
INFO: [Project 1-570] Preparing netlist for logic optimization

Processing XDC Constraints
Initializing timing engine
Completed Processing XDC Constraints

Netlist sorting complete. Time (s): cpu = 00:00:00 ; elapsed = 00:00:00.001 . Memory (MB): peak = 1504.965 ; gain = 0.000
INFO: [Project 1-111] Unisim Transformation Summary:
No Unisim elements were transformed.

Constraint Validation Runtime : Time (s): cpu = 00:00:00 ; elapsed = 00:00:00.037 . Memory (MB): peak = 1505.016 ; gain = 0.051
INFO: [Designutils 20-5008] Incremental synthesis strategy off
---------------------------------------------------------------------------------
Finished Constraint Validation : Time (s): cpu = 00:00:13 ; elapsed = 00:00:14 . Memory (MB): peak = 1505.016 ; gain = 610.496
---------------------------------------------------------------------------------
---------------------------------------------------------------------------------
Start Loading Part and Timing Information
---------------------------------------------------------------------------------
Loading part: xc7z020clg484-1
---------------------------------------------------------------------------------
Finished Loading Part and Timing Information : Time (s): cpu = 00:00:13 ; elapsed = 00:00:14 . Memory (MB): peak = 1505.016 ; gain = 610.496
---------------------------------------------------------------------------------
---------------------------------------------------------------------------------
Start Applying 'set_property' XDC Constraints
---------------------------------------------------------------------------------
---------------------------------------------------------------------------------
Finished applying 'set_property' XDC Constraints : Time (s): cpu = 00:00:13 ; elapsed = 00:00:14 . Memory (MB): peak = 1505.016 ; gain = 610.496
---------------------------------------------------------------------------------
INFO: [Synth 8-3971] The signal "tdpram:/ram_reg" was recognized as a true dual port RAM template.
---------------------------------------------------------------------------------
Finished RTL Optimization Phase 2 : Time (s): cpu = 00:00:13 ; elapsed = 00:00:14 . Memory (MB): peak = 1505.016 ; gain = 610.496
---------------------------------------------------------------------------------
---------------------------------------------------------------------------------
Start RTL Component Statistics 
---------------------------------------------------------------------------------
Detailed RTL Component Info : 
+---Adders : 
	   2 Input   16 Bit       Adders := 2     
	   2 Input   11 Bit       Adders := 2     
	   3 Input   11 Bit       Adders := 2     
	   2 Input    8 Bit       Adders := 2     
+---XORs : 
	   2 Input     11 Bit         XORs := 2     
	   2 Input      1 Bit         XORs := 20    
+---Registers : 
	               32 Bit    Registers := 3     
	               24 Bit    Registers := 2     
	               18 Bit    Registers := 2     
	               11 Bit    Registers := 6     
	                8 Bit    Registers := 6     
	                2 Bit    Registers := 6     
	                1 Bit    Registers := 21    
+---RAMs : 
	              24K Bit	(1024 X 24 bit)          RAMs := 1     
+---Muxes : 
	   2 Input   32 Bit        Muxes := 5     
	   7 Input   32 Bit        Muxes := 1     
	   2 Input   18 Bit        Muxes := 3     
	   2 Input   11 Bit        Muxes := 4     
	   3 Input   11 Bit        Muxes := 4     
	   2 Input    1 Bit        Muxes := 23    
	   4 Input    1 Bit        Muxes := 2     
	   3 Input    1 Bit        Muxes := 2     
---------------------------------------------------------------------------------
Finished RTL Component Statistics 
---------------------------------------------------------------------------------
---------------------------------------------------------------------------------
Start Part Resource Summary
---------------------------------------------------------------------------------
Part Resources:
DSPs: 220 (col length:60)
BRAMs: 280 (col length: RAMB18 60 RAMB36 30)
---------------------------------------------------------------------------------
Finished Part Resource Summary
---------------------------------------------------------------------------------
---------------------------------------------------------------------------------
Start Cross Boundary and Area Optimization
---------------------------------------------------------------------------------
WARNING: [Synth 8-7080] Parallel synthesis criteria is not met
---------------------------------------------------------------------------------
Finished Cross Boundary and Area Optimization : Time (s): cpu = 00:00:15 ; elapsed = 00:00:16 . Memory (MB): peak = 1505.016 ; gain = 610.496
---------------------------------------------------------------------------------
---------------------------------------------------------------------------------
Start ROM, RAM, DSP, Shift Register and Retiming Reporting
---------------------------------------------------------------------------------

Block RAM: Preliminary Mapping Report (see note below)
+----------------------------+------------------------------------------------------+------------------------+---+---+------------------------+---+---+------------------+--------+--------+
|Module Name                 | RTL Object                                           | PORT A (Depth x Width) | W | R | PORT B (Depth x Width) | W | R | Ports driving FF | RAMB18 | RAMB36 | 
+----------------------------+------------------------------------------------------+------------------------+---+---+------------------------+---+---+------------------+--------+--------+
|comblock_setup_comblock_0_0 | U0/comblock_i/fifo_out_g.fifo_out_i/i_memory/ram_reg | 1 K x 24(NO_CHANGE)    | W |   | 1 K x 24(WRITE_FIRST)  |   | R | Port A and B     | 0      | 1      | 
+----------------------------+------------------------------------------------------+------------------------+---+---+------------------------+---+---+------------------+--------+--------+

Note: The table above is a preliminary report that shows the Block RAMs at the current stage of the synthesis flow. Some Block RAMs may be reimplemented as non Block RAM primitives later in the synthesis flow. Multiple instantiated Block RAMs are reported only once. 
---------------------------------------------------------------------------------
Finished ROM, RAM, DSP, Shift Register and Retiming Reporting
---------------------------------------------------------------------------------
---------------------------------------------------------------------------------
Start Applying XDC Timing Constraints
---------------------------------------------------------------------------------
---------------------------------------------------------------------------------
Finished Applying XDC Timing Constraints : Time (s): cpu = 00:00:20 ; elapsed = 00:00:21 . Memory (MB): peak = 1505.016 ; gain = 610.496
---------------------------------------------------------------------------------
---------------------------------------------------------------------------------
Start Timing Optimization
---------------------------------------------------------------------------------
---------------------------------------------------------------------------------
Finished Timing Optimization : Time (s): cpu = 00:00:20 ; elapsed = 00:00:21 . Memory (MB): peak = 1505.016 ; gain = 610.496
---------------------------------------------------------------------------------
---------------------------------------------------------------------------------
Start ROM, RAM, DSP, Shift Register and Retiming Reporting
---------------------------------------------------------------------------------

Block RAM: Final Mapping Report
+----------------------------+------------------------------------------------------+------------------------+---+---+------------------------+---+---+------------------+--------+--------+
|Module Name                 | RTL Object                                           | PORT A (Depth x Width) | W | R | PORT B (Depth x Width) | W | R | Ports driving FF | RAMB18 | RAMB36 | 
+----------------------------+------------------------------------------------------+------------------------+---+---+------------------------+---+---+------------------+--------+--------+
|comblock_setup_comblock_0_0 | U0/comblock_i/fifo_out_g.fifo_out_i/i_memory/ram_reg | 1 K x 24(NO_CHANGE)    | W |   | 1 K x 24(WRITE_FIRST)  |   | R | Port A and B     | 0      | 1      | 
+----------------------------+------------------------------------------------------+------------------------+---+---+------------------------+---+---+------------------+--------+--------+

---------------------------------------------------------------------------------
Finished ROM, RAM, DSP, Shift Register and Retiming Reporting
---------------------------------------------------------------------------------
---------------------------------------------------------------------------------
Start Technology Mapping
---------------------------------------------------------------------------------
INFO: [Synth 8-7052] The timing for the instance U0/comblock_i/fifo_out_g.fifo_out_i/i_memory/ram_reg (implemented as a Block RAM) might be sub-optimal as no optional output register could be merged into the ram block. Providing additional output register may help in improving timing.
---------------------------------------------------------------------------------
Finished Technology Mapping : Time (s): cpu = 00:00:20 ; elapsed = 00:00:21 . Memory (MB): peak = 1505.016 ; gain = 610.496
---------------------------------------------------------------------------------
---------------------------------------------------------------------------------
Start IO Insertion
---------------------------------------------------------------------------------
---------------------------------------------------------------------------------
Start Flattening Before IO Insertion
---------------------------------------------------------------------------------
---------------------------------------------------------------------------------
Finished Flattening Before IO Insertion
---------------------------------------------------------------------------------
---------------------------------------------------------------------------------
Start Final Netlist Cleanup
---------------------------------------------------------------------------------
---------------------------------------------------------------------------------
Finished Final Netlist Cleanup
---------------------------------------------------------------------------------
---------------------------------------------------------------------------------
Finished IO Insertion : Time (s): cpu = 00:00:23 ; elapsed = 00:00:24 . Memory (MB): peak = 1505.016 ; gain = 610.496
---------------------------------------------------------------------------------
---------------------------------------------------------------------------------
Start Renaming Generated Instances
---------------------------------------------------------------------------------
---------------------------------------------------------------------------------
Finished Renaming Generated Instances : Time (s): cpu = 00:00:23 ; elapsed = 00:00:24 . Memory (MB): peak = 1505.016 ; gain = 610.496
---------------------------------------------------------------------------------
---------------------------------------------------------------------------------
Start Rebuilding User Hierarchy
---------------------------------------------------------------------------------
---------------------------------------------------------------------------------
Finished Rebuilding User Hierarchy : Time (s): cpu = 00:00:23 ; elapsed = 00:00:24 . Memory (MB): peak = 1505.016 ; gain = 610.496
---------------------------------------------------------------------------------
---------------------------------------------------------------------------------
Start Renaming Generated Ports
---------------------------------------------------------------------------------
---------------------------------------------------------------------------------
Finished Renaming Generated Ports : Time (s): cpu = 00:00:23 ; elapsed = 00:00:24 . Memory (MB): peak = 1505.016 ; gain = 610.496
---------------------------------------------------------------------------------
---------------------------------------------------------------------------------
Start Handling Custom Attributes
---------------------------------------------------------------------------------
---------------------------------------------------------------------------------
Finished Handling Custom Attributes : Time (s): cpu = 00:00:23 ; elapsed = 00:00:24 . Memory (MB): peak = 1505.016 ; gain = 610.496
---------------------------------------------------------------------------------
---------------------------------------------------------------------------------
Start Renaming Generated Nets
---------------------------------------------------------------------------------
---------------------------------------------------------------------------------
Finished Renaming Generated Nets : Time (s): cpu = 00:00:23 ; elapsed = 00:00:24 . Memory (MB): peak = 1505.016 ; gain = 610.496
---------------------------------------------------------------------------------
---------------------------------------------------------------------------------
Start Writing Synthesis Report
---------------------------------------------------------------------------------

Report BlackBoxes: 
+-+--------------+----------+
| |BlackBox name |Instances |
+-+--------------+----------+
+-+--------------+----------+

Report Cell Usage: 
+------+---------+------+
|      |Cell     |Count |
+------+---------+------+
|1     |CARRY4   |    18|
|2     |LUT1     |     2|
|3     |LUT2     |    30|
|4     |LUT3     |    16|
|5     |LUT4     |    44|
|6     |LUT5     |    38|
|7     |LUT6     |    39|
|8     |RAMB36E1 |     1|
|9     |FDRE     |   146|
|10    |FDSE     |     8|
+------+---------+------+
---------------------------------------------------------------------------------
Finished Writing Synthesis Report : Time (s): cpu = 00:00:23 ; elapsed = 00:00:24 . Memory (MB): peak = 1505.016 ; gain = 610.496
---------------------------------------------------------------------------------
Synthesis finished with 0 errors, 0 critical warnings and 11 warnings.
Synthesis Optimization Runtime : Time (s): cpu = 00:00:15 ; elapsed = 00:00:23 . Memory (MB): peak = 1505.016 ; gain = 510.855
Synthesis Optimization Complete : Time (s): cpu = 00:00:23 ; elapsed = 00:00:25 . Memory (MB): peak = 1505.016 ; gain = 610.496
INFO: [Project 1-571] Translating synthesized netlist
Netlist sorting complete. Time (s): cpu = 00:00:00 ; elapsed = 00:00:00.007 . Memory (MB): peak = 1505.016 ; gain = 0.000
INFO: [Netlist 29-17] Analyzing 19 Unisim elements for replacement
INFO: [Netlist 29-28] Unisim Transformation completed in 0 CPU seconds
INFO: [Project 1-570] Preparing netlist for logic optimization
INFO: [Opt 31-138] Pushed 0 inverter(s) to 0 load pin(s).
Netlist sorting complete. Time (s): cpu = 00:00:00 ; elapsed = 00:00:00 . Memory (MB): peak = 1505.016 ; gain = 0.000
INFO: [Project 1-111] Unisim Transformation Summary:
No Unisim elements were transformed.

Synth Design complete | Checksum: 2c4b205b
INFO: [Common 17-83] Releasing license: Synthesis
40 Infos, 109 Warnings, 0 Critical Warnings and 0 Errors encountered.
synth_design completed successfully
INFO: [Common 17-600] The following parameters have non-default value.
tcl.statsThreshold
INFO: [Common 17-1381] The checkpoint 'C:/Users/gm/Vivado Projects/complete_det_new_comblock_psclock_ila/complete_det_new_comblock_psclock_ila.runs/comblock_setup_comblock_0_0_synth_1/comblock_setup_comblock_0_0.dcp' has been generated.
INFO: [Coretcl 2-1648] Added synthesis output to IP cache for IP comblock_setup_comblock_0_0, cache-ID = cbd03f99fb2a411a
INFO: [Coretcl 2-1174] Renamed 7 cell refs.
INFO: [Common 17-1381] The checkpoint 'C:/Users/gm/Vivado Projects/complete_det_new_comblock_psclock_ila/complete_det_new_comblock_psclock_ila.runs/comblock_setup_comblock_0_0_synth_1/comblock_setup_comblock_0_0.dcp' has been generated.
INFO: [runtcl-4] Executing : report_utilization -file comblock_setup_comblock_0_0_utilization_synth.rpt -pb comblock_setup_comblock_0_0_utilization_synth.pb
INFO: [Common 17-206] Exiting Vivado at Fri Jul 24 14:18:41 2026...

*** Running vivado
    with args -log comblock_setup_comblock_0_0.vds -m64 -product Vivado -mode batch -messageDb vivado.pb -notrace -source comblock_setup_comblock_0_0.tcl


ECHO is off.
ECHO is off.

****** Vivado v2023.1 (64-bit)
  **** SW Build 3865809 on Sun May  7 15:05:29 MDT 2023
  **** IP Build 3864474 on Sun May  7 20:36:21 MDT 2023
  **** SharedData Build 3865790 on Sun May 07 13:33:03 MDT 2023
    ** Copyright 1986-2022 Xilinx, Inc. All Rights Reserved.
    ** Copyright 2022-2023 Advanced Micro Devices, Inc. All Rights Reserved.

source comblock_setup_comblock_0_0.tcl -notrace
INFO: [IP_Flow 19-234] Refreshing IP repositories
INFO: [IP_Flow 19-1700] Loaded user IP repository 'd:/Desktop PRE-FORMAT 25/CR_CYCLO/Verilog/ComBlock/core-comblock-master'.
INFO: [IP_Flow 19-2313] Loaded Vivado IP repository 'C:/Xilinx/Vivado/2023.1/data/ip'.
WARNING: [IP_Flow 19-4995] The host OS only allows 260 characters in a normal path. The IP cache path is more than 80 characters. If you experience issues with IP caching, please consider changing the IP cache to a location with a shorter path. Alternately consider using the OS subst command to map part of the path to a drive letter. 
Current IP cache path is c:/Users/gm/Vivado Projects/complete_det_final_ver/complete_det_final_ver.cache/ip 
INFO: [IP_Flow 19-6924] IPCACHE: Running cache check for IP inst: comblock_setup_comblock_0_0
Command: synth_design -top comblock_setup_comblock_0_0 -part xc7z020clg484-1 -incremental_mode off -mode out_of_context
Starting synth_design
Attempting to get a license for feature 'Synthesis' and/or device 'xc7z020'
INFO: [Common 17-349] Got license for feature 'Synthesis' and/or device 'xc7z020'
INFO: [Device 21-403] Loading part xc7z020clg484-1
INFO: [Synth 8-7079] Multithreading enabled for synth_design using a maximum of 2 processes.
INFO: [Synth 8-7078] Launching helper process for spawning children vivado processes
INFO: [Synth 8-7075] Helper process launched with PID 18064
---------------------------------------------------------------------------------
Starting RTL Elaboration : Time (s): cpu = 00:00:05 ; elapsed = 00:00:06 . Memory (MB): peak = 1303.551 ; gain = 410.766
---------------------------------------------------------------------------------
INFO: [Synth 8-638] synthesizing module 'comblock_setup_comblock_0_0' [c:/Users/gm/Vivado Projects/complete_det_final_ver/complete_det_final_ver.gen/sources_1/bd/comblock_setup/ip/comblock_setup_comblock_0_0/synth/comblock_setup_comblock_0_0.vhd:92]
	Parameter REGS_IN_ENA bound to: 1 - type: bool 
	Parameter REGS_IN_DWIDTH bound to: 32 - type: integer 
	Parameter REGS_IN_DEPTH bound to: 1 - type: integer 
	Parameter REGS_OUT_ENA bound to: 1 - type: bool 
	Parameter REGS_OUT_DWIDTH bound to: 32 - type: integer 
	Parameter REGS_OUT_DEPTH bound to: 1 - type: integer 
	Parameter DRAM_IO_ENA bound to: 0 - type: bool 
	Parameter DRAM_IO_DWIDTH bound to: 16 - type: integer 
	Parameter DRAM_IO_AWIDTH bound to: 16 - type: integer 
	Parameter DRAM_IO_DEPTH bound to: 0 - type: integer 
	Parameter FIFO_IN_ENA bound to: 0 - type: bool 
	Parameter FIFO_IN_DWIDTH bound to: 16 - type: integer 
	Parameter FIFO_IN_DEPTH bound to: 1024 - type: integer 
	Parameter FIFO_IN_AFOFFSET bound to: 1 - type: integer 
	Parameter FIFO_IN_AEOFFSET bound to: 1 - type: integer 
	Parameter FIFO_OUT_ENA bound to: 1 - type: bool 
	Parameter FIFO_OUT_DWIDTH bound to: 24 - type: integer 
	Parameter FIFO_OUT_DEPTH bound to: 1024 - type: integer 
	Parameter FIFO_OUT_AFOFFSET bound to: 1 - type: integer 
	Parameter FIFO_OUT_AEOFFSET bound to: 1 - type: integer 
	Parameter C_AXIF_ID_WIDTH bound to: 1 - type: integer 
	Parameter C_AXIF_AWUSER_WIDTH bound to: 1 - type: integer 
	Parameter C_AXIF_ARUSER_WIDTH bound to: 1 - type: integer 
	Parameter C_AXIF_WUSER_WIDTH bound to: 1 - type: integer 
	Parameter C_AXIF_RUSER_WIDTH bound to: 1 - type: integer 
	Parameter C_AXIF_BUSER_WIDTH bound to: 1 - type: integer 
INFO: [Synth 8-3491] module 'axi_comblock' declared at 'c:/Users/gm/Vivado Projects/complete_det_final_ver/complete_det_final_ver.gen/sources_1/bd/comblock_setup/ipshared/2cb9/hdl/axi_comblock.vhdl:17' bound to instance 'U0' of component 'axi_comblock' [c:/Users/gm/Vivado Projects/complete_det_final_ver/complete_det_final_ver.gen/sources_1/bd/comblock_setup/ip/comblock_setup_comblock_0_0/synth/comblock_setup_comblock_0_0.vhd:290]
INFO: [Synth 8-638] synthesizing module 'axi_comblock' [c:/Users/gm/Vivado Projects/complete_det_final_ver/complete_det_final_ver.gen/sources_1/bd/comblock_setup/ipshared/2cb9/hdl/axi_comblock.vhdl:186]
INFO: [Synth 8-638] synthesizing module 'AXIL' [c:/Users/gm/Vivado Projects/complete_det_final_ver/complete_det_final_ver.gen/sources_1/bd/comblock_setup/ipshared/2cb9/hdl/axil.vhdl:91]
INFO: [Synth 8-256] done synthesizing module 'AXIL' (0#1) [c:/Users/gm/Vivado Projects/complete_det_final_ver/complete_det_final_ver.gen/sources_1/bd/comblock_setup/ipshared/2cb9/hdl/axil.vhdl:91]
INFO: [Synth 8-638] synthesizing module 'AXIF' [c:/Users/gm/Vivado Projects/complete_det_final_ver/complete_det_final_ver.gen/sources_1/bd/comblock_setup/ipshared/2cb9/hdl/axif.vhdl:173]
INFO: [Synth 8-256] done synthesizing module 'AXIF' (0#1) [c:/Users/gm/Vivado Projects/complete_det_final_ver/complete_det_final_ver.gen/sources_1/bd/comblock_setup/ipshared/2cb9/hdl/axif.vhdl:173]
INFO: [Synth 8-638] synthesizing module 'ComBlock' [c:/Users/gm/Vivado Projects/complete_det_final_ver/complete_det_final_ver.gen/sources_1/bd/comblock_setup/ipshared/2cb9/hdl/comblock.vhdl:125]
INFO: [Synth 8-638] synthesizing module 'FIFO' [c:/Users/gm/Vivado Projects/complete_det_final_ver/complete_det_final_ver.gen/sources_1/bd/comblock_setup/ipshared/2cb9/hdl/fifo.vhdl:58]
INFO: [Synth 8-638] synthesizing module 'tdpram' [c:/Users/gm/Vivado Projects/complete_det_final_ver/complete_det_final_ver.gen/sources_1/bd/comblock_setup/ipshared/2cb9/hdl/tdpram.vhdl:37]
INFO: [Synth 8-256] done synthesizing module 'tdpram' (0#1) [c:/Users/gm/Vivado Projects/complete_det_final_ver/complete_det_final_ver.gen/sources_1/bd/comblock_setup/ipshared/2cb9/hdl/tdpram.vhdl:37]
INFO: [Synth 8-638] synthesizing module 'GraySync' [c:/Users/gm/Vivado Projects/complete_det_final_ver/complete_det_final_ver.gen/sources_1/bd/comblock_setup/ipshared/2cb9/hdl/graysync.vhdl:29]
INFO: [Synth 8-256] done synthesizing module 'GraySync' (0#1) [c:/Users/gm/Vivado Projects/complete_det_final_ver/complete_det_final_ver.gen/sources_1/bd/comblock_setup/ipshared/2cb9/hdl/graysync.vhdl:29]
INFO: [Synth 8-226] default block is never used [c:/Users/gm/Vivado Projects/complete_det_final_ver/complete_det_final_ver.gen/sources_1/bd/comblock_setup/ipshared/2cb9/hdl/fifo.vhdl:120]
INFO: [Synth 8-256] done synthesizing module 'FIFO' (0#1) [c:/Users/gm/Vivado Projects/complete_det_final_ver/complete_det_final_ver.gen/sources_1/bd/comblock_setup/ipshared/2cb9/hdl/fifo.vhdl:58]
INFO: [Synth 8-256] done synthesizing module 'ComBlock' (0#1) [c:/Users/gm/Vivado Projects/complete_det_final_ver/complete_det_final_ver.gen/sources_1/bd/comblock_setup/ipshared/2cb9/hdl/comblock.vhdl:125]
INFO: [Synth 8-256] done synthesizing module 'axi_comblock' (0#1) [c:/Users/gm/Vivado Projects/complete_det_final_ver/complete_det_final_ver.gen/sources_1/bd/comblock_setup/ipshared/2cb9/hdl/axi_comblock.vhdl:186]
INFO: [Synth 8-256] done synthesizing module 'comblock_setup_comblock_0_0' (0#1) [c:/Users/gm/Vivado Projects/complete_det_final_ver/complete_det_final_ver.gen/sources_1/bd/comblock_setup/ip/comblock_setup_comblock_0_0/synth/comblock_setup_comblock_0_0.vhd:92]
WARNING: [Synth 8-6014] Unused sequential element fifo_in_clear_reg was removed.  [c:/Users/gm/Vivado Projects/complete_det_final_ver/complete_det_final_ver.gen/sources_1/bd/comblock_setup/ipshared/2cb9/hdl/comblock.vhdl:361]
WARNING: [Synth 8-6014] Unused sequential element fifo_in_under_r_reg was removed.  [c:/Users/gm/Vivado Projects/complete_det_final_ver/complete_det_final_ver.gen/sources_1/bd/comblock_setup/ipshared/2cb9/hdl/comblock.vhdl:379]
WARNING: [Synth 8-3848] Net ram_data_o in module/entity ComBlock does not have driver. [c:/Users/gm/Vivado Projects/complete_det_final_ver/complete_det_final_ver.gen/sources_1/bd/comblock_setup/ipshared/2cb9/hdl/comblock.vhdl:87]
WARNING: [Synth 8-3848] Net fifo_in_full_o in module/entity ComBlock does not have driver. [c:/Users/gm/Vivado Projects/complete_det_final_ver/complete_det_final_ver.gen/sources_1/bd/comblock_setup/ipshared/2cb9/hdl/comblock.vhdl:93]
WARNING: [Synth 8-3848] Net fifo_in_afull_o in module/entity ComBlock does not have driver. [c:/Users/gm/Vivado Projects/complete_det_final_ver/complete_det_final_ver.gen/sources_1/bd/comblock_setup/ipshared/2cb9/hdl/comblock.vhdl:94]
WARNING: [Synth 8-3848] Net fifo_in_overflow_o in module/entity ComBlock does not have driver. [c:/Users/gm/Vivado Projects/complete_det_final_ver/complete_det_final_ver.gen/sources_1/bd/comblock_setup/ipshared/2cb9/hdl/comblock.vhdl:95]
WARNING: [Synth 8-3848] Net mem_data_o in module/entity ComBlock does not have driver. [c:/Users/gm/Vivado Projects/complete_det_final_ver/complete_det_final_ver.gen/sources_1/bd/comblock_setup/ipshared/2cb9/hdl/comblock.vhdl:121]
WARNING: [Synth 8-7129] Port ram_data_o[15] in module ComBlock is either unconnected or has no load
WARNING: [Synth 8-7129] Port ram_data_o[14] in module ComBlock is either unconnected or has no load
WARNING: [Synth 8-7129] Port ram_data_o[13] in module ComBlock is either unconnected or has no load
WARNING: [Synth 8-7129] Port ram_data_o[12] in module ComBlock is either unconnected or has no load
WARNING: [Synth 8-7129] Port ram_data_o[11] in module ComBlock is either unconnected or has no load
WARNING: [Synth 8-7129] Port ram_data_o[10] in module ComBlock is either unconnected or has no load
WARNING: [Synth 8-7129] Port ram_data_o[9] in module ComBlock is either unconnected or has no load
WARNING: [Synth 8-7129] Port ram_data_o[8] in module ComBlock is either unconnected or has no load
WARNING: [Synth 8-7129] Port ram_data_o[7] in module ComBlock is either unconnected or has no load
WARNING: [Synth 8-7129] Port ram_data_o[6] in module ComBlock is either unconnected or has no load
WARNING: [Synth 8-7129] Port ram_data_o[5] in module ComBlock is either unconnected or has no load
WARNING: [Synth 8-7129] Port ram_data_o[4] in module ComBlock is either unconnected or has no load
WARNING: [Synth 8-7129] Port ram_data_o[3] in module ComBlock is either unconnected or has no load
WARNING: [Synth 8-7129] Port ram_data_o[2] in module ComBlock is either unconnected or has no load
WARNING: [Synth 8-7129] Port ram_data_o[1] in module ComBlock is either unconnected or has no load
WARNING: [Synth 8-7129] Port ram_data_o[0] in module ComBlock is either unconnected or has no load
WARNING: [Synth 8-7129] Port fifo_in_full_o in module ComBlock is either unconnected or has no load
WARNING: [Synth 8-7129] Port fifo_in_afull_o in module ComBlock is either unconnected or has no load
WARNING: [Synth 8-7129] Port fifo_in_overflow_o in module ComBlock is either unconnected or has no load
WARNING: [Synth 8-7129] Port mem_data_o[15] in module ComBlock is either unconnected or has no load
WARNING: [Synth 8-7129] Port mem_data_o[14] in module ComBlock is either unconnected or has no load
WARNING: [Synth 8-7129] Port mem_data_o[13] in module ComBlock is either unconnected or has no load
WARNING: [Synth 8-7129] Port mem_data_o[12] in module ComBlock is either unconnected or has no load
WARNING: [Synth 8-7129] Port mem_data_o[11] in module ComBlock is either unconnected or has no load
WARNING: [Synth 8-7129] Port mem_data_o[10] in module ComBlock is either unconnected or has no load
WARNING: [Synth 8-7129] Port mem_data_o[9] in module ComBlock is either unconnected or has no load
WARNING: [Synth 8-7129] Port mem_data_o[8] in module ComBlock is either unconnected or has no load
WARNING: [Synth 8-7129] Port mem_data_o[7] in module ComBlock is either unconnected or has no load
WARNING: [Synth 8-7129] Port mem_data_o[6] in module ComBlock is either unconnected or has no load
WARNING: [Synth 8-7129] Port mem_data_o[5] in module ComBlock is either unconnected or has no load
WARNING: [Synth 8-7129] Port mem_data_o[4] in module ComBlock is either unconnected or has no load
WARNING: [Synth 8-7129] Port mem_data_o[3] in module ComBlock is either unconnected or has no load
WARNING: [Synth 8-7129] Port mem_data_o[2] in module ComBlock is either unconnected or has no load
WARNING: [Synth 8-7129] Port mem_data_o[1] in module ComBlock is either unconnected or has no load
WARNING: [Synth 8-7129] Port mem_data_o[0] in module ComBlock is either unconnected or has no load
WARNING: [Synth 8-7129] Port reg1_i[31] in module ComBlock is either unconnected or has no load
WARNING: [Synth 8-7129] Port reg1_i[30] in module ComBlock is either unconnected or has no load
WARNING: [Synth 8-7129] Port reg1_i[29] in module ComBlock is either unconnected or has no load
WARNING: [Synth 8-7129] Port reg1_i[28] in module ComBlock is either unconnected or has no load
WARNING: [Synth 8-7129] Port reg1_i[27] in module ComBlock is either unconnected or has no load
WARNING: [Synth 8-7129] Port reg1_i[26] in module ComBlock is either unconnected or has no load
WARNING: [Synth 8-7129] Port reg1_i[25] in module ComBlock is either unconnected or has no load
WARNING: [Synth 8-7129] Port reg1_i[24] in module ComBlock is either unconnected or has no load
WARNING: [Synth 8-7129] Port reg1_i[23] in module ComBlock is either unconnected or has no load
WARNING: [Synth 8-7129] Port reg1_i[22] in module ComBlock is either unconnected or has no load
WARNING: [Synth 8-7129] Port reg1_i[21] in module ComBlock is either unconnected or has no load
WARNING: [Synth 8-7129] Port reg1_i[20] in module ComBlock is either unconnected or has no load
WARNING: [Synth 8-7129] Port reg1_i[19] in module ComBlock is either unconnected or has no load
WARNING: [Synth 8-7129] Port reg1_i[18] in module ComBlock is either unconnected or has no load
WARNING: [Synth 8-7129] Port reg1_i[17] in module ComBlock is either unconnected or has no load
WARNING: [Synth 8-7129] Port reg1_i[16] in module ComBlock is either unconnected or has no load
WARNING: [Synth 8-7129] Port reg1_i[15] in module ComBlock is either unconnected or has no load
WARNING: [Synth 8-7129] Port reg1_i[14] in module ComBlock is either unconnected or has no load
WARNING: [Synth 8-7129] Port reg1_i[13] in module ComBlock is either unconnected or has no load
WARNING: [Synth 8-7129] Port reg1_i[12] in module ComBlock is either unconnected or has no load
WARNING: [Synth 8-7129] Port reg1_i[11] in module ComBlock is either unconnected or has no load
WARNING: [Synth 8-7129] Port reg1_i[10] in module ComBlock is either unconnected or has no load
WARNING: [Synth 8-7129] Port reg1_i[9] in module ComBlock is either unconnected or has no load
WARNING: [Synth 8-7129] Port reg1_i[8] in module ComBlock is either unconnected or has no load
WARNING: [Synth 8-7129] Port reg1_i[7] in module ComBlock is either unconnected or has no load
WARNING: [Synth 8-7129] Port reg1_i[6] in module ComBlock is either unconnected or has no load
WARNING: [Synth 8-7129] Port reg1_i[5] in module ComBlock is either unconnected or has no load
WARNING: [Synth 8-7129] Port reg1_i[4] in module ComBlock is either unconnected or has no load
WARNING: [Synth 8-7129] Port reg1_i[3] in module ComBlock is either unconnected or has no load
WARNING: [Synth 8-7129] Port reg1_i[2] in module ComBlock is either unconnected or has no load
WARNING: [Synth 8-7129] Port reg1_i[1] in module ComBlock is either unconnected or has no load
WARNING: [Synth 8-7129] Port reg1_i[0] in module ComBlock is either unconnected or has no load
WARNING: [Synth 8-7129] Port reg2_i[31] in module ComBlock is either unconnected or has no load
WARNING: [Synth 8-7129] Port reg2_i[30] in module ComBlock is either unconnected or has no load
WARNING: [Synth 8-7129] Port reg2_i[29] in module ComBlock is either unconnected or has no load
WARNING: [Synth 8-7129] Port reg2_i[28] in module ComBlock is either unconnected or has no load
WARNING: [Synth 8-7129] Port reg2_i[27] in module ComBlock is either unconnected or has no load
WARNING: [Synth 8-7129] Port reg2_i[26] in module ComBlock is either unconnected or has no load
WARNING: [Synth 8-7129] Port reg2_i[25] in module ComBlock is either unconnected or has no load
WARNING: [Synth 8-7129] Port reg2_i[24] in module ComBlock is either unconnected or has no load
WARNING: [Synth 8-7129] Port reg2_i[23] in module ComBlock is either unconnected or has no load
WARNING: [Synth 8-7129] Port reg2_i[22] in module ComBlock is either unconnected or has no load
WARNING: [Synth 8-7129] Port reg2_i[21] in module ComBlock is either unconnected or has no load
WARNING: [Synth 8-7129] Port reg2_i[20] in module ComBlock is either unconnected or has no load
WARNING: [Synth 8-7129] Port reg2_i[19] in module ComBlock is either unconnected or has no load
WARNING: [Synth 8-7129] Port reg2_i[18] in module ComBlock is either unconnected or has no load
WARNING: [Synth 8-7129] Port reg2_i[17] in module ComBlock is either unconnected or has no load
WARNING: [Synth 8-7129] Port reg2_i[16] in module ComBlock is either unconnected or has no load
WARNING: [Synth 8-7129] Port reg2_i[15] in module ComBlock is either unconnected or has no load
WARNING: [Synth 8-7129] Port reg2_i[14] in module ComBlock is either unconnected or has no load
WARNING: [Synth 8-7129] Port reg2_i[13] in module ComBlock is either unconnected or has no load
WARNING: [Synth 8-7129] Port reg2_i[12] in module ComBlock is either unconnected or has no load
WARNING: [Synth 8-7129] Port reg2_i[11] in module ComBlock is either unconnected or has no load
WARNING: [Synth 8-7129] Port reg2_i[10] in module ComBlock is either unconnected or has no load
WARNING: [Synth 8-7129] Port reg2_i[9] in module ComBlock is either unconnected or has no load
WARNING: [Synth 8-7129] Port reg2_i[8] in module ComBlock is either unconnected or has no load
WARNING: [Synth 8-7129] Port reg2_i[7] in module ComBlock is either unconnected or has no load
WARNING: [Synth 8-7129] Port reg2_i[6] in module ComBlock is either unconnected or has no load
WARNING: [Synth 8-7129] Port reg2_i[5] in module ComBlock is either unconnected or has no load
WARNING: [Synth 8-7129] Port reg2_i[4] in module ComBlock is either unconnected or has no load
WARNING: [Synth 8-7129] Port reg2_i[3] in module ComBlock is either unconnected or has no load
WARNING: [Synth 8-7129] Port reg2_i[2] in module ComBlock is either unconnected or has no load
WARNING: [Synth 8-7129] Port reg2_i[1] in module ComBlock is either unconnected or has no load
WARNING: [Synth 8-7129] Port reg2_i[0] in module ComBlock is either unconnected or has no load
WARNING: [Synth 8-7129] Port reg3_i[31] in module ComBlock is either unconnected or has no load
INFO: [Common 17-14] Message 'Synth 8-7129' appears 100 times and further instances of the messages will be disabled. Use the Tcl command set_msg_config to change the current settings.
---------------------------------------------------------------------------------
Finished RTL Elaboration : Time (s): cpu = 00:00:07 ; elapsed = 00:00:08 . Memory (MB): peak = 1403.648 ; gain = 510.863
---------------------------------------------------------------------------------
---------------------------------------------------------------------------------
Start Handling Custom Attributes
---------------------------------------------------------------------------------
---------------------------------------------------------------------------------
Finished Handling Custom Attributes : Time (s): cpu = 00:00:07 ; elapsed = 00:00:08 . Memory (MB): peak = 1403.648 ; gain = 510.863
---------------------------------------------------------------------------------
---------------------------------------------------------------------------------
Finished RTL Optimization Phase 1 : Time (s): cpu = 00:00:07 ; elapsed = 00:00:08 . Memory (MB): peak = 1403.648 ; gain = 510.863
---------------------------------------------------------------------------------
Netlist sorting complete. Time (s): cpu = 00:00:00 ; elapsed = 00:00:00.015 . Memory (MB): peak = 1403.648 ; gain = 0.000
INFO: [Project 1-570] Preparing netlist for logic optimization

Processing XDC Constraints
Initializing timing engine
Completed Processing XDC Constraints

Netlist sorting complete. Time (s): cpu = 00:00:00 ; elapsed = 00:00:00 . Memory (MB): peak = 1459.027 ; gain = 0.000
INFO: [Project 1-111] Unisim Transformation Summary:
No Unisim elements were transformed.

Constraint Validation Runtime : Time (s): cpu = 00:00:00 ; elapsed = 00:00:00.059 . Memory (MB): peak = 1459.461 ; gain = 0.434
INFO: [Designutils 20-5008] Incremental synthesis strategy off
---------------------------------------------------------------------------------
Finished Constraint Validation : Time (s): cpu = 00:00:13 ; elapsed = 00:00:15 . Memory (MB): peak = 1459.461 ; gain = 566.676
---------------------------------------------------------------------------------
---------------------------------------------------------------------------------
Start Loading Part and Timing Information
---------------------------------------------------------------------------------
Loading part: xc7z020clg484-1
---------------------------------------------------------------------------------
Finished Loading Part and Timing Information : Time (s): cpu = 00:00:13 ; elapsed = 00:00:15 . Memory (MB): peak = 1459.461 ; gain = 566.676
---------------------------------------------------------------------------------
---------------------------------------------------------------------------------
Start Applying 'set_property' XDC Constraints
---------------------------------------------------------------------------------
---------------------------------------------------------------------------------
Finished applying 'set_property' XDC Constraints : Time (s): cpu = 00:00:13 ; elapsed = 00:00:15 . Memory (MB): peak = 1459.461 ; gain = 566.676
---------------------------------------------------------------------------------
INFO: [Synth 8-3971] The signal "tdpram:/ram_reg" was recognized as a true dual port RAM template.
---------------------------------------------------------------------------------
Finished RTL Optimization Phase 2 : Time (s): cpu = 00:00:13 ; elapsed = 00:00:16 . Memory (MB): peak = 1459.461 ; gain = 566.676
---------------------------------------------------------------------------------
---------------------------------------------------------------------------------
Start RTL Component Statistics 
---------------------------------------------------------------------------------
Detailed RTL Component Info : 
+---Adders : 
	   2 Input   16 Bit       Adders := 2     
	   2 Input   11 Bit       Adders := 2     
	   3 Input   11 Bit       Adders := 2     
	   2 Input    8 Bit       Adders := 2     
+---XORs : 
	   2 Input     11 Bit         XORs := 2     
	   2 Input      1 Bit         XORs := 20    
+---Registers : 
	               32 Bit    Registers := 3     
	               24 Bit    Registers := 2     
	               18 Bit    Registers := 2     
	               11 Bit    Registers := 6     
	                8 Bit    Registers := 6     
	                2 Bit    Registers := 6     
	                1 Bit    Registers := 21    
+---RAMs : 
	              24K Bit	(1024 X 24 bit)          RAMs := 1     
+---Muxes : 
	   2 Input   32 Bit        Muxes := 5     
	   7 Input   32 Bit        Muxes := 1     
	   2 Input   18 Bit        Muxes := 3     
	   2 Input   11 Bit        Muxes := 4     
	   3 Input   11 Bit        Muxes := 4     
	   2 Input    1 Bit        Muxes := 23    
	   4 Input    1 Bit        Muxes := 2     
	   3 Input    1 Bit        Muxes := 2     
---------------------------------------------------------------------------------
Finished RTL Component Statistics 
---------------------------------------------------------------------------------
---------------------------------------------------------------------------------
Start Part Resource Summary
---------------------------------------------------------------------------------
Part Resources:
DSPs: 220 (col length:60)
BRAMs: 280 (col length: RAMB18 60 RAMB36 30)
---------------------------------------------------------------------------------
Finished Part Resource Summary
---------------------------------------------------------------------------------
---------------------------------------------------------------------------------
Start Cross Boundary and Area Optimization
---------------------------------------------------------------------------------
WARNING: [Synth 8-7080] Parallel synthesis criteria is not met
---------------------------------------------------------------------------------
Finished Cross Boundary and Area Optimization : Time (s): cpu = 00:00:15 ; elapsed = 00:00:18 . Memory (MB): peak = 1459.461 ; gain = 566.676
---------------------------------------------------------------------------------
---------------------------------------------------------------------------------
Start ROM, RAM, DSP, Shift Register and Retiming Reporting
---------------------------------------------------------------------------------

Block RAM: Preliminary Mapping Report (see note below)
+----------------------------+------------------------------------------------------+------------------------+---+---+------------------------+---+---+------------------+--------+--------+
|Module Name                 | RTL Object                                           | PORT A (Depth x Width) | W | R | PORT B (Depth x Width) | W | R | Ports driving FF | RAMB18 | RAMB36 | 
+----------------------------+------------------------------------------------------+------------------------+---+---+------------------------+---+---+------------------+--------+--------+
|comblock_setup_comblock_0_0 | U0/comblock_i/fifo_out_g.fifo_out_i/i_memory/ram_reg | 1 K x 24(NO_CHANGE)    | W |   | 1 K x 24(WRITE_FIRST)  |   | R | Port A and B     | 0      | 1      | 
+----------------------------+------------------------------------------------------+------------------------+---+---+------------------------+---+---+------------------+--------+--------+

Note: The table above is a preliminary report that shows the Block RAMs at the current stage of the synthesis flow. Some Block RAMs may be reimplemented as non Block RAM primitives later in the synthesis flow. Multiple instantiated Block RAMs are reported only once. 
---------------------------------------------------------------------------------
Finished ROM, RAM, DSP, Shift Register and Retiming Reporting
---------------------------------------------------------------------------------
---------------------------------------------------------------------------------
Start Applying XDC Timing Constraints
---------------------------------------------------------------------------------
---------------------------------------------------------------------------------
Finished Applying XDC Timing Constraints : Time (s): cpu = 00:00:20 ; elapsed = 00:00:22 . Memory (MB): peak = 1459.461 ; gain = 566.676
---------------------------------------------------------------------------------
---------------------------------------------------------------------------------
Start Timing Optimization
---------------------------------------------------------------------------------
---------------------------------------------------------------------------------
Finished Timing Optimization : Time (s): cpu = 00:00:20 ; elapsed = 00:00:22 . Memory (MB): peak = 1459.461 ; gain = 566.676
---------------------------------------------------------------------------------
---------------------------------------------------------------------------------
Start ROM, RAM, DSP, Shift Register and Retiming Reporting
---------------------------------------------------------------------------------

Block RAM: Final Mapping Report
+----------------------------+------------------------------------------------------+------------------------+---+---+------------------------+---+---+------------------+--------+--------+
|Module Name                 | RTL Object                                           | PORT A (Depth x Width) | W | R | PORT B (Depth x Width) | W | R | Ports driving FF | RAMB18 | RAMB36 | 
+----------------------------+------------------------------------------------------+------------------------+---+---+------------------------+---+---+------------------+--------+--------+
|comblock_setup_comblock_0_0 | U0/comblock_i/fifo_out_g.fifo_out_i/i_memory/ram_reg | 1 K x 24(NO_CHANGE)    | W |   | 1 K x 24(WRITE_FIRST)  |   | R | Port A and B     | 0      | 1      | 
+----------------------------+------------------------------------------------------+------------------------+---+---+------------------------+---+---+------------------+--------+--------+

---------------------------------------------------------------------------------
Finished ROM, RAM, DSP, Shift Register and Retiming Reporting
---------------------------------------------------------------------------------
---------------------------------------------------------------------------------
Start Technology Mapping
---------------------------------------------------------------------------------
INFO: [Synth 8-7052] The timing for the instance U0/comblock_i/fifo_out_g.fifo_out_i/i_memory/ram_reg (implemented as a Block RAM) might be sub-optimal as no optional output register could be merged into the ram block. Providing additional output register may help in improving timing.
---------------------------------------------------------------------------------
Finished Technology Mapping : Time (s): cpu = 00:00:20 ; elapsed = 00:00:23 . Memory (MB): peak = 1459.461 ; gain = 566.676
---------------------------------------------------------------------------------
---------------------------------------------------------------------------------
Start IO Insertion
---------------------------------------------------------------------------------
---------------------------------------------------------------------------------
Start Flattening Before IO Insertion
---------------------------------------------------------------------------------
---------------------------------------------------------------------------------
Finished Flattening Before IO Insertion
---------------------------------------------------------------------------------
---------------------------------------------------------------------------------
Start Final Netlist Cleanup
---------------------------------------------------------------------------------
---------------------------------------------------------------------------------
Finished Final Netlist Cleanup
---------------------------------------------------------------------------------
---------------------------------------------------------------------------------
Finished IO Insertion : Time (s): cpu = 00:00:23 ; elapsed = 00:00:26 . Memory (MB): peak = 1459.461 ; gain = 566.676
---------------------------------------------------------------------------------
---------------------------------------------------------------------------------
Start Renaming Generated Instances
---------------------------------------------------------------------------------
---------------------------------------------------------------------------------
Finished Renaming Generated Instances : Time (s): cpu = 00:00:23 ; elapsed = 00:00:26 . Memory (MB): peak = 1459.461 ; gain = 566.676
---------------------------------------------------------------------------------
---------------------------------------------------------------------------------
Start Rebuilding User Hierarchy
---------------------------------------------------------------------------------
---------------------------------------------------------------------------------
Finished Rebuilding User Hierarchy : Time (s): cpu = 00:00:23 ; elapsed = 00:00:26 . Memory (MB): peak = 1459.461 ; gain = 566.676
---------------------------------------------------------------------------------
---------------------------------------------------------------------------------
Start Renaming Generated Ports
---------------------------------------------------------------------------------
---------------------------------------------------------------------------------
Finished Renaming Generated Ports : Time (s): cpu = 00:00:23 ; elapsed = 00:00:26 . Memory (MB): peak = 1459.461 ; gain = 566.676
---------------------------------------------------------------------------------
---------------------------------------------------------------------------------
Start Handling Custom Attributes
---------------------------------------------------------------------------------
---------------------------------------------------------------------------------
Finished Handling Custom Attributes : Time (s): cpu = 00:00:23 ; elapsed = 00:00:26 . Memory (MB): peak = 1459.461 ; gain = 566.676
---------------------------------------------------------------------------------
---------------------------------------------------------------------------------
Start Renaming Generated Nets
---------------------------------------------------------------------------------
---------------------------------------------------------------------------------
Finished Renaming Generated Nets : Time (s): cpu = 00:00:23 ; elapsed = 00:00:26 . Memory (MB): peak = 1459.461 ; gain = 566.676
---------------------------------------------------------------------------------
---------------------------------------------------------------------------------
Start Writing Synthesis Report
---------------------------------------------------------------------------------

Report BlackBoxes: 
+-+--------------+----------+
| |BlackBox name |Instances |
+-+--------------+----------+
+-+--------------+----------+

Report Cell Usage: 
+------+---------+------+
|      |Cell     |Count |
+------+---------+------+
|1     |CARRY4   |    18|
|2     |LUT1     |     2|
|3     |LUT2     |    30|
|4     |LUT3     |    16|
|5     |LUT4     |    44|
|6     |LUT5     |    38|
|7     |LUT6     |    39|
|8     |RAMB36E1 |     1|
|9     |FDRE     |   146|
|10    |FDSE     |     8|
+------+---------+------+
---------------------------------------------------------------------------------
Finished Writing Synthesis Report : Time (s): cpu = 00:00:23 ; elapsed = 00:00:26 . Memory (MB): peak = 1459.461 ; gain = 566.676
---------------------------------------------------------------------------------
Synthesis finished with 0 errors, 0 critical warnings and 11 warnings.
Synthesis Optimization Runtime : Time (s): cpu = 00:00:15 ; elapsed = 00:00:24 . Memory (MB): peak = 1459.461 ; gain = 510.863
Synthesis Optimization Complete : Time (s): cpu = 00:00:23 ; elapsed = 00:00:26 . Memory (MB): peak = 1459.461 ; gain = 566.676
INFO: [Project 1-571] Translating synthesized netlist
Netlist sorting complete. Time (s): cpu = 00:00:00 ; elapsed = 00:00:00.004 . Memory (MB): peak = 1459.461 ; gain = 0.000
INFO: [Netlist 29-17] Analyzing 19 Unisim elements for replacement
INFO: [Netlist 29-28] Unisim Transformation completed in 0 CPU seconds
INFO: [Project 1-570] Preparing netlist for logic optimization
INFO: [Opt 31-138] Pushed 0 inverter(s) to 0 load pin(s).
Netlist sorting complete. Time (s): cpu = 00:00:00 ; elapsed = 00:00:00 . Memory (MB): peak = 1459.461 ; gain = 0.000
INFO: [Project 1-111] Unisim Transformation Summary:
No Unisim elements were transformed.

Synth Design complete | Checksum: 2c4b205b
INFO: [Common 17-83] Releasing license: Synthesis
40 Infos, 109 Warnings, 0 Critical Warnings and 0 Errors encountered.
synth_design completed successfully
INFO: [Common 17-600] The following parameters have non-default value.
tcl.statsThreshold
INFO: [Common 17-1381] The checkpoint 'C:/Users/gm/Vivado Projects/complete_det_final_ver/complete_det_final_ver.runs/comblock_setup_comblock_0_0_synth_1/comblock_setup_comblock_0_0.dcp' has been generated.
INFO: [Coretcl 2-1648] Added synthesis output to IP cache for IP comblock_setup_comblock_0_0, cache-ID = cbd03f99fb2a411a
INFO: [Coretcl 2-1174] Renamed 7 cell refs.
INFO: [Common 17-1381] The checkpoint 'C:/Users/gm/Vivado Projects/complete_det_final_ver/complete_det_final_ver.runs/comblock_setup_comblock_0_0_synth_1/comblock_setup_comblock_0_0.dcp' has been generated.
INFO: [runtcl-4] Executing : report_utilization -file comblock_setup_comblock_0_0_utilization_synth.rpt -pb comblock_setup_comblock_0_0_utilization_synth.pb
INFO: [Common 17-206] Exiting Vivado at Sun Jul 26 17:08:24 2026...

*** Running vivado
    with args -log comblock_setup_comblock_0_0.vds -m64 -product Vivado -mode batch -messageDb vivado.pb -notrace -source comblock_setup_comblock_0_0.tcl


ECHO is off.
ECHO is off.

****** Vivado v2023.1 (64-bit)
  **** SW Build 3865809 on Sun May  7 15:05:29 MDT 2023
  **** IP Build 3864474 on Sun May  7 20:36:21 MDT 2023
  **** SharedData Build 3865790 on Sun May 07 13:33:03 MDT 2023
    ** Copyright 1986-2022 Xilinx, Inc. All Rights Reserved.
    ** Copyright 2022-2023 Advanced Micro Devices, Inc. All Rights Reserved.

source comblock_setup_comblock_0_0.tcl -notrace
create_project: Time (s): cpu = 00:00:08 ; elapsed = 00:00:10 . Memory (MB): peak = 450.645 ; gain = 161.441
INFO: [IP_Flow 19-234] Refreshing IP repositories
INFO: [IP_Flow 19-1700] Loaded user IP repository 'd:/Desktop PRE-FORMAT 25/CR_CYCLO/Verilog/ComBlock/core-comblock-master'.
INFO: [IP_Flow 19-2313] Loaded Vivado IP repository 'C:/Xilinx/Vivado/2023.1/data/ip'.
WARNING: [IP_Flow 19-4995] The host OS only allows 260 characters in a normal path. The IP cache path is more than 80 characters. If you experience issues with IP caching, please consider changing the IP cache to a location with a shorter path. Alternately consider using the OS subst command to map part of the path to a drive letter. 
Current IP cache path is c:/Users/gm/Vivado Projects/COMPLETE_DET_FIFO_1024/COMPLETE_DET_FIFO_1024.cache/ip 
INFO: [IP_Flow 19-6924] IPCACHE: Running cache check for IP inst: comblock_setup_comblock_0_0
Command: synth_design -top comblock_setup_comblock_0_0 -part xc7z020clg484-1 -incremental_mode off -mode out_of_context
Starting synth_design
Attempting to get a license for feature 'Synthesis' and/or device 'xc7z020'
INFO: [Common 17-349] Got license for feature 'Synthesis' and/or device 'xc7z020'
INFO: [Device 21-403] Loading part xc7z020clg484-1
INFO: [Synth 8-7079] Multithreading enabled for synth_design using a maximum of 2 processes.
INFO: [Synth 8-7078] Launching helper process for spawning children vivado processes
INFO: [Synth 8-7075] Helper process launched with PID 14144
---------------------------------------------------------------------------------
Starting RTL Elaboration : Time (s): cpu = 00:00:06 ; elapsed = 00:00:08 . Memory (MB): peak = 1306.855 ; gain = 412.281
---------------------------------------------------------------------------------
INFO: [Synth 8-638] synthesizing module 'comblock_setup_comblock_0_0' [c:/Users/gm/Vivado Projects/COMPLETE_DET_FIFO_1024/COMPLETE_DET_FIFO_1024.gen/sources_1/bd/comblock_setup/ip/comblock_setup_comblock_0_0/synth/comblock_setup_comblock_0_0.vhd:92]
	Parameter REGS_IN_ENA bound to: 1 - type: bool 
	Parameter REGS_IN_DWIDTH bound to: 32 - type: integer 
	Parameter REGS_IN_DEPTH bound to: 1 - type: integer 
	Parameter REGS_OUT_ENA bound to: 1 - type: bool 
	Parameter REGS_OUT_DWIDTH bound to: 32 - type: integer 
	Parameter REGS_OUT_DEPTH bound to: 1 - type: integer 
	Parameter DRAM_IO_ENA bound to: 0 - type: bool 
	Parameter DRAM_IO_DWIDTH bound to: 16 - type: integer 
	Parameter DRAM_IO_AWIDTH bound to: 16 - type: integer 
	Parameter DRAM_IO_DEPTH bound to: 0 - type: integer 
	Parameter FIFO_IN_ENA bound to: 0 - type: bool 
	Parameter FIFO_IN_DWIDTH bound to: 16 - type: integer 
	Parameter FIFO_IN_DEPTH bound to: 1024 - type: integer 
	Parameter FIFO_IN_AFOFFSET bound to: 1 - type: integer 
	Parameter FIFO_IN_AEOFFSET bound to: 1 - type: integer 
	Parameter FIFO_OUT_ENA bound to: 1 - type: bool 
	Parameter FIFO_OUT_DWIDTH bound to: 24 - type: integer 
	Parameter FIFO_OUT_DEPTH bound to: 1024 - type: integer 
	Parameter FIFO_OUT_AFOFFSET bound to: 1 - type: integer 
	Parameter FIFO_OUT_AEOFFSET bound to: 1 - type: integer 
	Parameter C_AXIF_ID_WIDTH bound to: 1 - type: integer 
	Parameter C_AXIF_AWUSER_WIDTH bound to: 1 - type: integer 
	Parameter C_AXIF_ARUSER_WIDTH bound to: 1 - type: integer 
	Parameter C_AXIF_WUSER_WIDTH bound to: 1 - type: integer 
	Parameter C_AXIF_RUSER_WIDTH bound to: 1 - type: integer 
	Parameter C_AXIF_BUSER_WIDTH bound to: 1 - type: integer 
INFO: [Synth 8-3491] module 'axi_comblock' declared at 'c:/Users/gm/Vivado Projects/COMPLETE_DET_FIFO_1024/COMPLETE_DET_FIFO_1024.gen/sources_1/bd/comblock_setup/ipshared/2cb9/hdl/axi_comblock.vhdl:17' bound to instance 'U0' of component 'axi_comblock' [c:/Users/gm/Vivado Projects/COMPLETE_DET_FIFO_1024/COMPLETE_DET_FIFO_1024.gen/sources_1/bd/comblock_setup/ip/comblock_setup_comblock_0_0/synth/comblock_setup_comblock_0_0.vhd:290]
INFO: [Synth 8-638] synthesizing module 'axi_comblock' [c:/Users/gm/Vivado Projects/COMPLETE_DET_FIFO_1024/COMPLETE_DET_FIFO_1024.gen/sources_1/bd/comblock_setup/ipshared/2cb9/hdl/axi_comblock.vhdl:186]
INFO: [Synth 8-638] synthesizing module 'AXIL' [c:/Users/gm/Vivado Projects/COMPLETE_DET_FIFO_1024/COMPLETE_DET_FIFO_1024.gen/sources_1/bd/comblock_setup/ipshared/2cb9/hdl/axil.vhdl:91]
INFO: [Synth 8-256] done synthesizing module 'AXIL' (0#1) [c:/Users/gm/Vivado Projects/COMPLETE_DET_FIFO_1024/COMPLETE_DET_FIFO_1024.gen/sources_1/bd/comblock_setup/ipshared/2cb9/hdl/axil.vhdl:91]
INFO: [Synth 8-638] synthesizing module 'AXIF' [c:/Users/gm/Vivado Projects/COMPLETE_DET_FIFO_1024/COMPLETE_DET_FIFO_1024.gen/sources_1/bd/comblock_setup/ipshared/2cb9/hdl/axif.vhdl:173]
INFO: [Synth 8-256] done synthesizing module 'AXIF' (0#1) [c:/Users/gm/Vivado Projects/COMPLETE_DET_FIFO_1024/COMPLETE_DET_FIFO_1024.gen/sources_1/bd/comblock_setup/ipshared/2cb9/hdl/axif.vhdl:173]
INFO: [Synth 8-638] synthesizing module 'ComBlock' [c:/Users/gm/Vivado Projects/COMPLETE_DET_FIFO_1024/COMPLETE_DET_FIFO_1024.gen/sources_1/bd/comblock_setup/ipshared/2cb9/hdl/comblock.vhdl:125]
INFO: [Synth 8-638] synthesizing module 'FIFO' [c:/Users/gm/Vivado Projects/COMPLETE_DET_FIFO_1024/COMPLETE_DET_FIFO_1024.gen/sources_1/bd/comblock_setup/ipshared/2cb9/hdl/fifo.vhdl:58]
INFO: [Synth 8-638] synthesizing module 'tdpram' [c:/Users/gm/Vivado Projects/COMPLETE_DET_FIFO_1024/COMPLETE_DET_FIFO_1024.gen/sources_1/bd/comblock_setup/ipshared/2cb9/hdl/tdpram.vhdl:37]
INFO: [Synth 8-256] done synthesizing module 'tdpram' (0#1) [c:/Users/gm/Vivado Projects/COMPLETE_DET_FIFO_1024/COMPLETE_DET_FIFO_1024.gen/sources_1/bd/comblock_setup/ipshared/2cb9/hdl/tdpram.vhdl:37]
INFO: [Synth 8-638] synthesizing module 'GraySync' [c:/Users/gm/Vivado Projects/COMPLETE_DET_FIFO_1024/COMPLETE_DET_FIFO_1024.gen/sources_1/bd/comblock_setup/ipshared/2cb9/hdl/graysync.vhdl:29]
INFO: [Synth 8-256] done synthesizing module 'GraySync' (0#1) [c:/Users/gm/Vivado Projects/COMPLETE_DET_FIFO_1024/COMPLETE_DET_FIFO_1024.gen/sources_1/bd/comblock_setup/ipshared/2cb9/hdl/graysync.vhdl:29]
INFO: [Synth 8-226] default block is never used [c:/Users/gm/Vivado Projects/COMPLETE_DET_FIFO_1024/COMPLETE_DET_FIFO_1024.gen/sources_1/bd/comblock_setup/ipshared/2cb9/hdl/fifo.vhdl:120]
INFO: [Synth 8-256] done synthesizing module 'FIFO' (0#1) [c:/Users/gm/Vivado Projects/COMPLETE_DET_FIFO_1024/COMPLETE_DET_FIFO_1024.gen/sources_1/bd/comblock_setup/ipshared/2cb9/hdl/fifo.vhdl:58]
INFO: [Synth 8-256] done synthesizing module 'ComBlock' (0#1) [c:/Users/gm/Vivado Projects/COMPLETE_DET_FIFO_1024/COMPLETE_DET_FIFO_1024.gen/sources_1/bd/comblock_setup/ipshared/2cb9/hdl/comblock.vhdl:125]
INFO: [Synth 8-256] done synthesizing module 'axi_comblock' (0#1) [c:/Users/gm/Vivado Projects/COMPLETE_DET_FIFO_1024/COMPLETE_DET_FIFO_1024.gen/sources_1/bd/comblock_setup/ipshared/2cb9/hdl/axi_comblock.vhdl:186]
INFO: [Synth 8-256] done synthesizing module 'comblock_setup_comblock_0_0' (0#1) [c:/Users/gm/Vivado Projects/COMPLETE_DET_FIFO_1024/COMPLETE_DET_FIFO_1024.gen/sources_1/bd/comblock_setup/ip/comblock_setup_comblock_0_0/synth/comblock_setup_comblock_0_0.vhd:92]
WARNING: [Synth 8-6014] Unused sequential element fifo_in_clear_reg was removed.  [c:/Users/gm/Vivado Projects/COMPLETE_DET_FIFO_1024/COMPLETE_DET_FIFO_1024.gen/sources_1/bd/comblock_setup/ipshared/2cb9/hdl/comblock.vhdl:361]
WARNING: [Synth 8-6014] Unused sequential element fifo_in_under_r_reg was removed.  [c:/Users/gm/Vivado Projects/COMPLETE_DET_FIFO_1024/COMPLETE_DET_FIFO_1024.gen/sources_1/bd/comblock_setup/ipshared/2cb9/hdl/comblock.vhdl:379]
WARNING: [Synth 8-3848] Net ram_data_o in module/entity ComBlock does not have driver. [c:/Users/gm/Vivado Projects/COMPLETE_DET_FIFO_1024/COMPLETE_DET_FIFO_1024.gen/sources_1/bd/comblock_setup/ipshared/2cb9/hdl/comblock.vhdl:87]
WARNING: [Synth 8-3848] Net fifo_in_full_o in module/entity ComBlock does not have driver. [c:/Users/gm/Vivado Projects/COMPLETE_DET_FIFO_1024/COMPLETE_DET_FIFO_1024.gen/sources_1/bd/comblock_setup/ipshared/2cb9/hdl/comblock.vhdl:93]
WARNING: [Synth 8-3848] Net fifo_in_afull_o in module/entity ComBlock does not have driver. [c:/Users/gm/Vivado Projects/COMPLETE_DET_FIFO_1024/COMPLETE_DET_FIFO_1024.gen/sources_1/bd/comblock_setup/ipshared/2cb9/hdl/comblock.vhdl:94]
WARNING: [Synth 8-3848] Net fifo_in_overflow_o in module/entity ComBlock does not have driver. [c:/Users/gm/Vivado Projects/COMPLETE_DET_FIFO_1024/COMPLETE_DET_FIFO_1024.gen/sources_1/bd/comblock_setup/ipshared/2cb9/hdl/comblock.vhdl:95]
WARNING: [Synth 8-3848] Net mem_data_o in module/entity ComBlock does not have driver. [c:/Users/gm/Vivado Projects/COMPLETE_DET_FIFO_1024/COMPLETE_DET_FIFO_1024.gen/sources_1/bd/comblock_setup/ipshared/2cb9/hdl/comblock.vhdl:121]
WARNING: [Synth 8-7129] Port ram_data_o[15] in module ComBlock is either unconnected or has no load
WARNING: [Synth 8-7129] Port ram_data_o[14] in module ComBlock is either unconnected or has no load
WARNING: [Synth 8-7129] Port ram_data_o[13] in module ComBlock is either unconnected or has no load
WARNING: [Synth 8-7129] Port ram_data_o[12] in module ComBlock is either unconnected or has no load
WARNING: [Synth 8-7129] Port ram_data_o[11] in module ComBlock is either unconnected or has no load
WARNING: [Synth 8-7129] Port ram_data_o[10] in module ComBlock is either unconnected or has no load
WARNING: [Synth 8-7129] Port ram_data_o[9] in module ComBlock is either unconnected or has no load
WARNING: [Synth 8-7129] Port ram_data_o[8] in module ComBlock is either unconnected or has no load
WARNING: [Synth 8-7129] Port ram_data_o[7] in module ComBlock is either unconnected or has no load
WARNING: [Synth 8-7129] Port ram_data_o[6] in module ComBlock is either unconnected or has no load
WARNING: [Synth 8-7129] Port ram_data_o[5] in module ComBlock is either unconnected or has no load
WARNING: [Synth 8-7129] Port ram_data_o[4] in module ComBlock is either unconnected or has no load
WARNING: [Synth 8-7129] Port ram_data_o[3] in module ComBlock is either unconnected or has no load
WARNING: [Synth 8-7129] Port ram_data_o[2] in module ComBlock is either unconnected or has no load
WARNING: [Synth 8-7129] Port ram_data_o[1] in module ComBlock is either unconnected or has no load
WARNING: [Synth 8-7129] Port ram_data_o[0] in module ComBlock is either unconnected or has no load
WARNING: [Synth 8-7129] Port fifo_in_full_o in module ComBlock is either unconnected or has no load
WARNING: [Synth 8-7129] Port fifo_in_afull_o in module ComBlock is either unconnected or has no load
WARNING: [Synth 8-7129] Port fifo_in_overflow_o in module ComBlock is either unconnected or has no load
WARNING: [Synth 8-7129] Port mem_data_o[15] in module ComBlock is either unconnected or has no load
WARNING: [Synth 8-7129] Port mem_data_o[14] in module ComBlock is either unconnected or has no load
WARNING: [Synth 8-7129] Port mem_data_o[13] in module ComBlock is either unconnected or has no load
WARNING: [Synth 8-7129] Port mem_data_o[12] in module ComBlock is either unconnected or has no load
WARNING: [Synth 8-7129] Port mem_data_o[11] in module ComBlock is either unconnected or has no load
WARNING: [Synth 8-7129] Port mem_data_o[10] in module ComBlock is either unconnected or has no load
WARNING: [Synth 8-7129] Port mem_data_o[9] in module ComBlock is either unconnected or has no load
WARNING: [Synth 8-7129] Port mem_data_o[8] in module ComBlock is either unconnected or has no load
WARNING: [Synth 8-7129] Port mem_data_o[7] in module ComBlock is either unconnected or has no load
WARNING: [Synth 8-7129] Port mem_data_o[6] in module ComBlock is either unconnected or has no load
WARNING: [Synth 8-7129] Port mem_data_o[5] in module ComBlock is either unconnected or has no load
WARNING: [Synth 8-7129] Port mem_data_o[4] in module ComBlock is either unconnected or has no load
WARNING: [Synth 8-7129] Port mem_data_o[3] in module ComBlock is either unconnected or has no load
WARNING: [Synth 8-7129] Port mem_data_o[2] in module ComBlock is either unconnected or has no load
WARNING: [Synth 8-7129] Port mem_data_o[1] in module ComBlock is either unconnected or has no load
WARNING: [Synth 8-7129] Port mem_data_o[0] in module ComBlock is either unconnected or has no load
WARNING: [Synth 8-7129] Port reg1_i[31] in module ComBlock is either unconnected or has no load
WARNING: [Synth 8-7129] Port reg1_i[30] in module ComBlock is either unconnected or has no load
WARNING: [Synth 8-7129] Port reg1_i[29] in module ComBlock is either unconnected or has no load
WARNING: [Synth 8-7129] Port reg1_i[28] in module ComBlock is either unconnected or has no load
WARNING: [Synth 8-7129] Port reg1_i[27] in module ComBlock is either unconnected or has no load
WARNING: [Synth 8-7129] Port reg1_i[26] in module ComBlock is either unconnected or has no load
WARNING: [Synth 8-7129] Port reg1_i[25] in module ComBlock is either unconnected or has no load
WARNING: [Synth 8-7129] Port reg1_i[24] in module ComBlock is either unconnected or has no load
WARNING: [Synth 8-7129] Port reg1_i[23] in module ComBlock is either unconnected or has no load
WARNING: [Synth 8-7129] Port reg1_i[22] in module ComBlock is either unconnected or has no load
WARNING: [Synth 8-7129] Port reg1_i[21] in module ComBlock is either unconnected or has no load
WARNING: [Synth 8-7129] Port reg1_i[20] in module ComBlock is either unconnected or has no load
WARNING: [Synth 8-7129] Port reg1_i[19] in module ComBlock is either unconnected or has no load
WARNING: [Synth 8-7129] Port reg1_i[18] in module ComBlock is either unconnected or has no load
WARNING: [Synth 8-7129] Port reg1_i[17] in module ComBlock is either unconnected or has no load
WARNING: [Synth 8-7129] Port reg1_i[16] in module ComBlock is either unconnected or has no load
WARNING: [Synth 8-7129] Port reg1_i[15] in module ComBlock is either unconnected or has no load
WARNING: [Synth 8-7129] Port reg1_i[14] in module ComBlock is either unconnected or has no load
WARNING: [Synth 8-7129] Port reg1_i[13] in module ComBlock is either unconnected or has no load
WARNING: [Synth 8-7129] Port reg1_i[12] in module ComBlock is either unconnected or has no load
WARNING: [Synth 8-7129] Port reg1_i[11] in module ComBlock is either unconnected or has no load
WARNING: [Synth 8-7129] Port reg1_i[10] in module ComBlock is either unconnected or has no load
WARNING: [Synth 8-7129] Port reg1_i[9] in module ComBlock is either unconnected or has no load
WARNING: [Synth 8-7129] Port reg1_i[8] in module ComBlock is either unconnected or has no load
WARNING: [Synth 8-7129] Port reg1_i[7] in module ComBlock is either unconnected or has no load
WARNING: [Synth 8-7129] Port reg1_i[6] in module ComBlock is either unconnected or has no load
WARNING: [Synth 8-7129] Port reg1_i[5] in module ComBlock is either unconnected or has no load
WARNING: [Synth 8-7129] Port reg1_i[4] in module ComBlock is either unconnected or has no load
WARNING: [Synth 8-7129] Port reg1_i[3] in module ComBlock is either unconnected or has no load
WARNING: [Synth 8-7129] Port reg1_i[2] in module ComBlock is either unconnected or has no load
WARNING: [Synth 8-7129] Port reg1_i[1] in module ComBlock is either unconnected or has no load
WARNING: [Synth 8-7129] Port reg1_i[0] in module ComBlock is either unconnected or has no load
WARNING: [Synth 8-7129] Port reg2_i[31] in module ComBlock is either unconnected or has no load
WARNING: [Synth 8-7129] Port reg2_i[30] in module ComBlock is either unconnected or has no load
WARNING: [Synth 8-7129] Port reg2_i[29] in module ComBlock is either unconnected or has no load
WARNING: [Synth 8-7129] Port reg2_i[28] in module ComBlock is either unconnected or has no load
WARNING: [Synth 8-7129] Port reg2_i[27] in module ComBlock is either unconnected or has no load
WARNING: [Synth 8-7129] Port reg2_i[26] in module ComBlock is either unconnected or has no load
WARNING: [Synth 8-7129] Port reg2_i[25] in module ComBlock is either unconnected or has no load
WARNING: [Synth 8-7129] Port reg2_i[24] in module ComBlock is either unconnected or has no load
WARNING: [Synth 8-7129] Port reg2_i[23] in module ComBlock is either unconnected or has no load
WARNING: [Synth 8-7129] Port reg2_i[22] in module ComBlock is either unconnected or has no load
WARNING: [Synth 8-7129] Port reg2_i[21] in module ComBlock is either unconnected or has no load
WARNING: [Synth 8-7129] Port reg2_i[20] in module ComBlock is either unconnected or has no load
WARNING: [Synth 8-7129] Port reg2_i[19] in module ComBlock is either unconnected or has no load
WARNING: [Synth 8-7129] Port reg2_i[18] in module ComBlock is either unconnected or has no load
WARNING: [Synth 8-7129] Port reg2_i[17] in module ComBlock is either unconnected or has no load
WARNING: [Synth 8-7129] Port reg2_i[16] in module ComBlock is either unconnected or has no load
WARNING: [Synth 8-7129] Port reg2_i[15] in module ComBlock is either unconnected or has no load
WARNING: [Synth 8-7129] Port reg2_i[14] in module ComBlock is either unconnected or has no load
WARNING: [Synth 8-7129] Port reg2_i[13] in module ComBlock is either unconnected or has no load
WARNING: [Synth 8-7129] Port reg2_i[12] in module ComBlock is either unconnected or has no load
WARNING: [Synth 8-7129] Port reg2_i[11] in module ComBlock is either unconnected or has no load
WARNING: [Synth 8-7129] Port reg2_i[10] in module ComBlock is either unconnected or has no load
WARNING: [Synth 8-7129] Port reg2_i[9] in module ComBlock is either unconnected or has no load
WARNING: [Synth 8-7129] Port reg2_i[8] in module ComBlock is either unconnected or has no load
WARNING: [Synth 8-7129] Port reg2_i[7] in module ComBlock is either unconnected or has no load
WARNING: [Synth 8-7129] Port reg2_i[6] in module ComBlock is either unconnected or has no load
WARNING: [Synth 8-7129] Port reg2_i[5] in module ComBlock is either unconnected or has no load
WARNING: [Synth 8-7129] Port reg2_i[4] in module ComBlock is either unconnected or has no load
WARNING: [Synth 8-7129] Port reg2_i[3] in module ComBlock is either unconnected or has no load
WARNING: [Synth 8-7129] Port reg2_i[2] in module ComBlock is either unconnected or has no load
WARNING: [Synth 8-7129] Port reg2_i[1] in module ComBlock is either unconnected or has no load
WARNING: [Synth 8-7129] Port reg2_i[0] in module ComBlock is either unconnected or has no load
WARNING: [Synth 8-7129] Port reg3_i[31] in module ComBlock is either unconnected or has no load
INFO: [Common 17-14] Message 'Synth 8-7129' appears 100 times and further instances of the messages will be disabled. Use the Tcl command set_msg_config to change the current settings.
---------------------------------------------------------------------------------
Finished RTL Elaboration : Time (s): cpu = 00:00:07 ; elapsed = 00:00:10 . Memory (MB): peak = 1405.707 ; gain = 511.133
---------------------------------------------------------------------------------
---------------------------------------------------------------------------------
Start Handling Custom Attributes
---------------------------------------------------------------------------------
---------------------------------------------------------------------------------
Finished Handling Custom Attributes : Time (s): cpu = 00:00:07 ; elapsed = 00:00:10 . Memory (MB): peak = 1405.707 ; gain = 511.133
---------------------------------------------------------------------------------
---------------------------------------------------------------------------------
Finished RTL Optimization Phase 1 : Time (s): cpu = 00:00:07 ; elapsed = 00:00:10 . Memory (MB): peak = 1405.707 ; gain = 511.133
---------------------------------------------------------------------------------
Netlist sorting complete. Time (s): cpu = 00:00:00 ; elapsed = 00:00:00.017 . Memory (MB): peak = 1405.707 ; gain = 0.000
INFO: [Project 1-570] Preparing netlist for logic optimization

Processing XDC Constraints
Initializing timing engine
Completed Processing XDC Constraints

Netlist sorting complete. Time (s): cpu = 00:00:00 ; elapsed = 00:00:00 . Memory (MB): peak = 1443.688 ; gain = 0.000
INFO: [Project 1-111] Unisim Transformation Summary:
No Unisim elements were transformed.

Constraint Validation Runtime : Time (s): cpu = 00:00:00 ; elapsed = 00:00:00.061 . Memory (MB): peak = 1446.566 ; gain = 2.879
INFO: [Designutils 20-5008] Incremental synthesis strategy off
---------------------------------------------------------------------------------
Finished Constraint Validation : Time (s): cpu = 00:00:13 ; elapsed = 00:00:17 . Memory (MB): peak = 1446.566 ; gain = 551.992
---------------------------------------------------------------------------------
---------------------------------------------------------------------------------
Start Loading Part and Timing Information
---------------------------------------------------------------------------------
Loading part: xc7z020clg484-1
---------------------------------------------------------------------------------
Finished Loading Part and Timing Information : Time (s): cpu = 00:00:13 ; elapsed = 00:00:17 . Memory (MB): peak = 1446.566 ; gain = 551.992
---------------------------------------------------------------------------------
---------------------------------------------------------------------------------
Start Applying 'set_property' XDC Constraints
---------------------------------------------------------------------------------
---------------------------------------------------------------------------------
Finished applying 'set_property' XDC Constraints : Time (s): cpu = 00:00:13 ; elapsed = 00:00:17 . Memory (MB): peak = 1446.566 ; gain = 551.992
---------------------------------------------------------------------------------
INFO: [Synth 8-3971] The signal "tdpram:/ram_reg" was recognized as a true dual port RAM template.
---------------------------------------------------------------------------------
Finished RTL Optimization Phase 2 : Time (s): cpu = 00:00:14 ; elapsed = 00:00:17 . Memory (MB): peak = 1446.566 ; gain = 551.992
---------------------------------------------------------------------------------
---------------------------------------------------------------------------------
Start RTL Component Statistics 
---------------------------------------------------------------------------------
Detailed RTL Component Info : 
+---Adders : 
	   2 Input   16 Bit       Adders := 2     
	   2 Input   11 Bit       Adders := 2     
	   3 Input   11 Bit       Adders := 2     
	   2 Input    8 Bit       Adders := 2     
+---XORs : 
	   2 Input     11 Bit         XORs := 2     
	   2 Input      1 Bit         XORs := 20    
+---Registers : 
	               32 Bit    Registers := 3     
	               24 Bit    Registers := 2     
	               18 Bit    Registers := 2     
	               11 Bit    Registers := 6     
	                8 Bit    Registers := 6     
	                2 Bit    Registers := 6     
	                1 Bit    Registers := 21    
+---RAMs : 
	              24K Bit	(1024 X 24 bit)          RAMs := 1     
+---Muxes : 
	   2 Input   32 Bit        Muxes := 5     
	   7 Input   32 Bit        Muxes := 1     
	   2 Input   18 Bit        Muxes := 3     
	   2 Input   11 Bit        Muxes := 4     
	   3 Input   11 Bit        Muxes := 4     
	   2 Input    1 Bit        Muxes := 23    
	   4 Input    1 Bit        Muxes := 2     
	   3 Input    1 Bit        Muxes := 2     
---------------------------------------------------------------------------------
Finished RTL Component Statistics 
---------------------------------------------------------------------------------
---------------------------------------------------------------------------------
Start Part Resource Summary
---------------------------------------------------------------------------------
Part Resources:
DSPs: 220 (col length:60)
BRAMs: 280 (col length: RAMB18 60 RAMB36 30)
---------------------------------------------------------------------------------
Finished Part Resource Summary
---------------------------------------------------------------------------------
---------------------------------------------------------------------------------
Start Cross Boundary and Area Optimization
---------------------------------------------------------------------------------
WARNING: [Synth 8-7080] Parallel synthesis criteria is not met
---------------------------------------------------------------------------------
Finished Cross Boundary and Area Optimization : Time (s): cpu = 00:00:16 ; elapsed = 00:00:19 . Memory (MB): peak = 1446.566 ; gain = 551.992
---------------------------------------------------------------------------------
---------------------------------------------------------------------------------
Start ROM, RAM, DSP, Shift Register and Retiming Reporting
---------------------------------------------------------------------------------

Block RAM: Preliminary Mapping Report (see note below)
+----------------------------+------------------------------------------------------+------------------------+---+---+------------------------+---+---+------------------+--------+--------+
|Module Name                 | RTL Object                                           | PORT A (Depth x Width) | W | R | PORT B (Depth x Width) | W | R | Ports driving FF | RAMB18 | RAMB36 | 
+----------------------------+------------------------------------------------------+------------------------+---+---+------------------------+---+---+------------------+--------+--------+
|comblock_setup_comblock_0_0 | U0/comblock_i/fifo_out_g.fifo_out_i/i_memory/ram_reg | 1 K x 24(NO_CHANGE)    | W |   | 1 K x 24(WRITE_FIRST)  |   | R | Port A and B     | 0      | 1      | 
+----------------------------+------------------------------------------------------+------------------------+---+---+------------------------+---+---+------------------+--------+--------+

Note: The table above is a preliminary report that shows the Block RAMs at the current stage of the synthesis flow. Some Block RAMs may be reimplemented as non Block RAM primitives later in the synthesis flow. Multiple instantiated Block RAMs are reported only once. 
---------------------------------------------------------------------------------
Finished ROM, RAM, DSP, Shift Register and Retiming Reporting
---------------------------------------------------------------------------------
---------------------------------------------------------------------------------
Start Applying XDC Timing Constraints
---------------------------------------------------------------------------------
---------------------------------------------------------------------------------
Finished Applying XDC Timing Constraints : Time (s): cpu = 00:00:21 ; elapsed = 00:00:25 . Memory (MB): peak = 1446.566 ; gain = 551.992
---------------------------------------------------------------------------------
---------------------------------------------------------------------------------
Start Timing Optimization
---------------------------------------------------------------------------------
---------------------------------------------------------------------------------
Finished Timing Optimization : Time (s): cpu = 00:00:21 ; elapsed = 00:00:25 . Memory (MB): peak = 1446.566 ; gain = 551.992
---------------------------------------------------------------------------------
---------------------------------------------------------------------------------
Start ROM, RAM, DSP, Shift Register and Retiming Reporting
---------------------------------------------------------------------------------

Block RAM: Final Mapping Report
+----------------------------+------------------------------------------------------+------------------------+---+---+------------------------+---+---+------------------+--------+--------+
|Module Name                 | RTL Object                                           | PORT A (Depth x Width) | W | R | PORT B (Depth x Width) | W | R | Ports driving FF | RAMB18 | RAMB36 | 
+----------------------------+------------------------------------------------------+------------------------+---+---+------------------------+---+---+------------------+--------+--------+
|comblock_setup_comblock_0_0 | U0/comblock_i/fifo_out_g.fifo_out_i/i_memory/ram_reg | 1 K x 24(NO_CHANGE)    | W |   | 1 K x 24(WRITE_FIRST)  |   | R | Port A and B     | 0      | 1      | 
+----------------------------+------------------------------------------------------+------------------------+---+---+------------------------+---+---+------------------+--------+--------+

---------------------------------------------------------------------------------
Finished ROM, RAM, DSP, Shift Register and Retiming Reporting
---------------------------------------------------------------------------------
---------------------------------------------------------------------------------
Start Technology Mapping
---------------------------------------------------------------------------------
INFO: [Synth 8-7052] The timing for the instance U0/comblock_i/fifo_out_g.fifo_out_i/i_memory/ram_reg (implemented as a Block RAM) might be sub-optimal as no optional output register could be merged into the ram block. Providing additional output register may help in improving timing.
---------------------------------------------------------------------------------
Finished Technology Mapping : Time (s): cpu = 00:00:21 ; elapsed = 00:00:25 . Memory (MB): peak = 1446.566 ; gain = 551.992
---------------------------------------------------------------------------------
---------------------------------------------------------------------------------
Start IO Insertion
---------------------------------------------------------------------------------
---------------------------------------------------------------------------------
Start Flattening Before IO Insertion
---------------------------------------------------------------------------------
---------------------------------------------------------------------------------
Finished Flattening Before IO Insertion
---------------------------------------------------------------------------------
---------------------------------------------------------------------------------
Start Final Netlist Cleanup
---------------------------------------------------------------------------------
---------------------------------------------------------------------------------
Finished Final Netlist Cleanup
---------------------------------------------------------------------------------
---------------------------------------------------------------------------------
Finished IO Insertion : Time (s): cpu = 00:00:25 ; elapsed = 00:00:29 . Memory (MB): peak = 1446.566 ; gain = 551.992
---------------------------------------------------------------------------------
---------------------------------------------------------------------------------
Start Renaming Generated Instances
---------------------------------------------------------------------------------
---------------------------------------------------------------------------------
Finished Renaming Generated Instances : Time (s): cpu = 00:00:25 ; elapsed = 00:00:29 . Memory (MB): peak = 1446.566 ; gain = 551.992
---------------------------------------------------------------------------------
---------------------------------------------------------------------------------
Start Rebuilding User Hierarchy
---------------------------------------------------------------------------------
---------------------------------------------------------------------------------
Finished Rebuilding User Hierarchy : Time (s): cpu = 00:00:25 ; elapsed = 00:00:29 . Memory (MB): peak = 1446.566 ; gain = 551.992
---------------------------------------------------------------------------------
---------------------------------------------------------------------------------
Start Renaming Generated Ports
---------------------------------------------------------------------------------
---------------------------------------------------------------------------------
Finished Renaming Generated Ports : Time (s): cpu = 00:00:25 ; elapsed = 00:00:29 . Memory (MB): peak = 1446.566 ; gain = 551.992
---------------------------------------------------------------------------------
---------------------------------------------------------------------------------
Start Handling Custom Attributes
---------------------------------------------------------------------------------
---------------------------------------------------------------------------------
Finished Handling Custom Attributes : Time (s): cpu = 00:00:25 ; elapsed = 00:00:29 . Memory (MB): peak = 1446.566 ; gain = 551.992
---------------------------------------------------------------------------------
---------------------------------------------------------------------------------
Start Renaming Generated Nets
---------------------------------------------------------------------------------
---------------------------------------------------------------------------------
Finished Renaming Generated Nets : Time (s): cpu = 00:00:25 ; elapsed = 00:00:29 . Memory (MB): peak = 1446.566 ; gain = 551.992
---------------------------------------------------------------------------------
---------------------------------------------------------------------------------
Start Writing Synthesis Report
---------------------------------------------------------------------------------

Report BlackBoxes: 
+-+--------------+----------+
| |BlackBox name |Instances |
+-+--------------+----------+
+-+--------------+----------+

Report Cell Usage: 
+------+---------+------+
|      |Cell     |Count |
+------+---------+------+
|1     |CARRY4   |    18|
|2     |LUT1     |     2|
|3     |LUT2     |    30|
|4     |LUT3     |    16|
|5     |LUT4     |    44|
|6     |LUT5     |    38|
|7     |LUT6     |    39|
|8     |RAMB36E1 |     1|
|9     |FDRE     |   146|
|10    |FDSE     |     8|
+------+---------+------+
---------------------------------------------------------------------------------
Finished Writing Synthesis Report : Time (s): cpu = 00:00:25 ; elapsed = 00:00:29 . Memory (MB): peak = 1446.566 ; gain = 551.992
---------------------------------------------------------------------------------
Synthesis finished with 0 errors, 0 critical warnings and 11 warnings.
Synthesis Optimization Runtime : Time (s): cpu = 00:00:16 ; elapsed = 00:00:27 . Memory (MB): peak = 1446.566 ; gain = 511.133
Synthesis Optimization Complete : Time (s): cpu = 00:00:25 ; elapsed = 00:00:29 . Memory (MB): peak = 1446.566 ; gain = 551.992
INFO: [Project 1-571] Translating synthesized netlist
Netlist sorting complete. Time (s): cpu = 00:00:00 ; elapsed = 00:00:00.005 . Memory (MB): peak = 1446.566 ; gain = 0.000
INFO: [Netlist 29-17] Analyzing 19 Unisim elements for replacement
INFO: [Netlist 29-28] Unisim Transformation completed in 0 CPU seconds
INFO: [Project 1-570] Preparing netlist for logic optimization
INFO: [Opt 31-138] Pushed 0 inverter(s) to 0 load pin(s).
Netlist sorting complete. Time (s): cpu = 00:00:00 ; elapsed = 00:00:00 . Memory (MB): peak = 1448.402 ; gain = 0.000
INFO: [Project 1-111] Unisim Transformation Summary:
No Unisim elements were transformed.

Synth Design complete | Checksum: 2c4b205b
INFO: [Common 17-83] Releasing license: Synthesis
40 Infos, 109 Warnings, 0 Critical Warnings and 0 Errors encountered.
synth_design completed successfully
synth_design: Time (s): cpu = 00:00:30 ; elapsed = 00:00:48 . Memory (MB): peak = 1448.402 ; gain = 961.629
INFO: [Common 17-1381] The checkpoint 'C:/Users/gm/Vivado Projects/COMPLETE_DET_FIFO_1024/COMPLETE_DET_FIFO_1024.runs/comblock_setup_comblock_0_0_synth_1/comblock_setup_comblock_0_0.dcp' has been generated.
INFO: [Coretcl 2-1648] Added synthesis output to IP cache for IP comblock_setup_comblock_0_0, cache-ID = cbd03f99fb2a411a
INFO: [Coretcl 2-1174] Renamed 7 cell refs.
INFO: [Common 17-1381] The checkpoint 'C:/Users/gm/Vivado Projects/COMPLETE_DET_FIFO_1024/COMPLETE_DET_FIFO_1024.runs/comblock_setup_comblock_0_0_synth_1/comblock_setup_comblock_0_0.dcp' has been generated.
INFO: [runtcl-4] Executing : report_utilization -file comblock_setup_comblock_0_0_utilization_synth.rpt -pb comblock_setup_comblock_0_0_utilization_synth.pb
INFO: [Common 17-206] Exiting Vivado at Fri Jul 31 11:18:58 2026...

*** Running vivado
    with args -log comblock_setup_comblock_0_0.vds -m64 -product Vivado -mode batch -messageDb vivado.pb -notrace -source comblock_setup_comblock_0_0.tcl


ECHO is off.
ECHO is off.

****** Vivado v2023.1 (64-bit)
  **** SW Build 3865809 on Sun May  7 15:05:29 MDT 2023
  **** IP Build 3864474 on Sun May  7 20:36:21 MDT 2023
  **** SharedData Build 3865790 on Sun May 07 13:33:03 MDT 2023
    ** Copyright 1986-2022 Xilinx, Inc. All Rights Reserved.
    ** Copyright 2022-2023 Advanced Micro Devices, Inc. All Rights Reserved.

source comblock_setup_comblock_0_0.tcl -notrace
create_project: Time (s): cpu = 00:00:07 ; elapsed = 00:00:07 . Memory (MB): peak = 449.723 ; gain = 164.203
INFO: [IP_Flow 19-234] Refreshing IP repositories
INFO: [IP_Flow 19-1700] Loaded user IP repository 'd:/Desktop PRE-FORMAT 25/CR_CYCLO/Verilog/ComBlock/core-comblock-master'.
INFO: [IP_Flow 19-2313] Loaded Vivado IP repository 'C:/Xilinx/Vivado/2023.1/data/ip'.
INFO: [IP_Flow 19-6924] IPCACHE: Running cache check for IP inst: comblock_setup_comblock_0_0
Command: synth_design -top comblock_setup_comblock_0_0 -part xc7z020clg484-1 -incremental_mode off -mode out_of_context
Starting synth_design
Attempting to get a license for feature 'Synthesis' and/or device 'xc7z020'
INFO: [Common 17-349] Got license for feature 'Synthesis' and/or device 'xc7z020'
INFO: [Device 21-403] Loading part xc7z020clg484-1
INFO: [Synth 8-7079] Multithreading enabled for synth_design using a maximum of 2 processes.
INFO: [Synth 8-7078] Launching helper process for spawning children vivado processes
INFO: [Synth 8-7075] Helper process launched with PID 10636
---------------------------------------------------------------------------------
Starting RTL Elaboration : Time (s): cpu = 00:00:05 ; elapsed = 00:00:07 . Memory (MB): peak = 1307.852 ; gain = 413.844
---------------------------------------------------------------------------------
INFO: [Synth 8-638] synthesizing module 'comblock_setup_comblock_0_0' [c:/Users/gm/Vivado Projects/complete_det_final/complete_det_final.gen/sources_1/bd/comblock_setup/ip/comblock_setup_comblock_0_0/synth/comblock_setup_comblock_0_0.vhd:92]
	Parameter REGS_IN_ENA bound to: 1 - type: bool 
	Parameter REGS_IN_DWIDTH bound to: 32 - type: integer 
	Parameter REGS_IN_DEPTH bound to: 1 - type: integer 
	Parameter REGS_OUT_ENA bound to: 1 - type: bool 
	Parameter REGS_OUT_DWIDTH bound to: 32 - type: integer 
	Parameter REGS_OUT_DEPTH bound to: 1 - type: integer 
	Parameter DRAM_IO_ENA bound to: 0 - type: bool 
	Parameter DRAM_IO_DWIDTH bound to: 16 - type: integer 
	Parameter DRAM_IO_AWIDTH bound to: 16 - type: integer 
	Parameter DRAM_IO_DEPTH bound to: 0 - type: integer 
	Parameter FIFO_IN_ENA bound to: 0 - type: bool 
	Parameter FIFO_IN_DWIDTH bound to: 16 - type: integer 
	Parameter FIFO_IN_DEPTH bound to: 1024 - type: integer 
	Parameter FIFO_IN_AFOFFSET bound to: 1 - type: integer 
	Parameter FIFO_IN_AEOFFSET bound to: 1 - type: integer 
	Parameter FIFO_OUT_ENA bound to: 1 - type: bool 
	Parameter FIFO_OUT_DWIDTH bound to: 24 - type: integer 
	Parameter FIFO_OUT_DEPTH bound to: 1024 - type: integer 
	Parameter FIFO_OUT_AFOFFSET bound to: 1 - type: integer 
	Parameter FIFO_OUT_AEOFFSET bound to: 1 - type: integer 
	Parameter C_AXIF_ID_WIDTH bound to: 1 - type: integer 
	Parameter C_AXIF_AWUSER_WIDTH bound to: 1 - type: integer 
	Parameter C_AXIF_ARUSER_WIDTH bound to: 1 - type: integer 
	Parameter C_AXIF_WUSER_WIDTH bound to: 1 - type: integer 
	Parameter C_AXIF_RUSER_WIDTH bound to: 1 - type: integer 
	Parameter C_AXIF_BUSER_WIDTH bound to: 1 - type: integer 
INFO: [Synth 8-3491] module 'axi_comblock' declared at 'c:/Users/gm/Vivado Projects/complete_det_final/complete_det_final.gen/sources_1/bd/comblock_setup/ipshared/2cb9/hdl/axi_comblock.vhdl:17' bound to instance 'U0' of component 'axi_comblock' [c:/Users/gm/Vivado Projects/complete_det_final/complete_det_final.gen/sources_1/bd/comblock_setup/ip/comblock_setup_comblock_0_0/synth/comblock_setup_comblock_0_0.vhd:290]
INFO: [Synth 8-638] synthesizing module 'axi_comblock' [c:/Users/gm/Vivado Projects/complete_det_final/complete_det_final.gen/sources_1/bd/comblock_setup/ipshared/2cb9/hdl/axi_comblock.vhdl:186]
INFO: [Synth 8-638] synthesizing module 'AXIL' [c:/Users/gm/Vivado Projects/complete_det_final/complete_det_final.gen/sources_1/bd/comblock_setup/ipshared/2cb9/hdl/axil.vhdl:91]
INFO: [Synth 8-256] done synthesizing module 'AXIL' (0#1) [c:/Users/gm/Vivado Projects/complete_det_final/complete_det_final.gen/sources_1/bd/comblock_setup/ipshared/2cb9/hdl/axil.vhdl:91]
INFO: [Synth 8-638] synthesizing module 'AXIF' [c:/Users/gm/Vivado Projects/complete_det_final/complete_det_final.gen/sources_1/bd/comblock_setup/ipshared/2cb9/hdl/axif.vhdl:173]
INFO: [Synth 8-256] done synthesizing module 'AXIF' (0#1) [c:/Users/gm/Vivado Projects/complete_det_final/complete_det_final.gen/sources_1/bd/comblock_setup/ipshared/2cb9/hdl/axif.vhdl:173]
INFO: [Synth 8-638] synthesizing module 'ComBlock' [c:/Users/gm/Vivado Projects/complete_det_final/complete_det_final.gen/sources_1/bd/comblock_setup/ipshared/2cb9/hdl/comblock.vhdl:125]
INFO: [Synth 8-638] synthesizing module 'FIFO' [c:/Users/gm/Vivado Projects/complete_det_final/complete_det_final.gen/sources_1/bd/comblock_setup/ipshared/2cb9/hdl/fifo.vhdl:58]
INFO: [Synth 8-638] synthesizing module 'tdpram' [c:/Users/gm/Vivado Projects/complete_det_final/complete_det_final.gen/sources_1/bd/comblock_setup/ipshared/2cb9/hdl/tdpram.vhdl:37]
INFO: [Synth 8-256] done synthesizing module 'tdpram' (0#1) [c:/Users/gm/Vivado Projects/complete_det_final/complete_det_final.gen/sources_1/bd/comblock_setup/ipshared/2cb9/hdl/tdpram.vhdl:37]
INFO: [Synth 8-638] synthesizing module 'GraySync' [c:/Users/gm/Vivado Projects/complete_det_final/complete_det_final.gen/sources_1/bd/comblock_setup/ipshared/2cb9/hdl/graysync.vhdl:29]
INFO: [Synth 8-256] done synthesizing module 'GraySync' (0#1) [c:/Users/gm/Vivado Projects/complete_det_final/complete_det_final.gen/sources_1/bd/comblock_setup/ipshared/2cb9/hdl/graysync.vhdl:29]
INFO: [Synth 8-226] default block is never used [c:/Users/gm/Vivado Projects/complete_det_final/complete_det_final.gen/sources_1/bd/comblock_setup/ipshared/2cb9/hdl/fifo.vhdl:120]
INFO: [Synth 8-256] done synthesizing module 'FIFO' (0#1) [c:/Users/gm/Vivado Projects/complete_det_final/complete_det_final.gen/sources_1/bd/comblock_setup/ipshared/2cb9/hdl/fifo.vhdl:58]
INFO: [Synth 8-256] done synthesizing module 'ComBlock' (0#1) [c:/Users/gm/Vivado Projects/complete_det_final/complete_det_final.gen/sources_1/bd/comblock_setup/ipshared/2cb9/hdl/comblock.vhdl:125]
INFO: [Synth 8-256] done synthesizing module 'axi_comblock' (0#1) [c:/Users/gm/Vivado Projects/complete_det_final/complete_det_final.gen/sources_1/bd/comblock_setup/ipshared/2cb9/hdl/axi_comblock.vhdl:186]
INFO: [Synth 8-256] done synthesizing module 'comblock_setup_comblock_0_0' (0#1) [c:/Users/gm/Vivado Projects/complete_det_final/complete_det_final.gen/sources_1/bd/comblock_setup/ip/comblock_setup_comblock_0_0/synth/comblock_setup_comblock_0_0.vhd:92]
WARNING: [Synth 8-6014] Unused sequential element fifo_in_clear_reg was removed.  [c:/Users/gm/Vivado Projects/complete_det_final/complete_det_final.gen/sources_1/bd/comblock_setup/ipshared/2cb9/hdl/comblock.vhdl:361]
WARNING: [Synth 8-6014] Unused sequential element fifo_in_under_r_reg was removed.  [c:/Users/gm/Vivado Projects/complete_det_final/complete_det_final.gen/sources_1/bd/comblock_setup/ipshared/2cb9/hdl/comblock.vhdl:379]
WARNING: [Synth 8-3848] Net ram_data_o in module/entity ComBlock does not have driver. [c:/Users/gm/Vivado Projects/complete_det_final/complete_det_final.gen/sources_1/bd/comblock_setup/ipshared/2cb9/hdl/comblock.vhdl:87]
WARNING: [Synth 8-3848] Net fifo_in_full_o in module/entity ComBlock does not have driver. [c:/Users/gm/Vivado Projects/complete_det_final/complete_det_final.gen/sources_1/bd/comblock_setup/ipshared/2cb9/hdl/comblock.vhdl:93]
WARNING: [Synth 8-3848] Net fifo_in_afull_o in module/entity ComBlock does not have driver. [c:/Users/gm/Vivado Projects/complete_det_final/complete_det_final.gen/sources_1/bd/comblock_setup/ipshared/2cb9/hdl/comblock.vhdl:94]
WARNING: [Synth 8-3848] Net fifo_in_overflow_o in module/entity ComBlock does not have driver. [c:/Users/gm/Vivado Projects/complete_det_final/complete_det_final.gen/sources_1/bd/comblock_setup/ipshared/2cb9/hdl/comblock.vhdl:95]
WARNING: [Synth 8-3848] Net mem_data_o in module/entity ComBlock does not have driver. [c:/Users/gm/Vivado Projects/complete_det_final/complete_det_final.gen/sources_1/bd/comblock_setup/ipshared/2cb9/hdl/comblock.vhdl:121]
WARNING: [Synth 8-7129] Port ram_data_o[15] in module ComBlock is either unconnected or has no load
WARNING: [Synth 8-7129] Port ram_data_o[14] in module ComBlock is either unconnected or has no load
WARNING: [Synth 8-7129] Port ram_data_o[13] in module ComBlock is either unconnected or has no load
WARNING: [Synth 8-7129] Port ram_data_o[12] in module ComBlock is either unconnected or has no load
WARNING: [Synth 8-7129] Port ram_data_o[11] in module ComBlock is either unconnected or has no load
WARNING: [Synth 8-7129] Port ram_data_o[10] in module ComBlock is either unconnected or has no load
WARNING: [Synth 8-7129] Port ram_data_o[9] in module ComBlock is either unconnected or has no load
WARNING: [Synth 8-7129] Port ram_data_o[8] in module ComBlock is either unconnected or has no load
WARNING: [Synth 8-7129] Port ram_data_o[7] in module ComBlock is either unconnected or has no load
WARNING: [Synth 8-7129] Port ram_data_o[6] in module ComBlock is either unconnected or has no load
WARNING: [Synth 8-7129] Port ram_data_o[5] in module ComBlock is either unconnected or has no load
WARNING: [Synth 8-7129] Port ram_data_o[4] in module ComBlock is either unconnected or has no load
WARNING: [Synth 8-7129] Port ram_data_o[3] in module ComBlock is either unconnected or has no load
WARNING: [Synth 8-7129] Port ram_data_o[2] in module ComBlock is either unconnected or has no load
WARNING: [Synth 8-7129] Port ram_data_o[1] in module ComBlock is either unconnected or has no load
WARNING: [Synth 8-7129] Port ram_data_o[0] in module ComBlock is either unconnected or has no load
WARNING: [Synth 8-7129] Port fifo_in_full_o in module ComBlock is either unconnected or has no load
WARNING: [Synth 8-7129] Port fifo_in_afull_o in module ComBlock is either unconnected or has no load
WARNING: [Synth 8-7129] Port fifo_in_overflow_o in module ComBlock is either unconnected or has no load
WARNING: [Synth 8-7129] Port mem_data_o[15] in module ComBlock is either unconnected or has no load
WARNING: [Synth 8-7129] Port mem_data_o[14] in module ComBlock is either unconnected or has no load
WARNING: [Synth 8-7129] Port mem_data_o[13] in module ComBlock is either unconnected or has no load
WARNING: [Synth 8-7129] Port mem_data_o[12] in module ComBlock is either unconnected or has no load
WARNING: [Synth 8-7129] Port mem_data_o[11] in module ComBlock is either unconnected or has no load
WARNING: [Synth 8-7129] Port mem_data_o[10] in module ComBlock is either unconnected or has no load
WARNING: [Synth 8-7129] Port mem_data_o[9] in module ComBlock is either unconnected or has no load
WARNING: [Synth 8-7129] Port mem_data_o[8] in module ComBlock is either unconnected or has no load
WARNING: [Synth 8-7129] Port mem_data_o[7] in module ComBlock is either unconnected or has no load
WARNING: [Synth 8-7129] Port mem_data_o[6] in module ComBlock is either unconnected or has no load
WARNING: [Synth 8-7129] Port mem_data_o[5] in module ComBlock is either unconnected or has no load
WARNING: [Synth 8-7129] Port mem_data_o[4] in module ComBlock is either unconnected or has no load
WARNING: [Synth 8-7129] Port mem_data_o[3] in module ComBlock is either unconnected or has no load
WARNING: [Synth 8-7129] Port mem_data_o[2] in module ComBlock is either unconnected or has no load
WARNING: [Synth 8-7129] Port mem_data_o[1] in module ComBlock is either unconnected or has no load
WARNING: [Synth 8-7129] Port mem_data_o[0] in module ComBlock is either unconnected or has no load
WARNING: [Synth 8-7129] Port reg1_i[31] in module ComBlock is either unconnected or has no load
WARNING: [Synth 8-7129] Port reg1_i[30] in module ComBlock is either unconnected or has no load
WARNING: [Synth 8-7129] Port reg1_i[29] in module ComBlock is either unconnected or has no load
WARNING: [Synth 8-7129] Port reg1_i[28] in module ComBlock is either unconnected or has no load
WARNING: [Synth 8-7129] Port reg1_i[27] in module ComBlock is either unconnected or has no load
WARNING: [Synth 8-7129] Port reg1_i[26] in module ComBlock is either unconnected or has no load
WARNING: [Synth 8-7129] Port reg1_i[25] in module ComBlock is either unconnected or has no load
WARNING: [Synth 8-7129] Port reg1_i[24] in module ComBlock is either unconnected or has no load
WARNING: [Synth 8-7129] Port reg1_i[23] in module ComBlock is either unconnected or has no load
WARNING: [Synth 8-7129] Port reg1_i[22] in module ComBlock is either unconnected or has no load
WARNING: [Synth 8-7129] Port reg1_i[21] in module ComBlock is either unconnected or has no load
WARNING: [Synth 8-7129] Port reg1_i[20] in module ComBlock is either unconnected or has no load
WARNING: [Synth 8-7129] Port reg1_i[19] in module ComBlock is either unconnected or has no load
WARNING: [Synth 8-7129] Port reg1_i[18] in module ComBlock is either unconnected or has no load
WARNING: [Synth 8-7129] Port reg1_i[17] in module ComBlock is either unconnected or has no load
WARNING: [Synth 8-7129] Port reg1_i[16] in module ComBlock is either unconnected or has no load
WARNING: [Synth 8-7129] Port reg1_i[15] in module ComBlock is either unconnected or has no load
WARNING: [Synth 8-7129] Port reg1_i[14] in module ComBlock is either unconnected or has no load
WARNING: [Synth 8-7129] Port reg1_i[13] in module ComBlock is either unconnected or has no load
WARNING: [Synth 8-7129] Port reg1_i[12] in module ComBlock is either unconnected or has no load
WARNING: [Synth 8-7129] Port reg1_i[11] in module ComBlock is either unconnected or has no load
WARNING: [Synth 8-7129] Port reg1_i[10] in module ComBlock is either unconnected or has no load
WARNING: [Synth 8-7129] Port reg1_i[9] in module ComBlock is either unconnected or has no load
WARNING: [Synth 8-7129] Port reg1_i[8] in module ComBlock is either unconnected or has no load
WARNING: [Synth 8-7129] Port reg1_i[7] in module ComBlock is either unconnected or has no load
WARNING: [Synth 8-7129] Port reg1_i[6] in module ComBlock is either unconnected or has no load
WARNING: [Synth 8-7129] Port reg1_i[5] in module ComBlock is either unconnected or has no load
WARNING: [Synth 8-7129] Port reg1_i[4] in module ComBlock is either unconnected or has no load
WARNING: [Synth 8-7129] Port reg1_i[3] in module ComBlock is either unconnected or has no load
WARNING: [Synth 8-7129] Port reg1_i[2] in module ComBlock is either unconnected or has no load
WARNING: [Synth 8-7129] Port reg1_i[1] in module ComBlock is either unconnected or has no load
WARNING: [Synth 8-7129] Port reg1_i[0] in module ComBlock is either unconnected or has no load
WARNING: [Synth 8-7129] Port reg2_i[31] in module ComBlock is either unconnected or has no load
WARNING: [Synth 8-7129] Port reg2_i[30] in module ComBlock is either unconnected or has no load
WARNING: [Synth 8-7129] Port reg2_i[29] in module ComBlock is either unconnected or has no load
WARNING: [Synth 8-7129] Port reg2_i[28] in module ComBlock is either unconnected or has no load
WARNING: [Synth 8-7129] Port reg2_i[27] in module ComBlock is either unconnected or has no load
WARNING: [Synth 8-7129] Port reg2_i[26] in module ComBlock is either unconnected or has no load
WARNING: [Synth 8-7129] Port reg2_i[25] in module ComBlock is either unconnected or has no load
WARNING: [Synth 8-7129] Port reg2_i[24] in module ComBlock is either unconnected or has no load
WARNING: [Synth 8-7129] Port reg2_i[23] in module ComBlock is either unconnected or has no load
WARNING: [Synth 8-7129] Port reg2_i[22] in module ComBlock is either unconnected or has no load
WARNING: [Synth 8-7129] Port reg2_i[21] in module ComBlock is either unconnected or has no load
WARNING: [Synth 8-7129] Port reg2_i[20] in module ComBlock is either unconnected or has no load
WARNING: [Synth 8-7129] Port reg2_i[19] in module ComBlock is either unconnected or has no load
WARNING: [Synth 8-7129] Port reg2_i[18] in module ComBlock is either unconnected or has no load
WARNING: [Synth 8-7129] Port reg2_i[17] in module ComBlock is either unconnected or has no load
WARNING: [Synth 8-7129] Port reg2_i[16] in module ComBlock is either unconnected or has no load
WARNING: [Synth 8-7129] Port reg2_i[15] in module ComBlock is either unconnected or has no load
WARNING: [Synth 8-7129] Port reg2_i[14] in module ComBlock is either unconnected or has no load
WARNING: [Synth 8-7129] Port reg2_i[13] in module ComBlock is either unconnected or has no load
WARNING: [Synth 8-7129] Port reg2_i[12] in module ComBlock is either unconnected or has no load
WARNING: [Synth 8-7129] Port reg2_i[11] in module ComBlock is either unconnected or has no load
WARNING: [Synth 8-7129] Port reg2_i[10] in module ComBlock is either unconnected or has no load
WARNING: [Synth 8-7129] Port reg2_i[9] in module ComBlock is either unconnected or has no load
WARNING: [Synth 8-7129] Port reg2_i[8] in module ComBlock is either unconnected or has no load
WARNING: [Synth 8-7129] Port reg2_i[7] in module ComBlock is either unconnected or has no load
WARNING: [Synth 8-7129] Port reg2_i[6] in module ComBlock is either unconnected or has no load
WARNING: [Synth 8-7129] Port reg2_i[5] in module ComBlock is either unconnected or has no load
WARNING: [Synth 8-7129] Port reg2_i[4] in module ComBlock is either unconnected or has no load
WARNING: [Synth 8-7129] Port reg2_i[3] in module ComBlock is either unconnected or has no load
WARNING: [Synth 8-7129] Port reg2_i[2] in module ComBlock is either unconnected or has no load
WARNING: [Synth 8-7129] Port reg2_i[1] in module ComBlock is either unconnected or has no load
WARNING: [Synth 8-7129] Port reg2_i[0] in module ComBlock is either unconnected or has no load
WARNING: [Synth 8-7129] Port reg3_i[31] in module ComBlock is either unconnected or has no load
INFO: [Common 17-14] Message 'Synth 8-7129' appears 100 times and further instances of the messages will be disabled. Use the Tcl command set_msg_config to change the current settings.
---------------------------------------------------------------------------------
Finished RTL Elaboration : Time (s): cpu = 00:00:06 ; elapsed = 00:00:09 . Memory (MB): peak = 1407.023 ; gain = 513.016
---------------------------------------------------------------------------------
---------------------------------------------------------------------------------
Start Handling Custom Attributes
---------------------------------------------------------------------------------
---------------------------------------------------------------------------------
Finished Handling Custom Attributes : Time (s): cpu = 00:00:06 ; elapsed = 00:00:10 . Memory (MB): peak = 1407.023 ; gain = 513.016
---------------------------------------------------------------------------------
---------------------------------------------------------------------------------
Finished RTL Optimization Phase 1 : Time (s): cpu = 00:00:06 ; elapsed = 00:00:10 . Memory (MB): peak = 1407.023 ; gain = 513.016
---------------------------------------------------------------------------------
Netlist sorting complete. Time (s): cpu = 00:00:00 ; elapsed = 00:00:00.015 . Memory (MB): peak = 1407.023 ; gain = 0.000
INFO: [Project 1-570] Preparing netlist for logic optimization

Processing XDC Constraints
Initializing timing engine
Completed Processing XDC Constraints

Netlist sorting complete. Time (s): cpu = 00:00:00 ; elapsed = 00:00:00.001 . Memory (MB): peak = 1510.461 ; gain = 0.000
INFO: [Project 1-111] Unisim Transformation Summary:
No Unisim elements were transformed.

Constraint Validation Runtime : Time (s): cpu = 00:00:00 ; elapsed = 00:00:00.131 . Memory (MB): peak = 1510.504 ; gain = 0.043
INFO: [Designutils 20-5008] Incremental synthesis strategy off
---------------------------------------------------------------------------------
Finished Constraint Validation : Time (s): cpu = 00:00:13 ; elapsed = 00:00:17 . Memory (MB): peak = 1510.504 ; gain = 616.496
---------------------------------------------------------------------------------
---------------------------------------------------------------------------------
Start Loading Part and Timing Information
---------------------------------------------------------------------------------
Loading part: xc7z020clg484-1
---------------------------------------------------------------------------------
Finished Loading Part and Timing Information : Time (s): cpu = 00:00:13 ; elapsed = 00:00:17 . Memory (MB): peak = 1510.504 ; gain = 616.496
---------------------------------------------------------------------------------
---------------------------------------------------------------------------------
Start Applying 'set_property' XDC Constraints
---------------------------------------------------------------------------------
---------------------------------------------------------------------------------
Finished applying 'set_property' XDC Constraints : Time (s): cpu = 00:00:13 ; elapsed = 00:00:17 . Memory (MB): peak = 1510.504 ; gain = 616.496
---------------------------------------------------------------------------------
INFO: [Synth 8-3971] The signal "tdpram:/ram_reg" was recognized as a true dual port RAM template.
---------------------------------------------------------------------------------
Finished RTL Optimization Phase 2 : Time (s): cpu = 00:00:13 ; elapsed = 00:00:18 . Memory (MB): peak = 1510.504 ; gain = 616.496
---------------------------------------------------------------------------------
---------------------------------------------------------------------------------
Start RTL Component Statistics 
---------------------------------------------------------------------------------
Detailed RTL Component Info : 
+---Adders : 
	   2 Input   16 Bit       Adders := 2     
	   2 Input   11 Bit       Adders := 2     
	   3 Input   11 Bit       Adders := 2     
	   2 Input    8 Bit       Adders := 2     
+---XORs : 
	   2 Input     11 Bit         XORs := 2     
	   2 Input      1 Bit         XORs := 20    
+---Registers : 
	               32 Bit    Registers := 3     
	               24 Bit    Registers := 2     
	               18 Bit    Registers := 2     
	               11 Bit    Registers := 6     
	                8 Bit    Registers := 6     
	                2 Bit    Registers := 6     
	                1 Bit    Registers := 21    
+---RAMs : 
	              24K Bit	(1024 X 24 bit)          RAMs := 1     
+---Muxes : 
	   2 Input   32 Bit        Muxes := 5     
	   7 Input   32 Bit        Muxes := 1     
	   2 Input   18 Bit        Muxes := 3     
	   2 Input   11 Bit        Muxes := 4     
	   3 Input   11 Bit        Muxes := 4     
	   2 Input    1 Bit        Muxes := 23    
	   4 Input    1 Bit        Muxes := 2     
	   3 Input    1 Bit        Muxes := 2     
---------------------------------------------------------------------------------
Finished RTL Component Statistics 
---------------------------------------------------------------------------------
---------------------------------------------------------------------------------
Start Part Resource Summary
---------------------------------------------------------------------------------
Part Resources:
DSPs: 220 (col length:60)
BRAMs: 280 (col length: RAMB18 60 RAMB36 30)
---------------------------------------------------------------------------------
Finished Part Resource Summary
---------------------------------------------------------------------------------
---------------------------------------------------------------------------------
Start Cross Boundary and Area Optimization
---------------------------------------------------------------------------------
WARNING: [Synth 8-7080] Parallel synthesis criteria is not met
---------------------------------------------------------------------------------
Finished Cross Boundary and Area Optimization : Time (s): cpu = 00:00:15 ; elapsed = 00:00:21 . Memory (MB): peak = 1510.504 ; gain = 616.496
---------------------------------------------------------------------------------
---------------------------------------------------------------------------------
Start ROM, RAM, DSP, Shift Register and Retiming Reporting
---------------------------------------------------------------------------------

Block RAM: Preliminary Mapping Report (see note below)
+----------------------------+------------------------------------------------------+------------------------+---+---+------------------------+---+---+------------------+--------+--------+
|Module Name                 | RTL Object                                           | PORT A (Depth x Width) | W | R | PORT B (Depth x Width) | W | R | Ports driving FF | RAMB18 | RAMB36 | 
+----------------------------+------------------------------------------------------+------------------------+---+---+------------------------+---+---+------------------+--------+--------+
|comblock_setup_comblock_0_0 | U0/comblock_i/fifo_out_g.fifo_out_i/i_memory/ram_reg | 1 K x 24(NO_CHANGE)    | W |   | 1 K x 24(WRITE_FIRST)  |   | R | Port A and B     | 0      | 1      | 
+----------------------------+------------------------------------------------------+------------------------+---+---+------------------------+---+---+------------------+--------+--------+

Note: The table above is a preliminary report that shows the Block RAMs at the current stage of the synthesis flow. Some Block RAMs may be reimplemented as non Block RAM primitives later in the synthesis flow. Multiple instantiated Block RAMs are reported only once. 
---------------------------------------------------------------------------------
Finished ROM, RAM, DSP, Shift Register and Retiming Reporting
---------------------------------------------------------------------------------
---------------------------------------------------------------------------------
Start Applying XDC Timing Constraints
---------------------------------------------------------------------------------
---------------------------------------------------------------------------------
Finished Applying XDC Timing Constraints : Time (s): cpu = 00:00:19 ; elapsed = 00:00:25 . Memory (MB): peak = 1510.504 ; gain = 616.496
---------------------------------------------------------------------------------
---------------------------------------------------------------------------------
Start Timing Optimization
---------------------------------------------------------------------------------
---------------------------------------------------------------------------------
Finished Timing Optimization : Time (s): cpu = 00:00:19 ; elapsed = 00:00:25 . Memory (MB): peak = 1510.504 ; gain = 616.496
---------------------------------------------------------------------------------
---------------------------------------------------------------------------------
Start ROM, RAM, DSP, Shift Register and Retiming Reporting
---------------------------------------------------------------------------------

Block RAM: Final Mapping Report
+----------------------------+------------------------------------------------------+------------------------+---+---+------------------------+---+---+------------------+--------+--------+
|Module Name                 | RTL Object                                           | PORT A (Depth x Width) | W | R | PORT B (Depth x Width) | W | R | Ports driving FF | RAMB18 | RAMB36 | 
+----------------------------+------------------------------------------------------+------------------------+---+---+------------------------+---+---+------------------+--------+--------+
|comblock_setup_comblock_0_0 | U0/comblock_i/fifo_out_g.fifo_out_i/i_memory/ram_reg | 1 K x 24(NO_CHANGE)    | W |   | 1 K x 24(WRITE_FIRST)  |   | R | Port A and B     | 0      | 1      | 
+----------------------------+------------------------------------------------------+------------------------+---+---+------------------------+---+---+------------------+--------+--------+

---------------------------------------------------------------------------------
Finished ROM, RAM, DSP, Shift Register and Retiming Reporting
---------------------------------------------------------------------------------
---------------------------------------------------------------------------------
Start Technology Mapping
---------------------------------------------------------------------------------
INFO: [Synth 8-7052] The timing for the instance U0/comblock_i/fifo_out_g.fifo_out_i/i_memory/ram_reg (implemented as a Block RAM) might be sub-optimal as no optional output register could be merged into the ram block. Providing additional output register may help in improving timing.
---------------------------------------------------------------------------------
Finished Technology Mapping : Time (s): cpu = 00:00:19 ; elapsed = 00:00:25 . Memory (MB): peak = 1510.504 ; gain = 616.496
---------------------------------------------------------------------------------
---------------------------------------------------------------------------------
Start IO Insertion
---------------------------------------------------------------------------------
---------------------------------------------------------------------------------
Start Flattening Before IO Insertion
---------------------------------------------------------------------------------
---------------------------------------------------------------------------------
Finished Flattening Before IO Insertion
---------------------------------------------------------------------------------
---------------------------------------------------------------------------------
Start Final Netlist Cleanup
---------------------------------------------------------------------------------
---------------------------------------------------------------------------------
Finished Final Netlist Cleanup
---------------------------------------------------------------------------------
---------------------------------------------------------------------------------
Finished IO Insertion : Time (s): cpu = 00:00:23 ; elapsed = 00:00:29 . Memory (MB): peak = 1510.504 ; gain = 616.496
---------------------------------------------------------------------------------
---------------------------------------------------------------------------------
Start Renaming Generated Instances
---------------------------------------------------------------------------------
---------------------------------------------------------------------------------
Finished Renaming Generated Instances : Time (s): cpu = 00:00:23 ; elapsed = 00:00:29 . Memory (MB): peak = 1510.504 ; gain = 616.496
---------------------------------------------------------------------------------
---------------------------------------------------------------------------------
Start Rebuilding User Hierarchy
---------------------------------------------------------------------------------
---------------------------------------------------------------------------------
Finished Rebuilding User Hierarchy : Time (s): cpu = 00:00:23 ; elapsed = 00:00:29 . Memory (MB): peak = 1510.504 ; gain = 616.496
---------------------------------------------------------------------------------
---------------------------------------------------------------------------------
Start Renaming Generated Ports
---------------------------------------------------------------------------------
---------------------------------------------------------------------------------
Finished Renaming Generated Ports : Time (s): cpu = 00:00:23 ; elapsed = 00:00:29 . Memory (MB): peak = 1510.504 ; gain = 616.496
---------------------------------------------------------------------------------
---------------------------------------------------------------------------------
Start Handling Custom Attributes
---------------------------------------------------------------------------------
---------------------------------------------------------------------------------
Finished Handling Custom Attributes : Time (s): cpu = 00:00:23 ; elapsed = 00:00:29 . Memory (MB): peak = 1510.504 ; gain = 616.496
---------------------------------------------------------------------------------
---------------------------------------------------------------------------------
Start Renaming Generated Nets
---------------------------------------------------------------------------------
---------------------------------------------------------------------------------
Finished Renaming Generated Nets : Time (s): cpu = 00:00:23 ; elapsed = 00:00:29 . Memory (MB): peak = 1510.504 ; gain = 616.496
---------------------------------------------------------------------------------
---------------------------------------------------------------------------------
Start Writing Synthesis Report
---------------------------------------------------------------------------------

Report BlackBoxes: 
+-+--------------+----------+
| |BlackBox name |Instances |
+-+--------------+----------+
+-+--------------+----------+

Report Cell Usage: 
+------+---------+------+
|      |Cell     |Count |
+------+---------+------+
|1     |CARRY4   |    18|
|2     |LUT1     |     2|
|3     |LUT2     |    30|
|4     |LUT3     |    16|
|5     |LUT4     |    44|
|6     |LUT5     |    38|
|7     |LUT6     |    39|
|8     |RAMB36E1 |     1|
|9     |FDRE     |   146|
|10    |FDSE     |     8|
+------+---------+------+
---------------------------------------------------------------------------------
Finished Writing Synthesis Report : Time (s): cpu = 00:00:23 ; elapsed = 00:00:29 . Memory (MB): peak = 1510.504 ; gain = 616.496
---------------------------------------------------------------------------------
Synthesis finished with 0 errors, 0 critical warnings and 11 warnings.
Synthesis Optimization Runtime : Time (s): cpu = 00:00:15 ; elapsed = 00:00:27 . Memory (MB): peak = 1510.504 ; gain = 513.016
Synthesis Optimization Complete : Time (s): cpu = 00:00:23 ; elapsed = 00:00:29 . Memory (MB): peak = 1510.504 ; gain = 616.496
INFO: [Project 1-571] Translating synthesized netlist
Netlist sorting complete. Time (s): cpu = 00:00:00 ; elapsed = 00:00:00.004 . Memory (MB): peak = 1510.504 ; gain = 0.000
INFO: [Netlist 29-17] Analyzing 19 Unisim elements for replacement
INFO: [Netlist 29-28] Unisim Transformation completed in 0 CPU seconds
INFO: [Project 1-570] Preparing netlist for logic optimization
INFO: [Opt 31-138] Pushed 0 inverter(s) to 0 load pin(s).
Netlist sorting complete. Time (s): cpu = 00:00:00 ; elapsed = 00:00:00 . Memory (MB): peak = 1510.504 ; gain = 0.000
INFO: [Project 1-111] Unisim Transformation Summary:
No Unisim elements were transformed.

Synth Design complete | Checksum: 2c4b205b
INFO: [Common 17-83] Releasing license: Synthesis
40 Infos, 108 Warnings, 0 Critical Warnings and 0 Errors encountered.
synth_design completed successfully
synth_design: Time (s): cpu = 00:00:27 ; elapsed = 00:00:45 . Memory (MB): peak = 1510.504 ; gain = 1025.203
INFO: [Common 17-1381] The checkpoint 'C:/Users/gm/Vivado Projects/complete_det_final/complete_det_final.runs/comblock_setup_comblock_0_0_synth_1/comblock_setup_comblock_0_0.dcp' has been generated.
INFO: [Coretcl 2-1648] Added synthesis output to IP cache for IP comblock_setup_comblock_0_0, cache-ID = cbd03f99fb2a411a
INFO: [Coretcl 2-1174] Renamed 7 cell refs.
INFO: [Common 17-1381] The checkpoint 'C:/Users/gm/Vivado Projects/complete_det_final/complete_det_final.runs/comblock_setup_comblock_0_0_synth_1/comblock_setup_comblock_0_0.dcp' has been generated.
INFO: [runtcl-4] Executing : report_utilization -file comblock_setup_comblock_0_0_utilization_synth.rpt -pb comblock_setup_comblock_0_0_utilization_synth.pb
INFO: [Common 17-206] Exiting Vivado at Thu Aug 13 22:13:30 2026...

*** Running vivado
    with args -log comblock_setup_comblock_0_0.vds -m64 -product Vivado -mode batch -messageDb vivado.pb -notrace -source comblock_setup_comblock_0_0.tcl


ECHO is off.
ECHO is off.

****** Vivado v2023.1 (64-bit)
  **** SW Build 3865809 on Sun May  7 15:05:29 MDT 2023
  **** IP Build 3864474 on Sun May  7 20:36:21 MDT 2023
  **** SharedData Build 3865790 on Sun May 07 13:33:03 MDT 2023
    ** Copyright 1986-2022 Xilinx, Inc. All Rights Reserved.
    ** Copyright 2022-2023 Advanced Micro Devices, Inc. All Rights Reserved.

source comblock_setup_comblock_0_0.tcl -notrace
create_project: Time (s): cpu = 00:00:08 ; elapsed = 00:00:08 . Memory (MB): peak = 450.480 ; gain = 165.223
INFO: [IP_Flow 19-234] Refreshing IP repositories
INFO: [IP_Flow 19-1700] Loaded user IP repository 'd:/Desktop PRE-FORMAT 25/CR_CYCLO/Verilog/ComBlock/core-comblock-master'.
INFO: [IP_Flow 19-2313] Loaded Vivado IP repository 'C:/Xilinx/Vivado/2023.1/data/ip'.
WARNING: [IP_Flow 19-4995] The host OS only allows 260 characters in a normal path. The IP cache path is more than 80 characters. If you experience issues with IP caching, please consider changing the IP cache to a location with a shorter path. Alternately consider using the OS subst command to map part of the path to a drive letter. 
Current IP cache path is c:/Users/gm/Vivado Projects/complete_det_final_full_and_red/complete_det_final_full_and_red.cache/ip 
INFO: [IP_Flow 19-6924] IPCACHE: Running cache check for IP inst: comblock_setup_comblock_0_0
Command: synth_design -top comblock_setup_comblock_0_0 -part xc7z020clg484-1 -incremental_mode off -mode out_of_context
Starting synth_design
Attempting to get a license for feature 'Synthesis' and/or device 'xc7z020'
INFO: [Common 17-349] Got license for feature 'Synthesis' and/or device 'xc7z020'
INFO: [Device 21-403] Loading part xc7z020clg484-1
INFO: [Synth 8-7079] Multithreading enabled for synth_design using a maximum of 2 processes.
INFO: [Synth 8-7078] Launching helper process for spawning children vivado processes
INFO: [Synth 8-7075] Helper process launched with PID 11132
---------------------------------------------------------------------------------
Starting RTL Elaboration : Time (s): cpu = 00:00:06 ; elapsed = 00:00:13 . Memory (MB): peak = 1304.066 ; gain = 409.879
---------------------------------------------------------------------------------
INFO: [Synth 8-638] synthesizing module 'comblock_setup_comblock_0_0' [c:/Users/gm/Vivado Projects/complete_det_final_full_and_red/complete_det_final_full_and_red.gen/sources_1/bd/comblock_setup/ip/comblock_setup_comblock_0_0/synth/comblock_setup_comblock_0_0.vhd:93]
	Parameter REGS_IN_ENA bound to: 1 - type: bool 
	Parameter REGS_IN_DWIDTH bound to: 32 - type: integer 
	Parameter REGS_IN_DEPTH bound to: 1 - type: integer 
	Parameter REGS_OUT_ENA bound to: 1 - type: bool 
	Parameter REGS_OUT_DWIDTH bound to: 32 - type: integer 
	Parameter REGS_OUT_DEPTH bound to: 2 - type: integer 
	Parameter DRAM_IO_ENA bound to: 0 - type: bool 
	Parameter DRAM_IO_DWIDTH bound to: 16 - type: integer 
	Parameter DRAM_IO_AWIDTH bound to: 16 - type: integer 
	Parameter DRAM_IO_DEPTH bound to: 0 - type: integer 
	Parameter FIFO_IN_ENA bound to: 0 - type: bool 
	Parameter FIFO_IN_DWIDTH bound to: 16 - type: integer 
	Parameter FIFO_IN_DEPTH bound to: 1024 - type: integer 
	Parameter FIFO_IN_AFOFFSET bound to: 1 - type: integer 
	Parameter FIFO_IN_AEOFFSET bound to: 1 - type: integer 
	Parameter FIFO_OUT_ENA bound to: 1 - type: bool 
	Parameter FIFO_OUT_DWIDTH bound to: 24 - type: integer 
	Parameter FIFO_OUT_DEPTH bound to: 1024 - type: integer 
	Parameter FIFO_OUT_AFOFFSET bound to: 1 - type: integer 
	Parameter FIFO_OUT_AEOFFSET bound to: 1 - type: integer 
	Parameter C_AXIF_ID_WIDTH bound to: 1 - type: integer 
	Parameter C_AXIF_AWUSER_WIDTH bound to: 1 - type: integer 
	Parameter C_AXIF_ARUSER_WIDTH bound to: 1 - type: integer 
	Parameter C_AXIF_WUSER_WIDTH bound to: 1 - type: integer 
	Parameter C_AXIF_RUSER_WIDTH bound to: 1 - type: integer 
	Parameter C_AXIF_BUSER_WIDTH bound to: 1 - type: integer 
INFO: [Synth 8-3491] module 'axi_comblock' declared at 'c:/Users/gm/Vivado Projects/complete_det_final_full_and_red/complete_det_final_full_and_red.gen/sources_1/bd/comblock_setup/ipshared/2cb9/hdl/axi_comblock.vhdl:17' bound to instance 'U0' of component 'axi_comblock' [c:/Users/gm/Vivado Projects/complete_det_final_full_and_red/complete_det_final_full_and_red.gen/sources_1/bd/comblock_setup/ip/comblock_setup_comblock_0_0/synth/comblock_setup_comblock_0_0.vhd:292]
INFO: [Synth 8-638] synthesizing module 'axi_comblock' [c:/Users/gm/Vivado Projects/complete_det_final_full_and_red/complete_det_final_full_and_red.gen/sources_1/bd/comblock_setup/ipshared/2cb9/hdl/axi_comblock.vhdl:186]
INFO: [Synth 8-638] synthesizing module 'AXIL' [c:/Users/gm/Vivado Projects/complete_det_final_full_and_red/complete_det_final_full_and_red.gen/sources_1/bd/comblock_setup/ipshared/2cb9/hdl/axil.vhdl:91]
INFO: [Synth 8-256] done synthesizing module 'AXIL' (0#1) [c:/Users/gm/Vivado Projects/complete_det_final_full_and_red/complete_det_final_full_and_red.gen/sources_1/bd/comblock_setup/ipshared/2cb9/hdl/axil.vhdl:91]
INFO: [Synth 8-638] synthesizing module 'AXIF' [c:/Users/gm/Vivado Projects/complete_det_final_full_and_red/complete_det_final_full_and_red.gen/sources_1/bd/comblock_setup/ipshared/2cb9/hdl/axif.vhdl:173]
INFO: [Synth 8-256] done synthesizing module 'AXIF' (0#1) [c:/Users/gm/Vivado Projects/complete_det_final_full_and_red/complete_det_final_full_and_red.gen/sources_1/bd/comblock_setup/ipshared/2cb9/hdl/axif.vhdl:173]
INFO: [Synth 8-638] synthesizing module 'ComBlock' [c:/Users/gm/Vivado Projects/complete_det_final_full_and_red/complete_det_final_full_and_red.gen/sources_1/bd/comblock_setup/ipshared/2cb9/hdl/comblock.vhdl:125]
INFO: [Synth 8-638] synthesizing module 'FIFO' [c:/Users/gm/Vivado Projects/complete_det_final_full_and_red/complete_det_final_full_and_red.gen/sources_1/bd/comblock_setup/ipshared/2cb9/hdl/fifo.vhdl:58]
INFO: [Synth 8-638] synthesizing module 'tdpram' [c:/Users/gm/Vivado Projects/complete_det_final_full_and_red/complete_det_final_full_and_red.gen/sources_1/bd/comblock_setup/ipshared/2cb9/hdl/tdpram.vhdl:37]
INFO: [Synth 8-256] done synthesizing module 'tdpram' (0#1) [c:/Users/gm/Vivado Projects/complete_det_final_full_and_red/complete_det_final_full_and_red.gen/sources_1/bd/comblock_setup/ipshared/2cb9/hdl/tdpram.vhdl:37]
INFO: [Synth 8-638] synthesizing module 'GraySync' [c:/Users/gm/Vivado Projects/complete_det_final_full_and_red/complete_det_final_full_and_red.gen/sources_1/bd/comblock_setup/ipshared/2cb9/hdl/graysync.vhdl:29]
INFO: [Synth 8-256] done synthesizing module 'GraySync' (0#1) [c:/Users/gm/Vivado Projects/complete_det_final_full_and_red/complete_det_final_full_and_red.gen/sources_1/bd/comblock_setup/ipshared/2cb9/hdl/graysync.vhdl:29]
INFO: [Synth 8-226] default block is never used [c:/Users/gm/Vivado Projects/complete_det_final_full_and_red/complete_det_final_full_and_red.gen/sources_1/bd/comblock_setup/ipshared/2cb9/hdl/fifo.vhdl:120]
INFO: [Synth 8-256] done synthesizing module 'FIFO' (0#1) [c:/Users/gm/Vivado Projects/complete_det_final_full_and_red/complete_det_final_full_and_red.gen/sources_1/bd/comblock_setup/ipshared/2cb9/hdl/fifo.vhdl:58]
INFO: [Synth 8-256] done synthesizing module 'ComBlock' (0#1) [c:/Users/gm/Vivado Projects/complete_det_final_full_and_red/complete_det_final_full_and_red.gen/sources_1/bd/comblock_setup/ipshared/2cb9/hdl/comblock.vhdl:125]
INFO: [Synth 8-256] done synthesizing module 'axi_comblock' (0#1) [c:/Users/gm/Vivado Projects/complete_det_final_full_and_red/complete_det_final_full_and_red.gen/sources_1/bd/comblock_setup/ipshared/2cb9/hdl/axi_comblock.vhdl:186]
INFO: [Synth 8-256] done synthesizing module 'comblock_setup_comblock_0_0' (0#1) [c:/Users/gm/Vivado Projects/complete_det_final_full_and_red/complete_det_final_full_and_red.gen/sources_1/bd/comblock_setup/ip/comblock_setup_comblock_0_0/synth/comblock_setup_comblock_0_0.vhd:93]
WARNING: [Synth 8-6014] Unused sequential element fifo_in_clear_reg was removed.  [c:/Users/gm/Vivado Projects/complete_det_final_full_and_red/complete_det_final_full_and_red.gen/sources_1/bd/comblock_setup/ipshared/2cb9/hdl/comblock.vhdl:361]
WARNING: [Synth 8-6014] Unused sequential element fifo_in_under_r_reg was removed.  [c:/Users/gm/Vivado Projects/complete_det_final_full_and_red/complete_det_final_full_and_red.gen/sources_1/bd/comblock_setup/ipshared/2cb9/hdl/comblock.vhdl:379]
WARNING: [Synth 8-3848] Net ram_data_o in module/entity ComBlock does not have driver. [c:/Users/gm/Vivado Projects/complete_det_final_full_and_red/complete_det_final_full_and_red.gen/sources_1/bd/comblock_setup/ipshared/2cb9/hdl/comblock.vhdl:87]
WARNING: [Synth 8-3848] Net fifo_in_full_o in module/entity ComBlock does not have driver. [c:/Users/gm/Vivado Projects/complete_det_final_full_and_red/complete_det_final_full_and_red.gen/sources_1/bd/comblock_setup/ipshared/2cb9/hdl/comblock.vhdl:93]
WARNING: [Synth 8-3848] Net fifo_in_afull_o in module/entity ComBlock does not have driver. [c:/Users/gm/Vivado Projects/complete_det_final_full_and_red/complete_det_final_full_and_red.gen/sources_1/bd/comblock_setup/ipshared/2cb9/hdl/comblock.vhdl:94]
WARNING: [Synth 8-3848] Net fifo_in_overflow_o in module/entity ComBlock does not have driver. [c:/Users/gm/Vivado Projects/complete_det_final_full_and_red/complete_det_final_full_and_red.gen/sources_1/bd/comblock_setup/ipshared/2cb9/hdl/comblock.vhdl:95]
WARNING: [Synth 8-3848] Net mem_data_o in module/entity ComBlock does not have driver. [c:/Users/gm/Vivado Projects/complete_det_final_full_and_red/complete_det_final_full_and_red.gen/sources_1/bd/comblock_setup/ipshared/2cb9/hdl/comblock.vhdl:121]
WARNING: [Synth 8-7129] Port ram_data_o[15] in module ComBlock is either unconnected or has no load
WARNING: [Synth 8-7129] Port ram_data_o[14] in module ComBlock is either unconnected or has no load
WARNING: [Synth 8-7129] Port ram_data_o[13] in module ComBlock is either unconnected or has no load
WARNING: [Synth 8-7129] Port ram_data_o[12] in module ComBlock is either unconnected or has no load
WARNING: [Synth 8-7129] Port ram_data_o[11] in module ComBlock is either unconnected or has no load
WARNING: [Synth 8-7129] Port ram_data_o[10] in module ComBlock is either unconnected or has no load
WARNING: [Synth 8-7129] Port ram_data_o[9] in module ComBlock is either unconnected or has no load
WARNING: [Synth 8-7129] Port ram_data_o[8] in module ComBlock is either unconnected or has no load
WARNING: [Synth 8-7129] Port ram_data_o[7] in module ComBlock is either unconnected or has no load
WARNING: [Synth 8-7129] Port ram_data_o[6] in module ComBlock is either unconnected or has no load
WARNING: [Synth 8-7129] Port ram_data_o[5] in module ComBlock is either unconnected or has no load
WARNING: [Synth 8-7129] Port ram_data_o[4] in module ComBlock is either unconnected or has no load
WARNING: [Synth 8-7129] Port ram_data_o[3] in module ComBlock is either unconnected or has no load
WARNING: [Synth 8-7129] Port ram_data_o[2] in module ComBlock is either unconnected or has no load
WARNING: [Synth 8-7129] Port ram_data_o[1] in module ComBlock is either unconnected or has no load
WARNING: [Synth 8-7129] Port ram_data_o[0] in module ComBlock is either unconnected or has no load
WARNING: [Synth 8-7129] Port fifo_in_full_o in module ComBlock is either unconnected or has no load
WARNING: [Synth 8-7129] Port fifo_in_afull_o in module ComBlock is either unconnected or has no load
WARNING: [Synth 8-7129] Port fifo_in_overflow_o in module ComBlock is either unconnected or has no load
WARNING: [Synth 8-7129] Port mem_data_o[15] in module ComBlock is either unconnected or has no load
WARNING: [Synth 8-7129] Port mem_data_o[14] in module ComBlock is either unconnected or has no load
WARNING: [Synth 8-7129] Port mem_data_o[13] in module ComBlock is either unconnected or has no load
WARNING: [Synth 8-7129] Port mem_data_o[12] in module ComBlock is either unconnected or has no load
WARNING: [Synth 8-7129] Port mem_data_o[11] in module ComBlock is either unconnected or has no load
WARNING: [Synth 8-7129] Port mem_data_o[10] in module ComBlock is either unconnected or has no load
WARNING: [Synth 8-7129] Port mem_data_o[9] in module ComBlock is either unconnected or has no load
WARNING: [Synth 8-7129] Port mem_data_o[8] in module ComBlock is either unconnected or has no load
WARNING: [Synth 8-7129] Port mem_data_o[7] in module ComBlock is either unconnected or has no load
WARNING: [Synth 8-7129] Port mem_data_o[6] in module ComBlock is either unconnected or has no load
WARNING: [Synth 8-7129] Port mem_data_o[5] in module ComBlock is either unconnected or has no load
WARNING: [Synth 8-7129] Port mem_data_o[4] in module ComBlock is either unconnected or has no load
WARNING: [Synth 8-7129] Port mem_data_o[3] in module ComBlock is either unconnected or has no load
WARNING: [Synth 8-7129] Port mem_data_o[2] in module ComBlock is either unconnected or has no load
WARNING: [Synth 8-7129] Port mem_data_o[1] in module ComBlock is either unconnected or has no load
WARNING: [Synth 8-7129] Port mem_data_o[0] in module ComBlock is either unconnected or has no load
WARNING: [Synth 8-7129] Port reg1_i[31] in module ComBlock is either unconnected or has no load
WARNING: [Synth 8-7129] Port reg1_i[30] in module ComBlock is either unconnected or has no load
WARNING: [Synth 8-7129] Port reg1_i[29] in module ComBlock is either unconnected or has no load
WARNING: [Synth 8-7129] Port reg1_i[28] in module ComBlock is either unconnected or has no load
WARNING: [Synth 8-7129] Port reg1_i[27] in module ComBlock is either unconnected or has no load
WARNING: [Synth 8-7129] Port reg1_i[26] in module ComBlock is either unconnected or has no load
WARNING: [Synth 8-7129] Port reg1_i[25] in module ComBlock is either unconnected or has no load
WARNING: [Synth 8-7129] Port reg1_i[24] in module ComBlock is either unconnected or has no load
WARNING: [Synth 8-7129] Port reg1_i[23] in module ComBlock is either unconnected or has no load
WARNING: [Synth 8-7129] Port reg1_i[22] in module ComBlock is either unconnected or has no load
WARNING: [Synth 8-7129] Port reg1_i[21] in module ComBlock is either unconnected or has no load
WARNING: [Synth 8-7129] Port reg1_i[20] in module ComBlock is either unconnected or has no load
WARNING: [Synth 8-7129] Port reg1_i[19] in module ComBlock is either unconnected or has no load
WARNING: [Synth 8-7129] Port reg1_i[18] in module ComBlock is either unconnected or has no load
WARNING: [Synth 8-7129] Port reg1_i[17] in module ComBlock is either unconnected or has no load
WARNING: [Synth 8-7129] Port reg1_i[16] in module ComBlock is either unconnected or has no load
WARNING: [Synth 8-7129] Port reg1_i[15] in module ComBlock is either unconnected or has no load
WARNING: [Synth 8-7129] Port reg1_i[14] in module ComBlock is either unconnected or has no load
WARNING: [Synth 8-7129] Port reg1_i[13] in module ComBlock is either unconnected or has no load
WARNING: [Synth 8-7129] Port reg1_i[12] in module ComBlock is either unconnected or has no load
WARNING: [Synth 8-7129] Port reg1_i[11] in module ComBlock is either unconnected or has no load
WARNING: [Synth 8-7129] Port reg1_i[10] in module ComBlock is either unconnected or has no load
WARNING: [Synth 8-7129] Port reg1_i[9] in module ComBlock is either unconnected or has no load
WARNING: [Synth 8-7129] Port reg1_i[8] in module ComBlock is either unconnected or has no load
WARNING: [Synth 8-7129] Port reg1_i[7] in module ComBlock is either unconnected or has no load
WARNING: [Synth 8-7129] Port reg1_i[6] in module ComBlock is either unconnected or has no load
WARNING: [Synth 8-7129] Port reg1_i[5] in module ComBlock is either unconnected or has no load
WARNING: [Synth 8-7129] Port reg1_i[4] in module ComBlock is either unconnected or has no load
WARNING: [Synth 8-7129] Port reg1_i[3] in module ComBlock is either unconnected or has no load
WARNING: [Synth 8-7129] Port reg1_i[2] in module ComBlock is either unconnected or has no load
WARNING: [Synth 8-7129] Port reg1_i[1] in module ComBlock is either unconnected or has no load
WARNING: [Synth 8-7129] Port reg1_i[0] in module ComBlock is either unconnected or has no load
WARNING: [Synth 8-7129] Port reg2_i[31] in module ComBlock is either unconnected or has no load
WARNING: [Synth 8-7129] Port reg2_i[30] in module ComBlock is either unconnected or has no load
WARNING: [Synth 8-7129] Port reg2_i[29] in module ComBlock is either unconnected or has no load
WARNING: [Synth 8-7129] Port reg2_i[28] in module ComBlock is either unconnected or has no load
WARNING: [Synth 8-7129] Port reg2_i[27] in module ComBlock is either unconnected or has no load
WARNING: [Synth 8-7129] Port reg2_i[26] in module ComBlock is either unconnected or has no load
WARNING: [Synth 8-7129] Port reg2_i[25] in module ComBlock is either unconnected or has no load
WARNING: [Synth 8-7129] Port reg2_i[24] in module ComBlock is either unconnected or has no load
WARNING: [Synth 8-7129] Port reg2_i[23] in module ComBlock is either unconnected or has no load
WARNING: [Synth 8-7129] Port reg2_i[22] in module ComBlock is either unconnected or has no load
WARNING: [Synth 8-7129] Port reg2_i[21] in module ComBlock is either unconnected or has no load
WARNING: [Synth 8-7129] Port reg2_i[20] in module ComBlock is either unconnected or has no load
WARNING: [Synth 8-7129] Port reg2_i[19] in module ComBlock is either unconnected or has no load
WARNING: [Synth 8-7129] Port reg2_i[18] in module ComBlock is either unconnected or has no load
WARNING: [Synth 8-7129] Port reg2_i[17] in module ComBlock is either unconnected or has no load
WARNING: [Synth 8-7129] Port reg2_i[16] in module ComBlock is either unconnected or has no load
WARNING: [Synth 8-7129] Port reg2_i[15] in module ComBlock is either unconnected or has no load
WARNING: [Synth 8-7129] Port reg2_i[14] in module ComBlock is either unconnected or has no load
WARNING: [Synth 8-7129] Port reg2_i[13] in module ComBlock is either unconnected or has no load
WARNING: [Synth 8-7129] Port reg2_i[12] in module ComBlock is either unconnected or has no load
WARNING: [Synth 8-7129] Port reg2_i[11] in module ComBlock is either unconnected or has no load
WARNING: [Synth 8-7129] Port reg2_i[10] in module ComBlock is either unconnected or has no load
WARNING: [Synth 8-7129] Port reg2_i[9] in module ComBlock is either unconnected or has no load
WARNING: [Synth 8-7129] Port reg2_i[8] in module ComBlock is either unconnected or has no load
WARNING: [Synth 8-7129] Port reg2_i[7] in module ComBlock is either unconnected or has no load
WARNING: [Synth 8-7129] Port reg2_i[6] in module ComBlock is either unconnected or has no load
WARNING: [Synth 8-7129] Port reg2_i[5] in module ComBlock is either unconnected or has no load
WARNING: [Synth 8-7129] Port reg2_i[4] in module ComBlock is either unconnected or has no load
WARNING: [Synth 8-7129] Port reg2_i[3] in module ComBlock is either unconnected or has no load
WARNING: [Synth 8-7129] Port reg2_i[2] in module ComBlock is either unconnected or has no load
WARNING: [Synth 8-7129] Port reg2_i[1] in module ComBlock is either unconnected or has no load
WARNING: [Synth 8-7129] Port reg2_i[0] in module ComBlock is either unconnected or has no load
WARNING: [Synth 8-7129] Port reg3_i[31] in module ComBlock is either unconnected or has no load
INFO: [Common 17-14] Message 'Synth 8-7129' appears 100 times and further instances of the messages will be disabled. Use the Tcl command set_msg_config to change the current settings.
---------------------------------------------------------------------------------
Finished RTL Elaboration : Time (s): cpu = 00:00:07 ; elapsed = 00:00:15 . Memory (MB): peak = 1404.879 ; gain = 510.691
---------------------------------------------------------------------------------
---------------------------------------------------------------------------------
Start Handling Custom Attributes
---------------------------------------------------------------------------------
---------------------------------------------------------------------------------
Finished Handling Custom Attributes : Time (s): cpu = 00:00:07 ; elapsed = 00:00:16 . Memory (MB): peak = 1404.879 ; gain = 510.691
---------------------------------------------------------------------------------
---------------------------------------------------------------------------------
Finished RTL Optimization Phase 1 : Time (s): cpu = 00:00:07 ; elapsed = 00:00:16 . Memory (MB): peak = 1404.879 ; gain = 510.691
---------------------------------------------------------------------------------
Netlist sorting complete. Time (s): cpu = 00:00:00 ; elapsed = 00:00:00.016 . Memory (MB): peak = 1404.879 ; gain = 0.000
INFO: [Project 1-570] Preparing netlist for logic optimization

Processing XDC Constraints
Initializing timing engine
Completed Processing XDC Constraints

Netlist sorting complete. Time (s): cpu = 00:00:00 ; elapsed = 00:00:00 . Memory (MB): peak = 1473.727 ; gain = 0.000
INFO: [Project 1-111] Unisim Transformation Summary:
No Unisim elements were transformed.

Constraint Validation Runtime : Time (s): cpu = 00:00:00 ; elapsed = 00:00:00.195 . Memory (MB): peak = 1474.992 ; gain = 1.266
INFO: [Designutils 20-5008] Incremental synthesis strategy off
---------------------------------------------------------------------------------
Finished Constraint Validation : Time (s): cpu = 00:00:14 ; elapsed = 00:00:23 . Memory (MB): peak = 1474.992 ; gain = 580.805
---------------------------------------------------------------------------------
---------------------------------------------------------------------------------
Start Loading Part and Timing Information
---------------------------------------------------------------------------------
Loading part: xc7z020clg484-1
---------------------------------------------------------------------------------
Finished Loading Part and Timing Information : Time (s): cpu = 00:00:14 ; elapsed = 00:00:23 . Memory (MB): peak = 1474.992 ; gain = 580.805
---------------------------------------------------------------------------------
---------------------------------------------------------------------------------
Start Applying 'set_property' XDC Constraints
---------------------------------------------------------------------------------
---------------------------------------------------------------------------------
Finished applying 'set_property' XDC Constraints : Time (s): cpu = 00:00:14 ; elapsed = 00:00:23 . Memory (MB): peak = 1474.992 ; gain = 580.805
---------------------------------------------------------------------------------
INFO: [Synth 8-3971] The signal "tdpram:/ram_reg" was recognized as a true dual port RAM template.
---------------------------------------------------------------------------------
Finished RTL Optimization Phase 2 : Time (s): cpu = 00:00:15 ; elapsed = 00:00:24 . Memory (MB): peak = 1474.992 ; gain = 580.805
---------------------------------------------------------------------------------
---------------------------------------------------------------------------------
Start RTL Component Statistics 
---------------------------------------------------------------------------------
Detailed RTL Component Info : 
+---Adders : 
	   2 Input   16 Bit       Adders := 2     
	   2 Input   11 Bit       Adders := 2     
	   3 Input   11 Bit       Adders := 2     
	   2 Input    8 Bit       Adders := 2     
+---XORs : 
	   2 Input     11 Bit         XORs := 2     
	   2 Input      1 Bit         XORs := 20    
+---Registers : 
	               32 Bit    Registers := 4     
	               24 Bit    Registers := 2     
	               18 Bit    Registers := 2     
	               11 Bit    Registers := 6     
	                8 Bit    Registers := 6     
	                2 Bit    Registers := 6     
	                1 Bit    Registers := 21    
+---RAMs : 
	              24K Bit	(1024 X 24 bit)          RAMs := 1     
+---Muxes : 
	   2 Input   32 Bit        Muxes := 5     
	  16 Input   32 Bit        Muxes := 1     
	   7 Input   32 Bit        Muxes := 1     
	   2 Input   18 Bit        Muxes := 3     
	   2 Input   11 Bit        Muxes := 4     
	   3 Input   11 Bit        Muxes := 4     
	   2 Input    1 Bit        Muxes := 26    
	   4 Input    1 Bit        Muxes := 2     
	   3 Input    1 Bit        Muxes := 2     
---------------------------------------------------------------------------------
Finished RTL Component Statistics 
---------------------------------------------------------------------------------
---------------------------------------------------------------------------------
Start Part Resource Summary
---------------------------------------------------------------------------------
Part Resources:
DSPs: 220 (col length:60)
BRAMs: 280 (col length: RAMB18 60 RAMB36 30)
---------------------------------------------------------------------------------
Finished Part Resource Summary
---------------------------------------------------------------------------------
---------------------------------------------------------------------------------
Start Cross Boundary and Area Optimization
---------------------------------------------------------------------------------
WARNING: [Synth 8-7080] Parallel synthesis criteria is not met
---------------------------------------------------------------------------------
Finished Cross Boundary and Area Optimization : Time (s): cpu = 00:00:17 ; elapsed = 00:00:26 . Memory (MB): peak = 1474.992 ; gain = 580.805
---------------------------------------------------------------------------------
---------------------------------------------------------------------------------
Start ROM, RAM, DSP, Shift Register and Retiming Reporting
---------------------------------------------------------------------------------

Block RAM: Preliminary Mapping Report (see note below)
+----------------------------+------------------------------------------------------+------------------------+---+---+------------------------+---+---+------------------+--------+--------+
|Module Name                 | RTL Object                                           | PORT A (Depth x Width) | W | R | PORT B (Depth x Width) | W | R | Ports driving FF | RAMB18 | RAMB36 | 
+----------------------------+------------------------------------------------------+------------------------+---+---+------------------------+---+---+------------------+--------+--------+
|comblock_setup_comblock_0_0 | U0/comblock_i/fifo_out_g.fifo_out_i/i_memory/ram_reg | 1 K x 24(NO_CHANGE)    | W |   | 1 K x 24(WRITE_FIRST)  |   | R | Port A and B     | 0      | 1      | 
+----------------------------+------------------------------------------------------+------------------------+---+---+------------------------+---+---+------------------+--------+--------+

Note: The table above is a preliminary report that shows the Block RAMs at the current stage of the synthesis flow. Some Block RAMs may be reimplemented as non Block RAM primitives later in the synthesis flow. Multiple instantiated Block RAMs are reported only once. 
---------------------------------------------------------------------------------
Finished ROM, RAM, DSP, Shift Register and Retiming Reporting
---------------------------------------------------------------------------------
---------------------------------------------------------------------------------
Start Applying XDC Timing Constraints
---------------------------------------------------------------------------------
---------------------------------------------------------------------------------
Finished Applying XDC Timing Constraints : Time (s): cpu = 00:00:22 ; elapsed = 00:00:31 . Memory (MB): peak = 1474.992 ; gain = 580.805
---------------------------------------------------------------------------------
---------------------------------------------------------------------------------
Start Timing Optimization
---------------------------------------------------------------------------------
---------------------------------------------------------------------------------
Finished Timing Optimization : Time (s): cpu = 00:00:22 ; elapsed = 00:00:31 . Memory (MB): peak = 1474.992 ; gain = 580.805
---------------------------------------------------------------------------------
---------------------------------------------------------------------------------
Start ROM, RAM, DSP, Shift Register and Retiming Reporting
---------------------------------------------------------------------------------

Block RAM: Final Mapping Report
+----------------------------+------------------------------------------------------+------------------------+---+---+------------------------+---+---+------------------+--------+--------+
|Module Name                 | RTL Object                                           | PORT A (Depth x Width) | W | R | PORT B (Depth x Width) | W | R | Ports driving FF | RAMB18 | RAMB36 | 
+----------------------------+------------------------------------------------------+------------------------+---+---+------------------------+---+---+------------------+--------+--------+
|comblock_setup_comblock_0_0 | U0/comblock_i/fifo_out_g.fifo_out_i/i_memory/ram_reg | 1 K x 24(NO_CHANGE)    | W |   | 1 K x 24(WRITE_FIRST)  |   | R | Port A and B     | 0      | 1      | 
+----------------------------+------------------------------------------------------+------------------------+---+---+------------------------+---+---+------------------+--------+--------+

---------------------------------------------------------------------------------
Finished ROM, RAM, DSP, Shift Register and Retiming Reporting
---------------------------------------------------------------------------------
---------------------------------------------------------------------------------
Start Technology Mapping
---------------------------------------------------------------------------------
INFO: [Synth 8-7052] The timing for the instance U0/comblock_i/fifo_out_g.fifo_out_i/i_memory/ram_reg (implemented as a Block RAM) might be sub-optimal as no optional output register could be merged into the ram block. Providing additional output register may help in improving timing.
---------------------------------------------------------------------------------
Finished Technology Mapping : Time (s): cpu = 00:00:22 ; elapsed = 00:00:32 . Memory (MB): peak = 1474.992 ; gain = 580.805
---------------------------------------------------------------------------------
---------------------------------------------------------------------------------
Start IO Insertion
---------------------------------------------------------------------------------
---------------------------------------------------------------------------------
Start Flattening Before IO Insertion
---------------------------------------------------------------------------------
---------------------------------------------------------------------------------
Finished Flattening Before IO Insertion
---------------------------------------------------------------------------------
---------------------------------------------------------------------------------
Start Final Netlist Cleanup
---------------------------------------------------------------------------------
---------------------------------------------------------------------------------
Finished Final Netlist Cleanup
---------------------------------------------------------------------------------
---------------------------------------------------------------------------------
Finished IO Insertion : Time (s): cpu = 00:00:26 ; elapsed = 00:00:36 . Memory (MB): peak = 1474.992 ; gain = 580.805
---------------------------------------------------------------------------------
---------------------------------------------------------------------------------
Start Renaming Generated Instances
---------------------------------------------------------------------------------
---------------------------------------------------------------------------------
Finished Renaming Generated Instances : Time (s): cpu = 00:00:26 ; elapsed = 00:00:36 . Memory (MB): peak = 1474.992 ; gain = 580.805
---------------------------------------------------------------------------------
---------------------------------------------------------------------------------
Start Rebuilding User Hierarchy
---------------------------------------------------------------------------------
---------------------------------------------------------------------------------
Finished Rebuilding User Hierarchy : Time (s): cpu = 00:00:26 ; elapsed = 00:00:36 . Memory (MB): peak = 1474.992 ; gain = 580.805
---------------------------------------------------------------------------------
---------------------------------------------------------------------------------
Start Renaming Generated Ports
---------------------------------------------------------------------------------
---------------------------------------------------------------------------------
Finished Renaming Generated Ports : Time (s): cpu = 00:00:26 ; elapsed = 00:00:36 . Memory (MB): peak = 1474.992 ; gain = 580.805
---------------------------------------------------------------------------------
---------------------------------------------------------------------------------
Start Handling Custom Attributes
---------------------------------------------------------------------------------
---------------------------------------------------------------------------------
Finished Handling Custom Attributes : Time (s): cpu = 00:00:26 ; elapsed = 00:00:36 . Memory (MB): peak = 1474.992 ; gain = 580.805
---------------------------------------------------------------------------------
---------------------------------------------------------------------------------
Start Renaming Generated Nets
---------------------------------------------------------------------------------
---------------------------------------------------------------------------------
Finished Renaming Generated Nets : Time (s): cpu = 00:00:26 ; elapsed = 00:00:36 . Memory (MB): peak = 1474.992 ; gain = 580.805
---------------------------------------------------------------------------------
---------------------------------------------------------------------------------
Start Writing Synthesis Report
---------------------------------------------------------------------------------

Report BlackBoxes: 
+-+--------------+----------+
| |BlackBox name |Instances |
+-+--------------+----------+
+-+--------------+----------+

Report Cell Usage: 
+------+---------+------+
|      |Cell     |Count |
+------+---------+------+
|1     |CARRY4   |    18|
|2     |LUT1     |     1|
|3     |LUT2     |    59|
|4     |LUT3     |    17|
|5     |LUT4     |    31|
|6     |LUT5     |    29|
|7     |LUT6     |    41|
|8     |RAMB36E1 |     1|
|9     |FDRE     |   178|
|10    |FDSE     |     8|
+------+---------+------+
---------------------------------------------------------------------------------
Finished Writing Synthesis Report : Time (s): cpu = 00:00:26 ; elapsed = 00:00:36 . Memory (MB): peak = 1474.992 ; gain = 580.805
---------------------------------------------------------------------------------
Synthesis finished with 0 errors, 0 critical warnings and 11 warnings.
Synthesis Optimization Runtime : Time (s): cpu = 00:00:17 ; elapsed = 00:00:33 . Memory (MB): peak = 1474.992 ; gain = 510.691
Synthesis Optimization Complete : Time (s): cpu = 00:00:26 ; elapsed = 00:00:36 . Memory (MB): peak = 1474.992 ; gain = 580.805
INFO: [Project 1-571] Translating synthesized netlist
Netlist sorting complete. Time (s): cpu = 00:00:00 ; elapsed = 00:00:00.007 . Memory (MB): peak = 1474.992 ; gain = 0.000
INFO: [Netlist 29-17] Analyzing 19 Unisim elements for replacement
INFO: [Netlist 29-28] Unisim Transformation completed in 0 CPU seconds
INFO: [Project 1-570] Preparing netlist for logic optimization
INFO: [Opt 31-138] Pushed 0 inverter(s) to 0 load pin(s).
Netlist sorting complete. Time (s): cpu = 00:00:00 ; elapsed = 00:00:00.001 . Memory (MB): peak = 1474.992 ; gain = 0.000
INFO: [Project 1-111] Unisim Transformation Summary:
No Unisim elements were transformed.

Synth Design complete | Checksum: 77c0e417
INFO: [Common 17-83] Releasing license: Synthesis
40 Infos, 109 Warnings, 0 Critical Warnings and 0 Errors encountered.
synth_design completed successfully
synth_design: Time (s): cpu = 00:00:31 ; elapsed = 00:00:44 . Memory (MB): peak = 1474.992 ; gain = 987.457
INFO: [Common 17-1381] The checkpoint 'C:/Users/gm/Vivado Projects/complete_det_final_full_and_red/complete_det_final_full_and_red.runs/comblock_setup_comblock_0_0_synth_1/comblock_setup_comblock_0_0.dcp' has been generated.
INFO: [Coretcl 2-1648] Added synthesis output to IP cache for IP comblock_setup_comblock_0_0, cache-ID = 97381b7a5fce071e
INFO: [Coretcl 2-1174] Renamed 7 cell refs.
INFO: [Common 17-1381] The checkpoint 'C:/Users/gm/Vivado Projects/complete_det_final_full_and_red/complete_det_final_full_and_red.runs/comblock_setup_comblock_0_0_synth_1/comblock_setup_comblock_0_0.dcp' has been generated.
INFO: [runtcl-4] Executing : report_utilization -file comblock_setup_comblock_0_0_utilization_synth.rpt -pb comblock_setup_comblock_0_0_utilization_synth.pb
INFO: [Common 17-206] Exiting Vivado at Wed Aug 19 13:11:33 2026...

*** Running vivado
    with args -log comblock_setup_comblock_0_0.vds -m64 -product Vivado -mode batch -messageDb vivado.pb -notrace -source comblock_setup_comblock_0_0.tcl


ECHO is off.
ECHO is off.

****** Vivado v2023.1 (64-bit)
  **** SW Build 3865809 on Sun May  7 15:05:29 MDT 2023
  **** IP Build 3864474 on Sun May  7 20:36:21 MDT 2023
  **** SharedData Build 3865790 on Sun May 07 13:33:03 MDT 2023
    ** Copyright 1986-2022 Xilinx, Inc. All Rights Reserved.
    ** Copyright 2022-2023 Advanced Micro Devices, Inc. All Rights Reserved.

source comblock_setup_comblock_0_0.tcl -notrace
create_project: Time (s): cpu = 00:00:08 ; elapsed = 00:00:08 . Memory (MB): peak = 449.375 ; gain = 165.312
INFO: [IP_Flow 19-234] Refreshing IP repositories
INFO: [IP_Flow 19-1700] Loaded user IP repository 'd:/Desktop PRE-FORMAT 25/CR_CYCLO/Verilog/ComBlock/core-comblock-master'.
INFO: [IP_Flow 19-2313] Loaded Vivado IP repository 'C:/Xilinx/Vivado/2023.1/data/ip'.
WARNING: [IP_Flow 19-4995] The host OS only allows 260 characters in a normal path. The IP cache path is more than 80 characters. If you experience issues with IP caching, please consider changing the IP cache to a location with a shorter path. Alternately consider using the OS subst command to map part of the path to a drive letter. 
Current IP cache path is c:/Users/gm/Vivado Projects/complete_det_final_debug/complete_det_final_debug.cache/ip 
INFO: [IP_Flow 19-6924] IPCACHE: Running cache check for IP inst: comblock_setup_comblock_0_0
Command: synth_design -top comblock_setup_comblock_0_0 -part xc7z020clg484-1 -incremental_mode off -mode out_of_context
Starting synth_design
Attempting to get a license for feature 'Synthesis' and/or device 'xc7z020'
INFO: [Common 17-349] Got license for feature 'Synthesis' and/or device 'xc7z020'
INFO: [Device 21-403] Loading part xc7z020clg484-1
INFO: [Synth 8-7079] Multithreading enabled for synth_design using a maximum of 2 processes.
INFO: [Synth 8-7078] Launching helper process for spawning children vivado processes
INFO: [Synth 8-7075] Helper process launched with PID 4268
---------------------------------------------------------------------------------
Starting RTL Elaboration : Time (s): cpu = 00:00:05 ; elapsed = 00:00:06 . Memory (MB): peak = 1303.117 ; gain = 410.199
---------------------------------------------------------------------------------
INFO: [Synth 8-638] synthesizing module 'comblock_setup_comblock_0_0' [c:/Users/gm/Vivado Projects/complete_det_final_debug/complete_det_final_debug.gen/sources_1/bd/comblock_setup/ip/comblock_setup_comblock_0_0/synth/comblock_setup_comblock_0_0.vhd:98]
	Parameter REGS_IN_ENA bound to: 1 - type: bool 
	Parameter REGS_IN_DWIDTH bound to: 32 - type: integer 
	Parameter REGS_IN_DEPTH bound to: 6 - type: integer 
	Parameter REGS_OUT_ENA bound to: 1 - type: bool 
	Parameter REGS_OUT_DWIDTH bound to: 32 - type: integer 
	Parameter REGS_OUT_DEPTH bound to: 2 - type: integer 
	Parameter DRAM_IO_ENA bound to: 0 - type: bool 
	Parameter DRAM_IO_DWIDTH bound to: 16 - type: integer 
	Parameter DRAM_IO_AWIDTH bound to: 16 - type: integer 
	Parameter DRAM_IO_DEPTH bound to: 0 - type: integer 
	Parameter FIFO_IN_ENA bound to: 0 - type: bool 
	Parameter FIFO_IN_DWIDTH bound to: 16 - type: integer 
	Parameter FIFO_IN_DEPTH bound to: 1024 - type: integer 
	Parameter FIFO_IN_AFOFFSET bound to: 1 - type: integer 
	Parameter FIFO_IN_AEOFFSET bound to: 1 - type: integer 
	Parameter FIFO_OUT_ENA bound to: 1 - type: bool 
	Parameter FIFO_OUT_DWIDTH bound to: 24 - type: integer 
	Parameter FIFO_OUT_DEPTH bound to: 1024 - type: integer 
	Parameter FIFO_OUT_AFOFFSET bound to: 1 - type: integer 
	Parameter FIFO_OUT_AEOFFSET bound to: 1 - type: integer 
	Parameter C_AXIF_ID_WIDTH bound to: 1 - type: integer 
	Parameter C_AXIF_AWUSER_WIDTH bound to: 1 - type: integer 
	Parameter C_AXIF_ARUSER_WIDTH bound to: 1 - type: integer 
	Parameter C_AXIF_WUSER_WIDTH bound to: 1 - type: integer 
	Parameter C_AXIF_RUSER_WIDTH bound to: 1 - type: integer 
	Parameter C_AXIF_BUSER_WIDTH bound to: 1 - type: integer 
INFO: [Synth 8-3491] module 'axi_comblock' declared at 'c:/Users/gm/Vivado Projects/complete_det_final_debug/complete_det_final_debug.gen/sources_1/bd/comblock_setup/ipshared/2cb9/hdl/axi_comblock.vhdl:17' bound to instance 'U0' of component 'axi_comblock' [c:/Users/gm/Vivado Projects/complete_det_final_debug/complete_det_final_debug.gen/sources_1/bd/comblock_setup/ip/comblock_setup_comblock_0_0/synth/comblock_setup_comblock_0_0.vhd:302]
INFO: [Synth 8-638] synthesizing module 'axi_comblock' [c:/Users/gm/Vivado Projects/complete_det_final_debug/complete_det_final_debug.gen/sources_1/bd/comblock_setup/ipshared/2cb9/hdl/axi_comblock.vhdl:186]
INFO: [Synth 8-638] synthesizing module 'AXIL' [c:/Users/gm/Vivado Projects/complete_det_final_debug/complete_det_final_debug.gen/sources_1/bd/comblock_setup/ipshared/2cb9/hdl/axil.vhdl:91]
INFO: [Synth 8-256] done synthesizing module 'AXIL' (0#1) [c:/Users/gm/Vivado Projects/complete_det_final_debug/complete_det_final_debug.gen/sources_1/bd/comblock_setup/ipshared/2cb9/hdl/axil.vhdl:91]
INFO: [Synth 8-638] synthesizing module 'AXIF' [c:/Users/gm/Vivado Projects/complete_det_final_debug/complete_det_final_debug.gen/sources_1/bd/comblock_setup/ipshared/2cb9/hdl/axif.vhdl:173]
INFO: [Synth 8-256] done synthesizing module 'AXIF' (0#1) [c:/Users/gm/Vivado Projects/complete_det_final_debug/complete_det_final_debug.gen/sources_1/bd/comblock_setup/ipshared/2cb9/hdl/axif.vhdl:173]
INFO: [Synth 8-638] synthesizing module 'ComBlock' [c:/Users/gm/Vivado Projects/complete_det_final_debug/complete_det_final_debug.gen/sources_1/bd/comblock_setup/ipshared/2cb9/hdl/comblock.vhdl:125]
INFO: [Synth 8-638] synthesizing module 'FIFO' [c:/Users/gm/Vivado Projects/complete_det_final_debug/complete_det_final_debug.gen/sources_1/bd/comblock_setup/ipshared/2cb9/hdl/fifo.vhdl:58]
INFO: [Synth 8-638] synthesizing module 'tdpram' [c:/Users/gm/Vivado Projects/complete_det_final_debug/complete_det_final_debug.gen/sources_1/bd/comblock_setup/ipshared/2cb9/hdl/tdpram.vhdl:37]
INFO: [Synth 8-256] done synthesizing module 'tdpram' (0#1) [c:/Users/gm/Vivado Projects/complete_det_final_debug/complete_det_final_debug.gen/sources_1/bd/comblock_setup/ipshared/2cb9/hdl/tdpram.vhdl:37]
INFO: [Synth 8-638] synthesizing module 'GraySync' [c:/Users/gm/Vivado Projects/complete_det_final_debug/complete_det_final_debug.gen/sources_1/bd/comblock_setup/ipshared/2cb9/hdl/graysync.vhdl:29]
INFO: [Synth 8-256] done synthesizing module 'GraySync' (0#1) [c:/Users/gm/Vivado Projects/complete_det_final_debug/complete_det_final_debug.gen/sources_1/bd/comblock_setup/ipshared/2cb9/hdl/graysync.vhdl:29]
INFO: [Synth 8-226] default block is never used [c:/Users/gm/Vivado Projects/complete_det_final_debug/complete_det_final_debug.gen/sources_1/bd/comblock_setup/ipshared/2cb9/hdl/fifo.vhdl:120]
INFO: [Synth 8-256] done synthesizing module 'FIFO' (0#1) [c:/Users/gm/Vivado Projects/complete_det_final_debug/complete_det_final_debug.gen/sources_1/bd/comblock_setup/ipshared/2cb9/hdl/fifo.vhdl:58]
INFO: [Synth 8-256] done synthesizing module 'ComBlock' (0#1) [c:/Users/gm/Vivado Projects/complete_det_final_debug/complete_det_final_debug.gen/sources_1/bd/comblock_setup/ipshared/2cb9/hdl/comblock.vhdl:125]
INFO: [Synth 8-256] done synthesizing module 'axi_comblock' (0#1) [c:/Users/gm/Vivado Projects/complete_det_final_debug/complete_det_final_debug.gen/sources_1/bd/comblock_setup/ipshared/2cb9/hdl/axi_comblock.vhdl:186]
INFO: [Synth 8-256] done synthesizing module 'comblock_setup_comblock_0_0' (0#1) [c:/Users/gm/Vivado Projects/complete_det_final_debug/complete_det_final_debug.gen/sources_1/bd/comblock_setup/ip/comblock_setup_comblock_0_0/synth/comblock_setup_comblock_0_0.vhd:98]
WARNING: [Synth 8-6014] Unused sequential element fifo_in_clear_reg was removed.  [c:/Users/gm/Vivado Projects/complete_det_final_debug/complete_det_final_debug.gen/sources_1/bd/comblock_setup/ipshared/2cb9/hdl/comblock.vhdl:361]
WARNING: [Synth 8-6014] Unused sequential element fifo_in_under_r_reg was removed.  [c:/Users/gm/Vivado Projects/complete_det_final_debug/complete_det_final_debug.gen/sources_1/bd/comblock_setup/ipshared/2cb9/hdl/comblock.vhdl:379]
WARNING: [Synth 8-3848] Net ram_data_o in module/entity ComBlock does not have driver. [c:/Users/gm/Vivado Projects/complete_det_final_debug/complete_det_final_debug.gen/sources_1/bd/comblock_setup/ipshared/2cb9/hdl/comblock.vhdl:87]
WARNING: [Synth 8-3848] Net fifo_in_full_o in module/entity ComBlock does not have driver. [c:/Users/gm/Vivado Projects/complete_det_final_debug/complete_det_final_debug.gen/sources_1/bd/comblock_setup/ipshared/2cb9/hdl/comblock.vhdl:93]
WARNING: [Synth 8-3848] Net fifo_in_afull_o in module/entity ComBlock does not have driver. [c:/Users/gm/Vivado Projects/complete_det_final_debug/complete_det_final_debug.gen/sources_1/bd/comblock_setup/ipshared/2cb9/hdl/comblock.vhdl:94]
WARNING: [Synth 8-3848] Net fifo_in_overflow_o in module/entity ComBlock does not have driver. [c:/Users/gm/Vivado Projects/complete_det_final_debug/complete_det_final_debug.gen/sources_1/bd/comblock_setup/ipshared/2cb9/hdl/comblock.vhdl:95]
WARNING: [Synth 8-3848] Net mem_data_o in module/entity ComBlock does not have driver. [c:/Users/gm/Vivado Projects/complete_det_final_debug/complete_det_final_debug.gen/sources_1/bd/comblock_setup/ipshared/2cb9/hdl/comblock.vhdl:121]
WARNING: [Synth 8-7129] Port ram_data_o[15] in module ComBlock is either unconnected or has no load
WARNING: [Synth 8-7129] Port ram_data_o[14] in module ComBlock is either unconnected or has no load
WARNING: [Synth 8-7129] Port ram_data_o[13] in module ComBlock is either unconnected or has no load
WARNING: [Synth 8-7129] Port ram_data_o[12] in module ComBlock is either unconnected or has no load
WARNING: [Synth 8-7129] Port ram_data_o[11] in module ComBlock is either unconnected or has no load
WARNING: [Synth 8-7129] Port ram_data_o[10] in module ComBlock is either unconnected or has no load
WARNING: [Synth 8-7129] Port ram_data_o[9] in module ComBlock is either unconnected or has no load
WARNING: [Synth 8-7129] Port ram_data_o[8] in module ComBlock is either unconnected or has no load
WARNING: [Synth 8-7129] Port ram_data_o[7] in module ComBlock is either unconnected or has no load
WARNING: [Synth 8-7129] Port ram_data_o[6] in module ComBlock is either unconnected or has no load
WARNING: [Synth 8-7129] Port ram_data_o[5] in module ComBlock is either unconnected or has no load
WARNING: [Synth 8-7129] Port ram_data_o[4] in module ComBlock is either unconnected or has no load
WARNING: [Synth 8-7129] Port ram_data_o[3] in module ComBlock is either unconnected or has no load
WARNING: [Synth 8-7129] Port ram_data_o[2] in module ComBlock is either unconnected or has no load
WARNING: [Synth 8-7129] Port ram_data_o[1] in module ComBlock is either unconnected or has no load
WARNING: [Synth 8-7129] Port ram_data_o[0] in module ComBlock is either unconnected or has no load
WARNING: [Synth 8-7129] Port fifo_in_full_o in module ComBlock is either unconnected or has no load
WARNING: [Synth 8-7129] Port fifo_in_afull_o in module ComBlock is either unconnected or has no load
WARNING: [Synth 8-7129] Port fifo_in_overflow_o in module ComBlock is either unconnected or has no load
WARNING: [Synth 8-7129] Port mem_data_o[15] in module ComBlock is either unconnected or has no load
WARNING: [Synth 8-7129] Port mem_data_o[14] in module ComBlock is either unconnected or has no load
WARNING: [Synth 8-7129] Port mem_data_o[13] in module ComBlock is either unconnected or has no load
WARNING: [Synth 8-7129] Port mem_data_o[12] in module ComBlock is either unconnected or has no load
WARNING: [Synth 8-7129] Port mem_data_o[11] in module ComBlock is either unconnected or has no load
WARNING: [Synth 8-7129] Port mem_data_o[10] in module ComBlock is either unconnected or has no load
WARNING: [Synth 8-7129] Port mem_data_o[9] in module ComBlock is either unconnected or has no load
WARNING: [Synth 8-7129] Port mem_data_o[8] in module ComBlock is either unconnected or has no load
WARNING: [Synth 8-7129] Port mem_data_o[7] in module ComBlock is either unconnected or has no load
WARNING: [Synth 8-7129] Port mem_data_o[6] in module ComBlock is either unconnected or has no load
WARNING: [Synth 8-7129] Port mem_data_o[5] in module ComBlock is either unconnected or has no load
WARNING: [Synth 8-7129] Port mem_data_o[4] in module ComBlock is either unconnected or has no load
WARNING: [Synth 8-7129] Port mem_data_o[3] in module ComBlock is either unconnected or has no load
WARNING: [Synth 8-7129] Port mem_data_o[2] in module ComBlock is either unconnected or has no load
WARNING: [Synth 8-7129] Port mem_data_o[1] in module ComBlock is either unconnected or has no load
WARNING: [Synth 8-7129] Port mem_data_o[0] in module ComBlock is either unconnected or has no load
WARNING: [Synth 8-7129] Port reg6_i[31] in module ComBlock is either unconnected or has no load
WARNING: [Synth 8-7129] Port reg6_i[30] in module ComBlock is either unconnected or has no load
WARNING: [Synth 8-7129] Port reg6_i[29] in module ComBlock is either unconnected or has no load
WARNING: [Synth 8-7129] Port reg6_i[28] in module ComBlock is either unconnected or has no load
WARNING: [Synth 8-7129] Port reg6_i[27] in module ComBlock is either unconnected or has no load
WARNING: [Synth 8-7129] Port reg6_i[26] in module ComBlock is either unconnected or has no load
WARNING: [Synth 8-7129] Port reg6_i[25] in module ComBlock is either unconnected or has no load
WARNING: [Synth 8-7129] Port reg6_i[24] in module ComBlock is either unconnected or has no load
WARNING: [Synth 8-7129] Port reg6_i[23] in module ComBlock is either unconnected or has no load
WARNING: [Synth 8-7129] Port reg6_i[22] in module ComBlock is either unconnected or has no load
WARNING: [Synth 8-7129] Port reg6_i[21] in module ComBlock is either unconnected or has no load
WARNING: [Synth 8-7129] Port reg6_i[20] in module ComBlock is either unconnected or has no load
WARNING: [Synth 8-7129] Port reg6_i[19] in module ComBlock is either unconnected or has no load
WARNING: [Synth 8-7129] Port reg6_i[18] in module ComBlock is either unconnected or has no load
WARNING: [Synth 8-7129] Port reg6_i[17] in module ComBlock is either unconnected or has no load
WARNING: [Synth 8-7129] Port reg6_i[16] in module ComBlock is either unconnected or has no load
WARNING: [Synth 8-7129] Port reg6_i[15] in module ComBlock is either unconnected or has no load
WARNING: [Synth 8-7129] Port reg6_i[14] in module ComBlock is either unconnected or has no load
WARNING: [Synth 8-7129] Port reg6_i[13] in module ComBlock is either unconnected or has no load
WARNING: [Synth 8-7129] Port reg6_i[12] in module ComBlock is either unconnected or has no load
WARNING: [Synth 8-7129] Port reg6_i[11] in module ComBlock is either unconnected or has no load
WARNING: [Synth 8-7129] Port reg6_i[10] in module ComBlock is either unconnected or has no load
WARNING: [Synth 8-7129] Port reg6_i[9] in module ComBlock is either unconnected or has no load
WARNING: [Synth 8-7129] Port reg6_i[8] in module ComBlock is either unconnected or has no load
WARNING: [Synth 8-7129] Port reg6_i[7] in module ComBlock is either unconnected or has no load
WARNING: [Synth 8-7129] Port reg6_i[6] in module ComBlock is either unconnected or has no load
WARNING: [Synth 8-7129] Port reg6_i[5] in module ComBlock is either unconnected or has no load
WARNING: [Synth 8-7129] Port reg6_i[4] in module ComBlock is either unconnected or has no load
WARNING: [Synth 8-7129] Port reg6_i[3] in module ComBlock is either unconnected or has no load
WARNING: [Synth 8-7129] Port reg6_i[2] in module ComBlock is either unconnected or has no load
WARNING: [Synth 8-7129] Port reg6_i[1] in module ComBlock is either unconnected or has no load
WARNING: [Synth 8-7129] Port reg6_i[0] in module ComBlock is either unconnected or has no load
WARNING: [Synth 8-7129] Port reg7_i[31] in module ComBlock is either unconnected or has no load
WARNING: [Synth 8-7129] Port reg7_i[30] in module ComBlock is either unconnected or has no load
WARNING: [Synth 8-7129] Port reg7_i[29] in module ComBlock is either unconnected or has no load
WARNING: [Synth 8-7129] Port reg7_i[28] in module ComBlock is either unconnected or has no load
WARNING: [Synth 8-7129] Port reg7_i[27] in module ComBlock is either unconnected or has no load
WARNING: [Synth 8-7129] Port reg7_i[26] in module ComBlock is either unconnected or has no load
WARNING: [Synth 8-7129] Port reg7_i[25] in module ComBlock is either unconnected or has no load
WARNING: [Synth 8-7129] Port reg7_i[24] in module ComBlock is either unconnected or has no load
WARNING: [Synth 8-7129] Port reg7_i[23] in module ComBlock is either unconnected or has no load
WARNING: [Synth 8-7129] Port reg7_i[22] in module ComBlock is either unconnected or has no load
WARNING: [Synth 8-7129] Port reg7_i[21] in module ComBlock is either unconnected or has no load
WARNING: [Synth 8-7129] Port reg7_i[20] in module ComBlock is either unconnected or has no load
WARNING: [Synth 8-7129] Port reg7_i[19] in module ComBlock is either unconnected or has no load
WARNING: [Synth 8-7129] Port reg7_i[18] in module ComBlock is either unconnected or has no load
WARNING: [Synth 8-7129] Port reg7_i[17] in module ComBlock is either unconnected or has no load
WARNING: [Synth 8-7129] Port reg7_i[16] in module ComBlock is either unconnected or has no load
WARNING: [Synth 8-7129] Port reg7_i[15] in module ComBlock is either unconnected or has no load
WARNING: [Synth 8-7129] Port reg7_i[14] in module ComBlock is either unconnected or has no load
WARNING: [Synth 8-7129] Port reg7_i[13] in module ComBlock is either unconnected or has no load
WARNING: [Synth 8-7129] Port reg7_i[12] in module ComBlock is either unconnected or has no load
WARNING: [Synth 8-7129] Port reg7_i[11] in module ComBlock is either unconnected or has no load
WARNING: [Synth 8-7129] Port reg7_i[10] in module ComBlock is either unconnected or has no load
WARNING: [Synth 8-7129] Port reg7_i[9] in module ComBlock is either unconnected or has no load
WARNING: [Synth 8-7129] Port reg7_i[8] in module ComBlock is either unconnected or has no load
WARNING: [Synth 8-7129] Port reg7_i[7] in module ComBlock is either unconnected or has no load
WARNING: [Synth 8-7129] Port reg7_i[6] in module ComBlock is either unconnected or has no load
WARNING: [Synth 8-7129] Port reg7_i[5] in module ComBlock is either unconnected or has no load
WARNING: [Synth 8-7129] Port reg7_i[4] in module ComBlock is either unconnected or has no load
WARNING: [Synth 8-7129] Port reg7_i[3] in module ComBlock is either unconnected or has no load
WARNING: [Synth 8-7129] Port reg7_i[2] in module ComBlock is either unconnected or has no load
WARNING: [Synth 8-7129] Port reg7_i[1] in module ComBlock is either unconnected or has no load
WARNING: [Synth 8-7129] Port reg7_i[0] in module ComBlock is either unconnected or has no load
WARNING: [Synth 8-7129] Port reg8_i[31] in module ComBlock is either unconnected or has no load
INFO: [Common 17-14] Message 'Synth 8-7129' appears 100 times and further instances of the messages will be disabled. Use the Tcl command set_msg_config to change the current settings.
---------------------------------------------------------------------------------
Finished RTL Elaboration : Time (s): cpu = 00:00:07 ; elapsed = 00:00:08 . Memory (MB): peak = 1405.223 ; gain = 512.305
---------------------------------------------------------------------------------
---------------------------------------------------------------------------------
Start Handling Custom Attributes
---------------------------------------------------------------------------------
---------------------------------------------------------------------------------
Finished Handling Custom Attributes : Time (s): cpu = 00:00:07 ; elapsed = 00:00:08 . Memory (MB): peak = 1405.223 ; gain = 512.305
---------------------------------------------------------------------------------
---------------------------------------------------------------------------------
Finished RTL Optimization Phase 1 : Time (s): cpu = 00:00:07 ; elapsed = 00:00:08 . Memory (MB): peak = 1405.223 ; gain = 512.305
---------------------------------------------------------------------------------
Netlist sorting complete. Time (s): cpu = 00:00:00 ; elapsed = 00:00:00.017 . Memory (MB): peak = 1405.223 ; gain = 0.000
INFO: [Project 1-570] Preparing netlist for logic optimization

Processing XDC Constraints
Initializing timing engine
Completed Processing XDC Constraints

Netlist sorting complete. Time (s): cpu = 00:00:00 ; elapsed = 00:00:00 . Memory (MB): peak = 1498.551 ; gain = 0.000
INFO: [Project 1-111] Unisim Transformation Summary:
No Unisim elements were transformed.

Constraint Validation Runtime : Time (s): cpu = 00:00:00 ; elapsed = 00:00:00.069 . Memory (MB): peak = 1498.566 ; gain = 0.016
INFO: [Designutils 20-5008] Incremental synthesis strategy off
---------------------------------------------------------------------------------
Finished Constraint Validation : Time (s): cpu = 00:00:15 ; elapsed = 00:00:17 . Memory (MB): peak = 1498.566 ; gain = 605.648
---------------------------------------------------------------------------------
---------------------------------------------------------------------------------
Start Loading Part and Timing Information
---------------------------------------------------------------------------------
Loading part: xc7z020clg484-1
---------------------------------------------------------------------------------
Finished Loading Part and Timing Information : Time (s): cpu = 00:00:15 ; elapsed = 00:00:17 . Memory (MB): peak = 1498.566 ; gain = 605.648
---------------------------------------------------------------------------------
---------------------------------------------------------------------------------
Start Applying 'set_property' XDC Constraints
---------------------------------------------------------------------------------
---------------------------------------------------------------------------------
Finished applying 'set_property' XDC Constraints : Time (s): cpu = 00:00:15 ; elapsed = 00:00:17 . Memory (MB): peak = 1498.566 ; gain = 605.648
---------------------------------------------------------------------------------
INFO: [Synth 8-3971] The signal "tdpram:/ram_reg" was recognized as a true dual port RAM template.
---------------------------------------------------------------------------------
Finished RTL Optimization Phase 2 : Time (s): cpu = 00:00:15 ; elapsed = 00:00:17 . Memory (MB): peak = 1498.566 ; gain = 605.648
---------------------------------------------------------------------------------
---------------------------------------------------------------------------------
Start RTL Component Statistics 
---------------------------------------------------------------------------------
Detailed RTL Component Info : 
+---Adders : 
	   2 Input   16 Bit       Adders := 2     
	   2 Input   11 Bit       Adders := 2     
	   3 Input   11 Bit       Adders := 2     
	   2 Input    8 Bit       Adders := 2     
+---XORs : 
	   2 Input     11 Bit         XORs := 2     
	   2 Input      1 Bit         XORs := 20    
+---Registers : 
	               32 Bit    Registers := 4     
	               24 Bit    Registers := 2     
	               18 Bit    Registers := 2     
	               11 Bit    Registers := 6     
	                8 Bit    Registers := 6     
	                2 Bit    Registers := 6     
	                1 Bit    Registers := 21    
+---RAMs : 
	              24K Bit	(1024 X 24 bit)          RAMs := 1     
+---Muxes : 
	   2 Input   32 Bit        Muxes := 5     
	  16 Input   32 Bit        Muxes := 1     
	   7 Input   32 Bit        Muxes := 1     
	   2 Input   18 Bit        Muxes := 3     
	   2 Input   11 Bit        Muxes := 4     
	   3 Input   11 Bit        Muxes := 4     
	   2 Input    1 Bit        Muxes := 26    
	   4 Input    1 Bit        Muxes := 2     
	   3 Input    1 Bit        Muxes := 2     
---------------------------------------------------------------------------------
Finished RTL Component Statistics 
---------------------------------------------------------------------------------
---------------------------------------------------------------------------------
Start Part Resource Summary
---------------------------------------------------------------------------------
Part Resources:
DSPs: 220 (col length:60)
BRAMs: 280 (col length: RAMB18 60 RAMB36 30)
---------------------------------------------------------------------------------
Finished Part Resource Summary
---------------------------------------------------------------------------------
---------------------------------------------------------------------------------
Start Cross Boundary and Area Optimization
---------------------------------------------------------------------------------
WARNING: [Synth 8-7080] Parallel synthesis criteria is not met
---------------------------------------------------------------------------------
Finished Cross Boundary and Area Optimization : Time (s): cpu = 00:00:18 ; elapsed = 00:00:20 . Memory (MB): peak = 1498.566 ; gain = 605.648
---------------------------------------------------------------------------------
---------------------------------------------------------------------------------
Start ROM, RAM, DSP, Shift Register and Retiming Reporting
---------------------------------------------------------------------------------

Block RAM: Preliminary Mapping Report (see note below)
+----------------------------+------------------------------------------------------+------------------------+---+---+------------------------+---+---+------------------+--------+--------+
|Module Name                 | RTL Object                                           | PORT A (Depth x Width) | W | R | PORT B (Depth x Width) | W | R | Ports driving FF | RAMB18 | RAMB36 | 
+----------------------------+------------------------------------------------------+------------------------+---+---+------------------------+---+---+------------------+--------+--------+
|comblock_setup_comblock_0_0 | U0/comblock_i/fifo_out_g.fifo_out_i/i_memory/ram_reg | 1 K x 24(NO_CHANGE)    | W |   | 1 K x 24(WRITE_FIRST)  |   | R | Port A and B     | 0      | 1      | 
+----------------------------+------------------------------------------------------+------------------------+---+---+------------------------+---+---+------------------+--------+--------+

Note: The table above is a preliminary report that shows the Block RAMs at the current stage of the synthesis flow. Some Block RAMs may be reimplemented as non Block RAM primitives later in the synthesis flow. Multiple instantiated Block RAMs are reported only once. 
---------------------------------------------------------------------------------
Finished ROM, RAM, DSP, Shift Register and Retiming Reporting
---------------------------------------------------------------------------------
---------------------------------------------------------------------------------
Start Applying XDC Timing Constraints
---------------------------------------------------------------------------------
---------------------------------------------------------------------------------
Finished Applying XDC Timing Constraints : Time (s): cpu = 00:00:23 ; elapsed = 00:00:25 . Memory (MB): peak = 1498.566 ; gain = 605.648
---------------------------------------------------------------------------------
---------------------------------------------------------------------------------
Start Timing Optimization
---------------------------------------------------------------------------------
---------------------------------------------------------------------------------
Finished Timing Optimization : Time (s): cpu = 00:00:23 ; elapsed = 00:00:25 . Memory (MB): peak = 1498.566 ; gain = 605.648
---------------------------------------------------------------------------------
---------------------------------------------------------------------------------
Start ROM, RAM, DSP, Shift Register and Retiming Reporting
---------------------------------------------------------------------------------

Block RAM: Final Mapping Report
+----------------------------+------------------------------------------------------+------------------------+---+---+------------------------+---+---+------------------+--------+--------+
|Module Name                 | RTL Object                                           | PORT A (Depth x Width) | W | R | PORT B (Depth x Width) | W | R | Ports driving FF | RAMB18 | RAMB36 | 
+----------------------------+------------------------------------------------------+------------------------+---+---+------------------------+---+---+------------------+--------+--------+
|comblock_setup_comblock_0_0 | U0/comblock_i/fifo_out_g.fifo_out_i/i_memory/ram_reg | 1 K x 24(NO_CHANGE)    | W |   | 1 K x 24(WRITE_FIRST)  |   | R | Port A and B     | 0      | 1      | 
+----------------------------+------------------------------------------------------+------------------------+---+---+------------------------+---+---+------------------+--------+--------+

---------------------------------------------------------------------------------
Finished ROM, RAM, DSP, Shift Register and Retiming Reporting
---------------------------------------------------------------------------------
---------------------------------------------------------------------------------
Start Technology Mapping
---------------------------------------------------------------------------------
INFO: [Synth 8-7052] The timing for the instance U0/comblock_i/fifo_out_g.fifo_out_i/i_memory/ram_reg (implemented as a Block RAM) might be sub-optimal as no optional output register could be merged into the ram block. Providing additional output register may help in improving timing.
---------------------------------------------------------------------------------
Finished Technology Mapping : Time (s): cpu = 00:00:23 ; elapsed = 00:00:25 . Memory (MB): peak = 1498.566 ; gain = 605.648
---------------------------------------------------------------------------------
---------------------------------------------------------------------------------
Start IO Insertion
---------------------------------------------------------------------------------
---------------------------------------------------------------------------------
Start Flattening Before IO Insertion
---------------------------------------------------------------------------------
---------------------------------------------------------------------------------
Finished Flattening Before IO Insertion
---------------------------------------------------------------------------------
---------------------------------------------------------------------------------
Start Final Netlist Cleanup
---------------------------------------------------------------------------------
---------------------------------------------------------------------------------
Finished Final Netlist Cleanup
---------------------------------------------------------------------------------
---------------------------------------------------------------------------------
Finished IO Insertion : Time (s): cpu = 00:00:27 ; elapsed = 00:00:29 . Memory (MB): peak = 1498.566 ; gain = 605.648
---------------------------------------------------------------------------------
---------------------------------------------------------------------------------
Start Renaming Generated Instances
---------------------------------------------------------------------------------
---------------------------------------------------------------------------------
Finished Renaming Generated Instances : Time (s): cpu = 00:00:27 ; elapsed = 00:00:29 . Memory (MB): peak = 1498.566 ; gain = 605.648
---------------------------------------------------------------------------------
---------------------------------------------------------------------------------
Start Rebuilding User Hierarchy
---------------------------------------------------------------------------------
---------------------------------------------------------------------------------
Finished Rebuilding User Hierarchy : Time (s): cpu = 00:00:27 ; elapsed = 00:00:29 . Memory (MB): peak = 1498.566 ; gain = 605.648
---------------------------------------------------------------------------------
---------------------------------------------------------------------------------
Start Renaming Generated Ports
---------------------------------------------------------------------------------
---------------------------------------------------------------------------------
Finished Renaming Generated Ports : Time (s): cpu = 00:00:27 ; elapsed = 00:00:29 . Memory (MB): peak = 1498.566 ; gain = 605.648
---------------------------------------------------------------------------------
---------------------------------------------------------------------------------
Start Handling Custom Attributes
---------------------------------------------------------------------------------
---------------------------------------------------------------------------------
Finished Handling Custom Attributes : Time (s): cpu = 00:00:27 ; elapsed = 00:00:29 . Memory (MB): peak = 1498.566 ; gain = 605.648
---------------------------------------------------------------------------------
---------------------------------------------------------------------------------
Start Renaming Generated Nets
---------------------------------------------------------------------------------
---------------------------------------------------------------------------------
Finished Renaming Generated Nets : Time (s): cpu = 00:00:27 ; elapsed = 00:00:29 . Memory (MB): peak = 1498.566 ; gain = 605.648
---------------------------------------------------------------------------------
---------------------------------------------------------------------------------
Start Writing Synthesis Report
---------------------------------------------------------------------------------

Report BlackBoxes: 
+-+--------------+----------+
| |BlackBox name |Instances |
+-+--------------+----------+
+-+--------------+----------+

Report Cell Usage: 
+------+---------+------+
|      |Cell     |Count |
+------+---------+------+
|1     |CARRY4   |    18|
|2     |LUT1     |     4|
|3     |LUT2     |    66|
|4     |LUT3     |    14|
|5     |LUT4     |    18|
|6     |LUT5     |    48|
|7     |LUT6     |    88|
|8     |MUXF7    |    14|
|9     |RAMB36E1 |     1|
|10    |FDRE     |   178|
|11    |FDSE     |     8|
+------+---------+------+
---------------------------------------------------------------------------------
Finished Writing Synthesis Report : Time (s): cpu = 00:00:27 ; elapsed = 00:00:29 . Memory (MB): peak = 1498.566 ; gain = 605.648
---------------------------------------------------------------------------------
Synthesis finished with 0 errors, 0 critical warnings and 11 warnings.
Synthesis Optimization Runtime : Time (s): cpu = 00:00:18 ; elapsed = 00:00:27 . Memory (MB): peak = 1498.566 ; gain = 512.305
Synthesis Optimization Complete : Time (s): cpu = 00:00:27 ; elapsed = 00:00:29 . Memory (MB): peak = 1498.566 ; gain = 605.648
INFO: [Project 1-571] Translating synthesized netlist
Netlist sorting complete. Time (s): cpu = 00:00:00 ; elapsed = 00:00:00.007 . Memory (MB): peak = 1498.566 ; gain = 0.000
INFO: [Netlist 29-17] Analyzing 33 Unisim elements for replacement
INFO: [Netlist 29-28] Unisim Transformation completed in 0 CPU seconds
INFO: [Project 1-570] Preparing netlist for logic optimization
INFO: [Opt 31-138] Pushed 0 inverter(s) to 0 load pin(s).
Netlist sorting complete. Time (s): cpu = 00:00:00 ; elapsed = 00:00:00 . Memory (MB): peak = 1498.566 ; gain = 0.000
INFO: [Project 1-111] Unisim Transformation Summary:
No Unisim elements were transformed.

Synth Design complete | Checksum: c89c68ca
INFO: [Common 17-83] Releasing license: Synthesis
40 Infos, 109 Warnings, 0 Critical Warnings and 0 Errors encountered.
synth_design completed successfully
synth_design: Time (s): cpu = 00:00:32 ; elapsed = 00:00:35 . Memory (MB): peak = 1498.566 ; gain = 1013.074
INFO: [Common 17-1381] The checkpoint 'C:/Users/gm/Vivado Projects/complete_det_final_debug/complete_det_final_debug.runs/comblock_setup_comblock_0_0_synth_1/comblock_setup_comblock_0_0.dcp' has been generated.
INFO: [Coretcl 2-1648] Added synthesis output to IP cache for IP comblock_setup_comblock_0_0, cache-ID = dd542d8a5be9da70
INFO: [Coretcl 2-1174] Renamed 7 cell refs.
INFO: [Common 17-1381] The checkpoint 'C:/Users/gm/Vivado Projects/complete_det_final_debug/complete_det_final_debug.runs/comblock_setup_comblock_0_0_synth_1/comblock_setup_comblock_0_0.dcp' has been generated.
INFO: [runtcl-4] Executing : report_utilization -file comblock_setup_comblock_0_0_utilization_synth.rpt -pb comblock_setup_comblock_0_0_utilization_synth.pb
INFO: [Common 17-206] Exiting Vivado at Thu Sep  3 10:42:01 2026...
