
*** Running vivado
    with args -log xfft_1.vds -m64 -product Vivado -mode batch -messageDb vivado.pb -notrace -source xfft_1.tcl


ECHO is off.
ECHO is off.

****** Vivado v2023.1 (64-bit)
  **** SW Build 3865809 on Sun May  7 15:05:29 MDT 2023
  **** IP Build 3864474 on Sun May  7 20:36:21 MDT 2023
  **** SharedData Build 3865790 on Sun May 07 13:33:03 MDT 2023
    ** Copyright 1986-2022 Xilinx, Inc. All Rights Reserved.
    ** Copyright 2022-2023 Advanced Micro Devices, Inc. All Rights Reserved.

source xfft_1.tcl -notrace
INFO: [IP_Flow 19-6924] IPCACHE: Running cache check for IP inst: xfft_1
Command: synth_design -top xfft_1 -part xc7z020clg484-1 -incremental_mode off -mode out_of_context
Starting synth_design
Attempting to get a license for feature 'Synthesis' and/or device 'xc7z020'
INFO: [Common 17-349] Got license for feature 'Synthesis' and/or device 'xc7z020'
INFO: [Device 21-403] Loading part xc7z020clg484-1
INFO: [Synth 8-7079] Multithreading enabled for synth_design using a maximum of 2 processes.
INFO: [Synth 8-7078] Launching helper process for spawning children vivado processes
INFO: [Synth 8-7075] Helper process launched with PID 11584
---------------------------------------------------------------------------------
Starting RTL Elaboration : Time (s): cpu = 00:00:06 ; elapsed = 00:00:08 . Memory (MB): peak = 1304.133 ; gain = 410.074
---------------------------------------------------------------------------------
INFO: [Synth 8-638] synthesizing module 'xfft_1' [c:/Users/gm/Vivado Projects/complete_det_new_ram_full_size_2_np_32/complete_det_new_ram_full_size_2_np_32.gen/sources_1/ip/xfft_1/synth/xfft_1.vhd:84]
	Parameter C_XDEVICEFAMILY bound to: zynq - type: string 
	Parameter C_PART bound to: xc7z020clg484-1 - type: string 
	Parameter C_S_AXIS_CONFIG_TDATA_WIDTH bound to: 24 - type: integer 
	Parameter C_S_AXIS_DATA_TDATA_WIDTH bound to: 64 - type: integer 
	Parameter C_M_AXIS_DATA_TDATA_WIDTH bound to: 64 - type: integer 
	Parameter C_M_AXIS_DATA_TUSER_WIDTH bound to: 8 - type: integer 
	Parameter C_M_AXIS_STATUS_TDATA_WIDTH bound to: 1 - type: integer 
	Parameter C_THROTTLE_SCHEME bound to: 1 - type: integer 
	Parameter C_CHANNELS bound to: 1 - type: integer 
	Parameter C_NFFT_MAX bound to: 7 - type: integer 
	Parameter C_ARCH bound to: 3 - type: integer 
	Parameter C_HAS_NFFT bound to: 1 - type: integer 
	Parameter C_USE_FLT_PT bound to: 0 - type: integer 
	Parameter C_INPUT_WIDTH bound to: 32 - type: integer 
	Parameter C_TWIDDLE_WIDTH bound to: 12 - type: integer 
	Parameter C_OUTPUT_WIDTH bound to: 32 - type: integer 
	Parameter C_HAS_SCALING bound to: 1 - type: integer 
	Parameter C_HAS_BFP bound to: 0 - type: integer 
	Parameter C_HAS_ROUNDING bound to: 1 - type: integer 
	Parameter C_HAS_ACLKEN bound to: 0 - type: integer 
	Parameter C_HAS_ARESETN bound to: 1 - type: integer 
	Parameter C_HAS_OVFLO bound to: 0 - type: integer 
	Parameter C_HAS_NATURAL_INPUT bound to: 1 - type: integer 
	Parameter C_HAS_NATURAL_OUTPUT bound to: 1 - type: integer 
	Parameter C_HAS_CYCLIC_PREFIX bound to: 0 - type: integer 
	Parameter C_HAS_XK_INDEX bound to: 1 - type: integer 
	Parameter C_DATA_MEM_TYPE bound to: 1 - type: integer 
	Parameter C_TWIDDLE_MEM_TYPE bound to: 1 - type: integer 
	Parameter C_BRAM_STAGES bound to: 0 - type: integer 
	Parameter C_REORDER_MEM_TYPE bound to: 1 - type: integer 
	Parameter C_USE_HYBRID_RAM bound to: 0 - type: integer 
	Parameter C_OPTIMIZE_GOAL bound to: 0 - type: integer 
	Parameter C_CMPY_TYPE bound to: 2 - type: integer 
	Parameter C_BFLY_TYPE bound to: 0 - type: integer 
INFO: [Synth 8-3491] module 'xfft_v9_1_9' declared at 'c:/Users/gm/Vivado Projects/complete_det_new_ram_full_size_2_np_32/complete_det_new_ram_full_size_2_np_32.gen/sources_1/ip/xfft_1/hdl/xfft_v9_1_vh_rfs.vhd:103739' bound to instance 'U0' of component 'xfft_v9_1_9' [c:/Users/gm/Vivado Projects/complete_det_new_ram_full_size_2_np_32/complete_det_new_ram_full_size_2_np_32.gen/sources_1/ip/xfft_1/synth/xfft_1.vhd:193]
INFO: [Synth 8-3919] null assignment ignored
INFO: [Synth 8-3919] null assignment ignored
INFO: [Synth 8-3919] null assignment ignored
INFO: [Synth 8-3919] null assignment ignored
INFO: [Synth 8-3919] null assignment ignored
INFO: [Synth 8-3919] null assignment ignored
INFO: [Synth 8-3919] null assignment ignored
INFO: [Synth 8-3919] null assignment ignored
INFO: [Synth 8-3919] null assignment ignored
INFO: [Synth 8-3919] null assignment ignored
INFO: [Synth 8-3919] null assignment ignored
INFO: [Synth 8-3919] null assignment ignored
INFO: [Synth 8-3919] null assignment ignored
INFO: [Synth 8-3919] null assignment ignored
INFO: [Synth 8-3919] null assignment ignored
INFO: [Synth 8-3919] null assignment ignored
INFO: [Synth 8-3919] null assignment ignored
INFO: [Synth 8-3919] null assignment ignored
INFO: [Synth 8-3919] null assignment ignored
INFO: [Synth 8-3919] null assignment ignored
INFO: [Synth 8-3919] null assignment ignored
INFO: [Synth 8-3919] null assignment ignored
INFO: [Synth 8-3919] null assignment ignored
INFO: [Synth 8-3919] null assignment ignored
INFO: [Synth 8-3919] null assignment ignored
INFO: [Synth 8-3919] null assignment ignored
INFO: [Synth 8-3919] null assignment ignored
INFO: [Synth 8-3919] null assignment ignored
INFO: [Synth 8-3919] null assignment ignored
INFO: [Synth 8-3919] null assignment ignored
INFO: [Synth 8-3919] null assignment ignored
INFO: [Synth 8-3919] null assignment ignored
INFO: [Synth 8-3919] null assignment ignored
INFO: [Synth 8-3919] null assignment ignored
INFO: [Synth 8-3919] null assignment ignored
INFO: [Synth 8-3919] null assignment ignored
INFO: [Synth 8-3919] null assignment ignored
INFO: [Synth 8-3919] null assignment ignored
INFO: [Synth 8-3919] null assignment ignored
INFO: [Synth 8-3919] null assignment ignored
INFO: [Synth 8-3919] null assignment ignored
INFO: [Synth 8-3919] null assignment ignored
INFO: [Synth 8-3919] null assignment ignored
INFO: [Synth 8-3919] null assignment ignored
INFO: [Synth 8-3919] null assignment ignored
INFO: [Synth 8-3919] null assignment ignored
INFO: [Synth 8-3919] null assignment ignored
INFO: [Synth 8-3919] null assignment ignored
INFO: [Synth 8-3919] null assignment ignored
INFO: [Synth 8-3919] null assignment ignored
INFO: [Synth 8-3919] null assignment ignored
INFO: [Synth 8-3919] null assignment ignored
INFO: [Synth 8-3919] null assignment ignored
INFO: [Synth 8-3919] null assignment ignored
INFO: [Synth 8-256] done synthesizing module 'xfft_1' (0#1) [c:/Users/gm/Vivado Projects/complete_det_new_ram_full_size_2_np_32/complete_det_new_ram_full_size_2_np_32.gen/sources_1/ip/xfft_1/synth/xfft_1.vhd:84]
WARNING: [Synth 8-7129] Port Q[0] in module shift_ram__parameterized80 is either unconnected or has no load
WARNING: [Synth 8-7129] Port D[0] in module shift_ram__parameterized80 is either unconnected or has no load
WARNING: [Synth 8-7129] Port CLK in module shift_ram__parameterized80 is either unconnected or has no load
WARNING: [Synth 8-7129] Port CE in module shift_ram__parameterized80 is either unconnected or has no load
WARNING: [Synth 8-7129] Port SCLR in module shift_ram__parameterized80 is either unconnected or has no load
WARNING: [Synth 8-7129] Port COMBI_SCLR in module shift_ram__parameterized80 is either unconnected or has no load
WARNING: [Synth 8-7129] Port DEPTHx2 in module shift_ram__parameterized80 is either unconnected or has no load
WARNING: [Synth 8-7129] Port a[3] in module c_shift_ram_v12_0_14_legacy__parameterized2 is either unconnected or has no load
WARNING: [Synth 8-7129] Port a[2] in module c_shift_ram_v12_0_14_legacy__parameterized2 is either unconnected or has no load
WARNING: [Synth 8-7129] Port a[1] in module c_shift_ram_v12_0_14_legacy__parameterized2 is either unconnected or has no load
WARNING: [Synth 8-7129] Port a[0] in module c_shift_ram_v12_0_14_legacy__parameterized2 is either unconnected or has no load
WARNING: [Synth 8-7129] Port aclr in module c_shift_ram_v12_0_14_legacy__parameterized2 is either unconnected or has no load
WARNING: [Synth 8-7129] Port aset in module c_shift_ram_v12_0_14_legacy__parameterized2 is either unconnected or has no load
WARNING: [Synth 8-7129] Port ainit in module c_shift_ram_v12_0_14_legacy__parameterized2 is either unconnected or has no load
WARNING: [Synth 8-7129] Port sclr in module c_shift_ram_v12_0_14_legacy__parameterized2 is either unconnected or has no load
WARNING: [Synth 8-7129] Port sset in module c_shift_ram_v12_0_14_legacy__parameterized2 is either unconnected or has no load
WARNING: [Synth 8-7129] Port sinit in module c_shift_ram_v12_0_14_legacy__parameterized2 is either unconnected or has no load
WARNING: [Synth 8-7129] Port D[0] in module shift_ram__parameterized62 is either unconnected or has no load
WARNING: [Synth 8-7129] Port DEPTHx2 in module shift_ram__parameterized62 is either unconnected or has no load
WARNING: [Synth 8-7129] Port a[3] in module c_shift_ram_v12_0_14_legacy__parameterized5 is either unconnected or has no load
WARNING: [Synth 8-7129] Port a[2] in module c_shift_ram_v12_0_14_legacy__parameterized5 is either unconnected or has no load
WARNING: [Synth 8-7129] Port a[1] in module c_shift_ram_v12_0_14_legacy__parameterized5 is either unconnected or has no load
WARNING: [Synth 8-7129] Port a[0] in module c_shift_ram_v12_0_14_legacy__parameterized5 is either unconnected or has no load
WARNING: [Synth 8-7129] Port aclr in module c_shift_ram_v12_0_14_legacy__parameterized5 is either unconnected or has no load
WARNING: [Synth 8-7129] Port aset in module c_shift_ram_v12_0_14_legacy__parameterized5 is either unconnected or has no load
WARNING: [Synth 8-7129] Port ainit in module c_shift_ram_v12_0_14_legacy__parameterized5 is either unconnected or has no load
WARNING: [Synth 8-7129] Port sclr in module c_shift_ram_v12_0_14_legacy__parameterized5 is either unconnected or has no load
WARNING: [Synth 8-7129] Port sset in module c_shift_ram_v12_0_14_legacy__parameterized5 is either unconnected or has no load
WARNING: [Synth 8-7129] Port sinit in module c_shift_ram_v12_0_14_legacy__parameterized5 is either unconnected or has no load
WARNING: [Synth 8-7129] Port D[15] in module shift_ram__parameterized81 is either unconnected or has no load
WARNING: [Synth 8-7129] Port D[14] in module shift_ram__parameterized81 is either unconnected or has no load
WARNING: [Synth 8-7129] Port D[13] in module shift_ram__parameterized81 is either unconnected or has no load
WARNING: [Synth 8-7129] Port D[12] in module shift_ram__parameterized81 is either unconnected or has no load
WARNING: [Synth 8-7129] Port D[11] in module shift_ram__parameterized81 is either unconnected or has no load
WARNING: [Synth 8-7129] Port D[10] in module shift_ram__parameterized81 is either unconnected or has no load
WARNING: [Synth 8-7129] Port D[9] in module shift_ram__parameterized81 is either unconnected or has no load
WARNING: [Synth 8-7129] Port D[8] in module shift_ram__parameterized81 is either unconnected or has no load
WARNING: [Synth 8-7129] Port D[7] in module shift_ram__parameterized81 is either unconnected or has no load
WARNING: [Synth 8-7129] Port D[6] in module shift_ram__parameterized81 is either unconnected or has no load
WARNING: [Synth 8-7129] Port D[5] in module shift_ram__parameterized81 is either unconnected or has no load
WARNING: [Synth 8-7129] Port D[4] in module shift_ram__parameterized81 is either unconnected or has no load
WARNING: [Synth 8-7129] Port D[3] in module shift_ram__parameterized81 is either unconnected or has no load
WARNING: [Synth 8-7129] Port D[2] in module shift_ram__parameterized81 is either unconnected or has no load
WARNING: [Synth 8-7129] Port D[1] in module shift_ram__parameterized81 is either unconnected or has no load
WARNING: [Synth 8-7129] Port D[0] in module shift_ram__parameterized81 is either unconnected or has no load
WARNING: [Synth 8-7129] Port DEPTHx2 in module shift_ram__parameterized81 is either unconnected or has no load
WARNING: [Synth 8-7129] Port a[3] in module c_shift_ram_v12_0_14_legacy__parameterized34 is either unconnected or has no load
WARNING: [Synth 8-7129] Port a[2] in module c_shift_ram_v12_0_14_legacy__parameterized34 is either unconnected or has no load
WARNING: [Synth 8-7129] Port a[1] in module c_shift_ram_v12_0_14_legacy__parameterized34 is either unconnected or has no load
WARNING: [Synth 8-7129] Port a[0] in module c_shift_ram_v12_0_14_legacy__parameterized34 is either unconnected or has no load
WARNING: [Synth 8-7129] Port aclr in module c_shift_ram_v12_0_14_legacy__parameterized34 is either unconnected or has no load
WARNING: [Synth 8-7129] Port aset in module c_shift_ram_v12_0_14_legacy__parameterized34 is either unconnected or has no load
WARNING: [Synth 8-7129] Port ainit in module c_shift_ram_v12_0_14_legacy__parameterized34 is either unconnected or has no load
WARNING: [Synth 8-7129] Port sclr in module c_shift_ram_v12_0_14_legacy__parameterized34 is either unconnected or has no load
WARNING: [Synth 8-7129] Port sset in module c_shift_ram_v12_0_14_legacy__parameterized34 is either unconnected or has no load
WARNING: [Synth 8-7129] Port sinit in module c_shift_ram_v12_0_14_legacy__parameterized34 is either unconnected or has no load
WARNING: [Synth 8-7129] Port D[0] in module shift_ram__parameterized79 is either unconnected or has no load
WARNING: [Synth 8-7129] Port DEPTHx2 in module shift_ram__parameterized79 is either unconnected or has no load
WARNING: [Synth 8-7129] Port D1 in module shift_ram__parameterized78 is either unconnected or has no load
WARNING: [Synth 8-7129] Port DEPTHx2 in module shift_ram__parameterized78 is either unconnected or has no load
WARNING: [Synth 8-7129] Port depthx2 in module r22_memory__parameterized1 is either unconnected or has no load
WARNING: [Synth 8-7129] Port Q1 in module shift_ram__parameterized77 is either unconnected or has no load
WARNING: [Synth 8-7129] Port D1 in module shift_ram__parameterized77 is either unconnected or has no load
WARNING: [Synth 8-7129] Port COMBI_SCLR in module shift_ram__parameterized77 is either unconnected or has no load
WARNING: [Synth 8-7129] Port DEPTHx2 in module shift_ram__parameterized77 is either unconnected or has no load
WARNING: [Synth 8-7129] Port Q1 in module shift_ram__parameterized76 is either unconnected or has no load
WARNING: [Synth 8-7129] Port D1 in module shift_ram__parameterized76 is either unconnected or has no load
WARNING: [Synth 8-7129] Port COMBI_SCLR in module shift_ram__parameterized76 is either unconnected or has no load
WARNING: [Synth 8-7129] Port DEPTHx2 in module shift_ram__parameterized76 is either unconnected or has no load
WARNING: [Synth 8-7129] Port shift[4] in module so_run_addr_gen_left_shift is either unconnected or has no load
WARNING: [Synth 8-7129] Port shift[3] in module so_run_addr_gen_left_shift is either unconnected or has no load
WARNING: [Synth 8-7129] Port nfft[4] in module so_run_addr_gen_left_shift is either unconnected or has no load
WARNING: [Synth 8-7129] Port nfft[3] in module so_run_addr_gen_left_shift is either unconnected or has no load
WARNING: [Synth 8-7129] Port nfft[2] in module so_run_addr_gen_left_shift is either unconnected or has no load
WARNING: [Synth 8-7129] Port nfft[1] in module so_run_addr_gen_left_shift is either unconnected or has no load
WARNING: [Synth 8-7129] Port nfft[0] in module so_run_addr_gen_left_shift is either unconnected or has no load
WARNING: [Synth 8-7129] Port D[0] in module shift_ram__parameterized38 is either unconnected or has no load
WARNING: [Synth 8-7129] Port COMBI_SCLR in module shift_ram__parameterized38 is either unconnected or has no load
WARNING: [Synth 8-7129] Port DEPTHx2 in module shift_ram__parameterized38 is either unconnected or has no load
WARNING: [Synth 8-7129] Port D1 in module shift_ram__parameterized75 is either unconnected or has no load
WARNING: [Synth 8-7129] Port SCLR in module shift_ram__parameterized75 is either unconnected or has no load
WARNING: [Synth 8-7129] Port COMBI_SCLR in module shift_ram__parameterized75 is either unconnected or has no load
WARNING: [Synth 8-7129] Port DEPTHx2 in module shift_ram__parameterized75 is either unconnected or has no load
WARNING: [Synth 8-7129] Port Q1 in module shift_ram__parameterized0 is either unconnected or has no load
WARNING: [Synth 8-7129] Port D1 in module shift_ram__parameterized0 is either unconnected or has no load
WARNING: [Synth 8-7129] Port COMBI_SCLR in module shift_ram__parameterized0 is either unconnected or has no load
WARNING: [Synth 8-7129] Port DEPTHx2 in module shift_ram__parameterized0 is either unconnected or has no load
WARNING: [Synth 8-7129] Port D1 in module shift_ram__parameterized74 is either unconnected or has no load
WARNING: [Synth 8-7129] Port DEPTHx2 in module shift_ram__parameterized74 is either unconnected or has no load
WARNING: [Synth 8-7129] Port D[0] in module shift_ram__parameterized5 is either unconnected or has no load
WARNING: [Synth 8-7129] Port COMBI_SCLR in module shift_ram__parameterized5 is either unconnected or has no load
WARNING: [Synth 8-7129] Port DEPTHx2 in module shift_ram__parameterized5 is either unconnected or has no load
WARNING: [Synth 8-7129] Port MUXCY_IN in module equ_rtl is either unconnected or has no load
WARNING: [Synth 8-7129] Port AINIT in module c_reg_fd_v12_0_6_viv is either unconnected or has no load
WARNING: [Synth 8-7129] Port ACLR in module c_reg_fd_v12_0_6_viv is either unconnected or has no load
WARNING: [Synth 8-7129] Port ASET in module c_reg_fd_v12_0_6_viv is either unconnected or has no load
WARNING: [Synth 8-7129] Port SINIT in module c_reg_fd_v12_0_6_viv is either unconnected or has no load
WARNING: [Synth 8-7129] Port SSET in module c_reg_fd_v12_0_6_viv is either unconnected or has no load
WARNING: [Synth 8-7129] Port add in module c_addsub_v12_0_15_lut6_legacy__parameterized9 is either unconnected or has no load
WARNING: [Synth 8-7129] Port bypass in module c_addsub_v12_0_15_lut6_legacy__parameterized9 is either unconnected or has no load
INFO: [Common 17-14] Message 'Synth 8-7129' appears 100 times and further instances of the messages will be disabled. Use the Tcl command set_msg_config to change the current settings.
---------------------------------------------------------------------------------
Finished RTL Elaboration : Time (s): cpu = 00:00:55 ; elapsed = 00:01:06 . Memory (MB): peak = 2914.277 ; gain = 2020.219
---------------------------------------------------------------------------------
---------------------------------------------------------------------------------
Start Handling Custom Attributes
---------------------------------------------------------------------------------
---------------------------------------------------------------------------------
Finished Handling Custom Attributes : Time (s): cpu = 00:00:55 ; elapsed = 00:01:06 . Memory (MB): peak = 2914.277 ; gain = 2020.219
---------------------------------------------------------------------------------
---------------------------------------------------------------------------------
Finished RTL Optimization Phase 1 : Time (s): cpu = 00:00:55 ; elapsed = 00:01:06 . Memory (MB): peak = 2914.277 ; gain = 2020.219
---------------------------------------------------------------------------------
Netlist sorting complete. Time (s): cpu = 00:00:00 ; elapsed = 00:00:00.308 . Memory (MB): peak = 2914.277 ; gain = 0.000
INFO: [Netlist 29-17] Analyzing 3317 Unisim elements for replacement
INFO: [Netlist 29-28] Unisim Transformation completed in 0 CPU seconds
INFO: [Project 1-570] Preparing netlist for logic optimization

Processing XDC Constraints
Initializing timing engine
Parsing XDC File [c:/Users/gm/Vivado Projects/complete_det_new_ram_full_size_2_np_32/complete_det_new_ram_full_size_2_np_32.gen/sources_1/ip/xfft_1/xfft_1_ooc.xdc] for cell 'U0'
Finished Parsing XDC File [c:/Users/gm/Vivado Projects/complete_det_new_ram_full_size_2_np_32/complete_det_new_ram_full_size_2_np_32.gen/sources_1/ip/xfft_1/xfft_1_ooc.xdc] for cell 'U0'
Parsing XDC File [C:/Users/gm/Vivado Projects/complete_det_new_ram_full_size_2_np_32/complete_det_new_ram_full_size_2_np_32.runs/xfft_1_synth_1/dont_touch.xdc]
Finished Parsing XDC File [C:/Users/gm/Vivado Projects/complete_det_new_ram_full_size_2_np_32/complete_det_new_ram_full_size_2_np_32.runs/xfft_1_synth_1/dont_touch.xdc]
Completed Processing XDC Constraints

Netlist sorting complete. Time (s): cpu = 00:00:00 ; elapsed = 00:00:00.007 . Memory (MB): peak = 2914.277 ; gain = 0.000
INFO: [Project 1-111] Unisim Transformation Summary:
  A total of 805 instances were transformed.
  FD => FDRE: 3 instances
  FDE => FDRE: 773 instances
  FDR => FDRE: 29 instances

Constraint Validation Runtime : Time (s): cpu = 00:00:01 ; elapsed = 00:00:00.278 . Memory (MB): peak = 2914.277 ; gain = 0.000
INFO: [Designutils 20-5008] Incremental synthesis strategy off
---------------------------------------------------------------------------------
Finished Constraint Validation : Time (s): cpu = 00:01:04 ; elapsed = 00:01:16 . Memory (MB): peak = 2914.277 ; gain = 2020.219
---------------------------------------------------------------------------------
---------------------------------------------------------------------------------
Start Loading Part and Timing Information
---------------------------------------------------------------------------------
Loading part: xc7z020clg484-1
---------------------------------------------------------------------------------
Finished Loading Part and Timing Information : Time (s): cpu = 00:01:04 ; elapsed = 00:01:16 . Memory (MB): peak = 2914.277 ; gain = 2020.219
---------------------------------------------------------------------------------
---------------------------------------------------------------------------------
Start Applying 'set_property' XDC Constraints
---------------------------------------------------------------------------------
Applied set_property KEEP_HIERARCHY = SOFT for U0. (constraint file  {C:/Users/gm/Vivado Projects/complete_det_new_ram_full_size_2_np_32/complete_det_new_ram_full_size_2_np_32.runs/xfft_1_synth_1/dont_touch.xdc}, line 9).
---------------------------------------------------------------------------------
Finished applying 'set_property' XDC Constraints : Time (s): cpu = 00:01:04 ; elapsed = 00:01:16 . Memory (MB): peak = 2914.277 ; gain = 2020.219
---------------------------------------------------------------------------------
---------------------------------------------------------------------------------
Finished RTL Optimization Phase 2 : Time (s): cpu = 00:01:08 ; elapsed = 00:01:20 . Memory (MB): peak = 2914.277 ; gain = 2020.219
---------------------------------------------------------------------------------
INFO: [Synth 8-223] decloning instance 'U0/i_synth/xfft_inst/non_floating_point.arch_d.xfft_inst/FLOW/reset_sustain.resets_4_pes[3].delay_reset_pe/tc_compare' (logic_gate) to 'U0/i_synth/xfft_inst/non_floating_point.arch_d.xfft_inst/FLOW/reset_sustain.resets_4_pes[3].delay_reset_pe/tc_compare1'
INFO: [Synth 8-223] decloning instance 'U0/i_synth/xfft_inst/non_floating_point.arch_d.xfft_inst/FLOW/reset_sustain.resets_4_pes[2].delay_reset_pe/tc_compare' (logic_gate__parameterized0) to 'U0/i_synth/xfft_inst/non_floating_point.arch_d.xfft_inst/FLOW/reset_sustain.resets_4_pes[2].delay_reset_pe/tc_compare1'
INFO: [Synth 8-223] decloning instance 'U0/i_synth/xfft_inst/non_floating_point.arch_d.xfft_inst/FLOW/reset_sustain.resets_4_pes[1].delay_reset_pe/tc_compare' (logic_gate__parameterized1) to 'U0/i_synth/xfft_inst/non_floating_point.arch_d.xfft_inst/FLOW/reset_sustain.resets_4_pes[1].delay_reset_pe/tc_compare1'
INFO: [Synth 8-223] decloning instance 'U0/i_synth/xfft_inst/non_floating_point.arch_d.xfft_inst/FLOW/reset_sustain.resets_4_pes[0].delay_reset_pe/tc_compare' (logic_gate__parameterized2) to 'U0/i_synth/xfft_inst/non_floating_point.arch_d.xfft_inst/FLOW/reset_sustain.resets_4_pes[0].delay_reset_pe/tc_compare1'
INFO: [Synth 8-223] decloning instance 'U0/i_synth/xfft_inst/non_floating_point.arch_d.xfft_inst/FLOW/reset_sustain.delay_reset_3/tc_compare' (logic_gate__parameterized3) to 'U0/i_synth/xfft_inst/non_floating_point.arch_d.xfft_inst/FLOW/reset_sustain.delay_reset_3/tc_compare1'
INFO: [Synth 8-223] decloning instance 'U0/i_synth/xfft_inst/non_floating_point.arch_d.xfft_inst/FLOW/reset_sustain.delay_reset_7/tc_compare' (logic_gate__parameterized4) to 'U0/i_synth/xfft_inst/non_floating_point.arch_d.xfft_inst/FLOW/reset_sustain.delay_reset_7/tc_compare1'
INFO: [Synth 8-223] decloning instance 'U0/i_synth/xfft_inst/non_floating_point.arch_d.xfft_inst/pe_gen[0].natural_order_input.PE/FB_1.BF_1/yes_nfft.bypass_reg' (shift_ram__parameterized12) to 'U0/i_synth/xfft_inst/non_floating_point.arch_d.xfft_inst/pe_gen[0].natural_order_input.PE/FB_1.BF_1/yes_nfft.bypass_1_reg'
INFO: [Synth 8-223] decloning instance 'U0/i_synth/xfft_inst/non_floating_point.arch_d.xfft_inst/pe_gen[0].natural_order_input.PE/FB_1.BF_1/yes_nfft.bypass_reg' (shift_ram__parameterized12) to 'U0/i_synth/xfft_inst/non_floating_point.arch_d.xfft_inst/pe_gen[0].natural_order_input.PE/FB_1.BF_1/yes_nfft.bypass_2_reg'
INFO: [Synth 8-223] decloning instance 'U0/i_synth/xfft_inst/non_floating_point.arch_d.xfft_inst/pe_gen[0].natural_order_input.PE/FB_1.BF_1/yes_nfft.bypass_reg' (shift_ram__parameterized12) to 'U0/i_synth/xfft_inst/non_floating_point.arch_d.xfft_inst/pe_gen[0].natural_order_input.PE/FB_1.BF_1/yes_nfft.bypass_3_reg'
INFO: [Synth 8-223] decloning instance 'U0/i_synth/xfft_inst/non_floating_point.arch_d.xfft_inst/pe_gen[0].natural_order_input.PE/hasbf2.FB_2.BF_2/yes_nfft.bypass_reg' (shift_ram__parameterized12) to 'U0/i_synth/xfft_inst/non_floating_point.arch_d.xfft_inst/pe_gen[0].natural_order_input.PE/hasbf2.FB_2.BF_2/yes_nfft.bypass_1_reg'
INFO: [Synth 8-223] decloning instance 'U0/i_synth/xfft_inst/non_floating_point.arch_d.xfft_inst/pe_gen[0].natural_order_input.PE/hasbf2.FB_2.BF_2/yes_nfft.bypass_reg' (shift_ram__parameterized12) to 'U0/i_synth/xfft_inst/non_floating_point.arch_d.xfft_inst/pe_gen[0].natural_order_input.PE/hasbf2.FB_2.BF_2/yes_nfft.bypass_2_reg'
INFO: [Synth 8-223] decloning instance 'U0/i_synth/xfft_inst/non_floating_point.arch_d.xfft_inst/pe_gen[0].natural_order_input.PE/hasbf2.FB_2.BF_2/yes_nfft.bypass_reg' (shift_ram__parameterized12) to 'U0/i_synth/xfft_inst/non_floating_point.arch_d.xfft_inst/pe_gen[0].natural_order_input.PE/hasbf2.FB_2.BF_2/yes_nfft.bypass_3_reg'
INFO: [Synth 8-223] decloning instance 'U0/i_synth/xfft_inst/non_floating_point.arch_d.xfft_inst/pe_gen[3].natural_order_input.PE/SR2' (shift_ram__parameterized69) to 'U0/i_synth/xfft_inst/non_floating_point.arch_d.xfft_inst/pe_gen[3].natural_order_input.PE/SR3'
---------------------------------------------------------------------------------
Start RTL Component Statistics 
---------------------------------------------------------------------------------
---------------------------------------------------------------------------------
Finished RTL Component Statistics 
---------------------------------------------------------------------------------
---------------------------------------------------------------------------------
Start Part Resource Summary
---------------------------------------------------------------------------------
Part Resources:
DSPs: 220 (col length:60)
BRAMs: 280 (col length: RAMB18 60 RAMB36 30)
---------------------------------------------------------------------------------
Finished Part Resource Summary
---------------------------------------------------------------------------------
---------------------------------------------------------------------------------
Start Cross Boundary and Area Optimization
---------------------------------------------------------------------------------
WARNING: [Synth 8-7080] Parallel synthesis criteria is not met
INFO: [Synth 8-3332] Sequential element (xfft_inst/non_floating_point.arch_d.xfft_inst/FLOW/reset_sustain.resets_4_pes[3].delay_reset_pe/tc_reg1) is unused and will be removed from module xfft_v9_1_9_viv.
INFO: [Synth 8-3332] Sequential element (xfft_inst/non_floating_point.arch_d.xfft_inst/FLOW/reset_sustain.resets_4_pes[2].delay_reset_pe/tc_reg1) is unused and will be removed from module xfft_v9_1_9_viv.
INFO: [Synth 8-3332] Sequential element (xfft_inst/non_floating_point.arch_d.xfft_inst/FLOW/reset_sustain.resets_4_pes[1].delay_reset_pe/tc_reg1) is unused and will be removed from module xfft_v9_1_9_viv.
INFO: [Synth 8-3332] Sequential element (xfft_inst/non_floating_point.arch_d.xfft_inst/FLOW/reset_sustain.resets_4_pes[0].delay_reset_pe/tc_reg1) is unused and will be removed from module xfft_v9_1_9_viv.
INFO: [Synth 8-3332] Sequential element (xfft_inst/non_floating_point.arch_d.xfft_inst/FLOW/reset_sustain.delay_reset_7/tc_reg1) is unused and will be removed from module xfft_v9_1_9_viv.
INFO: [Synth 8-3332] Sequential element (xfft_inst/non_floating_point.arch_d.xfft_inst/FLOW/has_nfft.counter_limit_reg[15].max_n_int_minus_one_ff) is unused and will be removed from module xfft_v9_1_9_viv.
INFO: [Synth 8-3332] Sequential element (xfft_inst/non_floating_point.arch_d.xfft_inst/FLOW/has_nfft.counter_limit_reg[14].max_n_int_minus_one_ff) is unused and will be removed from module xfft_v9_1_9_viv.
INFO: [Synth 8-3332] Sequential element (xfft_inst/non_floating_point.arch_d.xfft_inst/FLOW/has_nfft.counter_limit_reg[13].max_n_int_minus_one_ff) is unused and will be removed from module xfft_v9_1_9_viv.
INFO: [Synth 8-3332] Sequential element (xfft_inst/non_floating_point.arch_d.xfft_inst/FLOW/has_nfft.counter_limit_reg[12].max_n_int_minus_one_ff) is unused and will be removed from module xfft_v9_1_9_viv.
INFO: [Synth 8-3332] Sequential element (xfft_inst/non_floating_point.arch_d.xfft_inst/FLOW/has_nfft.counter_limit_reg[11].max_n_int_minus_one_ff) is unused and will be removed from module xfft_v9_1_9_viv.
INFO: [Synth 8-3332] Sequential element (xfft_inst/non_floating_point.arch_d.xfft_inst/FLOW/has_nfft.counter_limit_reg[10].max_n_int_minus_one_ff) is unused and will be removed from module xfft_v9_1_9_viv.
INFO: [Synth 8-3332] Sequential element (xfft_inst/non_floating_point.arch_d.xfft_inst/FLOW/has_nfft.counter_limit_reg[9].max_n_int_minus_one_ff) is unused and will be removed from module xfft_v9_1_9_viv.
INFO: [Synth 8-3332] Sequential element (xfft_inst/non_floating_point.arch_d.xfft_inst/FLOW/has_nfft.counter_limit_reg[8].max_n_int_minus_one_ff) is unused and will be removed from module xfft_v9_1_9_viv.
INFO: [Synth 8-3332] Sequential element (xfft_inst/non_floating_point.arch_d.xfft_inst/FLOW/has_nfft.counter_limit_reg[7].max_n_int_minus_one_ff) is unused and will be removed from module xfft_v9_1_9_viv.
INFO: [Synth 8-3332] Sequential element (xfft_inst/non_floating_point.arch_d.xfft_inst/FLOW/has_nfft.counter_limit_reg[0].max_n_int_minus_one_ff) is unused and will be removed from module xfft_v9_1_9_viv.
INFO: [Synth 8-3332] Sequential element (xfft_inst/non_floating_point.arch_d.xfft_inst/FLOW/has_nfft.counter_limit_early_reg[15].max_n_int_minus_one_ff) is unused and will be removed from module xfft_v9_1_9_viv.
INFO: [Synth 8-3332] Sequential element (xfft_inst/non_floating_point.arch_d.xfft_inst/FLOW/has_nfft.counter_limit_early_reg[14].max_n_int_minus_one_ff) is unused and will be removed from module xfft_v9_1_9_viv.
INFO: [Synth 8-3332] Sequential element (xfft_inst/non_floating_point.arch_d.xfft_inst/FLOW/has_nfft.counter_limit_early_reg[13].max_n_int_minus_one_ff) is unused and will be removed from module xfft_v9_1_9_viv.
INFO: [Synth 8-3332] Sequential element (xfft_inst/non_floating_point.arch_d.xfft_inst/FLOW/has_nfft.counter_limit_early_reg[12].max_n_int_minus_one_ff) is unused and will be removed from module xfft_v9_1_9_viv.
INFO: [Synth 8-3332] Sequential element (xfft_inst/non_floating_point.arch_d.xfft_inst/FLOW/has_nfft.counter_limit_early_reg[11].max_n_int_minus_one_ff) is unused and will be removed from module xfft_v9_1_9_viv.
INFO: [Synth 8-3332] Sequential element (xfft_inst/non_floating_point.arch_d.xfft_inst/FLOW/has_nfft.counter_limit_early_reg[10].max_n_int_minus_one_ff) is unused and will be removed from module xfft_v9_1_9_viv.
INFO: [Synth 8-3332] Sequential element (xfft_inst/non_floating_point.arch_d.xfft_inst/FLOW/has_nfft.counter_limit_early_reg[9].max_n_int_minus_one_ff) is unused and will be removed from module xfft_v9_1_9_viv.
INFO: [Synth 8-3332] Sequential element (xfft_inst/non_floating_point.arch_d.xfft_inst/FLOW/has_nfft.counter_limit_early_reg[8].max_n_int_minus_one_ff) is unused and will be removed from module xfft_v9_1_9_viv.
INFO: [Synth 8-3332] Sequential element (xfft_inst/non_floating_point.arch_d.xfft_inst/FLOW/has_nfft.counter_limit_early_reg[7].max_n_int_minus_one_ff) is unused and will be removed from module xfft_v9_1_9_viv.
INFO: [Synth 8-3332] Sequential element (xfft_inst/non_floating_point.arch_d.xfft_inst/FLOW/has_nfft.counter_limit_early_reg[1].max_n_int_minus_one_ff) is unused and will be removed from module xfft_v9_1_9_viv.
INFO: [Synth 8-3332] Sequential element (xfft_inst/non_floating_point.arch_d.xfft_inst/pe0_bf1_addr_gen/no_sclr_lut.real_shift_ram.use_baseblock.use_hlutnm_srls.srl_loop[0].i_fdre0) is unused and will be removed from module xfft_v9_1_9_viv.
INFO: [Synth 8-3332] Sequential element (xfft_inst/non_floating_point.arch_d.xfft_inst/pe_gen[0].natural_order_input.PE/has_scale_pipelining.pe_ovflo_delay/no_sclr_lut.real_shift_ram.use_baseblock.use_hlutnm_srls.runt_srl_loop.i_fdre) is unused and will be removed from module xfft_v9_1_9_viv.
INFO: [Synth 8-3332] Sequential element (xfft_inst/non_floating_point.arch_d.xfft_inst/pe_gen[0].natural_order_input.PE/delay_addr_bf2/no_sclr_lut.real_shift_ram.use_baseblock.use_hlutnm_srls.srl_loop[0].i_fdre0) is unused and will be removed from module xfft_v9_1_9_viv.
INFO: [Synth 8-3332] Sequential element (xfft_inst/non_floating_point.arch_d.xfft_inst/pe_gen[0].natural_order_input.PE/delay_addr_bf2/no_sclr_lut.real_shift_ram.use_baseblock.use_hlutnm_srls.srl_loop[0].i_fdre1) is unused and will be removed from module xfft_v9_1_9_viv.
INFO: [Synth 8-3332] Sequential element (xfft_inst/non_floating_point.arch_d.xfft_inst/pe_gen[0].natural_order_input.PE/delay_addr_bf2/no_sclr_lut.real_shift_ram.use_baseblock.use_hlutnm_srls.srl_loop[1].i_fdre0) is unused and will be removed from module xfft_v9_1_9_viv.
INFO: [Synth 8-3332] Sequential element (xfft_inst/non_floating_point.arch_d.xfft_inst/pe_gen[0].natural_order_input.PE/delay_addr_bf2/no_sclr_lut.real_shift_ram.use_baseblock.use_hlutnm_srls.srl_loop[1].i_fdre1) is unused and will be removed from module xfft_v9_1_9_viv.
INFO: [Synth 8-3332] Sequential element (xfft_inst/non_floating_point.arch_d.xfft_inst/pe_gen[0].natural_order_input.PE/delay_addr_tw/no_sclr_lut.real_shift_ram.use_baseblock.use_hlutnm_srls.srl_loop[0].i_fdre0) is unused and will be removed from module xfft_v9_1_9_viv.
INFO: [Synth 8-3332] Sequential element (xfft_inst/non_floating_point.arch_d.xfft_inst/pe_gen[0].natural_order_input.PE/delay_addr_tw/no_sclr_lut.real_shift_ram.use_baseblock.use_hlutnm_srls.srl_loop[0].i_fdre1) is unused and will be removed from module xfft_v9_1_9_viv.
INFO: [Synth 8-3332] Sequential element (xfft_inst/non_floating_point.arch_d.xfft_inst/pe_gen[0].natural_order_input.PE/delay_addr_tw/no_sclr_lut.real_shift_ram.use_baseblock.use_hlutnm_srls.srl_loop[1].i_fdre0) is unused and will be removed from module xfft_v9_1_9_viv.
INFO: [Synth 8-3332] Sequential element (xfft_inst/non_floating_point.arch_d.xfft_inst/pe_gen[0].natural_order_input.PE/delay_addr_tw/no_sclr_lut.real_shift_ram.use_baseblock.use_hlutnm_srls.srl_loop[1].i_fdre1) is unused and will be removed from module xfft_v9_1_9_viv.
INFO: [Synth 8-3332] Sequential element (xfft_inst/non_floating_point.arch_d.xfft_inst/pe_gen[0].natural_order_input.PE/delay_addr_tw/no_sclr_lut.real_shift_ram.use_baseblock.use_hlutnm_srls.srl_loop[2].i_fdre0) is unused and will be removed from module xfft_v9_1_9_viv.
INFO: [Synth 8-3332] Sequential element (xfft_inst/non_floating_point.arch_d.xfft_inst/pe_gen[0].natural_order_input.PE/delay_addr_tw/no_sclr_lut.real_shift_ram.use_baseblock.use_hlutnm_srls.srl_loop[2].i_fdre1) is unused and will be removed from module xfft_v9_1_9_viv.
INFO: [Synth 8-3332] Sequential element (xfft_inst/non_floating_point.arch_d.xfft_inst/pe_gen[0].natural_order_input.PE/delay_addr_tw/no_sclr_lut.real_shift_ram.use_baseblock.use_hlutnm_srls.runt_srl_loop.i_fdre) is unused and will be removed from module xfft_v9_1_9_viv.
INFO: [Synth 8-3332] Sequential element (xfft_inst/non_floating_point.arch_d.xfft_inst/pe_gen[0].natural_order_input.PE/FB_1.BF_1/wr_addr_del/no_sclr_lut.real_shift_ram.use_baseblock.use_hlutnm_srls.srl_loop[0].i_fdre0) is unused and will be removed from module xfft_v9_1_9_viv.
INFO: [Synth 8-3332] Sequential element (xfft_inst/non_floating_point.arch_d.xfft_inst/pe_gen[0].natural_order_input.PE/FB_1.BF_1/wr_addr_del/no_sclr_lut.real_shift_ram.use_baseblock.use_hlutnm_srls.srl_loop[0].i_fdre1) is unused and will be removed from module xfft_v9_1_9_viv.
INFO: [Synth 8-3332] Sequential element (xfft_inst/non_floating_point.arch_d.xfft_inst/pe_gen[0].natural_order_input.PE/FB_1.BF_1/wr_addr_del/no_sclr_lut.real_shift_ram.use_baseblock.use_hlutnm_srls.srl_loop[1].i_fdre0) is unused and will be removed from module xfft_v9_1_9_viv.
INFO: [Synth 8-3332] Sequential element (xfft_inst/non_floating_point.arch_d.xfft_inst/pe_gen[0].natural_order_input.PE/FB_1.BF_1/wr_addr_del/no_sclr_lut.real_shift_ram.use_baseblock.use_hlutnm_srls.srl_loop[1].i_fdre1) is unused and will be removed from module xfft_v9_1_9_viv.
INFO: [Synth 8-3332] Sequential element (xfft_inst/non_floating_point.arch_d.xfft_inst/pe_gen[0].natural_order_input.PE/FB_1.BF_1/wr_addr_del/no_sclr_lut.real_shift_ram.use_baseblock.use_hlutnm_srls.srl_loop[2].i_fdre0) is unused and will be removed from module xfft_v9_1_9_viv.
INFO: [Synth 8-3332] Sequential element (xfft_inst/non_floating_point.arch_d.xfft_inst/pe_gen[0].natural_order_input.PE/FB_1.BF_1/wr_addr_del/no_sclr_lut.real_shift_ram.use_baseblock.use_hlutnm_srls.srl_loop[2].i_fdre1) is unused and will be removed from module xfft_v9_1_9_viv.
INFO: [Synth 8-3332] Sequential element (xfft_inst/non_floating_point.arch_d.xfft_inst/pe_gen[0].natural_order_input.PE/hasbf2.FB_2.BF_2/wr_addr_del/no_sclr_lut.real_shift_ram.use_baseblock.use_hlutnm_srls.srl_loop[0].i_fdre0) is unused and will be removed from module xfft_v9_1_9_viv.
INFO: [Synth 8-3332] Sequential element (xfft_inst/non_floating_point.arch_d.xfft_inst/pe_gen[0].natural_order_input.PE/hasbf2.FB_2.BF_2/wr_addr_del/no_sclr_lut.real_shift_ram.use_baseblock.use_hlutnm_srls.srl_loop[0].i_fdre1) is unused and will be removed from module xfft_v9_1_9_viv.
INFO: [Synth 8-3332] Sequential element (xfft_inst/non_floating_point.arch_d.xfft_inst/pe_gen[0].natural_order_input.PE/hasbf2.FB_2.BF_2/wr_addr_del/no_sclr_lut.real_shift_ram.use_baseblock.use_hlutnm_srls.srl_loop[1].i_fdre0) is unused and will be removed from module xfft_v9_1_9_viv.
INFO: [Synth 8-3332] Sequential element (xfft_inst/non_floating_point.arch_d.xfft_inst/pe_gen[0].natural_order_input.PE/hasbf2.FB_2.BF_2/wr_addr_del/no_sclr_lut.real_shift_ram.use_baseblock.use_hlutnm_srls.srl_loop[1].i_fdre1) is unused and will be removed from module xfft_v9_1_9_viv.
INFO: [Synth 8-3332] Sequential element (xfft_inst/non_floating_point.arch_d.xfft_inst/pe_gen[0].natural_order_input.PE/hasbf2.FB_2.BF_2/wr_addr_del/no_sclr_lut.real_shift_ram.use_baseblock.use_hlutnm_srls.runt_srl_loop.i_fdre) is unused and will be removed from module xfft_v9_1_9_viv.
INFO: [Synth 8-3332] Sequential element (xfft_inst/non_floating_point.arch_d.xfft_inst/pe_gen[0].natural_order_input.PE/scaling2bits.scaler_re/scale_mux/four_inputs.use_lut6.no_lut_sclr.four_to_one_mux[42].latency1.reg) is unused and will be removed from module xfft_v9_1_9_viv.
INFO: [Synth 8-3332] Sequential element (xfft_inst/non_floating_point.arch_d.xfft_inst/pe_gen[0].natural_order_input.PE/scaling2bits.scaler_re/scale_mux/four_inputs.use_lut6.no_lut_sclr.four_to_one_mux[41].latency1.reg) is unused and will be removed from module xfft_v9_1_9_viv.
INFO: [Synth 8-3332] Sequential element (xfft_inst/non_floating_point.arch_d.xfft_inst/pe_gen[0].natural_order_input.PE/scaling2bits.scaler_re/scale_mux/four_inputs.use_lut6.no_lut_sclr.four_to_one_mux[40].latency1.reg) is unused and will be removed from module xfft_v9_1_9_viv.
INFO: [Synth 8-3332] Sequential element (xfft_inst/non_floating_point.arch_d.xfft_inst/pe_gen[0].natural_order_input.PE/scaling2bits.scaler_im/scale_mux/four_inputs.use_lut6.no_lut_sclr.four_to_one_mux[42].latency1.reg) is unused and will be removed from module xfft_v9_1_9_viv.
INFO: [Synth 8-3332] Sequential element (xfft_inst/non_floating_point.arch_d.xfft_inst/pe_gen[0].natural_order_input.PE/scaling2bits.scaler_im/scale_mux/four_inputs.use_lut6.no_lut_sclr.four_to_one_mux[41].latency1.reg) is unused and will be removed from module xfft_v9_1_9_viv.
INFO: [Synth 8-3332] Sequential element (xfft_inst/non_floating_point.arch_d.xfft_inst/pe_gen[0].natural_order_input.PE/scaling2bits.scaler_im/scale_mux/four_inputs.use_lut6.no_lut_sclr.four_to_one_mux[40].latency1.reg) is unused and will be removed from module xfft_v9_1_9_viv.
INFO: [Synth 8-3332] Sequential element (xfft_inst/non_floating_point.arch_d.xfft_inst/pe_gen[0].natural_order_input.PE/rounding.ROUND_0/reg_gate.delay_d_2/no_sclr_lut.real_shift_ram.use_baseblock.use_hlutnm_srls.srl_loop[0].i_fdre0) is unused and will be removed from module xfft_v9_1_9_viv.
INFO: [Synth 8-3332] Sequential element (xfft_inst/non_floating_point.arch_d.xfft_inst/pe_gen[0].natural_order_input.PE/rounding.ROUND_1/reg_gate.delay_d_2/no_sclr_lut.real_shift_ram.use_baseblock.use_hlutnm_srls.srl_loop[0].i_fdre0) is unused and will be removed from module xfft_v9_1_9_viv.
INFO: [Synth 8-3332] Sequential element (xfft_inst/non_floating_point.arch_d.xfft_inst/pe_gen[0].natural_order_input.PE/has_scale_pipelining.has_tw_scale_reg.tw_scale_reg_gen[7].tw_scale_reg) is unused and will be removed from module xfft_v9_1_9_viv.
INFO: [Synth 8-3332] Sequential element (xfft_inst/non_floating_point.arch_d.xfft_inst/pe_gen[1].natural_order_input.PE/scaling2bits.scaler_re/scale_mux/four_inputs.use_lut6.no_lut_sclr.four_to_one_mux[42].latency1.reg) is unused and will be removed from module xfft_v9_1_9_viv.
INFO: [Synth 8-3332] Sequential element (xfft_inst/non_floating_point.arch_d.xfft_inst/pe_gen[1].natural_order_input.PE/scaling2bits.scaler_re/scale_mux/four_inputs.use_lut6.no_lut_sclr.four_to_one_mux[41].latency1.reg) is unused and will be removed from module xfft_v9_1_9_viv.
INFO: [Synth 8-3332] Sequential element (xfft_inst/non_floating_point.arch_d.xfft_inst/pe_gen[1].natural_order_input.PE/scaling2bits.scaler_re/scale_mux/four_inputs.use_lut6.no_lut_sclr.four_to_one_mux[40].latency1.reg) is unused and will be removed from module xfft_v9_1_9_viv.
INFO: [Synth 8-3332] Sequential element (xfft_inst/non_floating_point.arch_d.xfft_inst/pe_gen[1].natural_order_input.PE/scaling2bits.scaler_im/scale_mux/four_inputs.use_lut6.no_lut_sclr.four_to_one_mux[42].latency1.reg) is unused and will be removed from module xfft_v9_1_9_viv.
INFO: [Synth 8-3332] Sequential element (xfft_inst/non_floating_point.arch_d.xfft_inst/pe_gen[1].natural_order_input.PE/scaling2bits.scaler_im/scale_mux/four_inputs.use_lut6.no_lut_sclr.four_to_one_mux[41].latency1.reg) is unused and will be removed from module xfft_v9_1_9_viv.
INFO: [Synth 8-3332] Sequential element (xfft_inst/non_floating_point.arch_d.xfft_inst/pe_gen[1].natural_order_input.PE/scaling2bits.scaler_im/scale_mux/four_inputs.use_lut6.no_lut_sclr.four_to_one_mux[40].latency1.reg) is unused and will be removed from module xfft_v9_1_9_viv.
INFO: [Synth 8-3332] Sequential element (xfft_inst/non_floating_point.arch_d.xfft_inst/pe_gen[1].natural_order_input.PE/rounding.ROUND_0/reg_gate.delay_d_2/no_sclr_lut.real_shift_ram.use_baseblock.use_hlutnm_srls.srl_loop[0].i_fdre0) is unused and will be removed from module xfft_v9_1_9_viv.
INFO: [Synth 8-3332] Sequential element (xfft_inst/non_floating_point.arch_d.xfft_inst/pe_gen[1].natural_order_input.PE/rounding.ROUND_1/reg_gate.delay_d_2/no_sclr_lut.real_shift_ram.use_baseblock.use_hlutnm_srls.srl_loop[0].i_fdre0) is unused and will be removed from module xfft_v9_1_9_viv.
INFO: [Synth 8-3332] Sequential element (xfft_inst/non_floating_point.arch_d.xfft_inst/pe_gen[1].natural_order_input.PE/addr_select.bf1_addr_mux_gen[2].reg) is unused and will be removed from module xfft_v9_1_9_viv.
INFO: [Synth 8-3332] Sequential element (xfft_inst/non_floating_point.arch_d.xfft_inst/pe_gen[1].natural_order_input.PE/addr_select.bf1_addr_mux_gen[1].reg) is unused and will be removed from module xfft_v9_1_9_viv.
INFO: [Synth 8-3332] Sequential element (xfft_inst/non_floating_point.arch_d.xfft_inst/pe_gen[1].natural_order_input.PE/addr_select.bf1_addr_mux_gen[0].reg) is unused and will be removed from module xfft_v9_1_9_viv.
INFO: [Synth 8-3332] Sequential element (xfft_inst/non_floating_point.arch_d.xfft_inst/pe_gen[1].natural_order_input.PE/has_scale_pipelining.scale_select.scale_mux_gen[5].reg) is unused and will be removed from module xfft_v9_1_9_viv.
INFO: [Synth 8-3332] Sequential element (xfft_inst/non_floating_point.arch_d.xfft_inst/pe_gen[1].natural_order_input.PE/has_scale_pipelining.has_tw_scale_reg.tw_scale_reg_gen[5].tw_scale_reg) is unused and will be removed from module xfft_v9_1_9_viv.
INFO: [Synth 8-3332] Sequential element (xfft_inst/non_floating_point.arch_d.xfft_inst/pe_gen[2].natural_order_input.PE/delay_addr_tw/no_sclr_lut.real_shift_ram.use_baseblock.use_hlutnm_srls.srl_loop[0].i_fdre0) is unused and will be removed from module xfft_v9_1_9_viv.
INFO: [Synth 8-3332] Sequential element (xfft_inst/non_floating_point.arch_d.xfft_inst/pe_gen[2].natural_order_input.PE/delay_addr_tw/no_sclr_lut.real_shift_ram.use_baseblock.use_hlutnm_srls.srl_loop[0].i_fdre1) is unused and will be removed from module xfft_v9_1_9_viv.
INFO: [Synth 8-3332] Sequential element (xfft_inst/non_floating_point.arch_d.xfft_inst/pe_gen[2].natural_order_input.PE/delay_addr_tw/no_sclr_lut.real_shift_ram.use_baseblock.use_hlutnm_srls.runt_srl_loop.i_fdre) is unused and will be removed from module xfft_v9_1_9_viv.
INFO: [Synth 8-3332] Sequential element (xfft_inst/non_floating_point.arch_d.xfft_inst/pe_gen[2].natural_order_input.PE/scaling2bits.scaler_re/scale_mux/four_inputs.use_lut6.no_lut_sclr.four_to_one_mux[42].latency1.reg) is unused and will be removed from module xfft_v9_1_9_viv.
INFO: [Synth 8-3332] Sequential element (xfft_inst/non_floating_point.arch_d.xfft_inst/pe_gen[2].natural_order_input.PE/scaling2bits.scaler_re/scale_mux/four_inputs.use_lut6.no_lut_sclr.four_to_one_mux[41].latency1.reg) is unused and will be removed from module xfft_v9_1_9_viv.
INFO: [Synth 8-3332] Sequential element (xfft_inst/non_floating_point.arch_d.xfft_inst/pe_gen[2].natural_order_input.PE/scaling2bits.scaler_re/scale_mux/four_inputs.use_lut6.no_lut_sclr.four_to_one_mux[40].latency1.reg) is unused and will be removed from module xfft_v9_1_9_viv.
INFO: [Synth 8-3332] Sequential element (xfft_inst/non_floating_point.arch_d.xfft_inst/pe_gen[2].natural_order_input.PE/scaling2bits.scaler_im/scale_mux/four_inputs.use_lut6.no_lut_sclr.four_to_one_mux[42].latency1.reg) is unused and will be removed from module xfft_v9_1_9_viv.
INFO: [Synth 8-3332] Sequential element (xfft_inst/non_floating_point.arch_d.xfft_inst/pe_gen[2].natural_order_input.PE/scaling2bits.scaler_im/scale_mux/four_inputs.use_lut6.no_lut_sclr.four_to_one_mux[41].latency1.reg) is unused and will be removed from module xfft_v9_1_9_viv.
INFO: [Synth 8-3332] Sequential element (xfft_inst/non_floating_point.arch_d.xfft_inst/pe_gen[2].natural_order_input.PE/scaling2bits.scaler_im/scale_mux/four_inputs.use_lut6.no_lut_sclr.four_to_one_mux[40].latency1.reg) is unused and will be removed from module xfft_v9_1_9_viv.
INFO: [Synth 8-3332] Sequential element (xfft_inst/non_floating_point.arch_d.xfft_inst/pe_gen[2].natural_order_input.PE/rounding.ROUND_0/reg_gate.delay_d_2/no_sclr_lut.real_shift_ram.use_baseblock.use_hlutnm_srls.srl_loop[0].i_fdre0) is unused and will be removed from module xfft_v9_1_9_viv.
INFO: [Synth 8-3332] Sequential element (xfft_inst/non_floating_point.arch_d.xfft_inst/pe_gen[2].natural_order_input.PE/rounding.ROUND_1/reg_gate.delay_d_2/no_sclr_lut.real_shift_ram.use_baseblock.use_hlutnm_srls.srl_loop[0].i_fdre0) is unused and will be removed from module xfft_v9_1_9_viv.
INFO: [Synth 8-3332] Sequential element (xfft_inst/non_floating_point.arch_d.xfft_inst/pe_gen[2].natural_order_input.PE/addr_select.bf1_addr_mux_gen[0].reg) is unused and will be removed from module xfft_v9_1_9_viv.
INFO: [Synth 8-3332] Sequential element (xfft_inst/non_floating_point.arch_d.xfft_inst/pe_gen[2].natural_order_input.PE/has_scale_pipelining.scale_select.scale_mux_gen[3].reg) is unused and will be removed from module xfft_v9_1_9_viv.
INFO: [Synth 8-3332] Sequential element (xfft_inst/non_floating_point.arch_d.xfft_inst/pe_gen[2].natural_order_input.PE/has_scale_pipelining.has_tw_scale_reg.tw_scale_reg_gen[3].tw_scale_reg) is unused and will be removed from module xfft_v9_1_9_viv.
INFO: [Synth 8-3332] Sequential element (xfft_inst/non_floating_point.arch_d.xfft_inst/pe_gen[3].natural_order_input.PE/has_scale_pipelining.pe_scale_delay/no_sclr_lut.real_shift_ram.use_baseblock.use_hlutnm_srls.srl_loop[0].i_fdre1) is unused and will be removed from module xfft_v9_1_9_viv.
INFO: [Synth 8-3332] Sequential element (xfft_inst/non_floating_point.arch_d.xfft_inst/pe_gen[3].natural_order_input.PE/has_scale_pipelining.pe_ovflo_delay/no_sclr_lut.real_shift_ram.use_baseblock.use_hlutnm_srls.runt_srl_loop.i_fdre) is unused and will be removed from module xfft_v9_1_9_viv.
INFO: [Synth 8-3332] Sequential element (xfft_inst/non_floating_point.arch_d.xfft_inst/pe_gen[3].natural_order_input.PE/delay_addr_bf2/no_sclr_lut.real_shift_ram.use_baseblock.use_hlutnm_srls.runt_srl_loop.i_fdre) is unused and will be removed from module xfft_v9_1_9_viv.
INFO: [Synth 8-3332] Sequential element (xfft_inst/non_floating_point.arch_d.xfft_inst/pe_gen[3].natural_order_input.PE/delay_addr_tw/no_sclr_lut.real_shift_ram.use_baseblock.use_hlutnm_srls.runt_srl_loop.i_fdre) is unused and will be removed from module xfft_v9_1_9_viv.
INFO: [Synth 8-3332] Sequential element (xfft_inst/non_floating_point.arch_d.xfft_inst/pe_gen[3].natural_order_input.PE/rounding.ROUND_0/reg_gate.delay_d_2/no_sclr_lut.real_shift_ram.use_baseblock.use_hlutnm_srls.srl_loop[0].i_fdre0) is unused and will be removed from module xfft_v9_1_9_viv.
INFO: [Synth 8-3332] Sequential element (xfft_inst/non_floating_point.arch_d.xfft_inst/pe_gen[3].natural_order_input.PE/rounding.ROUND_1/reg_gate.delay_d_2/no_sclr_lut.real_shift_ram.use_baseblock.use_hlutnm_srls.srl_loop[0].i_fdre0) is unused and will be removed from module xfft_v9_1_9_viv.
INFO: [Synth 8-3332] Sequential element (xfft_inst/non_floating_point.arch_d.xfft_inst/has_bit_reverse.busy_gen/proc_start_delay/need_sclr_lut.real_shift_ram.FF_gen[0].reg) is unused and will be removed from module xfft_v9_1_9_viv.
INFO: [Synth 8-3332] Sequential element (xfft_inst/non_floating_point.arch_d.xfft_inst/timing_cnts_has_nfft.duplicate_regs[4].other.nfft_regs[4].nfft_regs_fde) is unused and will be removed from module xfft_v9_1_9_viv.
INFO: [Synth 8-3332] Sequential element (xfft_inst/non_floating_point.arch_d.xfft_inst/timing_cnts_has_nfft.duplicate_regs[4].other.nfft_regs[3].nfft_regs_fde) is unused and will be removed from module xfft_v9_1_9_viv.
INFO: [Synth 8-3332] Sequential element (xfft_inst/non_floating_point.arch_d.xfft_inst/timing_cnts_has_nfft.duplicate_regs[4].other.nfft_regs[2].nfft_regs_fde) is unused and will be removed from module xfft_v9_1_9_viv.
INFO: [Synth 8-3332] Sequential element (xfft_inst/non_floating_point.arch_d.xfft_inst/timing_cnts_has_nfft.duplicate_regs[4].other.nfft_regs[1].nfft_regs_fde) is unused and will be removed from module xfft_v9_1_9_viv.
INFO: [Synth 8-3332] Sequential element (xfft_inst/non_floating_point.arch_d.xfft_inst/timing_cnts_has_nfft.duplicate_regs[4].other.nfft_regs[0].nfft_regs_fde) is unused and will be removed from module xfft_v9_1_9_viv.
INFO: [Synth 8-3332] Sequential element (xfft_inst/non_floating_point.arch_d.xfft_inst/timing_cnts_has_nfft.duplicate_regs[3].other.nfft_regs[4].nfft_regs_fde) is unused and will be removed from module xfft_v9_1_9_viv.
INFO: [Synth 8-3332] Sequential element (xfft_inst/non_floating_point.arch_d.xfft_inst/timing_cnts_has_nfft.duplicate_regs[3].other.nfft_regs[3].nfft_regs_fde) is unused and will be removed from module xfft_v9_1_9_viv.
INFO: [Synth 8-3332] Sequential element (xfft_inst/non_floating_point.arch_d.xfft_inst/timing_cnts_has_nfft.duplicate_regs[2].other.nfft_regs[4].nfft_regs_fde) is unused and will be removed from module xfft_v9_1_9_viv.
INFO: [Common 17-14] Message 'Synth 8-3332' appears 100 times and further instances of the messages will be disabled. Use the Tcl command set_msg_config to change the current settings.
---------------------------------------------------------------------------------
Finished Cross Boundary and Area Optimization : Time (s): cpu = 00:01:13 ; elapsed = 00:01:25 . Memory (MB): peak = 2914.277 ; gain = 2020.219
---------------------------------------------------------------------------------
---------------------------------------------------------------------------------
Start Applying XDC Timing Constraints
---------------------------------------------------------------------------------
---------------------------------------------------------------------------------
Finished Applying XDC Timing Constraints : Time (s): cpu = 00:01:19 ; elapsed = 00:01:32 . Memory (MB): peak = 2914.277 ; gain = 2020.219
---------------------------------------------------------------------------------
---------------------------------------------------------------------------------
Start Timing Optimization
---------------------------------------------------------------------------------
---------------------------------------------------------------------------------
Finished Timing Optimization : Time (s): cpu = 00:01:21 ; elapsed = 00:01:34 . Memory (MB): peak = 2914.277 ; gain = 2020.219
---------------------------------------------------------------------------------
---------------------------------------------------------------------------------
Start Technology Mapping
---------------------------------------------------------------------------------
---------------------------------------------------------------------------------
Finished Technology Mapping : Time (s): cpu = 00:01:24 ; elapsed = 00:01:37 . Memory (MB): peak = 2914.277 ; gain = 2020.219
---------------------------------------------------------------------------------
---------------------------------------------------------------------------------
Start IO Insertion
---------------------------------------------------------------------------------
---------------------------------------------------------------------------------
Start Flattening Before IO Insertion
---------------------------------------------------------------------------------
---------------------------------------------------------------------------------
Finished Flattening Before IO Insertion
---------------------------------------------------------------------------------
---------------------------------------------------------------------------------
Start Final Netlist Cleanup
---------------------------------------------------------------------------------
---------------------------------------------------------------------------------
Finished Final Netlist Cleanup
---------------------------------------------------------------------------------
---------------------------------------------------------------------------------
Finished IO Insertion : Time (s): cpu = 00:01:26 ; elapsed = 00:01:40 . Memory (MB): peak = 2914.277 ; gain = 2020.219
---------------------------------------------------------------------------------
---------------------------------------------------------------------------------
Start Renaming Generated Instances
---------------------------------------------------------------------------------
---------------------------------------------------------------------------------
Finished Renaming Generated Instances : Time (s): cpu = 00:01:27 ; elapsed = 00:01:40 . Memory (MB): peak = 2914.277 ; gain = 2020.219
---------------------------------------------------------------------------------
---------------------------------------------------------------------------------
Start Rebuilding User Hierarchy
---------------------------------------------------------------------------------
---------------------------------------------------------------------------------
Finished Rebuilding User Hierarchy : Time (s): cpu = 00:01:28 ; elapsed = 00:01:42 . Memory (MB): peak = 2914.277 ; gain = 2020.219
---------------------------------------------------------------------------------
---------------------------------------------------------------------------------
Start Renaming Generated Ports
---------------------------------------------------------------------------------
---------------------------------------------------------------------------------
Finished Renaming Generated Ports : Time (s): cpu = 00:01:28 ; elapsed = 00:01:42 . Memory (MB): peak = 2914.277 ; gain = 2020.219
---------------------------------------------------------------------------------
---------------------------------------------------------------------------------
Start Handling Custom Attributes
---------------------------------------------------------------------------------
---------------------------------------------------------------------------------
Finished Handling Custom Attributes : Time (s): cpu = 00:01:28 ; elapsed = 00:01:42 . Memory (MB): peak = 2914.277 ; gain = 2020.219
---------------------------------------------------------------------------------
---------------------------------------------------------------------------------
Start Renaming Generated Nets
---------------------------------------------------------------------------------
---------------------------------------------------------------------------------
Finished Renaming Generated Nets : Time (s): cpu = 00:01:28 ; elapsed = 00:01:42 . Memory (MB): peak = 2914.277 ; gain = 2020.219
---------------------------------------------------------------------------------
---------------------------------------------------------------------------------
Start Writing Synthesis Report
---------------------------------------------------------------------------------

DSP Final Report (the ' indicates corresponding REG is set)
+----------------------+-------------+--------+--------+--------+--------+--------+------+------+------+------+-------+------+------+
|Module Name           | DSP Mapping | A Size | B Size | C Size | D Size | P Size | AREG | BREG | CREG | DREG | ADREG | MREG | PREG | 
+----------------------+-------------+--------+--------+--------+--------+--------+------+------+------+------+-------+------+------+
|cmpy_4_dsp48_mult_717 | Dynamic     | -      | -      | -      | -      | 0      | -    | -    | -    | -    | -     | 1    | 1    | 
|cmpy_4_dsp48_mult_717 | Dynamic     | -      | -      | -      | -      | 17     | -    | -    | -    | -    | -     | 1    | 1    | 
|cmpy_4_dsp48_mult_717 | Dynamic     | -      | -      | -      | -      | 0      | -    | -    | -    | -    | 1     | 1    | 1    | 
|cmpy_4_dsp48_mult_717 | Dynamic     | -      | -      | -      | -      | 44     | -    | -    | -    | -    | 1     | 1    | 1    | 
|cmpy_4_dsp48_mult_717 | Dynamic     | -      | -      | -      | -      | 0      | -    | -    | -    | -    | -     | 1    | 1    | 
|cmpy_4_dsp48_mult_717 | Dynamic     | -      | -      | -      | -      | 17     | -    | -    | -    | -    | -     | 1    | 1    | 
|cmpy_4_dsp48_mult_717 | Dynamic     | -      | -      | -      | -      | 0      | -    | -    | -    | -    | 1     | 1    | 1    | 
|cmpy_4_dsp48_mult_717 | Dynamic     | -      | -      | -      | -      | 44     | -    | -    | -    | -    | 1     | 1    | 1    | 
|cmpy_4_dsp48_mult_424 | Dynamic     | -      | -      | -      | -      | 0      | -    | -    | -    | -    | -     | 1    | 1    | 
|cmpy_4_dsp48_mult_424 | Dynamic     | -      | -      | -      | -      | 17     | -    | -    | -    | -    | -     | 1    | 1    | 
|cmpy_4_dsp48_mult_424 | Dynamic     | -      | -      | -      | -      | 0      | -    | -    | -    | -    | 1     | 1    | 1    | 
|cmpy_4_dsp48_mult_424 | Dynamic     | -      | -      | -      | -      | 44     | -    | -    | -    | -    | 1     | 1    | 1    | 
|cmpy_4_dsp48_mult_424 | Dynamic     | -      | -      | -      | -      | 0      | -    | -    | -    | -    | -     | 1    | 1    | 
|cmpy_4_dsp48_mult_424 | Dynamic     | -      | -      | -      | -      | 17     | -    | -    | -    | -    | -     | 1    | 1    | 
|cmpy_4_dsp48_mult_424 | Dynamic     | -      | -      | -      | -      | 0      | -    | -    | -    | -    | 1     | 1    | 1    | 
|cmpy_4_dsp48_mult_424 | Dynamic     | -      | -      | -      | -      | 44     | -    | -    | -    | -    | 1     | 1    | 1    | 
|cmpy_4_dsp48_mult     | Dynamic     | -      | -      | -      | -      | 0      | -    | -    | -    | -    | -     | 1    | 1    | 
|cmpy_4_dsp48_mult     | Dynamic     | -      | -      | -      | -      | 17     | -    | -    | -    | -    | -     | 1    | 1    | 
|cmpy_4_dsp48_mult     | Dynamic     | -      | -      | -      | -      | 0      | -    | -    | -    | -    | 1     | 1    | 1    | 
|cmpy_4_dsp48_mult     | Dynamic     | -      | -      | -      | -      | 44     | -    | -    | -    | -    | 1     | 1    | 1    | 
|cmpy_4_dsp48_mult     | Dynamic     | -      | -      | -      | -      | 0      | -    | -    | -    | -    | -     | 1    | 1    | 
|cmpy_4_dsp48_mult     | Dynamic     | -      | -      | -      | -      | 17     | -    | -    | -    | -    | -     | 1    | 1    | 
|cmpy_4_dsp48_mult     | Dynamic     | -      | -      | -      | -      | 0      | -    | -    | -    | -    | 1     | 1    | 1    | 
|cmpy_4_dsp48_mult     | Dynamic     | -      | -      | -      | -      | 44     | -    | -    | -    | -    | 1     | 1    | 1    | 
+----------------------+-------------+--------+--------+--------+--------+--------+------+------+------+------+-------+------+------+


Report BlackBoxes: 
+-+--------------+----------+
| |BlackBox name |Instances |
+-+--------------+----------+
+-+--------------+----------+

Report Cell Usage: 
+------+---------+------+
|      |Cell     |Count |
+------+---------+------+
|1     |DSP48E1  |    24|
|5     |LUT1     |    43|
|6     |LUT2     |   616|
|7     |LUT3     |  1796|
|8     |LUT4     |   466|
|9     |LUT5     |    65|
|10    |LUT6     |   422|
|11    |MUXCY    |  1254|
|12    |MUXF7    |    80|
|13    |RAMB18E1 |     2|
|14    |SRL16E   |  1464|
|15    |SRLC32E  |   241|
|16    |XORCY    |  1206|
|17    |FD       |     3|
|18    |FDE      |   731|
|19    |FDR      |    28|
|20    |FDRE     |  5537|
|21    |FDSE     |    43|
+------+---------+------+
---------------------------------------------------------------------------------
Finished Writing Synthesis Report : Time (s): cpu = 00:01:28 ; elapsed = 00:01:42 . Memory (MB): peak = 2914.277 ; gain = 2020.219
---------------------------------------------------------------------------------
Synthesis finished with 0 errors, 0 critical warnings and 860 warnings.
Synthesis Optimization Runtime : Time (s): cpu = 00:00:28 ; elapsed = 00:01:37 . Memory (MB): peak = 2914.277 ; gain = 2020.219
Synthesis Optimization Complete : Time (s): cpu = 00:01:28 ; elapsed = 00:01:42 . Memory (MB): peak = 2914.277 ; gain = 2020.219
INFO: [Project 1-571] Translating synthesized netlist
Netlist sorting complete. Time (s): cpu = 00:00:00 ; elapsed = 00:00:00.193 . Memory (MB): peak = 2914.277 ; gain = 0.000
INFO: [Netlist 29-17] Analyzing 3328 Unisim elements for replacement
INFO: [Netlist 29-28] Unisim Transformation completed in 0 CPU seconds
INFO: [Project 1-570] Preparing netlist for logic optimization
INFO: [Opt 31-138] Pushed 0 inverter(s) to 0 load pin(s).
Netlist sorting complete. Time (s): cpu = 00:00:00 ; elapsed = 00:00:00.005 . Memory (MB): peak = 2914.277 ; gain = 0.000
INFO: [Project 1-111] Unisim Transformation Summary:
  A total of 1119 instances were transformed.
  (MUXCY,XORCY) => CARRY4: 357 instances
  FD => FDRE: 3 instances
  FDE => FDRE: 731 instances
  FDR => FDRE: 28 instances

Synth Design complete | Checksum: 26094f2
INFO: [Common 17-83] Releasing license: Synthesis
190 Infos, 101 Warnings, 0 Critical Warnings and 0 Errors encountered.
synth_design completed successfully
INFO: [Common 17-600] The following parameters have non-default value.
tcl.statsThreshold
INFO: [Common 17-1381] The checkpoint 'C:/Users/gm/Vivado Projects/complete_det_new_ram_full_size_2_np_32/complete_det_new_ram_full_size_2_np_32.runs/xfft_1_synth_1/xfft_1.dcp' has been generated.
INFO: [Coretcl 2-1648] Added synthesis output to IP cache for IP xfft_1, cache-ID = c355f32918f87b7a
INFO: [Coretcl 2-1174] Renamed 1171 cell refs.
INFO: [Common 17-1381] The checkpoint 'C:/Users/gm/Vivado Projects/complete_det_new_ram_full_size_2_np_32/complete_det_new_ram_full_size_2_np_32.runs/xfft_1_synth_1/xfft_1.dcp' has been generated.
INFO: [runtcl-4] Executing : report_utilization -file xfft_1_utilization_synth.rpt -pb xfft_1_utilization_synth.pb
INFO: [Common 17-206] Exiting Vivado at Mon Jun 15 13:03:52 2026...

*** Running vivado
    with args -log xfft_1.vds -m64 -product Vivado -mode batch -messageDb vivado.pb -notrace -source xfft_1.tcl


ECHO is off.
ECHO is off.

****** Vivado v2023.1 (64-bit)
  **** SW Build 3865809 on Sun May  7 15:05:29 MDT 2023
  **** IP Build 3864474 on Sun May  7 20:36:21 MDT 2023
  **** SharedData Build 3865790 on Sun May 07 13:33:03 MDT 2023
    ** Copyright 1986-2022 Xilinx, Inc. All Rights Reserved.
    ** Copyright 2022-2023 Advanced Micro Devices, Inc. All Rights Reserved.

source xfft_1.tcl -notrace
create_project: Time (s): cpu = 00:00:07 ; elapsed = 00:00:07 . Memory (MB): peak = 446.312 ; gain = 162.441
INFO: [IP_Flow 19-6924] IPCACHE: Running cache check for IP inst: xfft_1
Command: synth_design -top xfft_1 -part xc7z020clg484-1 -incremental_mode off -mode out_of_context
Starting synth_design
Attempting to get a license for feature 'Synthesis' and/or device 'xc7z020'
INFO: [Common 17-349] Got license for feature 'Synthesis' and/or device 'xc7z020'
INFO: [Device 21-403] Loading part xc7z020clg484-1
INFO: [Synth 8-7079] Multithreading enabled for synth_design using a maximum of 2 processes.
INFO: [Synth 8-7078] Launching helper process for spawning children vivado processes
INFO: [Synth 8-7075] Helper process launched with PID 19308
---------------------------------------------------------------------------------
Starting RTL Elaboration : Time (s): cpu = 00:00:10 ; elapsed = 00:00:12 . Memory (MB): peak = 1304.617 ; gain = 409.672
---------------------------------------------------------------------------------
INFO: [Synth 8-638] synthesizing module 'xfft_1' [c:/Users/gm/Vivado Projects/complete_det_pre_comblock/complete_det_pre_comblock.gen/sources_1/ip/xfft_1/synth/xfft_1.vhd:84]
	Parameter C_XDEVICEFAMILY bound to: zynq - type: string 
	Parameter C_PART bound to: xc7z020clg484-1 - type: string 
	Parameter C_S_AXIS_CONFIG_TDATA_WIDTH bound to: 24 - type: integer 
	Parameter C_S_AXIS_DATA_TDATA_WIDTH bound to: 64 - type: integer 
	Parameter C_M_AXIS_DATA_TDATA_WIDTH bound to: 64 - type: integer 
	Parameter C_M_AXIS_DATA_TUSER_WIDTH bound to: 8 - type: integer 
	Parameter C_M_AXIS_STATUS_TDATA_WIDTH bound to: 1 - type: integer 
	Parameter C_THROTTLE_SCHEME bound to: 1 - type: integer 
	Parameter C_CHANNELS bound to: 1 - type: integer 
	Parameter C_NFFT_MAX bound to: 7 - type: integer 
	Parameter C_ARCH bound to: 3 - type: integer 
	Parameter C_HAS_NFFT bound to: 1 - type: integer 
	Parameter C_USE_FLT_PT bound to: 0 - type: integer 
	Parameter C_INPUT_WIDTH bound to: 32 - type: integer 
	Parameter C_TWIDDLE_WIDTH bound to: 12 - type: integer 
	Parameter C_OUTPUT_WIDTH bound to: 32 - type: integer 
	Parameter C_HAS_SCALING bound to: 1 - type: integer 
	Parameter C_HAS_BFP bound to: 0 - type: integer 
	Parameter C_HAS_ROUNDING bound to: 1 - type: integer 
	Parameter C_HAS_ACLKEN bound to: 0 - type: integer 
	Parameter C_HAS_ARESETN bound to: 1 - type: integer 
	Parameter C_HAS_OVFLO bound to: 0 - type: integer 
	Parameter C_HAS_NATURAL_INPUT bound to: 1 - type: integer 
	Parameter C_HAS_NATURAL_OUTPUT bound to: 1 - type: integer 
	Parameter C_HAS_CYCLIC_PREFIX bound to: 0 - type: integer 
	Parameter C_HAS_XK_INDEX bound to: 1 - type: integer 
	Parameter C_DATA_MEM_TYPE bound to: 1 - type: integer 
	Parameter C_TWIDDLE_MEM_TYPE bound to: 1 - type: integer 
	Parameter C_BRAM_STAGES bound to: 0 - type: integer 
	Parameter C_REORDER_MEM_TYPE bound to: 1 - type: integer 
	Parameter C_USE_HYBRID_RAM bound to: 0 - type: integer 
	Parameter C_OPTIMIZE_GOAL bound to: 0 - type: integer 
	Parameter C_CMPY_TYPE bound to: 2 - type: integer 
	Parameter C_BFLY_TYPE bound to: 0 - type: integer 
INFO: [Synth 8-3491] module 'xfft_v9_1_9' declared at 'c:/Users/gm/Vivado Projects/complete_det_pre_comblock/complete_det_pre_comblock.gen/sources_1/ip/xfft_1/hdl/xfft_v9_1_vh_rfs.vhd:103739' bound to instance 'U0' of component 'xfft_v9_1_9' [c:/Users/gm/Vivado Projects/complete_det_pre_comblock/complete_det_pre_comblock.gen/sources_1/ip/xfft_1/synth/xfft_1.vhd:193]
INFO: [Synth 8-3919] null assignment ignored
INFO: [Synth 8-3919] null assignment ignored
INFO: [Synth 8-3919] null assignment ignored
INFO: [Synth 8-3919] null assignment ignored
INFO: [Synth 8-3919] null assignment ignored
INFO: [Synth 8-3919] null assignment ignored
INFO: [Synth 8-3919] null assignment ignored
INFO: [Synth 8-3919] null assignment ignored
INFO: [Synth 8-3919] null assignment ignored
INFO: [Synth 8-3919] null assignment ignored
INFO: [Synth 8-3919] null assignment ignored
INFO: [Synth 8-3919] null assignment ignored
INFO: [Synth 8-3919] null assignment ignored
INFO: [Synth 8-3919] null assignment ignored
INFO: [Synth 8-3919] null assignment ignored
INFO: [Synth 8-3919] null assignment ignored
INFO: [Synth 8-3919] null assignment ignored
INFO: [Synth 8-3919] null assignment ignored
INFO: [Synth 8-3919] null assignment ignored
INFO: [Synth 8-3919] null assignment ignored
INFO: [Synth 8-3919] null assignment ignored
INFO: [Synth 8-3919] null assignment ignored
INFO: [Synth 8-3919] null assignment ignored
INFO: [Synth 8-3919] null assignment ignored
INFO: [Synth 8-3919] null assignment ignored
INFO: [Synth 8-3919] null assignment ignored
INFO: [Synth 8-3919] null assignment ignored
INFO: [Synth 8-3919] null assignment ignored
INFO: [Synth 8-3919] null assignment ignored
INFO: [Synth 8-3919] null assignment ignored
INFO: [Synth 8-3919] null assignment ignored
INFO: [Synth 8-3919] null assignment ignored
INFO: [Synth 8-3919] null assignment ignored
INFO: [Synth 8-3919] null assignment ignored
INFO: [Synth 8-3919] null assignment ignored
INFO: [Synth 8-3919] null assignment ignored
INFO: [Synth 8-3919] null assignment ignored
INFO: [Synth 8-3919] null assignment ignored
INFO: [Synth 8-3919] null assignment ignored
INFO: [Synth 8-3919] null assignment ignored
INFO: [Synth 8-3919] null assignment ignored
INFO: [Synth 8-3919] null assignment ignored
INFO: [Synth 8-3919] null assignment ignored
INFO: [Synth 8-3919] null assignment ignored
INFO: [Synth 8-3919] null assignment ignored
INFO: [Synth 8-3919] null assignment ignored
INFO: [Synth 8-3919] null assignment ignored
INFO: [Synth 8-3919] null assignment ignored
INFO: [Synth 8-3919] null assignment ignored
INFO: [Synth 8-3919] null assignment ignored
INFO: [Synth 8-3919] null assignment ignored
INFO: [Synth 8-3919] null assignment ignored
INFO: [Synth 8-3919] null assignment ignored
INFO: [Synth 8-3919] null assignment ignored
INFO: [Synth 8-256] done synthesizing module 'xfft_1' (0#1) [c:/Users/gm/Vivado Projects/complete_det_pre_comblock/complete_det_pre_comblock.gen/sources_1/ip/xfft_1/synth/xfft_1.vhd:84]
WARNING: [Synth 8-7129] Port Q[0] in module shift_ram__parameterized80 is either unconnected or has no load
WARNING: [Synth 8-7129] Port D[0] in module shift_ram__parameterized80 is either unconnected or has no load
WARNING: [Synth 8-7129] Port CLK in module shift_ram__parameterized80 is either unconnected or has no load
WARNING: [Synth 8-7129] Port CE in module shift_ram__parameterized80 is either unconnected or has no load
WARNING: [Synth 8-7129] Port SCLR in module shift_ram__parameterized80 is either unconnected or has no load
WARNING: [Synth 8-7129] Port COMBI_SCLR in module shift_ram__parameterized80 is either unconnected or has no load
WARNING: [Synth 8-7129] Port DEPTHx2 in module shift_ram__parameterized80 is either unconnected or has no load
WARNING: [Synth 8-7129] Port a[3] in module c_shift_ram_v12_0_14_legacy__parameterized2 is either unconnected or has no load
WARNING: [Synth 8-7129] Port a[2] in module c_shift_ram_v12_0_14_legacy__parameterized2 is either unconnected or has no load
WARNING: [Synth 8-7129] Port a[1] in module c_shift_ram_v12_0_14_legacy__parameterized2 is either unconnected or has no load
WARNING: [Synth 8-7129] Port a[0] in module c_shift_ram_v12_0_14_legacy__parameterized2 is either unconnected or has no load
WARNING: [Synth 8-7129] Port aclr in module c_shift_ram_v12_0_14_legacy__parameterized2 is either unconnected or has no load
WARNING: [Synth 8-7129] Port aset in module c_shift_ram_v12_0_14_legacy__parameterized2 is either unconnected or has no load
WARNING: [Synth 8-7129] Port ainit in module c_shift_ram_v12_0_14_legacy__parameterized2 is either unconnected or has no load
WARNING: [Synth 8-7129] Port sclr in module c_shift_ram_v12_0_14_legacy__parameterized2 is either unconnected or has no load
WARNING: [Synth 8-7129] Port sset in module c_shift_ram_v12_0_14_legacy__parameterized2 is either unconnected or has no load
WARNING: [Synth 8-7129] Port sinit in module c_shift_ram_v12_0_14_legacy__parameterized2 is either unconnected or has no load
WARNING: [Synth 8-7129] Port D[0] in module shift_ram__parameterized62 is either unconnected or has no load
WARNING: [Synth 8-7129] Port DEPTHx2 in module shift_ram__parameterized62 is either unconnected or has no load
WARNING: [Synth 8-7129] Port a[3] in module c_shift_ram_v12_0_14_legacy__parameterized5 is either unconnected or has no load
WARNING: [Synth 8-7129] Port a[2] in module c_shift_ram_v12_0_14_legacy__parameterized5 is either unconnected or has no load
WARNING: [Synth 8-7129] Port a[1] in module c_shift_ram_v12_0_14_legacy__parameterized5 is either unconnected or has no load
WARNING: [Synth 8-7129] Port a[0] in module c_shift_ram_v12_0_14_legacy__parameterized5 is either unconnected or has no load
WARNING: [Synth 8-7129] Port aclr in module c_shift_ram_v12_0_14_legacy__parameterized5 is either unconnected or has no load
WARNING: [Synth 8-7129] Port aset in module c_shift_ram_v12_0_14_legacy__parameterized5 is either unconnected or has no load
WARNING: [Synth 8-7129] Port ainit in module c_shift_ram_v12_0_14_legacy__parameterized5 is either unconnected or has no load
WARNING: [Synth 8-7129] Port sclr in module c_shift_ram_v12_0_14_legacy__parameterized5 is either unconnected or has no load
WARNING: [Synth 8-7129] Port sset in module c_shift_ram_v12_0_14_legacy__parameterized5 is either unconnected or has no load
WARNING: [Synth 8-7129] Port sinit in module c_shift_ram_v12_0_14_legacy__parameterized5 is either unconnected or has no load
WARNING: [Synth 8-7129] Port D[15] in module shift_ram__parameterized81 is either unconnected or has no load
WARNING: [Synth 8-7129] Port D[14] in module shift_ram__parameterized81 is either unconnected or has no load
WARNING: [Synth 8-7129] Port D[13] in module shift_ram__parameterized81 is either unconnected or has no load
WARNING: [Synth 8-7129] Port D[12] in module shift_ram__parameterized81 is either unconnected or has no load
WARNING: [Synth 8-7129] Port D[11] in module shift_ram__parameterized81 is either unconnected or has no load
WARNING: [Synth 8-7129] Port D[10] in module shift_ram__parameterized81 is either unconnected or has no load
WARNING: [Synth 8-7129] Port D[9] in module shift_ram__parameterized81 is either unconnected or has no load
WARNING: [Synth 8-7129] Port D[8] in module shift_ram__parameterized81 is either unconnected or has no load
WARNING: [Synth 8-7129] Port D[7] in module shift_ram__parameterized81 is either unconnected or has no load
WARNING: [Synth 8-7129] Port D[6] in module shift_ram__parameterized81 is either unconnected or has no load
WARNING: [Synth 8-7129] Port D[5] in module shift_ram__parameterized81 is either unconnected or has no load
WARNING: [Synth 8-7129] Port D[4] in module shift_ram__parameterized81 is either unconnected or has no load
WARNING: [Synth 8-7129] Port D[3] in module shift_ram__parameterized81 is either unconnected or has no load
WARNING: [Synth 8-7129] Port D[2] in module shift_ram__parameterized81 is either unconnected or has no load
WARNING: [Synth 8-7129] Port D[1] in module shift_ram__parameterized81 is either unconnected or has no load
WARNING: [Synth 8-7129] Port D[0] in module shift_ram__parameterized81 is either unconnected or has no load
WARNING: [Synth 8-7129] Port DEPTHx2 in module shift_ram__parameterized81 is either unconnected or has no load
WARNING: [Synth 8-7129] Port a[3] in module c_shift_ram_v12_0_14_legacy__parameterized34 is either unconnected or has no load
WARNING: [Synth 8-7129] Port a[2] in module c_shift_ram_v12_0_14_legacy__parameterized34 is either unconnected or has no load
WARNING: [Synth 8-7129] Port a[1] in module c_shift_ram_v12_0_14_legacy__parameterized34 is either unconnected or has no load
WARNING: [Synth 8-7129] Port a[0] in module c_shift_ram_v12_0_14_legacy__parameterized34 is either unconnected or has no load
WARNING: [Synth 8-7129] Port aclr in module c_shift_ram_v12_0_14_legacy__parameterized34 is either unconnected or has no load
WARNING: [Synth 8-7129] Port aset in module c_shift_ram_v12_0_14_legacy__parameterized34 is either unconnected or has no load
WARNING: [Synth 8-7129] Port ainit in module c_shift_ram_v12_0_14_legacy__parameterized34 is either unconnected or has no load
WARNING: [Synth 8-7129] Port sclr in module c_shift_ram_v12_0_14_legacy__parameterized34 is either unconnected or has no load
WARNING: [Synth 8-7129] Port sset in module c_shift_ram_v12_0_14_legacy__parameterized34 is either unconnected or has no load
WARNING: [Synth 8-7129] Port sinit in module c_shift_ram_v12_0_14_legacy__parameterized34 is either unconnected or has no load
WARNING: [Synth 8-7129] Port D[0] in module shift_ram__parameterized79 is either unconnected or has no load
WARNING: [Synth 8-7129] Port DEPTHx2 in module shift_ram__parameterized79 is either unconnected or has no load
WARNING: [Synth 8-7129] Port D1 in module shift_ram__parameterized78 is either unconnected or has no load
WARNING: [Synth 8-7129] Port DEPTHx2 in module shift_ram__parameterized78 is either unconnected or has no load
WARNING: [Synth 8-7129] Port depthx2 in module r22_memory__parameterized1 is either unconnected or has no load
WARNING: [Synth 8-7129] Port Q1 in module shift_ram__parameterized77 is either unconnected or has no load
WARNING: [Synth 8-7129] Port D1 in module shift_ram__parameterized77 is either unconnected or has no load
WARNING: [Synth 8-7129] Port COMBI_SCLR in module shift_ram__parameterized77 is either unconnected or has no load
WARNING: [Synth 8-7129] Port DEPTHx2 in module shift_ram__parameterized77 is either unconnected or has no load
WARNING: [Synth 8-7129] Port Q1 in module shift_ram__parameterized76 is either unconnected or has no load
WARNING: [Synth 8-7129] Port D1 in module shift_ram__parameterized76 is either unconnected or has no load
WARNING: [Synth 8-7129] Port COMBI_SCLR in module shift_ram__parameterized76 is either unconnected or has no load
WARNING: [Synth 8-7129] Port DEPTHx2 in module shift_ram__parameterized76 is either unconnected or has no load
WARNING: [Synth 8-7129] Port shift[4] in module so_run_addr_gen_left_shift is either unconnected or has no load
WARNING: [Synth 8-7129] Port shift[3] in module so_run_addr_gen_left_shift is either unconnected or has no load
WARNING: [Synth 8-7129] Port nfft[4] in module so_run_addr_gen_left_shift is either unconnected or has no load
WARNING: [Synth 8-7129] Port nfft[3] in module so_run_addr_gen_left_shift is either unconnected or has no load
WARNING: [Synth 8-7129] Port nfft[2] in module so_run_addr_gen_left_shift is either unconnected or has no load
WARNING: [Synth 8-7129] Port nfft[1] in module so_run_addr_gen_left_shift is either unconnected or has no load
WARNING: [Synth 8-7129] Port nfft[0] in module so_run_addr_gen_left_shift is either unconnected or has no load
WARNING: [Synth 8-7129] Port D[0] in module shift_ram__parameterized38 is either unconnected or has no load
WARNING: [Synth 8-7129] Port COMBI_SCLR in module shift_ram__parameterized38 is either unconnected or has no load
WARNING: [Synth 8-7129] Port DEPTHx2 in module shift_ram__parameterized38 is either unconnected or has no load
WARNING: [Synth 8-7129] Port D1 in module shift_ram__parameterized75 is either unconnected or has no load
WARNING: [Synth 8-7129] Port SCLR in module shift_ram__parameterized75 is either unconnected or has no load
WARNING: [Synth 8-7129] Port COMBI_SCLR in module shift_ram__parameterized75 is either unconnected or has no load
WARNING: [Synth 8-7129] Port DEPTHx2 in module shift_ram__parameterized75 is either unconnected or has no load
WARNING: [Synth 8-7129] Port Q1 in module shift_ram__parameterized0 is either unconnected or has no load
WARNING: [Synth 8-7129] Port D1 in module shift_ram__parameterized0 is either unconnected or has no load
WARNING: [Synth 8-7129] Port COMBI_SCLR in module shift_ram__parameterized0 is either unconnected or has no load
WARNING: [Synth 8-7129] Port DEPTHx2 in module shift_ram__parameterized0 is either unconnected or has no load
WARNING: [Synth 8-7129] Port D1 in module shift_ram__parameterized74 is either unconnected or has no load
WARNING: [Synth 8-7129] Port DEPTHx2 in module shift_ram__parameterized74 is either unconnected or has no load
WARNING: [Synth 8-7129] Port D[0] in module shift_ram__parameterized5 is either unconnected or has no load
WARNING: [Synth 8-7129] Port COMBI_SCLR in module shift_ram__parameterized5 is either unconnected or has no load
WARNING: [Synth 8-7129] Port DEPTHx2 in module shift_ram__parameterized5 is either unconnected or has no load
WARNING: [Synth 8-7129] Port MUXCY_IN in module equ_rtl is either unconnected or has no load
WARNING: [Synth 8-7129] Port AINIT in module c_reg_fd_v12_0_6_viv is either unconnected or has no load
WARNING: [Synth 8-7129] Port ACLR in module c_reg_fd_v12_0_6_viv is either unconnected or has no load
WARNING: [Synth 8-7129] Port ASET in module c_reg_fd_v12_0_6_viv is either unconnected or has no load
WARNING: [Synth 8-7129] Port SINIT in module c_reg_fd_v12_0_6_viv is either unconnected or has no load
WARNING: [Synth 8-7129] Port SSET in module c_reg_fd_v12_0_6_viv is either unconnected or has no load
WARNING: [Synth 8-7129] Port add in module c_addsub_v12_0_15_lut6_legacy__parameterized9 is either unconnected or has no load
WARNING: [Synth 8-7129] Port bypass in module c_addsub_v12_0_15_lut6_legacy__parameterized9 is either unconnected or has no load
INFO: [Common 17-14] Message 'Synth 8-7129' appears 100 times and further instances of the messages will be disabled. Use the Tcl command set_msg_config to change the current settings.
---------------------------------------------------------------------------------
Finished RTL Elaboration : Time (s): cpu = 00:01:09 ; elapsed = 00:01:23 . Memory (MB): peak = 2915.250 ; gain = 2020.305
---------------------------------------------------------------------------------
---------------------------------------------------------------------------------
Start Handling Custom Attributes
---------------------------------------------------------------------------------
---------------------------------------------------------------------------------
Finished Handling Custom Attributes : Time (s): cpu = 00:01:09 ; elapsed = 00:01:23 . Memory (MB): peak = 2915.250 ; gain = 2020.305
---------------------------------------------------------------------------------
---------------------------------------------------------------------------------
Finished RTL Optimization Phase 1 : Time (s): cpu = 00:01:09 ; elapsed = 00:01:23 . Memory (MB): peak = 2915.250 ; gain = 2020.305
---------------------------------------------------------------------------------
Netlist sorting complete. Time (s): cpu = 00:00:01 ; elapsed = 00:00:00.294 . Memory (MB): peak = 2915.250 ; gain = 0.000
INFO: [Netlist 29-17] Analyzing 3317 Unisim elements for replacement
INFO: [Netlist 29-28] Unisim Transformation completed in 0 CPU seconds
INFO: [Project 1-570] Preparing netlist for logic optimization

Processing XDC Constraints
Initializing timing engine
Parsing XDC File [c:/Users/gm/Vivado Projects/complete_det_pre_comblock/complete_det_pre_comblock.gen/sources_1/ip/xfft_1/xfft_1_ooc.xdc] for cell 'U0'
Finished Parsing XDC File [c:/Users/gm/Vivado Projects/complete_det_pre_comblock/complete_det_pre_comblock.gen/sources_1/ip/xfft_1/xfft_1_ooc.xdc] for cell 'U0'
Parsing XDC File [C:/Users/gm/Vivado Projects/complete_det_pre_comblock/complete_det_pre_comblock.runs/xfft_1_synth_1/dont_touch.xdc]
Finished Parsing XDC File [C:/Users/gm/Vivado Projects/complete_det_pre_comblock/complete_det_pre_comblock.runs/xfft_1_synth_1/dont_touch.xdc]
Completed Processing XDC Constraints

Netlist sorting complete. Time (s): cpu = 00:00:00 ; elapsed = 00:00:00.008 . Memory (MB): peak = 2915.250 ; gain = 0.000
INFO: [Project 1-111] Unisim Transformation Summary:
  A total of 805 instances were transformed.
  FD => FDRE: 3 instances
  FDE => FDRE: 773 instances
  FDR => FDRE: 29 instances

Constraint Validation Runtime : Time (s): cpu = 00:00:00 ; elapsed = 00:00:00.289 . Memory (MB): peak = 2915.250 ; gain = 0.000
INFO: [Designutils 20-5008] Incremental synthesis strategy off
---------------------------------------------------------------------------------
Finished Constraint Validation : Time (s): cpu = 00:01:18 ; elapsed = 00:01:32 . Memory (MB): peak = 2915.250 ; gain = 2020.305
---------------------------------------------------------------------------------
---------------------------------------------------------------------------------
Start Loading Part and Timing Information
---------------------------------------------------------------------------------
Loading part: xc7z020clg484-1
---------------------------------------------------------------------------------
Finished Loading Part and Timing Information : Time (s): cpu = 00:01:18 ; elapsed = 00:01:32 . Memory (MB): peak = 2915.250 ; gain = 2020.305
---------------------------------------------------------------------------------
---------------------------------------------------------------------------------
Start Applying 'set_property' XDC Constraints
---------------------------------------------------------------------------------
Applied set_property KEEP_HIERARCHY = SOFT for U0. (constraint file  {C:/Users/gm/Vivado Projects/complete_det_pre_comblock/complete_det_pre_comblock.runs/xfft_1_synth_1/dont_touch.xdc}, line 9).
---------------------------------------------------------------------------------
Finished applying 'set_property' XDC Constraints : Time (s): cpu = 00:01:18 ; elapsed = 00:01:32 . Memory (MB): peak = 2915.250 ; gain = 2020.305
---------------------------------------------------------------------------------
---------------------------------------------------------------------------------
Finished RTL Optimization Phase 2 : Time (s): cpu = 00:01:22 ; elapsed = 00:01:37 . Memory (MB): peak = 2915.250 ; gain = 2020.305
---------------------------------------------------------------------------------
INFO: [Synth 8-223] decloning instance 'U0/i_synth/xfft_inst/non_floating_point.arch_d.xfft_inst/FLOW/reset_sustain.resets_4_pes[3].delay_reset_pe/tc_compare' (logic_gate) to 'U0/i_synth/xfft_inst/non_floating_point.arch_d.xfft_inst/FLOW/reset_sustain.resets_4_pes[3].delay_reset_pe/tc_compare1'
INFO: [Synth 8-223] decloning instance 'U0/i_synth/xfft_inst/non_floating_point.arch_d.xfft_inst/FLOW/reset_sustain.resets_4_pes[2].delay_reset_pe/tc_compare' (logic_gate__parameterized0) to 'U0/i_synth/xfft_inst/non_floating_point.arch_d.xfft_inst/FLOW/reset_sustain.resets_4_pes[2].delay_reset_pe/tc_compare1'
INFO: [Synth 8-223] decloning instance 'U0/i_synth/xfft_inst/non_floating_point.arch_d.xfft_inst/FLOW/reset_sustain.resets_4_pes[1].delay_reset_pe/tc_compare' (logic_gate__parameterized1) to 'U0/i_synth/xfft_inst/non_floating_point.arch_d.xfft_inst/FLOW/reset_sustain.resets_4_pes[1].delay_reset_pe/tc_compare1'
INFO: [Synth 8-223] decloning instance 'U0/i_synth/xfft_inst/non_floating_point.arch_d.xfft_inst/FLOW/reset_sustain.resets_4_pes[0].delay_reset_pe/tc_compare' (logic_gate__parameterized2) to 'U0/i_synth/xfft_inst/non_floating_point.arch_d.xfft_inst/FLOW/reset_sustain.resets_4_pes[0].delay_reset_pe/tc_compare1'
INFO: [Synth 8-223] decloning instance 'U0/i_synth/xfft_inst/non_floating_point.arch_d.xfft_inst/FLOW/reset_sustain.delay_reset_3/tc_compare' (logic_gate__parameterized3) to 'U0/i_synth/xfft_inst/non_floating_point.arch_d.xfft_inst/FLOW/reset_sustain.delay_reset_3/tc_compare1'
INFO: [Synth 8-223] decloning instance 'U0/i_synth/xfft_inst/non_floating_point.arch_d.xfft_inst/FLOW/reset_sustain.delay_reset_7/tc_compare' (logic_gate__parameterized4) to 'U0/i_synth/xfft_inst/non_floating_point.arch_d.xfft_inst/FLOW/reset_sustain.delay_reset_7/tc_compare1'
INFO: [Synth 8-223] decloning instance 'U0/i_synth/xfft_inst/non_floating_point.arch_d.xfft_inst/pe_gen[0].natural_order_input.PE/FB_1.BF_1/yes_nfft.bypass_reg' (shift_ram__parameterized12) to 'U0/i_synth/xfft_inst/non_floating_point.arch_d.xfft_inst/pe_gen[0].natural_order_input.PE/FB_1.BF_1/yes_nfft.bypass_1_reg'
INFO: [Synth 8-223] decloning instance 'U0/i_synth/xfft_inst/non_floating_point.arch_d.xfft_inst/pe_gen[0].natural_order_input.PE/FB_1.BF_1/yes_nfft.bypass_reg' (shift_ram__parameterized12) to 'U0/i_synth/xfft_inst/non_floating_point.arch_d.xfft_inst/pe_gen[0].natural_order_input.PE/FB_1.BF_1/yes_nfft.bypass_2_reg'
INFO: [Synth 8-223] decloning instance 'U0/i_synth/xfft_inst/non_floating_point.arch_d.xfft_inst/pe_gen[0].natural_order_input.PE/FB_1.BF_1/yes_nfft.bypass_reg' (shift_ram__parameterized12) to 'U0/i_synth/xfft_inst/non_floating_point.arch_d.xfft_inst/pe_gen[0].natural_order_input.PE/FB_1.BF_1/yes_nfft.bypass_3_reg'
INFO: [Synth 8-223] decloning instance 'U0/i_synth/xfft_inst/non_floating_point.arch_d.xfft_inst/pe_gen[0].natural_order_input.PE/hasbf2.FB_2.BF_2/yes_nfft.bypass_reg' (shift_ram__parameterized12) to 'U0/i_synth/xfft_inst/non_floating_point.arch_d.xfft_inst/pe_gen[0].natural_order_input.PE/hasbf2.FB_2.BF_2/yes_nfft.bypass_1_reg'
INFO: [Synth 8-223] decloning instance 'U0/i_synth/xfft_inst/non_floating_point.arch_d.xfft_inst/pe_gen[0].natural_order_input.PE/hasbf2.FB_2.BF_2/yes_nfft.bypass_reg' (shift_ram__parameterized12) to 'U0/i_synth/xfft_inst/non_floating_point.arch_d.xfft_inst/pe_gen[0].natural_order_input.PE/hasbf2.FB_2.BF_2/yes_nfft.bypass_2_reg'
INFO: [Synth 8-223] decloning instance 'U0/i_synth/xfft_inst/non_floating_point.arch_d.xfft_inst/pe_gen[0].natural_order_input.PE/hasbf2.FB_2.BF_2/yes_nfft.bypass_reg' (shift_ram__parameterized12) to 'U0/i_synth/xfft_inst/non_floating_point.arch_d.xfft_inst/pe_gen[0].natural_order_input.PE/hasbf2.FB_2.BF_2/yes_nfft.bypass_3_reg'
INFO: [Synth 8-223] decloning instance 'U0/i_synth/xfft_inst/non_floating_point.arch_d.xfft_inst/pe_gen[3].natural_order_input.PE/SR2' (shift_ram__parameterized69) to 'U0/i_synth/xfft_inst/non_floating_point.arch_d.xfft_inst/pe_gen[3].natural_order_input.PE/SR3'
---------------------------------------------------------------------------------
Start RTL Component Statistics 
---------------------------------------------------------------------------------
---------------------------------------------------------------------------------
Finished RTL Component Statistics 
---------------------------------------------------------------------------------
---------------------------------------------------------------------------------
Start Part Resource Summary
---------------------------------------------------------------------------------
Part Resources:
DSPs: 220 (col length:60)
BRAMs: 280 (col length: RAMB18 60 RAMB36 30)
---------------------------------------------------------------------------------
Finished Part Resource Summary
---------------------------------------------------------------------------------
---------------------------------------------------------------------------------
Start Cross Boundary and Area Optimization
---------------------------------------------------------------------------------
WARNING: [Synth 8-7080] Parallel synthesis criteria is not met
INFO: [Synth 8-3332] Sequential element (xfft_inst/non_floating_point.arch_d.xfft_inst/FLOW/reset_sustain.resets_4_pes[3].delay_reset_pe/tc_reg1) is unused and will be removed from module xfft_v9_1_9_viv.
INFO: [Synth 8-3332] Sequential element (xfft_inst/non_floating_point.arch_d.xfft_inst/FLOW/reset_sustain.resets_4_pes[2].delay_reset_pe/tc_reg1) is unused and will be removed from module xfft_v9_1_9_viv.
INFO: [Synth 8-3332] Sequential element (xfft_inst/non_floating_point.arch_d.xfft_inst/FLOW/reset_sustain.resets_4_pes[1].delay_reset_pe/tc_reg1) is unused and will be removed from module xfft_v9_1_9_viv.
INFO: [Synth 8-3332] Sequential element (xfft_inst/non_floating_point.arch_d.xfft_inst/FLOW/reset_sustain.resets_4_pes[0].delay_reset_pe/tc_reg1) is unused and will be removed from module xfft_v9_1_9_viv.
INFO: [Synth 8-3332] Sequential element (xfft_inst/non_floating_point.arch_d.xfft_inst/FLOW/reset_sustain.delay_reset_7/tc_reg1) is unused and will be removed from module xfft_v9_1_9_viv.
INFO: [Synth 8-3332] Sequential element (xfft_inst/non_floating_point.arch_d.xfft_inst/FLOW/has_nfft.counter_limit_reg[15].max_n_int_minus_one_ff) is unused and will be removed from module xfft_v9_1_9_viv.
INFO: [Synth 8-3332] Sequential element (xfft_inst/non_floating_point.arch_d.xfft_inst/FLOW/has_nfft.counter_limit_reg[14].max_n_int_minus_one_ff) is unused and will be removed from module xfft_v9_1_9_viv.
INFO: [Synth 8-3332] Sequential element (xfft_inst/non_floating_point.arch_d.xfft_inst/FLOW/has_nfft.counter_limit_reg[13].max_n_int_minus_one_ff) is unused and will be removed from module xfft_v9_1_9_viv.
INFO: [Synth 8-3332] Sequential element (xfft_inst/non_floating_point.arch_d.xfft_inst/FLOW/has_nfft.counter_limit_reg[12].max_n_int_minus_one_ff) is unused and will be removed from module xfft_v9_1_9_viv.
INFO: [Synth 8-3332] Sequential element (xfft_inst/non_floating_point.arch_d.xfft_inst/FLOW/has_nfft.counter_limit_reg[11].max_n_int_minus_one_ff) is unused and will be removed from module xfft_v9_1_9_viv.
INFO: [Synth 8-3332] Sequential element (xfft_inst/non_floating_point.arch_d.xfft_inst/FLOW/has_nfft.counter_limit_reg[10].max_n_int_minus_one_ff) is unused and will be removed from module xfft_v9_1_9_viv.
INFO: [Synth 8-3332] Sequential element (xfft_inst/non_floating_point.arch_d.xfft_inst/FLOW/has_nfft.counter_limit_reg[9].max_n_int_minus_one_ff) is unused and will be removed from module xfft_v9_1_9_viv.
INFO: [Synth 8-3332] Sequential element (xfft_inst/non_floating_point.arch_d.xfft_inst/FLOW/has_nfft.counter_limit_reg[8].max_n_int_minus_one_ff) is unused and will be removed from module xfft_v9_1_9_viv.
INFO: [Synth 8-3332] Sequential element (xfft_inst/non_floating_point.arch_d.xfft_inst/FLOW/has_nfft.counter_limit_reg[7].max_n_int_minus_one_ff) is unused and will be removed from module xfft_v9_1_9_viv.
INFO: [Synth 8-3332] Sequential element (xfft_inst/non_floating_point.arch_d.xfft_inst/FLOW/has_nfft.counter_limit_reg[0].max_n_int_minus_one_ff) is unused and will be removed from module xfft_v9_1_9_viv.
INFO: [Synth 8-3332] Sequential element (xfft_inst/non_floating_point.arch_d.xfft_inst/FLOW/has_nfft.counter_limit_early_reg[15].max_n_int_minus_one_ff) is unused and will be removed from module xfft_v9_1_9_viv.
INFO: [Synth 8-3332] Sequential element (xfft_inst/non_floating_point.arch_d.xfft_inst/FLOW/has_nfft.counter_limit_early_reg[14].max_n_int_minus_one_ff) is unused and will be removed from module xfft_v9_1_9_viv.
INFO: [Synth 8-3332] Sequential element (xfft_inst/non_floating_point.arch_d.xfft_inst/FLOW/has_nfft.counter_limit_early_reg[13].max_n_int_minus_one_ff) is unused and will be removed from module xfft_v9_1_9_viv.
INFO: [Synth 8-3332] Sequential element (xfft_inst/non_floating_point.arch_d.xfft_inst/FLOW/has_nfft.counter_limit_early_reg[12].max_n_int_minus_one_ff) is unused and will be removed from module xfft_v9_1_9_viv.
INFO: [Synth 8-3332] Sequential element (xfft_inst/non_floating_point.arch_d.xfft_inst/FLOW/has_nfft.counter_limit_early_reg[11].max_n_int_minus_one_ff) is unused and will be removed from module xfft_v9_1_9_viv.
INFO: [Synth 8-3332] Sequential element (xfft_inst/non_floating_point.arch_d.xfft_inst/FLOW/has_nfft.counter_limit_early_reg[10].max_n_int_minus_one_ff) is unused and will be removed from module xfft_v9_1_9_viv.
INFO: [Synth 8-3332] Sequential element (xfft_inst/non_floating_point.arch_d.xfft_inst/FLOW/has_nfft.counter_limit_early_reg[9].max_n_int_minus_one_ff) is unused and will be removed from module xfft_v9_1_9_viv.
INFO: [Synth 8-3332] Sequential element (xfft_inst/non_floating_point.arch_d.xfft_inst/FLOW/has_nfft.counter_limit_early_reg[8].max_n_int_minus_one_ff) is unused and will be removed from module xfft_v9_1_9_viv.
INFO: [Synth 8-3332] Sequential element (xfft_inst/non_floating_point.arch_d.xfft_inst/FLOW/has_nfft.counter_limit_early_reg[7].max_n_int_minus_one_ff) is unused and will be removed from module xfft_v9_1_9_viv.
INFO: [Synth 8-3332] Sequential element (xfft_inst/non_floating_point.arch_d.xfft_inst/FLOW/has_nfft.counter_limit_early_reg[1].max_n_int_minus_one_ff) is unused and will be removed from module xfft_v9_1_9_viv.
INFO: [Synth 8-3332] Sequential element (xfft_inst/non_floating_point.arch_d.xfft_inst/pe0_bf1_addr_gen/no_sclr_lut.real_shift_ram.use_baseblock.use_hlutnm_srls.srl_loop[0].i_fdre0) is unused and will be removed from module xfft_v9_1_9_viv.
INFO: [Synth 8-3332] Sequential element (xfft_inst/non_floating_point.arch_d.xfft_inst/pe_gen[0].natural_order_input.PE/has_scale_pipelining.pe_ovflo_delay/no_sclr_lut.real_shift_ram.use_baseblock.use_hlutnm_srls.runt_srl_loop.i_fdre) is unused and will be removed from module xfft_v9_1_9_viv.
INFO: [Synth 8-3332] Sequential element (xfft_inst/non_floating_point.arch_d.xfft_inst/pe_gen[0].natural_order_input.PE/delay_addr_bf2/no_sclr_lut.real_shift_ram.use_baseblock.use_hlutnm_srls.srl_loop[0].i_fdre0) is unused and will be removed from module xfft_v9_1_9_viv.
INFO: [Synth 8-3332] Sequential element (xfft_inst/non_floating_point.arch_d.xfft_inst/pe_gen[0].natural_order_input.PE/delay_addr_bf2/no_sclr_lut.real_shift_ram.use_baseblock.use_hlutnm_srls.srl_loop[0].i_fdre1) is unused and will be removed from module xfft_v9_1_9_viv.
INFO: [Synth 8-3332] Sequential element (xfft_inst/non_floating_point.arch_d.xfft_inst/pe_gen[0].natural_order_input.PE/delay_addr_bf2/no_sclr_lut.real_shift_ram.use_baseblock.use_hlutnm_srls.srl_loop[1].i_fdre0) is unused and will be removed from module xfft_v9_1_9_viv.
INFO: [Synth 8-3332] Sequential element (xfft_inst/non_floating_point.arch_d.xfft_inst/pe_gen[0].natural_order_input.PE/delay_addr_bf2/no_sclr_lut.real_shift_ram.use_baseblock.use_hlutnm_srls.srl_loop[1].i_fdre1) is unused and will be removed from module xfft_v9_1_9_viv.
INFO: [Synth 8-3332] Sequential element (xfft_inst/non_floating_point.arch_d.xfft_inst/pe_gen[0].natural_order_input.PE/delay_addr_tw/no_sclr_lut.real_shift_ram.use_baseblock.use_hlutnm_srls.srl_loop[0].i_fdre0) is unused and will be removed from module xfft_v9_1_9_viv.
INFO: [Synth 8-3332] Sequential element (xfft_inst/non_floating_point.arch_d.xfft_inst/pe_gen[0].natural_order_input.PE/delay_addr_tw/no_sclr_lut.real_shift_ram.use_baseblock.use_hlutnm_srls.srl_loop[0].i_fdre1) is unused and will be removed from module xfft_v9_1_9_viv.
INFO: [Synth 8-3332] Sequential element (xfft_inst/non_floating_point.arch_d.xfft_inst/pe_gen[0].natural_order_input.PE/delay_addr_tw/no_sclr_lut.real_shift_ram.use_baseblock.use_hlutnm_srls.srl_loop[1].i_fdre0) is unused and will be removed from module xfft_v9_1_9_viv.
INFO: [Synth 8-3332] Sequential element (xfft_inst/non_floating_point.arch_d.xfft_inst/pe_gen[0].natural_order_input.PE/delay_addr_tw/no_sclr_lut.real_shift_ram.use_baseblock.use_hlutnm_srls.srl_loop[1].i_fdre1) is unused and will be removed from module xfft_v9_1_9_viv.
INFO: [Synth 8-3332] Sequential element (xfft_inst/non_floating_point.arch_d.xfft_inst/pe_gen[0].natural_order_input.PE/delay_addr_tw/no_sclr_lut.real_shift_ram.use_baseblock.use_hlutnm_srls.srl_loop[2].i_fdre0) is unused and will be removed from module xfft_v9_1_9_viv.
INFO: [Synth 8-3332] Sequential element (xfft_inst/non_floating_point.arch_d.xfft_inst/pe_gen[0].natural_order_input.PE/delay_addr_tw/no_sclr_lut.real_shift_ram.use_baseblock.use_hlutnm_srls.srl_loop[2].i_fdre1) is unused and will be removed from module xfft_v9_1_9_viv.
INFO: [Synth 8-3332] Sequential element (xfft_inst/non_floating_point.arch_d.xfft_inst/pe_gen[0].natural_order_input.PE/delay_addr_tw/no_sclr_lut.real_shift_ram.use_baseblock.use_hlutnm_srls.runt_srl_loop.i_fdre) is unused and will be removed from module xfft_v9_1_9_viv.
INFO: [Synth 8-3332] Sequential element (xfft_inst/non_floating_point.arch_d.xfft_inst/pe_gen[0].natural_order_input.PE/FB_1.BF_1/wr_addr_del/no_sclr_lut.real_shift_ram.use_baseblock.use_hlutnm_srls.srl_loop[0].i_fdre0) is unused and will be removed from module xfft_v9_1_9_viv.
INFO: [Synth 8-3332] Sequential element (xfft_inst/non_floating_point.arch_d.xfft_inst/pe_gen[0].natural_order_input.PE/FB_1.BF_1/wr_addr_del/no_sclr_lut.real_shift_ram.use_baseblock.use_hlutnm_srls.srl_loop[0].i_fdre1) is unused and will be removed from module xfft_v9_1_9_viv.
INFO: [Synth 8-3332] Sequential element (xfft_inst/non_floating_point.arch_d.xfft_inst/pe_gen[0].natural_order_input.PE/FB_1.BF_1/wr_addr_del/no_sclr_lut.real_shift_ram.use_baseblock.use_hlutnm_srls.srl_loop[1].i_fdre0) is unused and will be removed from module xfft_v9_1_9_viv.
INFO: [Synth 8-3332] Sequential element (xfft_inst/non_floating_point.arch_d.xfft_inst/pe_gen[0].natural_order_input.PE/FB_1.BF_1/wr_addr_del/no_sclr_lut.real_shift_ram.use_baseblock.use_hlutnm_srls.srl_loop[1].i_fdre1) is unused and will be removed from module xfft_v9_1_9_viv.
INFO: [Synth 8-3332] Sequential element (xfft_inst/non_floating_point.arch_d.xfft_inst/pe_gen[0].natural_order_input.PE/FB_1.BF_1/wr_addr_del/no_sclr_lut.real_shift_ram.use_baseblock.use_hlutnm_srls.srl_loop[2].i_fdre0) is unused and will be removed from module xfft_v9_1_9_viv.
INFO: [Synth 8-3332] Sequential element (xfft_inst/non_floating_point.arch_d.xfft_inst/pe_gen[0].natural_order_input.PE/FB_1.BF_1/wr_addr_del/no_sclr_lut.real_shift_ram.use_baseblock.use_hlutnm_srls.srl_loop[2].i_fdre1) is unused and will be removed from module xfft_v9_1_9_viv.
INFO: [Synth 8-3332] Sequential element (xfft_inst/non_floating_point.arch_d.xfft_inst/pe_gen[0].natural_order_input.PE/hasbf2.FB_2.BF_2/wr_addr_del/no_sclr_lut.real_shift_ram.use_baseblock.use_hlutnm_srls.srl_loop[0].i_fdre0) is unused and will be removed from module xfft_v9_1_9_viv.
INFO: [Synth 8-3332] Sequential element (xfft_inst/non_floating_point.arch_d.xfft_inst/pe_gen[0].natural_order_input.PE/hasbf2.FB_2.BF_2/wr_addr_del/no_sclr_lut.real_shift_ram.use_baseblock.use_hlutnm_srls.srl_loop[0].i_fdre1) is unused and will be removed from module xfft_v9_1_9_viv.
INFO: [Synth 8-3332] Sequential element (xfft_inst/non_floating_point.arch_d.xfft_inst/pe_gen[0].natural_order_input.PE/hasbf2.FB_2.BF_2/wr_addr_del/no_sclr_lut.real_shift_ram.use_baseblock.use_hlutnm_srls.srl_loop[1].i_fdre0) is unused and will be removed from module xfft_v9_1_9_viv.
INFO: [Synth 8-3332] Sequential element (xfft_inst/non_floating_point.arch_d.xfft_inst/pe_gen[0].natural_order_input.PE/hasbf2.FB_2.BF_2/wr_addr_del/no_sclr_lut.real_shift_ram.use_baseblock.use_hlutnm_srls.srl_loop[1].i_fdre1) is unused and will be removed from module xfft_v9_1_9_viv.
INFO: [Synth 8-3332] Sequential element (xfft_inst/non_floating_point.arch_d.xfft_inst/pe_gen[0].natural_order_input.PE/hasbf2.FB_2.BF_2/wr_addr_del/no_sclr_lut.real_shift_ram.use_baseblock.use_hlutnm_srls.runt_srl_loop.i_fdre) is unused and will be removed from module xfft_v9_1_9_viv.
INFO: [Synth 8-3332] Sequential element (xfft_inst/non_floating_point.arch_d.xfft_inst/pe_gen[0].natural_order_input.PE/scaling2bits.scaler_re/scale_mux/four_inputs.use_lut6.no_lut_sclr.four_to_one_mux[42].latency1.reg) is unused and will be removed from module xfft_v9_1_9_viv.
INFO: [Synth 8-3332] Sequential element (xfft_inst/non_floating_point.arch_d.xfft_inst/pe_gen[0].natural_order_input.PE/scaling2bits.scaler_re/scale_mux/four_inputs.use_lut6.no_lut_sclr.four_to_one_mux[41].latency1.reg) is unused and will be removed from module xfft_v9_1_9_viv.
INFO: [Synth 8-3332] Sequential element (xfft_inst/non_floating_point.arch_d.xfft_inst/pe_gen[0].natural_order_input.PE/scaling2bits.scaler_re/scale_mux/four_inputs.use_lut6.no_lut_sclr.four_to_one_mux[40].latency1.reg) is unused and will be removed from module xfft_v9_1_9_viv.
INFO: [Synth 8-3332] Sequential element (xfft_inst/non_floating_point.arch_d.xfft_inst/pe_gen[0].natural_order_input.PE/scaling2bits.scaler_im/scale_mux/four_inputs.use_lut6.no_lut_sclr.four_to_one_mux[42].latency1.reg) is unused and will be removed from module xfft_v9_1_9_viv.
INFO: [Synth 8-3332] Sequential element (xfft_inst/non_floating_point.arch_d.xfft_inst/pe_gen[0].natural_order_input.PE/scaling2bits.scaler_im/scale_mux/four_inputs.use_lut6.no_lut_sclr.four_to_one_mux[41].latency1.reg) is unused and will be removed from module xfft_v9_1_9_viv.
INFO: [Synth 8-3332] Sequential element (xfft_inst/non_floating_point.arch_d.xfft_inst/pe_gen[0].natural_order_input.PE/scaling2bits.scaler_im/scale_mux/four_inputs.use_lut6.no_lut_sclr.four_to_one_mux[40].latency1.reg) is unused and will be removed from module xfft_v9_1_9_viv.
INFO: [Synth 8-3332] Sequential element (xfft_inst/non_floating_point.arch_d.xfft_inst/pe_gen[0].natural_order_input.PE/rounding.ROUND_0/reg_gate.delay_d_2/no_sclr_lut.real_shift_ram.use_baseblock.use_hlutnm_srls.srl_loop[0].i_fdre0) is unused and will be removed from module xfft_v9_1_9_viv.
INFO: [Synth 8-3332] Sequential element (xfft_inst/non_floating_point.arch_d.xfft_inst/pe_gen[0].natural_order_input.PE/rounding.ROUND_1/reg_gate.delay_d_2/no_sclr_lut.real_shift_ram.use_baseblock.use_hlutnm_srls.srl_loop[0].i_fdre0) is unused and will be removed from module xfft_v9_1_9_viv.
INFO: [Synth 8-3332] Sequential element (xfft_inst/non_floating_point.arch_d.xfft_inst/pe_gen[0].natural_order_input.PE/has_scale_pipelining.has_tw_scale_reg.tw_scale_reg_gen[7].tw_scale_reg) is unused and will be removed from module xfft_v9_1_9_viv.
INFO: [Synth 8-3332] Sequential element (xfft_inst/non_floating_point.arch_d.xfft_inst/pe_gen[1].natural_order_input.PE/scaling2bits.scaler_re/scale_mux/four_inputs.use_lut6.no_lut_sclr.four_to_one_mux[42].latency1.reg) is unused and will be removed from module xfft_v9_1_9_viv.
INFO: [Synth 8-3332] Sequential element (xfft_inst/non_floating_point.arch_d.xfft_inst/pe_gen[1].natural_order_input.PE/scaling2bits.scaler_re/scale_mux/four_inputs.use_lut6.no_lut_sclr.four_to_one_mux[41].latency1.reg) is unused and will be removed from module xfft_v9_1_9_viv.
INFO: [Synth 8-3332] Sequential element (xfft_inst/non_floating_point.arch_d.xfft_inst/pe_gen[1].natural_order_input.PE/scaling2bits.scaler_re/scale_mux/four_inputs.use_lut6.no_lut_sclr.four_to_one_mux[40].latency1.reg) is unused and will be removed from module xfft_v9_1_9_viv.
INFO: [Synth 8-3332] Sequential element (xfft_inst/non_floating_point.arch_d.xfft_inst/pe_gen[1].natural_order_input.PE/scaling2bits.scaler_im/scale_mux/four_inputs.use_lut6.no_lut_sclr.four_to_one_mux[42].latency1.reg) is unused and will be removed from module xfft_v9_1_9_viv.
INFO: [Synth 8-3332] Sequential element (xfft_inst/non_floating_point.arch_d.xfft_inst/pe_gen[1].natural_order_input.PE/scaling2bits.scaler_im/scale_mux/four_inputs.use_lut6.no_lut_sclr.four_to_one_mux[41].latency1.reg) is unused and will be removed from module xfft_v9_1_9_viv.
INFO: [Synth 8-3332] Sequential element (xfft_inst/non_floating_point.arch_d.xfft_inst/pe_gen[1].natural_order_input.PE/scaling2bits.scaler_im/scale_mux/four_inputs.use_lut6.no_lut_sclr.four_to_one_mux[40].latency1.reg) is unused and will be removed from module xfft_v9_1_9_viv.
INFO: [Synth 8-3332] Sequential element (xfft_inst/non_floating_point.arch_d.xfft_inst/pe_gen[1].natural_order_input.PE/rounding.ROUND_0/reg_gate.delay_d_2/no_sclr_lut.real_shift_ram.use_baseblock.use_hlutnm_srls.srl_loop[0].i_fdre0) is unused and will be removed from module xfft_v9_1_9_viv.
INFO: [Synth 8-3332] Sequential element (xfft_inst/non_floating_point.arch_d.xfft_inst/pe_gen[1].natural_order_input.PE/rounding.ROUND_1/reg_gate.delay_d_2/no_sclr_lut.real_shift_ram.use_baseblock.use_hlutnm_srls.srl_loop[0].i_fdre0) is unused and will be removed from module xfft_v9_1_9_viv.
INFO: [Synth 8-3332] Sequential element (xfft_inst/non_floating_point.arch_d.xfft_inst/pe_gen[1].natural_order_input.PE/addr_select.bf1_addr_mux_gen[2].reg) is unused and will be removed from module xfft_v9_1_9_viv.
INFO: [Synth 8-3332] Sequential element (xfft_inst/non_floating_point.arch_d.xfft_inst/pe_gen[1].natural_order_input.PE/addr_select.bf1_addr_mux_gen[1].reg) is unused and will be removed from module xfft_v9_1_9_viv.
INFO: [Synth 8-3332] Sequential element (xfft_inst/non_floating_point.arch_d.xfft_inst/pe_gen[1].natural_order_input.PE/addr_select.bf1_addr_mux_gen[0].reg) is unused and will be removed from module xfft_v9_1_9_viv.
INFO: [Synth 8-3332] Sequential element (xfft_inst/non_floating_point.arch_d.xfft_inst/pe_gen[1].natural_order_input.PE/has_scale_pipelining.scale_select.scale_mux_gen[5].reg) is unused and will be removed from module xfft_v9_1_9_viv.
INFO: [Synth 8-3332] Sequential element (xfft_inst/non_floating_point.arch_d.xfft_inst/pe_gen[1].natural_order_input.PE/has_scale_pipelining.has_tw_scale_reg.tw_scale_reg_gen[5].tw_scale_reg) is unused and will be removed from module xfft_v9_1_9_viv.
INFO: [Synth 8-3332] Sequential element (xfft_inst/non_floating_point.arch_d.xfft_inst/pe_gen[2].natural_order_input.PE/delay_addr_tw/no_sclr_lut.real_shift_ram.use_baseblock.use_hlutnm_srls.srl_loop[0].i_fdre0) is unused and will be removed from module xfft_v9_1_9_viv.
INFO: [Synth 8-3332] Sequential element (xfft_inst/non_floating_point.arch_d.xfft_inst/pe_gen[2].natural_order_input.PE/delay_addr_tw/no_sclr_lut.real_shift_ram.use_baseblock.use_hlutnm_srls.srl_loop[0].i_fdre1) is unused and will be removed from module xfft_v9_1_9_viv.
INFO: [Synth 8-3332] Sequential element (xfft_inst/non_floating_point.arch_d.xfft_inst/pe_gen[2].natural_order_input.PE/delay_addr_tw/no_sclr_lut.real_shift_ram.use_baseblock.use_hlutnm_srls.runt_srl_loop.i_fdre) is unused and will be removed from module xfft_v9_1_9_viv.
INFO: [Synth 8-3332] Sequential element (xfft_inst/non_floating_point.arch_d.xfft_inst/pe_gen[2].natural_order_input.PE/scaling2bits.scaler_re/scale_mux/four_inputs.use_lut6.no_lut_sclr.four_to_one_mux[42].latency1.reg) is unused and will be removed from module xfft_v9_1_9_viv.
INFO: [Synth 8-3332] Sequential element (xfft_inst/non_floating_point.arch_d.xfft_inst/pe_gen[2].natural_order_input.PE/scaling2bits.scaler_re/scale_mux/four_inputs.use_lut6.no_lut_sclr.four_to_one_mux[41].latency1.reg) is unused and will be removed from module xfft_v9_1_9_viv.
INFO: [Synth 8-3332] Sequential element (xfft_inst/non_floating_point.arch_d.xfft_inst/pe_gen[2].natural_order_input.PE/scaling2bits.scaler_re/scale_mux/four_inputs.use_lut6.no_lut_sclr.four_to_one_mux[40].latency1.reg) is unused and will be removed from module xfft_v9_1_9_viv.
INFO: [Synth 8-3332] Sequential element (xfft_inst/non_floating_point.arch_d.xfft_inst/pe_gen[2].natural_order_input.PE/scaling2bits.scaler_im/scale_mux/four_inputs.use_lut6.no_lut_sclr.four_to_one_mux[42].latency1.reg) is unused and will be removed from module xfft_v9_1_9_viv.
INFO: [Synth 8-3332] Sequential element (xfft_inst/non_floating_point.arch_d.xfft_inst/pe_gen[2].natural_order_input.PE/scaling2bits.scaler_im/scale_mux/four_inputs.use_lut6.no_lut_sclr.four_to_one_mux[41].latency1.reg) is unused and will be removed from module xfft_v9_1_9_viv.
INFO: [Synth 8-3332] Sequential element (xfft_inst/non_floating_point.arch_d.xfft_inst/pe_gen[2].natural_order_input.PE/scaling2bits.scaler_im/scale_mux/four_inputs.use_lut6.no_lut_sclr.four_to_one_mux[40].latency1.reg) is unused and will be removed from module xfft_v9_1_9_viv.
INFO: [Synth 8-3332] Sequential element (xfft_inst/non_floating_point.arch_d.xfft_inst/pe_gen[2].natural_order_input.PE/rounding.ROUND_0/reg_gate.delay_d_2/no_sclr_lut.real_shift_ram.use_baseblock.use_hlutnm_srls.srl_loop[0].i_fdre0) is unused and will be removed from module xfft_v9_1_9_viv.
INFO: [Synth 8-3332] Sequential element (xfft_inst/non_floating_point.arch_d.xfft_inst/pe_gen[2].natural_order_input.PE/rounding.ROUND_1/reg_gate.delay_d_2/no_sclr_lut.real_shift_ram.use_baseblock.use_hlutnm_srls.srl_loop[0].i_fdre0) is unused and will be removed from module xfft_v9_1_9_viv.
INFO: [Synth 8-3332] Sequential element (xfft_inst/non_floating_point.arch_d.xfft_inst/pe_gen[2].natural_order_input.PE/addr_select.bf1_addr_mux_gen[0].reg) is unused and will be removed from module xfft_v9_1_9_viv.
INFO: [Synth 8-3332] Sequential element (xfft_inst/non_floating_point.arch_d.xfft_inst/pe_gen[2].natural_order_input.PE/has_scale_pipelining.scale_select.scale_mux_gen[3].reg) is unused and will be removed from module xfft_v9_1_9_viv.
INFO: [Synth 8-3332] Sequential element (xfft_inst/non_floating_point.arch_d.xfft_inst/pe_gen[2].natural_order_input.PE/has_scale_pipelining.has_tw_scale_reg.tw_scale_reg_gen[3].tw_scale_reg) is unused and will be removed from module xfft_v9_1_9_viv.
INFO: [Synth 8-3332] Sequential element (xfft_inst/non_floating_point.arch_d.xfft_inst/pe_gen[3].natural_order_input.PE/has_scale_pipelining.pe_scale_delay/no_sclr_lut.real_shift_ram.use_baseblock.use_hlutnm_srls.srl_loop[0].i_fdre1) is unused and will be removed from module xfft_v9_1_9_viv.
INFO: [Synth 8-3332] Sequential element (xfft_inst/non_floating_point.arch_d.xfft_inst/pe_gen[3].natural_order_input.PE/has_scale_pipelining.pe_ovflo_delay/no_sclr_lut.real_shift_ram.use_baseblock.use_hlutnm_srls.runt_srl_loop.i_fdre) is unused and will be removed from module xfft_v9_1_9_viv.
INFO: [Synth 8-3332] Sequential element (xfft_inst/non_floating_point.arch_d.xfft_inst/pe_gen[3].natural_order_input.PE/delay_addr_bf2/no_sclr_lut.real_shift_ram.use_baseblock.use_hlutnm_srls.runt_srl_loop.i_fdre) is unused and will be removed from module xfft_v9_1_9_viv.
INFO: [Synth 8-3332] Sequential element (xfft_inst/non_floating_point.arch_d.xfft_inst/pe_gen[3].natural_order_input.PE/delay_addr_tw/no_sclr_lut.real_shift_ram.use_baseblock.use_hlutnm_srls.runt_srl_loop.i_fdre) is unused and will be removed from module xfft_v9_1_9_viv.
INFO: [Synth 8-3332] Sequential element (xfft_inst/non_floating_point.arch_d.xfft_inst/pe_gen[3].natural_order_input.PE/rounding.ROUND_0/reg_gate.delay_d_2/no_sclr_lut.real_shift_ram.use_baseblock.use_hlutnm_srls.srl_loop[0].i_fdre0) is unused and will be removed from module xfft_v9_1_9_viv.
INFO: [Synth 8-3332] Sequential element (xfft_inst/non_floating_point.arch_d.xfft_inst/pe_gen[3].natural_order_input.PE/rounding.ROUND_1/reg_gate.delay_d_2/no_sclr_lut.real_shift_ram.use_baseblock.use_hlutnm_srls.srl_loop[0].i_fdre0) is unused and will be removed from module xfft_v9_1_9_viv.
INFO: [Synth 8-3332] Sequential element (xfft_inst/non_floating_point.arch_d.xfft_inst/has_bit_reverse.busy_gen/proc_start_delay/need_sclr_lut.real_shift_ram.FF_gen[0].reg) is unused and will be removed from module xfft_v9_1_9_viv.
INFO: [Synth 8-3332] Sequential element (xfft_inst/non_floating_point.arch_d.xfft_inst/timing_cnts_has_nfft.duplicate_regs[4].other.nfft_regs[4].nfft_regs_fde) is unused and will be removed from module xfft_v9_1_9_viv.
INFO: [Synth 8-3332] Sequential element (xfft_inst/non_floating_point.arch_d.xfft_inst/timing_cnts_has_nfft.duplicate_regs[4].other.nfft_regs[3].nfft_regs_fde) is unused and will be removed from module xfft_v9_1_9_viv.
INFO: [Synth 8-3332] Sequential element (xfft_inst/non_floating_point.arch_d.xfft_inst/timing_cnts_has_nfft.duplicate_regs[4].other.nfft_regs[2].nfft_regs_fde) is unused and will be removed from module xfft_v9_1_9_viv.
INFO: [Synth 8-3332] Sequential element (xfft_inst/non_floating_point.arch_d.xfft_inst/timing_cnts_has_nfft.duplicate_regs[4].other.nfft_regs[1].nfft_regs_fde) is unused and will be removed from module xfft_v9_1_9_viv.
INFO: [Synth 8-3332] Sequential element (xfft_inst/non_floating_point.arch_d.xfft_inst/timing_cnts_has_nfft.duplicate_regs[4].other.nfft_regs[0].nfft_regs_fde) is unused and will be removed from module xfft_v9_1_9_viv.
INFO: [Synth 8-3332] Sequential element (xfft_inst/non_floating_point.arch_d.xfft_inst/timing_cnts_has_nfft.duplicate_regs[3].other.nfft_regs[4].nfft_regs_fde) is unused and will be removed from module xfft_v9_1_9_viv.
INFO: [Synth 8-3332] Sequential element (xfft_inst/non_floating_point.arch_d.xfft_inst/timing_cnts_has_nfft.duplicate_regs[3].other.nfft_regs[3].nfft_regs_fde) is unused and will be removed from module xfft_v9_1_9_viv.
INFO: [Synth 8-3332] Sequential element (xfft_inst/non_floating_point.arch_d.xfft_inst/timing_cnts_has_nfft.duplicate_regs[2].other.nfft_regs[4].nfft_regs_fde) is unused and will be removed from module xfft_v9_1_9_viv.
INFO: [Common 17-14] Message 'Synth 8-3332' appears 100 times and further instances of the messages will be disabled. Use the Tcl command set_msg_config to change the current settings.
---------------------------------------------------------------------------------
Finished Cross Boundary and Area Optimization : Time (s): cpu = 00:01:26 ; elapsed = 00:01:42 . Memory (MB): peak = 2915.250 ; gain = 2020.305
---------------------------------------------------------------------------------
---------------------------------------------------------------------------------
Start Applying XDC Timing Constraints
---------------------------------------------------------------------------------
---------------------------------------------------------------------------------
Finished Applying XDC Timing Constraints : Time (s): cpu = 00:01:32 ; elapsed = 00:01:48 . Memory (MB): peak = 2915.250 ; gain = 2020.305
---------------------------------------------------------------------------------
---------------------------------------------------------------------------------
Start Timing Optimization
---------------------------------------------------------------------------------
---------------------------------------------------------------------------------
Finished Timing Optimization : Time (s): cpu = 00:01:34 ; elapsed = 00:01:50 . Memory (MB): peak = 2915.250 ; gain = 2020.305
---------------------------------------------------------------------------------
---------------------------------------------------------------------------------
Start Technology Mapping
---------------------------------------------------------------------------------
---------------------------------------------------------------------------------
Finished Technology Mapping : Time (s): cpu = 00:01:37 ; elapsed = 00:01:54 . Memory (MB): peak = 2915.250 ; gain = 2020.305
---------------------------------------------------------------------------------
---------------------------------------------------------------------------------
Start IO Insertion
---------------------------------------------------------------------------------
---------------------------------------------------------------------------------
Start Flattening Before IO Insertion
---------------------------------------------------------------------------------
---------------------------------------------------------------------------------
Finished Flattening Before IO Insertion
---------------------------------------------------------------------------------
---------------------------------------------------------------------------------
Start Final Netlist Cleanup
---------------------------------------------------------------------------------
---------------------------------------------------------------------------------
Finished Final Netlist Cleanup
---------------------------------------------------------------------------------
---------------------------------------------------------------------------------
Finished IO Insertion : Time (s): cpu = 00:01:40 ; elapsed = 00:01:57 . Memory (MB): peak = 2915.250 ; gain = 2020.305
---------------------------------------------------------------------------------
---------------------------------------------------------------------------------
Start Renaming Generated Instances
---------------------------------------------------------------------------------
---------------------------------------------------------------------------------
Finished Renaming Generated Instances : Time (s): cpu = 00:01:40 ; elapsed = 00:01:57 . Memory (MB): peak = 2915.250 ; gain = 2020.305
---------------------------------------------------------------------------------
---------------------------------------------------------------------------------
Start Rebuilding User Hierarchy
---------------------------------------------------------------------------------
---------------------------------------------------------------------------------
Finished Rebuilding User Hierarchy : Time (s): cpu = 00:01:41 ; elapsed = 00:01:58 . Memory (MB): peak = 2915.250 ; gain = 2020.305
---------------------------------------------------------------------------------
---------------------------------------------------------------------------------
Start Renaming Generated Ports
---------------------------------------------------------------------------------
---------------------------------------------------------------------------------
Finished Renaming Generated Ports : Time (s): cpu = 00:01:41 ; elapsed = 00:01:58 . Memory (MB): peak = 2915.250 ; gain = 2020.305
---------------------------------------------------------------------------------
---------------------------------------------------------------------------------
Start Handling Custom Attributes
---------------------------------------------------------------------------------
---------------------------------------------------------------------------------
Finished Handling Custom Attributes : Time (s): cpu = 00:01:41 ; elapsed = 00:01:58 . Memory (MB): peak = 2915.250 ; gain = 2020.305
---------------------------------------------------------------------------------
---------------------------------------------------------------------------------
Start Renaming Generated Nets
---------------------------------------------------------------------------------
---------------------------------------------------------------------------------
Finished Renaming Generated Nets : Time (s): cpu = 00:01:41 ; elapsed = 00:01:58 . Memory (MB): peak = 2915.250 ; gain = 2020.305
---------------------------------------------------------------------------------
---------------------------------------------------------------------------------
Start Writing Synthesis Report
---------------------------------------------------------------------------------

DSP Final Report (the ' indicates corresponding REG is set)
+----------------------+-------------+--------+--------+--------+--------+--------+------+------+------+------+-------+------+------+
|Module Name           | DSP Mapping | A Size | B Size | C Size | D Size | P Size | AREG | BREG | CREG | DREG | ADREG | MREG | PREG | 
+----------------------+-------------+--------+--------+--------+--------+--------+------+------+------+------+-------+------+------+
|cmpy_4_dsp48_mult_717 | Dynamic     | -      | -      | -      | -      | 0      | -    | -    | -    | -    | -     | 1    | 1    | 
|cmpy_4_dsp48_mult_717 | Dynamic     | -      | -      | -      | -      | 17     | -    | -    | -    | -    | -     | 1    | 1    | 
|cmpy_4_dsp48_mult_717 | Dynamic     | -      | -      | -      | -      | 0      | -    | -    | -    | -    | 1     | 1    | 1    | 
|cmpy_4_dsp48_mult_717 | Dynamic     | -      | -      | -      | -      | 44     | -    | -    | -    | -    | 1     | 1    | 1    | 
|cmpy_4_dsp48_mult_717 | Dynamic     | -      | -      | -      | -      | 0      | -    | -    | -    | -    | -     | 1    | 1    | 
|cmpy_4_dsp48_mult_717 | Dynamic     | -      | -      | -      | -      | 17     | -    | -    | -    | -    | -     | 1    | 1    | 
|cmpy_4_dsp48_mult_717 | Dynamic     | -      | -      | -      | -      | 0      | -    | -    | -    | -    | 1     | 1    | 1    | 
|cmpy_4_dsp48_mult_717 | Dynamic     | -      | -      | -      | -      | 44     | -    | -    | -    | -    | 1     | 1    | 1    | 
|cmpy_4_dsp48_mult_424 | Dynamic     | -      | -      | -      | -      | 0      | -    | -    | -    | -    | -     | 1    | 1    | 
|cmpy_4_dsp48_mult_424 | Dynamic     | -      | -      | -      | -      | 17     | -    | -    | -    | -    | -     | 1    | 1    | 
|cmpy_4_dsp48_mult_424 | Dynamic     | -      | -      | -      | -      | 0      | -    | -    | -    | -    | 1     | 1    | 1    | 
|cmpy_4_dsp48_mult_424 | Dynamic     | -      | -      | -      | -      | 44     | -    | -    | -    | -    | 1     | 1    | 1    | 
|cmpy_4_dsp48_mult_424 | Dynamic     | -      | -      | -      | -      | 0      | -    | -    | -    | -    | -     | 1    | 1    | 
|cmpy_4_dsp48_mult_424 | Dynamic     | -      | -      | -      | -      | 17     | -    | -    | -    | -    | -     | 1    | 1    | 
|cmpy_4_dsp48_mult_424 | Dynamic     | -      | -      | -      | -      | 0      | -    | -    | -    | -    | 1     | 1    | 1    | 
|cmpy_4_dsp48_mult_424 | Dynamic     | -      | -      | -      | -      | 44     | -    | -    | -    | -    | 1     | 1    | 1    | 
|cmpy_4_dsp48_mult     | Dynamic     | -      | -      | -      | -      | 0      | -    | -    | -    | -    | -     | 1    | 1    | 
|cmpy_4_dsp48_mult     | Dynamic     | -      | -      | -      | -      | 17     | -    | -    | -    | -    | -     | 1    | 1    | 
|cmpy_4_dsp48_mult     | Dynamic     | -      | -      | -      | -      | 0      | -    | -    | -    | -    | 1     | 1    | 1    | 
|cmpy_4_dsp48_mult     | Dynamic     | -      | -      | -      | -      | 44     | -    | -    | -    | -    | 1     | 1    | 1    | 
|cmpy_4_dsp48_mult     | Dynamic     | -      | -      | -      | -      | 0      | -    | -    | -    | -    | -     | 1    | 1    | 
|cmpy_4_dsp48_mult     | Dynamic     | -      | -      | -      | -      | 17     | -    | -    | -    | -    | -     | 1    | 1    | 
|cmpy_4_dsp48_mult     | Dynamic     | -      | -      | -      | -      | 0      | -    | -    | -    | -    | 1     | 1    | 1    | 
|cmpy_4_dsp48_mult     | Dynamic     | -      | -      | -      | -      | 44     | -    | -    | -    | -    | 1     | 1    | 1    | 
+----------------------+-------------+--------+--------+--------+--------+--------+------+------+------+------+-------+------+------+


Report BlackBoxes: 
+-+--------------+----------+
| |BlackBox name |Instances |
+-+--------------+----------+
+-+--------------+----------+

Report Cell Usage: 
+------+---------+------+
|      |Cell     |Count |
+------+---------+------+
|1     |DSP48E1  |    24|
|5     |LUT1     |    43|
|6     |LUT2     |   616|
|7     |LUT3     |  1796|
|8     |LUT4     |   466|
|9     |LUT5     |    65|
|10    |LUT6     |   422|
|11    |MUXCY    |  1254|
|12    |MUXF7    |    80|
|13    |RAMB18E1 |     2|
|14    |SRL16E   |  1464|
|15    |SRLC32E  |   241|
|16    |XORCY    |  1206|
|17    |FD       |     3|
|18    |FDE      |   731|
|19    |FDR      |    28|
|20    |FDRE     |  5537|
|21    |FDSE     |    43|
+------+---------+------+
---------------------------------------------------------------------------------
Finished Writing Synthesis Report : Time (s): cpu = 00:01:41 ; elapsed = 00:01:58 . Memory (MB): peak = 2915.250 ; gain = 2020.305
---------------------------------------------------------------------------------
Synthesis finished with 0 errors, 0 critical warnings and 860 warnings.
Synthesis Optimization Runtime : Time (s): cpu = 00:00:28 ; elapsed = 00:01:54 . Memory (MB): peak = 2915.250 ; gain = 2020.305
Synthesis Optimization Complete : Time (s): cpu = 00:01:42 ; elapsed = 00:01:59 . Memory (MB): peak = 2915.250 ; gain = 2020.305
INFO: [Project 1-571] Translating synthesized netlist
Netlist sorting complete. Time (s): cpu = 00:00:00 ; elapsed = 00:00:00.206 . Memory (MB): peak = 2915.250 ; gain = 0.000
INFO: [Netlist 29-17] Analyzing 3328 Unisim elements for replacement
INFO: [Netlist 29-28] Unisim Transformation completed in 0 CPU seconds
INFO: [Project 1-570] Preparing netlist for logic optimization
INFO: [Opt 31-138] Pushed 0 inverter(s) to 0 load pin(s).
Netlist sorting complete. Time (s): cpu = 00:00:00 ; elapsed = 00:00:00.010 . Memory (MB): peak = 2915.250 ; gain = 0.000
INFO: [Project 1-111] Unisim Transformation Summary:
  A total of 1119 instances were transformed.
  (MUXCY,XORCY) => CARRY4: 357 instances
  FD => FDRE: 3 instances
  FDE => FDRE: 731 instances
  FDR => FDRE: 28 instances

Synth Design complete | Checksum: 26094f2
INFO: [Common 17-83] Releasing license: Synthesis
190 Infos, 101 Warnings, 0 Critical Warnings and 0 Errors encountered.
synth_design completed successfully
synth_design: Time (s): cpu = 00:01:48 ; elapsed = 00:02:07 . Memory (MB): peak = 2915.250 ; gain = 2430.191
INFO: [Common 17-1381] The checkpoint 'C:/Users/gm/Vivado Projects/complete_det_pre_comblock/complete_det_pre_comblock.runs/xfft_1_synth_1/xfft_1.dcp' has been generated.
INFO: [Coretcl 2-1648] Added synthesis output to IP cache for IP xfft_1, cache-ID = c355f32918f87b7a
INFO: [Coretcl 2-1174] Renamed 1171 cell refs.
INFO: [Common 17-1381] The checkpoint 'C:/Users/gm/Vivado Projects/complete_det_pre_comblock/complete_det_pre_comblock.runs/xfft_1_synth_1/xfft_1.dcp' has been generated.
INFO: [runtcl-4] Executing : report_utilization -file xfft_1_utilization_synth.rpt -pb xfft_1_utilization_synth.pb
INFO: [Common 17-206] Exiting Vivado at Fri Jun 26 22:15:05 2026...

*** Running vivado
    with args -log xfft_1.vds -m64 -product Vivado -mode batch -messageDb vivado.pb -notrace -source xfft_1.tcl


ECHO is off.
ECHO is off.

****** Vivado v2023.1 (64-bit)
  **** SW Build 3865809 on Sun May  7 15:05:29 MDT 2023
  **** IP Build 3864474 on Sun May  7 20:36:21 MDT 2023
  **** SharedData Build 3865790 on Sun May 07 13:33:03 MDT 2023
    ** Copyright 1986-2022 Xilinx, Inc. All Rights Reserved.
    ** Copyright 2022-2023 Advanced Micro Devices, Inc. All Rights Reserved.

source xfft_1.tcl -notrace
create_project: Time (s): cpu = 00:00:08 ; elapsed = 00:00:11 . Memory (MB): peak = 449.672 ; gain = 164.902
INFO: [IP_Flow 19-234] Refreshing IP repositories
INFO: [IP_Flow 19-1700] Loaded user IP repository 'd:/Desktop PRE-FORMAT 25/CR_CYCLO/Verilog/ComBlock/core-comblock-master'.
INFO: [IP_Flow 19-2313] Loaded Vivado IP repository 'C:/Xilinx/Vivado/2023.1/data/ip'.
WARNING: [IP_Flow 19-4995] The host OS only allows 260 characters in a normal path. The IP cache path is more than 80 characters. If you experience issues with IP caching, please consider changing the IP cache to a location with a shorter path. Alternately consider using the OS subst command to map part of the path to a drive letter. 
Current IP cache path is c:/Users/gm/Vivado Projects/complete_det_new_comblock/complete_det_new_comblock.cache/ip 
INFO: [IP_Flow 19-6924] IPCACHE: Running cache check for IP inst: xfft_1
Command: synth_design -top xfft_1 -part xc7z020clg484-1 -incremental_mode off -mode out_of_context
Starting synth_design
Attempting to get a license for feature 'Synthesis' and/or device 'xc7z020'
INFO: [Common 17-349] Got license for feature 'Synthesis' and/or device 'xc7z020'
INFO: [Device 21-403] Loading part xc7z020clg484-1
INFO: [Synth 8-7079] Multithreading enabled for synth_design using a maximum of 2 processes.
INFO: [Synth 8-7078] Launching helper process for spawning children vivado processes
INFO: [Synth 8-7075] Helper process launched with PID 7996
---------------------------------------------------------------------------------
Starting RTL Elaboration : Time (s): cpu = 00:00:11 ; elapsed = 00:00:13 . Memory (MB): peak = 1304.430 ; gain = 409.613
---------------------------------------------------------------------------------
INFO: [Synth 8-638] synthesizing module 'xfft_1' [c:/Users/gm/Vivado Projects/complete_det_new_comblock/complete_det_new_comblock.gen/sources_1/ip/xfft_1/synth/xfft_1.vhd:84]
	Parameter C_XDEVICEFAMILY bound to: zynq - type: string 
	Parameter C_PART bound to: xc7z020clg484-1 - type: string 
	Parameter C_S_AXIS_CONFIG_TDATA_WIDTH bound to: 24 - type: integer 
	Parameter C_S_AXIS_DATA_TDATA_WIDTH bound to: 64 - type: integer 
	Parameter C_M_AXIS_DATA_TDATA_WIDTH bound to: 64 - type: integer 
	Parameter C_M_AXIS_DATA_TUSER_WIDTH bound to: 8 - type: integer 
	Parameter C_M_AXIS_STATUS_TDATA_WIDTH bound to: 1 - type: integer 
	Parameter C_THROTTLE_SCHEME bound to: 1 - type: integer 
	Parameter C_CHANNELS bound to: 1 - type: integer 
	Parameter C_NFFT_MAX bound to: 7 - type: integer 
	Parameter C_ARCH bound to: 3 - type: integer 
	Parameter C_HAS_NFFT bound to: 1 - type: integer 
	Parameter C_USE_FLT_PT bound to: 0 - type: integer 
	Parameter C_INPUT_WIDTH bound to: 32 - type: integer 
	Parameter C_TWIDDLE_WIDTH bound to: 12 - type: integer 
	Parameter C_OUTPUT_WIDTH bound to: 32 - type: integer 
	Parameter C_HAS_SCALING bound to: 1 - type: integer 
	Parameter C_HAS_BFP bound to: 0 - type: integer 
	Parameter C_HAS_ROUNDING bound to: 1 - type: integer 
	Parameter C_HAS_ACLKEN bound to: 0 - type: integer 
	Parameter C_HAS_ARESETN bound to: 1 - type: integer 
	Parameter C_HAS_OVFLO bound to: 0 - type: integer 
	Parameter C_HAS_NATURAL_INPUT bound to: 1 - type: integer 
	Parameter C_HAS_NATURAL_OUTPUT bound to: 1 - type: integer 
	Parameter C_HAS_CYCLIC_PREFIX bound to: 0 - type: integer 
	Parameter C_HAS_XK_INDEX bound to: 1 - type: integer 
	Parameter C_DATA_MEM_TYPE bound to: 1 - type: integer 
	Parameter C_TWIDDLE_MEM_TYPE bound to: 1 - type: integer 
	Parameter C_BRAM_STAGES bound to: 0 - type: integer 
	Parameter C_REORDER_MEM_TYPE bound to: 1 - type: integer 
	Parameter C_USE_HYBRID_RAM bound to: 0 - type: integer 
	Parameter C_OPTIMIZE_GOAL bound to: 0 - type: integer 
	Parameter C_CMPY_TYPE bound to: 2 - type: integer 
	Parameter C_BFLY_TYPE bound to: 0 - type: integer 
INFO: [Synth 8-3491] module 'xfft_v9_1_9' declared at 'c:/Users/gm/Vivado Projects/complete_det_new_comblock/complete_det_new_comblock.gen/sources_1/ip/xfft_1/hdl/xfft_v9_1_vh_rfs.vhd:103739' bound to instance 'U0' of component 'xfft_v9_1_9' [c:/Users/gm/Vivado Projects/complete_det_new_comblock/complete_det_new_comblock.gen/sources_1/ip/xfft_1/synth/xfft_1.vhd:193]
INFO: [Synth 8-3919] null assignment ignored
INFO: [Synth 8-3919] null assignment ignored
INFO: [Synth 8-3919] null assignment ignored
INFO: [Synth 8-3919] null assignment ignored
INFO: [Synth 8-3919] null assignment ignored
INFO: [Synth 8-3919] null assignment ignored
INFO: [Synth 8-3919] null assignment ignored
INFO: [Synth 8-3919] null assignment ignored
INFO: [Synth 8-3919] null assignment ignored
INFO: [Synth 8-3919] null assignment ignored
INFO: [Synth 8-3919] null assignment ignored
INFO: [Synth 8-3919] null assignment ignored
INFO: [Synth 8-3919] null assignment ignored
INFO: [Synth 8-3919] null assignment ignored
INFO: [Synth 8-3919] null assignment ignored
INFO: [Synth 8-3919] null assignment ignored
INFO: [Synth 8-3919] null assignment ignored
INFO: [Synth 8-3919] null assignment ignored
INFO: [Synth 8-3919] null assignment ignored
INFO: [Synth 8-3919] null assignment ignored
INFO: [Synth 8-3919] null assignment ignored
INFO: [Synth 8-3919] null assignment ignored
INFO: [Synth 8-3919] null assignment ignored
INFO: [Synth 8-3919] null assignment ignored
INFO: [Synth 8-3919] null assignment ignored
INFO: [Synth 8-3919] null assignment ignored
INFO: [Synth 8-3919] null assignment ignored
INFO: [Synth 8-3919] null assignment ignored
INFO: [Synth 8-3919] null assignment ignored
INFO: [Synth 8-3919] null assignment ignored
INFO: [Synth 8-3919] null assignment ignored
INFO: [Synth 8-3919] null assignment ignored
INFO: [Synth 8-3919] null assignment ignored
INFO: [Synth 8-3919] null assignment ignored
INFO: [Synth 8-3919] null assignment ignored
INFO: [Synth 8-3919] null assignment ignored
INFO: [Synth 8-3919] null assignment ignored
INFO: [Synth 8-3919] null assignment ignored
INFO: [Synth 8-3919] null assignment ignored
INFO: [Synth 8-3919] null assignment ignored
INFO: [Synth 8-3919] null assignment ignored
INFO: [Synth 8-3919] null assignment ignored
INFO: [Synth 8-3919] null assignment ignored
INFO: [Synth 8-3919] null assignment ignored
INFO: [Synth 8-3919] null assignment ignored
INFO: [Synth 8-3919] null assignment ignored
INFO: [Synth 8-3919] null assignment ignored
INFO: [Synth 8-3919] null assignment ignored
INFO: [Synth 8-3919] null assignment ignored
INFO: [Synth 8-3919] null assignment ignored
INFO: [Synth 8-3919] null assignment ignored
INFO: [Synth 8-3919] null assignment ignored
INFO: [Synth 8-3919] null assignment ignored
INFO: [Synth 8-3919] null assignment ignored
INFO: [Synth 8-256] done synthesizing module 'xfft_1' (0#1) [c:/Users/gm/Vivado Projects/complete_det_new_comblock/complete_det_new_comblock.gen/sources_1/ip/xfft_1/synth/xfft_1.vhd:84]
WARNING: [Synth 8-7129] Port Q[0] in module shift_ram__parameterized80 is either unconnected or has no load
WARNING: [Synth 8-7129] Port D[0] in module shift_ram__parameterized80 is either unconnected or has no load
WARNING: [Synth 8-7129] Port CLK in module shift_ram__parameterized80 is either unconnected or has no load
WARNING: [Synth 8-7129] Port CE in module shift_ram__parameterized80 is either unconnected or has no load
WARNING: [Synth 8-7129] Port SCLR in module shift_ram__parameterized80 is either unconnected or has no load
WARNING: [Synth 8-7129] Port COMBI_SCLR in module shift_ram__parameterized80 is either unconnected or has no load
WARNING: [Synth 8-7129] Port DEPTHx2 in module shift_ram__parameterized80 is either unconnected or has no load
WARNING: [Synth 8-7129] Port a[3] in module c_shift_ram_v12_0_14_legacy__parameterized2 is either unconnected or has no load
WARNING: [Synth 8-7129] Port a[2] in module c_shift_ram_v12_0_14_legacy__parameterized2 is either unconnected or has no load
WARNING: [Synth 8-7129] Port a[1] in module c_shift_ram_v12_0_14_legacy__parameterized2 is either unconnected or has no load
WARNING: [Synth 8-7129] Port a[0] in module c_shift_ram_v12_0_14_legacy__parameterized2 is either unconnected or has no load
WARNING: [Synth 8-7129] Port aclr in module c_shift_ram_v12_0_14_legacy__parameterized2 is either unconnected or has no load
WARNING: [Synth 8-7129] Port aset in module c_shift_ram_v12_0_14_legacy__parameterized2 is either unconnected or has no load
WARNING: [Synth 8-7129] Port ainit in module c_shift_ram_v12_0_14_legacy__parameterized2 is either unconnected or has no load
WARNING: [Synth 8-7129] Port sclr in module c_shift_ram_v12_0_14_legacy__parameterized2 is either unconnected or has no load
WARNING: [Synth 8-7129] Port sset in module c_shift_ram_v12_0_14_legacy__parameterized2 is either unconnected or has no load
WARNING: [Synth 8-7129] Port sinit in module c_shift_ram_v12_0_14_legacy__parameterized2 is either unconnected or has no load
WARNING: [Synth 8-7129] Port D[0] in module shift_ram__parameterized62 is either unconnected or has no load
WARNING: [Synth 8-7129] Port DEPTHx2 in module shift_ram__parameterized62 is either unconnected or has no load
WARNING: [Synth 8-7129] Port a[3] in module c_shift_ram_v12_0_14_legacy__parameterized5 is either unconnected or has no load
WARNING: [Synth 8-7129] Port a[2] in module c_shift_ram_v12_0_14_legacy__parameterized5 is either unconnected or has no load
WARNING: [Synth 8-7129] Port a[1] in module c_shift_ram_v12_0_14_legacy__parameterized5 is either unconnected or has no load
WARNING: [Synth 8-7129] Port a[0] in module c_shift_ram_v12_0_14_legacy__parameterized5 is either unconnected or has no load
WARNING: [Synth 8-7129] Port aclr in module c_shift_ram_v12_0_14_legacy__parameterized5 is either unconnected or has no load
WARNING: [Synth 8-7129] Port aset in module c_shift_ram_v12_0_14_legacy__parameterized5 is either unconnected or has no load
WARNING: [Synth 8-7129] Port ainit in module c_shift_ram_v12_0_14_legacy__parameterized5 is either unconnected or has no load
WARNING: [Synth 8-7129] Port sclr in module c_shift_ram_v12_0_14_legacy__parameterized5 is either unconnected or has no load
WARNING: [Synth 8-7129] Port sset in module c_shift_ram_v12_0_14_legacy__parameterized5 is either unconnected or has no load
WARNING: [Synth 8-7129] Port sinit in module c_shift_ram_v12_0_14_legacy__parameterized5 is either unconnected or has no load
WARNING: [Synth 8-7129] Port D[15] in module shift_ram__parameterized81 is either unconnected or has no load
WARNING: [Synth 8-7129] Port D[14] in module shift_ram__parameterized81 is either unconnected or has no load
WARNING: [Synth 8-7129] Port D[13] in module shift_ram__parameterized81 is either unconnected or has no load
WARNING: [Synth 8-7129] Port D[12] in module shift_ram__parameterized81 is either unconnected or has no load
WARNING: [Synth 8-7129] Port D[11] in module shift_ram__parameterized81 is either unconnected or has no load
WARNING: [Synth 8-7129] Port D[10] in module shift_ram__parameterized81 is either unconnected or has no load
WARNING: [Synth 8-7129] Port D[9] in module shift_ram__parameterized81 is either unconnected or has no load
WARNING: [Synth 8-7129] Port D[8] in module shift_ram__parameterized81 is either unconnected or has no load
WARNING: [Synth 8-7129] Port D[7] in module shift_ram__parameterized81 is either unconnected or has no load
WARNING: [Synth 8-7129] Port D[6] in module shift_ram__parameterized81 is either unconnected or has no load
WARNING: [Synth 8-7129] Port D[5] in module shift_ram__parameterized81 is either unconnected or has no load
WARNING: [Synth 8-7129] Port D[4] in module shift_ram__parameterized81 is either unconnected or has no load
WARNING: [Synth 8-7129] Port D[3] in module shift_ram__parameterized81 is either unconnected or has no load
WARNING: [Synth 8-7129] Port D[2] in module shift_ram__parameterized81 is either unconnected or has no load
WARNING: [Synth 8-7129] Port D[1] in module shift_ram__parameterized81 is either unconnected or has no load
WARNING: [Synth 8-7129] Port D[0] in module shift_ram__parameterized81 is either unconnected or has no load
WARNING: [Synth 8-7129] Port DEPTHx2 in module shift_ram__parameterized81 is either unconnected or has no load
WARNING: [Synth 8-7129] Port a[3] in module c_shift_ram_v12_0_14_legacy__parameterized34 is either unconnected or has no load
WARNING: [Synth 8-7129] Port a[2] in module c_shift_ram_v12_0_14_legacy__parameterized34 is either unconnected or has no load
WARNING: [Synth 8-7129] Port a[1] in module c_shift_ram_v12_0_14_legacy__parameterized34 is either unconnected or has no load
WARNING: [Synth 8-7129] Port a[0] in module c_shift_ram_v12_0_14_legacy__parameterized34 is either unconnected or has no load
WARNING: [Synth 8-7129] Port aclr in module c_shift_ram_v12_0_14_legacy__parameterized34 is either unconnected or has no load
WARNING: [Synth 8-7129] Port aset in module c_shift_ram_v12_0_14_legacy__parameterized34 is either unconnected or has no load
WARNING: [Synth 8-7129] Port ainit in module c_shift_ram_v12_0_14_legacy__parameterized34 is either unconnected or has no load
WARNING: [Synth 8-7129] Port sclr in module c_shift_ram_v12_0_14_legacy__parameterized34 is either unconnected or has no load
WARNING: [Synth 8-7129] Port sset in module c_shift_ram_v12_0_14_legacy__parameterized34 is either unconnected or has no load
WARNING: [Synth 8-7129] Port sinit in module c_shift_ram_v12_0_14_legacy__parameterized34 is either unconnected or has no load
WARNING: [Synth 8-7129] Port D[0] in module shift_ram__parameterized79 is either unconnected or has no load
WARNING: [Synth 8-7129] Port DEPTHx2 in module shift_ram__parameterized79 is either unconnected or has no load
WARNING: [Synth 8-7129] Port D1 in module shift_ram__parameterized78 is either unconnected or has no load
WARNING: [Synth 8-7129] Port DEPTHx2 in module shift_ram__parameterized78 is either unconnected or has no load
WARNING: [Synth 8-7129] Port depthx2 in module r22_memory__parameterized1 is either unconnected or has no load
WARNING: [Synth 8-7129] Port Q1 in module shift_ram__parameterized77 is either unconnected or has no load
WARNING: [Synth 8-7129] Port D1 in module shift_ram__parameterized77 is either unconnected or has no load
WARNING: [Synth 8-7129] Port COMBI_SCLR in module shift_ram__parameterized77 is either unconnected or has no load
WARNING: [Synth 8-7129] Port DEPTHx2 in module shift_ram__parameterized77 is either unconnected or has no load
WARNING: [Synth 8-7129] Port Q1 in module shift_ram__parameterized76 is either unconnected or has no load
WARNING: [Synth 8-7129] Port D1 in module shift_ram__parameterized76 is either unconnected or has no load
WARNING: [Synth 8-7129] Port COMBI_SCLR in module shift_ram__parameterized76 is either unconnected or has no load
WARNING: [Synth 8-7129] Port DEPTHx2 in module shift_ram__parameterized76 is either unconnected or has no load
WARNING: [Synth 8-7129] Port shift[4] in module so_run_addr_gen_left_shift is either unconnected or has no load
WARNING: [Synth 8-7129] Port shift[3] in module so_run_addr_gen_left_shift is either unconnected or has no load
WARNING: [Synth 8-7129] Port nfft[4] in module so_run_addr_gen_left_shift is either unconnected or has no load
WARNING: [Synth 8-7129] Port nfft[3] in module so_run_addr_gen_left_shift is either unconnected or has no load
WARNING: [Synth 8-7129] Port nfft[2] in module so_run_addr_gen_left_shift is either unconnected or has no load
WARNING: [Synth 8-7129] Port nfft[1] in module so_run_addr_gen_left_shift is either unconnected or has no load
WARNING: [Synth 8-7129] Port nfft[0] in module so_run_addr_gen_left_shift is either unconnected or has no load
WARNING: [Synth 8-7129] Port D[0] in module shift_ram__parameterized38 is either unconnected or has no load
WARNING: [Synth 8-7129] Port COMBI_SCLR in module shift_ram__parameterized38 is either unconnected or has no load
WARNING: [Synth 8-7129] Port DEPTHx2 in module shift_ram__parameterized38 is either unconnected or has no load
WARNING: [Synth 8-7129] Port D1 in module shift_ram__parameterized75 is either unconnected or has no load
WARNING: [Synth 8-7129] Port SCLR in module shift_ram__parameterized75 is either unconnected or has no load
WARNING: [Synth 8-7129] Port COMBI_SCLR in module shift_ram__parameterized75 is either unconnected or has no load
WARNING: [Synth 8-7129] Port DEPTHx2 in module shift_ram__parameterized75 is either unconnected or has no load
WARNING: [Synth 8-7129] Port Q1 in module shift_ram__parameterized0 is either unconnected or has no load
WARNING: [Synth 8-7129] Port D1 in module shift_ram__parameterized0 is either unconnected or has no load
WARNING: [Synth 8-7129] Port COMBI_SCLR in module shift_ram__parameterized0 is either unconnected or has no load
WARNING: [Synth 8-7129] Port DEPTHx2 in module shift_ram__parameterized0 is either unconnected or has no load
WARNING: [Synth 8-7129] Port D1 in module shift_ram__parameterized74 is either unconnected or has no load
WARNING: [Synth 8-7129] Port DEPTHx2 in module shift_ram__parameterized74 is either unconnected or has no load
WARNING: [Synth 8-7129] Port D[0] in module shift_ram__parameterized5 is either unconnected or has no load
WARNING: [Synth 8-7129] Port COMBI_SCLR in module shift_ram__parameterized5 is either unconnected or has no load
WARNING: [Synth 8-7129] Port DEPTHx2 in module shift_ram__parameterized5 is either unconnected or has no load
WARNING: [Synth 8-7129] Port MUXCY_IN in module equ_rtl is either unconnected or has no load
WARNING: [Synth 8-7129] Port AINIT in module c_reg_fd_v12_0_6_viv is either unconnected or has no load
WARNING: [Synth 8-7129] Port ACLR in module c_reg_fd_v12_0_6_viv is either unconnected or has no load
WARNING: [Synth 8-7129] Port ASET in module c_reg_fd_v12_0_6_viv is either unconnected or has no load
WARNING: [Synth 8-7129] Port SINIT in module c_reg_fd_v12_0_6_viv is either unconnected or has no load
WARNING: [Synth 8-7129] Port SSET in module c_reg_fd_v12_0_6_viv is either unconnected or has no load
WARNING: [Synth 8-7129] Port add in module c_addsub_v12_0_15_lut6_legacy__parameterized9 is either unconnected or has no load
WARNING: [Synth 8-7129] Port bypass in module c_addsub_v12_0_15_lut6_legacy__parameterized9 is either unconnected or has no load
INFO: [Common 17-14] Message 'Synth 8-7129' appears 100 times and further instances of the messages will be disabled. Use the Tcl command set_msg_config to change the current settings.
---------------------------------------------------------------------------------
Finished RTL Elaboration : Time (s): cpu = 00:01:08 ; elapsed = 00:01:20 . Memory (MB): peak = 2906.297 ; gain = 2011.480
---------------------------------------------------------------------------------
---------------------------------------------------------------------------------
Start Handling Custom Attributes
---------------------------------------------------------------------------------
---------------------------------------------------------------------------------
Finished Handling Custom Attributes : Time (s): cpu = 00:01:08 ; elapsed = 00:01:20 . Memory (MB): peak = 2906.297 ; gain = 2011.480
---------------------------------------------------------------------------------
---------------------------------------------------------------------------------
Finished RTL Optimization Phase 1 : Time (s): cpu = 00:01:08 ; elapsed = 00:01:20 . Memory (MB): peak = 2906.297 ; gain = 2011.480
---------------------------------------------------------------------------------
Netlist sorting complete. Time (s): cpu = 00:00:01 ; elapsed = 00:00:00.274 . Memory (MB): peak = 2906.297 ; gain = 0.000
INFO: [Netlist 29-17] Analyzing 3317 Unisim elements for replacement
INFO: [Netlist 29-28] Unisim Transformation completed in 0 CPU seconds
INFO: [Project 1-570] Preparing netlist for logic optimization

Processing XDC Constraints
Initializing timing engine
Parsing XDC File [c:/Users/gm/Vivado Projects/complete_det_new_comblock/complete_det_new_comblock.gen/sources_1/ip/xfft_1/xfft_1_ooc.xdc] for cell 'U0'
Finished Parsing XDC File [c:/Users/gm/Vivado Projects/complete_det_new_comblock/complete_det_new_comblock.gen/sources_1/ip/xfft_1/xfft_1_ooc.xdc] for cell 'U0'
Parsing XDC File [C:/Users/gm/Vivado Projects/complete_det_new_comblock/complete_det_new_comblock.runs/xfft_1_synth_1/dont_touch.xdc]
Finished Parsing XDC File [C:/Users/gm/Vivado Projects/complete_det_new_comblock/complete_det_new_comblock.runs/xfft_1_synth_1/dont_touch.xdc]
Completed Processing XDC Constraints

Netlist sorting complete. Time (s): cpu = 00:00:00 ; elapsed = 00:00:00.007 . Memory (MB): peak = 2906.297 ; gain = 0.000
INFO: [Project 1-111] Unisim Transformation Summary:
  A total of 805 instances were transformed.
  FD => FDRE: 3 instances
  FDE => FDRE: 773 instances
  FDR => FDRE: 29 instances

Constraint Validation Runtime : Time (s): cpu = 00:00:00 ; elapsed = 00:00:00.270 . Memory (MB): peak = 2906.297 ; gain = 0.000
INFO: [Designutils 20-5008] Incremental synthesis strategy off
---------------------------------------------------------------------------------
Finished Constraint Validation : Time (s): cpu = 00:01:16 ; elapsed = 00:01:29 . Memory (MB): peak = 2906.297 ; gain = 2011.480
---------------------------------------------------------------------------------
---------------------------------------------------------------------------------
Start Loading Part and Timing Information
---------------------------------------------------------------------------------
Loading part: xc7z020clg484-1
---------------------------------------------------------------------------------
Finished Loading Part and Timing Information : Time (s): cpu = 00:01:16 ; elapsed = 00:01:29 . Memory (MB): peak = 2906.297 ; gain = 2011.480
---------------------------------------------------------------------------------
---------------------------------------------------------------------------------
Start Applying 'set_property' XDC Constraints
---------------------------------------------------------------------------------
Applied set_property KEEP_HIERARCHY = SOFT for U0. (constraint file  {C:/Users/gm/Vivado Projects/complete_det_new_comblock/complete_det_new_comblock.runs/xfft_1_synth_1/dont_touch.xdc}, line 9).
---------------------------------------------------------------------------------
Finished applying 'set_property' XDC Constraints : Time (s): cpu = 00:01:16 ; elapsed = 00:01:29 . Memory (MB): peak = 2906.297 ; gain = 2011.480
---------------------------------------------------------------------------------
---------------------------------------------------------------------------------
Finished RTL Optimization Phase 2 : Time (s): cpu = 00:01:20 ; elapsed = 00:01:33 . Memory (MB): peak = 2906.297 ; gain = 2011.480
---------------------------------------------------------------------------------
INFO: [Synth 8-223] decloning instance 'U0/i_synth/xfft_inst/non_floating_point.arch_d.xfft_inst/FLOW/reset_sustain.resets_4_pes[3].delay_reset_pe/tc_compare' (logic_gate) to 'U0/i_synth/xfft_inst/non_floating_point.arch_d.xfft_inst/FLOW/reset_sustain.resets_4_pes[3].delay_reset_pe/tc_compare1'
INFO: [Synth 8-223] decloning instance 'U0/i_synth/xfft_inst/non_floating_point.arch_d.xfft_inst/FLOW/reset_sustain.resets_4_pes[2].delay_reset_pe/tc_compare' (logic_gate__parameterized0) to 'U0/i_synth/xfft_inst/non_floating_point.arch_d.xfft_inst/FLOW/reset_sustain.resets_4_pes[2].delay_reset_pe/tc_compare1'
INFO: [Synth 8-223] decloning instance 'U0/i_synth/xfft_inst/non_floating_point.arch_d.xfft_inst/FLOW/reset_sustain.resets_4_pes[1].delay_reset_pe/tc_compare' (logic_gate__parameterized1) to 'U0/i_synth/xfft_inst/non_floating_point.arch_d.xfft_inst/FLOW/reset_sustain.resets_4_pes[1].delay_reset_pe/tc_compare1'
INFO: [Synth 8-223] decloning instance 'U0/i_synth/xfft_inst/non_floating_point.arch_d.xfft_inst/FLOW/reset_sustain.resets_4_pes[0].delay_reset_pe/tc_compare' (logic_gate__parameterized2) to 'U0/i_synth/xfft_inst/non_floating_point.arch_d.xfft_inst/FLOW/reset_sustain.resets_4_pes[0].delay_reset_pe/tc_compare1'
INFO: [Synth 8-223] decloning instance 'U0/i_synth/xfft_inst/non_floating_point.arch_d.xfft_inst/FLOW/reset_sustain.delay_reset_3/tc_compare' (logic_gate__parameterized3) to 'U0/i_synth/xfft_inst/non_floating_point.arch_d.xfft_inst/FLOW/reset_sustain.delay_reset_3/tc_compare1'
INFO: [Synth 8-223] decloning instance 'U0/i_synth/xfft_inst/non_floating_point.arch_d.xfft_inst/FLOW/reset_sustain.delay_reset_7/tc_compare' (logic_gate__parameterized4) to 'U0/i_synth/xfft_inst/non_floating_point.arch_d.xfft_inst/FLOW/reset_sustain.delay_reset_7/tc_compare1'
INFO: [Synth 8-223] decloning instance 'U0/i_synth/xfft_inst/non_floating_point.arch_d.xfft_inst/pe_gen[0].natural_order_input.PE/FB_1.BF_1/yes_nfft.bypass_reg' (shift_ram__parameterized12) to 'U0/i_synth/xfft_inst/non_floating_point.arch_d.xfft_inst/pe_gen[0].natural_order_input.PE/FB_1.BF_1/yes_nfft.bypass_1_reg'
INFO: [Synth 8-223] decloning instance 'U0/i_synth/xfft_inst/non_floating_point.arch_d.xfft_inst/pe_gen[0].natural_order_input.PE/FB_1.BF_1/yes_nfft.bypass_reg' (shift_ram__parameterized12) to 'U0/i_synth/xfft_inst/non_floating_point.arch_d.xfft_inst/pe_gen[0].natural_order_input.PE/FB_1.BF_1/yes_nfft.bypass_2_reg'
INFO: [Synth 8-223] decloning instance 'U0/i_synth/xfft_inst/non_floating_point.arch_d.xfft_inst/pe_gen[0].natural_order_input.PE/FB_1.BF_1/yes_nfft.bypass_reg' (shift_ram__parameterized12) to 'U0/i_synth/xfft_inst/non_floating_point.arch_d.xfft_inst/pe_gen[0].natural_order_input.PE/FB_1.BF_1/yes_nfft.bypass_3_reg'
INFO: [Synth 8-223] decloning instance 'U0/i_synth/xfft_inst/non_floating_point.arch_d.xfft_inst/pe_gen[0].natural_order_input.PE/hasbf2.FB_2.BF_2/yes_nfft.bypass_reg' (shift_ram__parameterized12) to 'U0/i_synth/xfft_inst/non_floating_point.arch_d.xfft_inst/pe_gen[0].natural_order_input.PE/hasbf2.FB_2.BF_2/yes_nfft.bypass_1_reg'
INFO: [Synth 8-223] decloning instance 'U0/i_synth/xfft_inst/non_floating_point.arch_d.xfft_inst/pe_gen[0].natural_order_input.PE/hasbf2.FB_2.BF_2/yes_nfft.bypass_reg' (shift_ram__parameterized12) to 'U0/i_synth/xfft_inst/non_floating_point.arch_d.xfft_inst/pe_gen[0].natural_order_input.PE/hasbf2.FB_2.BF_2/yes_nfft.bypass_2_reg'
INFO: [Synth 8-223] decloning instance 'U0/i_synth/xfft_inst/non_floating_point.arch_d.xfft_inst/pe_gen[0].natural_order_input.PE/hasbf2.FB_2.BF_2/yes_nfft.bypass_reg' (shift_ram__parameterized12) to 'U0/i_synth/xfft_inst/non_floating_point.arch_d.xfft_inst/pe_gen[0].natural_order_input.PE/hasbf2.FB_2.BF_2/yes_nfft.bypass_3_reg'
INFO: [Synth 8-223] decloning instance 'U0/i_synth/xfft_inst/non_floating_point.arch_d.xfft_inst/pe_gen[3].natural_order_input.PE/SR2' (shift_ram__parameterized69) to 'U0/i_synth/xfft_inst/non_floating_point.arch_d.xfft_inst/pe_gen[3].natural_order_input.PE/SR3'
---------------------------------------------------------------------------------
Start RTL Component Statistics 
---------------------------------------------------------------------------------
---------------------------------------------------------------------------------
Finished RTL Component Statistics 
---------------------------------------------------------------------------------
---------------------------------------------------------------------------------
Start Part Resource Summary
---------------------------------------------------------------------------------
Part Resources:
DSPs: 220 (col length:60)
BRAMs: 280 (col length: RAMB18 60 RAMB36 30)
---------------------------------------------------------------------------------
Finished Part Resource Summary
---------------------------------------------------------------------------------
---------------------------------------------------------------------------------
Start Cross Boundary and Area Optimization
---------------------------------------------------------------------------------
WARNING: [Synth 8-7080] Parallel synthesis criteria is not met
INFO: [Synth 8-3332] Sequential element (xfft_inst/non_floating_point.arch_d.xfft_inst/FLOW/reset_sustain.resets_4_pes[3].delay_reset_pe/tc_reg1) is unused and will be removed from module xfft_v9_1_9_viv.
INFO: [Synth 8-3332] Sequential element (xfft_inst/non_floating_point.arch_d.xfft_inst/FLOW/reset_sustain.resets_4_pes[2].delay_reset_pe/tc_reg1) is unused and will be removed from module xfft_v9_1_9_viv.
INFO: [Synth 8-3332] Sequential element (xfft_inst/non_floating_point.arch_d.xfft_inst/FLOW/reset_sustain.resets_4_pes[1].delay_reset_pe/tc_reg1) is unused and will be removed from module xfft_v9_1_9_viv.
INFO: [Synth 8-3332] Sequential element (xfft_inst/non_floating_point.arch_d.xfft_inst/FLOW/reset_sustain.resets_4_pes[0].delay_reset_pe/tc_reg1) is unused and will be removed from module xfft_v9_1_9_viv.
INFO: [Synth 8-3332] Sequential element (xfft_inst/non_floating_point.arch_d.xfft_inst/FLOW/reset_sustain.delay_reset_7/tc_reg1) is unused and will be removed from module xfft_v9_1_9_viv.
INFO: [Synth 8-3332] Sequential element (xfft_inst/non_floating_point.arch_d.xfft_inst/FLOW/has_nfft.counter_limit_reg[15].max_n_int_minus_one_ff) is unused and will be removed from module xfft_v9_1_9_viv.
INFO: [Synth 8-3332] Sequential element (xfft_inst/non_floating_point.arch_d.xfft_inst/FLOW/has_nfft.counter_limit_reg[14].max_n_int_minus_one_ff) is unused and will be removed from module xfft_v9_1_9_viv.
INFO: [Synth 8-3332] Sequential element (xfft_inst/non_floating_point.arch_d.xfft_inst/FLOW/has_nfft.counter_limit_reg[13].max_n_int_minus_one_ff) is unused and will be removed from module xfft_v9_1_9_viv.
INFO: [Synth 8-3332] Sequential element (xfft_inst/non_floating_point.arch_d.xfft_inst/FLOW/has_nfft.counter_limit_reg[12].max_n_int_minus_one_ff) is unused and will be removed from module xfft_v9_1_9_viv.
INFO: [Synth 8-3332] Sequential element (xfft_inst/non_floating_point.arch_d.xfft_inst/FLOW/has_nfft.counter_limit_reg[11].max_n_int_minus_one_ff) is unused and will be removed from module xfft_v9_1_9_viv.
INFO: [Synth 8-3332] Sequential element (xfft_inst/non_floating_point.arch_d.xfft_inst/FLOW/has_nfft.counter_limit_reg[10].max_n_int_minus_one_ff) is unused and will be removed from module xfft_v9_1_9_viv.
INFO: [Synth 8-3332] Sequential element (xfft_inst/non_floating_point.arch_d.xfft_inst/FLOW/has_nfft.counter_limit_reg[9].max_n_int_minus_one_ff) is unused and will be removed from module xfft_v9_1_9_viv.
INFO: [Synth 8-3332] Sequential element (xfft_inst/non_floating_point.arch_d.xfft_inst/FLOW/has_nfft.counter_limit_reg[8].max_n_int_minus_one_ff) is unused and will be removed from module xfft_v9_1_9_viv.
INFO: [Synth 8-3332] Sequential element (xfft_inst/non_floating_point.arch_d.xfft_inst/FLOW/has_nfft.counter_limit_reg[7].max_n_int_minus_one_ff) is unused and will be removed from module xfft_v9_1_9_viv.
INFO: [Synth 8-3332] Sequential element (xfft_inst/non_floating_point.arch_d.xfft_inst/FLOW/has_nfft.counter_limit_reg[0].max_n_int_minus_one_ff) is unused and will be removed from module xfft_v9_1_9_viv.
INFO: [Synth 8-3332] Sequential element (xfft_inst/non_floating_point.arch_d.xfft_inst/FLOW/has_nfft.counter_limit_early_reg[15].max_n_int_minus_one_ff) is unused and will be removed from module xfft_v9_1_9_viv.
INFO: [Synth 8-3332] Sequential element (xfft_inst/non_floating_point.arch_d.xfft_inst/FLOW/has_nfft.counter_limit_early_reg[14].max_n_int_minus_one_ff) is unused and will be removed from module xfft_v9_1_9_viv.
INFO: [Synth 8-3332] Sequential element (xfft_inst/non_floating_point.arch_d.xfft_inst/FLOW/has_nfft.counter_limit_early_reg[13].max_n_int_minus_one_ff) is unused and will be removed from module xfft_v9_1_9_viv.
INFO: [Synth 8-3332] Sequential element (xfft_inst/non_floating_point.arch_d.xfft_inst/FLOW/has_nfft.counter_limit_early_reg[12].max_n_int_minus_one_ff) is unused and will be removed from module xfft_v9_1_9_viv.
INFO: [Synth 8-3332] Sequential element (xfft_inst/non_floating_point.arch_d.xfft_inst/FLOW/has_nfft.counter_limit_early_reg[11].max_n_int_minus_one_ff) is unused and will be removed from module xfft_v9_1_9_viv.
INFO: [Synth 8-3332] Sequential element (xfft_inst/non_floating_point.arch_d.xfft_inst/FLOW/has_nfft.counter_limit_early_reg[10].max_n_int_minus_one_ff) is unused and will be removed from module xfft_v9_1_9_viv.
INFO: [Synth 8-3332] Sequential element (xfft_inst/non_floating_point.arch_d.xfft_inst/FLOW/has_nfft.counter_limit_early_reg[9].max_n_int_minus_one_ff) is unused and will be removed from module xfft_v9_1_9_viv.
INFO: [Synth 8-3332] Sequential element (xfft_inst/non_floating_point.arch_d.xfft_inst/FLOW/has_nfft.counter_limit_early_reg[8].max_n_int_minus_one_ff) is unused and will be removed from module xfft_v9_1_9_viv.
INFO: [Synth 8-3332] Sequential element (xfft_inst/non_floating_point.arch_d.xfft_inst/FLOW/has_nfft.counter_limit_early_reg[7].max_n_int_minus_one_ff) is unused and will be removed from module xfft_v9_1_9_viv.
INFO: [Synth 8-3332] Sequential element (xfft_inst/non_floating_point.arch_d.xfft_inst/FLOW/has_nfft.counter_limit_early_reg[1].max_n_int_minus_one_ff) is unused and will be removed from module xfft_v9_1_9_viv.
INFO: [Synth 8-3332] Sequential element (xfft_inst/non_floating_point.arch_d.xfft_inst/pe0_bf1_addr_gen/no_sclr_lut.real_shift_ram.use_baseblock.use_hlutnm_srls.srl_loop[0].i_fdre0) is unused and will be removed from module xfft_v9_1_9_viv.
INFO: [Synth 8-3332] Sequential element (xfft_inst/non_floating_point.arch_d.xfft_inst/pe_gen[0].natural_order_input.PE/has_scale_pipelining.pe_ovflo_delay/no_sclr_lut.real_shift_ram.use_baseblock.use_hlutnm_srls.runt_srl_loop.i_fdre) is unused and will be removed from module xfft_v9_1_9_viv.
INFO: [Synth 8-3332] Sequential element (xfft_inst/non_floating_point.arch_d.xfft_inst/pe_gen[0].natural_order_input.PE/delay_addr_bf2/no_sclr_lut.real_shift_ram.use_baseblock.use_hlutnm_srls.srl_loop[0].i_fdre0) is unused and will be removed from module xfft_v9_1_9_viv.
INFO: [Synth 8-3332] Sequential element (xfft_inst/non_floating_point.arch_d.xfft_inst/pe_gen[0].natural_order_input.PE/delay_addr_bf2/no_sclr_lut.real_shift_ram.use_baseblock.use_hlutnm_srls.srl_loop[0].i_fdre1) is unused and will be removed from module xfft_v9_1_9_viv.
INFO: [Synth 8-3332] Sequential element (xfft_inst/non_floating_point.arch_d.xfft_inst/pe_gen[0].natural_order_input.PE/delay_addr_bf2/no_sclr_lut.real_shift_ram.use_baseblock.use_hlutnm_srls.srl_loop[1].i_fdre0) is unused and will be removed from module xfft_v9_1_9_viv.
INFO: [Synth 8-3332] Sequential element (xfft_inst/non_floating_point.arch_d.xfft_inst/pe_gen[0].natural_order_input.PE/delay_addr_bf2/no_sclr_lut.real_shift_ram.use_baseblock.use_hlutnm_srls.srl_loop[1].i_fdre1) is unused and will be removed from module xfft_v9_1_9_viv.
INFO: [Synth 8-3332] Sequential element (xfft_inst/non_floating_point.arch_d.xfft_inst/pe_gen[0].natural_order_input.PE/delay_addr_tw/no_sclr_lut.real_shift_ram.use_baseblock.use_hlutnm_srls.srl_loop[0].i_fdre0) is unused and will be removed from module xfft_v9_1_9_viv.
INFO: [Synth 8-3332] Sequential element (xfft_inst/non_floating_point.arch_d.xfft_inst/pe_gen[0].natural_order_input.PE/delay_addr_tw/no_sclr_lut.real_shift_ram.use_baseblock.use_hlutnm_srls.srl_loop[0].i_fdre1) is unused and will be removed from module xfft_v9_1_9_viv.
INFO: [Synth 8-3332] Sequential element (xfft_inst/non_floating_point.arch_d.xfft_inst/pe_gen[0].natural_order_input.PE/delay_addr_tw/no_sclr_lut.real_shift_ram.use_baseblock.use_hlutnm_srls.srl_loop[1].i_fdre0) is unused and will be removed from module xfft_v9_1_9_viv.
INFO: [Synth 8-3332] Sequential element (xfft_inst/non_floating_point.arch_d.xfft_inst/pe_gen[0].natural_order_input.PE/delay_addr_tw/no_sclr_lut.real_shift_ram.use_baseblock.use_hlutnm_srls.srl_loop[1].i_fdre1) is unused and will be removed from module xfft_v9_1_9_viv.
INFO: [Synth 8-3332] Sequential element (xfft_inst/non_floating_point.arch_d.xfft_inst/pe_gen[0].natural_order_input.PE/delay_addr_tw/no_sclr_lut.real_shift_ram.use_baseblock.use_hlutnm_srls.srl_loop[2].i_fdre0) is unused and will be removed from module xfft_v9_1_9_viv.
INFO: [Synth 8-3332] Sequential element (xfft_inst/non_floating_point.arch_d.xfft_inst/pe_gen[0].natural_order_input.PE/delay_addr_tw/no_sclr_lut.real_shift_ram.use_baseblock.use_hlutnm_srls.srl_loop[2].i_fdre1) is unused and will be removed from module xfft_v9_1_9_viv.
INFO: [Synth 8-3332] Sequential element (xfft_inst/non_floating_point.arch_d.xfft_inst/pe_gen[0].natural_order_input.PE/delay_addr_tw/no_sclr_lut.real_shift_ram.use_baseblock.use_hlutnm_srls.runt_srl_loop.i_fdre) is unused and will be removed from module xfft_v9_1_9_viv.
INFO: [Synth 8-3332] Sequential element (xfft_inst/non_floating_point.arch_d.xfft_inst/pe_gen[0].natural_order_input.PE/FB_1.BF_1/wr_addr_del/no_sclr_lut.real_shift_ram.use_baseblock.use_hlutnm_srls.srl_loop[0].i_fdre0) is unused and will be removed from module xfft_v9_1_9_viv.
INFO: [Synth 8-3332] Sequential element (xfft_inst/non_floating_point.arch_d.xfft_inst/pe_gen[0].natural_order_input.PE/FB_1.BF_1/wr_addr_del/no_sclr_lut.real_shift_ram.use_baseblock.use_hlutnm_srls.srl_loop[0].i_fdre1) is unused and will be removed from module xfft_v9_1_9_viv.
INFO: [Synth 8-3332] Sequential element (xfft_inst/non_floating_point.arch_d.xfft_inst/pe_gen[0].natural_order_input.PE/FB_1.BF_1/wr_addr_del/no_sclr_lut.real_shift_ram.use_baseblock.use_hlutnm_srls.srl_loop[1].i_fdre0) is unused and will be removed from module xfft_v9_1_9_viv.
INFO: [Synth 8-3332] Sequential element (xfft_inst/non_floating_point.arch_d.xfft_inst/pe_gen[0].natural_order_input.PE/FB_1.BF_1/wr_addr_del/no_sclr_lut.real_shift_ram.use_baseblock.use_hlutnm_srls.srl_loop[1].i_fdre1) is unused and will be removed from module xfft_v9_1_9_viv.
INFO: [Synth 8-3332] Sequential element (xfft_inst/non_floating_point.arch_d.xfft_inst/pe_gen[0].natural_order_input.PE/FB_1.BF_1/wr_addr_del/no_sclr_lut.real_shift_ram.use_baseblock.use_hlutnm_srls.srl_loop[2].i_fdre0) is unused and will be removed from module xfft_v9_1_9_viv.
INFO: [Synth 8-3332] Sequential element (xfft_inst/non_floating_point.arch_d.xfft_inst/pe_gen[0].natural_order_input.PE/FB_1.BF_1/wr_addr_del/no_sclr_lut.real_shift_ram.use_baseblock.use_hlutnm_srls.srl_loop[2].i_fdre1) is unused and will be removed from module xfft_v9_1_9_viv.
INFO: [Synth 8-3332] Sequential element (xfft_inst/non_floating_point.arch_d.xfft_inst/pe_gen[0].natural_order_input.PE/hasbf2.FB_2.BF_2/wr_addr_del/no_sclr_lut.real_shift_ram.use_baseblock.use_hlutnm_srls.srl_loop[0].i_fdre0) is unused and will be removed from module xfft_v9_1_9_viv.
INFO: [Synth 8-3332] Sequential element (xfft_inst/non_floating_point.arch_d.xfft_inst/pe_gen[0].natural_order_input.PE/hasbf2.FB_2.BF_2/wr_addr_del/no_sclr_lut.real_shift_ram.use_baseblock.use_hlutnm_srls.srl_loop[0].i_fdre1) is unused and will be removed from module xfft_v9_1_9_viv.
INFO: [Synth 8-3332] Sequential element (xfft_inst/non_floating_point.arch_d.xfft_inst/pe_gen[0].natural_order_input.PE/hasbf2.FB_2.BF_2/wr_addr_del/no_sclr_lut.real_shift_ram.use_baseblock.use_hlutnm_srls.srl_loop[1].i_fdre0) is unused and will be removed from module xfft_v9_1_9_viv.
INFO: [Synth 8-3332] Sequential element (xfft_inst/non_floating_point.arch_d.xfft_inst/pe_gen[0].natural_order_input.PE/hasbf2.FB_2.BF_2/wr_addr_del/no_sclr_lut.real_shift_ram.use_baseblock.use_hlutnm_srls.srl_loop[1].i_fdre1) is unused and will be removed from module xfft_v9_1_9_viv.
INFO: [Synth 8-3332] Sequential element (xfft_inst/non_floating_point.arch_d.xfft_inst/pe_gen[0].natural_order_input.PE/hasbf2.FB_2.BF_2/wr_addr_del/no_sclr_lut.real_shift_ram.use_baseblock.use_hlutnm_srls.runt_srl_loop.i_fdre) is unused and will be removed from module xfft_v9_1_9_viv.
INFO: [Synth 8-3332] Sequential element (xfft_inst/non_floating_point.arch_d.xfft_inst/pe_gen[0].natural_order_input.PE/scaling2bits.scaler_re/scale_mux/four_inputs.use_lut6.no_lut_sclr.four_to_one_mux[42].latency1.reg) is unused and will be removed from module xfft_v9_1_9_viv.
INFO: [Synth 8-3332] Sequential element (xfft_inst/non_floating_point.arch_d.xfft_inst/pe_gen[0].natural_order_input.PE/scaling2bits.scaler_re/scale_mux/four_inputs.use_lut6.no_lut_sclr.four_to_one_mux[41].latency1.reg) is unused and will be removed from module xfft_v9_1_9_viv.
INFO: [Synth 8-3332] Sequential element (xfft_inst/non_floating_point.arch_d.xfft_inst/pe_gen[0].natural_order_input.PE/scaling2bits.scaler_re/scale_mux/four_inputs.use_lut6.no_lut_sclr.four_to_one_mux[40].latency1.reg) is unused and will be removed from module xfft_v9_1_9_viv.
INFO: [Synth 8-3332] Sequential element (xfft_inst/non_floating_point.arch_d.xfft_inst/pe_gen[0].natural_order_input.PE/scaling2bits.scaler_im/scale_mux/four_inputs.use_lut6.no_lut_sclr.four_to_one_mux[42].latency1.reg) is unused and will be removed from module xfft_v9_1_9_viv.
INFO: [Synth 8-3332] Sequential element (xfft_inst/non_floating_point.arch_d.xfft_inst/pe_gen[0].natural_order_input.PE/scaling2bits.scaler_im/scale_mux/four_inputs.use_lut6.no_lut_sclr.four_to_one_mux[41].latency1.reg) is unused and will be removed from module xfft_v9_1_9_viv.
INFO: [Synth 8-3332] Sequential element (xfft_inst/non_floating_point.arch_d.xfft_inst/pe_gen[0].natural_order_input.PE/scaling2bits.scaler_im/scale_mux/four_inputs.use_lut6.no_lut_sclr.four_to_one_mux[40].latency1.reg) is unused and will be removed from module xfft_v9_1_9_viv.
INFO: [Synth 8-3332] Sequential element (xfft_inst/non_floating_point.arch_d.xfft_inst/pe_gen[0].natural_order_input.PE/rounding.ROUND_0/reg_gate.delay_d_2/no_sclr_lut.real_shift_ram.use_baseblock.use_hlutnm_srls.srl_loop[0].i_fdre0) is unused and will be removed from module xfft_v9_1_9_viv.
INFO: [Synth 8-3332] Sequential element (xfft_inst/non_floating_point.arch_d.xfft_inst/pe_gen[0].natural_order_input.PE/rounding.ROUND_1/reg_gate.delay_d_2/no_sclr_lut.real_shift_ram.use_baseblock.use_hlutnm_srls.srl_loop[0].i_fdre0) is unused and will be removed from module xfft_v9_1_9_viv.
INFO: [Synth 8-3332] Sequential element (xfft_inst/non_floating_point.arch_d.xfft_inst/pe_gen[0].natural_order_input.PE/has_scale_pipelining.has_tw_scale_reg.tw_scale_reg_gen[7].tw_scale_reg) is unused and will be removed from module xfft_v9_1_9_viv.
INFO: [Synth 8-3332] Sequential element (xfft_inst/non_floating_point.arch_d.xfft_inst/pe_gen[1].natural_order_input.PE/scaling2bits.scaler_re/scale_mux/four_inputs.use_lut6.no_lut_sclr.four_to_one_mux[42].latency1.reg) is unused and will be removed from module xfft_v9_1_9_viv.
INFO: [Synth 8-3332] Sequential element (xfft_inst/non_floating_point.arch_d.xfft_inst/pe_gen[1].natural_order_input.PE/scaling2bits.scaler_re/scale_mux/four_inputs.use_lut6.no_lut_sclr.four_to_one_mux[41].latency1.reg) is unused and will be removed from module xfft_v9_1_9_viv.
INFO: [Synth 8-3332] Sequential element (xfft_inst/non_floating_point.arch_d.xfft_inst/pe_gen[1].natural_order_input.PE/scaling2bits.scaler_re/scale_mux/four_inputs.use_lut6.no_lut_sclr.four_to_one_mux[40].latency1.reg) is unused and will be removed from module xfft_v9_1_9_viv.
INFO: [Synth 8-3332] Sequential element (xfft_inst/non_floating_point.arch_d.xfft_inst/pe_gen[1].natural_order_input.PE/scaling2bits.scaler_im/scale_mux/four_inputs.use_lut6.no_lut_sclr.four_to_one_mux[42].latency1.reg) is unused and will be removed from module xfft_v9_1_9_viv.
INFO: [Synth 8-3332] Sequential element (xfft_inst/non_floating_point.arch_d.xfft_inst/pe_gen[1].natural_order_input.PE/scaling2bits.scaler_im/scale_mux/four_inputs.use_lut6.no_lut_sclr.four_to_one_mux[41].latency1.reg) is unused and will be removed from module xfft_v9_1_9_viv.
INFO: [Synth 8-3332] Sequential element (xfft_inst/non_floating_point.arch_d.xfft_inst/pe_gen[1].natural_order_input.PE/scaling2bits.scaler_im/scale_mux/four_inputs.use_lut6.no_lut_sclr.four_to_one_mux[40].latency1.reg) is unused and will be removed from module xfft_v9_1_9_viv.
INFO: [Synth 8-3332] Sequential element (xfft_inst/non_floating_point.arch_d.xfft_inst/pe_gen[1].natural_order_input.PE/rounding.ROUND_0/reg_gate.delay_d_2/no_sclr_lut.real_shift_ram.use_baseblock.use_hlutnm_srls.srl_loop[0].i_fdre0) is unused and will be removed from module xfft_v9_1_9_viv.
INFO: [Synth 8-3332] Sequential element (xfft_inst/non_floating_point.arch_d.xfft_inst/pe_gen[1].natural_order_input.PE/rounding.ROUND_1/reg_gate.delay_d_2/no_sclr_lut.real_shift_ram.use_baseblock.use_hlutnm_srls.srl_loop[0].i_fdre0) is unused and will be removed from module xfft_v9_1_9_viv.
INFO: [Synth 8-3332] Sequential element (xfft_inst/non_floating_point.arch_d.xfft_inst/pe_gen[1].natural_order_input.PE/addr_select.bf1_addr_mux_gen[2].reg) is unused and will be removed from module xfft_v9_1_9_viv.
INFO: [Synth 8-3332] Sequential element (xfft_inst/non_floating_point.arch_d.xfft_inst/pe_gen[1].natural_order_input.PE/addr_select.bf1_addr_mux_gen[1].reg) is unused and will be removed from module xfft_v9_1_9_viv.
INFO: [Synth 8-3332] Sequential element (xfft_inst/non_floating_point.arch_d.xfft_inst/pe_gen[1].natural_order_input.PE/addr_select.bf1_addr_mux_gen[0].reg) is unused and will be removed from module xfft_v9_1_9_viv.
INFO: [Synth 8-3332] Sequential element (xfft_inst/non_floating_point.arch_d.xfft_inst/pe_gen[1].natural_order_input.PE/has_scale_pipelining.scale_select.scale_mux_gen[5].reg) is unused and will be removed from module xfft_v9_1_9_viv.
INFO: [Synth 8-3332] Sequential element (xfft_inst/non_floating_point.arch_d.xfft_inst/pe_gen[1].natural_order_input.PE/has_scale_pipelining.has_tw_scale_reg.tw_scale_reg_gen[5].tw_scale_reg) is unused and will be removed from module xfft_v9_1_9_viv.
INFO: [Synth 8-3332] Sequential element (xfft_inst/non_floating_point.arch_d.xfft_inst/pe_gen[2].natural_order_input.PE/delay_addr_tw/no_sclr_lut.real_shift_ram.use_baseblock.use_hlutnm_srls.srl_loop[0].i_fdre0) is unused and will be removed from module xfft_v9_1_9_viv.
INFO: [Synth 8-3332] Sequential element (xfft_inst/non_floating_point.arch_d.xfft_inst/pe_gen[2].natural_order_input.PE/delay_addr_tw/no_sclr_lut.real_shift_ram.use_baseblock.use_hlutnm_srls.srl_loop[0].i_fdre1) is unused and will be removed from module xfft_v9_1_9_viv.
INFO: [Synth 8-3332] Sequential element (xfft_inst/non_floating_point.arch_d.xfft_inst/pe_gen[2].natural_order_input.PE/delay_addr_tw/no_sclr_lut.real_shift_ram.use_baseblock.use_hlutnm_srls.runt_srl_loop.i_fdre) is unused and will be removed from module xfft_v9_1_9_viv.
INFO: [Synth 8-3332] Sequential element (xfft_inst/non_floating_point.arch_d.xfft_inst/pe_gen[2].natural_order_input.PE/scaling2bits.scaler_re/scale_mux/four_inputs.use_lut6.no_lut_sclr.four_to_one_mux[42].latency1.reg) is unused and will be removed from module xfft_v9_1_9_viv.
INFO: [Synth 8-3332] Sequential element (xfft_inst/non_floating_point.arch_d.xfft_inst/pe_gen[2].natural_order_input.PE/scaling2bits.scaler_re/scale_mux/four_inputs.use_lut6.no_lut_sclr.four_to_one_mux[41].latency1.reg) is unused and will be removed from module xfft_v9_1_9_viv.
INFO: [Synth 8-3332] Sequential element (xfft_inst/non_floating_point.arch_d.xfft_inst/pe_gen[2].natural_order_input.PE/scaling2bits.scaler_re/scale_mux/four_inputs.use_lut6.no_lut_sclr.four_to_one_mux[40].latency1.reg) is unused and will be removed from module xfft_v9_1_9_viv.
INFO: [Synth 8-3332] Sequential element (xfft_inst/non_floating_point.arch_d.xfft_inst/pe_gen[2].natural_order_input.PE/scaling2bits.scaler_im/scale_mux/four_inputs.use_lut6.no_lut_sclr.four_to_one_mux[42].latency1.reg) is unused and will be removed from module xfft_v9_1_9_viv.
INFO: [Synth 8-3332] Sequential element (xfft_inst/non_floating_point.arch_d.xfft_inst/pe_gen[2].natural_order_input.PE/scaling2bits.scaler_im/scale_mux/four_inputs.use_lut6.no_lut_sclr.four_to_one_mux[41].latency1.reg) is unused and will be removed from module xfft_v9_1_9_viv.
INFO: [Synth 8-3332] Sequential element (xfft_inst/non_floating_point.arch_d.xfft_inst/pe_gen[2].natural_order_input.PE/scaling2bits.scaler_im/scale_mux/four_inputs.use_lut6.no_lut_sclr.four_to_one_mux[40].latency1.reg) is unused and will be removed from module xfft_v9_1_9_viv.
INFO: [Synth 8-3332] Sequential element (xfft_inst/non_floating_point.arch_d.xfft_inst/pe_gen[2].natural_order_input.PE/rounding.ROUND_0/reg_gate.delay_d_2/no_sclr_lut.real_shift_ram.use_baseblock.use_hlutnm_srls.srl_loop[0].i_fdre0) is unused and will be removed from module xfft_v9_1_9_viv.
INFO: [Synth 8-3332] Sequential element (xfft_inst/non_floating_point.arch_d.xfft_inst/pe_gen[2].natural_order_input.PE/rounding.ROUND_1/reg_gate.delay_d_2/no_sclr_lut.real_shift_ram.use_baseblock.use_hlutnm_srls.srl_loop[0].i_fdre0) is unused and will be removed from module xfft_v9_1_9_viv.
INFO: [Synth 8-3332] Sequential element (xfft_inst/non_floating_point.arch_d.xfft_inst/pe_gen[2].natural_order_input.PE/addr_select.bf1_addr_mux_gen[0].reg) is unused and will be removed from module xfft_v9_1_9_viv.
INFO: [Synth 8-3332] Sequential element (xfft_inst/non_floating_point.arch_d.xfft_inst/pe_gen[2].natural_order_input.PE/has_scale_pipelining.scale_select.scale_mux_gen[3].reg) is unused and will be removed from module xfft_v9_1_9_viv.
INFO: [Synth 8-3332] Sequential element (xfft_inst/non_floating_point.arch_d.xfft_inst/pe_gen[2].natural_order_input.PE/has_scale_pipelining.has_tw_scale_reg.tw_scale_reg_gen[3].tw_scale_reg) is unused and will be removed from module xfft_v9_1_9_viv.
INFO: [Synth 8-3332] Sequential element (xfft_inst/non_floating_point.arch_d.xfft_inst/pe_gen[3].natural_order_input.PE/has_scale_pipelining.pe_scale_delay/no_sclr_lut.real_shift_ram.use_baseblock.use_hlutnm_srls.srl_loop[0].i_fdre1) is unused and will be removed from module xfft_v9_1_9_viv.
INFO: [Synth 8-3332] Sequential element (xfft_inst/non_floating_point.arch_d.xfft_inst/pe_gen[3].natural_order_input.PE/has_scale_pipelining.pe_ovflo_delay/no_sclr_lut.real_shift_ram.use_baseblock.use_hlutnm_srls.runt_srl_loop.i_fdre) is unused and will be removed from module xfft_v9_1_9_viv.
INFO: [Synth 8-3332] Sequential element (xfft_inst/non_floating_point.arch_d.xfft_inst/pe_gen[3].natural_order_input.PE/delay_addr_bf2/no_sclr_lut.real_shift_ram.use_baseblock.use_hlutnm_srls.runt_srl_loop.i_fdre) is unused and will be removed from module xfft_v9_1_9_viv.
INFO: [Synth 8-3332] Sequential element (xfft_inst/non_floating_point.arch_d.xfft_inst/pe_gen[3].natural_order_input.PE/delay_addr_tw/no_sclr_lut.real_shift_ram.use_baseblock.use_hlutnm_srls.runt_srl_loop.i_fdre) is unused and will be removed from module xfft_v9_1_9_viv.
INFO: [Synth 8-3332] Sequential element (xfft_inst/non_floating_point.arch_d.xfft_inst/pe_gen[3].natural_order_input.PE/rounding.ROUND_0/reg_gate.delay_d_2/no_sclr_lut.real_shift_ram.use_baseblock.use_hlutnm_srls.srl_loop[0].i_fdre0) is unused and will be removed from module xfft_v9_1_9_viv.
INFO: [Synth 8-3332] Sequential element (xfft_inst/non_floating_point.arch_d.xfft_inst/pe_gen[3].natural_order_input.PE/rounding.ROUND_1/reg_gate.delay_d_2/no_sclr_lut.real_shift_ram.use_baseblock.use_hlutnm_srls.srl_loop[0].i_fdre0) is unused and will be removed from module xfft_v9_1_9_viv.
INFO: [Synth 8-3332] Sequential element (xfft_inst/non_floating_point.arch_d.xfft_inst/has_bit_reverse.busy_gen/proc_start_delay/need_sclr_lut.real_shift_ram.FF_gen[0].reg) is unused and will be removed from module xfft_v9_1_9_viv.
INFO: [Synth 8-3332] Sequential element (xfft_inst/non_floating_point.arch_d.xfft_inst/timing_cnts_has_nfft.duplicate_regs[4].other.nfft_regs[4].nfft_regs_fde) is unused and will be removed from module xfft_v9_1_9_viv.
INFO: [Synth 8-3332] Sequential element (xfft_inst/non_floating_point.arch_d.xfft_inst/timing_cnts_has_nfft.duplicate_regs[4].other.nfft_regs[3].nfft_regs_fde) is unused and will be removed from module xfft_v9_1_9_viv.
INFO: [Synth 8-3332] Sequential element (xfft_inst/non_floating_point.arch_d.xfft_inst/timing_cnts_has_nfft.duplicate_regs[4].other.nfft_regs[2].nfft_regs_fde) is unused and will be removed from module xfft_v9_1_9_viv.
INFO: [Synth 8-3332] Sequential element (xfft_inst/non_floating_point.arch_d.xfft_inst/timing_cnts_has_nfft.duplicate_regs[4].other.nfft_regs[1].nfft_regs_fde) is unused and will be removed from module xfft_v9_1_9_viv.
INFO: [Synth 8-3332] Sequential element (xfft_inst/non_floating_point.arch_d.xfft_inst/timing_cnts_has_nfft.duplicate_regs[4].other.nfft_regs[0].nfft_regs_fde) is unused and will be removed from module xfft_v9_1_9_viv.
INFO: [Synth 8-3332] Sequential element (xfft_inst/non_floating_point.arch_d.xfft_inst/timing_cnts_has_nfft.duplicate_regs[3].other.nfft_regs[4].nfft_regs_fde) is unused and will be removed from module xfft_v9_1_9_viv.
INFO: [Synth 8-3332] Sequential element (xfft_inst/non_floating_point.arch_d.xfft_inst/timing_cnts_has_nfft.duplicate_regs[3].other.nfft_regs[3].nfft_regs_fde) is unused and will be removed from module xfft_v9_1_9_viv.
INFO: [Synth 8-3332] Sequential element (xfft_inst/non_floating_point.arch_d.xfft_inst/timing_cnts_has_nfft.duplicate_regs[2].other.nfft_regs[4].nfft_regs_fde) is unused and will be removed from module xfft_v9_1_9_viv.
INFO: [Common 17-14] Message 'Synth 8-3332' appears 100 times and further instances of the messages will be disabled. Use the Tcl command set_msg_config to change the current settings.
---------------------------------------------------------------------------------
Finished Cross Boundary and Area Optimization : Time (s): cpu = 00:01:25 ; elapsed = 00:01:38 . Memory (MB): peak = 2906.297 ; gain = 2011.480
---------------------------------------------------------------------------------
---------------------------------------------------------------------------------
Start Applying XDC Timing Constraints
---------------------------------------------------------------------------------
---------------------------------------------------------------------------------
Finished Applying XDC Timing Constraints : Time (s): cpu = 00:01:30 ; elapsed = 00:01:44 . Memory (MB): peak = 2906.297 ; gain = 2011.480
---------------------------------------------------------------------------------
---------------------------------------------------------------------------------
Start Timing Optimization
---------------------------------------------------------------------------------
---------------------------------------------------------------------------------
Finished Timing Optimization : Time (s): cpu = 00:01:32 ; elapsed = 00:01:46 . Memory (MB): peak = 2906.297 ; gain = 2011.480
---------------------------------------------------------------------------------
---------------------------------------------------------------------------------
Start Technology Mapping
---------------------------------------------------------------------------------
---------------------------------------------------------------------------------
Finished Technology Mapping : Time (s): cpu = 00:01:35 ; elapsed = 00:01:49 . Memory (MB): peak = 2906.297 ; gain = 2011.480
---------------------------------------------------------------------------------
---------------------------------------------------------------------------------
Start IO Insertion
---------------------------------------------------------------------------------
---------------------------------------------------------------------------------
Start Flattening Before IO Insertion
---------------------------------------------------------------------------------
---------------------------------------------------------------------------------
Finished Flattening Before IO Insertion
---------------------------------------------------------------------------------
---------------------------------------------------------------------------------
Start Final Netlist Cleanup
---------------------------------------------------------------------------------
---------------------------------------------------------------------------------
Finished Final Netlist Cleanup
---------------------------------------------------------------------------------
---------------------------------------------------------------------------------
Finished IO Insertion : Time (s): cpu = 00:01:38 ; elapsed = 00:01:52 . Memory (MB): peak = 2906.297 ; gain = 2011.480
---------------------------------------------------------------------------------
---------------------------------------------------------------------------------
Start Renaming Generated Instances
---------------------------------------------------------------------------------
---------------------------------------------------------------------------------
Finished Renaming Generated Instances : Time (s): cpu = 00:01:38 ; elapsed = 00:01:52 . Memory (MB): peak = 2906.297 ; gain = 2011.480
---------------------------------------------------------------------------------
---------------------------------------------------------------------------------
Start Rebuilding User Hierarchy
---------------------------------------------------------------------------------
---------------------------------------------------------------------------------
Finished Rebuilding User Hierarchy : Time (s): cpu = 00:01:39 ; elapsed = 00:01:53 . Memory (MB): peak = 2906.297 ; gain = 2011.480
---------------------------------------------------------------------------------
---------------------------------------------------------------------------------
Start Renaming Generated Ports
---------------------------------------------------------------------------------
---------------------------------------------------------------------------------
Finished Renaming Generated Ports : Time (s): cpu = 00:01:39 ; elapsed = 00:01:53 . Memory (MB): peak = 2906.297 ; gain = 2011.480
---------------------------------------------------------------------------------
---------------------------------------------------------------------------------
Start Handling Custom Attributes
---------------------------------------------------------------------------------
---------------------------------------------------------------------------------
Finished Handling Custom Attributes : Time (s): cpu = 00:01:39 ; elapsed = 00:01:53 . Memory (MB): peak = 2906.297 ; gain = 2011.480
---------------------------------------------------------------------------------
---------------------------------------------------------------------------------
Start Renaming Generated Nets
---------------------------------------------------------------------------------
---------------------------------------------------------------------------------
Finished Renaming Generated Nets : Time (s): cpu = 00:01:39 ; elapsed = 00:01:53 . Memory (MB): peak = 2906.297 ; gain = 2011.480
---------------------------------------------------------------------------------
---------------------------------------------------------------------------------
Start Writing Synthesis Report
---------------------------------------------------------------------------------

DSP Final Report (the ' indicates corresponding REG is set)
+----------------------+-------------+--------+--------+--------+--------+--------+------+------+------+------+-------+------+------+
|Module Name           | DSP Mapping | A Size | B Size | C Size | D Size | P Size | AREG | BREG | CREG | DREG | ADREG | MREG | PREG | 
+----------------------+-------------+--------+--------+--------+--------+--------+------+------+------+------+-------+------+------+
|cmpy_4_dsp48_mult_717 | Dynamic     | -      | -      | -      | -      | 0      | -    | -    | -    | -    | -     | 1    | 1    | 
|cmpy_4_dsp48_mult_717 | Dynamic     | -      | -      | -      | -      | 17     | -    | -    | -    | -    | -     | 1    | 1    | 
|cmpy_4_dsp48_mult_717 | Dynamic     | -      | -      | -      | -      | 0      | -    | -    | -    | -    | 1     | 1    | 1    | 
|cmpy_4_dsp48_mult_717 | Dynamic     | -      | -      | -      | -      | 44     | -    | -    | -    | -    | 1     | 1    | 1    | 
|cmpy_4_dsp48_mult_717 | Dynamic     | -      | -      | -      | -      | 0      | -    | -    | -    | -    | -     | 1    | 1    | 
|cmpy_4_dsp48_mult_717 | Dynamic     | -      | -      | -      | -      | 17     | -    | -    | -    | -    | -     | 1    | 1    | 
|cmpy_4_dsp48_mult_717 | Dynamic     | -      | -      | -      | -      | 0      | -    | -    | -    | -    | 1     | 1    | 1    | 
|cmpy_4_dsp48_mult_717 | Dynamic     | -      | -      | -      | -      | 44     | -    | -    | -    | -    | 1     | 1    | 1    | 
|cmpy_4_dsp48_mult_424 | Dynamic     | -      | -      | -      | -      | 0      | -    | -    | -    | -    | -     | 1    | 1    | 
|cmpy_4_dsp48_mult_424 | Dynamic     | -      | -      | -      | -      | 17     | -    | -    | -    | -    | -     | 1    | 1    | 
|cmpy_4_dsp48_mult_424 | Dynamic     | -      | -      | -      | -      | 0      | -    | -    | -    | -    | 1     | 1    | 1    | 
|cmpy_4_dsp48_mult_424 | Dynamic     | -      | -      | -      | -      | 44     | -    | -    | -    | -    | 1     | 1    | 1    | 
|cmpy_4_dsp48_mult_424 | Dynamic     | -      | -      | -      | -      | 0      | -    | -    | -    | -    | -     | 1    | 1    | 
|cmpy_4_dsp48_mult_424 | Dynamic     | -      | -      | -      | -      | 17     | -    | -    | -    | -    | -     | 1    | 1    | 
|cmpy_4_dsp48_mult_424 | Dynamic     | -      | -      | -      | -      | 0      | -    | -    | -    | -    | 1     | 1    | 1    | 
|cmpy_4_dsp48_mult_424 | Dynamic     | -      | -      | -      | -      | 44     | -    | -    | -    | -    | 1     | 1    | 1    | 
|cmpy_4_dsp48_mult     | Dynamic     | -      | -      | -      | -      | 0      | -    | -    | -    | -    | -     | 1    | 1    | 
|cmpy_4_dsp48_mult     | Dynamic     | -      | -      | -      | -      | 17     | -    | -    | -    | -    | -     | 1    | 1    | 
|cmpy_4_dsp48_mult     | Dynamic     | -      | -      | -      | -      | 0      | -    | -    | -    | -    | 1     | 1    | 1    | 
|cmpy_4_dsp48_mult     | Dynamic     | -      | -      | -      | -      | 44     | -    | -    | -    | -    | 1     | 1    | 1    | 
|cmpy_4_dsp48_mult     | Dynamic     | -      | -      | -      | -      | 0      | -    | -    | -    | -    | -     | 1    | 1    | 
|cmpy_4_dsp48_mult     | Dynamic     | -      | -      | -      | -      | 17     | -    | -    | -    | -    | -     | 1    | 1    | 
|cmpy_4_dsp48_mult     | Dynamic     | -      | -      | -      | -      | 0      | -    | -    | -    | -    | 1     | 1    | 1    | 
|cmpy_4_dsp48_mult     | Dynamic     | -      | -      | -      | -      | 44     | -    | -    | -    | -    | 1     | 1    | 1    | 
+----------------------+-------------+--------+--------+--------+--------+--------+------+------+------+------+-------+------+------+


Report BlackBoxes: 
+-+--------------+----------+
| |BlackBox name |Instances |
+-+--------------+----------+
+-+--------------+----------+

Report Cell Usage: 
+------+---------+------+
|      |Cell     |Count |
+------+---------+------+
|1     |DSP48E1  |    24|
|5     |LUT1     |    43|
|6     |LUT2     |   616|
|7     |LUT3     |  1796|
|8     |LUT4     |   466|
|9     |LUT5     |    65|
|10    |LUT6     |   422|
|11    |MUXCY    |  1254|
|12    |MUXF7    |    80|
|13    |RAMB18E1 |     2|
|14    |SRL16E   |  1464|
|15    |SRLC32E  |   241|
|16    |XORCY    |  1206|
|17    |FD       |     3|
|18    |FDE      |   731|
|19    |FDR      |    28|
|20    |FDRE     |  5537|
|21    |FDSE     |    43|
+------+---------+------+
---------------------------------------------------------------------------------
Finished Writing Synthesis Report : Time (s): cpu = 00:01:39 ; elapsed = 00:01:53 . Memory (MB): peak = 2906.297 ; gain = 2011.480
---------------------------------------------------------------------------------
Synthesis finished with 0 errors, 0 critical warnings and 860 warnings.
Synthesis Optimization Runtime : Time (s): cpu = 00:00:26 ; elapsed = 00:01:49 . Memory (MB): peak = 2906.297 ; gain = 2011.480
Synthesis Optimization Complete : Time (s): cpu = 00:01:39 ; elapsed = 00:01:54 . Memory (MB): peak = 2906.297 ; gain = 2011.480
INFO: [Project 1-571] Translating synthesized netlist
Netlist sorting complete. Time (s): cpu = 00:00:01 ; elapsed = 00:00:00.199 . Memory (MB): peak = 2906.297 ; gain = 0.000
INFO: [Netlist 29-17] Analyzing 3328 Unisim elements for replacement
INFO: [Netlist 29-28] Unisim Transformation completed in 0 CPU seconds
INFO: [Project 1-570] Preparing netlist for logic optimization
INFO: [Opt 31-138] Pushed 0 inverter(s) to 0 load pin(s).
Netlist sorting complete. Time (s): cpu = 00:00:00 ; elapsed = 00:00:00.005 . Memory (MB): peak = 2906.297 ; gain = 0.000
INFO: [Project 1-111] Unisim Transformation Summary:
  A total of 1119 instances were transformed.
  (MUXCY,XORCY) => CARRY4: 357 instances
  FD => FDRE: 3 instances
  FDE => FDRE: 731 instances
  FDR => FDRE: 28 instances

Synth Design complete | Checksum: 26094f2
INFO: [Common 17-83] Releasing license: Synthesis
193 Infos, 102 Warnings, 0 Critical Warnings and 0 Errors encountered.
synth_design completed successfully
synth_design: Time (s): cpu = 00:01:46 ; elapsed = 00:02:11 . Memory (MB): peak = 2906.297 ; gain = 2420.004
INFO: [Common 17-1381] The checkpoint 'C:/Users/gm/Vivado Projects/complete_det_new_comblock/complete_det_new_comblock.runs/xfft_1_synth_1/xfft_1.dcp' has been generated.
INFO: [Coretcl 2-1648] Added synthesis output to IP cache for IP xfft_1, cache-ID = c355f32918f87b7a
INFO: [Coretcl 2-1174] Renamed 1171 cell refs.
INFO: [Common 17-1381] The checkpoint 'C:/Users/gm/Vivado Projects/complete_det_new_comblock/complete_det_new_comblock.runs/xfft_1_synth_1/xfft_1.dcp' has been generated.
INFO: [runtcl-4] Executing : report_utilization -file xfft_1_utilization_synth.rpt -pb xfft_1_utilization_synth.pb
INFO: [Common 17-206] Exiting Vivado at Wed Jul  1 21:38:27 2026...

*** Running vivado
    with args -log xfft_1.vds -m64 -product Vivado -mode batch -messageDb vivado.pb -notrace -source xfft_1.tcl


ECHO is off.
ECHO is off.

****** Vivado v2023.1 (64-bit)
  **** SW Build 3865809 on Sun May  7 15:05:29 MDT 2023
  **** IP Build 3864474 on Sun May  7 20:36:21 MDT 2023
  **** SharedData Build 3865790 on Sun May 07 13:33:03 MDT 2023
    ** Copyright 1986-2022 Xilinx, Inc. All Rights Reserved.
    ** Copyright 2022-2023 Advanced Micro Devices, Inc. All Rights Reserved.

source xfft_1.tcl -notrace
create_project: Time (s): cpu = 00:00:07 ; elapsed = 00:00:09 . Memory (MB): peak = 446.723 ; gain = 161.938
INFO: [IP_Flow 19-234] Refreshing IP repositories
INFO: [IP_Flow 19-1700] Loaded user IP repository 'd:/Desktop PRE-FORMAT 25/CR_CYCLO/Verilog/ComBlock/core-comblock-master'.
INFO: [IP_Flow 19-2313] Loaded Vivado IP repository 'C:/Xilinx/Vivado/2023.1/data/ip'.
WARNING: [IP_Flow 19-4995] The host OS only allows 260 characters in a normal path. The IP cache path is more than 80 characters. If you experience issues with IP caching, please consider changing the IP cache to a location with a shorter path. Alternately consider using the OS subst command to map part of the path to a drive letter. 
Current IP cache path is c:/Users/gm/Vivado Projects/complete_det_new_comblock_psclock/complete_det_new_comblock_psclock.cache/ip 
INFO: [IP_Flow 19-6924] IPCACHE: Running cache check for IP inst: xfft_1
Command: synth_design -top xfft_1 -part xc7z020clg484-1 -incremental_mode off -mode out_of_context
Starting synth_design
Attempting to get a license for feature 'Synthesis' and/or device 'xc7z020'
INFO: [Common 17-349] Got license for feature 'Synthesis' and/or device 'xc7z020'
INFO: [Device 21-403] Loading part xc7z020clg484-1
INFO: [Synth 8-7079] Multithreading enabled for synth_design using a maximum of 2 processes.
INFO: [Synth 8-7078] Launching helper process for spawning children vivado processes
INFO: [Synth 8-7075] Helper process launched with PID 9704
---------------------------------------------------------------------------------
Starting RTL Elaboration : Time (s): cpu = 00:00:13 ; elapsed = 00:00:18 . Memory (MB): peak = 1306.555 ; gain = 411.305
---------------------------------------------------------------------------------
INFO: [Synth 8-638] synthesizing module 'xfft_1' [c:/Users/gm/Vivado Projects/complete_det_new_comblock_psclock/complete_det_new_comblock_psclock.gen/sources_1/ip/xfft_1/synth/xfft_1.vhd:84]
	Parameter C_XDEVICEFAMILY bound to: zynq - type: string 
	Parameter C_PART bound to: xc7z020clg484-1 - type: string 
	Parameter C_S_AXIS_CONFIG_TDATA_WIDTH bound to: 24 - type: integer 
	Parameter C_S_AXIS_DATA_TDATA_WIDTH bound to: 64 - type: integer 
	Parameter C_M_AXIS_DATA_TDATA_WIDTH bound to: 64 - type: integer 
	Parameter C_M_AXIS_DATA_TUSER_WIDTH bound to: 8 - type: integer 
	Parameter C_M_AXIS_STATUS_TDATA_WIDTH bound to: 1 - type: integer 
	Parameter C_THROTTLE_SCHEME bound to: 1 - type: integer 
	Parameter C_CHANNELS bound to: 1 - type: integer 
	Parameter C_NFFT_MAX bound to: 7 - type: integer 
	Parameter C_ARCH bound to: 3 - type: integer 
	Parameter C_HAS_NFFT bound to: 1 - type: integer 
	Parameter C_USE_FLT_PT bound to: 0 - type: integer 
	Parameter C_INPUT_WIDTH bound to: 32 - type: integer 
	Parameter C_TWIDDLE_WIDTH bound to: 12 - type: integer 
	Parameter C_OUTPUT_WIDTH bound to: 32 - type: integer 
	Parameter C_HAS_SCALING bound to: 1 - type: integer 
	Parameter C_HAS_BFP bound to: 0 - type: integer 
	Parameter C_HAS_ROUNDING bound to: 1 - type: integer 
	Parameter C_HAS_ACLKEN bound to: 0 - type: integer 
	Parameter C_HAS_ARESETN bound to: 1 - type: integer 
	Parameter C_HAS_OVFLO bound to: 0 - type: integer 
	Parameter C_HAS_NATURAL_INPUT bound to: 1 - type: integer 
	Parameter C_HAS_NATURAL_OUTPUT bound to: 1 - type: integer 
	Parameter C_HAS_CYCLIC_PREFIX bound to: 0 - type: integer 
	Parameter C_HAS_XK_INDEX bound to: 1 - type: integer 
	Parameter C_DATA_MEM_TYPE bound to: 1 - type: integer 
	Parameter C_TWIDDLE_MEM_TYPE bound to: 1 - type: integer 
	Parameter C_BRAM_STAGES bound to: 0 - type: integer 
	Parameter C_REORDER_MEM_TYPE bound to: 1 - type: integer 
	Parameter C_USE_HYBRID_RAM bound to: 0 - type: integer 
	Parameter C_OPTIMIZE_GOAL bound to: 0 - type: integer 
	Parameter C_CMPY_TYPE bound to: 2 - type: integer 
	Parameter C_BFLY_TYPE bound to: 0 - type: integer 
INFO: [Synth 8-3491] module 'xfft_v9_1_9' declared at 'c:/Users/gm/Vivado Projects/complete_det_new_comblock_psclock/complete_det_new_comblock_psclock.gen/sources_1/ip/xfft_1/hdl/xfft_v9_1_vh_rfs.vhd:103739' bound to instance 'U0' of component 'xfft_v9_1_9' [c:/Users/gm/Vivado Projects/complete_det_new_comblock_psclock/complete_det_new_comblock_psclock.gen/sources_1/ip/xfft_1/synth/xfft_1.vhd:193]
INFO: [Synth 8-3919] null assignment ignored
INFO: [Synth 8-3919] null assignment ignored
INFO: [Synth 8-3919] null assignment ignored
INFO: [Synth 8-3919] null assignment ignored
INFO: [Synth 8-3919] null assignment ignored
INFO: [Synth 8-3919] null assignment ignored
INFO: [Synth 8-3919] null assignment ignored
INFO: [Synth 8-3919] null assignment ignored
INFO: [Synth 8-3919] null assignment ignored
INFO: [Synth 8-3919] null assignment ignored
INFO: [Synth 8-3919] null assignment ignored
INFO: [Synth 8-3919] null assignment ignored
INFO: [Synth 8-3919] null assignment ignored
INFO: [Synth 8-3919] null assignment ignored
INFO: [Synth 8-3919] null assignment ignored
INFO: [Synth 8-3919] null assignment ignored
INFO: [Synth 8-3919] null assignment ignored
INFO: [Synth 8-3919] null assignment ignored
INFO: [Synth 8-3919] null assignment ignored
INFO: [Synth 8-3919] null assignment ignored
INFO: [Synth 8-3919] null assignment ignored
INFO: [Synth 8-3919] null assignment ignored
INFO: [Synth 8-3919] null assignment ignored
INFO: [Synth 8-3919] null assignment ignored
INFO: [Synth 8-3919] null assignment ignored
INFO: [Synth 8-3919] null assignment ignored
INFO: [Synth 8-3919] null assignment ignored
INFO: [Synth 8-3919] null assignment ignored
INFO: [Synth 8-3919] null assignment ignored
INFO: [Synth 8-3919] null assignment ignored
INFO: [Synth 8-3919] null assignment ignored
INFO: [Synth 8-3919] null assignment ignored
INFO: [Synth 8-3919] null assignment ignored
INFO: [Synth 8-3919] null assignment ignored
INFO: [Synth 8-3919] null assignment ignored
INFO: [Synth 8-3919] null assignment ignored
INFO: [Synth 8-3919] null assignment ignored
INFO: [Synth 8-3919] null assignment ignored
INFO: [Synth 8-3919] null assignment ignored
INFO: [Synth 8-3919] null assignment ignored
INFO: [Synth 8-3919] null assignment ignored
INFO: [Synth 8-3919] null assignment ignored
INFO: [Synth 8-3919] null assignment ignored
INFO: [Synth 8-3919] null assignment ignored
INFO: [Synth 8-3919] null assignment ignored
INFO: [Synth 8-3919] null assignment ignored
INFO: [Synth 8-3919] null assignment ignored
INFO: [Synth 8-3919] null assignment ignored
INFO: [Synth 8-3919] null assignment ignored
INFO: [Synth 8-3919] null assignment ignored
INFO: [Synth 8-3919] null assignment ignored
INFO: [Synth 8-3919] null assignment ignored
INFO: [Synth 8-3919] null assignment ignored
INFO: [Synth 8-3919] null assignment ignored
INFO: [Synth 8-256] done synthesizing module 'xfft_1' (0#1) [c:/Users/gm/Vivado Projects/complete_det_new_comblock_psclock/complete_det_new_comblock_psclock.gen/sources_1/ip/xfft_1/synth/xfft_1.vhd:84]
WARNING: [Synth 8-7129] Port Q[0] in module shift_ram__parameterized80 is either unconnected or has no load
WARNING: [Synth 8-7129] Port D[0] in module shift_ram__parameterized80 is either unconnected or has no load
WARNING: [Synth 8-7129] Port CLK in module shift_ram__parameterized80 is either unconnected or has no load
WARNING: [Synth 8-7129] Port CE in module shift_ram__parameterized80 is either unconnected or has no load
WARNING: [Synth 8-7129] Port SCLR in module shift_ram__parameterized80 is either unconnected or has no load
WARNING: [Synth 8-7129] Port COMBI_SCLR in module shift_ram__parameterized80 is either unconnected or has no load
WARNING: [Synth 8-7129] Port DEPTHx2 in module shift_ram__parameterized80 is either unconnected or has no load
WARNING: [Synth 8-7129] Port a[3] in module c_shift_ram_v12_0_14_legacy__parameterized2 is either unconnected or has no load
WARNING: [Synth 8-7129] Port a[2] in module c_shift_ram_v12_0_14_legacy__parameterized2 is either unconnected or has no load
WARNING: [Synth 8-7129] Port a[1] in module c_shift_ram_v12_0_14_legacy__parameterized2 is either unconnected or has no load
WARNING: [Synth 8-7129] Port a[0] in module c_shift_ram_v12_0_14_legacy__parameterized2 is either unconnected or has no load
WARNING: [Synth 8-7129] Port aclr in module c_shift_ram_v12_0_14_legacy__parameterized2 is either unconnected or has no load
WARNING: [Synth 8-7129] Port aset in module c_shift_ram_v12_0_14_legacy__parameterized2 is either unconnected or has no load
WARNING: [Synth 8-7129] Port ainit in module c_shift_ram_v12_0_14_legacy__parameterized2 is either unconnected or has no load
WARNING: [Synth 8-7129] Port sclr in module c_shift_ram_v12_0_14_legacy__parameterized2 is either unconnected or has no load
WARNING: [Synth 8-7129] Port sset in module c_shift_ram_v12_0_14_legacy__parameterized2 is either unconnected or has no load
WARNING: [Synth 8-7129] Port sinit in module c_shift_ram_v12_0_14_legacy__parameterized2 is either unconnected or has no load
WARNING: [Synth 8-7129] Port D[0] in module shift_ram__parameterized62 is either unconnected or has no load
WARNING: [Synth 8-7129] Port DEPTHx2 in module shift_ram__parameterized62 is either unconnected or has no load
WARNING: [Synth 8-7129] Port a[3] in module c_shift_ram_v12_0_14_legacy__parameterized5 is either unconnected or has no load
WARNING: [Synth 8-7129] Port a[2] in module c_shift_ram_v12_0_14_legacy__parameterized5 is either unconnected or has no load
WARNING: [Synth 8-7129] Port a[1] in module c_shift_ram_v12_0_14_legacy__parameterized5 is either unconnected or has no load
WARNING: [Synth 8-7129] Port a[0] in module c_shift_ram_v12_0_14_legacy__parameterized5 is either unconnected or has no load
WARNING: [Synth 8-7129] Port aclr in module c_shift_ram_v12_0_14_legacy__parameterized5 is either unconnected or has no load
WARNING: [Synth 8-7129] Port aset in module c_shift_ram_v12_0_14_legacy__parameterized5 is either unconnected or has no load
WARNING: [Synth 8-7129] Port ainit in module c_shift_ram_v12_0_14_legacy__parameterized5 is either unconnected or has no load
WARNING: [Synth 8-7129] Port sclr in module c_shift_ram_v12_0_14_legacy__parameterized5 is either unconnected or has no load
WARNING: [Synth 8-7129] Port sset in module c_shift_ram_v12_0_14_legacy__parameterized5 is either unconnected or has no load
WARNING: [Synth 8-7129] Port sinit in module c_shift_ram_v12_0_14_legacy__parameterized5 is either unconnected or has no load
WARNING: [Synth 8-7129] Port D[15] in module shift_ram__parameterized81 is either unconnected or has no load
WARNING: [Synth 8-7129] Port D[14] in module shift_ram__parameterized81 is either unconnected or has no load
WARNING: [Synth 8-7129] Port D[13] in module shift_ram__parameterized81 is either unconnected or has no load
WARNING: [Synth 8-7129] Port D[12] in module shift_ram__parameterized81 is either unconnected or has no load
WARNING: [Synth 8-7129] Port D[11] in module shift_ram__parameterized81 is either unconnected or has no load
WARNING: [Synth 8-7129] Port D[10] in module shift_ram__parameterized81 is either unconnected or has no load
WARNING: [Synth 8-7129] Port D[9] in module shift_ram__parameterized81 is either unconnected or has no load
WARNING: [Synth 8-7129] Port D[8] in module shift_ram__parameterized81 is either unconnected or has no load
WARNING: [Synth 8-7129] Port D[7] in module shift_ram__parameterized81 is either unconnected or has no load
WARNING: [Synth 8-7129] Port D[6] in module shift_ram__parameterized81 is either unconnected or has no load
WARNING: [Synth 8-7129] Port D[5] in module shift_ram__parameterized81 is either unconnected or has no load
WARNING: [Synth 8-7129] Port D[4] in module shift_ram__parameterized81 is either unconnected or has no load
WARNING: [Synth 8-7129] Port D[3] in module shift_ram__parameterized81 is either unconnected or has no load
WARNING: [Synth 8-7129] Port D[2] in module shift_ram__parameterized81 is either unconnected or has no load
WARNING: [Synth 8-7129] Port D[1] in module shift_ram__parameterized81 is either unconnected or has no load
WARNING: [Synth 8-7129] Port D[0] in module shift_ram__parameterized81 is either unconnected or has no load
WARNING: [Synth 8-7129] Port DEPTHx2 in module shift_ram__parameterized81 is either unconnected or has no load
WARNING: [Synth 8-7129] Port a[3] in module c_shift_ram_v12_0_14_legacy__parameterized34 is either unconnected or has no load
WARNING: [Synth 8-7129] Port a[2] in module c_shift_ram_v12_0_14_legacy__parameterized34 is either unconnected or has no load
WARNING: [Synth 8-7129] Port a[1] in module c_shift_ram_v12_0_14_legacy__parameterized34 is either unconnected or has no load
WARNING: [Synth 8-7129] Port a[0] in module c_shift_ram_v12_0_14_legacy__parameterized34 is either unconnected or has no load
WARNING: [Synth 8-7129] Port aclr in module c_shift_ram_v12_0_14_legacy__parameterized34 is either unconnected or has no load
WARNING: [Synth 8-7129] Port aset in module c_shift_ram_v12_0_14_legacy__parameterized34 is either unconnected or has no load
WARNING: [Synth 8-7129] Port ainit in module c_shift_ram_v12_0_14_legacy__parameterized34 is either unconnected or has no load
WARNING: [Synth 8-7129] Port sclr in module c_shift_ram_v12_0_14_legacy__parameterized34 is either unconnected or has no load
WARNING: [Synth 8-7129] Port sset in module c_shift_ram_v12_0_14_legacy__parameterized34 is either unconnected or has no load
WARNING: [Synth 8-7129] Port sinit in module c_shift_ram_v12_0_14_legacy__parameterized34 is either unconnected or has no load
WARNING: [Synth 8-7129] Port D[0] in module shift_ram__parameterized79 is either unconnected or has no load
WARNING: [Synth 8-7129] Port DEPTHx2 in module shift_ram__parameterized79 is either unconnected or has no load
WARNING: [Synth 8-7129] Port D1 in module shift_ram__parameterized78 is either unconnected or has no load
WARNING: [Synth 8-7129] Port DEPTHx2 in module shift_ram__parameterized78 is either unconnected or has no load
WARNING: [Synth 8-7129] Port depthx2 in module r22_memory__parameterized1 is either unconnected or has no load
WARNING: [Synth 8-7129] Port Q1 in module shift_ram__parameterized77 is either unconnected or has no load
WARNING: [Synth 8-7129] Port D1 in module shift_ram__parameterized77 is either unconnected or has no load
WARNING: [Synth 8-7129] Port COMBI_SCLR in module shift_ram__parameterized77 is either unconnected or has no load
WARNING: [Synth 8-7129] Port DEPTHx2 in module shift_ram__parameterized77 is either unconnected or has no load
WARNING: [Synth 8-7129] Port Q1 in module shift_ram__parameterized76 is either unconnected or has no load
WARNING: [Synth 8-7129] Port D1 in module shift_ram__parameterized76 is either unconnected or has no load
WARNING: [Synth 8-7129] Port COMBI_SCLR in module shift_ram__parameterized76 is either unconnected or has no load
WARNING: [Synth 8-7129] Port DEPTHx2 in module shift_ram__parameterized76 is either unconnected or has no load
WARNING: [Synth 8-7129] Port shift[4] in module so_run_addr_gen_left_shift is either unconnected or has no load
WARNING: [Synth 8-7129] Port shift[3] in module so_run_addr_gen_left_shift is either unconnected or has no load
WARNING: [Synth 8-7129] Port nfft[4] in module so_run_addr_gen_left_shift is either unconnected or has no load
WARNING: [Synth 8-7129] Port nfft[3] in module so_run_addr_gen_left_shift is either unconnected or has no load
WARNING: [Synth 8-7129] Port nfft[2] in module so_run_addr_gen_left_shift is either unconnected or has no load
WARNING: [Synth 8-7129] Port nfft[1] in module so_run_addr_gen_left_shift is either unconnected or has no load
WARNING: [Synth 8-7129] Port nfft[0] in module so_run_addr_gen_left_shift is either unconnected or has no load
WARNING: [Synth 8-7129] Port D[0] in module shift_ram__parameterized38 is either unconnected or has no load
WARNING: [Synth 8-7129] Port COMBI_SCLR in module shift_ram__parameterized38 is either unconnected or has no load
WARNING: [Synth 8-7129] Port DEPTHx2 in module shift_ram__parameterized38 is either unconnected or has no load
WARNING: [Synth 8-7129] Port D1 in module shift_ram__parameterized75 is either unconnected or has no load
WARNING: [Synth 8-7129] Port SCLR in module shift_ram__parameterized75 is either unconnected or has no load
WARNING: [Synth 8-7129] Port COMBI_SCLR in module shift_ram__parameterized75 is either unconnected or has no load
WARNING: [Synth 8-7129] Port DEPTHx2 in module shift_ram__parameterized75 is either unconnected or has no load
WARNING: [Synth 8-7129] Port Q1 in module shift_ram__parameterized0 is either unconnected or has no load
WARNING: [Synth 8-7129] Port D1 in module shift_ram__parameterized0 is either unconnected or has no load
WARNING: [Synth 8-7129] Port COMBI_SCLR in module shift_ram__parameterized0 is either unconnected or has no load
WARNING: [Synth 8-7129] Port DEPTHx2 in module shift_ram__parameterized0 is either unconnected or has no load
WARNING: [Synth 8-7129] Port D1 in module shift_ram__parameterized74 is either unconnected or has no load
WARNING: [Synth 8-7129] Port DEPTHx2 in module shift_ram__parameterized74 is either unconnected or has no load
WARNING: [Synth 8-7129] Port D[0] in module shift_ram__parameterized5 is either unconnected or has no load
WARNING: [Synth 8-7129] Port COMBI_SCLR in module shift_ram__parameterized5 is either unconnected or has no load
WARNING: [Synth 8-7129] Port DEPTHx2 in module shift_ram__parameterized5 is either unconnected or has no load
WARNING: [Synth 8-7129] Port MUXCY_IN in module equ_rtl is either unconnected or has no load
WARNING: [Synth 8-7129] Port AINIT in module c_reg_fd_v12_0_6_viv is either unconnected or has no load
WARNING: [Synth 8-7129] Port ACLR in module c_reg_fd_v12_0_6_viv is either unconnected or has no load
WARNING: [Synth 8-7129] Port ASET in module c_reg_fd_v12_0_6_viv is either unconnected or has no load
WARNING: [Synth 8-7129] Port SINIT in module c_reg_fd_v12_0_6_viv is either unconnected or has no load
WARNING: [Synth 8-7129] Port SSET in module c_reg_fd_v12_0_6_viv is either unconnected or has no load
WARNING: [Synth 8-7129] Port add in module c_addsub_v12_0_15_lut6_legacy__parameterized9 is either unconnected or has no load
WARNING: [Synth 8-7129] Port bypass in module c_addsub_v12_0_15_lut6_legacy__parameterized9 is either unconnected or has no load
INFO: [Common 17-14] Message 'Synth 8-7129' appears 100 times and further instances of the messages will be disabled. Use the Tcl command set_msg_config to change the current settings.
---------------------------------------------------------------------------------
Finished RTL Elaboration : Time (s): cpu = 00:01:18 ; elapsed = 00:01:39 . Memory (MB): peak = 2911.816 ; gain = 2016.566
---------------------------------------------------------------------------------
---------------------------------------------------------------------------------
Start Handling Custom Attributes
---------------------------------------------------------------------------------
---------------------------------------------------------------------------------
Finished Handling Custom Attributes : Time (s): cpu = 00:01:18 ; elapsed = 00:01:40 . Memory (MB): peak = 2911.816 ; gain = 2016.566
---------------------------------------------------------------------------------
---------------------------------------------------------------------------------
Finished RTL Optimization Phase 1 : Time (s): cpu = 00:01:18 ; elapsed = 00:01:40 . Memory (MB): peak = 2911.816 ; gain = 2016.566
---------------------------------------------------------------------------------
Netlist sorting complete. Time (s): cpu = 00:00:00 ; elapsed = 00:00:00.313 . Memory (MB): peak = 2911.816 ; gain = 0.000
INFO: [Netlist 29-17] Analyzing 3317 Unisim elements for replacement
INFO: [Netlist 29-28] Unisim Transformation completed in 0 CPU seconds
INFO: [Project 1-570] Preparing netlist for logic optimization

Processing XDC Constraints
Initializing timing engine
Parsing XDC File [c:/Users/gm/Vivado Projects/complete_det_new_comblock_psclock/complete_det_new_comblock_psclock.gen/sources_1/ip/xfft_1/xfft_1_ooc.xdc] for cell 'U0'
Finished Parsing XDC File [c:/Users/gm/Vivado Projects/complete_det_new_comblock_psclock/complete_det_new_comblock_psclock.gen/sources_1/ip/xfft_1/xfft_1_ooc.xdc] for cell 'U0'
Parsing XDC File [C:/Users/gm/Vivado Projects/complete_det_new_comblock_psclock/complete_det_new_comblock_psclock.runs/xfft_1_synth_1/dont_touch.xdc]
Finished Parsing XDC File [C:/Users/gm/Vivado Projects/complete_det_new_comblock_psclock/complete_det_new_comblock_psclock.runs/xfft_1_synth_1/dont_touch.xdc]
Completed Processing XDC Constraints

Netlist sorting complete. Time (s): cpu = 00:00:00 ; elapsed = 00:00:00.010 . Memory (MB): peak = 2911.816 ; gain = 0.000
INFO: [Project 1-111] Unisim Transformation Summary:
  A total of 805 instances were transformed.
  FD => FDRE: 3 instances
  FDE => FDRE: 773 instances
  FDR => FDRE: 29 instances

Constraint Validation Runtime : Time (s): cpu = 00:00:00 ; elapsed = 00:00:00.317 . Memory (MB): peak = 2911.816 ; gain = 0.000
INFO: [Designutils 20-5008] Incremental synthesis strategy off
---------------------------------------------------------------------------------
Finished Constraint Validation : Time (s): cpu = 00:01:27 ; elapsed = 00:01:50 . Memory (MB): peak = 2911.816 ; gain = 2016.566
---------------------------------------------------------------------------------
---------------------------------------------------------------------------------
Start Loading Part and Timing Information
---------------------------------------------------------------------------------
Loading part: xc7z020clg484-1
---------------------------------------------------------------------------------
Finished Loading Part and Timing Information : Time (s): cpu = 00:01:27 ; elapsed = 00:01:50 . Memory (MB): peak = 2911.816 ; gain = 2016.566
---------------------------------------------------------------------------------
---------------------------------------------------------------------------------
Start Applying 'set_property' XDC Constraints
---------------------------------------------------------------------------------
Applied set_property KEEP_HIERARCHY = SOFT for U0. (constraint file  {C:/Users/gm/Vivado Projects/complete_det_new_comblock_psclock/complete_det_new_comblock_psclock.runs/xfft_1_synth_1/dont_touch.xdc}, line 9).
---------------------------------------------------------------------------------
Finished applying 'set_property' XDC Constraints : Time (s): cpu = 00:01:27 ; elapsed = 00:01:50 . Memory (MB): peak = 2911.816 ; gain = 2016.566
---------------------------------------------------------------------------------
---------------------------------------------------------------------------------
Finished RTL Optimization Phase 2 : Time (s): cpu = 00:01:31 ; elapsed = 00:01:54 . Memory (MB): peak = 2911.816 ; gain = 2016.566
---------------------------------------------------------------------------------
INFO: [Synth 8-223] decloning instance 'U0/i_synth/xfft_inst/non_floating_point.arch_d.xfft_inst/FLOW/reset_sustain.resets_4_pes[3].delay_reset_pe/tc_compare' (logic_gate) to 'U0/i_synth/xfft_inst/non_floating_point.arch_d.xfft_inst/FLOW/reset_sustain.resets_4_pes[3].delay_reset_pe/tc_compare1'
INFO: [Synth 8-223] decloning instance 'U0/i_synth/xfft_inst/non_floating_point.arch_d.xfft_inst/FLOW/reset_sustain.resets_4_pes[2].delay_reset_pe/tc_compare' (logic_gate__parameterized0) to 'U0/i_synth/xfft_inst/non_floating_point.arch_d.xfft_inst/FLOW/reset_sustain.resets_4_pes[2].delay_reset_pe/tc_compare1'
INFO: [Synth 8-223] decloning instance 'U0/i_synth/xfft_inst/non_floating_point.arch_d.xfft_inst/FLOW/reset_sustain.resets_4_pes[1].delay_reset_pe/tc_compare' (logic_gate__parameterized1) to 'U0/i_synth/xfft_inst/non_floating_point.arch_d.xfft_inst/FLOW/reset_sustain.resets_4_pes[1].delay_reset_pe/tc_compare1'
INFO: [Synth 8-223] decloning instance 'U0/i_synth/xfft_inst/non_floating_point.arch_d.xfft_inst/FLOW/reset_sustain.resets_4_pes[0].delay_reset_pe/tc_compare' (logic_gate__parameterized2) to 'U0/i_synth/xfft_inst/non_floating_point.arch_d.xfft_inst/FLOW/reset_sustain.resets_4_pes[0].delay_reset_pe/tc_compare1'
INFO: [Synth 8-223] decloning instance 'U0/i_synth/xfft_inst/non_floating_point.arch_d.xfft_inst/FLOW/reset_sustain.delay_reset_3/tc_compare' (logic_gate__parameterized3) to 'U0/i_synth/xfft_inst/non_floating_point.arch_d.xfft_inst/FLOW/reset_sustain.delay_reset_3/tc_compare1'
INFO: [Synth 8-223] decloning instance 'U0/i_synth/xfft_inst/non_floating_point.arch_d.xfft_inst/FLOW/reset_sustain.delay_reset_7/tc_compare' (logic_gate__parameterized4) to 'U0/i_synth/xfft_inst/non_floating_point.arch_d.xfft_inst/FLOW/reset_sustain.delay_reset_7/tc_compare1'
INFO: [Synth 8-223] decloning instance 'U0/i_synth/xfft_inst/non_floating_point.arch_d.xfft_inst/pe_gen[0].natural_order_input.PE/FB_1.BF_1/yes_nfft.bypass_reg' (shift_ram__parameterized12) to 'U0/i_synth/xfft_inst/non_floating_point.arch_d.xfft_inst/pe_gen[0].natural_order_input.PE/FB_1.BF_1/yes_nfft.bypass_1_reg'
INFO: [Synth 8-223] decloning instance 'U0/i_synth/xfft_inst/non_floating_point.arch_d.xfft_inst/pe_gen[0].natural_order_input.PE/FB_1.BF_1/yes_nfft.bypass_reg' (shift_ram__parameterized12) to 'U0/i_synth/xfft_inst/non_floating_point.arch_d.xfft_inst/pe_gen[0].natural_order_input.PE/FB_1.BF_1/yes_nfft.bypass_2_reg'
INFO: [Synth 8-223] decloning instance 'U0/i_synth/xfft_inst/non_floating_point.arch_d.xfft_inst/pe_gen[0].natural_order_input.PE/FB_1.BF_1/yes_nfft.bypass_reg' (shift_ram__parameterized12) to 'U0/i_synth/xfft_inst/non_floating_point.arch_d.xfft_inst/pe_gen[0].natural_order_input.PE/FB_1.BF_1/yes_nfft.bypass_3_reg'
INFO: [Synth 8-223] decloning instance 'U0/i_synth/xfft_inst/non_floating_point.arch_d.xfft_inst/pe_gen[0].natural_order_input.PE/hasbf2.FB_2.BF_2/yes_nfft.bypass_reg' (shift_ram__parameterized12) to 'U0/i_synth/xfft_inst/non_floating_point.arch_d.xfft_inst/pe_gen[0].natural_order_input.PE/hasbf2.FB_2.BF_2/yes_nfft.bypass_1_reg'
INFO: [Synth 8-223] decloning instance 'U0/i_synth/xfft_inst/non_floating_point.arch_d.xfft_inst/pe_gen[0].natural_order_input.PE/hasbf2.FB_2.BF_2/yes_nfft.bypass_reg' (shift_ram__parameterized12) to 'U0/i_synth/xfft_inst/non_floating_point.arch_d.xfft_inst/pe_gen[0].natural_order_input.PE/hasbf2.FB_2.BF_2/yes_nfft.bypass_2_reg'
INFO: [Synth 8-223] decloning instance 'U0/i_synth/xfft_inst/non_floating_point.arch_d.xfft_inst/pe_gen[0].natural_order_input.PE/hasbf2.FB_2.BF_2/yes_nfft.bypass_reg' (shift_ram__parameterized12) to 'U0/i_synth/xfft_inst/non_floating_point.arch_d.xfft_inst/pe_gen[0].natural_order_input.PE/hasbf2.FB_2.BF_2/yes_nfft.bypass_3_reg'
INFO: [Synth 8-223] decloning instance 'U0/i_synth/xfft_inst/non_floating_point.arch_d.xfft_inst/pe_gen[3].natural_order_input.PE/SR2' (shift_ram__parameterized69) to 'U0/i_synth/xfft_inst/non_floating_point.arch_d.xfft_inst/pe_gen[3].natural_order_input.PE/SR3'
---------------------------------------------------------------------------------
Start RTL Component Statistics 
---------------------------------------------------------------------------------
---------------------------------------------------------------------------------
Finished RTL Component Statistics 
---------------------------------------------------------------------------------
---------------------------------------------------------------------------------
Start Part Resource Summary
---------------------------------------------------------------------------------
Part Resources:
DSPs: 220 (col length:60)
BRAMs: 280 (col length: RAMB18 60 RAMB36 30)
---------------------------------------------------------------------------------
Finished Part Resource Summary
---------------------------------------------------------------------------------
---------------------------------------------------------------------------------
Start Cross Boundary and Area Optimization
---------------------------------------------------------------------------------
WARNING: [Synth 8-7080] Parallel synthesis criteria is not met
INFO: [Synth 8-3332] Sequential element (xfft_inst/non_floating_point.arch_d.xfft_inst/FLOW/reset_sustain.resets_4_pes[3].delay_reset_pe/tc_reg1) is unused and will be removed from module xfft_v9_1_9_viv.
INFO: [Synth 8-3332] Sequential element (xfft_inst/non_floating_point.arch_d.xfft_inst/FLOW/reset_sustain.resets_4_pes[2].delay_reset_pe/tc_reg1) is unused and will be removed from module xfft_v9_1_9_viv.
INFO: [Synth 8-3332] Sequential element (xfft_inst/non_floating_point.arch_d.xfft_inst/FLOW/reset_sustain.resets_4_pes[1].delay_reset_pe/tc_reg1) is unused and will be removed from module xfft_v9_1_9_viv.
INFO: [Synth 8-3332] Sequential element (xfft_inst/non_floating_point.arch_d.xfft_inst/FLOW/reset_sustain.resets_4_pes[0].delay_reset_pe/tc_reg1) is unused and will be removed from module xfft_v9_1_9_viv.
INFO: [Synth 8-3332] Sequential element (xfft_inst/non_floating_point.arch_d.xfft_inst/FLOW/reset_sustain.delay_reset_7/tc_reg1) is unused and will be removed from module xfft_v9_1_9_viv.
INFO: [Synth 8-3332] Sequential element (xfft_inst/non_floating_point.arch_d.xfft_inst/FLOW/has_nfft.counter_limit_reg[15].max_n_int_minus_one_ff) is unused and will be removed from module xfft_v9_1_9_viv.
INFO: [Synth 8-3332] Sequential element (xfft_inst/non_floating_point.arch_d.xfft_inst/FLOW/has_nfft.counter_limit_reg[14].max_n_int_minus_one_ff) is unused and will be removed from module xfft_v9_1_9_viv.
INFO: [Synth 8-3332] Sequential element (xfft_inst/non_floating_point.arch_d.xfft_inst/FLOW/has_nfft.counter_limit_reg[13].max_n_int_minus_one_ff) is unused and will be removed from module xfft_v9_1_9_viv.
INFO: [Synth 8-3332] Sequential element (xfft_inst/non_floating_point.arch_d.xfft_inst/FLOW/has_nfft.counter_limit_reg[12].max_n_int_minus_one_ff) is unused and will be removed from module xfft_v9_1_9_viv.
INFO: [Synth 8-3332] Sequential element (xfft_inst/non_floating_point.arch_d.xfft_inst/FLOW/has_nfft.counter_limit_reg[11].max_n_int_minus_one_ff) is unused and will be removed from module xfft_v9_1_9_viv.
INFO: [Synth 8-3332] Sequential element (xfft_inst/non_floating_point.arch_d.xfft_inst/FLOW/has_nfft.counter_limit_reg[10].max_n_int_minus_one_ff) is unused and will be removed from module xfft_v9_1_9_viv.
INFO: [Synth 8-3332] Sequential element (xfft_inst/non_floating_point.arch_d.xfft_inst/FLOW/has_nfft.counter_limit_reg[9].max_n_int_minus_one_ff) is unused and will be removed from module xfft_v9_1_9_viv.
INFO: [Synth 8-3332] Sequential element (xfft_inst/non_floating_point.arch_d.xfft_inst/FLOW/has_nfft.counter_limit_reg[8].max_n_int_minus_one_ff) is unused and will be removed from module xfft_v9_1_9_viv.
INFO: [Synth 8-3332] Sequential element (xfft_inst/non_floating_point.arch_d.xfft_inst/FLOW/has_nfft.counter_limit_reg[7].max_n_int_minus_one_ff) is unused and will be removed from module xfft_v9_1_9_viv.
INFO: [Synth 8-3332] Sequential element (xfft_inst/non_floating_point.arch_d.xfft_inst/FLOW/has_nfft.counter_limit_reg[0].max_n_int_minus_one_ff) is unused and will be removed from module xfft_v9_1_9_viv.
INFO: [Synth 8-3332] Sequential element (xfft_inst/non_floating_point.arch_d.xfft_inst/FLOW/has_nfft.counter_limit_early_reg[15].max_n_int_minus_one_ff) is unused and will be removed from module xfft_v9_1_9_viv.
INFO: [Synth 8-3332] Sequential element (xfft_inst/non_floating_point.arch_d.xfft_inst/FLOW/has_nfft.counter_limit_early_reg[14].max_n_int_minus_one_ff) is unused and will be removed from module xfft_v9_1_9_viv.
INFO: [Synth 8-3332] Sequential element (xfft_inst/non_floating_point.arch_d.xfft_inst/FLOW/has_nfft.counter_limit_early_reg[13].max_n_int_minus_one_ff) is unused and will be removed from module xfft_v9_1_9_viv.
INFO: [Synth 8-3332] Sequential element (xfft_inst/non_floating_point.arch_d.xfft_inst/FLOW/has_nfft.counter_limit_early_reg[12].max_n_int_minus_one_ff) is unused and will be removed from module xfft_v9_1_9_viv.
INFO: [Synth 8-3332] Sequential element (xfft_inst/non_floating_point.arch_d.xfft_inst/FLOW/has_nfft.counter_limit_early_reg[11].max_n_int_minus_one_ff) is unused and will be removed from module xfft_v9_1_9_viv.
INFO: [Synth 8-3332] Sequential element (xfft_inst/non_floating_point.arch_d.xfft_inst/FLOW/has_nfft.counter_limit_early_reg[10].max_n_int_minus_one_ff) is unused and will be removed from module xfft_v9_1_9_viv.
INFO: [Synth 8-3332] Sequential element (xfft_inst/non_floating_point.arch_d.xfft_inst/FLOW/has_nfft.counter_limit_early_reg[9].max_n_int_minus_one_ff) is unused and will be removed from module xfft_v9_1_9_viv.
INFO: [Synth 8-3332] Sequential element (xfft_inst/non_floating_point.arch_d.xfft_inst/FLOW/has_nfft.counter_limit_early_reg[8].max_n_int_minus_one_ff) is unused and will be removed from module xfft_v9_1_9_viv.
INFO: [Synth 8-3332] Sequential element (xfft_inst/non_floating_point.arch_d.xfft_inst/FLOW/has_nfft.counter_limit_early_reg[7].max_n_int_minus_one_ff) is unused and will be removed from module xfft_v9_1_9_viv.
INFO: [Synth 8-3332] Sequential element (xfft_inst/non_floating_point.arch_d.xfft_inst/FLOW/has_nfft.counter_limit_early_reg[1].max_n_int_minus_one_ff) is unused and will be removed from module xfft_v9_1_9_viv.
INFO: [Synth 8-3332] Sequential element (xfft_inst/non_floating_point.arch_d.xfft_inst/pe0_bf1_addr_gen/no_sclr_lut.real_shift_ram.use_baseblock.use_hlutnm_srls.srl_loop[0].i_fdre0) is unused and will be removed from module xfft_v9_1_9_viv.
INFO: [Synth 8-3332] Sequential element (xfft_inst/non_floating_point.arch_d.xfft_inst/pe_gen[0].natural_order_input.PE/has_scale_pipelining.pe_ovflo_delay/no_sclr_lut.real_shift_ram.use_baseblock.use_hlutnm_srls.runt_srl_loop.i_fdre) is unused and will be removed from module xfft_v9_1_9_viv.
INFO: [Synth 8-3332] Sequential element (xfft_inst/non_floating_point.arch_d.xfft_inst/pe_gen[0].natural_order_input.PE/delay_addr_bf2/no_sclr_lut.real_shift_ram.use_baseblock.use_hlutnm_srls.srl_loop[0].i_fdre0) is unused and will be removed from module xfft_v9_1_9_viv.
INFO: [Synth 8-3332] Sequential element (xfft_inst/non_floating_point.arch_d.xfft_inst/pe_gen[0].natural_order_input.PE/delay_addr_bf2/no_sclr_lut.real_shift_ram.use_baseblock.use_hlutnm_srls.srl_loop[0].i_fdre1) is unused and will be removed from module xfft_v9_1_9_viv.
INFO: [Synth 8-3332] Sequential element (xfft_inst/non_floating_point.arch_d.xfft_inst/pe_gen[0].natural_order_input.PE/delay_addr_bf2/no_sclr_lut.real_shift_ram.use_baseblock.use_hlutnm_srls.srl_loop[1].i_fdre0) is unused and will be removed from module xfft_v9_1_9_viv.
INFO: [Synth 8-3332] Sequential element (xfft_inst/non_floating_point.arch_d.xfft_inst/pe_gen[0].natural_order_input.PE/delay_addr_bf2/no_sclr_lut.real_shift_ram.use_baseblock.use_hlutnm_srls.srl_loop[1].i_fdre1) is unused and will be removed from module xfft_v9_1_9_viv.
INFO: [Synth 8-3332] Sequential element (xfft_inst/non_floating_point.arch_d.xfft_inst/pe_gen[0].natural_order_input.PE/delay_addr_tw/no_sclr_lut.real_shift_ram.use_baseblock.use_hlutnm_srls.srl_loop[0].i_fdre0) is unused and will be removed from module xfft_v9_1_9_viv.
INFO: [Synth 8-3332] Sequential element (xfft_inst/non_floating_point.arch_d.xfft_inst/pe_gen[0].natural_order_input.PE/delay_addr_tw/no_sclr_lut.real_shift_ram.use_baseblock.use_hlutnm_srls.srl_loop[0].i_fdre1) is unused and will be removed from module xfft_v9_1_9_viv.
INFO: [Synth 8-3332] Sequential element (xfft_inst/non_floating_point.arch_d.xfft_inst/pe_gen[0].natural_order_input.PE/delay_addr_tw/no_sclr_lut.real_shift_ram.use_baseblock.use_hlutnm_srls.srl_loop[1].i_fdre0) is unused and will be removed from module xfft_v9_1_9_viv.
INFO: [Synth 8-3332] Sequential element (xfft_inst/non_floating_point.arch_d.xfft_inst/pe_gen[0].natural_order_input.PE/delay_addr_tw/no_sclr_lut.real_shift_ram.use_baseblock.use_hlutnm_srls.srl_loop[1].i_fdre1) is unused and will be removed from module xfft_v9_1_9_viv.
INFO: [Synth 8-3332] Sequential element (xfft_inst/non_floating_point.arch_d.xfft_inst/pe_gen[0].natural_order_input.PE/delay_addr_tw/no_sclr_lut.real_shift_ram.use_baseblock.use_hlutnm_srls.srl_loop[2].i_fdre0) is unused and will be removed from module xfft_v9_1_9_viv.
INFO: [Synth 8-3332] Sequential element (xfft_inst/non_floating_point.arch_d.xfft_inst/pe_gen[0].natural_order_input.PE/delay_addr_tw/no_sclr_lut.real_shift_ram.use_baseblock.use_hlutnm_srls.srl_loop[2].i_fdre1) is unused and will be removed from module xfft_v9_1_9_viv.
INFO: [Synth 8-3332] Sequential element (xfft_inst/non_floating_point.arch_d.xfft_inst/pe_gen[0].natural_order_input.PE/delay_addr_tw/no_sclr_lut.real_shift_ram.use_baseblock.use_hlutnm_srls.runt_srl_loop.i_fdre) is unused and will be removed from module xfft_v9_1_9_viv.
INFO: [Synth 8-3332] Sequential element (xfft_inst/non_floating_point.arch_d.xfft_inst/pe_gen[0].natural_order_input.PE/FB_1.BF_1/wr_addr_del/no_sclr_lut.real_shift_ram.use_baseblock.use_hlutnm_srls.srl_loop[0].i_fdre0) is unused and will be removed from module xfft_v9_1_9_viv.
INFO: [Synth 8-3332] Sequential element (xfft_inst/non_floating_point.arch_d.xfft_inst/pe_gen[0].natural_order_input.PE/FB_1.BF_1/wr_addr_del/no_sclr_lut.real_shift_ram.use_baseblock.use_hlutnm_srls.srl_loop[0].i_fdre1) is unused and will be removed from module xfft_v9_1_9_viv.
INFO: [Synth 8-3332] Sequential element (xfft_inst/non_floating_point.arch_d.xfft_inst/pe_gen[0].natural_order_input.PE/FB_1.BF_1/wr_addr_del/no_sclr_lut.real_shift_ram.use_baseblock.use_hlutnm_srls.srl_loop[1].i_fdre0) is unused and will be removed from module xfft_v9_1_9_viv.
INFO: [Synth 8-3332] Sequential element (xfft_inst/non_floating_point.arch_d.xfft_inst/pe_gen[0].natural_order_input.PE/FB_1.BF_1/wr_addr_del/no_sclr_lut.real_shift_ram.use_baseblock.use_hlutnm_srls.srl_loop[1].i_fdre1) is unused and will be removed from module xfft_v9_1_9_viv.
INFO: [Synth 8-3332] Sequential element (xfft_inst/non_floating_point.arch_d.xfft_inst/pe_gen[0].natural_order_input.PE/FB_1.BF_1/wr_addr_del/no_sclr_lut.real_shift_ram.use_baseblock.use_hlutnm_srls.srl_loop[2].i_fdre0) is unused and will be removed from module xfft_v9_1_9_viv.
INFO: [Synth 8-3332] Sequential element (xfft_inst/non_floating_point.arch_d.xfft_inst/pe_gen[0].natural_order_input.PE/FB_1.BF_1/wr_addr_del/no_sclr_lut.real_shift_ram.use_baseblock.use_hlutnm_srls.srl_loop[2].i_fdre1) is unused and will be removed from module xfft_v9_1_9_viv.
INFO: [Synth 8-3332] Sequential element (xfft_inst/non_floating_point.arch_d.xfft_inst/pe_gen[0].natural_order_input.PE/hasbf2.FB_2.BF_2/wr_addr_del/no_sclr_lut.real_shift_ram.use_baseblock.use_hlutnm_srls.srl_loop[0].i_fdre0) is unused and will be removed from module xfft_v9_1_9_viv.
INFO: [Synth 8-3332] Sequential element (xfft_inst/non_floating_point.arch_d.xfft_inst/pe_gen[0].natural_order_input.PE/hasbf2.FB_2.BF_2/wr_addr_del/no_sclr_lut.real_shift_ram.use_baseblock.use_hlutnm_srls.srl_loop[0].i_fdre1) is unused and will be removed from module xfft_v9_1_9_viv.
INFO: [Synth 8-3332] Sequential element (xfft_inst/non_floating_point.arch_d.xfft_inst/pe_gen[0].natural_order_input.PE/hasbf2.FB_2.BF_2/wr_addr_del/no_sclr_lut.real_shift_ram.use_baseblock.use_hlutnm_srls.srl_loop[1].i_fdre0) is unused and will be removed from module xfft_v9_1_9_viv.
INFO: [Synth 8-3332] Sequential element (xfft_inst/non_floating_point.arch_d.xfft_inst/pe_gen[0].natural_order_input.PE/hasbf2.FB_2.BF_2/wr_addr_del/no_sclr_lut.real_shift_ram.use_baseblock.use_hlutnm_srls.srl_loop[1].i_fdre1) is unused and will be removed from module xfft_v9_1_9_viv.
INFO: [Synth 8-3332] Sequential element (xfft_inst/non_floating_point.arch_d.xfft_inst/pe_gen[0].natural_order_input.PE/hasbf2.FB_2.BF_2/wr_addr_del/no_sclr_lut.real_shift_ram.use_baseblock.use_hlutnm_srls.runt_srl_loop.i_fdre) is unused and will be removed from module xfft_v9_1_9_viv.
INFO: [Synth 8-3332] Sequential element (xfft_inst/non_floating_point.arch_d.xfft_inst/pe_gen[0].natural_order_input.PE/scaling2bits.scaler_re/scale_mux/four_inputs.use_lut6.no_lut_sclr.four_to_one_mux[42].latency1.reg) is unused and will be removed from module xfft_v9_1_9_viv.
INFO: [Synth 8-3332] Sequential element (xfft_inst/non_floating_point.arch_d.xfft_inst/pe_gen[0].natural_order_input.PE/scaling2bits.scaler_re/scale_mux/four_inputs.use_lut6.no_lut_sclr.four_to_one_mux[41].latency1.reg) is unused and will be removed from module xfft_v9_1_9_viv.
INFO: [Synth 8-3332] Sequential element (xfft_inst/non_floating_point.arch_d.xfft_inst/pe_gen[0].natural_order_input.PE/scaling2bits.scaler_re/scale_mux/four_inputs.use_lut6.no_lut_sclr.four_to_one_mux[40].latency1.reg) is unused and will be removed from module xfft_v9_1_9_viv.
INFO: [Synth 8-3332] Sequential element (xfft_inst/non_floating_point.arch_d.xfft_inst/pe_gen[0].natural_order_input.PE/scaling2bits.scaler_im/scale_mux/four_inputs.use_lut6.no_lut_sclr.four_to_one_mux[42].latency1.reg) is unused and will be removed from module xfft_v9_1_9_viv.
INFO: [Synth 8-3332] Sequential element (xfft_inst/non_floating_point.arch_d.xfft_inst/pe_gen[0].natural_order_input.PE/scaling2bits.scaler_im/scale_mux/four_inputs.use_lut6.no_lut_sclr.four_to_one_mux[41].latency1.reg) is unused and will be removed from module xfft_v9_1_9_viv.
INFO: [Synth 8-3332] Sequential element (xfft_inst/non_floating_point.arch_d.xfft_inst/pe_gen[0].natural_order_input.PE/scaling2bits.scaler_im/scale_mux/four_inputs.use_lut6.no_lut_sclr.four_to_one_mux[40].latency1.reg) is unused and will be removed from module xfft_v9_1_9_viv.
INFO: [Synth 8-3332] Sequential element (xfft_inst/non_floating_point.arch_d.xfft_inst/pe_gen[0].natural_order_input.PE/rounding.ROUND_0/reg_gate.delay_d_2/no_sclr_lut.real_shift_ram.use_baseblock.use_hlutnm_srls.srl_loop[0].i_fdre0) is unused and will be removed from module xfft_v9_1_9_viv.
INFO: [Synth 8-3332] Sequential element (xfft_inst/non_floating_point.arch_d.xfft_inst/pe_gen[0].natural_order_input.PE/rounding.ROUND_1/reg_gate.delay_d_2/no_sclr_lut.real_shift_ram.use_baseblock.use_hlutnm_srls.srl_loop[0].i_fdre0) is unused and will be removed from module xfft_v9_1_9_viv.
INFO: [Synth 8-3332] Sequential element (xfft_inst/non_floating_point.arch_d.xfft_inst/pe_gen[0].natural_order_input.PE/has_scale_pipelining.has_tw_scale_reg.tw_scale_reg_gen[7].tw_scale_reg) is unused and will be removed from module xfft_v9_1_9_viv.
INFO: [Synth 8-3332] Sequential element (xfft_inst/non_floating_point.arch_d.xfft_inst/pe_gen[1].natural_order_input.PE/scaling2bits.scaler_re/scale_mux/four_inputs.use_lut6.no_lut_sclr.four_to_one_mux[42].latency1.reg) is unused and will be removed from module xfft_v9_1_9_viv.
INFO: [Synth 8-3332] Sequential element (xfft_inst/non_floating_point.arch_d.xfft_inst/pe_gen[1].natural_order_input.PE/scaling2bits.scaler_re/scale_mux/four_inputs.use_lut6.no_lut_sclr.four_to_one_mux[41].latency1.reg) is unused and will be removed from module xfft_v9_1_9_viv.
INFO: [Synth 8-3332] Sequential element (xfft_inst/non_floating_point.arch_d.xfft_inst/pe_gen[1].natural_order_input.PE/scaling2bits.scaler_re/scale_mux/four_inputs.use_lut6.no_lut_sclr.four_to_one_mux[40].latency1.reg) is unused and will be removed from module xfft_v9_1_9_viv.
INFO: [Synth 8-3332] Sequential element (xfft_inst/non_floating_point.arch_d.xfft_inst/pe_gen[1].natural_order_input.PE/scaling2bits.scaler_im/scale_mux/four_inputs.use_lut6.no_lut_sclr.four_to_one_mux[42].latency1.reg) is unused and will be removed from module xfft_v9_1_9_viv.
INFO: [Synth 8-3332] Sequential element (xfft_inst/non_floating_point.arch_d.xfft_inst/pe_gen[1].natural_order_input.PE/scaling2bits.scaler_im/scale_mux/four_inputs.use_lut6.no_lut_sclr.four_to_one_mux[41].latency1.reg) is unused and will be removed from module xfft_v9_1_9_viv.
INFO: [Synth 8-3332] Sequential element (xfft_inst/non_floating_point.arch_d.xfft_inst/pe_gen[1].natural_order_input.PE/scaling2bits.scaler_im/scale_mux/four_inputs.use_lut6.no_lut_sclr.four_to_one_mux[40].latency1.reg) is unused and will be removed from module xfft_v9_1_9_viv.
INFO: [Synth 8-3332] Sequential element (xfft_inst/non_floating_point.arch_d.xfft_inst/pe_gen[1].natural_order_input.PE/rounding.ROUND_0/reg_gate.delay_d_2/no_sclr_lut.real_shift_ram.use_baseblock.use_hlutnm_srls.srl_loop[0].i_fdre0) is unused and will be removed from module xfft_v9_1_9_viv.
INFO: [Synth 8-3332] Sequential element (xfft_inst/non_floating_point.arch_d.xfft_inst/pe_gen[1].natural_order_input.PE/rounding.ROUND_1/reg_gate.delay_d_2/no_sclr_lut.real_shift_ram.use_baseblock.use_hlutnm_srls.srl_loop[0].i_fdre0) is unused and will be removed from module xfft_v9_1_9_viv.
INFO: [Synth 8-3332] Sequential element (xfft_inst/non_floating_point.arch_d.xfft_inst/pe_gen[1].natural_order_input.PE/addr_select.bf1_addr_mux_gen[2].reg) is unused and will be removed from module xfft_v9_1_9_viv.
INFO: [Synth 8-3332] Sequential element (xfft_inst/non_floating_point.arch_d.xfft_inst/pe_gen[1].natural_order_input.PE/addr_select.bf1_addr_mux_gen[1].reg) is unused and will be removed from module xfft_v9_1_9_viv.
INFO: [Synth 8-3332] Sequential element (xfft_inst/non_floating_point.arch_d.xfft_inst/pe_gen[1].natural_order_input.PE/addr_select.bf1_addr_mux_gen[0].reg) is unused and will be removed from module xfft_v9_1_9_viv.
INFO: [Synth 8-3332] Sequential element (xfft_inst/non_floating_point.arch_d.xfft_inst/pe_gen[1].natural_order_input.PE/has_scale_pipelining.scale_select.scale_mux_gen[5].reg) is unused and will be removed from module xfft_v9_1_9_viv.
INFO: [Synth 8-3332] Sequential element (xfft_inst/non_floating_point.arch_d.xfft_inst/pe_gen[1].natural_order_input.PE/has_scale_pipelining.has_tw_scale_reg.tw_scale_reg_gen[5].tw_scale_reg) is unused and will be removed from module xfft_v9_1_9_viv.
INFO: [Synth 8-3332] Sequential element (xfft_inst/non_floating_point.arch_d.xfft_inst/pe_gen[2].natural_order_input.PE/delay_addr_tw/no_sclr_lut.real_shift_ram.use_baseblock.use_hlutnm_srls.srl_loop[0].i_fdre0) is unused and will be removed from module xfft_v9_1_9_viv.
INFO: [Synth 8-3332] Sequential element (xfft_inst/non_floating_point.arch_d.xfft_inst/pe_gen[2].natural_order_input.PE/delay_addr_tw/no_sclr_lut.real_shift_ram.use_baseblock.use_hlutnm_srls.srl_loop[0].i_fdre1) is unused and will be removed from module xfft_v9_1_9_viv.
INFO: [Synth 8-3332] Sequential element (xfft_inst/non_floating_point.arch_d.xfft_inst/pe_gen[2].natural_order_input.PE/delay_addr_tw/no_sclr_lut.real_shift_ram.use_baseblock.use_hlutnm_srls.runt_srl_loop.i_fdre) is unused and will be removed from module xfft_v9_1_9_viv.
INFO: [Synth 8-3332] Sequential element (xfft_inst/non_floating_point.arch_d.xfft_inst/pe_gen[2].natural_order_input.PE/scaling2bits.scaler_re/scale_mux/four_inputs.use_lut6.no_lut_sclr.four_to_one_mux[42].latency1.reg) is unused and will be removed from module xfft_v9_1_9_viv.
INFO: [Synth 8-3332] Sequential element (xfft_inst/non_floating_point.arch_d.xfft_inst/pe_gen[2].natural_order_input.PE/scaling2bits.scaler_re/scale_mux/four_inputs.use_lut6.no_lut_sclr.four_to_one_mux[41].latency1.reg) is unused and will be removed from module xfft_v9_1_9_viv.
INFO: [Synth 8-3332] Sequential element (xfft_inst/non_floating_point.arch_d.xfft_inst/pe_gen[2].natural_order_input.PE/scaling2bits.scaler_re/scale_mux/four_inputs.use_lut6.no_lut_sclr.four_to_one_mux[40].latency1.reg) is unused and will be removed from module xfft_v9_1_9_viv.
INFO: [Synth 8-3332] Sequential element (xfft_inst/non_floating_point.arch_d.xfft_inst/pe_gen[2].natural_order_input.PE/scaling2bits.scaler_im/scale_mux/four_inputs.use_lut6.no_lut_sclr.four_to_one_mux[42].latency1.reg) is unused and will be removed from module xfft_v9_1_9_viv.
INFO: [Synth 8-3332] Sequential element (xfft_inst/non_floating_point.arch_d.xfft_inst/pe_gen[2].natural_order_input.PE/scaling2bits.scaler_im/scale_mux/four_inputs.use_lut6.no_lut_sclr.four_to_one_mux[41].latency1.reg) is unused and will be removed from module xfft_v9_1_9_viv.
INFO: [Synth 8-3332] Sequential element (xfft_inst/non_floating_point.arch_d.xfft_inst/pe_gen[2].natural_order_input.PE/scaling2bits.scaler_im/scale_mux/four_inputs.use_lut6.no_lut_sclr.four_to_one_mux[40].latency1.reg) is unused and will be removed from module xfft_v9_1_9_viv.
INFO: [Synth 8-3332] Sequential element (xfft_inst/non_floating_point.arch_d.xfft_inst/pe_gen[2].natural_order_input.PE/rounding.ROUND_0/reg_gate.delay_d_2/no_sclr_lut.real_shift_ram.use_baseblock.use_hlutnm_srls.srl_loop[0].i_fdre0) is unused and will be removed from module xfft_v9_1_9_viv.
INFO: [Synth 8-3332] Sequential element (xfft_inst/non_floating_point.arch_d.xfft_inst/pe_gen[2].natural_order_input.PE/rounding.ROUND_1/reg_gate.delay_d_2/no_sclr_lut.real_shift_ram.use_baseblock.use_hlutnm_srls.srl_loop[0].i_fdre0) is unused and will be removed from module xfft_v9_1_9_viv.
INFO: [Synth 8-3332] Sequential element (xfft_inst/non_floating_point.arch_d.xfft_inst/pe_gen[2].natural_order_input.PE/addr_select.bf1_addr_mux_gen[0].reg) is unused and will be removed from module xfft_v9_1_9_viv.
INFO: [Synth 8-3332] Sequential element (xfft_inst/non_floating_point.arch_d.xfft_inst/pe_gen[2].natural_order_input.PE/has_scale_pipelining.scale_select.scale_mux_gen[3].reg) is unused and will be removed from module xfft_v9_1_9_viv.
INFO: [Synth 8-3332] Sequential element (xfft_inst/non_floating_point.arch_d.xfft_inst/pe_gen[2].natural_order_input.PE/has_scale_pipelining.has_tw_scale_reg.tw_scale_reg_gen[3].tw_scale_reg) is unused and will be removed from module xfft_v9_1_9_viv.
INFO: [Synth 8-3332] Sequential element (xfft_inst/non_floating_point.arch_d.xfft_inst/pe_gen[3].natural_order_input.PE/has_scale_pipelining.pe_scale_delay/no_sclr_lut.real_shift_ram.use_baseblock.use_hlutnm_srls.srl_loop[0].i_fdre1) is unused and will be removed from module xfft_v9_1_9_viv.
INFO: [Synth 8-3332] Sequential element (xfft_inst/non_floating_point.arch_d.xfft_inst/pe_gen[3].natural_order_input.PE/has_scale_pipelining.pe_ovflo_delay/no_sclr_lut.real_shift_ram.use_baseblock.use_hlutnm_srls.runt_srl_loop.i_fdre) is unused and will be removed from module xfft_v9_1_9_viv.
INFO: [Synth 8-3332] Sequential element (xfft_inst/non_floating_point.arch_d.xfft_inst/pe_gen[3].natural_order_input.PE/delay_addr_bf2/no_sclr_lut.real_shift_ram.use_baseblock.use_hlutnm_srls.runt_srl_loop.i_fdre) is unused and will be removed from module xfft_v9_1_9_viv.
INFO: [Synth 8-3332] Sequential element (xfft_inst/non_floating_point.arch_d.xfft_inst/pe_gen[3].natural_order_input.PE/delay_addr_tw/no_sclr_lut.real_shift_ram.use_baseblock.use_hlutnm_srls.runt_srl_loop.i_fdre) is unused and will be removed from module xfft_v9_1_9_viv.
INFO: [Synth 8-3332] Sequential element (xfft_inst/non_floating_point.arch_d.xfft_inst/pe_gen[3].natural_order_input.PE/rounding.ROUND_0/reg_gate.delay_d_2/no_sclr_lut.real_shift_ram.use_baseblock.use_hlutnm_srls.srl_loop[0].i_fdre0) is unused and will be removed from module xfft_v9_1_9_viv.
INFO: [Synth 8-3332] Sequential element (xfft_inst/non_floating_point.arch_d.xfft_inst/pe_gen[3].natural_order_input.PE/rounding.ROUND_1/reg_gate.delay_d_2/no_sclr_lut.real_shift_ram.use_baseblock.use_hlutnm_srls.srl_loop[0].i_fdre0) is unused and will be removed from module xfft_v9_1_9_viv.
INFO: [Synth 8-3332] Sequential element (xfft_inst/non_floating_point.arch_d.xfft_inst/has_bit_reverse.busy_gen/proc_start_delay/need_sclr_lut.real_shift_ram.FF_gen[0].reg) is unused and will be removed from module xfft_v9_1_9_viv.
INFO: [Synth 8-3332] Sequential element (xfft_inst/non_floating_point.arch_d.xfft_inst/timing_cnts_has_nfft.duplicate_regs[4].other.nfft_regs[4].nfft_regs_fde) is unused and will be removed from module xfft_v9_1_9_viv.
INFO: [Synth 8-3332] Sequential element (xfft_inst/non_floating_point.arch_d.xfft_inst/timing_cnts_has_nfft.duplicate_regs[4].other.nfft_regs[3].nfft_regs_fde) is unused and will be removed from module xfft_v9_1_9_viv.
INFO: [Synth 8-3332] Sequential element (xfft_inst/non_floating_point.arch_d.xfft_inst/timing_cnts_has_nfft.duplicate_regs[4].other.nfft_regs[2].nfft_regs_fde) is unused and will be removed from module xfft_v9_1_9_viv.
INFO: [Synth 8-3332] Sequential element (xfft_inst/non_floating_point.arch_d.xfft_inst/timing_cnts_has_nfft.duplicate_regs[4].other.nfft_regs[1].nfft_regs_fde) is unused and will be removed from module xfft_v9_1_9_viv.
INFO: [Synth 8-3332] Sequential element (xfft_inst/non_floating_point.arch_d.xfft_inst/timing_cnts_has_nfft.duplicate_regs[4].other.nfft_regs[0].nfft_regs_fde) is unused and will be removed from module xfft_v9_1_9_viv.
INFO: [Synth 8-3332] Sequential element (xfft_inst/non_floating_point.arch_d.xfft_inst/timing_cnts_has_nfft.duplicate_regs[3].other.nfft_regs[4].nfft_regs_fde) is unused and will be removed from module xfft_v9_1_9_viv.
INFO: [Synth 8-3332] Sequential element (xfft_inst/non_floating_point.arch_d.xfft_inst/timing_cnts_has_nfft.duplicate_regs[3].other.nfft_regs[3].nfft_regs_fde) is unused and will be removed from module xfft_v9_1_9_viv.
INFO: [Synth 8-3332] Sequential element (xfft_inst/non_floating_point.arch_d.xfft_inst/timing_cnts_has_nfft.duplicate_regs[2].other.nfft_regs[4].nfft_regs_fde) is unused and will be removed from module xfft_v9_1_9_viv.
INFO: [Common 17-14] Message 'Synth 8-3332' appears 100 times and further instances of the messages will be disabled. Use the Tcl command set_msg_config to change the current settings.
---------------------------------------------------------------------------------
Finished Cross Boundary and Area Optimization : Time (s): cpu = 00:01:36 ; elapsed = 00:01:59 . Memory (MB): peak = 2911.816 ; gain = 2016.566
---------------------------------------------------------------------------------
---------------------------------------------------------------------------------
Start Applying XDC Timing Constraints
---------------------------------------------------------------------------------
---------------------------------------------------------------------------------
Finished Applying XDC Timing Constraints : Time (s): cpu = 00:01:41 ; elapsed = 00:02:05 . Memory (MB): peak = 2911.816 ; gain = 2016.566
---------------------------------------------------------------------------------
---------------------------------------------------------------------------------
Start Timing Optimization
---------------------------------------------------------------------------------
---------------------------------------------------------------------------------
Finished Timing Optimization : Time (s): cpu = 00:01:43 ; elapsed = 00:02:07 . Memory (MB): peak = 2911.816 ; gain = 2016.566
---------------------------------------------------------------------------------
---------------------------------------------------------------------------------
Start Technology Mapping
---------------------------------------------------------------------------------
---------------------------------------------------------------------------------
Finished Technology Mapping : Time (s): cpu = 00:01:46 ; elapsed = 00:02:10 . Memory (MB): peak = 2911.816 ; gain = 2016.566
---------------------------------------------------------------------------------
---------------------------------------------------------------------------------
Start IO Insertion
---------------------------------------------------------------------------------
---------------------------------------------------------------------------------
Start Flattening Before IO Insertion
---------------------------------------------------------------------------------
---------------------------------------------------------------------------------
Finished Flattening Before IO Insertion
---------------------------------------------------------------------------------
---------------------------------------------------------------------------------
Start Final Netlist Cleanup
---------------------------------------------------------------------------------
---------------------------------------------------------------------------------
Finished Final Netlist Cleanup
---------------------------------------------------------------------------------
---------------------------------------------------------------------------------
Finished IO Insertion : Time (s): cpu = 00:01:49 ; elapsed = 00:02:13 . Memory (MB): peak = 2911.816 ; gain = 2016.566
---------------------------------------------------------------------------------
---------------------------------------------------------------------------------
Start Renaming Generated Instances
---------------------------------------------------------------------------------
---------------------------------------------------------------------------------
Finished Renaming Generated Instances : Time (s): cpu = 00:01:49 ; elapsed = 00:02:13 . Memory (MB): peak = 2911.816 ; gain = 2016.566
---------------------------------------------------------------------------------
---------------------------------------------------------------------------------
Start Rebuilding User Hierarchy
---------------------------------------------------------------------------------
---------------------------------------------------------------------------------
Finished Rebuilding User Hierarchy : Time (s): cpu = 00:01:50 ; elapsed = 00:02:15 . Memory (MB): peak = 2911.816 ; gain = 2016.566
---------------------------------------------------------------------------------
---------------------------------------------------------------------------------
Start Renaming Generated Ports
---------------------------------------------------------------------------------
---------------------------------------------------------------------------------
Finished Renaming Generated Ports : Time (s): cpu = 00:01:50 ; elapsed = 00:02:15 . Memory (MB): peak = 2911.816 ; gain = 2016.566
---------------------------------------------------------------------------------
---------------------------------------------------------------------------------
Start Handling Custom Attributes
---------------------------------------------------------------------------------
---------------------------------------------------------------------------------
Finished Handling Custom Attributes : Time (s): cpu = 00:01:50 ; elapsed = 00:02:15 . Memory (MB): peak = 2911.816 ; gain = 2016.566
---------------------------------------------------------------------------------
---------------------------------------------------------------------------------
Start Renaming Generated Nets
---------------------------------------------------------------------------------
---------------------------------------------------------------------------------
Finished Renaming Generated Nets : Time (s): cpu = 00:01:50 ; elapsed = 00:02:15 . Memory (MB): peak = 2911.816 ; gain = 2016.566
---------------------------------------------------------------------------------
---------------------------------------------------------------------------------
Start Writing Synthesis Report
---------------------------------------------------------------------------------

DSP Final Report (the ' indicates corresponding REG is set)
+----------------------+-------------+--------+--------+--------+--------+--------+------+------+------+------+-------+------+------+
|Module Name           | DSP Mapping | A Size | B Size | C Size | D Size | P Size | AREG | BREG | CREG | DREG | ADREG | MREG | PREG | 
+----------------------+-------------+--------+--------+--------+--------+--------+------+------+------+------+-------+------+------+
|cmpy_4_dsp48_mult_717 | Dynamic     | -      | -      | -      | -      | 0      | -    | -    | -    | -    | -     | 1    | 1    | 
|cmpy_4_dsp48_mult_717 | Dynamic     | -      | -      | -      | -      | 17     | -    | -    | -    | -    | -     | 1    | 1    | 
|cmpy_4_dsp48_mult_717 | Dynamic     | -      | -      | -      | -      | 0      | -    | -    | -    | -    | 1     | 1    | 1    | 
|cmpy_4_dsp48_mult_717 | Dynamic     | -      | -      | -      | -      | 44     | -    | -    | -    | -    | 1     | 1    | 1    | 
|cmpy_4_dsp48_mult_717 | Dynamic     | -      | -      | -      | -      | 0      | -    | -    | -    | -    | -     | 1    | 1    | 
|cmpy_4_dsp48_mult_717 | Dynamic     | -      | -      | -      | -      | 17     | -    | -    | -    | -    | -     | 1    | 1    | 
|cmpy_4_dsp48_mult_717 | Dynamic     | -      | -      | -      | -      | 0      | -    | -    | -    | -    | 1     | 1    | 1    | 
|cmpy_4_dsp48_mult_717 | Dynamic     | -      | -      | -      | -      | 44     | -    | -    | -    | -    | 1     | 1    | 1    | 
|cmpy_4_dsp48_mult_424 | Dynamic     | -      | -      | -      | -      | 0      | -    | -    | -    | -    | -     | 1    | 1    | 
|cmpy_4_dsp48_mult_424 | Dynamic     | -      | -      | -      | -      | 17     | -    | -    | -    | -    | -     | 1    | 1    | 
|cmpy_4_dsp48_mult_424 | Dynamic     | -      | -      | -      | -      | 0      | -    | -    | -    | -    | 1     | 1    | 1    | 
|cmpy_4_dsp48_mult_424 | Dynamic     | -      | -      | -      | -      | 44     | -    | -    | -    | -    | 1     | 1    | 1    | 
|cmpy_4_dsp48_mult_424 | Dynamic     | -      | -      | -      | -      | 0      | -    | -    | -    | -    | -     | 1    | 1    | 
|cmpy_4_dsp48_mult_424 | Dynamic     | -      | -      | -      | -      | 17     | -    | -    | -    | -    | -     | 1    | 1    | 
|cmpy_4_dsp48_mult_424 | Dynamic     | -      | -      | -      | -      | 0      | -    | -    | -    | -    | 1     | 1    | 1    | 
|cmpy_4_dsp48_mult_424 | Dynamic     | -      | -      | -      | -      | 44     | -    | -    | -    | -    | 1     | 1    | 1    | 
|cmpy_4_dsp48_mult     | Dynamic     | -      | -      | -      | -      | 0      | -    | -    | -    | -    | -     | 1    | 1    | 
|cmpy_4_dsp48_mult     | Dynamic     | -      | -      | -      | -      | 17     | -    | -    | -    | -    | -     | 1    | 1    | 
|cmpy_4_dsp48_mult     | Dynamic     | -      | -      | -      | -      | 0      | -    | -    | -    | -    | 1     | 1    | 1    | 
|cmpy_4_dsp48_mult     | Dynamic     | -      | -      | -      | -      | 44     | -    | -    | -    | -    | 1     | 1    | 1    | 
|cmpy_4_dsp48_mult     | Dynamic     | -      | -      | -      | -      | 0      | -    | -    | -    | -    | -     | 1    | 1    | 
|cmpy_4_dsp48_mult     | Dynamic     | -      | -      | -      | -      | 17     | -    | -    | -    | -    | -     | 1    | 1    | 
|cmpy_4_dsp48_mult     | Dynamic     | -      | -      | -      | -      | 0      | -    | -    | -    | -    | 1     | 1    | 1    | 
|cmpy_4_dsp48_mult     | Dynamic     | -      | -      | -      | -      | 44     | -    | -    | -    | -    | 1     | 1    | 1    | 
+----------------------+-------------+--------+--------+--------+--------+--------+------+------+------+------+-------+------+------+


Report BlackBoxes: 
+-+--------------+----------+
| |BlackBox name |Instances |
+-+--------------+----------+
+-+--------------+----------+

Report Cell Usage: 
+------+---------+------+
|      |Cell     |Count |
+------+---------+------+
|1     |DSP48E1  |    24|
|5     |LUT1     |    43|
|6     |LUT2     |   616|
|7     |LUT3     |  1796|
|8     |LUT4     |   466|
|9     |LUT5     |    65|
|10    |LUT6     |   422|
|11    |MUXCY    |  1254|
|12    |MUXF7    |    80|
|13    |RAMB18E1 |     2|
|14    |SRL16E   |  1464|
|15    |SRLC32E  |   241|
|16    |XORCY    |  1206|
|17    |FD       |     3|
|18    |FDE      |   731|
|19    |FDR      |    28|
|20    |FDRE     |  5537|
|21    |FDSE     |    43|
+------+---------+------+
---------------------------------------------------------------------------------
Finished Writing Synthesis Report : Time (s): cpu = 00:01:50 ; elapsed = 00:02:15 . Memory (MB): peak = 2911.816 ; gain = 2016.566
---------------------------------------------------------------------------------
Synthesis finished with 0 errors, 0 critical warnings and 860 warnings.
Synthesis Optimization Runtime : Time (s): cpu = 00:00:28 ; elapsed = 00:02:10 . Memory (MB): peak = 2911.816 ; gain = 2016.566
Synthesis Optimization Complete : Time (s): cpu = 00:01:51 ; elapsed = 00:02:15 . Memory (MB): peak = 2911.816 ; gain = 2016.566
INFO: [Project 1-571] Translating synthesized netlist
Netlist sorting complete. Time (s): cpu = 00:00:00 ; elapsed = 00:00:00.193 . Memory (MB): peak = 2911.816 ; gain = 0.000
INFO: [Netlist 29-17] Analyzing 3328 Unisim elements for replacement
INFO: [Netlist 29-28] Unisim Transformation completed in 0 CPU seconds
INFO: [Project 1-570] Preparing netlist for logic optimization
INFO: [Opt 31-138] Pushed 0 inverter(s) to 0 load pin(s).
Netlist sorting complete. Time (s): cpu = 00:00:00 ; elapsed = 00:00:00.007 . Memory (MB): peak = 2911.816 ; gain = 0.000
INFO: [Project 1-111] Unisim Transformation Summary:
  A total of 1119 instances were transformed.
  (MUXCY,XORCY) => CARRY4: 357 instances
  FD => FDRE: 3 instances
  FDE => FDRE: 731 instances
  FDR => FDRE: 28 instances

Synth Design complete | Checksum: 26094f2
INFO: [Common 17-83] Releasing license: Synthesis
193 Infos, 102 Warnings, 0 Critical Warnings and 0 Errors encountered.
synth_design completed successfully
synth_design: Time (s): cpu = 00:01:58 ; elapsed = 00:02:25 . Memory (MB): peak = 2911.816 ; gain = 2425.922
INFO: [Common 17-1381] The checkpoint 'C:/Users/gm/Vivado Projects/complete_det_new_comblock_psclock/complete_det_new_comblock_psclock.runs/xfft_1_synth_1/xfft_1.dcp' has been generated.
INFO: [Coretcl 2-1648] Added synthesis output to IP cache for IP xfft_1, cache-ID = c355f32918f87b7a
INFO: [Coretcl 2-1174] Renamed 1171 cell refs.
INFO: [Common 17-1381] The checkpoint 'C:/Users/gm/Vivado Projects/complete_det_new_comblock_psclock/complete_det_new_comblock_psclock.runs/xfft_1_synth_1/xfft_1.dcp' has been generated.
INFO: [runtcl-4] Executing : report_utilization -file xfft_1_utilization_synth.rpt -pb xfft_1_utilization_synth.pb
INFO: [Common 17-206] Exiting Vivado at Mon Jul  6 15:23:24 2026...

*** Running vivado
    with args -log xfft_1.vds -m64 -product Vivado -mode batch -messageDb vivado.pb -notrace -source xfft_1.tcl


ECHO is off.
ECHO is off.

****** Vivado v2023.1 (64-bit)
  **** SW Build 3865809 on Sun May  7 15:05:29 MDT 2023
  **** IP Build 3864474 on Sun May  7 20:36:21 MDT 2023
  **** SharedData Build 3865790 on Sun May 07 13:33:03 MDT 2023
    ** Copyright 1986-2022 Xilinx, Inc. All Rights Reserved.
    ** Copyright 2022-2023 Advanced Micro Devices, Inc. All Rights Reserved.

source xfft_1.tcl -notrace
INFO: [IP_Flow 19-234] Refreshing IP repositories
INFO: [IP_Flow 19-1700] Loaded user IP repository 'd:/Desktop PRE-FORMAT 25/CR_CYCLO/Verilog/ComBlock/core-comblock-master'.
INFO: [IP_Flow 19-2313] Loaded Vivado IP repository 'C:/Xilinx/Vivado/2023.1/data/ip'.
WARNING: [IP_Flow 19-4995] The host OS only allows 260 characters in a normal path. The IP cache path is more than 80 characters. If you experience issues with IP caching, please consider changing the IP cache to a location with a shorter path. Alternately consider using the OS subst command to map part of the path to a drive letter. 
Current IP cache path is c:/Users/gm/Vivado Projects/complete_det_new_comblock_psclock_ila/complete_det_new_comblock_psclock_ila.cache/ip 
INFO: [IP_Flow 19-6924] IPCACHE: Running cache check for IP inst: xfft_1
Command: synth_design -top xfft_1 -part xc7z020clg484-1 -incremental_mode off -mode out_of_context
Starting synth_design
Attempting to get a license for feature 'Synthesis' and/or device 'xc7z020'
INFO: [Common 17-349] Got license for feature 'Synthesis' and/or device 'xc7z020'
INFO: [Device 21-403] Loading part xc7z020clg484-1
INFO: [Synth 8-7079] Multithreading enabled for synth_design using a maximum of 2 processes.
INFO: [Synth 8-7078] Launching helper process for spawning children vivado processes
INFO: [Synth 8-7075] Helper process launched with PID 32832
---------------------------------------------------------------------------------
Starting RTL Elaboration : Time (s): cpu = 00:00:10 ; elapsed = 00:00:10 . Memory (MB): peak = 1304.785 ; gain = 409.293
---------------------------------------------------------------------------------
INFO: [Synth 8-638] synthesizing module 'xfft_1' [c:/Users/gm/Vivado Projects/complete_det_new_comblock_psclock_ila/complete_det_new_comblock_psclock_ila.gen/sources_1/ip/xfft_1/synth/xfft_1.vhd:84]
	Parameter C_XDEVICEFAMILY bound to: zynq - type: string 
	Parameter C_PART bound to: xc7z020clg484-1 - type: string 
	Parameter C_S_AXIS_CONFIG_TDATA_WIDTH bound to: 24 - type: integer 
	Parameter C_S_AXIS_DATA_TDATA_WIDTH bound to: 64 - type: integer 
	Parameter C_M_AXIS_DATA_TDATA_WIDTH bound to: 64 - type: integer 
	Parameter C_M_AXIS_DATA_TUSER_WIDTH bound to: 8 - type: integer 
	Parameter C_M_AXIS_STATUS_TDATA_WIDTH bound to: 1 - type: integer 
	Parameter C_THROTTLE_SCHEME bound to: 1 - type: integer 
	Parameter C_CHANNELS bound to: 1 - type: integer 
	Parameter C_NFFT_MAX bound to: 7 - type: integer 
	Parameter C_ARCH bound to: 3 - type: integer 
	Parameter C_HAS_NFFT bound to: 1 - type: integer 
	Parameter C_USE_FLT_PT bound to: 0 - type: integer 
	Parameter C_INPUT_WIDTH bound to: 32 - type: integer 
	Parameter C_TWIDDLE_WIDTH bound to: 12 - type: integer 
	Parameter C_OUTPUT_WIDTH bound to: 32 - type: integer 
	Parameter C_HAS_SCALING bound to: 1 - type: integer 
	Parameter C_HAS_BFP bound to: 0 - type: integer 
	Parameter C_HAS_ROUNDING bound to: 1 - type: integer 
	Parameter C_HAS_ACLKEN bound to: 0 - type: integer 
	Parameter C_HAS_ARESETN bound to: 1 - type: integer 
	Parameter C_HAS_OVFLO bound to: 0 - type: integer 
	Parameter C_HAS_NATURAL_INPUT bound to: 1 - type: integer 
	Parameter C_HAS_NATURAL_OUTPUT bound to: 1 - type: integer 
	Parameter C_HAS_CYCLIC_PREFIX bound to: 0 - type: integer 
	Parameter C_HAS_XK_INDEX bound to: 1 - type: integer 
	Parameter C_DATA_MEM_TYPE bound to: 1 - type: integer 
	Parameter C_TWIDDLE_MEM_TYPE bound to: 1 - type: integer 
	Parameter C_BRAM_STAGES bound to: 0 - type: integer 
	Parameter C_REORDER_MEM_TYPE bound to: 1 - type: integer 
	Parameter C_USE_HYBRID_RAM bound to: 0 - type: integer 
	Parameter C_OPTIMIZE_GOAL bound to: 0 - type: integer 
	Parameter C_CMPY_TYPE bound to: 2 - type: integer 
	Parameter C_BFLY_TYPE bound to: 0 - type: integer 
INFO: [Synth 8-3491] module 'xfft_v9_1_9' declared at 'c:/Users/gm/Vivado Projects/complete_det_new_comblock_psclock_ila/complete_det_new_comblock_psclock_ila.gen/sources_1/ip/xfft_1/hdl/xfft_v9_1_vh_rfs.vhd:103739' bound to instance 'U0' of component 'xfft_v9_1_9' [c:/Users/gm/Vivado Projects/complete_det_new_comblock_psclock_ila/complete_det_new_comblock_psclock_ila.gen/sources_1/ip/xfft_1/synth/xfft_1.vhd:193]
INFO: [Synth 8-3919] null assignment ignored
INFO: [Synth 8-3919] null assignment ignored
INFO: [Synth 8-3919] null assignment ignored
INFO: [Synth 8-3919] null assignment ignored
INFO: [Synth 8-3919] null assignment ignored
INFO: [Synth 8-3919] null assignment ignored
INFO: [Synth 8-3919] null assignment ignored
INFO: [Synth 8-3919] null assignment ignored
INFO: [Synth 8-3919] null assignment ignored
INFO: [Synth 8-3919] null assignment ignored
INFO: [Synth 8-3919] null assignment ignored
INFO: [Synth 8-3919] null assignment ignored
INFO: [Synth 8-3919] null assignment ignored
INFO: [Synth 8-3919] null assignment ignored
INFO: [Synth 8-3919] null assignment ignored
INFO: [Synth 8-3919] null assignment ignored
INFO: [Synth 8-3919] null assignment ignored
INFO: [Synth 8-3919] null assignment ignored
INFO: [Synth 8-3919] null assignment ignored
INFO: [Synth 8-3919] null assignment ignored
INFO: [Synth 8-3919] null assignment ignored
INFO: [Synth 8-3919] null assignment ignored
INFO: [Synth 8-3919] null assignment ignored
INFO: [Synth 8-3919] null assignment ignored
INFO: [Synth 8-3919] null assignment ignored
INFO: [Synth 8-3919] null assignment ignored
INFO: [Synth 8-3919] null assignment ignored
INFO: [Synth 8-3919] null assignment ignored
INFO: [Synth 8-3919] null assignment ignored
INFO: [Synth 8-3919] null assignment ignored
INFO: [Synth 8-3919] null assignment ignored
INFO: [Synth 8-3919] null assignment ignored
INFO: [Synth 8-3919] null assignment ignored
INFO: [Synth 8-3919] null assignment ignored
INFO: [Synth 8-3919] null assignment ignored
INFO: [Synth 8-3919] null assignment ignored
INFO: [Synth 8-3919] null assignment ignored
INFO: [Synth 8-3919] null assignment ignored
INFO: [Synth 8-3919] null assignment ignored
INFO: [Synth 8-3919] null assignment ignored
INFO: [Synth 8-3919] null assignment ignored
INFO: [Synth 8-3919] null assignment ignored
INFO: [Synth 8-3919] null assignment ignored
INFO: [Synth 8-3919] null assignment ignored
INFO: [Synth 8-3919] null assignment ignored
INFO: [Synth 8-3919] null assignment ignored
INFO: [Synth 8-3919] null assignment ignored
INFO: [Synth 8-3919] null assignment ignored
INFO: [Synth 8-3919] null assignment ignored
INFO: [Synth 8-3919] null assignment ignored
INFO: [Synth 8-3919] null assignment ignored
INFO: [Synth 8-3919] null assignment ignored
INFO: [Synth 8-3919] null assignment ignored
INFO: [Synth 8-3919] null assignment ignored
INFO: [Synth 8-256] done synthesizing module 'xfft_1' (0#1) [c:/Users/gm/Vivado Projects/complete_det_new_comblock_psclock_ila/complete_det_new_comblock_psclock_ila.gen/sources_1/ip/xfft_1/synth/xfft_1.vhd:84]
WARNING: [Synth 8-7129] Port Q[0] in module shift_ram__parameterized80 is either unconnected or has no load
WARNING: [Synth 8-7129] Port D[0] in module shift_ram__parameterized80 is either unconnected or has no load
WARNING: [Synth 8-7129] Port CLK in module shift_ram__parameterized80 is either unconnected or has no load
WARNING: [Synth 8-7129] Port CE in module shift_ram__parameterized80 is either unconnected or has no load
WARNING: [Synth 8-7129] Port SCLR in module shift_ram__parameterized80 is either unconnected or has no load
WARNING: [Synth 8-7129] Port COMBI_SCLR in module shift_ram__parameterized80 is either unconnected or has no load
WARNING: [Synth 8-7129] Port DEPTHx2 in module shift_ram__parameterized80 is either unconnected or has no load
WARNING: [Synth 8-7129] Port a[3] in module c_shift_ram_v12_0_14_legacy__parameterized2 is either unconnected or has no load
WARNING: [Synth 8-7129] Port a[2] in module c_shift_ram_v12_0_14_legacy__parameterized2 is either unconnected or has no load
WARNING: [Synth 8-7129] Port a[1] in module c_shift_ram_v12_0_14_legacy__parameterized2 is either unconnected or has no load
WARNING: [Synth 8-7129] Port a[0] in module c_shift_ram_v12_0_14_legacy__parameterized2 is either unconnected or has no load
WARNING: [Synth 8-7129] Port aclr in module c_shift_ram_v12_0_14_legacy__parameterized2 is either unconnected or has no load
WARNING: [Synth 8-7129] Port aset in module c_shift_ram_v12_0_14_legacy__parameterized2 is either unconnected or has no load
WARNING: [Synth 8-7129] Port ainit in module c_shift_ram_v12_0_14_legacy__parameterized2 is either unconnected or has no load
WARNING: [Synth 8-7129] Port sclr in module c_shift_ram_v12_0_14_legacy__parameterized2 is either unconnected or has no load
WARNING: [Synth 8-7129] Port sset in module c_shift_ram_v12_0_14_legacy__parameterized2 is either unconnected or has no load
WARNING: [Synth 8-7129] Port sinit in module c_shift_ram_v12_0_14_legacy__parameterized2 is either unconnected or has no load
WARNING: [Synth 8-7129] Port D[0] in module shift_ram__parameterized62 is either unconnected or has no load
WARNING: [Synth 8-7129] Port DEPTHx2 in module shift_ram__parameterized62 is either unconnected or has no load
WARNING: [Synth 8-7129] Port a[3] in module c_shift_ram_v12_0_14_legacy__parameterized5 is either unconnected or has no load
WARNING: [Synth 8-7129] Port a[2] in module c_shift_ram_v12_0_14_legacy__parameterized5 is either unconnected or has no load
WARNING: [Synth 8-7129] Port a[1] in module c_shift_ram_v12_0_14_legacy__parameterized5 is either unconnected or has no load
WARNING: [Synth 8-7129] Port a[0] in module c_shift_ram_v12_0_14_legacy__parameterized5 is either unconnected or has no load
WARNING: [Synth 8-7129] Port aclr in module c_shift_ram_v12_0_14_legacy__parameterized5 is either unconnected or has no load
WARNING: [Synth 8-7129] Port aset in module c_shift_ram_v12_0_14_legacy__parameterized5 is either unconnected or has no load
WARNING: [Synth 8-7129] Port ainit in module c_shift_ram_v12_0_14_legacy__parameterized5 is either unconnected or has no load
WARNING: [Synth 8-7129] Port sclr in module c_shift_ram_v12_0_14_legacy__parameterized5 is either unconnected or has no load
WARNING: [Synth 8-7129] Port sset in module c_shift_ram_v12_0_14_legacy__parameterized5 is either unconnected or has no load
WARNING: [Synth 8-7129] Port sinit in module c_shift_ram_v12_0_14_legacy__parameterized5 is either unconnected or has no load
WARNING: [Synth 8-7129] Port D[15] in module shift_ram__parameterized81 is either unconnected or has no load
WARNING: [Synth 8-7129] Port D[14] in module shift_ram__parameterized81 is either unconnected or has no load
WARNING: [Synth 8-7129] Port D[13] in module shift_ram__parameterized81 is either unconnected or has no load
WARNING: [Synth 8-7129] Port D[12] in module shift_ram__parameterized81 is either unconnected or has no load
WARNING: [Synth 8-7129] Port D[11] in module shift_ram__parameterized81 is either unconnected or has no load
WARNING: [Synth 8-7129] Port D[10] in module shift_ram__parameterized81 is either unconnected or has no load
WARNING: [Synth 8-7129] Port D[9] in module shift_ram__parameterized81 is either unconnected or has no load
WARNING: [Synth 8-7129] Port D[8] in module shift_ram__parameterized81 is either unconnected or has no load
WARNING: [Synth 8-7129] Port D[7] in module shift_ram__parameterized81 is either unconnected or has no load
WARNING: [Synth 8-7129] Port D[6] in module shift_ram__parameterized81 is either unconnected or has no load
WARNING: [Synth 8-7129] Port D[5] in module shift_ram__parameterized81 is either unconnected or has no load
WARNING: [Synth 8-7129] Port D[4] in module shift_ram__parameterized81 is either unconnected or has no load
WARNING: [Synth 8-7129] Port D[3] in module shift_ram__parameterized81 is either unconnected or has no load
WARNING: [Synth 8-7129] Port D[2] in module shift_ram__parameterized81 is either unconnected or has no load
WARNING: [Synth 8-7129] Port D[1] in module shift_ram__parameterized81 is either unconnected or has no load
WARNING: [Synth 8-7129] Port D[0] in module shift_ram__parameterized81 is either unconnected or has no load
WARNING: [Synth 8-7129] Port DEPTHx2 in module shift_ram__parameterized81 is either unconnected or has no load
WARNING: [Synth 8-7129] Port a[3] in module c_shift_ram_v12_0_14_legacy__parameterized34 is either unconnected or has no load
WARNING: [Synth 8-7129] Port a[2] in module c_shift_ram_v12_0_14_legacy__parameterized34 is either unconnected or has no load
WARNING: [Synth 8-7129] Port a[1] in module c_shift_ram_v12_0_14_legacy__parameterized34 is either unconnected or has no load
WARNING: [Synth 8-7129] Port a[0] in module c_shift_ram_v12_0_14_legacy__parameterized34 is either unconnected or has no load
WARNING: [Synth 8-7129] Port aclr in module c_shift_ram_v12_0_14_legacy__parameterized34 is either unconnected or has no load
WARNING: [Synth 8-7129] Port aset in module c_shift_ram_v12_0_14_legacy__parameterized34 is either unconnected or has no load
WARNING: [Synth 8-7129] Port ainit in module c_shift_ram_v12_0_14_legacy__parameterized34 is either unconnected or has no load
WARNING: [Synth 8-7129] Port sclr in module c_shift_ram_v12_0_14_legacy__parameterized34 is either unconnected or has no load
WARNING: [Synth 8-7129] Port sset in module c_shift_ram_v12_0_14_legacy__parameterized34 is either unconnected or has no load
WARNING: [Synth 8-7129] Port sinit in module c_shift_ram_v12_0_14_legacy__parameterized34 is either unconnected or has no load
WARNING: [Synth 8-7129] Port D[0] in module shift_ram__parameterized79 is either unconnected or has no load
WARNING: [Synth 8-7129] Port DEPTHx2 in module shift_ram__parameterized79 is either unconnected or has no load
WARNING: [Synth 8-7129] Port D1 in module shift_ram__parameterized78 is either unconnected or has no load
WARNING: [Synth 8-7129] Port DEPTHx2 in module shift_ram__parameterized78 is either unconnected or has no load
WARNING: [Synth 8-7129] Port depthx2 in module r22_memory__parameterized1 is either unconnected or has no load
WARNING: [Synth 8-7129] Port Q1 in module shift_ram__parameterized77 is either unconnected or has no load
WARNING: [Synth 8-7129] Port D1 in module shift_ram__parameterized77 is either unconnected or has no load
WARNING: [Synth 8-7129] Port COMBI_SCLR in module shift_ram__parameterized77 is either unconnected or has no load
WARNING: [Synth 8-7129] Port DEPTHx2 in module shift_ram__parameterized77 is either unconnected or has no load
WARNING: [Synth 8-7129] Port Q1 in module shift_ram__parameterized76 is either unconnected or has no load
WARNING: [Synth 8-7129] Port D1 in module shift_ram__parameterized76 is either unconnected or has no load
WARNING: [Synth 8-7129] Port COMBI_SCLR in module shift_ram__parameterized76 is either unconnected or has no load
WARNING: [Synth 8-7129] Port DEPTHx2 in module shift_ram__parameterized76 is either unconnected or has no load
WARNING: [Synth 8-7129] Port shift[4] in module so_run_addr_gen_left_shift is either unconnected or has no load
WARNING: [Synth 8-7129] Port shift[3] in module so_run_addr_gen_left_shift is either unconnected or has no load
WARNING: [Synth 8-7129] Port nfft[4] in module so_run_addr_gen_left_shift is either unconnected or has no load
WARNING: [Synth 8-7129] Port nfft[3] in module so_run_addr_gen_left_shift is either unconnected or has no load
WARNING: [Synth 8-7129] Port nfft[2] in module so_run_addr_gen_left_shift is either unconnected or has no load
WARNING: [Synth 8-7129] Port nfft[1] in module so_run_addr_gen_left_shift is either unconnected or has no load
WARNING: [Synth 8-7129] Port nfft[0] in module so_run_addr_gen_left_shift is either unconnected or has no load
WARNING: [Synth 8-7129] Port D[0] in module shift_ram__parameterized38 is either unconnected or has no load
WARNING: [Synth 8-7129] Port COMBI_SCLR in module shift_ram__parameterized38 is either unconnected or has no load
WARNING: [Synth 8-7129] Port DEPTHx2 in module shift_ram__parameterized38 is either unconnected or has no load
WARNING: [Synth 8-7129] Port D1 in module shift_ram__parameterized75 is either unconnected or has no load
WARNING: [Synth 8-7129] Port SCLR in module shift_ram__parameterized75 is either unconnected or has no load
WARNING: [Synth 8-7129] Port COMBI_SCLR in module shift_ram__parameterized75 is either unconnected or has no load
WARNING: [Synth 8-7129] Port DEPTHx2 in module shift_ram__parameterized75 is either unconnected or has no load
WARNING: [Synth 8-7129] Port Q1 in module shift_ram__parameterized0 is either unconnected or has no load
WARNING: [Synth 8-7129] Port D1 in module shift_ram__parameterized0 is either unconnected or has no load
WARNING: [Synth 8-7129] Port COMBI_SCLR in module shift_ram__parameterized0 is either unconnected or has no load
WARNING: [Synth 8-7129] Port DEPTHx2 in module shift_ram__parameterized0 is either unconnected or has no load
WARNING: [Synth 8-7129] Port D1 in module shift_ram__parameterized74 is either unconnected or has no load
WARNING: [Synth 8-7129] Port DEPTHx2 in module shift_ram__parameterized74 is either unconnected or has no load
WARNING: [Synth 8-7129] Port D[0] in module shift_ram__parameterized5 is either unconnected or has no load
WARNING: [Synth 8-7129] Port COMBI_SCLR in module shift_ram__parameterized5 is either unconnected or has no load
WARNING: [Synth 8-7129] Port DEPTHx2 in module shift_ram__parameterized5 is either unconnected or has no load
WARNING: [Synth 8-7129] Port MUXCY_IN in module equ_rtl is either unconnected or has no load
WARNING: [Synth 8-7129] Port AINIT in module c_reg_fd_v12_0_6_viv is either unconnected or has no load
WARNING: [Synth 8-7129] Port ACLR in module c_reg_fd_v12_0_6_viv is either unconnected or has no load
WARNING: [Synth 8-7129] Port ASET in module c_reg_fd_v12_0_6_viv is either unconnected or has no load
WARNING: [Synth 8-7129] Port SINIT in module c_reg_fd_v12_0_6_viv is either unconnected or has no load
WARNING: [Synth 8-7129] Port SSET in module c_reg_fd_v12_0_6_viv is either unconnected or has no load
WARNING: [Synth 8-7129] Port add in module c_addsub_v12_0_15_lut6_legacy__parameterized9 is either unconnected or has no load
WARNING: [Synth 8-7129] Port bypass in module c_addsub_v12_0_15_lut6_legacy__parameterized9 is either unconnected or has no load
INFO: [Common 17-14] Message 'Synth 8-7129' appears 100 times and further instances of the messages will be disabled. Use the Tcl command set_msg_config to change the current settings.
---------------------------------------------------------------------------------
Finished RTL Elaboration : Time (s): cpu = 00:01:01 ; elapsed = 00:01:12 . Memory (MB): peak = 2912.965 ; gain = 2017.473
---------------------------------------------------------------------------------
---------------------------------------------------------------------------------
Start Handling Custom Attributes
---------------------------------------------------------------------------------
---------------------------------------------------------------------------------
Finished Handling Custom Attributes : Time (s): cpu = 00:01:02 ; elapsed = 00:01:12 . Memory (MB): peak = 2912.965 ; gain = 2017.473
---------------------------------------------------------------------------------
---------------------------------------------------------------------------------
Finished RTL Optimization Phase 1 : Time (s): cpu = 00:01:02 ; elapsed = 00:01:12 . Memory (MB): peak = 2912.965 ; gain = 2017.473
---------------------------------------------------------------------------------
Netlist sorting complete. Time (s): cpu = 00:00:00 ; elapsed = 00:00:00.274 . Memory (MB): peak = 2912.965 ; gain = 0.000
INFO: [Netlist 29-17] Analyzing 3317 Unisim elements for replacement
INFO: [Netlist 29-28] Unisim Transformation completed in 0 CPU seconds
INFO: [Project 1-570] Preparing netlist for logic optimization

Processing XDC Constraints
Initializing timing engine
Parsing XDC File [c:/Users/gm/Vivado Projects/complete_det_new_comblock_psclock_ila/complete_det_new_comblock_psclock_ila.gen/sources_1/ip/xfft_1/xfft_1_ooc.xdc] for cell 'U0'
Finished Parsing XDC File [c:/Users/gm/Vivado Projects/complete_det_new_comblock_psclock_ila/complete_det_new_comblock_psclock_ila.gen/sources_1/ip/xfft_1/xfft_1_ooc.xdc] for cell 'U0'
Parsing XDC File [C:/Users/gm/Vivado Projects/complete_det_new_comblock_psclock_ila/complete_det_new_comblock_psclock_ila.runs/xfft_1_synth_1/dont_touch.xdc]
Finished Parsing XDC File [C:/Users/gm/Vivado Projects/complete_det_new_comblock_psclock_ila/complete_det_new_comblock_psclock_ila.runs/xfft_1_synth_1/dont_touch.xdc]
Completed Processing XDC Constraints

Netlist sorting complete. Time (s): cpu = 00:00:00 ; elapsed = 00:00:00.007 . Memory (MB): peak = 2912.965 ; gain = 0.000
INFO: [Project 1-111] Unisim Transformation Summary:
  A total of 805 instances were transformed.
  FD => FDRE: 3 instances
  FDE => FDRE: 773 instances
  FDR => FDRE: 29 instances

Constraint Validation Runtime : Time (s): cpu = 00:00:01 ; elapsed = 00:00:00.273 . Memory (MB): peak = 2912.965 ; gain = 0.000
INFO: [Designutils 20-5008] Incremental synthesis strategy off
---------------------------------------------------------------------------------
Finished Constraint Validation : Time (s): cpu = 00:01:10 ; elapsed = 00:01:21 . Memory (MB): peak = 2912.965 ; gain = 2017.473
---------------------------------------------------------------------------------
---------------------------------------------------------------------------------
Start Loading Part and Timing Information
---------------------------------------------------------------------------------
Loading part: xc7z020clg484-1
---------------------------------------------------------------------------------
Finished Loading Part and Timing Information : Time (s): cpu = 00:01:10 ; elapsed = 00:01:21 . Memory (MB): peak = 2912.965 ; gain = 2017.473
---------------------------------------------------------------------------------
---------------------------------------------------------------------------------
Start Applying 'set_property' XDC Constraints
---------------------------------------------------------------------------------
Applied set_property KEEP_HIERARCHY = SOFT for U0. (constraint file  {C:/Users/gm/Vivado Projects/complete_det_new_comblock_psclock_ila/complete_det_new_comblock_psclock_ila.runs/xfft_1_synth_1/dont_touch.xdc}, line 9).
---------------------------------------------------------------------------------
Finished applying 'set_property' XDC Constraints : Time (s): cpu = 00:01:10 ; elapsed = 00:01:21 . Memory (MB): peak = 2912.965 ; gain = 2017.473
---------------------------------------------------------------------------------
---------------------------------------------------------------------------------
Finished RTL Optimization Phase 2 : Time (s): cpu = 00:01:13 ; elapsed = 00:01:25 . Memory (MB): peak = 2912.965 ; gain = 2017.473
---------------------------------------------------------------------------------
INFO: [Synth 8-223] decloning instance 'U0/i_synth/xfft_inst/non_floating_point.arch_d.xfft_inst/FLOW/reset_sustain.resets_4_pes[3].delay_reset_pe/tc_compare' (logic_gate) to 'U0/i_synth/xfft_inst/non_floating_point.arch_d.xfft_inst/FLOW/reset_sustain.resets_4_pes[3].delay_reset_pe/tc_compare1'
INFO: [Synth 8-223] decloning instance 'U0/i_synth/xfft_inst/non_floating_point.arch_d.xfft_inst/FLOW/reset_sustain.resets_4_pes[2].delay_reset_pe/tc_compare' (logic_gate__parameterized0) to 'U0/i_synth/xfft_inst/non_floating_point.arch_d.xfft_inst/FLOW/reset_sustain.resets_4_pes[2].delay_reset_pe/tc_compare1'
INFO: [Synth 8-223] decloning instance 'U0/i_synth/xfft_inst/non_floating_point.arch_d.xfft_inst/FLOW/reset_sustain.resets_4_pes[1].delay_reset_pe/tc_compare' (logic_gate__parameterized1) to 'U0/i_synth/xfft_inst/non_floating_point.arch_d.xfft_inst/FLOW/reset_sustain.resets_4_pes[1].delay_reset_pe/tc_compare1'
INFO: [Synth 8-223] decloning instance 'U0/i_synth/xfft_inst/non_floating_point.arch_d.xfft_inst/FLOW/reset_sustain.resets_4_pes[0].delay_reset_pe/tc_compare' (logic_gate__parameterized2) to 'U0/i_synth/xfft_inst/non_floating_point.arch_d.xfft_inst/FLOW/reset_sustain.resets_4_pes[0].delay_reset_pe/tc_compare1'
INFO: [Synth 8-223] decloning instance 'U0/i_synth/xfft_inst/non_floating_point.arch_d.xfft_inst/FLOW/reset_sustain.delay_reset_3/tc_compare' (logic_gate__parameterized3) to 'U0/i_synth/xfft_inst/non_floating_point.arch_d.xfft_inst/FLOW/reset_sustain.delay_reset_3/tc_compare1'
INFO: [Synth 8-223] decloning instance 'U0/i_synth/xfft_inst/non_floating_point.arch_d.xfft_inst/FLOW/reset_sustain.delay_reset_7/tc_compare' (logic_gate__parameterized4) to 'U0/i_synth/xfft_inst/non_floating_point.arch_d.xfft_inst/FLOW/reset_sustain.delay_reset_7/tc_compare1'
INFO: [Synth 8-223] decloning instance 'U0/i_synth/xfft_inst/non_floating_point.arch_d.xfft_inst/pe_gen[0].natural_order_input.PE/FB_1.BF_1/yes_nfft.bypass_reg' (shift_ram__parameterized12) to 'U0/i_synth/xfft_inst/non_floating_point.arch_d.xfft_inst/pe_gen[0].natural_order_input.PE/FB_1.BF_1/yes_nfft.bypass_1_reg'
INFO: [Synth 8-223] decloning instance 'U0/i_synth/xfft_inst/non_floating_point.arch_d.xfft_inst/pe_gen[0].natural_order_input.PE/FB_1.BF_1/yes_nfft.bypass_reg' (shift_ram__parameterized12) to 'U0/i_synth/xfft_inst/non_floating_point.arch_d.xfft_inst/pe_gen[0].natural_order_input.PE/FB_1.BF_1/yes_nfft.bypass_2_reg'
INFO: [Synth 8-223] decloning instance 'U0/i_synth/xfft_inst/non_floating_point.arch_d.xfft_inst/pe_gen[0].natural_order_input.PE/FB_1.BF_1/yes_nfft.bypass_reg' (shift_ram__parameterized12) to 'U0/i_synth/xfft_inst/non_floating_point.arch_d.xfft_inst/pe_gen[0].natural_order_input.PE/FB_1.BF_1/yes_nfft.bypass_3_reg'
INFO: [Synth 8-223] decloning instance 'U0/i_synth/xfft_inst/non_floating_point.arch_d.xfft_inst/pe_gen[0].natural_order_input.PE/hasbf2.FB_2.BF_2/yes_nfft.bypass_reg' (shift_ram__parameterized12) to 'U0/i_synth/xfft_inst/non_floating_point.arch_d.xfft_inst/pe_gen[0].natural_order_input.PE/hasbf2.FB_2.BF_2/yes_nfft.bypass_1_reg'
INFO: [Synth 8-223] decloning instance 'U0/i_synth/xfft_inst/non_floating_point.arch_d.xfft_inst/pe_gen[0].natural_order_input.PE/hasbf2.FB_2.BF_2/yes_nfft.bypass_reg' (shift_ram__parameterized12) to 'U0/i_synth/xfft_inst/non_floating_point.arch_d.xfft_inst/pe_gen[0].natural_order_input.PE/hasbf2.FB_2.BF_2/yes_nfft.bypass_2_reg'
INFO: [Synth 8-223] decloning instance 'U0/i_synth/xfft_inst/non_floating_point.arch_d.xfft_inst/pe_gen[0].natural_order_input.PE/hasbf2.FB_2.BF_2/yes_nfft.bypass_reg' (shift_ram__parameterized12) to 'U0/i_synth/xfft_inst/non_floating_point.arch_d.xfft_inst/pe_gen[0].natural_order_input.PE/hasbf2.FB_2.BF_2/yes_nfft.bypass_3_reg'
INFO: [Synth 8-223] decloning instance 'U0/i_synth/xfft_inst/non_floating_point.arch_d.xfft_inst/pe_gen[3].natural_order_input.PE/SR2' (shift_ram__parameterized69) to 'U0/i_synth/xfft_inst/non_floating_point.arch_d.xfft_inst/pe_gen[3].natural_order_input.PE/SR3'
---------------------------------------------------------------------------------
Start RTL Component Statistics 
---------------------------------------------------------------------------------
---------------------------------------------------------------------------------
Finished RTL Component Statistics 
---------------------------------------------------------------------------------
---------------------------------------------------------------------------------
Start Part Resource Summary
---------------------------------------------------------------------------------
Part Resources:
DSPs: 220 (col length:60)
BRAMs: 280 (col length: RAMB18 60 RAMB36 30)
---------------------------------------------------------------------------------
Finished Part Resource Summary
---------------------------------------------------------------------------------
---------------------------------------------------------------------------------
Start Cross Boundary and Area Optimization
---------------------------------------------------------------------------------
WARNING: [Synth 8-7080] Parallel synthesis criteria is not met
INFO: [Synth 8-3332] Sequential element (xfft_inst/non_floating_point.arch_d.xfft_inst/FLOW/reset_sustain.resets_4_pes[3].delay_reset_pe/tc_reg1) is unused and will be removed from module xfft_v9_1_9_viv.
INFO: [Synth 8-3332] Sequential element (xfft_inst/non_floating_point.arch_d.xfft_inst/FLOW/reset_sustain.resets_4_pes[2].delay_reset_pe/tc_reg1) is unused and will be removed from module xfft_v9_1_9_viv.
INFO: [Synth 8-3332] Sequential element (xfft_inst/non_floating_point.arch_d.xfft_inst/FLOW/reset_sustain.resets_4_pes[1].delay_reset_pe/tc_reg1) is unused and will be removed from module xfft_v9_1_9_viv.
INFO: [Synth 8-3332] Sequential element (xfft_inst/non_floating_point.arch_d.xfft_inst/FLOW/reset_sustain.resets_4_pes[0].delay_reset_pe/tc_reg1) is unused and will be removed from module xfft_v9_1_9_viv.
INFO: [Synth 8-3332] Sequential element (xfft_inst/non_floating_point.arch_d.xfft_inst/FLOW/reset_sustain.delay_reset_7/tc_reg1) is unused and will be removed from module xfft_v9_1_9_viv.
INFO: [Synth 8-3332] Sequential element (xfft_inst/non_floating_point.arch_d.xfft_inst/FLOW/has_nfft.counter_limit_reg[15].max_n_int_minus_one_ff) is unused and will be removed from module xfft_v9_1_9_viv.
INFO: [Synth 8-3332] Sequential element (xfft_inst/non_floating_point.arch_d.xfft_inst/FLOW/has_nfft.counter_limit_reg[14].max_n_int_minus_one_ff) is unused and will be removed from module xfft_v9_1_9_viv.
INFO: [Synth 8-3332] Sequential element (xfft_inst/non_floating_point.arch_d.xfft_inst/FLOW/has_nfft.counter_limit_reg[13].max_n_int_minus_one_ff) is unused and will be removed from module xfft_v9_1_9_viv.
INFO: [Synth 8-3332] Sequential element (xfft_inst/non_floating_point.arch_d.xfft_inst/FLOW/has_nfft.counter_limit_reg[12].max_n_int_minus_one_ff) is unused and will be removed from module xfft_v9_1_9_viv.
INFO: [Synth 8-3332] Sequential element (xfft_inst/non_floating_point.arch_d.xfft_inst/FLOW/has_nfft.counter_limit_reg[11].max_n_int_minus_one_ff) is unused and will be removed from module xfft_v9_1_9_viv.
INFO: [Synth 8-3332] Sequential element (xfft_inst/non_floating_point.arch_d.xfft_inst/FLOW/has_nfft.counter_limit_reg[10].max_n_int_minus_one_ff) is unused and will be removed from module xfft_v9_1_9_viv.
INFO: [Synth 8-3332] Sequential element (xfft_inst/non_floating_point.arch_d.xfft_inst/FLOW/has_nfft.counter_limit_reg[9].max_n_int_minus_one_ff) is unused and will be removed from module xfft_v9_1_9_viv.
INFO: [Synth 8-3332] Sequential element (xfft_inst/non_floating_point.arch_d.xfft_inst/FLOW/has_nfft.counter_limit_reg[8].max_n_int_minus_one_ff) is unused and will be removed from module xfft_v9_1_9_viv.
INFO: [Synth 8-3332] Sequential element (xfft_inst/non_floating_point.arch_d.xfft_inst/FLOW/has_nfft.counter_limit_reg[7].max_n_int_minus_one_ff) is unused and will be removed from module xfft_v9_1_9_viv.
INFO: [Synth 8-3332] Sequential element (xfft_inst/non_floating_point.arch_d.xfft_inst/FLOW/has_nfft.counter_limit_reg[0].max_n_int_minus_one_ff) is unused and will be removed from module xfft_v9_1_9_viv.
INFO: [Synth 8-3332] Sequential element (xfft_inst/non_floating_point.arch_d.xfft_inst/FLOW/has_nfft.counter_limit_early_reg[15].max_n_int_minus_one_ff) is unused and will be removed from module xfft_v9_1_9_viv.
INFO: [Synth 8-3332] Sequential element (xfft_inst/non_floating_point.arch_d.xfft_inst/FLOW/has_nfft.counter_limit_early_reg[14].max_n_int_minus_one_ff) is unused and will be removed from module xfft_v9_1_9_viv.
INFO: [Synth 8-3332] Sequential element (xfft_inst/non_floating_point.arch_d.xfft_inst/FLOW/has_nfft.counter_limit_early_reg[13].max_n_int_minus_one_ff) is unused and will be removed from module xfft_v9_1_9_viv.
INFO: [Synth 8-3332] Sequential element (xfft_inst/non_floating_point.arch_d.xfft_inst/FLOW/has_nfft.counter_limit_early_reg[12].max_n_int_minus_one_ff) is unused and will be removed from module xfft_v9_1_9_viv.
INFO: [Synth 8-3332] Sequential element (xfft_inst/non_floating_point.arch_d.xfft_inst/FLOW/has_nfft.counter_limit_early_reg[11].max_n_int_minus_one_ff) is unused and will be removed from module xfft_v9_1_9_viv.
INFO: [Synth 8-3332] Sequential element (xfft_inst/non_floating_point.arch_d.xfft_inst/FLOW/has_nfft.counter_limit_early_reg[10].max_n_int_minus_one_ff) is unused and will be removed from module xfft_v9_1_9_viv.
INFO: [Synth 8-3332] Sequential element (xfft_inst/non_floating_point.arch_d.xfft_inst/FLOW/has_nfft.counter_limit_early_reg[9].max_n_int_minus_one_ff) is unused and will be removed from module xfft_v9_1_9_viv.
INFO: [Synth 8-3332] Sequential element (xfft_inst/non_floating_point.arch_d.xfft_inst/FLOW/has_nfft.counter_limit_early_reg[8].max_n_int_minus_one_ff) is unused and will be removed from module xfft_v9_1_9_viv.
INFO: [Synth 8-3332] Sequential element (xfft_inst/non_floating_point.arch_d.xfft_inst/FLOW/has_nfft.counter_limit_early_reg[7].max_n_int_minus_one_ff) is unused and will be removed from module xfft_v9_1_9_viv.
INFO: [Synth 8-3332] Sequential element (xfft_inst/non_floating_point.arch_d.xfft_inst/FLOW/has_nfft.counter_limit_early_reg[1].max_n_int_minus_one_ff) is unused and will be removed from module xfft_v9_1_9_viv.
INFO: [Synth 8-3332] Sequential element (xfft_inst/non_floating_point.arch_d.xfft_inst/pe0_bf1_addr_gen/no_sclr_lut.real_shift_ram.use_baseblock.use_hlutnm_srls.srl_loop[0].i_fdre0) is unused and will be removed from module xfft_v9_1_9_viv.
INFO: [Synth 8-3332] Sequential element (xfft_inst/non_floating_point.arch_d.xfft_inst/pe_gen[0].natural_order_input.PE/has_scale_pipelining.pe_ovflo_delay/no_sclr_lut.real_shift_ram.use_baseblock.use_hlutnm_srls.runt_srl_loop.i_fdre) is unused and will be removed from module xfft_v9_1_9_viv.
INFO: [Synth 8-3332] Sequential element (xfft_inst/non_floating_point.arch_d.xfft_inst/pe_gen[0].natural_order_input.PE/delay_addr_bf2/no_sclr_lut.real_shift_ram.use_baseblock.use_hlutnm_srls.srl_loop[0].i_fdre0) is unused and will be removed from module xfft_v9_1_9_viv.
INFO: [Synth 8-3332] Sequential element (xfft_inst/non_floating_point.arch_d.xfft_inst/pe_gen[0].natural_order_input.PE/delay_addr_bf2/no_sclr_lut.real_shift_ram.use_baseblock.use_hlutnm_srls.srl_loop[0].i_fdre1) is unused and will be removed from module xfft_v9_1_9_viv.
INFO: [Synth 8-3332] Sequential element (xfft_inst/non_floating_point.arch_d.xfft_inst/pe_gen[0].natural_order_input.PE/delay_addr_bf2/no_sclr_lut.real_shift_ram.use_baseblock.use_hlutnm_srls.srl_loop[1].i_fdre0) is unused and will be removed from module xfft_v9_1_9_viv.
INFO: [Synth 8-3332] Sequential element (xfft_inst/non_floating_point.arch_d.xfft_inst/pe_gen[0].natural_order_input.PE/delay_addr_bf2/no_sclr_lut.real_shift_ram.use_baseblock.use_hlutnm_srls.srl_loop[1].i_fdre1) is unused and will be removed from module xfft_v9_1_9_viv.
INFO: [Synth 8-3332] Sequential element (xfft_inst/non_floating_point.arch_d.xfft_inst/pe_gen[0].natural_order_input.PE/delay_addr_tw/no_sclr_lut.real_shift_ram.use_baseblock.use_hlutnm_srls.srl_loop[0].i_fdre0) is unused and will be removed from module xfft_v9_1_9_viv.
INFO: [Synth 8-3332] Sequential element (xfft_inst/non_floating_point.arch_d.xfft_inst/pe_gen[0].natural_order_input.PE/delay_addr_tw/no_sclr_lut.real_shift_ram.use_baseblock.use_hlutnm_srls.srl_loop[0].i_fdre1) is unused and will be removed from module xfft_v9_1_9_viv.
INFO: [Synth 8-3332] Sequential element (xfft_inst/non_floating_point.arch_d.xfft_inst/pe_gen[0].natural_order_input.PE/delay_addr_tw/no_sclr_lut.real_shift_ram.use_baseblock.use_hlutnm_srls.srl_loop[1].i_fdre0) is unused and will be removed from module xfft_v9_1_9_viv.
INFO: [Synth 8-3332] Sequential element (xfft_inst/non_floating_point.arch_d.xfft_inst/pe_gen[0].natural_order_input.PE/delay_addr_tw/no_sclr_lut.real_shift_ram.use_baseblock.use_hlutnm_srls.srl_loop[1].i_fdre1) is unused and will be removed from module xfft_v9_1_9_viv.
INFO: [Synth 8-3332] Sequential element (xfft_inst/non_floating_point.arch_d.xfft_inst/pe_gen[0].natural_order_input.PE/delay_addr_tw/no_sclr_lut.real_shift_ram.use_baseblock.use_hlutnm_srls.srl_loop[2].i_fdre0) is unused and will be removed from module xfft_v9_1_9_viv.
INFO: [Synth 8-3332] Sequential element (xfft_inst/non_floating_point.arch_d.xfft_inst/pe_gen[0].natural_order_input.PE/delay_addr_tw/no_sclr_lut.real_shift_ram.use_baseblock.use_hlutnm_srls.srl_loop[2].i_fdre1) is unused and will be removed from module xfft_v9_1_9_viv.
INFO: [Synth 8-3332] Sequential element (xfft_inst/non_floating_point.arch_d.xfft_inst/pe_gen[0].natural_order_input.PE/delay_addr_tw/no_sclr_lut.real_shift_ram.use_baseblock.use_hlutnm_srls.runt_srl_loop.i_fdre) is unused and will be removed from module xfft_v9_1_9_viv.
INFO: [Synth 8-3332] Sequential element (xfft_inst/non_floating_point.arch_d.xfft_inst/pe_gen[0].natural_order_input.PE/FB_1.BF_1/wr_addr_del/no_sclr_lut.real_shift_ram.use_baseblock.use_hlutnm_srls.srl_loop[0].i_fdre0) is unused and will be removed from module xfft_v9_1_9_viv.
INFO: [Synth 8-3332] Sequential element (xfft_inst/non_floating_point.arch_d.xfft_inst/pe_gen[0].natural_order_input.PE/FB_1.BF_1/wr_addr_del/no_sclr_lut.real_shift_ram.use_baseblock.use_hlutnm_srls.srl_loop[0].i_fdre1) is unused and will be removed from module xfft_v9_1_9_viv.
INFO: [Synth 8-3332] Sequential element (xfft_inst/non_floating_point.arch_d.xfft_inst/pe_gen[0].natural_order_input.PE/FB_1.BF_1/wr_addr_del/no_sclr_lut.real_shift_ram.use_baseblock.use_hlutnm_srls.srl_loop[1].i_fdre0) is unused and will be removed from module xfft_v9_1_9_viv.
INFO: [Synth 8-3332] Sequential element (xfft_inst/non_floating_point.arch_d.xfft_inst/pe_gen[0].natural_order_input.PE/FB_1.BF_1/wr_addr_del/no_sclr_lut.real_shift_ram.use_baseblock.use_hlutnm_srls.srl_loop[1].i_fdre1) is unused and will be removed from module xfft_v9_1_9_viv.
INFO: [Synth 8-3332] Sequential element (xfft_inst/non_floating_point.arch_d.xfft_inst/pe_gen[0].natural_order_input.PE/FB_1.BF_1/wr_addr_del/no_sclr_lut.real_shift_ram.use_baseblock.use_hlutnm_srls.srl_loop[2].i_fdre0) is unused and will be removed from module xfft_v9_1_9_viv.
INFO: [Synth 8-3332] Sequential element (xfft_inst/non_floating_point.arch_d.xfft_inst/pe_gen[0].natural_order_input.PE/FB_1.BF_1/wr_addr_del/no_sclr_lut.real_shift_ram.use_baseblock.use_hlutnm_srls.srl_loop[2].i_fdre1) is unused and will be removed from module xfft_v9_1_9_viv.
INFO: [Synth 8-3332] Sequential element (xfft_inst/non_floating_point.arch_d.xfft_inst/pe_gen[0].natural_order_input.PE/hasbf2.FB_2.BF_2/wr_addr_del/no_sclr_lut.real_shift_ram.use_baseblock.use_hlutnm_srls.srl_loop[0].i_fdre0) is unused and will be removed from module xfft_v9_1_9_viv.
INFO: [Synth 8-3332] Sequential element (xfft_inst/non_floating_point.arch_d.xfft_inst/pe_gen[0].natural_order_input.PE/hasbf2.FB_2.BF_2/wr_addr_del/no_sclr_lut.real_shift_ram.use_baseblock.use_hlutnm_srls.srl_loop[0].i_fdre1) is unused and will be removed from module xfft_v9_1_9_viv.
INFO: [Synth 8-3332] Sequential element (xfft_inst/non_floating_point.arch_d.xfft_inst/pe_gen[0].natural_order_input.PE/hasbf2.FB_2.BF_2/wr_addr_del/no_sclr_lut.real_shift_ram.use_baseblock.use_hlutnm_srls.srl_loop[1].i_fdre0) is unused and will be removed from module xfft_v9_1_9_viv.
INFO: [Synth 8-3332] Sequential element (xfft_inst/non_floating_point.arch_d.xfft_inst/pe_gen[0].natural_order_input.PE/hasbf2.FB_2.BF_2/wr_addr_del/no_sclr_lut.real_shift_ram.use_baseblock.use_hlutnm_srls.srl_loop[1].i_fdre1) is unused and will be removed from module xfft_v9_1_9_viv.
INFO: [Synth 8-3332] Sequential element (xfft_inst/non_floating_point.arch_d.xfft_inst/pe_gen[0].natural_order_input.PE/hasbf2.FB_2.BF_2/wr_addr_del/no_sclr_lut.real_shift_ram.use_baseblock.use_hlutnm_srls.runt_srl_loop.i_fdre) is unused and will be removed from module xfft_v9_1_9_viv.
INFO: [Synth 8-3332] Sequential element (xfft_inst/non_floating_point.arch_d.xfft_inst/pe_gen[0].natural_order_input.PE/scaling2bits.scaler_re/scale_mux/four_inputs.use_lut6.no_lut_sclr.four_to_one_mux[42].latency1.reg) is unused and will be removed from module xfft_v9_1_9_viv.
INFO: [Synth 8-3332] Sequential element (xfft_inst/non_floating_point.arch_d.xfft_inst/pe_gen[0].natural_order_input.PE/scaling2bits.scaler_re/scale_mux/four_inputs.use_lut6.no_lut_sclr.four_to_one_mux[41].latency1.reg) is unused and will be removed from module xfft_v9_1_9_viv.
INFO: [Synth 8-3332] Sequential element (xfft_inst/non_floating_point.arch_d.xfft_inst/pe_gen[0].natural_order_input.PE/scaling2bits.scaler_re/scale_mux/four_inputs.use_lut6.no_lut_sclr.four_to_one_mux[40].latency1.reg) is unused and will be removed from module xfft_v9_1_9_viv.
INFO: [Synth 8-3332] Sequential element (xfft_inst/non_floating_point.arch_d.xfft_inst/pe_gen[0].natural_order_input.PE/scaling2bits.scaler_im/scale_mux/four_inputs.use_lut6.no_lut_sclr.four_to_one_mux[42].latency1.reg) is unused and will be removed from module xfft_v9_1_9_viv.
INFO: [Synth 8-3332] Sequential element (xfft_inst/non_floating_point.arch_d.xfft_inst/pe_gen[0].natural_order_input.PE/scaling2bits.scaler_im/scale_mux/four_inputs.use_lut6.no_lut_sclr.four_to_one_mux[41].latency1.reg) is unused and will be removed from module xfft_v9_1_9_viv.
INFO: [Synth 8-3332] Sequential element (xfft_inst/non_floating_point.arch_d.xfft_inst/pe_gen[0].natural_order_input.PE/scaling2bits.scaler_im/scale_mux/four_inputs.use_lut6.no_lut_sclr.four_to_one_mux[40].latency1.reg) is unused and will be removed from module xfft_v9_1_9_viv.
INFO: [Synth 8-3332] Sequential element (xfft_inst/non_floating_point.arch_d.xfft_inst/pe_gen[0].natural_order_input.PE/rounding.ROUND_0/reg_gate.delay_d_2/no_sclr_lut.real_shift_ram.use_baseblock.use_hlutnm_srls.srl_loop[0].i_fdre0) is unused and will be removed from module xfft_v9_1_9_viv.
INFO: [Synth 8-3332] Sequential element (xfft_inst/non_floating_point.arch_d.xfft_inst/pe_gen[0].natural_order_input.PE/rounding.ROUND_1/reg_gate.delay_d_2/no_sclr_lut.real_shift_ram.use_baseblock.use_hlutnm_srls.srl_loop[0].i_fdre0) is unused and will be removed from module xfft_v9_1_9_viv.
INFO: [Synth 8-3332] Sequential element (xfft_inst/non_floating_point.arch_d.xfft_inst/pe_gen[0].natural_order_input.PE/has_scale_pipelining.has_tw_scale_reg.tw_scale_reg_gen[7].tw_scale_reg) is unused and will be removed from module xfft_v9_1_9_viv.
INFO: [Synth 8-3332] Sequential element (xfft_inst/non_floating_point.arch_d.xfft_inst/pe_gen[1].natural_order_input.PE/scaling2bits.scaler_re/scale_mux/four_inputs.use_lut6.no_lut_sclr.four_to_one_mux[42].latency1.reg) is unused and will be removed from module xfft_v9_1_9_viv.
INFO: [Synth 8-3332] Sequential element (xfft_inst/non_floating_point.arch_d.xfft_inst/pe_gen[1].natural_order_input.PE/scaling2bits.scaler_re/scale_mux/four_inputs.use_lut6.no_lut_sclr.four_to_one_mux[41].latency1.reg) is unused and will be removed from module xfft_v9_1_9_viv.
INFO: [Synth 8-3332] Sequential element (xfft_inst/non_floating_point.arch_d.xfft_inst/pe_gen[1].natural_order_input.PE/scaling2bits.scaler_re/scale_mux/four_inputs.use_lut6.no_lut_sclr.four_to_one_mux[40].latency1.reg) is unused and will be removed from module xfft_v9_1_9_viv.
INFO: [Synth 8-3332] Sequential element (xfft_inst/non_floating_point.arch_d.xfft_inst/pe_gen[1].natural_order_input.PE/scaling2bits.scaler_im/scale_mux/four_inputs.use_lut6.no_lut_sclr.four_to_one_mux[42].latency1.reg) is unused and will be removed from module xfft_v9_1_9_viv.
INFO: [Synth 8-3332] Sequential element (xfft_inst/non_floating_point.arch_d.xfft_inst/pe_gen[1].natural_order_input.PE/scaling2bits.scaler_im/scale_mux/four_inputs.use_lut6.no_lut_sclr.four_to_one_mux[41].latency1.reg) is unused and will be removed from module xfft_v9_1_9_viv.
INFO: [Synth 8-3332] Sequential element (xfft_inst/non_floating_point.arch_d.xfft_inst/pe_gen[1].natural_order_input.PE/scaling2bits.scaler_im/scale_mux/four_inputs.use_lut6.no_lut_sclr.four_to_one_mux[40].latency1.reg) is unused and will be removed from module xfft_v9_1_9_viv.
INFO: [Synth 8-3332] Sequential element (xfft_inst/non_floating_point.arch_d.xfft_inst/pe_gen[1].natural_order_input.PE/rounding.ROUND_0/reg_gate.delay_d_2/no_sclr_lut.real_shift_ram.use_baseblock.use_hlutnm_srls.srl_loop[0].i_fdre0) is unused and will be removed from module xfft_v9_1_9_viv.
INFO: [Synth 8-3332] Sequential element (xfft_inst/non_floating_point.arch_d.xfft_inst/pe_gen[1].natural_order_input.PE/rounding.ROUND_1/reg_gate.delay_d_2/no_sclr_lut.real_shift_ram.use_baseblock.use_hlutnm_srls.srl_loop[0].i_fdre0) is unused and will be removed from module xfft_v9_1_9_viv.
INFO: [Synth 8-3332] Sequential element (xfft_inst/non_floating_point.arch_d.xfft_inst/pe_gen[1].natural_order_input.PE/addr_select.bf1_addr_mux_gen[2].reg) is unused and will be removed from module xfft_v9_1_9_viv.
INFO: [Synth 8-3332] Sequential element (xfft_inst/non_floating_point.arch_d.xfft_inst/pe_gen[1].natural_order_input.PE/addr_select.bf1_addr_mux_gen[1].reg) is unused and will be removed from module xfft_v9_1_9_viv.
INFO: [Synth 8-3332] Sequential element (xfft_inst/non_floating_point.arch_d.xfft_inst/pe_gen[1].natural_order_input.PE/addr_select.bf1_addr_mux_gen[0].reg) is unused and will be removed from module xfft_v9_1_9_viv.
INFO: [Synth 8-3332] Sequential element (xfft_inst/non_floating_point.arch_d.xfft_inst/pe_gen[1].natural_order_input.PE/has_scale_pipelining.scale_select.scale_mux_gen[5].reg) is unused and will be removed from module xfft_v9_1_9_viv.
INFO: [Synth 8-3332] Sequential element (xfft_inst/non_floating_point.arch_d.xfft_inst/pe_gen[1].natural_order_input.PE/has_scale_pipelining.has_tw_scale_reg.tw_scale_reg_gen[5].tw_scale_reg) is unused and will be removed from module xfft_v9_1_9_viv.
INFO: [Synth 8-3332] Sequential element (xfft_inst/non_floating_point.arch_d.xfft_inst/pe_gen[2].natural_order_input.PE/delay_addr_tw/no_sclr_lut.real_shift_ram.use_baseblock.use_hlutnm_srls.srl_loop[0].i_fdre0) is unused and will be removed from module xfft_v9_1_9_viv.
INFO: [Synth 8-3332] Sequential element (xfft_inst/non_floating_point.arch_d.xfft_inst/pe_gen[2].natural_order_input.PE/delay_addr_tw/no_sclr_lut.real_shift_ram.use_baseblock.use_hlutnm_srls.srl_loop[0].i_fdre1) is unused and will be removed from module xfft_v9_1_9_viv.
INFO: [Synth 8-3332] Sequential element (xfft_inst/non_floating_point.arch_d.xfft_inst/pe_gen[2].natural_order_input.PE/delay_addr_tw/no_sclr_lut.real_shift_ram.use_baseblock.use_hlutnm_srls.runt_srl_loop.i_fdre) is unused and will be removed from module xfft_v9_1_9_viv.
INFO: [Synth 8-3332] Sequential element (xfft_inst/non_floating_point.arch_d.xfft_inst/pe_gen[2].natural_order_input.PE/scaling2bits.scaler_re/scale_mux/four_inputs.use_lut6.no_lut_sclr.four_to_one_mux[42].latency1.reg) is unused and will be removed from module xfft_v9_1_9_viv.
INFO: [Synth 8-3332] Sequential element (xfft_inst/non_floating_point.arch_d.xfft_inst/pe_gen[2].natural_order_input.PE/scaling2bits.scaler_re/scale_mux/four_inputs.use_lut6.no_lut_sclr.four_to_one_mux[41].latency1.reg) is unused and will be removed from module xfft_v9_1_9_viv.
INFO: [Synth 8-3332] Sequential element (xfft_inst/non_floating_point.arch_d.xfft_inst/pe_gen[2].natural_order_input.PE/scaling2bits.scaler_re/scale_mux/four_inputs.use_lut6.no_lut_sclr.four_to_one_mux[40].latency1.reg) is unused and will be removed from module xfft_v9_1_9_viv.
INFO: [Synth 8-3332] Sequential element (xfft_inst/non_floating_point.arch_d.xfft_inst/pe_gen[2].natural_order_input.PE/scaling2bits.scaler_im/scale_mux/four_inputs.use_lut6.no_lut_sclr.four_to_one_mux[42].latency1.reg) is unused and will be removed from module xfft_v9_1_9_viv.
INFO: [Synth 8-3332] Sequential element (xfft_inst/non_floating_point.arch_d.xfft_inst/pe_gen[2].natural_order_input.PE/scaling2bits.scaler_im/scale_mux/four_inputs.use_lut6.no_lut_sclr.four_to_one_mux[41].latency1.reg) is unused and will be removed from module xfft_v9_1_9_viv.
INFO: [Synth 8-3332] Sequential element (xfft_inst/non_floating_point.arch_d.xfft_inst/pe_gen[2].natural_order_input.PE/scaling2bits.scaler_im/scale_mux/four_inputs.use_lut6.no_lut_sclr.four_to_one_mux[40].latency1.reg) is unused and will be removed from module xfft_v9_1_9_viv.
INFO: [Synth 8-3332] Sequential element (xfft_inst/non_floating_point.arch_d.xfft_inst/pe_gen[2].natural_order_input.PE/rounding.ROUND_0/reg_gate.delay_d_2/no_sclr_lut.real_shift_ram.use_baseblock.use_hlutnm_srls.srl_loop[0].i_fdre0) is unused and will be removed from module xfft_v9_1_9_viv.
INFO: [Synth 8-3332] Sequential element (xfft_inst/non_floating_point.arch_d.xfft_inst/pe_gen[2].natural_order_input.PE/rounding.ROUND_1/reg_gate.delay_d_2/no_sclr_lut.real_shift_ram.use_baseblock.use_hlutnm_srls.srl_loop[0].i_fdre0) is unused and will be removed from module xfft_v9_1_9_viv.
INFO: [Synth 8-3332] Sequential element (xfft_inst/non_floating_point.arch_d.xfft_inst/pe_gen[2].natural_order_input.PE/addr_select.bf1_addr_mux_gen[0].reg) is unused and will be removed from module xfft_v9_1_9_viv.
INFO: [Synth 8-3332] Sequential element (xfft_inst/non_floating_point.arch_d.xfft_inst/pe_gen[2].natural_order_input.PE/has_scale_pipelining.scale_select.scale_mux_gen[3].reg) is unused and will be removed from module xfft_v9_1_9_viv.
INFO: [Synth 8-3332] Sequential element (xfft_inst/non_floating_point.arch_d.xfft_inst/pe_gen[2].natural_order_input.PE/has_scale_pipelining.has_tw_scale_reg.tw_scale_reg_gen[3].tw_scale_reg) is unused and will be removed from module xfft_v9_1_9_viv.
INFO: [Synth 8-3332] Sequential element (xfft_inst/non_floating_point.arch_d.xfft_inst/pe_gen[3].natural_order_input.PE/has_scale_pipelining.pe_scale_delay/no_sclr_lut.real_shift_ram.use_baseblock.use_hlutnm_srls.srl_loop[0].i_fdre1) is unused and will be removed from module xfft_v9_1_9_viv.
INFO: [Synth 8-3332] Sequential element (xfft_inst/non_floating_point.arch_d.xfft_inst/pe_gen[3].natural_order_input.PE/has_scale_pipelining.pe_ovflo_delay/no_sclr_lut.real_shift_ram.use_baseblock.use_hlutnm_srls.runt_srl_loop.i_fdre) is unused and will be removed from module xfft_v9_1_9_viv.
INFO: [Synth 8-3332] Sequential element (xfft_inst/non_floating_point.arch_d.xfft_inst/pe_gen[3].natural_order_input.PE/delay_addr_bf2/no_sclr_lut.real_shift_ram.use_baseblock.use_hlutnm_srls.runt_srl_loop.i_fdre) is unused and will be removed from module xfft_v9_1_9_viv.
INFO: [Synth 8-3332] Sequential element (xfft_inst/non_floating_point.arch_d.xfft_inst/pe_gen[3].natural_order_input.PE/delay_addr_tw/no_sclr_lut.real_shift_ram.use_baseblock.use_hlutnm_srls.runt_srl_loop.i_fdre) is unused and will be removed from module xfft_v9_1_9_viv.
INFO: [Synth 8-3332] Sequential element (xfft_inst/non_floating_point.arch_d.xfft_inst/pe_gen[3].natural_order_input.PE/rounding.ROUND_0/reg_gate.delay_d_2/no_sclr_lut.real_shift_ram.use_baseblock.use_hlutnm_srls.srl_loop[0].i_fdre0) is unused and will be removed from module xfft_v9_1_9_viv.
INFO: [Synth 8-3332] Sequential element (xfft_inst/non_floating_point.arch_d.xfft_inst/pe_gen[3].natural_order_input.PE/rounding.ROUND_1/reg_gate.delay_d_2/no_sclr_lut.real_shift_ram.use_baseblock.use_hlutnm_srls.srl_loop[0].i_fdre0) is unused and will be removed from module xfft_v9_1_9_viv.
INFO: [Synth 8-3332] Sequential element (xfft_inst/non_floating_point.arch_d.xfft_inst/has_bit_reverse.busy_gen/proc_start_delay/need_sclr_lut.real_shift_ram.FF_gen[0].reg) is unused and will be removed from module xfft_v9_1_9_viv.
INFO: [Synth 8-3332] Sequential element (xfft_inst/non_floating_point.arch_d.xfft_inst/timing_cnts_has_nfft.duplicate_regs[4].other.nfft_regs[4].nfft_regs_fde) is unused and will be removed from module xfft_v9_1_9_viv.
INFO: [Synth 8-3332] Sequential element (xfft_inst/non_floating_point.arch_d.xfft_inst/timing_cnts_has_nfft.duplicate_regs[4].other.nfft_regs[3].nfft_regs_fde) is unused and will be removed from module xfft_v9_1_9_viv.
INFO: [Synth 8-3332] Sequential element (xfft_inst/non_floating_point.arch_d.xfft_inst/timing_cnts_has_nfft.duplicate_regs[4].other.nfft_regs[2].nfft_regs_fde) is unused and will be removed from module xfft_v9_1_9_viv.
INFO: [Synth 8-3332] Sequential element (xfft_inst/non_floating_point.arch_d.xfft_inst/timing_cnts_has_nfft.duplicate_regs[4].other.nfft_regs[1].nfft_regs_fde) is unused and will be removed from module xfft_v9_1_9_viv.
INFO: [Synth 8-3332] Sequential element (xfft_inst/non_floating_point.arch_d.xfft_inst/timing_cnts_has_nfft.duplicate_regs[4].other.nfft_regs[0].nfft_regs_fde) is unused and will be removed from module xfft_v9_1_9_viv.
INFO: [Synth 8-3332] Sequential element (xfft_inst/non_floating_point.arch_d.xfft_inst/timing_cnts_has_nfft.duplicate_regs[3].other.nfft_regs[4].nfft_regs_fde) is unused and will be removed from module xfft_v9_1_9_viv.
INFO: [Synth 8-3332] Sequential element (xfft_inst/non_floating_point.arch_d.xfft_inst/timing_cnts_has_nfft.duplicate_regs[3].other.nfft_regs[3].nfft_regs_fde) is unused and will be removed from module xfft_v9_1_9_viv.
INFO: [Synth 8-3332] Sequential element (xfft_inst/non_floating_point.arch_d.xfft_inst/timing_cnts_has_nfft.duplicate_regs[2].other.nfft_regs[4].nfft_regs_fde) is unused and will be removed from module xfft_v9_1_9_viv.
INFO: [Common 17-14] Message 'Synth 8-3332' appears 100 times and further instances of the messages will be disabled. Use the Tcl command set_msg_config to change the current settings.
---------------------------------------------------------------------------------
Finished Cross Boundary and Area Optimization : Time (s): cpu = 00:01:18 ; elapsed = 00:01:30 . Memory (MB): peak = 2912.965 ; gain = 2017.473
---------------------------------------------------------------------------------
---------------------------------------------------------------------------------
Start Applying XDC Timing Constraints
---------------------------------------------------------------------------------
---------------------------------------------------------------------------------
Finished Applying XDC Timing Constraints : Time (s): cpu = 00:01:23 ; elapsed = 00:01:35 . Memory (MB): peak = 2912.965 ; gain = 2017.473
---------------------------------------------------------------------------------
---------------------------------------------------------------------------------
Start Timing Optimization
---------------------------------------------------------------------------------
---------------------------------------------------------------------------------
Finished Timing Optimization : Time (s): cpu = 00:01:25 ; elapsed = 00:01:37 . Memory (MB): peak = 2912.965 ; gain = 2017.473
---------------------------------------------------------------------------------
---------------------------------------------------------------------------------
Start Technology Mapping
---------------------------------------------------------------------------------
---------------------------------------------------------------------------------
Finished Technology Mapping : Time (s): cpu = 00:01:28 ; elapsed = 00:01:41 . Memory (MB): peak = 2912.965 ; gain = 2017.473
---------------------------------------------------------------------------------
---------------------------------------------------------------------------------
Start IO Insertion
---------------------------------------------------------------------------------
---------------------------------------------------------------------------------
Start Flattening Before IO Insertion
---------------------------------------------------------------------------------
---------------------------------------------------------------------------------
Finished Flattening Before IO Insertion
---------------------------------------------------------------------------------
---------------------------------------------------------------------------------
Start Final Netlist Cleanup
---------------------------------------------------------------------------------
---------------------------------------------------------------------------------
Finished Final Netlist Cleanup
---------------------------------------------------------------------------------
---------------------------------------------------------------------------------
Finished IO Insertion : Time (s): cpu = 00:01:31 ; elapsed = 00:01:44 . Memory (MB): peak = 2912.965 ; gain = 2017.473
---------------------------------------------------------------------------------
---------------------------------------------------------------------------------
Start Renaming Generated Instances
---------------------------------------------------------------------------------
---------------------------------------------------------------------------------
Finished Renaming Generated Instances : Time (s): cpu = 00:01:31 ; elapsed = 00:01:44 . Memory (MB): peak = 2912.965 ; gain = 2017.473
---------------------------------------------------------------------------------
---------------------------------------------------------------------------------
Start Rebuilding User Hierarchy
---------------------------------------------------------------------------------
---------------------------------------------------------------------------------
Finished Rebuilding User Hierarchy : Time (s): cpu = 00:01:32 ; elapsed = 00:01:45 . Memory (MB): peak = 2912.965 ; gain = 2017.473
---------------------------------------------------------------------------------
---------------------------------------------------------------------------------
Start Renaming Generated Ports
---------------------------------------------------------------------------------
---------------------------------------------------------------------------------
Finished Renaming Generated Ports : Time (s): cpu = 00:01:32 ; elapsed = 00:01:45 . Memory (MB): peak = 2912.965 ; gain = 2017.473
---------------------------------------------------------------------------------
---------------------------------------------------------------------------------
Start Handling Custom Attributes
---------------------------------------------------------------------------------
---------------------------------------------------------------------------------
Finished Handling Custom Attributes : Time (s): cpu = 00:01:32 ; elapsed = 00:01:45 . Memory (MB): peak = 2912.965 ; gain = 2017.473
---------------------------------------------------------------------------------
---------------------------------------------------------------------------------
Start Renaming Generated Nets
---------------------------------------------------------------------------------
---------------------------------------------------------------------------------
Finished Renaming Generated Nets : Time (s): cpu = 00:01:32 ; elapsed = 00:01:45 . Memory (MB): peak = 2912.965 ; gain = 2017.473
---------------------------------------------------------------------------------
---------------------------------------------------------------------------------
Start Writing Synthesis Report
---------------------------------------------------------------------------------

DSP Final Report (the ' indicates corresponding REG is set)
+----------------------+-------------+--------+--------+--------+--------+--------+------+------+------+------+-------+------+------+
|Module Name           | DSP Mapping | A Size | B Size | C Size | D Size | P Size | AREG | BREG | CREG | DREG | ADREG | MREG | PREG | 
+----------------------+-------------+--------+--------+--------+--------+--------+------+------+------+------+-------+------+------+
|cmpy_4_dsp48_mult_717 | Dynamic     | -      | -      | -      | -      | 0      | -    | -    | -    | -    | -     | 1    | 1    | 
|cmpy_4_dsp48_mult_717 | Dynamic     | -      | -      | -      | -      | 17     | -    | -    | -    | -    | -     | 1    | 1    | 
|cmpy_4_dsp48_mult_717 | Dynamic     | -      | -      | -      | -      | 0      | -    | -    | -    | -    | 1     | 1    | 1    | 
|cmpy_4_dsp48_mult_717 | Dynamic     | -      | -      | -      | -      | 44     | -    | -    | -    | -    | 1     | 1    | 1    | 
|cmpy_4_dsp48_mult_717 | Dynamic     | -      | -      | -      | -      | 0      | -    | -    | -    | -    | -     | 1    | 1    | 
|cmpy_4_dsp48_mult_717 | Dynamic     | -      | -      | -      | -      | 17     | -    | -    | -    | -    | -     | 1    | 1    | 
|cmpy_4_dsp48_mult_717 | Dynamic     | -      | -      | -      | -      | 0      | -    | -    | -    | -    | 1     | 1    | 1    | 
|cmpy_4_dsp48_mult_717 | Dynamic     | -      | -      | -      | -      | 44     | -    | -    | -    | -    | 1     | 1    | 1    | 
|cmpy_4_dsp48_mult_424 | Dynamic     | -      | -      | -      | -      | 0      | -    | -    | -    | -    | -     | 1    | 1    | 
|cmpy_4_dsp48_mult_424 | Dynamic     | -      | -      | -      | -      | 17     | -    | -    | -    | -    | -     | 1    | 1    | 
|cmpy_4_dsp48_mult_424 | Dynamic     | -      | -      | -      | -      | 0      | -    | -    | -    | -    | 1     | 1    | 1    | 
|cmpy_4_dsp48_mult_424 | Dynamic     | -      | -      | -      | -      | 44     | -    | -    | -    | -    | 1     | 1    | 1    | 
|cmpy_4_dsp48_mult_424 | Dynamic     | -      | -      | -      | -      | 0      | -    | -    | -    | -    | -     | 1    | 1    | 
|cmpy_4_dsp48_mult_424 | Dynamic     | -      | -      | -      | -      | 17     | -    | -    | -    | -    | -     | 1    | 1    | 
|cmpy_4_dsp48_mult_424 | Dynamic     | -      | -      | -      | -      | 0      | -    | -    | -    | -    | 1     | 1    | 1    | 
|cmpy_4_dsp48_mult_424 | Dynamic     | -      | -      | -      | -      | 44     | -    | -    | -    | -    | 1     | 1    | 1    | 
|cmpy_4_dsp48_mult     | Dynamic     | -      | -      | -      | -      | 0      | -    | -    | -    | -    | -     | 1    | 1    | 
|cmpy_4_dsp48_mult     | Dynamic     | -      | -      | -      | -      | 17     | -    | -    | -    | -    | -     | 1    | 1    | 
|cmpy_4_dsp48_mult     | Dynamic     | -      | -      | -      | -      | 0      | -    | -    | -    | -    | 1     | 1    | 1    | 
|cmpy_4_dsp48_mult     | Dynamic     | -      | -      | -      | -      | 44     | -    | -    | -    | -    | 1     | 1    | 1    | 
|cmpy_4_dsp48_mult     | Dynamic     | -      | -      | -      | -      | 0      | -    | -    | -    | -    | -     | 1    | 1    | 
|cmpy_4_dsp48_mult     | Dynamic     | -      | -      | -      | -      | 17     | -    | -    | -    | -    | -     | 1    | 1    | 
|cmpy_4_dsp48_mult     | Dynamic     | -      | -      | -      | -      | 0      | -    | -    | -    | -    | 1     | 1    | 1    | 
|cmpy_4_dsp48_mult     | Dynamic     | -      | -      | -      | -      | 44     | -    | -    | -    | -    | 1     | 1    | 1    | 
+----------------------+-------------+--------+--------+--------+--------+--------+------+------+------+------+-------+------+------+


Report BlackBoxes: 
+-+--------------+----------+
| |BlackBox name |Instances |
+-+--------------+----------+
+-+--------------+----------+

Report Cell Usage: 
+------+---------+------+
|      |Cell     |Count |
+------+---------+------+
|1     |DSP48E1  |    24|
|5     |LUT1     |    43|
|6     |LUT2     |   616|
|7     |LUT3     |  1796|
|8     |LUT4     |   466|
|9     |LUT5     |    65|
|10    |LUT6     |   422|
|11    |MUXCY    |  1254|
|12    |MUXF7    |    80|
|13    |RAMB18E1 |     2|
|14    |SRL16E   |  1464|
|15    |SRLC32E  |   241|
|16    |XORCY    |  1206|
|17    |FD       |     3|
|18    |FDE      |   731|
|19    |FDR      |    28|
|20    |FDRE     |  5537|
|21    |FDSE     |    43|
+------+---------+------+
---------------------------------------------------------------------------------
Finished Writing Synthesis Report : Time (s): cpu = 00:01:32 ; elapsed = 00:01:45 . Memory (MB): peak = 2912.965 ; gain = 2017.473
---------------------------------------------------------------------------------
Synthesis finished with 0 errors, 0 critical warnings and 860 warnings.
Synthesis Optimization Runtime : Time (s): cpu = 00:00:26 ; elapsed = 00:01:41 . Memory (MB): peak = 2912.965 ; gain = 2017.473
Synthesis Optimization Complete : Time (s): cpu = 00:01:32 ; elapsed = 00:01:45 . Memory (MB): peak = 2912.965 ; gain = 2017.473
INFO: [Project 1-571] Translating synthesized netlist
Netlist sorting complete. Time (s): cpu = 00:00:00 ; elapsed = 00:00:00.195 . Memory (MB): peak = 2912.965 ; gain = 0.000
INFO: [Netlist 29-17] Analyzing 3328 Unisim elements for replacement
INFO: [Netlist 29-28] Unisim Transformation completed in 0 CPU seconds
INFO: [Project 1-570] Preparing netlist for logic optimization
INFO: [Opt 31-138] Pushed 0 inverter(s) to 0 load pin(s).
Netlist sorting complete. Time (s): cpu = 00:00:00 ; elapsed = 00:00:00.004 . Memory (MB): peak = 2912.965 ; gain = 0.000
INFO: [Project 1-111] Unisim Transformation Summary:
  A total of 1119 instances were transformed.
  (MUXCY,XORCY) => CARRY4: 357 instances
  FD => FDRE: 3 instances
  FDE => FDRE: 731 instances
  FDR => FDRE: 28 instances

Synth Design complete | Checksum: 26094f2
INFO: [Common 17-83] Releasing license: Synthesis
193 Infos, 102 Warnings, 0 Critical Warnings and 0 Errors encountered.
synth_design completed successfully
INFO: [Common 17-600] The following parameters have non-default value.
tcl.statsThreshold
INFO: [Common 17-1381] The checkpoint 'C:/Users/gm/Vivado Projects/complete_det_new_comblock_psclock_ila/complete_det_new_comblock_psclock_ila.runs/xfft_1_synth_1/xfft_1.dcp' has been generated.
INFO: [Coretcl 2-1648] Added synthesis output to IP cache for IP xfft_1, cache-ID = c355f32918f87b7a
INFO: [Coretcl 2-1174] Renamed 1171 cell refs.
INFO: [Common 17-1381] The checkpoint 'C:/Users/gm/Vivado Projects/complete_det_new_comblock_psclock_ila/complete_det_new_comblock_psclock_ila.runs/xfft_1_synth_1/xfft_1.dcp' has been generated.
INFO: [runtcl-4] Executing : report_utilization -file xfft_1_utilization_synth.rpt -pb xfft_1_utilization_synth.pb
INFO: [Common 17-206] Exiting Vivado at Fri Jul 24 14:20:11 2026...

*** Running vivado
    with args -log xfft_1.vds -m64 -product Vivado -mode batch -messageDb vivado.pb -notrace -source xfft_1.tcl


ECHO is off.
ECHO is off.

****** Vivado v2023.1 (64-bit)
  **** SW Build 3865809 on Sun May  7 15:05:29 MDT 2023
  **** IP Build 3864474 on Sun May  7 20:36:21 MDT 2023
  **** SharedData Build 3865790 on Sun May 07 13:33:03 MDT 2023
    ** Copyright 1986-2022 Xilinx, Inc. All Rights Reserved.
    ** Copyright 2022-2023 Advanced Micro Devices, Inc. All Rights Reserved.

source xfft_1.tcl -notrace
INFO: [IP_Flow 19-234] Refreshing IP repositories
INFO: [IP_Flow 19-1700] Loaded user IP repository 'd:/Desktop PRE-FORMAT 25/CR_CYCLO/Verilog/ComBlock/core-comblock-master'.
INFO: [IP_Flow 19-2313] Loaded Vivado IP repository 'C:/Xilinx/Vivado/2023.1/data/ip'.
WARNING: [IP_Flow 19-4995] The host OS only allows 260 characters in a normal path. The IP cache path is more than 80 characters. If you experience issues with IP caching, please consider changing the IP cache to a location with a shorter path. Alternately consider using the OS subst command to map part of the path to a drive letter. 
Current IP cache path is c:/Users/gm/Vivado Projects/complete_det_final_ver/complete_det_final_ver.cache/ip 
INFO: [IP_Flow 19-6924] IPCACHE: Running cache check for IP inst: xfft_1
Command: synth_design -top xfft_1 -part xc7z020clg484-1 -incremental_mode off -mode out_of_context
Starting synth_design
Attempting to get a license for feature 'Synthesis' and/or device 'xc7z020'
INFO: [Common 17-349] Got license for feature 'Synthesis' and/or device 'xc7z020'
INFO: [Device 21-403] Loading part xc7z020clg484-1
INFO: [Synth 8-7079] Multithreading enabled for synth_design using a maximum of 2 processes.
INFO: [Synth 8-7078] Launching helper process for spawning children vivado processes
INFO: [Synth 8-7075] Helper process launched with PID 29172
---------------------------------------------------------------------------------
Starting RTL Elaboration : Time (s): cpu = 00:00:10 ; elapsed = 00:00:11 . Memory (MB): peak = 1305.078 ; gain = 409.207
---------------------------------------------------------------------------------
INFO: [Synth 8-638] synthesizing module 'xfft_1' [c:/Users/gm/Vivado Projects/complete_det_final_ver/complete_det_final_ver.gen/sources_1/ip/xfft_1/synth/xfft_1.vhd:84]
	Parameter C_XDEVICEFAMILY bound to: zynq - type: string 
	Parameter C_PART bound to: xc7z020clg484-1 - type: string 
	Parameter C_S_AXIS_CONFIG_TDATA_WIDTH bound to: 24 - type: integer 
	Parameter C_S_AXIS_DATA_TDATA_WIDTH bound to: 64 - type: integer 
	Parameter C_M_AXIS_DATA_TDATA_WIDTH bound to: 64 - type: integer 
	Parameter C_M_AXIS_DATA_TUSER_WIDTH bound to: 8 - type: integer 
	Parameter C_M_AXIS_STATUS_TDATA_WIDTH bound to: 1 - type: integer 
	Parameter C_THROTTLE_SCHEME bound to: 1 - type: integer 
	Parameter C_CHANNELS bound to: 1 - type: integer 
	Parameter C_NFFT_MAX bound to: 7 - type: integer 
	Parameter C_ARCH bound to: 3 - type: integer 
	Parameter C_HAS_NFFT bound to: 1 - type: integer 
	Parameter C_USE_FLT_PT bound to: 0 - type: integer 
	Parameter C_INPUT_WIDTH bound to: 32 - type: integer 
	Parameter C_TWIDDLE_WIDTH bound to: 12 - type: integer 
	Parameter C_OUTPUT_WIDTH bound to: 32 - type: integer 
	Parameter C_HAS_SCALING bound to: 1 - type: integer 
	Parameter C_HAS_BFP bound to: 0 - type: integer 
	Parameter C_HAS_ROUNDING bound to: 1 - type: integer 
	Parameter C_HAS_ACLKEN bound to: 0 - type: integer 
	Parameter C_HAS_ARESETN bound to: 1 - type: integer 
	Parameter C_HAS_OVFLO bound to: 0 - type: integer 
	Parameter C_HAS_NATURAL_INPUT bound to: 1 - type: integer 
	Parameter C_HAS_NATURAL_OUTPUT bound to: 1 - type: integer 
	Parameter C_HAS_CYCLIC_PREFIX bound to: 0 - type: integer 
	Parameter C_HAS_XK_INDEX bound to: 1 - type: integer 
	Parameter C_DATA_MEM_TYPE bound to: 1 - type: integer 
	Parameter C_TWIDDLE_MEM_TYPE bound to: 1 - type: integer 
	Parameter C_BRAM_STAGES bound to: 0 - type: integer 
	Parameter C_REORDER_MEM_TYPE bound to: 1 - type: integer 
	Parameter C_USE_HYBRID_RAM bound to: 0 - type: integer 
	Parameter C_OPTIMIZE_GOAL bound to: 0 - type: integer 
	Parameter C_CMPY_TYPE bound to: 2 - type: integer 
	Parameter C_BFLY_TYPE bound to: 0 - type: integer 
INFO: [Synth 8-3491] module 'xfft_v9_1_9' declared at 'c:/Users/gm/Vivado Projects/complete_det_final_ver/complete_det_final_ver.gen/sources_1/ip/xfft_1/hdl/xfft_v9_1_vh_rfs.vhd:103739' bound to instance 'U0' of component 'xfft_v9_1_9' [c:/Users/gm/Vivado Projects/complete_det_final_ver/complete_det_final_ver.gen/sources_1/ip/xfft_1/synth/xfft_1.vhd:193]
INFO: [Synth 8-3919] null assignment ignored
INFO: [Synth 8-3919] null assignment ignored
INFO: [Synth 8-3919] null assignment ignored
INFO: [Synth 8-3919] null assignment ignored
INFO: [Synth 8-3919] null assignment ignored
INFO: [Synth 8-3919] null assignment ignored
INFO: [Synth 8-3919] null assignment ignored
INFO: [Synth 8-3919] null assignment ignored
INFO: [Synth 8-3919] null assignment ignored
INFO: [Synth 8-3919] null assignment ignored
INFO: [Synth 8-3919] null assignment ignored
INFO: [Synth 8-3919] null assignment ignored
INFO: [Synth 8-3919] null assignment ignored
INFO: [Synth 8-3919] null assignment ignored
INFO: [Synth 8-3919] null assignment ignored
INFO: [Synth 8-3919] null assignment ignored
INFO: [Synth 8-3919] null assignment ignored
INFO: [Synth 8-3919] null assignment ignored
INFO: [Synth 8-3919] null assignment ignored
INFO: [Synth 8-3919] null assignment ignored
INFO: [Synth 8-3919] null assignment ignored
INFO: [Synth 8-3919] null assignment ignored
INFO: [Synth 8-3919] null assignment ignored
INFO: [Synth 8-3919] null assignment ignored
INFO: [Synth 8-3919] null assignment ignored
INFO: [Synth 8-3919] null assignment ignored
INFO: [Synth 8-3919] null assignment ignored
INFO: [Synth 8-3919] null assignment ignored
INFO: [Synth 8-3919] null assignment ignored
INFO: [Synth 8-3919] null assignment ignored
INFO: [Synth 8-3919] null assignment ignored
INFO: [Synth 8-3919] null assignment ignored
INFO: [Synth 8-3919] null assignment ignored
INFO: [Synth 8-3919] null assignment ignored
INFO: [Synth 8-3919] null assignment ignored
INFO: [Synth 8-3919] null assignment ignored
INFO: [Synth 8-3919] null assignment ignored
INFO: [Synth 8-3919] null assignment ignored
INFO: [Synth 8-3919] null assignment ignored
INFO: [Synth 8-3919] null assignment ignored
INFO: [Synth 8-3919] null assignment ignored
INFO: [Synth 8-3919] null assignment ignored
INFO: [Synth 8-3919] null assignment ignored
INFO: [Synth 8-3919] null assignment ignored
INFO: [Synth 8-3919] null assignment ignored
INFO: [Synth 8-3919] null assignment ignored
INFO: [Synth 8-3919] null assignment ignored
INFO: [Synth 8-3919] null assignment ignored
INFO: [Synth 8-3919] null assignment ignored
INFO: [Synth 8-3919] null assignment ignored
INFO: [Synth 8-3919] null assignment ignored
INFO: [Synth 8-3919] null assignment ignored
INFO: [Synth 8-3919] null assignment ignored
INFO: [Synth 8-3919] null assignment ignored
INFO: [Synth 8-256] done synthesizing module 'xfft_1' (0#1) [c:/Users/gm/Vivado Projects/complete_det_final_ver/complete_det_final_ver.gen/sources_1/ip/xfft_1/synth/xfft_1.vhd:84]
WARNING: [Synth 8-7129] Port Q[0] in module shift_ram__parameterized80 is either unconnected or has no load
WARNING: [Synth 8-7129] Port D[0] in module shift_ram__parameterized80 is either unconnected or has no load
WARNING: [Synth 8-7129] Port CLK in module shift_ram__parameterized80 is either unconnected or has no load
WARNING: [Synth 8-7129] Port CE in module shift_ram__parameterized80 is either unconnected or has no load
WARNING: [Synth 8-7129] Port SCLR in module shift_ram__parameterized80 is either unconnected or has no load
WARNING: [Synth 8-7129] Port COMBI_SCLR in module shift_ram__parameterized80 is either unconnected or has no load
WARNING: [Synth 8-7129] Port DEPTHx2 in module shift_ram__parameterized80 is either unconnected or has no load
WARNING: [Synth 8-7129] Port a[3] in module c_shift_ram_v12_0_14_legacy__parameterized2 is either unconnected or has no load
WARNING: [Synth 8-7129] Port a[2] in module c_shift_ram_v12_0_14_legacy__parameterized2 is either unconnected or has no load
WARNING: [Synth 8-7129] Port a[1] in module c_shift_ram_v12_0_14_legacy__parameterized2 is either unconnected or has no load
WARNING: [Synth 8-7129] Port a[0] in module c_shift_ram_v12_0_14_legacy__parameterized2 is either unconnected or has no load
WARNING: [Synth 8-7129] Port aclr in module c_shift_ram_v12_0_14_legacy__parameterized2 is either unconnected or has no load
WARNING: [Synth 8-7129] Port aset in module c_shift_ram_v12_0_14_legacy__parameterized2 is either unconnected or has no load
WARNING: [Synth 8-7129] Port ainit in module c_shift_ram_v12_0_14_legacy__parameterized2 is either unconnected or has no load
WARNING: [Synth 8-7129] Port sclr in module c_shift_ram_v12_0_14_legacy__parameterized2 is either unconnected or has no load
WARNING: [Synth 8-7129] Port sset in module c_shift_ram_v12_0_14_legacy__parameterized2 is either unconnected or has no load
WARNING: [Synth 8-7129] Port sinit in module c_shift_ram_v12_0_14_legacy__parameterized2 is either unconnected or has no load
WARNING: [Synth 8-7129] Port D[0] in module shift_ram__parameterized62 is either unconnected or has no load
WARNING: [Synth 8-7129] Port DEPTHx2 in module shift_ram__parameterized62 is either unconnected or has no load
WARNING: [Synth 8-7129] Port a[3] in module c_shift_ram_v12_0_14_legacy__parameterized5 is either unconnected or has no load
WARNING: [Synth 8-7129] Port a[2] in module c_shift_ram_v12_0_14_legacy__parameterized5 is either unconnected or has no load
WARNING: [Synth 8-7129] Port a[1] in module c_shift_ram_v12_0_14_legacy__parameterized5 is either unconnected or has no load
WARNING: [Synth 8-7129] Port a[0] in module c_shift_ram_v12_0_14_legacy__parameterized5 is either unconnected or has no load
WARNING: [Synth 8-7129] Port aclr in module c_shift_ram_v12_0_14_legacy__parameterized5 is either unconnected or has no load
WARNING: [Synth 8-7129] Port aset in module c_shift_ram_v12_0_14_legacy__parameterized5 is either unconnected or has no load
WARNING: [Synth 8-7129] Port ainit in module c_shift_ram_v12_0_14_legacy__parameterized5 is either unconnected or has no load
WARNING: [Synth 8-7129] Port sclr in module c_shift_ram_v12_0_14_legacy__parameterized5 is either unconnected or has no load
WARNING: [Synth 8-7129] Port sset in module c_shift_ram_v12_0_14_legacy__parameterized5 is either unconnected or has no load
WARNING: [Synth 8-7129] Port sinit in module c_shift_ram_v12_0_14_legacy__parameterized5 is either unconnected or has no load
WARNING: [Synth 8-7129] Port D[15] in module shift_ram__parameterized81 is either unconnected or has no load
WARNING: [Synth 8-7129] Port D[14] in module shift_ram__parameterized81 is either unconnected or has no load
WARNING: [Synth 8-7129] Port D[13] in module shift_ram__parameterized81 is either unconnected or has no load
WARNING: [Synth 8-7129] Port D[12] in module shift_ram__parameterized81 is either unconnected or has no load
WARNING: [Synth 8-7129] Port D[11] in module shift_ram__parameterized81 is either unconnected or has no load
WARNING: [Synth 8-7129] Port D[10] in module shift_ram__parameterized81 is either unconnected or has no load
WARNING: [Synth 8-7129] Port D[9] in module shift_ram__parameterized81 is either unconnected or has no load
WARNING: [Synth 8-7129] Port D[8] in module shift_ram__parameterized81 is either unconnected or has no load
WARNING: [Synth 8-7129] Port D[7] in module shift_ram__parameterized81 is either unconnected or has no load
WARNING: [Synth 8-7129] Port D[6] in module shift_ram__parameterized81 is either unconnected or has no load
WARNING: [Synth 8-7129] Port D[5] in module shift_ram__parameterized81 is either unconnected or has no load
WARNING: [Synth 8-7129] Port D[4] in module shift_ram__parameterized81 is either unconnected or has no load
WARNING: [Synth 8-7129] Port D[3] in module shift_ram__parameterized81 is either unconnected or has no load
WARNING: [Synth 8-7129] Port D[2] in module shift_ram__parameterized81 is either unconnected or has no load
WARNING: [Synth 8-7129] Port D[1] in module shift_ram__parameterized81 is either unconnected or has no load
WARNING: [Synth 8-7129] Port D[0] in module shift_ram__parameterized81 is either unconnected or has no load
WARNING: [Synth 8-7129] Port DEPTHx2 in module shift_ram__parameterized81 is either unconnected or has no load
WARNING: [Synth 8-7129] Port a[3] in module c_shift_ram_v12_0_14_legacy__parameterized34 is either unconnected or has no load
WARNING: [Synth 8-7129] Port a[2] in module c_shift_ram_v12_0_14_legacy__parameterized34 is either unconnected or has no load
WARNING: [Synth 8-7129] Port a[1] in module c_shift_ram_v12_0_14_legacy__parameterized34 is either unconnected or has no load
WARNING: [Synth 8-7129] Port a[0] in module c_shift_ram_v12_0_14_legacy__parameterized34 is either unconnected or has no load
WARNING: [Synth 8-7129] Port aclr in module c_shift_ram_v12_0_14_legacy__parameterized34 is either unconnected or has no load
WARNING: [Synth 8-7129] Port aset in module c_shift_ram_v12_0_14_legacy__parameterized34 is either unconnected or has no load
WARNING: [Synth 8-7129] Port ainit in module c_shift_ram_v12_0_14_legacy__parameterized34 is either unconnected or has no load
WARNING: [Synth 8-7129] Port sclr in module c_shift_ram_v12_0_14_legacy__parameterized34 is either unconnected or has no load
WARNING: [Synth 8-7129] Port sset in module c_shift_ram_v12_0_14_legacy__parameterized34 is either unconnected or has no load
WARNING: [Synth 8-7129] Port sinit in module c_shift_ram_v12_0_14_legacy__parameterized34 is either unconnected or has no load
WARNING: [Synth 8-7129] Port D[0] in module shift_ram__parameterized79 is either unconnected or has no load
WARNING: [Synth 8-7129] Port DEPTHx2 in module shift_ram__parameterized79 is either unconnected or has no load
WARNING: [Synth 8-7129] Port D1 in module shift_ram__parameterized78 is either unconnected or has no load
WARNING: [Synth 8-7129] Port DEPTHx2 in module shift_ram__parameterized78 is either unconnected or has no load
WARNING: [Synth 8-7129] Port depthx2 in module r22_memory__parameterized1 is either unconnected or has no load
WARNING: [Synth 8-7129] Port Q1 in module shift_ram__parameterized77 is either unconnected or has no load
WARNING: [Synth 8-7129] Port D1 in module shift_ram__parameterized77 is either unconnected or has no load
WARNING: [Synth 8-7129] Port COMBI_SCLR in module shift_ram__parameterized77 is either unconnected or has no load
WARNING: [Synth 8-7129] Port DEPTHx2 in module shift_ram__parameterized77 is either unconnected or has no load
WARNING: [Synth 8-7129] Port Q1 in module shift_ram__parameterized76 is either unconnected or has no load
WARNING: [Synth 8-7129] Port D1 in module shift_ram__parameterized76 is either unconnected or has no load
WARNING: [Synth 8-7129] Port COMBI_SCLR in module shift_ram__parameterized76 is either unconnected or has no load
WARNING: [Synth 8-7129] Port DEPTHx2 in module shift_ram__parameterized76 is either unconnected or has no load
WARNING: [Synth 8-7129] Port shift[4] in module so_run_addr_gen_left_shift is either unconnected or has no load
WARNING: [Synth 8-7129] Port shift[3] in module so_run_addr_gen_left_shift is either unconnected or has no load
WARNING: [Synth 8-7129] Port nfft[4] in module so_run_addr_gen_left_shift is either unconnected or has no load
WARNING: [Synth 8-7129] Port nfft[3] in module so_run_addr_gen_left_shift is either unconnected or has no load
WARNING: [Synth 8-7129] Port nfft[2] in module so_run_addr_gen_left_shift is either unconnected or has no load
WARNING: [Synth 8-7129] Port nfft[1] in module so_run_addr_gen_left_shift is either unconnected or has no load
WARNING: [Synth 8-7129] Port nfft[0] in module so_run_addr_gen_left_shift is either unconnected or has no load
WARNING: [Synth 8-7129] Port D[0] in module shift_ram__parameterized38 is either unconnected or has no load
WARNING: [Synth 8-7129] Port COMBI_SCLR in module shift_ram__parameterized38 is either unconnected or has no load
WARNING: [Synth 8-7129] Port DEPTHx2 in module shift_ram__parameterized38 is either unconnected or has no load
WARNING: [Synth 8-7129] Port D1 in module shift_ram__parameterized75 is either unconnected or has no load
WARNING: [Synth 8-7129] Port SCLR in module shift_ram__parameterized75 is either unconnected or has no load
WARNING: [Synth 8-7129] Port COMBI_SCLR in module shift_ram__parameterized75 is either unconnected or has no load
WARNING: [Synth 8-7129] Port DEPTHx2 in module shift_ram__parameterized75 is either unconnected or has no load
WARNING: [Synth 8-7129] Port Q1 in module shift_ram__parameterized0 is either unconnected or has no load
WARNING: [Synth 8-7129] Port D1 in module shift_ram__parameterized0 is either unconnected or has no load
WARNING: [Synth 8-7129] Port COMBI_SCLR in module shift_ram__parameterized0 is either unconnected or has no load
WARNING: [Synth 8-7129] Port DEPTHx2 in module shift_ram__parameterized0 is either unconnected or has no load
WARNING: [Synth 8-7129] Port D1 in module shift_ram__parameterized74 is either unconnected or has no load
WARNING: [Synth 8-7129] Port DEPTHx2 in module shift_ram__parameterized74 is either unconnected or has no load
WARNING: [Synth 8-7129] Port D[0] in module shift_ram__parameterized5 is either unconnected or has no load
WARNING: [Synth 8-7129] Port COMBI_SCLR in module shift_ram__parameterized5 is either unconnected or has no load
WARNING: [Synth 8-7129] Port DEPTHx2 in module shift_ram__parameterized5 is either unconnected or has no load
WARNING: [Synth 8-7129] Port MUXCY_IN in module equ_rtl is either unconnected or has no load
WARNING: [Synth 8-7129] Port AINIT in module c_reg_fd_v12_0_6_viv is either unconnected or has no load
WARNING: [Synth 8-7129] Port ACLR in module c_reg_fd_v12_0_6_viv is either unconnected or has no load
WARNING: [Synth 8-7129] Port ASET in module c_reg_fd_v12_0_6_viv is either unconnected or has no load
WARNING: [Synth 8-7129] Port SINIT in module c_reg_fd_v12_0_6_viv is either unconnected or has no load
WARNING: [Synth 8-7129] Port SSET in module c_reg_fd_v12_0_6_viv is either unconnected or has no load
WARNING: [Synth 8-7129] Port add in module c_addsub_v12_0_15_lut6_legacy__parameterized9 is either unconnected or has no load
WARNING: [Synth 8-7129] Port bypass in module c_addsub_v12_0_15_lut6_legacy__parameterized9 is either unconnected or has no load
INFO: [Common 17-14] Message 'Synth 8-7129' appears 100 times and further instances of the messages will be disabled. Use the Tcl command set_msg_config to change the current settings.
---------------------------------------------------------------------------------
Finished RTL Elaboration : Time (s): cpu = 00:01:04 ; elapsed = 00:01:15 . Memory (MB): peak = 2912.383 ; gain = 2016.512
---------------------------------------------------------------------------------
---------------------------------------------------------------------------------
Start Handling Custom Attributes
---------------------------------------------------------------------------------
---------------------------------------------------------------------------------
Finished Handling Custom Attributes : Time (s): cpu = 00:01:04 ; elapsed = 00:01:15 . Memory (MB): peak = 2912.383 ; gain = 2016.512
---------------------------------------------------------------------------------
---------------------------------------------------------------------------------
Finished RTL Optimization Phase 1 : Time (s): cpu = 00:01:04 ; elapsed = 00:01:15 . Memory (MB): peak = 2912.383 ; gain = 2016.512
---------------------------------------------------------------------------------
Netlist sorting complete. Time (s): cpu = 00:00:00 ; elapsed = 00:00:00.281 . Memory (MB): peak = 2912.383 ; gain = 0.000
INFO: [Netlist 29-17] Analyzing 3317 Unisim elements for replacement
INFO: [Netlist 29-28] Unisim Transformation completed in 0 CPU seconds
INFO: [Project 1-570] Preparing netlist for logic optimization

Processing XDC Constraints
Initializing timing engine
Parsing XDC File [c:/Users/gm/Vivado Projects/complete_det_final_ver/complete_det_final_ver.gen/sources_1/ip/xfft_1/xfft_1_ooc.xdc] for cell 'U0'
Finished Parsing XDC File [c:/Users/gm/Vivado Projects/complete_det_final_ver/complete_det_final_ver.gen/sources_1/ip/xfft_1/xfft_1_ooc.xdc] for cell 'U0'
Parsing XDC File [C:/Users/gm/Vivado Projects/complete_det_final_ver/complete_det_final_ver.runs/xfft_1_synth_1/dont_touch.xdc]
Finished Parsing XDC File [C:/Users/gm/Vivado Projects/complete_det_final_ver/complete_det_final_ver.runs/xfft_1_synth_1/dont_touch.xdc]
Completed Processing XDC Constraints

Netlist sorting complete. Time (s): cpu = 00:00:00 ; elapsed = 00:00:00.008 . Memory (MB): peak = 2912.383 ; gain = 0.000
INFO: [Project 1-111] Unisim Transformation Summary:
  A total of 805 instances were transformed.
  FD => FDRE: 3 instances
  FDE => FDRE: 773 instances
  FDR => FDRE: 29 instances

Constraint Validation Runtime : Time (s): cpu = 00:00:00 ; elapsed = 00:00:00.275 . Memory (MB): peak = 2912.383 ; gain = 0.000
INFO: [Designutils 20-5008] Incremental synthesis strategy off
---------------------------------------------------------------------------------
Finished Constraint Validation : Time (s): cpu = 00:01:12 ; elapsed = 00:01:24 . Memory (MB): peak = 2912.383 ; gain = 2016.512
---------------------------------------------------------------------------------
---------------------------------------------------------------------------------
Start Loading Part and Timing Information
---------------------------------------------------------------------------------
Loading part: xc7z020clg484-1
---------------------------------------------------------------------------------
Finished Loading Part and Timing Information : Time (s): cpu = 00:01:12 ; elapsed = 00:01:24 . Memory (MB): peak = 2912.383 ; gain = 2016.512
---------------------------------------------------------------------------------
---------------------------------------------------------------------------------
Start Applying 'set_property' XDC Constraints
---------------------------------------------------------------------------------
Applied set_property KEEP_HIERARCHY = SOFT for U0. (constraint file  {C:/Users/gm/Vivado Projects/complete_det_final_ver/complete_det_final_ver.runs/xfft_1_synth_1/dont_touch.xdc}, line 9).
---------------------------------------------------------------------------------
Finished applying 'set_property' XDC Constraints : Time (s): cpu = 00:01:12 ; elapsed = 00:01:24 . Memory (MB): peak = 2912.383 ; gain = 2016.512
---------------------------------------------------------------------------------
---------------------------------------------------------------------------------
Finished RTL Optimization Phase 2 : Time (s): cpu = 00:01:16 ; elapsed = 00:01:28 . Memory (MB): peak = 2912.383 ; gain = 2016.512
---------------------------------------------------------------------------------
INFO: [Synth 8-223] decloning instance 'U0/i_synth/xfft_inst/non_floating_point.arch_d.xfft_inst/FLOW/reset_sustain.resets_4_pes[3].delay_reset_pe/tc_compare' (logic_gate) to 'U0/i_synth/xfft_inst/non_floating_point.arch_d.xfft_inst/FLOW/reset_sustain.resets_4_pes[3].delay_reset_pe/tc_compare1'
INFO: [Synth 8-223] decloning instance 'U0/i_synth/xfft_inst/non_floating_point.arch_d.xfft_inst/FLOW/reset_sustain.resets_4_pes[2].delay_reset_pe/tc_compare' (logic_gate__parameterized0) to 'U0/i_synth/xfft_inst/non_floating_point.arch_d.xfft_inst/FLOW/reset_sustain.resets_4_pes[2].delay_reset_pe/tc_compare1'
INFO: [Synth 8-223] decloning instance 'U0/i_synth/xfft_inst/non_floating_point.arch_d.xfft_inst/FLOW/reset_sustain.resets_4_pes[1].delay_reset_pe/tc_compare' (logic_gate__parameterized1) to 'U0/i_synth/xfft_inst/non_floating_point.arch_d.xfft_inst/FLOW/reset_sustain.resets_4_pes[1].delay_reset_pe/tc_compare1'
INFO: [Synth 8-223] decloning instance 'U0/i_synth/xfft_inst/non_floating_point.arch_d.xfft_inst/FLOW/reset_sustain.resets_4_pes[0].delay_reset_pe/tc_compare' (logic_gate__parameterized2) to 'U0/i_synth/xfft_inst/non_floating_point.arch_d.xfft_inst/FLOW/reset_sustain.resets_4_pes[0].delay_reset_pe/tc_compare1'
INFO: [Synth 8-223] decloning instance 'U0/i_synth/xfft_inst/non_floating_point.arch_d.xfft_inst/FLOW/reset_sustain.delay_reset_3/tc_compare' (logic_gate__parameterized3) to 'U0/i_synth/xfft_inst/non_floating_point.arch_d.xfft_inst/FLOW/reset_sustain.delay_reset_3/tc_compare1'
INFO: [Synth 8-223] decloning instance 'U0/i_synth/xfft_inst/non_floating_point.arch_d.xfft_inst/FLOW/reset_sustain.delay_reset_7/tc_compare' (logic_gate__parameterized4) to 'U0/i_synth/xfft_inst/non_floating_point.arch_d.xfft_inst/FLOW/reset_sustain.delay_reset_7/tc_compare1'
INFO: [Synth 8-223] decloning instance 'U0/i_synth/xfft_inst/non_floating_point.arch_d.xfft_inst/pe_gen[0].natural_order_input.PE/FB_1.BF_1/yes_nfft.bypass_reg' (shift_ram__parameterized12) to 'U0/i_synth/xfft_inst/non_floating_point.arch_d.xfft_inst/pe_gen[0].natural_order_input.PE/FB_1.BF_1/yes_nfft.bypass_1_reg'
INFO: [Synth 8-223] decloning instance 'U0/i_synth/xfft_inst/non_floating_point.arch_d.xfft_inst/pe_gen[0].natural_order_input.PE/FB_1.BF_1/yes_nfft.bypass_reg' (shift_ram__parameterized12) to 'U0/i_synth/xfft_inst/non_floating_point.arch_d.xfft_inst/pe_gen[0].natural_order_input.PE/FB_1.BF_1/yes_nfft.bypass_2_reg'
INFO: [Synth 8-223] decloning instance 'U0/i_synth/xfft_inst/non_floating_point.arch_d.xfft_inst/pe_gen[0].natural_order_input.PE/FB_1.BF_1/yes_nfft.bypass_reg' (shift_ram__parameterized12) to 'U0/i_synth/xfft_inst/non_floating_point.arch_d.xfft_inst/pe_gen[0].natural_order_input.PE/FB_1.BF_1/yes_nfft.bypass_3_reg'
INFO: [Synth 8-223] decloning instance 'U0/i_synth/xfft_inst/non_floating_point.arch_d.xfft_inst/pe_gen[0].natural_order_input.PE/hasbf2.FB_2.BF_2/yes_nfft.bypass_reg' (shift_ram__parameterized12) to 'U0/i_synth/xfft_inst/non_floating_point.arch_d.xfft_inst/pe_gen[0].natural_order_input.PE/hasbf2.FB_2.BF_2/yes_nfft.bypass_1_reg'
INFO: [Synth 8-223] decloning instance 'U0/i_synth/xfft_inst/non_floating_point.arch_d.xfft_inst/pe_gen[0].natural_order_input.PE/hasbf2.FB_2.BF_2/yes_nfft.bypass_reg' (shift_ram__parameterized12) to 'U0/i_synth/xfft_inst/non_floating_point.arch_d.xfft_inst/pe_gen[0].natural_order_input.PE/hasbf2.FB_2.BF_2/yes_nfft.bypass_2_reg'
INFO: [Synth 8-223] decloning instance 'U0/i_synth/xfft_inst/non_floating_point.arch_d.xfft_inst/pe_gen[0].natural_order_input.PE/hasbf2.FB_2.BF_2/yes_nfft.bypass_reg' (shift_ram__parameterized12) to 'U0/i_synth/xfft_inst/non_floating_point.arch_d.xfft_inst/pe_gen[0].natural_order_input.PE/hasbf2.FB_2.BF_2/yes_nfft.bypass_3_reg'
INFO: [Synth 8-223] decloning instance 'U0/i_synth/xfft_inst/non_floating_point.arch_d.xfft_inst/pe_gen[3].natural_order_input.PE/SR2' (shift_ram__parameterized69) to 'U0/i_synth/xfft_inst/non_floating_point.arch_d.xfft_inst/pe_gen[3].natural_order_input.PE/SR3'
---------------------------------------------------------------------------------
Start RTL Component Statistics 
---------------------------------------------------------------------------------
---------------------------------------------------------------------------------
Finished RTL Component Statistics 
---------------------------------------------------------------------------------
---------------------------------------------------------------------------------
Start Part Resource Summary
---------------------------------------------------------------------------------
Part Resources:
DSPs: 220 (col length:60)
BRAMs: 280 (col length: RAMB18 60 RAMB36 30)
---------------------------------------------------------------------------------
Finished Part Resource Summary
---------------------------------------------------------------------------------
---------------------------------------------------------------------------------
Start Cross Boundary and Area Optimization
---------------------------------------------------------------------------------
WARNING: [Synth 8-7080] Parallel synthesis criteria is not met
INFO: [Synth 8-3332] Sequential element (xfft_inst/non_floating_point.arch_d.xfft_inst/FLOW/reset_sustain.resets_4_pes[3].delay_reset_pe/tc_reg1) is unused and will be removed from module xfft_v9_1_9_viv.
INFO: [Synth 8-3332] Sequential element (xfft_inst/non_floating_point.arch_d.xfft_inst/FLOW/reset_sustain.resets_4_pes[2].delay_reset_pe/tc_reg1) is unused and will be removed from module xfft_v9_1_9_viv.
INFO: [Synth 8-3332] Sequential element (xfft_inst/non_floating_point.arch_d.xfft_inst/FLOW/reset_sustain.resets_4_pes[1].delay_reset_pe/tc_reg1) is unused and will be removed from module xfft_v9_1_9_viv.
INFO: [Synth 8-3332] Sequential element (xfft_inst/non_floating_point.arch_d.xfft_inst/FLOW/reset_sustain.resets_4_pes[0].delay_reset_pe/tc_reg1) is unused and will be removed from module xfft_v9_1_9_viv.
INFO: [Synth 8-3332] Sequential element (xfft_inst/non_floating_point.arch_d.xfft_inst/FLOW/reset_sustain.delay_reset_7/tc_reg1) is unused and will be removed from module xfft_v9_1_9_viv.
INFO: [Synth 8-3332] Sequential element (xfft_inst/non_floating_point.arch_d.xfft_inst/FLOW/has_nfft.counter_limit_reg[15].max_n_int_minus_one_ff) is unused and will be removed from module xfft_v9_1_9_viv.
INFO: [Synth 8-3332] Sequential element (xfft_inst/non_floating_point.arch_d.xfft_inst/FLOW/has_nfft.counter_limit_reg[14].max_n_int_minus_one_ff) is unused and will be removed from module xfft_v9_1_9_viv.
INFO: [Synth 8-3332] Sequential element (xfft_inst/non_floating_point.arch_d.xfft_inst/FLOW/has_nfft.counter_limit_reg[13].max_n_int_minus_one_ff) is unused and will be removed from module xfft_v9_1_9_viv.
INFO: [Synth 8-3332] Sequential element (xfft_inst/non_floating_point.arch_d.xfft_inst/FLOW/has_nfft.counter_limit_reg[12].max_n_int_minus_one_ff) is unused and will be removed from module xfft_v9_1_9_viv.
INFO: [Synth 8-3332] Sequential element (xfft_inst/non_floating_point.arch_d.xfft_inst/FLOW/has_nfft.counter_limit_reg[11].max_n_int_minus_one_ff) is unused and will be removed from module xfft_v9_1_9_viv.
INFO: [Synth 8-3332] Sequential element (xfft_inst/non_floating_point.arch_d.xfft_inst/FLOW/has_nfft.counter_limit_reg[10].max_n_int_minus_one_ff) is unused and will be removed from module xfft_v9_1_9_viv.
INFO: [Synth 8-3332] Sequential element (xfft_inst/non_floating_point.arch_d.xfft_inst/FLOW/has_nfft.counter_limit_reg[9].max_n_int_minus_one_ff) is unused and will be removed from module xfft_v9_1_9_viv.
INFO: [Synth 8-3332] Sequential element (xfft_inst/non_floating_point.arch_d.xfft_inst/FLOW/has_nfft.counter_limit_reg[8].max_n_int_minus_one_ff) is unused and will be removed from module xfft_v9_1_9_viv.
INFO: [Synth 8-3332] Sequential element (xfft_inst/non_floating_point.arch_d.xfft_inst/FLOW/has_nfft.counter_limit_reg[7].max_n_int_minus_one_ff) is unused and will be removed from module xfft_v9_1_9_viv.
INFO: [Synth 8-3332] Sequential element (xfft_inst/non_floating_point.arch_d.xfft_inst/FLOW/has_nfft.counter_limit_reg[0].max_n_int_minus_one_ff) is unused and will be removed from module xfft_v9_1_9_viv.
INFO: [Synth 8-3332] Sequential element (xfft_inst/non_floating_point.arch_d.xfft_inst/FLOW/has_nfft.counter_limit_early_reg[15].max_n_int_minus_one_ff) is unused and will be removed from module xfft_v9_1_9_viv.
INFO: [Synth 8-3332] Sequential element (xfft_inst/non_floating_point.arch_d.xfft_inst/FLOW/has_nfft.counter_limit_early_reg[14].max_n_int_minus_one_ff) is unused and will be removed from module xfft_v9_1_9_viv.
INFO: [Synth 8-3332] Sequential element (xfft_inst/non_floating_point.arch_d.xfft_inst/FLOW/has_nfft.counter_limit_early_reg[13].max_n_int_minus_one_ff) is unused and will be removed from module xfft_v9_1_9_viv.
INFO: [Synth 8-3332] Sequential element (xfft_inst/non_floating_point.arch_d.xfft_inst/FLOW/has_nfft.counter_limit_early_reg[12].max_n_int_minus_one_ff) is unused and will be removed from module xfft_v9_1_9_viv.
INFO: [Synth 8-3332] Sequential element (xfft_inst/non_floating_point.arch_d.xfft_inst/FLOW/has_nfft.counter_limit_early_reg[11].max_n_int_minus_one_ff) is unused and will be removed from module xfft_v9_1_9_viv.
INFO: [Synth 8-3332] Sequential element (xfft_inst/non_floating_point.arch_d.xfft_inst/FLOW/has_nfft.counter_limit_early_reg[10].max_n_int_minus_one_ff) is unused and will be removed from module xfft_v9_1_9_viv.
INFO: [Synth 8-3332] Sequential element (xfft_inst/non_floating_point.arch_d.xfft_inst/FLOW/has_nfft.counter_limit_early_reg[9].max_n_int_minus_one_ff) is unused and will be removed from module xfft_v9_1_9_viv.
INFO: [Synth 8-3332] Sequential element (xfft_inst/non_floating_point.arch_d.xfft_inst/FLOW/has_nfft.counter_limit_early_reg[8].max_n_int_minus_one_ff) is unused and will be removed from module xfft_v9_1_9_viv.
INFO: [Synth 8-3332] Sequential element (xfft_inst/non_floating_point.arch_d.xfft_inst/FLOW/has_nfft.counter_limit_early_reg[7].max_n_int_minus_one_ff) is unused and will be removed from module xfft_v9_1_9_viv.
INFO: [Synth 8-3332] Sequential element (xfft_inst/non_floating_point.arch_d.xfft_inst/FLOW/has_nfft.counter_limit_early_reg[1].max_n_int_minus_one_ff) is unused and will be removed from module xfft_v9_1_9_viv.
INFO: [Synth 8-3332] Sequential element (xfft_inst/non_floating_point.arch_d.xfft_inst/pe0_bf1_addr_gen/no_sclr_lut.real_shift_ram.use_baseblock.use_hlutnm_srls.srl_loop[0].i_fdre0) is unused and will be removed from module xfft_v9_1_9_viv.
INFO: [Synth 8-3332] Sequential element (xfft_inst/non_floating_point.arch_d.xfft_inst/pe_gen[0].natural_order_input.PE/has_scale_pipelining.pe_ovflo_delay/no_sclr_lut.real_shift_ram.use_baseblock.use_hlutnm_srls.runt_srl_loop.i_fdre) is unused and will be removed from module xfft_v9_1_9_viv.
INFO: [Synth 8-3332] Sequential element (xfft_inst/non_floating_point.arch_d.xfft_inst/pe_gen[0].natural_order_input.PE/delay_addr_bf2/no_sclr_lut.real_shift_ram.use_baseblock.use_hlutnm_srls.srl_loop[0].i_fdre0) is unused and will be removed from module xfft_v9_1_9_viv.
INFO: [Synth 8-3332] Sequential element (xfft_inst/non_floating_point.arch_d.xfft_inst/pe_gen[0].natural_order_input.PE/delay_addr_bf2/no_sclr_lut.real_shift_ram.use_baseblock.use_hlutnm_srls.srl_loop[0].i_fdre1) is unused and will be removed from module xfft_v9_1_9_viv.
INFO: [Synth 8-3332] Sequential element (xfft_inst/non_floating_point.arch_d.xfft_inst/pe_gen[0].natural_order_input.PE/delay_addr_bf2/no_sclr_lut.real_shift_ram.use_baseblock.use_hlutnm_srls.srl_loop[1].i_fdre0) is unused and will be removed from module xfft_v9_1_9_viv.
INFO: [Synth 8-3332] Sequential element (xfft_inst/non_floating_point.arch_d.xfft_inst/pe_gen[0].natural_order_input.PE/delay_addr_bf2/no_sclr_lut.real_shift_ram.use_baseblock.use_hlutnm_srls.srl_loop[1].i_fdre1) is unused and will be removed from module xfft_v9_1_9_viv.
INFO: [Synth 8-3332] Sequential element (xfft_inst/non_floating_point.arch_d.xfft_inst/pe_gen[0].natural_order_input.PE/delay_addr_tw/no_sclr_lut.real_shift_ram.use_baseblock.use_hlutnm_srls.srl_loop[0].i_fdre0) is unused and will be removed from module xfft_v9_1_9_viv.
INFO: [Synth 8-3332] Sequential element (xfft_inst/non_floating_point.arch_d.xfft_inst/pe_gen[0].natural_order_input.PE/delay_addr_tw/no_sclr_lut.real_shift_ram.use_baseblock.use_hlutnm_srls.srl_loop[0].i_fdre1) is unused and will be removed from module xfft_v9_1_9_viv.
INFO: [Synth 8-3332] Sequential element (xfft_inst/non_floating_point.arch_d.xfft_inst/pe_gen[0].natural_order_input.PE/delay_addr_tw/no_sclr_lut.real_shift_ram.use_baseblock.use_hlutnm_srls.srl_loop[1].i_fdre0) is unused and will be removed from module xfft_v9_1_9_viv.
INFO: [Synth 8-3332] Sequential element (xfft_inst/non_floating_point.arch_d.xfft_inst/pe_gen[0].natural_order_input.PE/delay_addr_tw/no_sclr_lut.real_shift_ram.use_baseblock.use_hlutnm_srls.srl_loop[1].i_fdre1) is unused and will be removed from module xfft_v9_1_9_viv.
INFO: [Synth 8-3332] Sequential element (xfft_inst/non_floating_point.arch_d.xfft_inst/pe_gen[0].natural_order_input.PE/delay_addr_tw/no_sclr_lut.real_shift_ram.use_baseblock.use_hlutnm_srls.srl_loop[2].i_fdre0) is unused and will be removed from module xfft_v9_1_9_viv.
INFO: [Synth 8-3332] Sequential element (xfft_inst/non_floating_point.arch_d.xfft_inst/pe_gen[0].natural_order_input.PE/delay_addr_tw/no_sclr_lut.real_shift_ram.use_baseblock.use_hlutnm_srls.srl_loop[2].i_fdre1) is unused and will be removed from module xfft_v9_1_9_viv.
INFO: [Synth 8-3332] Sequential element (xfft_inst/non_floating_point.arch_d.xfft_inst/pe_gen[0].natural_order_input.PE/delay_addr_tw/no_sclr_lut.real_shift_ram.use_baseblock.use_hlutnm_srls.runt_srl_loop.i_fdre) is unused and will be removed from module xfft_v9_1_9_viv.
INFO: [Synth 8-3332] Sequential element (xfft_inst/non_floating_point.arch_d.xfft_inst/pe_gen[0].natural_order_input.PE/FB_1.BF_1/wr_addr_del/no_sclr_lut.real_shift_ram.use_baseblock.use_hlutnm_srls.srl_loop[0].i_fdre0) is unused and will be removed from module xfft_v9_1_9_viv.
INFO: [Synth 8-3332] Sequential element (xfft_inst/non_floating_point.arch_d.xfft_inst/pe_gen[0].natural_order_input.PE/FB_1.BF_1/wr_addr_del/no_sclr_lut.real_shift_ram.use_baseblock.use_hlutnm_srls.srl_loop[0].i_fdre1) is unused and will be removed from module xfft_v9_1_9_viv.
INFO: [Synth 8-3332] Sequential element (xfft_inst/non_floating_point.arch_d.xfft_inst/pe_gen[0].natural_order_input.PE/FB_1.BF_1/wr_addr_del/no_sclr_lut.real_shift_ram.use_baseblock.use_hlutnm_srls.srl_loop[1].i_fdre0) is unused and will be removed from module xfft_v9_1_9_viv.
INFO: [Synth 8-3332] Sequential element (xfft_inst/non_floating_point.arch_d.xfft_inst/pe_gen[0].natural_order_input.PE/FB_1.BF_1/wr_addr_del/no_sclr_lut.real_shift_ram.use_baseblock.use_hlutnm_srls.srl_loop[1].i_fdre1) is unused and will be removed from module xfft_v9_1_9_viv.
INFO: [Synth 8-3332] Sequential element (xfft_inst/non_floating_point.arch_d.xfft_inst/pe_gen[0].natural_order_input.PE/FB_1.BF_1/wr_addr_del/no_sclr_lut.real_shift_ram.use_baseblock.use_hlutnm_srls.srl_loop[2].i_fdre0) is unused and will be removed from module xfft_v9_1_9_viv.
INFO: [Synth 8-3332] Sequential element (xfft_inst/non_floating_point.arch_d.xfft_inst/pe_gen[0].natural_order_input.PE/FB_1.BF_1/wr_addr_del/no_sclr_lut.real_shift_ram.use_baseblock.use_hlutnm_srls.srl_loop[2].i_fdre1) is unused and will be removed from module xfft_v9_1_9_viv.
INFO: [Synth 8-3332] Sequential element (xfft_inst/non_floating_point.arch_d.xfft_inst/pe_gen[0].natural_order_input.PE/hasbf2.FB_2.BF_2/wr_addr_del/no_sclr_lut.real_shift_ram.use_baseblock.use_hlutnm_srls.srl_loop[0].i_fdre0) is unused and will be removed from module xfft_v9_1_9_viv.
INFO: [Synth 8-3332] Sequential element (xfft_inst/non_floating_point.arch_d.xfft_inst/pe_gen[0].natural_order_input.PE/hasbf2.FB_2.BF_2/wr_addr_del/no_sclr_lut.real_shift_ram.use_baseblock.use_hlutnm_srls.srl_loop[0].i_fdre1) is unused and will be removed from module xfft_v9_1_9_viv.
INFO: [Synth 8-3332] Sequential element (xfft_inst/non_floating_point.arch_d.xfft_inst/pe_gen[0].natural_order_input.PE/hasbf2.FB_2.BF_2/wr_addr_del/no_sclr_lut.real_shift_ram.use_baseblock.use_hlutnm_srls.srl_loop[1].i_fdre0) is unused and will be removed from module xfft_v9_1_9_viv.
INFO: [Synth 8-3332] Sequential element (xfft_inst/non_floating_point.arch_d.xfft_inst/pe_gen[0].natural_order_input.PE/hasbf2.FB_2.BF_2/wr_addr_del/no_sclr_lut.real_shift_ram.use_baseblock.use_hlutnm_srls.srl_loop[1].i_fdre1) is unused and will be removed from module xfft_v9_1_9_viv.
INFO: [Synth 8-3332] Sequential element (xfft_inst/non_floating_point.arch_d.xfft_inst/pe_gen[0].natural_order_input.PE/hasbf2.FB_2.BF_2/wr_addr_del/no_sclr_lut.real_shift_ram.use_baseblock.use_hlutnm_srls.runt_srl_loop.i_fdre) is unused and will be removed from module xfft_v9_1_9_viv.
INFO: [Synth 8-3332] Sequential element (xfft_inst/non_floating_point.arch_d.xfft_inst/pe_gen[0].natural_order_input.PE/scaling2bits.scaler_re/scale_mux/four_inputs.use_lut6.no_lut_sclr.four_to_one_mux[42].latency1.reg) is unused and will be removed from module xfft_v9_1_9_viv.
INFO: [Synth 8-3332] Sequential element (xfft_inst/non_floating_point.arch_d.xfft_inst/pe_gen[0].natural_order_input.PE/scaling2bits.scaler_re/scale_mux/four_inputs.use_lut6.no_lut_sclr.four_to_one_mux[41].latency1.reg) is unused and will be removed from module xfft_v9_1_9_viv.
INFO: [Synth 8-3332] Sequential element (xfft_inst/non_floating_point.arch_d.xfft_inst/pe_gen[0].natural_order_input.PE/scaling2bits.scaler_re/scale_mux/four_inputs.use_lut6.no_lut_sclr.four_to_one_mux[40].latency1.reg) is unused and will be removed from module xfft_v9_1_9_viv.
INFO: [Synth 8-3332] Sequential element (xfft_inst/non_floating_point.arch_d.xfft_inst/pe_gen[0].natural_order_input.PE/scaling2bits.scaler_im/scale_mux/four_inputs.use_lut6.no_lut_sclr.four_to_one_mux[42].latency1.reg) is unused and will be removed from module xfft_v9_1_9_viv.
INFO: [Synth 8-3332] Sequential element (xfft_inst/non_floating_point.arch_d.xfft_inst/pe_gen[0].natural_order_input.PE/scaling2bits.scaler_im/scale_mux/four_inputs.use_lut6.no_lut_sclr.four_to_one_mux[41].latency1.reg) is unused and will be removed from module xfft_v9_1_9_viv.
INFO: [Synth 8-3332] Sequential element (xfft_inst/non_floating_point.arch_d.xfft_inst/pe_gen[0].natural_order_input.PE/scaling2bits.scaler_im/scale_mux/four_inputs.use_lut6.no_lut_sclr.four_to_one_mux[40].latency1.reg) is unused and will be removed from module xfft_v9_1_9_viv.
INFO: [Synth 8-3332] Sequential element (xfft_inst/non_floating_point.arch_d.xfft_inst/pe_gen[0].natural_order_input.PE/rounding.ROUND_0/reg_gate.delay_d_2/no_sclr_lut.real_shift_ram.use_baseblock.use_hlutnm_srls.srl_loop[0].i_fdre0) is unused and will be removed from module xfft_v9_1_9_viv.
INFO: [Synth 8-3332] Sequential element (xfft_inst/non_floating_point.arch_d.xfft_inst/pe_gen[0].natural_order_input.PE/rounding.ROUND_1/reg_gate.delay_d_2/no_sclr_lut.real_shift_ram.use_baseblock.use_hlutnm_srls.srl_loop[0].i_fdre0) is unused and will be removed from module xfft_v9_1_9_viv.
INFO: [Synth 8-3332] Sequential element (xfft_inst/non_floating_point.arch_d.xfft_inst/pe_gen[0].natural_order_input.PE/has_scale_pipelining.has_tw_scale_reg.tw_scale_reg_gen[7].tw_scale_reg) is unused and will be removed from module xfft_v9_1_9_viv.
INFO: [Synth 8-3332] Sequential element (xfft_inst/non_floating_point.arch_d.xfft_inst/pe_gen[1].natural_order_input.PE/scaling2bits.scaler_re/scale_mux/four_inputs.use_lut6.no_lut_sclr.four_to_one_mux[42].latency1.reg) is unused and will be removed from module xfft_v9_1_9_viv.
INFO: [Synth 8-3332] Sequential element (xfft_inst/non_floating_point.arch_d.xfft_inst/pe_gen[1].natural_order_input.PE/scaling2bits.scaler_re/scale_mux/four_inputs.use_lut6.no_lut_sclr.four_to_one_mux[41].latency1.reg) is unused and will be removed from module xfft_v9_1_9_viv.
INFO: [Synth 8-3332] Sequential element (xfft_inst/non_floating_point.arch_d.xfft_inst/pe_gen[1].natural_order_input.PE/scaling2bits.scaler_re/scale_mux/four_inputs.use_lut6.no_lut_sclr.four_to_one_mux[40].latency1.reg) is unused and will be removed from module xfft_v9_1_9_viv.
INFO: [Synth 8-3332] Sequential element (xfft_inst/non_floating_point.arch_d.xfft_inst/pe_gen[1].natural_order_input.PE/scaling2bits.scaler_im/scale_mux/four_inputs.use_lut6.no_lut_sclr.four_to_one_mux[42].latency1.reg) is unused and will be removed from module xfft_v9_1_9_viv.
INFO: [Synth 8-3332] Sequential element (xfft_inst/non_floating_point.arch_d.xfft_inst/pe_gen[1].natural_order_input.PE/scaling2bits.scaler_im/scale_mux/four_inputs.use_lut6.no_lut_sclr.four_to_one_mux[41].latency1.reg) is unused and will be removed from module xfft_v9_1_9_viv.
INFO: [Synth 8-3332] Sequential element (xfft_inst/non_floating_point.arch_d.xfft_inst/pe_gen[1].natural_order_input.PE/scaling2bits.scaler_im/scale_mux/four_inputs.use_lut6.no_lut_sclr.four_to_one_mux[40].latency1.reg) is unused and will be removed from module xfft_v9_1_9_viv.
INFO: [Synth 8-3332] Sequential element (xfft_inst/non_floating_point.arch_d.xfft_inst/pe_gen[1].natural_order_input.PE/rounding.ROUND_0/reg_gate.delay_d_2/no_sclr_lut.real_shift_ram.use_baseblock.use_hlutnm_srls.srl_loop[0].i_fdre0) is unused and will be removed from module xfft_v9_1_9_viv.
INFO: [Synth 8-3332] Sequential element (xfft_inst/non_floating_point.arch_d.xfft_inst/pe_gen[1].natural_order_input.PE/rounding.ROUND_1/reg_gate.delay_d_2/no_sclr_lut.real_shift_ram.use_baseblock.use_hlutnm_srls.srl_loop[0].i_fdre0) is unused and will be removed from module xfft_v9_1_9_viv.
INFO: [Synth 8-3332] Sequential element (xfft_inst/non_floating_point.arch_d.xfft_inst/pe_gen[1].natural_order_input.PE/addr_select.bf1_addr_mux_gen[2].reg) is unused and will be removed from module xfft_v9_1_9_viv.
INFO: [Synth 8-3332] Sequential element (xfft_inst/non_floating_point.arch_d.xfft_inst/pe_gen[1].natural_order_input.PE/addr_select.bf1_addr_mux_gen[1].reg) is unused and will be removed from module xfft_v9_1_9_viv.
INFO: [Synth 8-3332] Sequential element (xfft_inst/non_floating_point.arch_d.xfft_inst/pe_gen[1].natural_order_input.PE/addr_select.bf1_addr_mux_gen[0].reg) is unused and will be removed from module xfft_v9_1_9_viv.
INFO: [Synth 8-3332] Sequential element (xfft_inst/non_floating_point.arch_d.xfft_inst/pe_gen[1].natural_order_input.PE/has_scale_pipelining.scale_select.scale_mux_gen[5].reg) is unused and will be removed from module xfft_v9_1_9_viv.
INFO: [Synth 8-3332] Sequential element (xfft_inst/non_floating_point.arch_d.xfft_inst/pe_gen[1].natural_order_input.PE/has_scale_pipelining.has_tw_scale_reg.tw_scale_reg_gen[5].tw_scale_reg) is unused and will be removed from module xfft_v9_1_9_viv.
INFO: [Synth 8-3332] Sequential element (xfft_inst/non_floating_point.arch_d.xfft_inst/pe_gen[2].natural_order_input.PE/delay_addr_tw/no_sclr_lut.real_shift_ram.use_baseblock.use_hlutnm_srls.srl_loop[0].i_fdre0) is unused and will be removed from module xfft_v9_1_9_viv.
INFO: [Synth 8-3332] Sequential element (xfft_inst/non_floating_point.arch_d.xfft_inst/pe_gen[2].natural_order_input.PE/delay_addr_tw/no_sclr_lut.real_shift_ram.use_baseblock.use_hlutnm_srls.srl_loop[0].i_fdre1) is unused and will be removed from module xfft_v9_1_9_viv.
INFO: [Synth 8-3332] Sequential element (xfft_inst/non_floating_point.arch_d.xfft_inst/pe_gen[2].natural_order_input.PE/delay_addr_tw/no_sclr_lut.real_shift_ram.use_baseblock.use_hlutnm_srls.runt_srl_loop.i_fdre) is unused and will be removed from module xfft_v9_1_9_viv.
INFO: [Synth 8-3332] Sequential element (xfft_inst/non_floating_point.arch_d.xfft_inst/pe_gen[2].natural_order_input.PE/scaling2bits.scaler_re/scale_mux/four_inputs.use_lut6.no_lut_sclr.four_to_one_mux[42].latency1.reg) is unused and will be removed from module xfft_v9_1_9_viv.
INFO: [Synth 8-3332] Sequential element (xfft_inst/non_floating_point.arch_d.xfft_inst/pe_gen[2].natural_order_input.PE/scaling2bits.scaler_re/scale_mux/four_inputs.use_lut6.no_lut_sclr.four_to_one_mux[41].latency1.reg) is unused and will be removed from module xfft_v9_1_9_viv.
INFO: [Synth 8-3332] Sequential element (xfft_inst/non_floating_point.arch_d.xfft_inst/pe_gen[2].natural_order_input.PE/scaling2bits.scaler_re/scale_mux/four_inputs.use_lut6.no_lut_sclr.four_to_one_mux[40].latency1.reg) is unused and will be removed from module xfft_v9_1_9_viv.
INFO: [Synth 8-3332] Sequential element (xfft_inst/non_floating_point.arch_d.xfft_inst/pe_gen[2].natural_order_input.PE/scaling2bits.scaler_im/scale_mux/four_inputs.use_lut6.no_lut_sclr.four_to_one_mux[42].latency1.reg) is unused and will be removed from module xfft_v9_1_9_viv.
INFO: [Synth 8-3332] Sequential element (xfft_inst/non_floating_point.arch_d.xfft_inst/pe_gen[2].natural_order_input.PE/scaling2bits.scaler_im/scale_mux/four_inputs.use_lut6.no_lut_sclr.four_to_one_mux[41].latency1.reg) is unused and will be removed from module xfft_v9_1_9_viv.
INFO: [Synth 8-3332] Sequential element (xfft_inst/non_floating_point.arch_d.xfft_inst/pe_gen[2].natural_order_input.PE/scaling2bits.scaler_im/scale_mux/four_inputs.use_lut6.no_lut_sclr.four_to_one_mux[40].latency1.reg) is unused and will be removed from module xfft_v9_1_9_viv.
INFO: [Synth 8-3332] Sequential element (xfft_inst/non_floating_point.arch_d.xfft_inst/pe_gen[2].natural_order_input.PE/rounding.ROUND_0/reg_gate.delay_d_2/no_sclr_lut.real_shift_ram.use_baseblock.use_hlutnm_srls.srl_loop[0].i_fdre0) is unused and will be removed from module xfft_v9_1_9_viv.
INFO: [Synth 8-3332] Sequential element (xfft_inst/non_floating_point.arch_d.xfft_inst/pe_gen[2].natural_order_input.PE/rounding.ROUND_1/reg_gate.delay_d_2/no_sclr_lut.real_shift_ram.use_baseblock.use_hlutnm_srls.srl_loop[0].i_fdre0) is unused and will be removed from module xfft_v9_1_9_viv.
INFO: [Synth 8-3332] Sequential element (xfft_inst/non_floating_point.arch_d.xfft_inst/pe_gen[2].natural_order_input.PE/addr_select.bf1_addr_mux_gen[0].reg) is unused and will be removed from module xfft_v9_1_9_viv.
INFO: [Synth 8-3332] Sequential element (xfft_inst/non_floating_point.arch_d.xfft_inst/pe_gen[2].natural_order_input.PE/has_scale_pipelining.scale_select.scale_mux_gen[3].reg) is unused and will be removed from module xfft_v9_1_9_viv.
INFO: [Synth 8-3332] Sequential element (xfft_inst/non_floating_point.arch_d.xfft_inst/pe_gen[2].natural_order_input.PE/has_scale_pipelining.has_tw_scale_reg.tw_scale_reg_gen[3].tw_scale_reg) is unused and will be removed from module xfft_v9_1_9_viv.
INFO: [Synth 8-3332] Sequential element (xfft_inst/non_floating_point.arch_d.xfft_inst/pe_gen[3].natural_order_input.PE/has_scale_pipelining.pe_scale_delay/no_sclr_lut.real_shift_ram.use_baseblock.use_hlutnm_srls.srl_loop[0].i_fdre1) is unused and will be removed from module xfft_v9_1_9_viv.
INFO: [Synth 8-3332] Sequential element (xfft_inst/non_floating_point.arch_d.xfft_inst/pe_gen[3].natural_order_input.PE/has_scale_pipelining.pe_ovflo_delay/no_sclr_lut.real_shift_ram.use_baseblock.use_hlutnm_srls.runt_srl_loop.i_fdre) is unused and will be removed from module xfft_v9_1_9_viv.
INFO: [Synth 8-3332] Sequential element (xfft_inst/non_floating_point.arch_d.xfft_inst/pe_gen[3].natural_order_input.PE/delay_addr_bf2/no_sclr_lut.real_shift_ram.use_baseblock.use_hlutnm_srls.runt_srl_loop.i_fdre) is unused and will be removed from module xfft_v9_1_9_viv.
INFO: [Synth 8-3332] Sequential element (xfft_inst/non_floating_point.arch_d.xfft_inst/pe_gen[3].natural_order_input.PE/delay_addr_tw/no_sclr_lut.real_shift_ram.use_baseblock.use_hlutnm_srls.runt_srl_loop.i_fdre) is unused and will be removed from module xfft_v9_1_9_viv.
INFO: [Synth 8-3332] Sequential element (xfft_inst/non_floating_point.arch_d.xfft_inst/pe_gen[3].natural_order_input.PE/rounding.ROUND_0/reg_gate.delay_d_2/no_sclr_lut.real_shift_ram.use_baseblock.use_hlutnm_srls.srl_loop[0].i_fdre0) is unused and will be removed from module xfft_v9_1_9_viv.
INFO: [Synth 8-3332] Sequential element (xfft_inst/non_floating_point.arch_d.xfft_inst/pe_gen[3].natural_order_input.PE/rounding.ROUND_1/reg_gate.delay_d_2/no_sclr_lut.real_shift_ram.use_baseblock.use_hlutnm_srls.srl_loop[0].i_fdre0) is unused and will be removed from module xfft_v9_1_9_viv.
INFO: [Synth 8-3332] Sequential element (xfft_inst/non_floating_point.arch_d.xfft_inst/has_bit_reverse.busy_gen/proc_start_delay/need_sclr_lut.real_shift_ram.FF_gen[0].reg) is unused and will be removed from module xfft_v9_1_9_viv.
INFO: [Synth 8-3332] Sequential element (xfft_inst/non_floating_point.arch_d.xfft_inst/timing_cnts_has_nfft.duplicate_regs[4].other.nfft_regs[4].nfft_regs_fde) is unused and will be removed from module xfft_v9_1_9_viv.
INFO: [Synth 8-3332] Sequential element (xfft_inst/non_floating_point.arch_d.xfft_inst/timing_cnts_has_nfft.duplicate_regs[4].other.nfft_regs[3].nfft_regs_fde) is unused and will be removed from module xfft_v9_1_9_viv.
INFO: [Synth 8-3332] Sequential element (xfft_inst/non_floating_point.arch_d.xfft_inst/timing_cnts_has_nfft.duplicate_regs[4].other.nfft_regs[2].nfft_regs_fde) is unused and will be removed from module xfft_v9_1_9_viv.
INFO: [Synth 8-3332] Sequential element (xfft_inst/non_floating_point.arch_d.xfft_inst/timing_cnts_has_nfft.duplicate_regs[4].other.nfft_regs[1].nfft_regs_fde) is unused and will be removed from module xfft_v9_1_9_viv.
INFO: [Synth 8-3332] Sequential element (xfft_inst/non_floating_point.arch_d.xfft_inst/timing_cnts_has_nfft.duplicate_regs[4].other.nfft_regs[0].nfft_regs_fde) is unused and will be removed from module xfft_v9_1_9_viv.
INFO: [Synth 8-3332] Sequential element (xfft_inst/non_floating_point.arch_d.xfft_inst/timing_cnts_has_nfft.duplicate_regs[3].other.nfft_regs[4].nfft_regs_fde) is unused and will be removed from module xfft_v9_1_9_viv.
INFO: [Synth 8-3332] Sequential element (xfft_inst/non_floating_point.arch_d.xfft_inst/timing_cnts_has_nfft.duplicate_regs[3].other.nfft_regs[3].nfft_regs_fde) is unused and will be removed from module xfft_v9_1_9_viv.
INFO: [Synth 8-3332] Sequential element (xfft_inst/non_floating_point.arch_d.xfft_inst/timing_cnts_has_nfft.duplicate_regs[2].other.nfft_regs[4].nfft_regs_fde) is unused and will be removed from module xfft_v9_1_9_viv.
INFO: [Common 17-14] Message 'Synth 8-3332' appears 100 times and further instances of the messages will be disabled. Use the Tcl command set_msg_config to change the current settings.
---------------------------------------------------------------------------------
Finished Cross Boundary and Area Optimization : Time (s): cpu = 00:01:22 ; elapsed = 00:01:34 . Memory (MB): peak = 2912.383 ; gain = 2016.512
---------------------------------------------------------------------------------
---------------------------------------------------------------------------------
Start Applying XDC Timing Constraints
---------------------------------------------------------------------------------
---------------------------------------------------------------------------------
Finished Applying XDC Timing Constraints : Time (s): cpu = 00:01:28 ; elapsed = 00:01:41 . Memory (MB): peak = 2912.383 ; gain = 2016.512
---------------------------------------------------------------------------------
---------------------------------------------------------------------------------
Start Timing Optimization
---------------------------------------------------------------------------------
---------------------------------------------------------------------------------
Finished Timing Optimization : Time (s): cpu = 00:01:30 ; elapsed = 00:01:43 . Memory (MB): peak = 2912.383 ; gain = 2016.512
---------------------------------------------------------------------------------
---------------------------------------------------------------------------------
Start Technology Mapping
---------------------------------------------------------------------------------
---------------------------------------------------------------------------------
Finished Technology Mapping : Time (s): cpu = 00:01:33 ; elapsed = 00:01:47 . Memory (MB): peak = 2912.383 ; gain = 2016.512
---------------------------------------------------------------------------------
---------------------------------------------------------------------------------
Start IO Insertion
---------------------------------------------------------------------------------
---------------------------------------------------------------------------------
Start Flattening Before IO Insertion
---------------------------------------------------------------------------------
---------------------------------------------------------------------------------
Finished Flattening Before IO Insertion
---------------------------------------------------------------------------------
---------------------------------------------------------------------------------
Start Final Netlist Cleanup
---------------------------------------------------------------------------------
---------------------------------------------------------------------------------
Finished Final Netlist Cleanup
---------------------------------------------------------------------------------
---------------------------------------------------------------------------------
Finished IO Insertion : Time (s): cpu = 00:01:37 ; elapsed = 00:01:51 . Memory (MB): peak = 2912.383 ; gain = 2016.512
---------------------------------------------------------------------------------
---------------------------------------------------------------------------------
Start Renaming Generated Instances
---------------------------------------------------------------------------------
---------------------------------------------------------------------------------
Finished Renaming Generated Instances : Time (s): cpu = 00:01:37 ; elapsed = 00:01:51 . Memory (MB): peak = 2912.383 ; gain = 2016.512
---------------------------------------------------------------------------------
---------------------------------------------------------------------------------
Start Rebuilding User Hierarchy
---------------------------------------------------------------------------------
---------------------------------------------------------------------------------
Finished Rebuilding User Hierarchy : Time (s): cpu = 00:01:38 ; elapsed = 00:01:52 . Memory (MB): peak = 2912.383 ; gain = 2016.512
---------------------------------------------------------------------------------
---------------------------------------------------------------------------------
Start Renaming Generated Ports
---------------------------------------------------------------------------------
---------------------------------------------------------------------------------
Finished Renaming Generated Ports : Time (s): cpu = 00:01:38 ; elapsed = 00:01:52 . Memory (MB): peak = 2912.383 ; gain = 2016.512
---------------------------------------------------------------------------------
---------------------------------------------------------------------------------
Start Handling Custom Attributes
---------------------------------------------------------------------------------
---------------------------------------------------------------------------------
Finished Handling Custom Attributes : Time (s): cpu = 00:01:38 ; elapsed = 00:01:52 . Memory (MB): peak = 2912.383 ; gain = 2016.512
---------------------------------------------------------------------------------
---------------------------------------------------------------------------------
Start Renaming Generated Nets
---------------------------------------------------------------------------------
---------------------------------------------------------------------------------
Finished Renaming Generated Nets : Time (s): cpu = 00:01:38 ; elapsed = 00:01:52 . Memory (MB): peak = 2912.383 ; gain = 2016.512
---------------------------------------------------------------------------------
---------------------------------------------------------------------------------
Start Writing Synthesis Report
---------------------------------------------------------------------------------

DSP Final Report (the ' indicates corresponding REG is set)
+----------------------+-------------+--------+--------+--------+--------+--------+------+------+------+------+-------+------+------+
|Module Name           | DSP Mapping | A Size | B Size | C Size | D Size | P Size | AREG | BREG | CREG | DREG | ADREG | MREG | PREG | 
+----------------------+-------------+--------+--------+--------+--------+--------+------+------+------+------+-------+------+------+
|cmpy_4_dsp48_mult_717 | Dynamic     | -      | -      | -      | -      | 0      | -    | -    | -    | -    | -     | 1    | 1    | 
|cmpy_4_dsp48_mult_717 | Dynamic     | -      | -      | -      | -      | 17     | -    | -    | -    | -    | -     | 1    | 1    | 
|cmpy_4_dsp48_mult_717 | Dynamic     | -      | -      | -      | -      | 0      | -    | -    | -    | -    | 1     | 1    | 1    | 
|cmpy_4_dsp48_mult_717 | Dynamic     | -      | -      | -      | -      | 44     | -    | -    | -    | -    | 1     | 1    | 1    | 
|cmpy_4_dsp48_mult_717 | Dynamic     | -      | -      | -      | -      | 0      | -    | -    | -    | -    | -     | 1    | 1    | 
|cmpy_4_dsp48_mult_717 | Dynamic     | -      | -      | -      | -      | 17     | -    | -    | -    | -    | -     | 1    | 1    | 
|cmpy_4_dsp48_mult_717 | Dynamic     | -      | -      | -      | -      | 0      | -    | -    | -    | -    | 1     | 1    | 1    | 
|cmpy_4_dsp48_mult_717 | Dynamic     | -      | -      | -      | -      | 44     | -    | -    | -    | -    | 1     | 1    | 1    | 
|cmpy_4_dsp48_mult_424 | Dynamic     | -      | -      | -      | -      | 0      | -    | -    | -    | -    | -     | 1    | 1    | 
|cmpy_4_dsp48_mult_424 | Dynamic     | -      | -      | -      | -      | 17     | -    | -    | -    | -    | -     | 1    | 1    | 
|cmpy_4_dsp48_mult_424 | Dynamic     | -      | -      | -      | -      | 0      | -    | -    | -    | -    | 1     | 1    | 1    | 
|cmpy_4_dsp48_mult_424 | Dynamic     | -      | -      | -      | -      | 44     | -    | -    | -    | -    | 1     | 1    | 1    | 
|cmpy_4_dsp48_mult_424 | Dynamic     | -      | -      | -      | -      | 0      | -    | -    | -    | -    | -     | 1    | 1    | 
|cmpy_4_dsp48_mult_424 | Dynamic     | -      | -      | -      | -      | 17     | -    | -    | -    | -    | -     | 1    | 1    | 
|cmpy_4_dsp48_mult_424 | Dynamic     | -      | -      | -      | -      | 0      | -    | -    | -    | -    | 1     | 1    | 1    | 
|cmpy_4_dsp48_mult_424 | Dynamic     | -      | -      | -      | -      | 44     | -    | -    | -    | -    | 1     | 1    | 1    | 
|cmpy_4_dsp48_mult     | Dynamic     | -      | -      | -      | -      | 0      | -    | -    | -    | -    | -     | 1    | 1    | 
|cmpy_4_dsp48_mult     | Dynamic     | -      | -      | -      | -      | 17     | -    | -    | -    | -    | -     | 1    | 1    | 
|cmpy_4_dsp48_mult     | Dynamic     | -      | -      | -      | -      | 0      | -    | -    | -    | -    | 1     | 1    | 1    | 
|cmpy_4_dsp48_mult     | Dynamic     | -      | -      | -      | -      | 44     | -    | -    | -    | -    | 1     | 1    | 1    | 
|cmpy_4_dsp48_mult     | Dynamic     | -      | -      | -      | -      | 0      | -    | -    | -    | -    | -     | 1    | 1    | 
|cmpy_4_dsp48_mult     | Dynamic     | -      | -      | -      | -      | 17     | -    | -    | -    | -    | -     | 1    | 1    | 
|cmpy_4_dsp48_mult     | Dynamic     | -      | -      | -      | -      | 0      | -    | -    | -    | -    | 1     | 1    | 1    | 
|cmpy_4_dsp48_mult     | Dynamic     | -      | -      | -      | -      | 44     | -    | -    | -    | -    | 1     | 1    | 1    | 
+----------------------+-------------+--------+--------+--------+--------+--------+------+------+------+------+-------+------+------+


Report BlackBoxes: 
+-+--------------+----------+
| |BlackBox name |Instances |
+-+--------------+----------+
+-+--------------+----------+

Report Cell Usage: 
+------+---------+------+
|      |Cell     |Count |
+------+---------+------+
|1     |DSP48E1  |    24|
|5     |LUT1     |    43|
|6     |LUT2     |   616|
|7     |LUT3     |  1796|
|8     |LUT4     |   466|
|9     |LUT5     |    65|
|10    |LUT6     |   422|
|11    |MUXCY    |  1254|
|12    |MUXF7    |    80|
|13    |RAMB18E1 |     2|
|14    |SRL16E   |  1464|
|15    |SRLC32E  |   241|
|16    |XORCY    |  1206|
|17    |FD       |     3|
|18    |FDE      |   731|
|19    |FDR      |    28|
|20    |FDRE     |  5537|
|21    |FDSE     |    43|
+------+---------+------+
---------------------------------------------------------------------------------
Finished Writing Synthesis Report : Time (s): cpu = 00:01:38 ; elapsed = 00:01:53 . Memory (MB): peak = 2912.383 ; gain = 2016.512
---------------------------------------------------------------------------------
Synthesis finished with 0 errors, 0 critical warnings and 860 warnings.
Synthesis Optimization Runtime : Time (s): cpu = 00:00:30 ; elapsed = 00:01:48 . Memory (MB): peak = 2912.383 ; gain = 2016.512
Synthesis Optimization Complete : Time (s): cpu = 00:01:38 ; elapsed = 00:01:53 . Memory (MB): peak = 2912.383 ; gain = 2016.512
INFO: [Project 1-571] Translating synthesized netlist
Netlist sorting complete. Time (s): cpu = 00:00:00 ; elapsed = 00:00:00.215 . Memory (MB): peak = 2912.383 ; gain = 0.000
INFO: [Netlist 29-17] Analyzing 3328 Unisim elements for replacement
INFO: [Netlist 29-28] Unisim Transformation completed in 0 CPU seconds
INFO: [Project 1-570] Preparing netlist for logic optimization
INFO: [Opt 31-138] Pushed 0 inverter(s) to 0 load pin(s).
Netlist sorting complete. Time (s): cpu = 00:00:00 ; elapsed = 00:00:00.006 . Memory (MB): peak = 2912.383 ; gain = 0.000
INFO: [Project 1-111] Unisim Transformation Summary:
  A total of 1119 instances were transformed.
  (MUXCY,XORCY) => CARRY4: 357 instances
  FD => FDRE: 3 instances
  FDE => FDRE: 731 instances
  FDR => FDRE: 28 instances

Synth Design complete | Checksum: 26094f2
INFO: [Common 17-83] Releasing license: Synthesis
193 Infos, 102 Warnings, 0 Critical Warnings and 0 Errors encountered.
synth_design completed successfully
INFO: [Common 17-600] The following parameters have non-default value.
tcl.statsThreshold
INFO: [Common 17-1381] The checkpoint 'C:/Users/gm/Vivado Projects/complete_det_final_ver/complete_det_final_ver.runs/xfft_1_synth_1/xfft_1.dcp' has been generated.
INFO: [Coretcl 2-1648] Added synthesis output to IP cache for IP xfft_1, cache-ID = c355f32918f87b7a
INFO: [Coretcl 2-1174] Renamed 1171 cell refs.
INFO: [Common 17-1381] The checkpoint 'C:/Users/gm/Vivado Projects/complete_det_final_ver/complete_det_final_ver.runs/xfft_1_synth_1/xfft_1.dcp' has been generated.
INFO: [runtcl-4] Executing : report_utilization -file xfft_1_utilization_synth.rpt -pb xfft_1_utilization_synth.pb
INFO: [Common 17-206] Exiting Vivado at Sun Jul 26 17:10:02 2026...

*** Running vivado
    with args -log xfft_1.vds -m64 -product Vivado -mode batch -messageDb vivado.pb -notrace -source xfft_1.tcl


ECHO is off.
ECHO is off.

****** Vivado v2023.1 (64-bit)
  **** SW Build 3865809 on Sun May  7 15:05:29 MDT 2023
  **** IP Build 3864474 on Sun May  7 20:36:21 MDT 2023
  **** SharedData Build 3865790 on Sun May 07 13:33:03 MDT 2023
    ** Copyright 1986-2022 Xilinx, Inc. All Rights Reserved.
    ** Copyright 2022-2023 Advanced Micro Devices, Inc. All Rights Reserved.

source xfft_1.tcl -notrace
create_project: Time (s): cpu = 00:00:08 ; elapsed = 00:00:10 . Memory (MB): peak = 447.727 ; gain = 163.703
INFO: [IP_Flow 19-234] Refreshing IP repositories
INFO: [IP_Flow 19-1700] Loaded user IP repository 'd:/Desktop PRE-FORMAT 25/CR_CYCLO/Verilog/ComBlock/core-comblock-master'.
INFO: [IP_Flow 19-2313] Loaded Vivado IP repository 'C:/Xilinx/Vivado/2023.1/data/ip'.
WARNING: [IP_Flow 19-4995] The host OS only allows 260 characters in a normal path. The IP cache path is more than 80 characters. If you experience issues with IP caching, please consider changing the IP cache to a location with a shorter path. Alternately consider using the OS subst command to map part of the path to a drive letter. 
Current IP cache path is c:/Users/gm/Vivado Projects/COMPLETE_DET_FIFO_1024/COMPLETE_DET_FIFO_1024.cache/ip 
INFO: [IP_Flow 19-6924] IPCACHE: Running cache check for IP inst: xfft_1
Command: synth_design -top xfft_1 -part xc7z020clg484-1 -incremental_mode off -mode out_of_context
Starting synth_design
Attempting to get a license for feature 'Synthesis' and/or device 'xc7z020'
INFO: [Common 17-349] Got license for feature 'Synthesis' and/or device 'xc7z020'
INFO: [Device 21-403] Loading part xc7z020clg484-1
INFO: [Synth 8-7079] Multithreading enabled for synth_design using a maximum of 2 processes.
INFO: [Synth 8-7078] Launching helper process for spawning children vivado processes
INFO: [Synth 8-7075] Helper process launched with PID 24248
---------------------------------------------------------------------------------
Starting RTL Elaboration : Time (s): cpu = 00:00:10 ; elapsed = 00:00:13 . Memory (MB): peak = 1304.730 ; gain = 409.941
---------------------------------------------------------------------------------
INFO: [Synth 8-638] synthesizing module 'xfft_1' [c:/Users/gm/Vivado Projects/COMPLETE_DET_FIFO_1024/COMPLETE_DET_FIFO_1024.gen/sources_1/ip/xfft_1/synth/xfft_1.vhd:84]
	Parameter C_XDEVICEFAMILY bound to: zynq - type: string 
	Parameter C_PART bound to: xc7z020clg484-1 - type: string 
	Parameter C_S_AXIS_CONFIG_TDATA_WIDTH bound to: 24 - type: integer 
	Parameter C_S_AXIS_DATA_TDATA_WIDTH bound to: 64 - type: integer 
	Parameter C_M_AXIS_DATA_TDATA_WIDTH bound to: 64 - type: integer 
	Parameter C_M_AXIS_DATA_TUSER_WIDTH bound to: 8 - type: integer 
	Parameter C_M_AXIS_STATUS_TDATA_WIDTH bound to: 1 - type: integer 
	Parameter C_THROTTLE_SCHEME bound to: 1 - type: integer 
	Parameter C_CHANNELS bound to: 1 - type: integer 
	Parameter C_NFFT_MAX bound to: 7 - type: integer 
	Parameter C_ARCH bound to: 3 - type: integer 
	Parameter C_HAS_NFFT bound to: 1 - type: integer 
	Parameter C_USE_FLT_PT bound to: 0 - type: integer 
	Parameter C_INPUT_WIDTH bound to: 32 - type: integer 
	Parameter C_TWIDDLE_WIDTH bound to: 12 - type: integer 
	Parameter C_OUTPUT_WIDTH bound to: 32 - type: integer 
	Parameter C_HAS_SCALING bound to: 1 - type: integer 
	Parameter C_HAS_BFP bound to: 0 - type: integer 
	Parameter C_HAS_ROUNDING bound to: 1 - type: integer 
	Parameter C_HAS_ACLKEN bound to: 0 - type: integer 
	Parameter C_HAS_ARESETN bound to: 1 - type: integer 
	Parameter C_HAS_OVFLO bound to: 0 - type: integer 
	Parameter C_HAS_NATURAL_INPUT bound to: 1 - type: integer 
	Parameter C_HAS_NATURAL_OUTPUT bound to: 1 - type: integer 
	Parameter C_HAS_CYCLIC_PREFIX bound to: 0 - type: integer 
	Parameter C_HAS_XK_INDEX bound to: 1 - type: integer 
	Parameter C_DATA_MEM_TYPE bound to: 1 - type: integer 
	Parameter C_TWIDDLE_MEM_TYPE bound to: 1 - type: integer 
	Parameter C_BRAM_STAGES bound to: 0 - type: integer 
	Parameter C_REORDER_MEM_TYPE bound to: 1 - type: integer 
	Parameter C_USE_HYBRID_RAM bound to: 0 - type: integer 
	Parameter C_OPTIMIZE_GOAL bound to: 0 - type: integer 
	Parameter C_CMPY_TYPE bound to: 2 - type: integer 
	Parameter C_BFLY_TYPE bound to: 0 - type: integer 
INFO: [Synth 8-3491] module 'xfft_v9_1_9' declared at 'c:/Users/gm/Vivado Projects/COMPLETE_DET_FIFO_1024/COMPLETE_DET_FIFO_1024.gen/sources_1/ip/xfft_1/hdl/xfft_v9_1_vh_rfs.vhd:103739' bound to instance 'U0' of component 'xfft_v9_1_9' [c:/Users/gm/Vivado Projects/COMPLETE_DET_FIFO_1024/COMPLETE_DET_FIFO_1024.gen/sources_1/ip/xfft_1/synth/xfft_1.vhd:193]
INFO: [Synth 8-3919] null assignment ignored
INFO: [Synth 8-3919] null assignment ignored
INFO: [Synth 8-3919] null assignment ignored
INFO: [Synth 8-3919] null assignment ignored
INFO: [Synth 8-3919] null assignment ignored
INFO: [Synth 8-3919] null assignment ignored
INFO: [Synth 8-3919] null assignment ignored
INFO: [Synth 8-3919] null assignment ignored
INFO: [Synth 8-3919] null assignment ignored
INFO: [Synth 8-3919] null assignment ignored
INFO: [Synth 8-3919] null assignment ignored
INFO: [Synth 8-3919] null assignment ignored
INFO: [Synth 8-3919] null assignment ignored
INFO: [Synth 8-3919] null assignment ignored
INFO: [Synth 8-3919] null assignment ignored
INFO: [Synth 8-3919] null assignment ignored
INFO: [Synth 8-3919] null assignment ignored
INFO: [Synth 8-3919] null assignment ignored
INFO: [Synth 8-3919] null assignment ignored
INFO: [Synth 8-3919] null assignment ignored
INFO: [Synth 8-3919] null assignment ignored
INFO: [Synth 8-3919] null assignment ignored
INFO: [Synth 8-3919] null assignment ignored
INFO: [Synth 8-3919] null assignment ignored
INFO: [Synth 8-3919] null assignment ignored
INFO: [Synth 8-3919] null assignment ignored
INFO: [Synth 8-3919] null assignment ignored
INFO: [Synth 8-3919] null assignment ignored
INFO: [Synth 8-3919] null assignment ignored
INFO: [Synth 8-3919] null assignment ignored
INFO: [Synth 8-3919] null assignment ignored
INFO: [Synth 8-3919] null assignment ignored
INFO: [Synth 8-3919] null assignment ignored
INFO: [Synth 8-3919] null assignment ignored
INFO: [Synth 8-3919] null assignment ignored
INFO: [Synth 8-3919] null assignment ignored
INFO: [Synth 8-3919] null assignment ignored
INFO: [Synth 8-3919] null assignment ignored
INFO: [Synth 8-3919] null assignment ignored
INFO: [Synth 8-3919] null assignment ignored
INFO: [Synth 8-3919] null assignment ignored
INFO: [Synth 8-3919] null assignment ignored
INFO: [Synth 8-3919] null assignment ignored
INFO: [Synth 8-3919] null assignment ignored
INFO: [Synth 8-3919] null assignment ignored
INFO: [Synth 8-3919] null assignment ignored
INFO: [Synth 8-3919] null assignment ignored
INFO: [Synth 8-3919] null assignment ignored
INFO: [Synth 8-3919] null assignment ignored
INFO: [Synth 8-3919] null assignment ignored
INFO: [Synth 8-3919] null assignment ignored
INFO: [Synth 8-3919] null assignment ignored
INFO: [Synth 8-3919] null assignment ignored
INFO: [Synth 8-3919] null assignment ignored
INFO: [Synth 8-256] done synthesizing module 'xfft_1' (0#1) [c:/Users/gm/Vivado Projects/COMPLETE_DET_FIFO_1024/COMPLETE_DET_FIFO_1024.gen/sources_1/ip/xfft_1/synth/xfft_1.vhd:84]
WARNING: [Synth 8-7129] Port Q[0] in module shift_ram__parameterized80 is either unconnected or has no load
WARNING: [Synth 8-7129] Port D[0] in module shift_ram__parameterized80 is either unconnected or has no load
WARNING: [Synth 8-7129] Port CLK in module shift_ram__parameterized80 is either unconnected or has no load
WARNING: [Synth 8-7129] Port CE in module shift_ram__parameterized80 is either unconnected or has no load
WARNING: [Synth 8-7129] Port SCLR in module shift_ram__parameterized80 is either unconnected or has no load
WARNING: [Synth 8-7129] Port COMBI_SCLR in module shift_ram__parameterized80 is either unconnected or has no load
WARNING: [Synth 8-7129] Port DEPTHx2 in module shift_ram__parameterized80 is either unconnected or has no load
WARNING: [Synth 8-7129] Port a[3] in module c_shift_ram_v12_0_14_legacy__parameterized2 is either unconnected or has no load
WARNING: [Synth 8-7129] Port a[2] in module c_shift_ram_v12_0_14_legacy__parameterized2 is either unconnected or has no load
WARNING: [Synth 8-7129] Port a[1] in module c_shift_ram_v12_0_14_legacy__parameterized2 is either unconnected or has no load
WARNING: [Synth 8-7129] Port a[0] in module c_shift_ram_v12_0_14_legacy__parameterized2 is either unconnected or has no load
WARNING: [Synth 8-7129] Port aclr in module c_shift_ram_v12_0_14_legacy__parameterized2 is either unconnected or has no load
WARNING: [Synth 8-7129] Port aset in module c_shift_ram_v12_0_14_legacy__parameterized2 is either unconnected or has no load
WARNING: [Synth 8-7129] Port ainit in module c_shift_ram_v12_0_14_legacy__parameterized2 is either unconnected or has no load
WARNING: [Synth 8-7129] Port sclr in module c_shift_ram_v12_0_14_legacy__parameterized2 is either unconnected or has no load
WARNING: [Synth 8-7129] Port sset in module c_shift_ram_v12_0_14_legacy__parameterized2 is either unconnected or has no load
WARNING: [Synth 8-7129] Port sinit in module c_shift_ram_v12_0_14_legacy__parameterized2 is either unconnected or has no load
WARNING: [Synth 8-7129] Port D[0] in module shift_ram__parameterized62 is either unconnected or has no load
WARNING: [Synth 8-7129] Port DEPTHx2 in module shift_ram__parameterized62 is either unconnected or has no load
WARNING: [Synth 8-7129] Port a[3] in module c_shift_ram_v12_0_14_legacy__parameterized5 is either unconnected or has no load
WARNING: [Synth 8-7129] Port a[2] in module c_shift_ram_v12_0_14_legacy__parameterized5 is either unconnected or has no load
WARNING: [Synth 8-7129] Port a[1] in module c_shift_ram_v12_0_14_legacy__parameterized5 is either unconnected or has no load
WARNING: [Synth 8-7129] Port a[0] in module c_shift_ram_v12_0_14_legacy__parameterized5 is either unconnected or has no load
WARNING: [Synth 8-7129] Port aclr in module c_shift_ram_v12_0_14_legacy__parameterized5 is either unconnected or has no load
WARNING: [Synth 8-7129] Port aset in module c_shift_ram_v12_0_14_legacy__parameterized5 is either unconnected or has no load
WARNING: [Synth 8-7129] Port ainit in module c_shift_ram_v12_0_14_legacy__parameterized5 is either unconnected or has no load
WARNING: [Synth 8-7129] Port sclr in module c_shift_ram_v12_0_14_legacy__parameterized5 is either unconnected or has no load
WARNING: [Synth 8-7129] Port sset in module c_shift_ram_v12_0_14_legacy__parameterized5 is either unconnected or has no load
WARNING: [Synth 8-7129] Port sinit in module c_shift_ram_v12_0_14_legacy__parameterized5 is either unconnected or has no load
WARNING: [Synth 8-7129] Port D[15] in module shift_ram__parameterized81 is either unconnected or has no load
WARNING: [Synth 8-7129] Port D[14] in module shift_ram__parameterized81 is either unconnected or has no load
WARNING: [Synth 8-7129] Port D[13] in module shift_ram__parameterized81 is either unconnected or has no load
WARNING: [Synth 8-7129] Port D[12] in module shift_ram__parameterized81 is either unconnected or has no load
WARNING: [Synth 8-7129] Port D[11] in module shift_ram__parameterized81 is either unconnected or has no load
WARNING: [Synth 8-7129] Port D[10] in module shift_ram__parameterized81 is either unconnected or has no load
WARNING: [Synth 8-7129] Port D[9] in module shift_ram__parameterized81 is either unconnected or has no load
WARNING: [Synth 8-7129] Port D[8] in module shift_ram__parameterized81 is either unconnected or has no load
WARNING: [Synth 8-7129] Port D[7] in module shift_ram__parameterized81 is either unconnected or has no load
WARNING: [Synth 8-7129] Port D[6] in module shift_ram__parameterized81 is either unconnected or has no load
WARNING: [Synth 8-7129] Port D[5] in module shift_ram__parameterized81 is either unconnected or has no load
WARNING: [Synth 8-7129] Port D[4] in module shift_ram__parameterized81 is either unconnected or has no load
WARNING: [Synth 8-7129] Port D[3] in module shift_ram__parameterized81 is either unconnected or has no load
WARNING: [Synth 8-7129] Port D[2] in module shift_ram__parameterized81 is either unconnected or has no load
WARNING: [Synth 8-7129] Port D[1] in module shift_ram__parameterized81 is either unconnected or has no load
WARNING: [Synth 8-7129] Port D[0] in module shift_ram__parameterized81 is either unconnected or has no load
WARNING: [Synth 8-7129] Port DEPTHx2 in module shift_ram__parameterized81 is either unconnected or has no load
WARNING: [Synth 8-7129] Port a[3] in module c_shift_ram_v12_0_14_legacy__parameterized34 is either unconnected or has no load
WARNING: [Synth 8-7129] Port a[2] in module c_shift_ram_v12_0_14_legacy__parameterized34 is either unconnected or has no load
WARNING: [Synth 8-7129] Port a[1] in module c_shift_ram_v12_0_14_legacy__parameterized34 is either unconnected or has no load
WARNING: [Synth 8-7129] Port a[0] in module c_shift_ram_v12_0_14_legacy__parameterized34 is either unconnected or has no load
WARNING: [Synth 8-7129] Port aclr in module c_shift_ram_v12_0_14_legacy__parameterized34 is either unconnected or has no load
WARNING: [Synth 8-7129] Port aset in module c_shift_ram_v12_0_14_legacy__parameterized34 is either unconnected or has no load
WARNING: [Synth 8-7129] Port ainit in module c_shift_ram_v12_0_14_legacy__parameterized34 is either unconnected or has no load
WARNING: [Synth 8-7129] Port sclr in module c_shift_ram_v12_0_14_legacy__parameterized34 is either unconnected or has no load
WARNING: [Synth 8-7129] Port sset in module c_shift_ram_v12_0_14_legacy__parameterized34 is either unconnected or has no load
WARNING: [Synth 8-7129] Port sinit in module c_shift_ram_v12_0_14_legacy__parameterized34 is either unconnected or has no load
WARNING: [Synth 8-7129] Port D[0] in module shift_ram__parameterized79 is either unconnected or has no load
WARNING: [Synth 8-7129] Port DEPTHx2 in module shift_ram__parameterized79 is either unconnected or has no load
WARNING: [Synth 8-7129] Port D1 in module shift_ram__parameterized78 is either unconnected or has no load
WARNING: [Synth 8-7129] Port DEPTHx2 in module shift_ram__parameterized78 is either unconnected or has no load
WARNING: [Synth 8-7129] Port depthx2 in module r22_memory__parameterized1 is either unconnected or has no load
WARNING: [Synth 8-7129] Port Q1 in module shift_ram__parameterized77 is either unconnected or has no load
WARNING: [Synth 8-7129] Port D1 in module shift_ram__parameterized77 is either unconnected or has no load
WARNING: [Synth 8-7129] Port COMBI_SCLR in module shift_ram__parameterized77 is either unconnected or has no load
WARNING: [Synth 8-7129] Port DEPTHx2 in module shift_ram__parameterized77 is either unconnected or has no load
WARNING: [Synth 8-7129] Port Q1 in module shift_ram__parameterized76 is either unconnected or has no load
WARNING: [Synth 8-7129] Port D1 in module shift_ram__parameterized76 is either unconnected or has no load
WARNING: [Synth 8-7129] Port COMBI_SCLR in module shift_ram__parameterized76 is either unconnected or has no load
WARNING: [Synth 8-7129] Port DEPTHx2 in module shift_ram__parameterized76 is either unconnected or has no load
WARNING: [Synth 8-7129] Port shift[4] in module so_run_addr_gen_left_shift is either unconnected or has no load
WARNING: [Synth 8-7129] Port shift[3] in module so_run_addr_gen_left_shift is either unconnected or has no load
WARNING: [Synth 8-7129] Port nfft[4] in module so_run_addr_gen_left_shift is either unconnected or has no load
WARNING: [Synth 8-7129] Port nfft[3] in module so_run_addr_gen_left_shift is either unconnected or has no load
WARNING: [Synth 8-7129] Port nfft[2] in module so_run_addr_gen_left_shift is either unconnected or has no load
WARNING: [Synth 8-7129] Port nfft[1] in module so_run_addr_gen_left_shift is either unconnected or has no load
WARNING: [Synth 8-7129] Port nfft[0] in module so_run_addr_gen_left_shift is either unconnected or has no load
WARNING: [Synth 8-7129] Port D[0] in module shift_ram__parameterized38 is either unconnected or has no load
WARNING: [Synth 8-7129] Port COMBI_SCLR in module shift_ram__parameterized38 is either unconnected or has no load
WARNING: [Synth 8-7129] Port DEPTHx2 in module shift_ram__parameterized38 is either unconnected or has no load
WARNING: [Synth 8-7129] Port D1 in module shift_ram__parameterized75 is either unconnected or has no load
WARNING: [Synth 8-7129] Port SCLR in module shift_ram__parameterized75 is either unconnected or has no load
WARNING: [Synth 8-7129] Port COMBI_SCLR in module shift_ram__parameterized75 is either unconnected or has no load
WARNING: [Synth 8-7129] Port DEPTHx2 in module shift_ram__parameterized75 is either unconnected or has no load
WARNING: [Synth 8-7129] Port Q1 in module shift_ram__parameterized0 is either unconnected or has no load
WARNING: [Synth 8-7129] Port D1 in module shift_ram__parameterized0 is either unconnected or has no load
WARNING: [Synth 8-7129] Port COMBI_SCLR in module shift_ram__parameterized0 is either unconnected or has no load
WARNING: [Synth 8-7129] Port DEPTHx2 in module shift_ram__parameterized0 is either unconnected or has no load
WARNING: [Synth 8-7129] Port D1 in module shift_ram__parameterized74 is either unconnected or has no load
WARNING: [Synth 8-7129] Port DEPTHx2 in module shift_ram__parameterized74 is either unconnected or has no load
WARNING: [Synth 8-7129] Port D[0] in module shift_ram__parameterized5 is either unconnected or has no load
WARNING: [Synth 8-7129] Port COMBI_SCLR in module shift_ram__parameterized5 is either unconnected or has no load
WARNING: [Synth 8-7129] Port DEPTHx2 in module shift_ram__parameterized5 is either unconnected or has no load
WARNING: [Synth 8-7129] Port MUXCY_IN in module equ_rtl is either unconnected or has no load
WARNING: [Synth 8-7129] Port AINIT in module c_reg_fd_v12_0_6_viv is either unconnected or has no load
WARNING: [Synth 8-7129] Port ACLR in module c_reg_fd_v12_0_6_viv is either unconnected or has no load
WARNING: [Synth 8-7129] Port ASET in module c_reg_fd_v12_0_6_viv is either unconnected or has no load
WARNING: [Synth 8-7129] Port SINIT in module c_reg_fd_v12_0_6_viv is either unconnected or has no load
WARNING: [Synth 8-7129] Port SSET in module c_reg_fd_v12_0_6_viv is either unconnected or has no load
WARNING: [Synth 8-7129] Port add in module c_addsub_v12_0_15_lut6_legacy__parameterized9 is either unconnected or has no load
WARNING: [Synth 8-7129] Port bypass in module c_addsub_v12_0_15_lut6_legacy__parameterized9 is either unconnected or has no load
INFO: [Common 17-14] Message 'Synth 8-7129' appears 100 times and further instances of the messages will be disabled. Use the Tcl command set_msg_config to change the current settings.
---------------------------------------------------------------------------------
Finished RTL Elaboration : Time (s): cpu = 00:01:12 ; elapsed = 00:01:27 . Memory (MB): peak = 2907.777 ; gain = 2012.988
---------------------------------------------------------------------------------
---------------------------------------------------------------------------------
Start Handling Custom Attributes
---------------------------------------------------------------------------------
---------------------------------------------------------------------------------
Finished Handling Custom Attributes : Time (s): cpu = 00:01:12 ; elapsed = 00:01:27 . Memory (MB): peak = 2907.777 ; gain = 2012.988
---------------------------------------------------------------------------------
---------------------------------------------------------------------------------
Finished RTL Optimization Phase 1 : Time (s): cpu = 00:01:12 ; elapsed = 00:01:27 . Memory (MB): peak = 2907.777 ; gain = 2012.988
---------------------------------------------------------------------------------
Netlist sorting complete. Time (s): cpu = 00:00:01 ; elapsed = 00:00:00.320 . Memory (MB): peak = 2907.777 ; gain = 0.000
INFO: [Netlist 29-17] Analyzing 3317 Unisim elements for replacement
INFO: [Netlist 29-28] Unisim Transformation completed in 0 CPU seconds
INFO: [Project 1-570] Preparing netlist for logic optimization

Processing XDC Constraints
Initializing timing engine
Parsing XDC File [c:/Users/gm/Vivado Projects/COMPLETE_DET_FIFO_1024/COMPLETE_DET_FIFO_1024.gen/sources_1/ip/xfft_1/xfft_1_ooc.xdc] for cell 'U0'
Finished Parsing XDC File [c:/Users/gm/Vivado Projects/COMPLETE_DET_FIFO_1024/COMPLETE_DET_FIFO_1024.gen/sources_1/ip/xfft_1/xfft_1_ooc.xdc] for cell 'U0'
Parsing XDC File [C:/Users/gm/Vivado Projects/COMPLETE_DET_FIFO_1024/COMPLETE_DET_FIFO_1024.runs/xfft_1_synth_1/dont_touch.xdc]
Finished Parsing XDC File [C:/Users/gm/Vivado Projects/COMPLETE_DET_FIFO_1024/COMPLETE_DET_FIFO_1024.runs/xfft_1_synth_1/dont_touch.xdc]
Completed Processing XDC Constraints

Netlist sorting complete. Time (s): cpu = 00:00:00 ; elapsed = 00:00:00.009 . Memory (MB): peak = 2907.777 ; gain = 0.000
INFO: [Project 1-111] Unisim Transformation Summary:
  A total of 805 instances were transformed.
  FD => FDRE: 3 instances
  FDE => FDRE: 773 instances
  FDR => FDRE: 29 instances

Constraint Validation Runtime : Time (s): cpu = 00:00:01 ; elapsed = 00:00:00.297 . Memory (MB): peak = 2907.777 ; gain = 0.000
INFO: [Designutils 20-5008] Incremental synthesis strategy off
---------------------------------------------------------------------------------
Finished Constraint Validation : Time (s): cpu = 00:01:21 ; elapsed = 00:01:38 . Memory (MB): peak = 2907.777 ; gain = 2012.988
---------------------------------------------------------------------------------
---------------------------------------------------------------------------------
Start Loading Part and Timing Information
---------------------------------------------------------------------------------
Loading part: xc7z020clg484-1
---------------------------------------------------------------------------------
Finished Loading Part and Timing Information : Time (s): cpu = 00:01:21 ; elapsed = 00:01:38 . Memory (MB): peak = 2907.777 ; gain = 2012.988
---------------------------------------------------------------------------------
---------------------------------------------------------------------------------
Start Applying 'set_property' XDC Constraints
---------------------------------------------------------------------------------
Applied set_property KEEP_HIERARCHY = SOFT for U0. (constraint file  {C:/Users/gm/Vivado Projects/COMPLETE_DET_FIFO_1024/COMPLETE_DET_FIFO_1024.runs/xfft_1_synth_1/dont_touch.xdc}, line 9).
---------------------------------------------------------------------------------
Finished applying 'set_property' XDC Constraints : Time (s): cpu = 00:01:21 ; elapsed = 00:01:38 . Memory (MB): peak = 2907.777 ; gain = 2012.988
---------------------------------------------------------------------------------
---------------------------------------------------------------------------------
Finished RTL Optimization Phase 2 : Time (s): cpu = 00:01:25 ; elapsed = 00:01:42 . Memory (MB): peak = 2907.777 ; gain = 2012.988
---------------------------------------------------------------------------------
INFO: [Synth 8-223] decloning instance 'U0/i_synth/xfft_inst/non_floating_point.arch_d.xfft_inst/FLOW/reset_sustain.resets_4_pes[3].delay_reset_pe/tc_compare' (logic_gate) to 'U0/i_synth/xfft_inst/non_floating_point.arch_d.xfft_inst/FLOW/reset_sustain.resets_4_pes[3].delay_reset_pe/tc_compare1'
INFO: [Synth 8-223] decloning instance 'U0/i_synth/xfft_inst/non_floating_point.arch_d.xfft_inst/FLOW/reset_sustain.resets_4_pes[2].delay_reset_pe/tc_compare' (logic_gate__parameterized0) to 'U0/i_synth/xfft_inst/non_floating_point.arch_d.xfft_inst/FLOW/reset_sustain.resets_4_pes[2].delay_reset_pe/tc_compare1'
INFO: [Synth 8-223] decloning instance 'U0/i_synth/xfft_inst/non_floating_point.arch_d.xfft_inst/FLOW/reset_sustain.resets_4_pes[1].delay_reset_pe/tc_compare' (logic_gate__parameterized1) to 'U0/i_synth/xfft_inst/non_floating_point.arch_d.xfft_inst/FLOW/reset_sustain.resets_4_pes[1].delay_reset_pe/tc_compare1'
INFO: [Synth 8-223] decloning instance 'U0/i_synth/xfft_inst/non_floating_point.arch_d.xfft_inst/FLOW/reset_sustain.resets_4_pes[0].delay_reset_pe/tc_compare' (logic_gate__parameterized2) to 'U0/i_synth/xfft_inst/non_floating_point.arch_d.xfft_inst/FLOW/reset_sustain.resets_4_pes[0].delay_reset_pe/tc_compare1'
INFO: [Synth 8-223] decloning instance 'U0/i_synth/xfft_inst/non_floating_point.arch_d.xfft_inst/FLOW/reset_sustain.delay_reset_3/tc_compare' (logic_gate__parameterized3) to 'U0/i_synth/xfft_inst/non_floating_point.arch_d.xfft_inst/FLOW/reset_sustain.delay_reset_3/tc_compare1'
INFO: [Synth 8-223] decloning instance 'U0/i_synth/xfft_inst/non_floating_point.arch_d.xfft_inst/FLOW/reset_sustain.delay_reset_7/tc_compare' (logic_gate__parameterized4) to 'U0/i_synth/xfft_inst/non_floating_point.arch_d.xfft_inst/FLOW/reset_sustain.delay_reset_7/tc_compare1'
INFO: [Synth 8-223] decloning instance 'U0/i_synth/xfft_inst/non_floating_point.arch_d.xfft_inst/pe_gen[0].natural_order_input.PE/FB_1.BF_1/yes_nfft.bypass_reg' (shift_ram__parameterized12) to 'U0/i_synth/xfft_inst/non_floating_point.arch_d.xfft_inst/pe_gen[0].natural_order_input.PE/FB_1.BF_1/yes_nfft.bypass_1_reg'
INFO: [Synth 8-223] decloning instance 'U0/i_synth/xfft_inst/non_floating_point.arch_d.xfft_inst/pe_gen[0].natural_order_input.PE/FB_1.BF_1/yes_nfft.bypass_reg' (shift_ram__parameterized12) to 'U0/i_synth/xfft_inst/non_floating_point.arch_d.xfft_inst/pe_gen[0].natural_order_input.PE/FB_1.BF_1/yes_nfft.bypass_2_reg'
INFO: [Synth 8-223] decloning instance 'U0/i_synth/xfft_inst/non_floating_point.arch_d.xfft_inst/pe_gen[0].natural_order_input.PE/FB_1.BF_1/yes_nfft.bypass_reg' (shift_ram__parameterized12) to 'U0/i_synth/xfft_inst/non_floating_point.arch_d.xfft_inst/pe_gen[0].natural_order_input.PE/FB_1.BF_1/yes_nfft.bypass_3_reg'
INFO: [Synth 8-223] decloning instance 'U0/i_synth/xfft_inst/non_floating_point.arch_d.xfft_inst/pe_gen[0].natural_order_input.PE/hasbf2.FB_2.BF_2/yes_nfft.bypass_reg' (shift_ram__parameterized12) to 'U0/i_synth/xfft_inst/non_floating_point.arch_d.xfft_inst/pe_gen[0].natural_order_input.PE/hasbf2.FB_2.BF_2/yes_nfft.bypass_1_reg'
INFO: [Synth 8-223] decloning instance 'U0/i_synth/xfft_inst/non_floating_point.arch_d.xfft_inst/pe_gen[0].natural_order_input.PE/hasbf2.FB_2.BF_2/yes_nfft.bypass_reg' (shift_ram__parameterized12) to 'U0/i_synth/xfft_inst/non_floating_point.arch_d.xfft_inst/pe_gen[0].natural_order_input.PE/hasbf2.FB_2.BF_2/yes_nfft.bypass_2_reg'
INFO: [Synth 8-223] decloning instance 'U0/i_synth/xfft_inst/non_floating_point.arch_d.xfft_inst/pe_gen[0].natural_order_input.PE/hasbf2.FB_2.BF_2/yes_nfft.bypass_reg' (shift_ram__parameterized12) to 'U0/i_synth/xfft_inst/non_floating_point.arch_d.xfft_inst/pe_gen[0].natural_order_input.PE/hasbf2.FB_2.BF_2/yes_nfft.bypass_3_reg'
INFO: [Synth 8-223] decloning instance 'U0/i_synth/xfft_inst/non_floating_point.arch_d.xfft_inst/pe_gen[3].natural_order_input.PE/SR2' (shift_ram__parameterized69) to 'U0/i_synth/xfft_inst/non_floating_point.arch_d.xfft_inst/pe_gen[3].natural_order_input.PE/SR3'
---------------------------------------------------------------------------------
Start RTL Component Statistics 
---------------------------------------------------------------------------------
---------------------------------------------------------------------------------
Finished RTL Component Statistics 
---------------------------------------------------------------------------------
---------------------------------------------------------------------------------
Start Part Resource Summary
---------------------------------------------------------------------------------
Part Resources:
DSPs: 220 (col length:60)
BRAMs: 280 (col length: RAMB18 60 RAMB36 30)
---------------------------------------------------------------------------------
Finished Part Resource Summary
---------------------------------------------------------------------------------
---------------------------------------------------------------------------------
Start Cross Boundary and Area Optimization
---------------------------------------------------------------------------------
WARNING: [Synth 8-7080] Parallel synthesis criteria is not met
INFO: [Synth 8-3332] Sequential element (xfft_inst/non_floating_point.arch_d.xfft_inst/FLOW/reset_sustain.resets_4_pes[3].delay_reset_pe/tc_reg1) is unused and will be removed from module xfft_v9_1_9_viv.
INFO: [Synth 8-3332] Sequential element (xfft_inst/non_floating_point.arch_d.xfft_inst/FLOW/reset_sustain.resets_4_pes[2].delay_reset_pe/tc_reg1) is unused and will be removed from module xfft_v9_1_9_viv.
INFO: [Synth 8-3332] Sequential element (xfft_inst/non_floating_point.arch_d.xfft_inst/FLOW/reset_sustain.resets_4_pes[1].delay_reset_pe/tc_reg1) is unused and will be removed from module xfft_v9_1_9_viv.
INFO: [Synth 8-3332] Sequential element (xfft_inst/non_floating_point.arch_d.xfft_inst/FLOW/reset_sustain.resets_4_pes[0].delay_reset_pe/tc_reg1) is unused and will be removed from module xfft_v9_1_9_viv.
INFO: [Synth 8-3332] Sequential element (xfft_inst/non_floating_point.arch_d.xfft_inst/FLOW/reset_sustain.delay_reset_7/tc_reg1) is unused and will be removed from module xfft_v9_1_9_viv.
INFO: [Synth 8-3332] Sequential element (xfft_inst/non_floating_point.arch_d.xfft_inst/FLOW/has_nfft.counter_limit_reg[15].max_n_int_minus_one_ff) is unused and will be removed from module xfft_v9_1_9_viv.
INFO: [Synth 8-3332] Sequential element (xfft_inst/non_floating_point.arch_d.xfft_inst/FLOW/has_nfft.counter_limit_reg[14].max_n_int_minus_one_ff) is unused and will be removed from module xfft_v9_1_9_viv.
INFO: [Synth 8-3332] Sequential element (xfft_inst/non_floating_point.arch_d.xfft_inst/FLOW/has_nfft.counter_limit_reg[13].max_n_int_minus_one_ff) is unused and will be removed from module xfft_v9_1_9_viv.
INFO: [Synth 8-3332] Sequential element (xfft_inst/non_floating_point.arch_d.xfft_inst/FLOW/has_nfft.counter_limit_reg[12].max_n_int_minus_one_ff) is unused and will be removed from module xfft_v9_1_9_viv.
INFO: [Synth 8-3332] Sequential element (xfft_inst/non_floating_point.arch_d.xfft_inst/FLOW/has_nfft.counter_limit_reg[11].max_n_int_minus_one_ff) is unused and will be removed from module xfft_v9_1_9_viv.
INFO: [Synth 8-3332] Sequential element (xfft_inst/non_floating_point.arch_d.xfft_inst/FLOW/has_nfft.counter_limit_reg[10].max_n_int_minus_one_ff) is unused and will be removed from module xfft_v9_1_9_viv.
INFO: [Synth 8-3332] Sequential element (xfft_inst/non_floating_point.arch_d.xfft_inst/FLOW/has_nfft.counter_limit_reg[9].max_n_int_minus_one_ff) is unused and will be removed from module xfft_v9_1_9_viv.
INFO: [Synth 8-3332] Sequential element (xfft_inst/non_floating_point.arch_d.xfft_inst/FLOW/has_nfft.counter_limit_reg[8].max_n_int_minus_one_ff) is unused and will be removed from module xfft_v9_1_9_viv.
INFO: [Synth 8-3332] Sequential element (xfft_inst/non_floating_point.arch_d.xfft_inst/FLOW/has_nfft.counter_limit_reg[7].max_n_int_minus_one_ff) is unused and will be removed from module xfft_v9_1_9_viv.
INFO: [Synth 8-3332] Sequential element (xfft_inst/non_floating_point.arch_d.xfft_inst/FLOW/has_nfft.counter_limit_reg[0].max_n_int_minus_one_ff) is unused and will be removed from module xfft_v9_1_9_viv.
INFO: [Synth 8-3332] Sequential element (xfft_inst/non_floating_point.arch_d.xfft_inst/FLOW/has_nfft.counter_limit_early_reg[15].max_n_int_minus_one_ff) is unused and will be removed from module xfft_v9_1_9_viv.
INFO: [Synth 8-3332] Sequential element (xfft_inst/non_floating_point.arch_d.xfft_inst/FLOW/has_nfft.counter_limit_early_reg[14].max_n_int_minus_one_ff) is unused and will be removed from module xfft_v9_1_9_viv.
INFO: [Synth 8-3332] Sequential element (xfft_inst/non_floating_point.arch_d.xfft_inst/FLOW/has_nfft.counter_limit_early_reg[13].max_n_int_minus_one_ff) is unused and will be removed from module xfft_v9_1_9_viv.
INFO: [Synth 8-3332] Sequential element (xfft_inst/non_floating_point.arch_d.xfft_inst/FLOW/has_nfft.counter_limit_early_reg[12].max_n_int_minus_one_ff) is unused and will be removed from module xfft_v9_1_9_viv.
INFO: [Synth 8-3332] Sequential element (xfft_inst/non_floating_point.arch_d.xfft_inst/FLOW/has_nfft.counter_limit_early_reg[11].max_n_int_minus_one_ff) is unused and will be removed from module xfft_v9_1_9_viv.
INFO: [Synth 8-3332] Sequential element (xfft_inst/non_floating_point.arch_d.xfft_inst/FLOW/has_nfft.counter_limit_early_reg[10].max_n_int_minus_one_ff) is unused and will be removed from module xfft_v9_1_9_viv.
INFO: [Synth 8-3332] Sequential element (xfft_inst/non_floating_point.arch_d.xfft_inst/FLOW/has_nfft.counter_limit_early_reg[9].max_n_int_minus_one_ff) is unused and will be removed from module xfft_v9_1_9_viv.
INFO: [Synth 8-3332] Sequential element (xfft_inst/non_floating_point.arch_d.xfft_inst/FLOW/has_nfft.counter_limit_early_reg[8].max_n_int_minus_one_ff) is unused and will be removed from module xfft_v9_1_9_viv.
INFO: [Synth 8-3332] Sequential element (xfft_inst/non_floating_point.arch_d.xfft_inst/FLOW/has_nfft.counter_limit_early_reg[7].max_n_int_minus_one_ff) is unused and will be removed from module xfft_v9_1_9_viv.
INFO: [Synth 8-3332] Sequential element (xfft_inst/non_floating_point.arch_d.xfft_inst/FLOW/has_nfft.counter_limit_early_reg[1].max_n_int_minus_one_ff) is unused and will be removed from module xfft_v9_1_9_viv.
INFO: [Synth 8-3332] Sequential element (xfft_inst/non_floating_point.arch_d.xfft_inst/pe0_bf1_addr_gen/no_sclr_lut.real_shift_ram.use_baseblock.use_hlutnm_srls.srl_loop[0].i_fdre0) is unused and will be removed from module xfft_v9_1_9_viv.
INFO: [Synth 8-3332] Sequential element (xfft_inst/non_floating_point.arch_d.xfft_inst/pe_gen[0].natural_order_input.PE/has_scale_pipelining.pe_ovflo_delay/no_sclr_lut.real_shift_ram.use_baseblock.use_hlutnm_srls.runt_srl_loop.i_fdre) is unused and will be removed from module xfft_v9_1_9_viv.
INFO: [Synth 8-3332] Sequential element (xfft_inst/non_floating_point.arch_d.xfft_inst/pe_gen[0].natural_order_input.PE/delay_addr_bf2/no_sclr_lut.real_shift_ram.use_baseblock.use_hlutnm_srls.srl_loop[0].i_fdre0) is unused and will be removed from module xfft_v9_1_9_viv.
INFO: [Synth 8-3332] Sequential element (xfft_inst/non_floating_point.arch_d.xfft_inst/pe_gen[0].natural_order_input.PE/delay_addr_bf2/no_sclr_lut.real_shift_ram.use_baseblock.use_hlutnm_srls.srl_loop[0].i_fdre1) is unused and will be removed from module xfft_v9_1_9_viv.
INFO: [Synth 8-3332] Sequential element (xfft_inst/non_floating_point.arch_d.xfft_inst/pe_gen[0].natural_order_input.PE/delay_addr_bf2/no_sclr_lut.real_shift_ram.use_baseblock.use_hlutnm_srls.srl_loop[1].i_fdre0) is unused and will be removed from module xfft_v9_1_9_viv.
INFO: [Synth 8-3332] Sequential element (xfft_inst/non_floating_point.arch_d.xfft_inst/pe_gen[0].natural_order_input.PE/delay_addr_bf2/no_sclr_lut.real_shift_ram.use_baseblock.use_hlutnm_srls.srl_loop[1].i_fdre1) is unused and will be removed from module xfft_v9_1_9_viv.
INFO: [Synth 8-3332] Sequential element (xfft_inst/non_floating_point.arch_d.xfft_inst/pe_gen[0].natural_order_input.PE/delay_addr_tw/no_sclr_lut.real_shift_ram.use_baseblock.use_hlutnm_srls.srl_loop[0].i_fdre0) is unused and will be removed from module xfft_v9_1_9_viv.
INFO: [Synth 8-3332] Sequential element (xfft_inst/non_floating_point.arch_d.xfft_inst/pe_gen[0].natural_order_input.PE/delay_addr_tw/no_sclr_lut.real_shift_ram.use_baseblock.use_hlutnm_srls.srl_loop[0].i_fdre1) is unused and will be removed from module xfft_v9_1_9_viv.
INFO: [Synth 8-3332] Sequential element (xfft_inst/non_floating_point.arch_d.xfft_inst/pe_gen[0].natural_order_input.PE/delay_addr_tw/no_sclr_lut.real_shift_ram.use_baseblock.use_hlutnm_srls.srl_loop[1].i_fdre0) is unused and will be removed from module xfft_v9_1_9_viv.
INFO: [Synth 8-3332] Sequential element (xfft_inst/non_floating_point.arch_d.xfft_inst/pe_gen[0].natural_order_input.PE/delay_addr_tw/no_sclr_lut.real_shift_ram.use_baseblock.use_hlutnm_srls.srl_loop[1].i_fdre1) is unused and will be removed from module xfft_v9_1_9_viv.
INFO: [Synth 8-3332] Sequential element (xfft_inst/non_floating_point.arch_d.xfft_inst/pe_gen[0].natural_order_input.PE/delay_addr_tw/no_sclr_lut.real_shift_ram.use_baseblock.use_hlutnm_srls.srl_loop[2].i_fdre0) is unused and will be removed from module xfft_v9_1_9_viv.
INFO: [Synth 8-3332] Sequential element (xfft_inst/non_floating_point.arch_d.xfft_inst/pe_gen[0].natural_order_input.PE/delay_addr_tw/no_sclr_lut.real_shift_ram.use_baseblock.use_hlutnm_srls.srl_loop[2].i_fdre1) is unused and will be removed from module xfft_v9_1_9_viv.
INFO: [Synth 8-3332] Sequential element (xfft_inst/non_floating_point.arch_d.xfft_inst/pe_gen[0].natural_order_input.PE/delay_addr_tw/no_sclr_lut.real_shift_ram.use_baseblock.use_hlutnm_srls.runt_srl_loop.i_fdre) is unused and will be removed from module xfft_v9_1_9_viv.
INFO: [Synth 8-3332] Sequential element (xfft_inst/non_floating_point.arch_d.xfft_inst/pe_gen[0].natural_order_input.PE/FB_1.BF_1/wr_addr_del/no_sclr_lut.real_shift_ram.use_baseblock.use_hlutnm_srls.srl_loop[0].i_fdre0) is unused and will be removed from module xfft_v9_1_9_viv.
INFO: [Synth 8-3332] Sequential element (xfft_inst/non_floating_point.arch_d.xfft_inst/pe_gen[0].natural_order_input.PE/FB_1.BF_1/wr_addr_del/no_sclr_lut.real_shift_ram.use_baseblock.use_hlutnm_srls.srl_loop[0].i_fdre1) is unused and will be removed from module xfft_v9_1_9_viv.
INFO: [Synth 8-3332] Sequential element (xfft_inst/non_floating_point.arch_d.xfft_inst/pe_gen[0].natural_order_input.PE/FB_1.BF_1/wr_addr_del/no_sclr_lut.real_shift_ram.use_baseblock.use_hlutnm_srls.srl_loop[1].i_fdre0) is unused and will be removed from module xfft_v9_1_9_viv.
INFO: [Synth 8-3332] Sequential element (xfft_inst/non_floating_point.arch_d.xfft_inst/pe_gen[0].natural_order_input.PE/FB_1.BF_1/wr_addr_del/no_sclr_lut.real_shift_ram.use_baseblock.use_hlutnm_srls.srl_loop[1].i_fdre1) is unused and will be removed from module xfft_v9_1_9_viv.
INFO: [Synth 8-3332] Sequential element (xfft_inst/non_floating_point.arch_d.xfft_inst/pe_gen[0].natural_order_input.PE/FB_1.BF_1/wr_addr_del/no_sclr_lut.real_shift_ram.use_baseblock.use_hlutnm_srls.srl_loop[2].i_fdre0) is unused and will be removed from module xfft_v9_1_9_viv.
INFO: [Synth 8-3332] Sequential element (xfft_inst/non_floating_point.arch_d.xfft_inst/pe_gen[0].natural_order_input.PE/FB_1.BF_1/wr_addr_del/no_sclr_lut.real_shift_ram.use_baseblock.use_hlutnm_srls.srl_loop[2].i_fdre1) is unused and will be removed from module xfft_v9_1_9_viv.
INFO: [Synth 8-3332] Sequential element (xfft_inst/non_floating_point.arch_d.xfft_inst/pe_gen[0].natural_order_input.PE/hasbf2.FB_2.BF_2/wr_addr_del/no_sclr_lut.real_shift_ram.use_baseblock.use_hlutnm_srls.srl_loop[0].i_fdre0) is unused and will be removed from module xfft_v9_1_9_viv.
INFO: [Synth 8-3332] Sequential element (xfft_inst/non_floating_point.arch_d.xfft_inst/pe_gen[0].natural_order_input.PE/hasbf2.FB_2.BF_2/wr_addr_del/no_sclr_lut.real_shift_ram.use_baseblock.use_hlutnm_srls.srl_loop[0].i_fdre1) is unused and will be removed from module xfft_v9_1_9_viv.
INFO: [Synth 8-3332] Sequential element (xfft_inst/non_floating_point.arch_d.xfft_inst/pe_gen[0].natural_order_input.PE/hasbf2.FB_2.BF_2/wr_addr_del/no_sclr_lut.real_shift_ram.use_baseblock.use_hlutnm_srls.srl_loop[1].i_fdre0) is unused and will be removed from module xfft_v9_1_9_viv.
INFO: [Synth 8-3332] Sequential element (xfft_inst/non_floating_point.arch_d.xfft_inst/pe_gen[0].natural_order_input.PE/hasbf2.FB_2.BF_2/wr_addr_del/no_sclr_lut.real_shift_ram.use_baseblock.use_hlutnm_srls.srl_loop[1].i_fdre1) is unused and will be removed from module xfft_v9_1_9_viv.
INFO: [Synth 8-3332] Sequential element (xfft_inst/non_floating_point.arch_d.xfft_inst/pe_gen[0].natural_order_input.PE/hasbf2.FB_2.BF_2/wr_addr_del/no_sclr_lut.real_shift_ram.use_baseblock.use_hlutnm_srls.runt_srl_loop.i_fdre) is unused and will be removed from module xfft_v9_1_9_viv.
INFO: [Synth 8-3332] Sequential element (xfft_inst/non_floating_point.arch_d.xfft_inst/pe_gen[0].natural_order_input.PE/scaling2bits.scaler_re/scale_mux/four_inputs.use_lut6.no_lut_sclr.four_to_one_mux[42].latency1.reg) is unused and will be removed from module xfft_v9_1_9_viv.
INFO: [Synth 8-3332] Sequential element (xfft_inst/non_floating_point.arch_d.xfft_inst/pe_gen[0].natural_order_input.PE/scaling2bits.scaler_re/scale_mux/four_inputs.use_lut6.no_lut_sclr.four_to_one_mux[41].latency1.reg) is unused and will be removed from module xfft_v9_1_9_viv.
INFO: [Synth 8-3332] Sequential element (xfft_inst/non_floating_point.arch_d.xfft_inst/pe_gen[0].natural_order_input.PE/scaling2bits.scaler_re/scale_mux/four_inputs.use_lut6.no_lut_sclr.four_to_one_mux[40].latency1.reg) is unused and will be removed from module xfft_v9_1_9_viv.
INFO: [Synth 8-3332] Sequential element (xfft_inst/non_floating_point.arch_d.xfft_inst/pe_gen[0].natural_order_input.PE/scaling2bits.scaler_im/scale_mux/four_inputs.use_lut6.no_lut_sclr.four_to_one_mux[42].latency1.reg) is unused and will be removed from module xfft_v9_1_9_viv.
INFO: [Synth 8-3332] Sequential element (xfft_inst/non_floating_point.arch_d.xfft_inst/pe_gen[0].natural_order_input.PE/scaling2bits.scaler_im/scale_mux/four_inputs.use_lut6.no_lut_sclr.four_to_one_mux[41].latency1.reg) is unused and will be removed from module xfft_v9_1_9_viv.
INFO: [Synth 8-3332] Sequential element (xfft_inst/non_floating_point.arch_d.xfft_inst/pe_gen[0].natural_order_input.PE/scaling2bits.scaler_im/scale_mux/four_inputs.use_lut6.no_lut_sclr.four_to_one_mux[40].latency1.reg) is unused and will be removed from module xfft_v9_1_9_viv.
INFO: [Synth 8-3332] Sequential element (xfft_inst/non_floating_point.arch_d.xfft_inst/pe_gen[0].natural_order_input.PE/rounding.ROUND_0/reg_gate.delay_d_2/no_sclr_lut.real_shift_ram.use_baseblock.use_hlutnm_srls.srl_loop[0].i_fdre0) is unused and will be removed from module xfft_v9_1_9_viv.
INFO: [Synth 8-3332] Sequential element (xfft_inst/non_floating_point.arch_d.xfft_inst/pe_gen[0].natural_order_input.PE/rounding.ROUND_1/reg_gate.delay_d_2/no_sclr_lut.real_shift_ram.use_baseblock.use_hlutnm_srls.srl_loop[0].i_fdre0) is unused and will be removed from module xfft_v9_1_9_viv.
INFO: [Synth 8-3332] Sequential element (xfft_inst/non_floating_point.arch_d.xfft_inst/pe_gen[0].natural_order_input.PE/has_scale_pipelining.has_tw_scale_reg.tw_scale_reg_gen[7].tw_scale_reg) is unused and will be removed from module xfft_v9_1_9_viv.
INFO: [Synth 8-3332] Sequential element (xfft_inst/non_floating_point.arch_d.xfft_inst/pe_gen[1].natural_order_input.PE/scaling2bits.scaler_re/scale_mux/four_inputs.use_lut6.no_lut_sclr.four_to_one_mux[42].latency1.reg) is unused and will be removed from module xfft_v9_1_9_viv.
INFO: [Synth 8-3332] Sequential element (xfft_inst/non_floating_point.arch_d.xfft_inst/pe_gen[1].natural_order_input.PE/scaling2bits.scaler_re/scale_mux/four_inputs.use_lut6.no_lut_sclr.four_to_one_mux[41].latency1.reg) is unused and will be removed from module xfft_v9_1_9_viv.
INFO: [Synth 8-3332] Sequential element (xfft_inst/non_floating_point.arch_d.xfft_inst/pe_gen[1].natural_order_input.PE/scaling2bits.scaler_re/scale_mux/four_inputs.use_lut6.no_lut_sclr.four_to_one_mux[40].latency1.reg) is unused and will be removed from module xfft_v9_1_9_viv.
INFO: [Synth 8-3332] Sequential element (xfft_inst/non_floating_point.arch_d.xfft_inst/pe_gen[1].natural_order_input.PE/scaling2bits.scaler_im/scale_mux/four_inputs.use_lut6.no_lut_sclr.four_to_one_mux[42].latency1.reg) is unused and will be removed from module xfft_v9_1_9_viv.
INFO: [Synth 8-3332] Sequential element (xfft_inst/non_floating_point.arch_d.xfft_inst/pe_gen[1].natural_order_input.PE/scaling2bits.scaler_im/scale_mux/four_inputs.use_lut6.no_lut_sclr.four_to_one_mux[41].latency1.reg) is unused and will be removed from module xfft_v9_1_9_viv.
INFO: [Synth 8-3332] Sequential element (xfft_inst/non_floating_point.arch_d.xfft_inst/pe_gen[1].natural_order_input.PE/scaling2bits.scaler_im/scale_mux/four_inputs.use_lut6.no_lut_sclr.four_to_one_mux[40].latency1.reg) is unused and will be removed from module xfft_v9_1_9_viv.
INFO: [Synth 8-3332] Sequential element (xfft_inst/non_floating_point.arch_d.xfft_inst/pe_gen[1].natural_order_input.PE/rounding.ROUND_0/reg_gate.delay_d_2/no_sclr_lut.real_shift_ram.use_baseblock.use_hlutnm_srls.srl_loop[0].i_fdre0) is unused and will be removed from module xfft_v9_1_9_viv.
INFO: [Synth 8-3332] Sequential element (xfft_inst/non_floating_point.arch_d.xfft_inst/pe_gen[1].natural_order_input.PE/rounding.ROUND_1/reg_gate.delay_d_2/no_sclr_lut.real_shift_ram.use_baseblock.use_hlutnm_srls.srl_loop[0].i_fdre0) is unused and will be removed from module xfft_v9_1_9_viv.
INFO: [Synth 8-3332] Sequential element (xfft_inst/non_floating_point.arch_d.xfft_inst/pe_gen[1].natural_order_input.PE/addr_select.bf1_addr_mux_gen[2].reg) is unused and will be removed from module xfft_v9_1_9_viv.
INFO: [Synth 8-3332] Sequential element (xfft_inst/non_floating_point.arch_d.xfft_inst/pe_gen[1].natural_order_input.PE/addr_select.bf1_addr_mux_gen[1].reg) is unused and will be removed from module xfft_v9_1_9_viv.
INFO: [Synth 8-3332] Sequential element (xfft_inst/non_floating_point.arch_d.xfft_inst/pe_gen[1].natural_order_input.PE/addr_select.bf1_addr_mux_gen[0].reg) is unused and will be removed from module xfft_v9_1_9_viv.
INFO: [Synth 8-3332] Sequential element (xfft_inst/non_floating_point.arch_d.xfft_inst/pe_gen[1].natural_order_input.PE/has_scale_pipelining.scale_select.scale_mux_gen[5].reg) is unused and will be removed from module xfft_v9_1_9_viv.
INFO: [Synth 8-3332] Sequential element (xfft_inst/non_floating_point.arch_d.xfft_inst/pe_gen[1].natural_order_input.PE/has_scale_pipelining.has_tw_scale_reg.tw_scale_reg_gen[5].tw_scale_reg) is unused and will be removed from module xfft_v9_1_9_viv.
INFO: [Synth 8-3332] Sequential element (xfft_inst/non_floating_point.arch_d.xfft_inst/pe_gen[2].natural_order_input.PE/delay_addr_tw/no_sclr_lut.real_shift_ram.use_baseblock.use_hlutnm_srls.srl_loop[0].i_fdre0) is unused and will be removed from module xfft_v9_1_9_viv.
INFO: [Synth 8-3332] Sequential element (xfft_inst/non_floating_point.arch_d.xfft_inst/pe_gen[2].natural_order_input.PE/delay_addr_tw/no_sclr_lut.real_shift_ram.use_baseblock.use_hlutnm_srls.srl_loop[0].i_fdre1) is unused and will be removed from module xfft_v9_1_9_viv.
INFO: [Synth 8-3332] Sequential element (xfft_inst/non_floating_point.arch_d.xfft_inst/pe_gen[2].natural_order_input.PE/delay_addr_tw/no_sclr_lut.real_shift_ram.use_baseblock.use_hlutnm_srls.runt_srl_loop.i_fdre) is unused and will be removed from module xfft_v9_1_9_viv.
INFO: [Synth 8-3332] Sequential element (xfft_inst/non_floating_point.arch_d.xfft_inst/pe_gen[2].natural_order_input.PE/scaling2bits.scaler_re/scale_mux/four_inputs.use_lut6.no_lut_sclr.four_to_one_mux[42].latency1.reg) is unused and will be removed from module xfft_v9_1_9_viv.
INFO: [Synth 8-3332] Sequential element (xfft_inst/non_floating_point.arch_d.xfft_inst/pe_gen[2].natural_order_input.PE/scaling2bits.scaler_re/scale_mux/four_inputs.use_lut6.no_lut_sclr.four_to_one_mux[41].latency1.reg) is unused and will be removed from module xfft_v9_1_9_viv.
INFO: [Synth 8-3332] Sequential element (xfft_inst/non_floating_point.arch_d.xfft_inst/pe_gen[2].natural_order_input.PE/scaling2bits.scaler_re/scale_mux/four_inputs.use_lut6.no_lut_sclr.four_to_one_mux[40].latency1.reg) is unused and will be removed from module xfft_v9_1_9_viv.
INFO: [Synth 8-3332] Sequential element (xfft_inst/non_floating_point.arch_d.xfft_inst/pe_gen[2].natural_order_input.PE/scaling2bits.scaler_im/scale_mux/four_inputs.use_lut6.no_lut_sclr.four_to_one_mux[42].latency1.reg) is unused and will be removed from module xfft_v9_1_9_viv.
INFO: [Synth 8-3332] Sequential element (xfft_inst/non_floating_point.arch_d.xfft_inst/pe_gen[2].natural_order_input.PE/scaling2bits.scaler_im/scale_mux/four_inputs.use_lut6.no_lut_sclr.four_to_one_mux[41].latency1.reg) is unused and will be removed from module xfft_v9_1_9_viv.
INFO: [Synth 8-3332] Sequential element (xfft_inst/non_floating_point.arch_d.xfft_inst/pe_gen[2].natural_order_input.PE/scaling2bits.scaler_im/scale_mux/four_inputs.use_lut6.no_lut_sclr.four_to_one_mux[40].latency1.reg) is unused and will be removed from module xfft_v9_1_9_viv.
INFO: [Synth 8-3332] Sequential element (xfft_inst/non_floating_point.arch_d.xfft_inst/pe_gen[2].natural_order_input.PE/rounding.ROUND_0/reg_gate.delay_d_2/no_sclr_lut.real_shift_ram.use_baseblock.use_hlutnm_srls.srl_loop[0].i_fdre0) is unused and will be removed from module xfft_v9_1_9_viv.
INFO: [Synth 8-3332] Sequential element (xfft_inst/non_floating_point.arch_d.xfft_inst/pe_gen[2].natural_order_input.PE/rounding.ROUND_1/reg_gate.delay_d_2/no_sclr_lut.real_shift_ram.use_baseblock.use_hlutnm_srls.srl_loop[0].i_fdre0) is unused and will be removed from module xfft_v9_1_9_viv.
INFO: [Synth 8-3332] Sequential element (xfft_inst/non_floating_point.arch_d.xfft_inst/pe_gen[2].natural_order_input.PE/addr_select.bf1_addr_mux_gen[0].reg) is unused and will be removed from module xfft_v9_1_9_viv.
INFO: [Synth 8-3332] Sequential element (xfft_inst/non_floating_point.arch_d.xfft_inst/pe_gen[2].natural_order_input.PE/has_scale_pipelining.scale_select.scale_mux_gen[3].reg) is unused and will be removed from module xfft_v9_1_9_viv.
INFO: [Synth 8-3332] Sequential element (xfft_inst/non_floating_point.arch_d.xfft_inst/pe_gen[2].natural_order_input.PE/has_scale_pipelining.has_tw_scale_reg.tw_scale_reg_gen[3].tw_scale_reg) is unused and will be removed from module xfft_v9_1_9_viv.
INFO: [Synth 8-3332] Sequential element (xfft_inst/non_floating_point.arch_d.xfft_inst/pe_gen[3].natural_order_input.PE/has_scale_pipelining.pe_scale_delay/no_sclr_lut.real_shift_ram.use_baseblock.use_hlutnm_srls.srl_loop[0].i_fdre1) is unused and will be removed from module xfft_v9_1_9_viv.
INFO: [Synth 8-3332] Sequential element (xfft_inst/non_floating_point.arch_d.xfft_inst/pe_gen[3].natural_order_input.PE/has_scale_pipelining.pe_ovflo_delay/no_sclr_lut.real_shift_ram.use_baseblock.use_hlutnm_srls.runt_srl_loop.i_fdre) is unused and will be removed from module xfft_v9_1_9_viv.
INFO: [Synth 8-3332] Sequential element (xfft_inst/non_floating_point.arch_d.xfft_inst/pe_gen[3].natural_order_input.PE/delay_addr_bf2/no_sclr_lut.real_shift_ram.use_baseblock.use_hlutnm_srls.runt_srl_loop.i_fdre) is unused and will be removed from module xfft_v9_1_9_viv.
INFO: [Synth 8-3332] Sequential element (xfft_inst/non_floating_point.arch_d.xfft_inst/pe_gen[3].natural_order_input.PE/delay_addr_tw/no_sclr_lut.real_shift_ram.use_baseblock.use_hlutnm_srls.runt_srl_loop.i_fdre) is unused and will be removed from module xfft_v9_1_9_viv.
INFO: [Synth 8-3332] Sequential element (xfft_inst/non_floating_point.arch_d.xfft_inst/pe_gen[3].natural_order_input.PE/rounding.ROUND_0/reg_gate.delay_d_2/no_sclr_lut.real_shift_ram.use_baseblock.use_hlutnm_srls.srl_loop[0].i_fdre0) is unused and will be removed from module xfft_v9_1_9_viv.
INFO: [Synth 8-3332] Sequential element (xfft_inst/non_floating_point.arch_d.xfft_inst/pe_gen[3].natural_order_input.PE/rounding.ROUND_1/reg_gate.delay_d_2/no_sclr_lut.real_shift_ram.use_baseblock.use_hlutnm_srls.srl_loop[0].i_fdre0) is unused and will be removed from module xfft_v9_1_9_viv.
INFO: [Synth 8-3332] Sequential element (xfft_inst/non_floating_point.arch_d.xfft_inst/has_bit_reverse.busy_gen/proc_start_delay/need_sclr_lut.real_shift_ram.FF_gen[0].reg) is unused and will be removed from module xfft_v9_1_9_viv.
INFO: [Synth 8-3332] Sequential element (xfft_inst/non_floating_point.arch_d.xfft_inst/timing_cnts_has_nfft.duplicate_regs[4].other.nfft_regs[4].nfft_regs_fde) is unused and will be removed from module xfft_v9_1_9_viv.
INFO: [Synth 8-3332] Sequential element (xfft_inst/non_floating_point.arch_d.xfft_inst/timing_cnts_has_nfft.duplicate_regs[4].other.nfft_regs[3].nfft_regs_fde) is unused and will be removed from module xfft_v9_1_9_viv.
INFO: [Synth 8-3332] Sequential element (xfft_inst/non_floating_point.arch_d.xfft_inst/timing_cnts_has_nfft.duplicate_regs[4].other.nfft_regs[2].nfft_regs_fde) is unused and will be removed from module xfft_v9_1_9_viv.
INFO: [Synth 8-3332] Sequential element (xfft_inst/non_floating_point.arch_d.xfft_inst/timing_cnts_has_nfft.duplicate_regs[4].other.nfft_regs[1].nfft_regs_fde) is unused and will be removed from module xfft_v9_1_9_viv.
INFO: [Synth 8-3332] Sequential element (xfft_inst/non_floating_point.arch_d.xfft_inst/timing_cnts_has_nfft.duplicate_regs[4].other.nfft_regs[0].nfft_regs_fde) is unused and will be removed from module xfft_v9_1_9_viv.
INFO: [Synth 8-3332] Sequential element (xfft_inst/non_floating_point.arch_d.xfft_inst/timing_cnts_has_nfft.duplicate_regs[3].other.nfft_regs[4].nfft_regs_fde) is unused and will be removed from module xfft_v9_1_9_viv.
INFO: [Synth 8-3332] Sequential element (xfft_inst/non_floating_point.arch_d.xfft_inst/timing_cnts_has_nfft.duplicate_regs[3].other.nfft_regs[3].nfft_regs_fde) is unused and will be removed from module xfft_v9_1_9_viv.
INFO: [Synth 8-3332] Sequential element (xfft_inst/non_floating_point.arch_d.xfft_inst/timing_cnts_has_nfft.duplicate_regs[2].other.nfft_regs[4].nfft_regs_fde) is unused and will be removed from module xfft_v9_1_9_viv.
INFO: [Common 17-14] Message 'Synth 8-3332' appears 100 times and further instances of the messages will be disabled. Use the Tcl command set_msg_config to change the current settings.
---------------------------------------------------------------------------------
Finished Cross Boundary and Area Optimization : Time (s): cpu = 00:01:30 ; elapsed = 00:01:48 . Memory (MB): peak = 2907.777 ; gain = 2012.988
---------------------------------------------------------------------------------
---------------------------------------------------------------------------------
Start Applying XDC Timing Constraints
---------------------------------------------------------------------------------
---------------------------------------------------------------------------------
Finished Applying XDC Timing Constraints : Time (s): cpu = 00:01:37 ; elapsed = 00:01:55 . Memory (MB): peak = 2907.777 ; gain = 2012.988
---------------------------------------------------------------------------------
---------------------------------------------------------------------------------
Start Timing Optimization
---------------------------------------------------------------------------------
---------------------------------------------------------------------------------
Finished Timing Optimization : Time (s): cpu = 00:01:39 ; elapsed = 00:01:57 . Memory (MB): peak = 2907.777 ; gain = 2012.988
---------------------------------------------------------------------------------
---------------------------------------------------------------------------------
Start Technology Mapping
---------------------------------------------------------------------------------
---------------------------------------------------------------------------------
Finished Technology Mapping : Time (s): cpu = 00:01:42 ; elapsed = 00:02:01 . Memory (MB): peak = 2907.777 ; gain = 2012.988
---------------------------------------------------------------------------------
---------------------------------------------------------------------------------
Start IO Insertion
---------------------------------------------------------------------------------
---------------------------------------------------------------------------------
Start Flattening Before IO Insertion
---------------------------------------------------------------------------------
---------------------------------------------------------------------------------
Finished Flattening Before IO Insertion
---------------------------------------------------------------------------------
---------------------------------------------------------------------------------
Start Final Netlist Cleanup
---------------------------------------------------------------------------------
---------------------------------------------------------------------------------
Finished Final Netlist Cleanup
---------------------------------------------------------------------------------
---------------------------------------------------------------------------------
Finished IO Insertion : Time (s): cpu = 00:01:45 ; elapsed = 00:02:04 . Memory (MB): peak = 2907.777 ; gain = 2012.988
---------------------------------------------------------------------------------
---------------------------------------------------------------------------------
Start Renaming Generated Instances
---------------------------------------------------------------------------------
---------------------------------------------------------------------------------
Finished Renaming Generated Instances : Time (s): cpu = 00:01:45 ; elapsed = 00:02:04 . Memory (MB): peak = 2907.777 ; gain = 2012.988
---------------------------------------------------------------------------------
---------------------------------------------------------------------------------
Start Rebuilding User Hierarchy
---------------------------------------------------------------------------------
---------------------------------------------------------------------------------
Finished Rebuilding User Hierarchy : Time (s): cpu = 00:01:46 ; elapsed = 00:02:05 . Memory (MB): peak = 2907.777 ; gain = 2012.988
---------------------------------------------------------------------------------
---------------------------------------------------------------------------------
Start Renaming Generated Ports
---------------------------------------------------------------------------------
---------------------------------------------------------------------------------
Finished Renaming Generated Ports : Time (s): cpu = 00:01:46 ; elapsed = 00:02:05 . Memory (MB): peak = 2907.777 ; gain = 2012.988
---------------------------------------------------------------------------------
---------------------------------------------------------------------------------
Start Handling Custom Attributes
---------------------------------------------------------------------------------
---------------------------------------------------------------------------------
Finished Handling Custom Attributes : Time (s): cpu = 00:01:46 ; elapsed = 00:02:05 . Memory (MB): peak = 2907.777 ; gain = 2012.988
---------------------------------------------------------------------------------
---------------------------------------------------------------------------------
Start Renaming Generated Nets
---------------------------------------------------------------------------------
---------------------------------------------------------------------------------
Finished Renaming Generated Nets : Time (s): cpu = 00:01:46 ; elapsed = 00:02:05 . Memory (MB): peak = 2907.777 ; gain = 2012.988
---------------------------------------------------------------------------------
---------------------------------------------------------------------------------
Start Writing Synthesis Report
---------------------------------------------------------------------------------

DSP Final Report (the ' indicates corresponding REG is set)
+----------------------+-------------+--------+--------+--------+--------+--------+------+------+------+------+-------+------+------+
|Module Name           | DSP Mapping | A Size | B Size | C Size | D Size | P Size | AREG | BREG | CREG | DREG | ADREG | MREG | PREG | 
+----------------------+-------------+--------+--------+--------+--------+--------+------+------+------+------+-------+------+------+
|cmpy_4_dsp48_mult_717 | Dynamic     | -      | -      | -      | -      | 0      | -    | -    | -    | -    | -     | 1    | 1    | 
|cmpy_4_dsp48_mult_717 | Dynamic     | -      | -      | -      | -      | 17     | -    | -    | -    | -    | -     | 1    | 1    | 
|cmpy_4_dsp48_mult_717 | Dynamic     | -      | -      | -      | -      | 0      | -    | -    | -    | -    | 1     | 1    | 1    | 
|cmpy_4_dsp48_mult_717 | Dynamic     | -      | -      | -      | -      | 44     | -    | -    | -    | -    | 1     | 1    | 1    | 
|cmpy_4_dsp48_mult_717 | Dynamic     | -      | -      | -      | -      | 0      | -    | -    | -    | -    | -     | 1    | 1    | 
|cmpy_4_dsp48_mult_717 | Dynamic     | -      | -      | -      | -      | 17     | -    | -    | -    | -    | -     | 1    | 1    | 
|cmpy_4_dsp48_mult_717 | Dynamic     | -      | -      | -      | -      | 0      | -    | -    | -    | -    | 1     | 1    | 1    | 
|cmpy_4_dsp48_mult_717 | Dynamic     | -      | -      | -      | -      | 44     | -    | -    | -    | -    | 1     | 1    | 1    | 
|cmpy_4_dsp48_mult_424 | Dynamic     | -      | -      | -      | -      | 0      | -    | -    | -    | -    | -     | 1    | 1    | 
|cmpy_4_dsp48_mult_424 | Dynamic     | -      | -      | -      | -      | 17     | -    | -    | -    | -    | -     | 1    | 1    | 
|cmpy_4_dsp48_mult_424 | Dynamic     | -      | -      | -      | -      | 0      | -    | -    | -    | -    | 1     | 1    | 1    | 
|cmpy_4_dsp48_mult_424 | Dynamic     | -      | -      | -      | -      | 44     | -    | -    | -    | -    | 1     | 1    | 1    | 
|cmpy_4_dsp48_mult_424 | Dynamic     | -      | -      | -      | -      | 0      | -    | -    | -    | -    | -     | 1    | 1    | 
|cmpy_4_dsp48_mult_424 | Dynamic     | -      | -      | -      | -      | 17     | -    | -    | -    | -    | -     | 1    | 1    | 
|cmpy_4_dsp48_mult_424 | Dynamic     | -      | -      | -      | -      | 0      | -    | -    | -    | -    | 1     | 1    | 1    | 
|cmpy_4_dsp48_mult_424 | Dynamic     | -      | -      | -      | -      | 44     | -    | -    | -    | -    | 1     | 1    | 1    | 
|cmpy_4_dsp48_mult     | Dynamic     | -      | -      | -      | -      | 0      | -    | -    | -    | -    | -     | 1    | 1    | 
|cmpy_4_dsp48_mult     | Dynamic     | -      | -      | -      | -      | 17     | -    | -    | -    | -    | -     | 1    | 1    | 
|cmpy_4_dsp48_mult     | Dynamic     | -      | -      | -      | -      | 0      | -    | -    | -    | -    | 1     | 1    | 1    | 
|cmpy_4_dsp48_mult     | Dynamic     | -      | -      | -      | -      | 44     | -    | -    | -    | -    | 1     | 1    | 1    | 
|cmpy_4_dsp48_mult     | Dynamic     | -      | -      | -      | -      | 0      | -    | -    | -    | -    | -     | 1    | 1    | 
|cmpy_4_dsp48_mult     | Dynamic     | -      | -      | -      | -      | 17     | -    | -    | -    | -    | -     | 1    | 1    | 
|cmpy_4_dsp48_mult     | Dynamic     | -      | -      | -      | -      | 0      | -    | -    | -    | -    | 1     | 1    | 1    | 
|cmpy_4_dsp48_mult     | Dynamic     | -      | -      | -      | -      | 44     | -    | -    | -    | -    | 1     | 1    | 1    | 
+----------------------+-------------+--------+--------+--------+--------+--------+------+------+------+------+-------+------+------+


Report BlackBoxes: 
+-+--------------+----------+
| |BlackBox name |Instances |
+-+--------------+----------+
+-+--------------+----------+

Report Cell Usage: 
+------+---------+------+
|      |Cell     |Count |
+------+---------+------+
|1     |DSP48E1  |    24|
|5     |LUT1     |    43|
|6     |LUT2     |   616|
|7     |LUT3     |  1796|
|8     |LUT4     |   466|
|9     |LUT5     |    65|
|10    |LUT6     |   422|
|11    |MUXCY    |  1254|
|12    |MUXF7    |    80|
|13    |RAMB18E1 |     2|
|14    |SRL16E   |  1464|
|15    |SRLC32E  |   241|
|16    |XORCY    |  1206|
|17    |FD       |     3|
|18    |FDE      |   731|
|19    |FDR      |    28|
|20    |FDRE     |  5537|
|21    |FDSE     |    43|
+------+---------+------+
---------------------------------------------------------------------------------
Finished Writing Synthesis Report : Time (s): cpu = 00:01:46 ; elapsed = 00:02:05 . Memory (MB): peak = 2907.777 ; gain = 2012.988
---------------------------------------------------------------------------------
Synthesis finished with 0 errors, 0 critical warnings and 860 warnings.
Synthesis Optimization Runtime : Time (s): cpu = 00:00:29 ; elapsed = 00:02:00 . Memory (MB): peak = 2907.777 ; gain = 2012.988
Synthesis Optimization Complete : Time (s): cpu = 00:01:46 ; elapsed = 00:02:06 . Memory (MB): peak = 2907.777 ; gain = 2012.988
INFO: [Project 1-571] Translating synthesized netlist
Netlist sorting complete. Time (s): cpu = 00:00:01 ; elapsed = 00:00:00.211 . Memory (MB): peak = 2907.777 ; gain = 0.000
INFO: [Netlist 29-17] Analyzing 3328 Unisim elements for replacement
INFO: [Netlist 29-28] Unisim Transformation completed in 0 CPU seconds
INFO: [Project 1-570] Preparing netlist for logic optimization
INFO: [Opt 31-138] Pushed 0 inverter(s) to 0 load pin(s).
Netlist sorting complete. Time (s): cpu = 00:00:00 ; elapsed = 00:00:00.006 . Memory (MB): peak = 2907.777 ; gain = 0.000
INFO: [Project 1-111] Unisim Transformation Summary:
  A total of 1119 instances were transformed.
  (MUXCY,XORCY) => CARRY4: 357 instances
  FD => FDRE: 3 instances
  FDE => FDRE: 731 instances
  FDR => FDRE: 28 instances

Synth Design complete | Checksum: 26094f2
INFO: [Common 17-83] Releasing license: Synthesis
193 Infos, 102 Warnings, 0 Critical Warnings and 0 Errors encountered.
synth_design completed successfully
synth_design: Time (s): cpu = 00:01:54 ; elapsed = 00:02:27 . Memory (MB): peak = 2907.777 ; gain = 2422.379
INFO: [Common 17-1381] The checkpoint 'C:/Users/gm/Vivado Projects/COMPLETE_DET_FIFO_1024/COMPLETE_DET_FIFO_1024.runs/xfft_1_synth_1/xfft_1.dcp' has been generated.
INFO: [Coretcl 2-1648] Added synthesis output to IP cache for IP xfft_1, cache-ID = c355f32918f87b7a
INFO: [Coretcl 2-1174] Renamed 1171 cell refs.
INFO: [Common 17-1381] The checkpoint 'C:/Users/gm/Vivado Projects/COMPLETE_DET_FIFO_1024/COMPLETE_DET_FIFO_1024.runs/xfft_1_synth_1/xfft_1.dcp' has been generated.
INFO: [runtcl-4] Executing : report_utilization -file xfft_1_utilization_synth.rpt -pb xfft_1_utilization_synth.pb
INFO: [Common 17-206] Exiting Vivado at Fri Jul 31 11:20:45 2026...

*** Running vivado
    with args -log xfft_1.vds -m64 -product Vivado -mode batch -messageDb vivado.pb -notrace -source xfft_1.tcl


ECHO is off.
ECHO is off.

****** Vivado v2023.1 (64-bit)
  **** SW Build 3865809 on Sun May  7 15:05:29 MDT 2023
  **** IP Build 3864474 on Sun May  7 20:36:21 MDT 2023
  **** SharedData Build 3865790 on Sun May 07 13:33:03 MDT 2023
    ** Copyright 1986-2022 Xilinx, Inc. All Rights Reserved.
    ** Copyright 2022-2023 Advanced Micro Devices, Inc. All Rights Reserved.

source xfft_1.tcl -notrace
create_project: Time (s): cpu = 00:00:07 ; elapsed = 00:00:07 . Memory (MB): peak = 449.332 ; gain = 162.145
INFO: [IP_Flow 19-234] Refreshing IP repositories
INFO: [IP_Flow 19-1700] Loaded user IP repository 'd:/Desktop PRE-FORMAT 25/CR_CYCLO/Verilog/ComBlock/core-comblock-master'.
INFO: [IP_Flow 19-2313] Loaded Vivado IP repository 'C:/Xilinx/Vivado/2023.1/data/ip'.
INFO: [IP_Flow 19-6924] IPCACHE: Running cache check for IP inst: xfft_1
Command: synth_design -top xfft_1 -part xc7z020clg484-1 -incremental_mode off -mode out_of_context
Starting synth_design
Attempting to get a license for feature 'Synthesis' and/or device 'xc7z020'
INFO: [Common 17-349] Got license for feature 'Synthesis' and/or device 'xc7z020'
INFO: [Device 21-403] Loading part xc7z020clg484-1
INFO: [Synth 8-7079] Multithreading enabled for synth_design using a maximum of 2 processes.
INFO: [Synth 8-7078] Launching helper process for spawning children vivado processes
INFO: [Synth 8-7075] Helper process launched with PID 16688
---------------------------------------------------------------------------------
Starting RTL Elaboration : Time (s): cpu = 00:00:09 ; elapsed = 00:00:11 . Memory (MB): peak = 1305.387 ; gain = 408.348
---------------------------------------------------------------------------------
INFO: [Synth 8-638] synthesizing module 'xfft_1' [c:/Users/gm/Vivado Projects/complete_det_final/complete_det_final.gen/sources_1/ip/xfft_1/synth/xfft_1.vhd:84]
	Parameter C_XDEVICEFAMILY bound to: zynq - type: string 
	Parameter C_PART bound to: xc7z020clg484-1 - type: string 
	Parameter C_S_AXIS_CONFIG_TDATA_WIDTH bound to: 24 - type: integer 
	Parameter C_S_AXIS_DATA_TDATA_WIDTH bound to: 64 - type: integer 
	Parameter C_M_AXIS_DATA_TDATA_WIDTH bound to: 64 - type: integer 
	Parameter C_M_AXIS_DATA_TUSER_WIDTH bound to: 8 - type: integer 
	Parameter C_M_AXIS_STATUS_TDATA_WIDTH bound to: 1 - type: integer 
	Parameter C_THROTTLE_SCHEME bound to: 1 - type: integer 
	Parameter C_CHANNELS bound to: 1 - type: integer 
	Parameter C_NFFT_MAX bound to: 7 - type: integer 
	Parameter C_ARCH bound to: 3 - type: integer 
	Parameter C_HAS_NFFT bound to: 1 - type: integer 
	Parameter C_USE_FLT_PT bound to: 0 - type: integer 
	Parameter C_INPUT_WIDTH bound to: 32 - type: integer 
	Parameter C_TWIDDLE_WIDTH bound to: 12 - type: integer 
	Parameter C_OUTPUT_WIDTH bound to: 32 - type: integer 
	Parameter C_HAS_SCALING bound to: 1 - type: integer 
	Parameter C_HAS_BFP bound to: 0 - type: integer 
	Parameter C_HAS_ROUNDING bound to: 1 - type: integer 
	Parameter C_HAS_ACLKEN bound to: 0 - type: integer 
	Parameter C_HAS_ARESETN bound to: 1 - type: integer 
	Parameter C_HAS_OVFLO bound to: 0 - type: integer 
	Parameter C_HAS_NATURAL_INPUT bound to: 1 - type: integer 
	Parameter C_HAS_NATURAL_OUTPUT bound to: 1 - type: integer 
	Parameter C_HAS_CYCLIC_PREFIX bound to: 0 - type: integer 
	Parameter C_HAS_XK_INDEX bound to: 1 - type: integer 
	Parameter C_DATA_MEM_TYPE bound to: 1 - type: integer 
	Parameter C_TWIDDLE_MEM_TYPE bound to: 1 - type: integer 
	Parameter C_BRAM_STAGES bound to: 0 - type: integer 
	Parameter C_REORDER_MEM_TYPE bound to: 1 - type: integer 
	Parameter C_USE_HYBRID_RAM bound to: 0 - type: integer 
	Parameter C_OPTIMIZE_GOAL bound to: 0 - type: integer 
	Parameter C_CMPY_TYPE bound to: 2 - type: integer 
	Parameter C_BFLY_TYPE bound to: 0 - type: integer 
INFO: [Synth 8-3491] module 'xfft_v9_1_9' declared at 'c:/Users/gm/Vivado Projects/complete_det_final/complete_det_final.gen/sources_1/ip/xfft_1/hdl/xfft_v9_1_vh_rfs.vhd:103739' bound to instance 'U0' of component 'xfft_v9_1_9' [c:/Users/gm/Vivado Projects/complete_det_final/complete_det_final.gen/sources_1/ip/xfft_1/synth/xfft_1.vhd:193]
INFO: [Synth 8-3919] null assignment ignored
INFO: [Synth 8-3919] null assignment ignored
INFO: [Synth 8-3919] null assignment ignored
INFO: [Synth 8-3919] null assignment ignored
INFO: [Synth 8-3919] null assignment ignored
INFO: [Synth 8-3919] null assignment ignored
INFO: [Synth 8-3919] null assignment ignored
INFO: [Synth 8-3919] null assignment ignored
INFO: [Synth 8-3919] null assignment ignored
INFO: [Synth 8-3919] null assignment ignored
INFO: [Synth 8-3919] null assignment ignored
INFO: [Synth 8-3919] null assignment ignored
INFO: [Synth 8-3919] null assignment ignored
INFO: [Synth 8-3919] null assignment ignored
INFO: [Synth 8-3919] null assignment ignored
INFO: [Synth 8-3919] null assignment ignored
INFO: [Synth 8-3919] null assignment ignored
INFO: [Synth 8-3919] null assignment ignored
INFO: [Synth 8-3919] null assignment ignored
INFO: [Synth 8-3919] null assignment ignored
INFO: [Synth 8-3919] null assignment ignored
INFO: [Synth 8-3919] null assignment ignored
INFO: [Synth 8-3919] null assignment ignored
INFO: [Synth 8-3919] null assignment ignored
INFO: [Synth 8-3919] null assignment ignored
INFO: [Synth 8-3919] null assignment ignored
INFO: [Synth 8-3919] null assignment ignored
INFO: [Synth 8-3919] null assignment ignored
INFO: [Synth 8-3919] null assignment ignored
INFO: [Synth 8-3919] null assignment ignored
INFO: [Synth 8-3919] null assignment ignored
INFO: [Synth 8-3919] null assignment ignored
INFO: [Synth 8-3919] null assignment ignored
INFO: [Synth 8-3919] null assignment ignored
INFO: [Synth 8-3919] null assignment ignored
INFO: [Synth 8-3919] null assignment ignored
INFO: [Synth 8-3919] null assignment ignored
INFO: [Synth 8-3919] null assignment ignored
INFO: [Synth 8-3919] null assignment ignored
INFO: [Synth 8-3919] null assignment ignored
INFO: [Synth 8-3919] null assignment ignored
INFO: [Synth 8-3919] null assignment ignored
INFO: [Synth 8-3919] null assignment ignored
INFO: [Synth 8-3919] null assignment ignored
INFO: [Synth 8-3919] null assignment ignored
INFO: [Synth 8-3919] null assignment ignored
INFO: [Synth 8-3919] null assignment ignored
INFO: [Synth 8-3919] null assignment ignored
INFO: [Synth 8-3919] null assignment ignored
INFO: [Synth 8-3919] null assignment ignored
INFO: [Synth 8-3919] null assignment ignored
INFO: [Synth 8-3919] null assignment ignored
INFO: [Synth 8-3919] null assignment ignored
INFO: [Synth 8-3919] null assignment ignored
INFO: [Synth 8-256] done synthesizing module 'xfft_1' (0#1) [c:/Users/gm/Vivado Projects/complete_det_final/complete_det_final.gen/sources_1/ip/xfft_1/synth/xfft_1.vhd:84]
WARNING: [Synth 8-7129] Port Q[0] in module shift_ram__parameterized80 is either unconnected or has no load
WARNING: [Synth 8-7129] Port D[0] in module shift_ram__parameterized80 is either unconnected or has no load
WARNING: [Synth 8-7129] Port CLK in module shift_ram__parameterized80 is either unconnected or has no load
WARNING: [Synth 8-7129] Port CE in module shift_ram__parameterized80 is either unconnected or has no load
WARNING: [Synth 8-7129] Port SCLR in module shift_ram__parameterized80 is either unconnected or has no load
WARNING: [Synth 8-7129] Port COMBI_SCLR in module shift_ram__parameterized80 is either unconnected or has no load
WARNING: [Synth 8-7129] Port DEPTHx2 in module shift_ram__parameterized80 is either unconnected or has no load
WARNING: [Synth 8-7129] Port a[3] in module c_shift_ram_v12_0_14_legacy__parameterized2 is either unconnected or has no load
WARNING: [Synth 8-7129] Port a[2] in module c_shift_ram_v12_0_14_legacy__parameterized2 is either unconnected or has no load
WARNING: [Synth 8-7129] Port a[1] in module c_shift_ram_v12_0_14_legacy__parameterized2 is either unconnected or has no load
WARNING: [Synth 8-7129] Port a[0] in module c_shift_ram_v12_0_14_legacy__parameterized2 is either unconnected or has no load
WARNING: [Synth 8-7129] Port aclr in module c_shift_ram_v12_0_14_legacy__parameterized2 is either unconnected or has no load
WARNING: [Synth 8-7129] Port aset in module c_shift_ram_v12_0_14_legacy__parameterized2 is either unconnected or has no load
WARNING: [Synth 8-7129] Port ainit in module c_shift_ram_v12_0_14_legacy__parameterized2 is either unconnected or has no load
WARNING: [Synth 8-7129] Port sclr in module c_shift_ram_v12_0_14_legacy__parameterized2 is either unconnected or has no load
WARNING: [Synth 8-7129] Port sset in module c_shift_ram_v12_0_14_legacy__parameterized2 is either unconnected or has no load
WARNING: [Synth 8-7129] Port sinit in module c_shift_ram_v12_0_14_legacy__parameterized2 is either unconnected or has no load
WARNING: [Synth 8-7129] Port D[0] in module shift_ram__parameterized62 is either unconnected or has no load
WARNING: [Synth 8-7129] Port DEPTHx2 in module shift_ram__parameterized62 is either unconnected or has no load
WARNING: [Synth 8-7129] Port a[3] in module c_shift_ram_v12_0_14_legacy__parameterized5 is either unconnected or has no load
WARNING: [Synth 8-7129] Port a[2] in module c_shift_ram_v12_0_14_legacy__parameterized5 is either unconnected or has no load
WARNING: [Synth 8-7129] Port a[1] in module c_shift_ram_v12_0_14_legacy__parameterized5 is either unconnected or has no load
WARNING: [Synth 8-7129] Port a[0] in module c_shift_ram_v12_0_14_legacy__parameterized5 is either unconnected or has no load
WARNING: [Synth 8-7129] Port aclr in module c_shift_ram_v12_0_14_legacy__parameterized5 is either unconnected or has no load
WARNING: [Synth 8-7129] Port aset in module c_shift_ram_v12_0_14_legacy__parameterized5 is either unconnected or has no load
WARNING: [Synth 8-7129] Port ainit in module c_shift_ram_v12_0_14_legacy__parameterized5 is either unconnected or has no load
WARNING: [Synth 8-7129] Port sclr in module c_shift_ram_v12_0_14_legacy__parameterized5 is either unconnected or has no load
WARNING: [Synth 8-7129] Port sset in module c_shift_ram_v12_0_14_legacy__parameterized5 is either unconnected or has no load
WARNING: [Synth 8-7129] Port sinit in module c_shift_ram_v12_0_14_legacy__parameterized5 is either unconnected or has no load
WARNING: [Synth 8-7129] Port D[15] in module shift_ram__parameterized81 is either unconnected or has no load
WARNING: [Synth 8-7129] Port D[14] in module shift_ram__parameterized81 is either unconnected or has no load
WARNING: [Synth 8-7129] Port D[13] in module shift_ram__parameterized81 is either unconnected or has no load
WARNING: [Synth 8-7129] Port D[12] in module shift_ram__parameterized81 is either unconnected or has no load
WARNING: [Synth 8-7129] Port D[11] in module shift_ram__parameterized81 is either unconnected or has no load
WARNING: [Synth 8-7129] Port D[10] in module shift_ram__parameterized81 is either unconnected or has no load
WARNING: [Synth 8-7129] Port D[9] in module shift_ram__parameterized81 is either unconnected or has no load
WARNING: [Synth 8-7129] Port D[8] in module shift_ram__parameterized81 is either unconnected or has no load
WARNING: [Synth 8-7129] Port D[7] in module shift_ram__parameterized81 is either unconnected or has no load
WARNING: [Synth 8-7129] Port D[6] in module shift_ram__parameterized81 is either unconnected or has no load
WARNING: [Synth 8-7129] Port D[5] in module shift_ram__parameterized81 is either unconnected or has no load
WARNING: [Synth 8-7129] Port D[4] in module shift_ram__parameterized81 is either unconnected or has no load
WARNING: [Synth 8-7129] Port D[3] in module shift_ram__parameterized81 is either unconnected or has no load
WARNING: [Synth 8-7129] Port D[2] in module shift_ram__parameterized81 is either unconnected or has no load
WARNING: [Synth 8-7129] Port D[1] in module shift_ram__parameterized81 is either unconnected or has no load
WARNING: [Synth 8-7129] Port D[0] in module shift_ram__parameterized81 is either unconnected or has no load
WARNING: [Synth 8-7129] Port DEPTHx2 in module shift_ram__parameterized81 is either unconnected or has no load
WARNING: [Synth 8-7129] Port a[3] in module c_shift_ram_v12_0_14_legacy__parameterized34 is either unconnected or has no load
WARNING: [Synth 8-7129] Port a[2] in module c_shift_ram_v12_0_14_legacy__parameterized34 is either unconnected or has no load
WARNING: [Synth 8-7129] Port a[1] in module c_shift_ram_v12_0_14_legacy__parameterized34 is either unconnected or has no load
WARNING: [Synth 8-7129] Port a[0] in module c_shift_ram_v12_0_14_legacy__parameterized34 is either unconnected or has no load
WARNING: [Synth 8-7129] Port aclr in module c_shift_ram_v12_0_14_legacy__parameterized34 is either unconnected or has no load
WARNING: [Synth 8-7129] Port aset in module c_shift_ram_v12_0_14_legacy__parameterized34 is either unconnected or has no load
WARNING: [Synth 8-7129] Port ainit in module c_shift_ram_v12_0_14_legacy__parameterized34 is either unconnected or has no load
WARNING: [Synth 8-7129] Port sclr in module c_shift_ram_v12_0_14_legacy__parameterized34 is either unconnected or has no load
WARNING: [Synth 8-7129] Port sset in module c_shift_ram_v12_0_14_legacy__parameterized34 is either unconnected or has no load
WARNING: [Synth 8-7129] Port sinit in module c_shift_ram_v12_0_14_legacy__parameterized34 is either unconnected or has no load
WARNING: [Synth 8-7129] Port D[0] in module shift_ram__parameterized79 is either unconnected or has no load
WARNING: [Synth 8-7129] Port DEPTHx2 in module shift_ram__parameterized79 is either unconnected or has no load
WARNING: [Synth 8-7129] Port D1 in module shift_ram__parameterized78 is either unconnected or has no load
WARNING: [Synth 8-7129] Port DEPTHx2 in module shift_ram__parameterized78 is either unconnected or has no load
WARNING: [Synth 8-7129] Port depthx2 in module r22_memory__parameterized1 is either unconnected or has no load
WARNING: [Synth 8-7129] Port Q1 in module shift_ram__parameterized77 is either unconnected or has no load
WARNING: [Synth 8-7129] Port D1 in module shift_ram__parameterized77 is either unconnected or has no load
WARNING: [Synth 8-7129] Port COMBI_SCLR in module shift_ram__parameterized77 is either unconnected or has no load
WARNING: [Synth 8-7129] Port DEPTHx2 in module shift_ram__parameterized77 is either unconnected or has no load
WARNING: [Synth 8-7129] Port Q1 in module shift_ram__parameterized76 is either unconnected or has no load
WARNING: [Synth 8-7129] Port D1 in module shift_ram__parameterized76 is either unconnected or has no load
WARNING: [Synth 8-7129] Port COMBI_SCLR in module shift_ram__parameterized76 is either unconnected or has no load
WARNING: [Synth 8-7129] Port DEPTHx2 in module shift_ram__parameterized76 is either unconnected or has no load
WARNING: [Synth 8-7129] Port shift[4] in module so_run_addr_gen_left_shift is either unconnected or has no load
WARNING: [Synth 8-7129] Port shift[3] in module so_run_addr_gen_left_shift is either unconnected or has no load
WARNING: [Synth 8-7129] Port nfft[4] in module so_run_addr_gen_left_shift is either unconnected or has no load
WARNING: [Synth 8-7129] Port nfft[3] in module so_run_addr_gen_left_shift is either unconnected or has no load
WARNING: [Synth 8-7129] Port nfft[2] in module so_run_addr_gen_left_shift is either unconnected or has no load
WARNING: [Synth 8-7129] Port nfft[1] in module so_run_addr_gen_left_shift is either unconnected or has no load
WARNING: [Synth 8-7129] Port nfft[0] in module so_run_addr_gen_left_shift is either unconnected or has no load
WARNING: [Synth 8-7129] Port D[0] in module shift_ram__parameterized38 is either unconnected or has no load
WARNING: [Synth 8-7129] Port COMBI_SCLR in module shift_ram__parameterized38 is either unconnected or has no load
WARNING: [Synth 8-7129] Port DEPTHx2 in module shift_ram__parameterized38 is either unconnected or has no load
WARNING: [Synth 8-7129] Port D1 in module shift_ram__parameterized75 is either unconnected or has no load
WARNING: [Synth 8-7129] Port SCLR in module shift_ram__parameterized75 is either unconnected or has no load
WARNING: [Synth 8-7129] Port COMBI_SCLR in module shift_ram__parameterized75 is either unconnected or has no load
WARNING: [Synth 8-7129] Port DEPTHx2 in module shift_ram__parameterized75 is either unconnected or has no load
WARNING: [Synth 8-7129] Port Q1 in module shift_ram__parameterized0 is either unconnected or has no load
WARNING: [Synth 8-7129] Port D1 in module shift_ram__parameterized0 is either unconnected or has no load
WARNING: [Synth 8-7129] Port COMBI_SCLR in module shift_ram__parameterized0 is either unconnected or has no load
WARNING: [Synth 8-7129] Port DEPTHx2 in module shift_ram__parameterized0 is either unconnected or has no load
WARNING: [Synth 8-7129] Port D1 in module shift_ram__parameterized74 is either unconnected or has no load
WARNING: [Synth 8-7129] Port DEPTHx2 in module shift_ram__parameterized74 is either unconnected or has no load
WARNING: [Synth 8-7129] Port D[0] in module shift_ram__parameterized5 is either unconnected or has no load
WARNING: [Synth 8-7129] Port COMBI_SCLR in module shift_ram__parameterized5 is either unconnected or has no load
WARNING: [Synth 8-7129] Port DEPTHx2 in module shift_ram__parameterized5 is either unconnected or has no load
WARNING: [Synth 8-7129] Port MUXCY_IN in module equ_rtl is either unconnected or has no load
WARNING: [Synth 8-7129] Port AINIT in module c_reg_fd_v12_0_6_viv is either unconnected or has no load
WARNING: [Synth 8-7129] Port ACLR in module c_reg_fd_v12_0_6_viv is either unconnected or has no load
WARNING: [Synth 8-7129] Port ASET in module c_reg_fd_v12_0_6_viv is either unconnected or has no load
WARNING: [Synth 8-7129] Port SINIT in module c_reg_fd_v12_0_6_viv is either unconnected or has no load
WARNING: [Synth 8-7129] Port SSET in module c_reg_fd_v12_0_6_viv is either unconnected or has no load
WARNING: [Synth 8-7129] Port add in module c_addsub_v12_0_15_lut6_legacy__parameterized9 is either unconnected or has no load
WARNING: [Synth 8-7129] Port bypass in module c_addsub_v12_0_15_lut6_legacy__parameterized9 is either unconnected or has no load
INFO: [Common 17-14] Message 'Synth 8-7129' appears 100 times and further instances of the messages will be disabled. Use the Tcl command set_msg_config to change the current settings.
---------------------------------------------------------------------------------
Finished RTL Elaboration : Time (s): cpu = 00:01:01 ; elapsed = 00:01:13 . Memory (MB): peak = 2910.555 ; gain = 2013.516
---------------------------------------------------------------------------------
---------------------------------------------------------------------------------
Start Handling Custom Attributes
---------------------------------------------------------------------------------
---------------------------------------------------------------------------------
Finished Handling Custom Attributes : Time (s): cpu = 00:01:01 ; elapsed = 00:01:13 . Memory (MB): peak = 2910.555 ; gain = 2013.516
---------------------------------------------------------------------------------
---------------------------------------------------------------------------------
Finished RTL Optimization Phase 1 : Time (s): cpu = 00:01:01 ; elapsed = 00:01:13 . Memory (MB): peak = 2910.555 ; gain = 2013.516
---------------------------------------------------------------------------------
Netlist sorting complete. Time (s): cpu = 00:00:00 ; elapsed = 00:00:00.279 . Memory (MB): peak = 2910.555 ; gain = 0.000
INFO: [Netlist 29-17] Analyzing 3317 Unisim elements for replacement
INFO: [Netlist 29-28] Unisim Transformation completed in 0 CPU seconds
INFO: [Project 1-570] Preparing netlist for logic optimization

Processing XDC Constraints
Initializing timing engine
Parsing XDC File [c:/Users/gm/Vivado Projects/complete_det_final/complete_det_final.gen/sources_1/ip/xfft_1/xfft_1_ooc.xdc] for cell 'U0'
Finished Parsing XDC File [c:/Users/gm/Vivado Projects/complete_det_final/complete_det_final.gen/sources_1/ip/xfft_1/xfft_1_ooc.xdc] for cell 'U0'
Parsing XDC File [C:/Users/gm/Vivado Projects/complete_det_final/complete_det_final.runs/xfft_1_synth_1/dont_touch.xdc]
Finished Parsing XDC File [C:/Users/gm/Vivado Projects/complete_det_final/complete_det_final.runs/xfft_1_synth_1/dont_touch.xdc]
Completed Processing XDC Constraints

Netlist sorting complete. Time (s): cpu = 00:00:00 ; elapsed = 00:00:00.007 . Memory (MB): peak = 2910.555 ; gain = 0.000
INFO: [Project 1-111] Unisim Transformation Summary:
  A total of 805 instances were transformed.
  FD => FDRE: 3 instances
  FDE => FDRE: 773 instances
  FDR => FDRE: 29 instances

Constraint Validation Runtime : Time (s): cpu = 00:00:00 ; elapsed = 00:00:00.279 . Memory (MB): peak = 2910.555 ; gain = 0.000
INFO: [Designutils 20-5008] Incremental synthesis strategy off
---------------------------------------------------------------------------------
Finished Constraint Validation : Time (s): cpu = 00:01:09 ; elapsed = 00:01:22 . Memory (MB): peak = 2910.555 ; gain = 2013.516
---------------------------------------------------------------------------------
---------------------------------------------------------------------------------
Start Loading Part and Timing Information
---------------------------------------------------------------------------------
Loading part: xc7z020clg484-1
---------------------------------------------------------------------------------
Finished Loading Part and Timing Information : Time (s): cpu = 00:01:09 ; elapsed = 00:01:22 . Memory (MB): peak = 2910.555 ; gain = 2013.516
---------------------------------------------------------------------------------
---------------------------------------------------------------------------------
Start Applying 'set_property' XDC Constraints
---------------------------------------------------------------------------------
Applied set_property KEEP_HIERARCHY = SOFT for U0. (constraint file  {C:/Users/gm/Vivado Projects/complete_det_final/complete_det_final.runs/xfft_1_synth_1/dont_touch.xdc}, line 9).
---------------------------------------------------------------------------------
Finished applying 'set_property' XDC Constraints : Time (s): cpu = 00:01:09 ; elapsed = 00:01:22 . Memory (MB): peak = 2910.555 ; gain = 2013.516
---------------------------------------------------------------------------------
---------------------------------------------------------------------------------
Finished RTL Optimization Phase 2 : Time (s): cpu = 00:01:13 ; elapsed = 00:01:26 . Memory (MB): peak = 2910.555 ; gain = 2013.516
---------------------------------------------------------------------------------
INFO: [Synth 8-223] decloning instance 'U0/i_synth/xfft_inst/non_floating_point.arch_d.xfft_inst/FLOW/reset_sustain.resets_4_pes[3].delay_reset_pe/tc_compare' (logic_gate) to 'U0/i_synth/xfft_inst/non_floating_point.arch_d.xfft_inst/FLOW/reset_sustain.resets_4_pes[3].delay_reset_pe/tc_compare1'
INFO: [Synth 8-223] decloning instance 'U0/i_synth/xfft_inst/non_floating_point.arch_d.xfft_inst/FLOW/reset_sustain.resets_4_pes[2].delay_reset_pe/tc_compare' (logic_gate__parameterized0) to 'U0/i_synth/xfft_inst/non_floating_point.arch_d.xfft_inst/FLOW/reset_sustain.resets_4_pes[2].delay_reset_pe/tc_compare1'
INFO: [Synth 8-223] decloning instance 'U0/i_synth/xfft_inst/non_floating_point.arch_d.xfft_inst/FLOW/reset_sustain.resets_4_pes[1].delay_reset_pe/tc_compare' (logic_gate__parameterized1) to 'U0/i_synth/xfft_inst/non_floating_point.arch_d.xfft_inst/FLOW/reset_sustain.resets_4_pes[1].delay_reset_pe/tc_compare1'
INFO: [Synth 8-223] decloning instance 'U0/i_synth/xfft_inst/non_floating_point.arch_d.xfft_inst/FLOW/reset_sustain.resets_4_pes[0].delay_reset_pe/tc_compare' (logic_gate__parameterized2) to 'U0/i_synth/xfft_inst/non_floating_point.arch_d.xfft_inst/FLOW/reset_sustain.resets_4_pes[0].delay_reset_pe/tc_compare1'
INFO: [Synth 8-223] decloning instance 'U0/i_synth/xfft_inst/non_floating_point.arch_d.xfft_inst/FLOW/reset_sustain.delay_reset_3/tc_compare' (logic_gate__parameterized3) to 'U0/i_synth/xfft_inst/non_floating_point.arch_d.xfft_inst/FLOW/reset_sustain.delay_reset_3/tc_compare1'
INFO: [Synth 8-223] decloning instance 'U0/i_synth/xfft_inst/non_floating_point.arch_d.xfft_inst/FLOW/reset_sustain.delay_reset_7/tc_compare' (logic_gate__parameterized4) to 'U0/i_synth/xfft_inst/non_floating_point.arch_d.xfft_inst/FLOW/reset_sustain.delay_reset_7/tc_compare1'
INFO: [Synth 8-223] decloning instance 'U0/i_synth/xfft_inst/non_floating_point.arch_d.xfft_inst/pe_gen[0].natural_order_input.PE/FB_1.BF_1/yes_nfft.bypass_reg' (shift_ram__parameterized12) to 'U0/i_synth/xfft_inst/non_floating_point.arch_d.xfft_inst/pe_gen[0].natural_order_input.PE/FB_1.BF_1/yes_nfft.bypass_1_reg'
INFO: [Synth 8-223] decloning instance 'U0/i_synth/xfft_inst/non_floating_point.arch_d.xfft_inst/pe_gen[0].natural_order_input.PE/FB_1.BF_1/yes_nfft.bypass_reg' (shift_ram__parameterized12) to 'U0/i_synth/xfft_inst/non_floating_point.arch_d.xfft_inst/pe_gen[0].natural_order_input.PE/FB_1.BF_1/yes_nfft.bypass_2_reg'
INFO: [Synth 8-223] decloning instance 'U0/i_synth/xfft_inst/non_floating_point.arch_d.xfft_inst/pe_gen[0].natural_order_input.PE/FB_1.BF_1/yes_nfft.bypass_reg' (shift_ram__parameterized12) to 'U0/i_synth/xfft_inst/non_floating_point.arch_d.xfft_inst/pe_gen[0].natural_order_input.PE/FB_1.BF_1/yes_nfft.bypass_3_reg'
INFO: [Synth 8-223] decloning instance 'U0/i_synth/xfft_inst/non_floating_point.arch_d.xfft_inst/pe_gen[0].natural_order_input.PE/hasbf2.FB_2.BF_2/yes_nfft.bypass_reg' (shift_ram__parameterized12) to 'U0/i_synth/xfft_inst/non_floating_point.arch_d.xfft_inst/pe_gen[0].natural_order_input.PE/hasbf2.FB_2.BF_2/yes_nfft.bypass_1_reg'
INFO: [Synth 8-223] decloning instance 'U0/i_synth/xfft_inst/non_floating_point.arch_d.xfft_inst/pe_gen[0].natural_order_input.PE/hasbf2.FB_2.BF_2/yes_nfft.bypass_reg' (shift_ram__parameterized12) to 'U0/i_synth/xfft_inst/non_floating_point.arch_d.xfft_inst/pe_gen[0].natural_order_input.PE/hasbf2.FB_2.BF_2/yes_nfft.bypass_2_reg'
INFO: [Synth 8-223] decloning instance 'U0/i_synth/xfft_inst/non_floating_point.arch_d.xfft_inst/pe_gen[0].natural_order_input.PE/hasbf2.FB_2.BF_2/yes_nfft.bypass_reg' (shift_ram__parameterized12) to 'U0/i_synth/xfft_inst/non_floating_point.arch_d.xfft_inst/pe_gen[0].natural_order_input.PE/hasbf2.FB_2.BF_2/yes_nfft.bypass_3_reg'
INFO: [Synth 8-223] decloning instance 'U0/i_synth/xfft_inst/non_floating_point.arch_d.xfft_inst/pe_gen[3].natural_order_input.PE/SR2' (shift_ram__parameterized69) to 'U0/i_synth/xfft_inst/non_floating_point.arch_d.xfft_inst/pe_gen[3].natural_order_input.PE/SR3'
---------------------------------------------------------------------------------
Start RTL Component Statistics 
---------------------------------------------------------------------------------
---------------------------------------------------------------------------------
Finished RTL Component Statistics 
---------------------------------------------------------------------------------
---------------------------------------------------------------------------------
Start Part Resource Summary
---------------------------------------------------------------------------------
Part Resources:
DSPs: 220 (col length:60)
BRAMs: 280 (col length: RAMB18 60 RAMB36 30)
---------------------------------------------------------------------------------
Finished Part Resource Summary
---------------------------------------------------------------------------------
---------------------------------------------------------------------------------
Start Cross Boundary and Area Optimization
---------------------------------------------------------------------------------
WARNING: [Synth 8-7080] Parallel synthesis criteria is not met
INFO: [Synth 8-3332] Sequential element (xfft_inst/non_floating_point.arch_d.xfft_inst/FLOW/reset_sustain.resets_4_pes[3].delay_reset_pe/tc_reg1) is unused and will be removed from module xfft_v9_1_9_viv.
INFO: [Synth 8-3332] Sequential element (xfft_inst/non_floating_point.arch_d.xfft_inst/FLOW/reset_sustain.resets_4_pes[2].delay_reset_pe/tc_reg1) is unused and will be removed from module xfft_v9_1_9_viv.
INFO: [Synth 8-3332] Sequential element (xfft_inst/non_floating_point.arch_d.xfft_inst/FLOW/reset_sustain.resets_4_pes[1].delay_reset_pe/tc_reg1) is unused and will be removed from module xfft_v9_1_9_viv.
INFO: [Synth 8-3332] Sequential element (xfft_inst/non_floating_point.arch_d.xfft_inst/FLOW/reset_sustain.resets_4_pes[0].delay_reset_pe/tc_reg1) is unused and will be removed from module xfft_v9_1_9_viv.
INFO: [Synth 8-3332] Sequential element (xfft_inst/non_floating_point.arch_d.xfft_inst/FLOW/reset_sustain.delay_reset_7/tc_reg1) is unused and will be removed from module xfft_v9_1_9_viv.
INFO: [Synth 8-3332] Sequential element (xfft_inst/non_floating_point.arch_d.xfft_inst/FLOW/has_nfft.counter_limit_reg[15].max_n_int_minus_one_ff) is unused and will be removed from module xfft_v9_1_9_viv.
INFO: [Synth 8-3332] Sequential element (xfft_inst/non_floating_point.arch_d.xfft_inst/FLOW/has_nfft.counter_limit_reg[14].max_n_int_minus_one_ff) is unused and will be removed from module xfft_v9_1_9_viv.
INFO: [Synth 8-3332] Sequential element (xfft_inst/non_floating_point.arch_d.xfft_inst/FLOW/has_nfft.counter_limit_reg[13].max_n_int_minus_one_ff) is unused and will be removed from module xfft_v9_1_9_viv.
INFO: [Synth 8-3332] Sequential element (xfft_inst/non_floating_point.arch_d.xfft_inst/FLOW/has_nfft.counter_limit_reg[12].max_n_int_minus_one_ff) is unused and will be removed from module xfft_v9_1_9_viv.
INFO: [Synth 8-3332] Sequential element (xfft_inst/non_floating_point.arch_d.xfft_inst/FLOW/has_nfft.counter_limit_reg[11].max_n_int_minus_one_ff) is unused and will be removed from module xfft_v9_1_9_viv.
INFO: [Synth 8-3332] Sequential element (xfft_inst/non_floating_point.arch_d.xfft_inst/FLOW/has_nfft.counter_limit_reg[10].max_n_int_minus_one_ff) is unused and will be removed from module xfft_v9_1_9_viv.
INFO: [Synth 8-3332] Sequential element (xfft_inst/non_floating_point.arch_d.xfft_inst/FLOW/has_nfft.counter_limit_reg[9].max_n_int_minus_one_ff) is unused and will be removed from module xfft_v9_1_9_viv.
INFO: [Synth 8-3332] Sequential element (xfft_inst/non_floating_point.arch_d.xfft_inst/FLOW/has_nfft.counter_limit_reg[8].max_n_int_minus_one_ff) is unused and will be removed from module xfft_v9_1_9_viv.
INFO: [Synth 8-3332] Sequential element (xfft_inst/non_floating_point.arch_d.xfft_inst/FLOW/has_nfft.counter_limit_reg[7].max_n_int_minus_one_ff) is unused and will be removed from module xfft_v9_1_9_viv.
INFO: [Synth 8-3332] Sequential element (xfft_inst/non_floating_point.arch_d.xfft_inst/FLOW/has_nfft.counter_limit_reg[0].max_n_int_minus_one_ff) is unused and will be removed from module xfft_v9_1_9_viv.
INFO: [Synth 8-3332] Sequential element (xfft_inst/non_floating_point.arch_d.xfft_inst/FLOW/has_nfft.counter_limit_early_reg[15].max_n_int_minus_one_ff) is unused and will be removed from module xfft_v9_1_9_viv.
INFO: [Synth 8-3332] Sequential element (xfft_inst/non_floating_point.arch_d.xfft_inst/FLOW/has_nfft.counter_limit_early_reg[14].max_n_int_minus_one_ff) is unused and will be removed from module xfft_v9_1_9_viv.
INFO: [Synth 8-3332] Sequential element (xfft_inst/non_floating_point.arch_d.xfft_inst/FLOW/has_nfft.counter_limit_early_reg[13].max_n_int_minus_one_ff) is unused and will be removed from module xfft_v9_1_9_viv.
INFO: [Synth 8-3332] Sequential element (xfft_inst/non_floating_point.arch_d.xfft_inst/FLOW/has_nfft.counter_limit_early_reg[12].max_n_int_minus_one_ff) is unused and will be removed from module xfft_v9_1_9_viv.
INFO: [Synth 8-3332] Sequential element (xfft_inst/non_floating_point.arch_d.xfft_inst/FLOW/has_nfft.counter_limit_early_reg[11].max_n_int_minus_one_ff) is unused and will be removed from module xfft_v9_1_9_viv.
INFO: [Synth 8-3332] Sequential element (xfft_inst/non_floating_point.arch_d.xfft_inst/FLOW/has_nfft.counter_limit_early_reg[10].max_n_int_minus_one_ff) is unused and will be removed from module xfft_v9_1_9_viv.
INFO: [Synth 8-3332] Sequential element (xfft_inst/non_floating_point.arch_d.xfft_inst/FLOW/has_nfft.counter_limit_early_reg[9].max_n_int_minus_one_ff) is unused and will be removed from module xfft_v9_1_9_viv.
INFO: [Synth 8-3332] Sequential element (xfft_inst/non_floating_point.arch_d.xfft_inst/FLOW/has_nfft.counter_limit_early_reg[8].max_n_int_minus_one_ff) is unused and will be removed from module xfft_v9_1_9_viv.
INFO: [Synth 8-3332] Sequential element (xfft_inst/non_floating_point.arch_d.xfft_inst/FLOW/has_nfft.counter_limit_early_reg[7].max_n_int_minus_one_ff) is unused and will be removed from module xfft_v9_1_9_viv.
INFO: [Synth 8-3332] Sequential element (xfft_inst/non_floating_point.arch_d.xfft_inst/FLOW/has_nfft.counter_limit_early_reg[1].max_n_int_minus_one_ff) is unused and will be removed from module xfft_v9_1_9_viv.
INFO: [Synth 8-3332] Sequential element (xfft_inst/non_floating_point.arch_d.xfft_inst/pe0_bf1_addr_gen/no_sclr_lut.real_shift_ram.use_baseblock.use_hlutnm_srls.srl_loop[0].i_fdre0) is unused and will be removed from module xfft_v9_1_9_viv.
INFO: [Synth 8-3332] Sequential element (xfft_inst/non_floating_point.arch_d.xfft_inst/pe_gen[0].natural_order_input.PE/has_scale_pipelining.pe_ovflo_delay/no_sclr_lut.real_shift_ram.use_baseblock.use_hlutnm_srls.runt_srl_loop.i_fdre) is unused and will be removed from module xfft_v9_1_9_viv.
INFO: [Synth 8-3332] Sequential element (xfft_inst/non_floating_point.arch_d.xfft_inst/pe_gen[0].natural_order_input.PE/delay_addr_bf2/no_sclr_lut.real_shift_ram.use_baseblock.use_hlutnm_srls.srl_loop[0].i_fdre0) is unused and will be removed from module xfft_v9_1_9_viv.
INFO: [Synth 8-3332] Sequential element (xfft_inst/non_floating_point.arch_d.xfft_inst/pe_gen[0].natural_order_input.PE/delay_addr_bf2/no_sclr_lut.real_shift_ram.use_baseblock.use_hlutnm_srls.srl_loop[0].i_fdre1) is unused and will be removed from module xfft_v9_1_9_viv.
INFO: [Synth 8-3332] Sequential element (xfft_inst/non_floating_point.arch_d.xfft_inst/pe_gen[0].natural_order_input.PE/delay_addr_bf2/no_sclr_lut.real_shift_ram.use_baseblock.use_hlutnm_srls.srl_loop[1].i_fdre0) is unused and will be removed from module xfft_v9_1_9_viv.
INFO: [Synth 8-3332] Sequential element (xfft_inst/non_floating_point.arch_d.xfft_inst/pe_gen[0].natural_order_input.PE/delay_addr_bf2/no_sclr_lut.real_shift_ram.use_baseblock.use_hlutnm_srls.srl_loop[1].i_fdre1) is unused and will be removed from module xfft_v9_1_9_viv.
INFO: [Synth 8-3332] Sequential element (xfft_inst/non_floating_point.arch_d.xfft_inst/pe_gen[0].natural_order_input.PE/delay_addr_tw/no_sclr_lut.real_shift_ram.use_baseblock.use_hlutnm_srls.srl_loop[0].i_fdre0) is unused and will be removed from module xfft_v9_1_9_viv.
INFO: [Synth 8-3332] Sequential element (xfft_inst/non_floating_point.arch_d.xfft_inst/pe_gen[0].natural_order_input.PE/delay_addr_tw/no_sclr_lut.real_shift_ram.use_baseblock.use_hlutnm_srls.srl_loop[0].i_fdre1) is unused and will be removed from module xfft_v9_1_9_viv.
INFO: [Synth 8-3332] Sequential element (xfft_inst/non_floating_point.arch_d.xfft_inst/pe_gen[0].natural_order_input.PE/delay_addr_tw/no_sclr_lut.real_shift_ram.use_baseblock.use_hlutnm_srls.srl_loop[1].i_fdre0) is unused and will be removed from module xfft_v9_1_9_viv.
INFO: [Synth 8-3332] Sequential element (xfft_inst/non_floating_point.arch_d.xfft_inst/pe_gen[0].natural_order_input.PE/delay_addr_tw/no_sclr_lut.real_shift_ram.use_baseblock.use_hlutnm_srls.srl_loop[1].i_fdre1) is unused and will be removed from module xfft_v9_1_9_viv.
INFO: [Synth 8-3332] Sequential element (xfft_inst/non_floating_point.arch_d.xfft_inst/pe_gen[0].natural_order_input.PE/delay_addr_tw/no_sclr_lut.real_shift_ram.use_baseblock.use_hlutnm_srls.srl_loop[2].i_fdre0) is unused and will be removed from module xfft_v9_1_9_viv.
INFO: [Synth 8-3332] Sequential element (xfft_inst/non_floating_point.arch_d.xfft_inst/pe_gen[0].natural_order_input.PE/delay_addr_tw/no_sclr_lut.real_shift_ram.use_baseblock.use_hlutnm_srls.srl_loop[2].i_fdre1) is unused and will be removed from module xfft_v9_1_9_viv.
INFO: [Synth 8-3332] Sequential element (xfft_inst/non_floating_point.arch_d.xfft_inst/pe_gen[0].natural_order_input.PE/delay_addr_tw/no_sclr_lut.real_shift_ram.use_baseblock.use_hlutnm_srls.runt_srl_loop.i_fdre) is unused and will be removed from module xfft_v9_1_9_viv.
INFO: [Synth 8-3332] Sequential element (xfft_inst/non_floating_point.arch_d.xfft_inst/pe_gen[0].natural_order_input.PE/FB_1.BF_1/wr_addr_del/no_sclr_lut.real_shift_ram.use_baseblock.use_hlutnm_srls.srl_loop[0].i_fdre0) is unused and will be removed from module xfft_v9_1_9_viv.
INFO: [Synth 8-3332] Sequential element (xfft_inst/non_floating_point.arch_d.xfft_inst/pe_gen[0].natural_order_input.PE/FB_1.BF_1/wr_addr_del/no_sclr_lut.real_shift_ram.use_baseblock.use_hlutnm_srls.srl_loop[0].i_fdre1) is unused and will be removed from module xfft_v9_1_9_viv.
INFO: [Synth 8-3332] Sequential element (xfft_inst/non_floating_point.arch_d.xfft_inst/pe_gen[0].natural_order_input.PE/FB_1.BF_1/wr_addr_del/no_sclr_lut.real_shift_ram.use_baseblock.use_hlutnm_srls.srl_loop[1].i_fdre0) is unused and will be removed from module xfft_v9_1_9_viv.
INFO: [Synth 8-3332] Sequential element (xfft_inst/non_floating_point.arch_d.xfft_inst/pe_gen[0].natural_order_input.PE/FB_1.BF_1/wr_addr_del/no_sclr_lut.real_shift_ram.use_baseblock.use_hlutnm_srls.srl_loop[1].i_fdre1) is unused and will be removed from module xfft_v9_1_9_viv.
INFO: [Synth 8-3332] Sequential element (xfft_inst/non_floating_point.arch_d.xfft_inst/pe_gen[0].natural_order_input.PE/FB_1.BF_1/wr_addr_del/no_sclr_lut.real_shift_ram.use_baseblock.use_hlutnm_srls.srl_loop[2].i_fdre0) is unused and will be removed from module xfft_v9_1_9_viv.
INFO: [Synth 8-3332] Sequential element (xfft_inst/non_floating_point.arch_d.xfft_inst/pe_gen[0].natural_order_input.PE/FB_1.BF_1/wr_addr_del/no_sclr_lut.real_shift_ram.use_baseblock.use_hlutnm_srls.srl_loop[2].i_fdre1) is unused and will be removed from module xfft_v9_1_9_viv.
INFO: [Synth 8-3332] Sequential element (xfft_inst/non_floating_point.arch_d.xfft_inst/pe_gen[0].natural_order_input.PE/hasbf2.FB_2.BF_2/wr_addr_del/no_sclr_lut.real_shift_ram.use_baseblock.use_hlutnm_srls.srl_loop[0].i_fdre0) is unused and will be removed from module xfft_v9_1_9_viv.
INFO: [Synth 8-3332] Sequential element (xfft_inst/non_floating_point.arch_d.xfft_inst/pe_gen[0].natural_order_input.PE/hasbf2.FB_2.BF_2/wr_addr_del/no_sclr_lut.real_shift_ram.use_baseblock.use_hlutnm_srls.srl_loop[0].i_fdre1) is unused and will be removed from module xfft_v9_1_9_viv.
INFO: [Synth 8-3332] Sequential element (xfft_inst/non_floating_point.arch_d.xfft_inst/pe_gen[0].natural_order_input.PE/hasbf2.FB_2.BF_2/wr_addr_del/no_sclr_lut.real_shift_ram.use_baseblock.use_hlutnm_srls.srl_loop[1].i_fdre0) is unused and will be removed from module xfft_v9_1_9_viv.
INFO: [Synth 8-3332] Sequential element (xfft_inst/non_floating_point.arch_d.xfft_inst/pe_gen[0].natural_order_input.PE/hasbf2.FB_2.BF_2/wr_addr_del/no_sclr_lut.real_shift_ram.use_baseblock.use_hlutnm_srls.srl_loop[1].i_fdre1) is unused and will be removed from module xfft_v9_1_9_viv.
INFO: [Synth 8-3332] Sequential element (xfft_inst/non_floating_point.arch_d.xfft_inst/pe_gen[0].natural_order_input.PE/hasbf2.FB_2.BF_2/wr_addr_del/no_sclr_lut.real_shift_ram.use_baseblock.use_hlutnm_srls.runt_srl_loop.i_fdre) is unused and will be removed from module xfft_v9_1_9_viv.
INFO: [Synth 8-3332] Sequential element (xfft_inst/non_floating_point.arch_d.xfft_inst/pe_gen[0].natural_order_input.PE/scaling2bits.scaler_re/scale_mux/four_inputs.use_lut6.no_lut_sclr.four_to_one_mux[42].latency1.reg) is unused and will be removed from module xfft_v9_1_9_viv.
INFO: [Synth 8-3332] Sequential element (xfft_inst/non_floating_point.arch_d.xfft_inst/pe_gen[0].natural_order_input.PE/scaling2bits.scaler_re/scale_mux/four_inputs.use_lut6.no_lut_sclr.four_to_one_mux[41].latency1.reg) is unused and will be removed from module xfft_v9_1_9_viv.
INFO: [Synth 8-3332] Sequential element (xfft_inst/non_floating_point.arch_d.xfft_inst/pe_gen[0].natural_order_input.PE/scaling2bits.scaler_re/scale_mux/four_inputs.use_lut6.no_lut_sclr.four_to_one_mux[40].latency1.reg) is unused and will be removed from module xfft_v9_1_9_viv.
INFO: [Synth 8-3332] Sequential element (xfft_inst/non_floating_point.arch_d.xfft_inst/pe_gen[0].natural_order_input.PE/scaling2bits.scaler_im/scale_mux/four_inputs.use_lut6.no_lut_sclr.four_to_one_mux[42].latency1.reg) is unused and will be removed from module xfft_v9_1_9_viv.
INFO: [Synth 8-3332] Sequential element (xfft_inst/non_floating_point.arch_d.xfft_inst/pe_gen[0].natural_order_input.PE/scaling2bits.scaler_im/scale_mux/four_inputs.use_lut6.no_lut_sclr.four_to_one_mux[41].latency1.reg) is unused and will be removed from module xfft_v9_1_9_viv.
INFO: [Synth 8-3332] Sequential element (xfft_inst/non_floating_point.arch_d.xfft_inst/pe_gen[0].natural_order_input.PE/scaling2bits.scaler_im/scale_mux/four_inputs.use_lut6.no_lut_sclr.four_to_one_mux[40].latency1.reg) is unused and will be removed from module xfft_v9_1_9_viv.
INFO: [Synth 8-3332] Sequential element (xfft_inst/non_floating_point.arch_d.xfft_inst/pe_gen[0].natural_order_input.PE/rounding.ROUND_0/reg_gate.delay_d_2/no_sclr_lut.real_shift_ram.use_baseblock.use_hlutnm_srls.srl_loop[0].i_fdre0) is unused and will be removed from module xfft_v9_1_9_viv.
INFO: [Synth 8-3332] Sequential element (xfft_inst/non_floating_point.arch_d.xfft_inst/pe_gen[0].natural_order_input.PE/rounding.ROUND_1/reg_gate.delay_d_2/no_sclr_lut.real_shift_ram.use_baseblock.use_hlutnm_srls.srl_loop[0].i_fdre0) is unused and will be removed from module xfft_v9_1_9_viv.
INFO: [Synth 8-3332] Sequential element (xfft_inst/non_floating_point.arch_d.xfft_inst/pe_gen[0].natural_order_input.PE/has_scale_pipelining.has_tw_scale_reg.tw_scale_reg_gen[7].tw_scale_reg) is unused and will be removed from module xfft_v9_1_9_viv.
INFO: [Synth 8-3332] Sequential element (xfft_inst/non_floating_point.arch_d.xfft_inst/pe_gen[1].natural_order_input.PE/scaling2bits.scaler_re/scale_mux/four_inputs.use_lut6.no_lut_sclr.four_to_one_mux[42].latency1.reg) is unused and will be removed from module xfft_v9_1_9_viv.
INFO: [Synth 8-3332] Sequential element (xfft_inst/non_floating_point.arch_d.xfft_inst/pe_gen[1].natural_order_input.PE/scaling2bits.scaler_re/scale_mux/four_inputs.use_lut6.no_lut_sclr.four_to_one_mux[41].latency1.reg) is unused and will be removed from module xfft_v9_1_9_viv.
INFO: [Synth 8-3332] Sequential element (xfft_inst/non_floating_point.arch_d.xfft_inst/pe_gen[1].natural_order_input.PE/scaling2bits.scaler_re/scale_mux/four_inputs.use_lut6.no_lut_sclr.four_to_one_mux[40].latency1.reg) is unused and will be removed from module xfft_v9_1_9_viv.
INFO: [Synth 8-3332] Sequential element (xfft_inst/non_floating_point.arch_d.xfft_inst/pe_gen[1].natural_order_input.PE/scaling2bits.scaler_im/scale_mux/four_inputs.use_lut6.no_lut_sclr.four_to_one_mux[42].latency1.reg) is unused and will be removed from module xfft_v9_1_9_viv.
INFO: [Synth 8-3332] Sequential element (xfft_inst/non_floating_point.arch_d.xfft_inst/pe_gen[1].natural_order_input.PE/scaling2bits.scaler_im/scale_mux/four_inputs.use_lut6.no_lut_sclr.four_to_one_mux[41].latency1.reg) is unused and will be removed from module xfft_v9_1_9_viv.
INFO: [Synth 8-3332] Sequential element (xfft_inst/non_floating_point.arch_d.xfft_inst/pe_gen[1].natural_order_input.PE/scaling2bits.scaler_im/scale_mux/four_inputs.use_lut6.no_lut_sclr.four_to_one_mux[40].latency1.reg) is unused and will be removed from module xfft_v9_1_9_viv.
INFO: [Synth 8-3332] Sequential element (xfft_inst/non_floating_point.arch_d.xfft_inst/pe_gen[1].natural_order_input.PE/rounding.ROUND_0/reg_gate.delay_d_2/no_sclr_lut.real_shift_ram.use_baseblock.use_hlutnm_srls.srl_loop[0].i_fdre0) is unused and will be removed from module xfft_v9_1_9_viv.
INFO: [Synth 8-3332] Sequential element (xfft_inst/non_floating_point.arch_d.xfft_inst/pe_gen[1].natural_order_input.PE/rounding.ROUND_1/reg_gate.delay_d_2/no_sclr_lut.real_shift_ram.use_baseblock.use_hlutnm_srls.srl_loop[0].i_fdre0) is unused and will be removed from module xfft_v9_1_9_viv.
INFO: [Synth 8-3332] Sequential element (xfft_inst/non_floating_point.arch_d.xfft_inst/pe_gen[1].natural_order_input.PE/addr_select.bf1_addr_mux_gen[2].reg) is unused and will be removed from module xfft_v9_1_9_viv.
INFO: [Synth 8-3332] Sequential element (xfft_inst/non_floating_point.arch_d.xfft_inst/pe_gen[1].natural_order_input.PE/addr_select.bf1_addr_mux_gen[1].reg) is unused and will be removed from module xfft_v9_1_9_viv.
INFO: [Synth 8-3332] Sequential element (xfft_inst/non_floating_point.arch_d.xfft_inst/pe_gen[1].natural_order_input.PE/addr_select.bf1_addr_mux_gen[0].reg) is unused and will be removed from module xfft_v9_1_9_viv.
INFO: [Synth 8-3332] Sequential element (xfft_inst/non_floating_point.arch_d.xfft_inst/pe_gen[1].natural_order_input.PE/has_scale_pipelining.scale_select.scale_mux_gen[5].reg) is unused and will be removed from module xfft_v9_1_9_viv.
INFO: [Synth 8-3332] Sequential element (xfft_inst/non_floating_point.arch_d.xfft_inst/pe_gen[1].natural_order_input.PE/has_scale_pipelining.has_tw_scale_reg.tw_scale_reg_gen[5].tw_scale_reg) is unused and will be removed from module xfft_v9_1_9_viv.
INFO: [Synth 8-3332] Sequential element (xfft_inst/non_floating_point.arch_d.xfft_inst/pe_gen[2].natural_order_input.PE/delay_addr_tw/no_sclr_lut.real_shift_ram.use_baseblock.use_hlutnm_srls.srl_loop[0].i_fdre0) is unused and will be removed from module xfft_v9_1_9_viv.
INFO: [Synth 8-3332] Sequential element (xfft_inst/non_floating_point.arch_d.xfft_inst/pe_gen[2].natural_order_input.PE/delay_addr_tw/no_sclr_lut.real_shift_ram.use_baseblock.use_hlutnm_srls.srl_loop[0].i_fdre1) is unused and will be removed from module xfft_v9_1_9_viv.
INFO: [Synth 8-3332] Sequential element (xfft_inst/non_floating_point.arch_d.xfft_inst/pe_gen[2].natural_order_input.PE/delay_addr_tw/no_sclr_lut.real_shift_ram.use_baseblock.use_hlutnm_srls.runt_srl_loop.i_fdre) is unused and will be removed from module xfft_v9_1_9_viv.
INFO: [Synth 8-3332] Sequential element (xfft_inst/non_floating_point.arch_d.xfft_inst/pe_gen[2].natural_order_input.PE/scaling2bits.scaler_re/scale_mux/four_inputs.use_lut6.no_lut_sclr.four_to_one_mux[42].latency1.reg) is unused and will be removed from module xfft_v9_1_9_viv.
INFO: [Synth 8-3332] Sequential element (xfft_inst/non_floating_point.arch_d.xfft_inst/pe_gen[2].natural_order_input.PE/scaling2bits.scaler_re/scale_mux/four_inputs.use_lut6.no_lut_sclr.four_to_one_mux[41].latency1.reg) is unused and will be removed from module xfft_v9_1_9_viv.
INFO: [Synth 8-3332] Sequential element (xfft_inst/non_floating_point.arch_d.xfft_inst/pe_gen[2].natural_order_input.PE/scaling2bits.scaler_re/scale_mux/four_inputs.use_lut6.no_lut_sclr.four_to_one_mux[40].latency1.reg) is unused and will be removed from module xfft_v9_1_9_viv.
INFO: [Synth 8-3332] Sequential element (xfft_inst/non_floating_point.arch_d.xfft_inst/pe_gen[2].natural_order_input.PE/scaling2bits.scaler_im/scale_mux/four_inputs.use_lut6.no_lut_sclr.four_to_one_mux[42].latency1.reg) is unused and will be removed from module xfft_v9_1_9_viv.
INFO: [Synth 8-3332] Sequential element (xfft_inst/non_floating_point.arch_d.xfft_inst/pe_gen[2].natural_order_input.PE/scaling2bits.scaler_im/scale_mux/four_inputs.use_lut6.no_lut_sclr.four_to_one_mux[41].latency1.reg) is unused and will be removed from module xfft_v9_1_9_viv.
INFO: [Synth 8-3332] Sequential element (xfft_inst/non_floating_point.arch_d.xfft_inst/pe_gen[2].natural_order_input.PE/scaling2bits.scaler_im/scale_mux/four_inputs.use_lut6.no_lut_sclr.four_to_one_mux[40].latency1.reg) is unused and will be removed from module xfft_v9_1_9_viv.
INFO: [Synth 8-3332] Sequential element (xfft_inst/non_floating_point.arch_d.xfft_inst/pe_gen[2].natural_order_input.PE/rounding.ROUND_0/reg_gate.delay_d_2/no_sclr_lut.real_shift_ram.use_baseblock.use_hlutnm_srls.srl_loop[0].i_fdre0) is unused and will be removed from module xfft_v9_1_9_viv.
INFO: [Synth 8-3332] Sequential element (xfft_inst/non_floating_point.arch_d.xfft_inst/pe_gen[2].natural_order_input.PE/rounding.ROUND_1/reg_gate.delay_d_2/no_sclr_lut.real_shift_ram.use_baseblock.use_hlutnm_srls.srl_loop[0].i_fdre0) is unused and will be removed from module xfft_v9_1_9_viv.
INFO: [Synth 8-3332] Sequential element (xfft_inst/non_floating_point.arch_d.xfft_inst/pe_gen[2].natural_order_input.PE/addr_select.bf1_addr_mux_gen[0].reg) is unused and will be removed from module xfft_v9_1_9_viv.
INFO: [Synth 8-3332] Sequential element (xfft_inst/non_floating_point.arch_d.xfft_inst/pe_gen[2].natural_order_input.PE/has_scale_pipelining.scale_select.scale_mux_gen[3].reg) is unused and will be removed from module xfft_v9_1_9_viv.
INFO: [Synth 8-3332] Sequential element (xfft_inst/non_floating_point.arch_d.xfft_inst/pe_gen[2].natural_order_input.PE/has_scale_pipelining.has_tw_scale_reg.tw_scale_reg_gen[3].tw_scale_reg) is unused and will be removed from module xfft_v9_1_9_viv.
INFO: [Synth 8-3332] Sequential element (xfft_inst/non_floating_point.arch_d.xfft_inst/pe_gen[3].natural_order_input.PE/has_scale_pipelining.pe_scale_delay/no_sclr_lut.real_shift_ram.use_baseblock.use_hlutnm_srls.srl_loop[0].i_fdre1) is unused and will be removed from module xfft_v9_1_9_viv.
INFO: [Synth 8-3332] Sequential element (xfft_inst/non_floating_point.arch_d.xfft_inst/pe_gen[3].natural_order_input.PE/has_scale_pipelining.pe_ovflo_delay/no_sclr_lut.real_shift_ram.use_baseblock.use_hlutnm_srls.runt_srl_loop.i_fdre) is unused and will be removed from module xfft_v9_1_9_viv.
INFO: [Synth 8-3332] Sequential element (xfft_inst/non_floating_point.arch_d.xfft_inst/pe_gen[3].natural_order_input.PE/delay_addr_bf2/no_sclr_lut.real_shift_ram.use_baseblock.use_hlutnm_srls.runt_srl_loop.i_fdre) is unused and will be removed from module xfft_v9_1_9_viv.
INFO: [Synth 8-3332] Sequential element (xfft_inst/non_floating_point.arch_d.xfft_inst/pe_gen[3].natural_order_input.PE/delay_addr_tw/no_sclr_lut.real_shift_ram.use_baseblock.use_hlutnm_srls.runt_srl_loop.i_fdre) is unused and will be removed from module xfft_v9_1_9_viv.
INFO: [Synth 8-3332] Sequential element (xfft_inst/non_floating_point.arch_d.xfft_inst/pe_gen[3].natural_order_input.PE/rounding.ROUND_0/reg_gate.delay_d_2/no_sclr_lut.real_shift_ram.use_baseblock.use_hlutnm_srls.srl_loop[0].i_fdre0) is unused and will be removed from module xfft_v9_1_9_viv.
INFO: [Synth 8-3332] Sequential element (xfft_inst/non_floating_point.arch_d.xfft_inst/pe_gen[3].natural_order_input.PE/rounding.ROUND_1/reg_gate.delay_d_2/no_sclr_lut.real_shift_ram.use_baseblock.use_hlutnm_srls.srl_loop[0].i_fdre0) is unused and will be removed from module xfft_v9_1_9_viv.
INFO: [Synth 8-3332] Sequential element (xfft_inst/non_floating_point.arch_d.xfft_inst/has_bit_reverse.busy_gen/proc_start_delay/need_sclr_lut.real_shift_ram.FF_gen[0].reg) is unused and will be removed from module xfft_v9_1_9_viv.
INFO: [Synth 8-3332] Sequential element (xfft_inst/non_floating_point.arch_d.xfft_inst/timing_cnts_has_nfft.duplicate_regs[4].other.nfft_regs[4].nfft_regs_fde) is unused and will be removed from module xfft_v9_1_9_viv.
INFO: [Synth 8-3332] Sequential element (xfft_inst/non_floating_point.arch_d.xfft_inst/timing_cnts_has_nfft.duplicate_regs[4].other.nfft_regs[3].nfft_regs_fde) is unused and will be removed from module xfft_v9_1_9_viv.
INFO: [Synth 8-3332] Sequential element (xfft_inst/non_floating_point.arch_d.xfft_inst/timing_cnts_has_nfft.duplicate_regs[4].other.nfft_regs[2].nfft_regs_fde) is unused and will be removed from module xfft_v9_1_9_viv.
INFO: [Synth 8-3332] Sequential element (xfft_inst/non_floating_point.arch_d.xfft_inst/timing_cnts_has_nfft.duplicate_regs[4].other.nfft_regs[1].nfft_regs_fde) is unused and will be removed from module xfft_v9_1_9_viv.
INFO: [Synth 8-3332] Sequential element (xfft_inst/non_floating_point.arch_d.xfft_inst/timing_cnts_has_nfft.duplicate_regs[4].other.nfft_regs[0].nfft_regs_fde) is unused and will be removed from module xfft_v9_1_9_viv.
INFO: [Synth 8-3332] Sequential element (xfft_inst/non_floating_point.arch_d.xfft_inst/timing_cnts_has_nfft.duplicate_regs[3].other.nfft_regs[4].nfft_regs_fde) is unused and will be removed from module xfft_v9_1_9_viv.
INFO: [Synth 8-3332] Sequential element (xfft_inst/non_floating_point.arch_d.xfft_inst/timing_cnts_has_nfft.duplicate_regs[3].other.nfft_regs[3].nfft_regs_fde) is unused and will be removed from module xfft_v9_1_9_viv.
INFO: [Synth 8-3332] Sequential element (xfft_inst/non_floating_point.arch_d.xfft_inst/timing_cnts_has_nfft.duplicate_regs[2].other.nfft_regs[4].nfft_regs_fde) is unused and will be removed from module xfft_v9_1_9_viv.
INFO: [Common 17-14] Message 'Synth 8-3332' appears 100 times and further instances of the messages will be disabled. Use the Tcl command set_msg_config to change the current settings.
---------------------------------------------------------------------------------
Finished Cross Boundary and Area Optimization : Time (s): cpu = 00:01:17 ; elapsed = 00:01:31 . Memory (MB): peak = 2910.555 ; gain = 2013.516
---------------------------------------------------------------------------------
---------------------------------------------------------------------------------
Start Applying XDC Timing Constraints
---------------------------------------------------------------------------------
---------------------------------------------------------------------------------
Finished Applying XDC Timing Constraints : Time (s): cpu = 00:01:23 ; elapsed = 00:01:36 . Memory (MB): peak = 2910.555 ; gain = 2013.516
---------------------------------------------------------------------------------
---------------------------------------------------------------------------------
Start Timing Optimization
---------------------------------------------------------------------------------
---------------------------------------------------------------------------------
Finished Timing Optimization : Time (s): cpu = 00:01:24 ; elapsed = 00:01:38 . Memory (MB): peak = 2910.555 ; gain = 2013.516
---------------------------------------------------------------------------------
---------------------------------------------------------------------------------
Start Technology Mapping
---------------------------------------------------------------------------------
---------------------------------------------------------------------------------
Finished Technology Mapping : Time (s): cpu = 00:01:27 ; elapsed = 00:01:41 . Memory (MB): peak = 2910.555 ; gain = 2013.516
---------------------------------------------------------------------------------
---------------------------------------------------------------------------------
Start IO Insertion
---------------------------------------------------------------------------------
---------------------------------------------------------------------------------
Start Flattening Before IO Insertion
---------------------------------------------------------------------------------
---------------------------------------------------------------------------------
Finished Flattening Before IO Insertion
---------------------------------------------------------------------------------
---------------------------------------------------------------------------------
Start Final Netlist Cleanup
---------------------------------------------------------------------------------
---------------------------------------------------------------------------------
Finished Final Netlist Cleanup
---------------------------------------------------------------------------------
---------------------------------------------------------------------------------
Finished IO Insertion : Time (s): cpu = 00:01:30 ; elapsed = 00:01:44 . Memory (MB): peak = 2910.555 ; gain = 2013.516
---------------------------------------------------------------------------------
---------------------------------------------------------------------------------
Start Renaming Generated Instances
---------------------------------------------------------------------------------
---------------------------------------------------------------------------------
Finished Renaming Generated Instances : Time (s): cpu = 00:01:30 ; elapsed = 00:01:44 . Memory (MB): peak = 2910.555 ; gain = 2013.516
---------------------------------------------------------------------------------
---------------------------------------------------------------------------------
Start Rebuilding User Hierarchy
---------------------------------------------------------------------------------
---------------------------------------------------------------------------------
Finished Rebuilding User Hierarchy : Time (s): cpu = 00:01:31 ; elapsed = 00:01:45 . Memory (MB): peak = 2910.555 ; gain = 2013.516
---------------------------------------------------------------------------------
---------------------------------------------------------------------------------
Start Renaming Generated Ports
---------------------------------------------------------------------------------
---------------------------------------------------------------------------------
Finished Renaming Generated Ports : Time (s): cpu = 00:01:31 ; elapsed = 00:01:45 . Memory (MB): peak = 2910.555 ; gain = 2013.516
---------------------------------------------------------------------------------
---------------------------------------------------------------------------------
Start Handling Custom Attributes
---------------------------------------------------------------------------------
---------------------------------------------------------------------------------
Finished Handling Custom Attributes : Time (s): cpu = 00:01:31 ; elapsed = 00:01:45 . Memory (MB): peak = 2910.555 ; gain = 2013.516
---------------------------------------------------------------------------------
---------------------------------------------------------------------------------
Start Renaming Generated Nets
---------------------------------------------------------------------------------
---------------------------------------------------------------------------------
Finished Renaming Generated Nets : Time (s): cpu = 00:01:31 ; elapsed = 00:01:45 . Memory (MB): peak = 2910.555 ; gain = 2013.516
---------------------------------------------------------------------------------
---------------------------------------------------------------------------------
Start Writing Synthesis Report
---------------------------------------------------------------------------------

DSP Final Report (the ' indicates corresponding REG is set)
+----------------------+-------------+--------+--------+--------+--------+--------+------+------+------+------+-------+------+------+
|Module Name           | DSP Mapping | A Size | B Size | C Size | D Size | P Size | AREG | BREG | CREG | DREG | ADREG | MREG | PREG | 
+----------------------+-------------+--------+--------+--------+--------+--------+------+------+------+------+-------+------+------+
|cmpy_4_dsp48_mult_717 | Dynamic     | -      | -      | -      | -      | 0      | -    | -    | -    | -    | -     | 1    | 1    | 
|cmpy_4_dsp48_mult_717 | Dynamic     | -      | -      | -      | -      | 17     | -    | -    | -    | -    | -     | 1    | 1    | 
|cmpy_4_dsp48_mult_717 | Dynamic     | -      | -      | -      | -      | 0      | -    | -    | -    | -    | 1     | 1    | 1    | 
|cmpy_4_dsp48_mult_717 | Dynamic     | -      | -      | -      | -      | 44     | -    | -    | -    | -    | 1     | 1    | 1    | 
|cmpy_4_dsp48_mult_717 | Dynamic     | -      | -      | -      | -      | 0      | -    | -    | -    | -    | -     | 1    | 1    | 
|cmpy_4_dsp48_mult_717 | Dynamic     | -      | -      | -      | -      | 17     | -    | -    | -    | -    | -     | 1    | 1    | 
|cmpy_4_dsp48_mult_717 | Dynamic     | -      | -      | -      | -      | 0      | -    | -    | -    | -    | 1     | 1    | 1    | 
|cmpy_4_dsp48_mult_717 | Dynamic     | -      | -      | -      | -      | 44     | -    | -    | -    | -    | 1     | 1    | 1    | 
|cmpy_4_dsp48_mult_424 | Dynamic     | -      | -      | -      | -      | 0      | -    | -    | -    | -    | -     | 1    | 1    | 
|cmpy_4_dsp48_mult_424 | Dynamic     | -      | -      | -      | -      | 17     | -    | -    | -    | -    | -     | 1    | 1    | 
|cmpy_4_dsp48_mult_424 | Dynamic     | -      | -      | -      | -      | 0      | -    | -    | -    | -    | 1     | 1    | 1    | 
|cmpy_4_dsp48_mult_424 | Dynamic     | -      | -      | -      | -      | 44     | -    | -    | -    | -    | 1     | 1    | 1    | 
|cmpy_4_dsp48_mult_424 | Dynamic     | -      | -      | -      | -      | 0      | -    | -    | -    | -    | -     | 1    | 1    | 
|cmpy_4_dsp48_mult_424 | Dynamic     | -      | -      | -      | -      | 17     | -    | -    | -    | -    | -     | 1    | 1    | 
|cmpy_4_dsp48_mult_424 | Dynamic     | -      | -      | -      | -      | 0      | -    | -    | -    | -    | 1     | 1    | 1    | 
|cmpy_4_dsp48_mult_424 | Dynamic     | -      | -      | -      | -      | 44     | -    | -    | -    | -    | 1     | 1    | 1    | 
|cmpy_4_dsp48_mult     | Dynamic     | -      | -      | -      | -      | 0      | -    | -    | -    | -    | -     | 1    | 1    | 
|cmpy_4_dsp48_mult     | Dynamic     | -      | -      | -      | -      | 17     | -    | -    | -    | -    | -     | 1    | 1    | 
|cmpy_4_dsp48_mult     | Dynamic     | -      | -      | -      | -      | 0      | -    | -    | -    | -    | 1     | 1    | 1    | 
|cmpy_4_dsp48_mult     | Dynamic     | -      | -      | -      | -      | 44     | -    | -    | -    | -    | 1     | 1    | 1    | 
|cmpy_4_dsp48_mult     | Dynamic     | -      | -      | -      | -      | 0      | -    | -    | -    | -    | -     | 1    | 1    | 
|cmpy_4_dsp48_mult     | Dynamic     | -      | -      | -      | -      | 17     | -    | -    | -    | -    | -     | 1    | 1    | 
|cmpy_4_dsp48_mult     | Dynamic     | -      | -      | -      | -      | 0      | -    | -    | -    | -    | 1     | 1    | 1    | 
|cmpy_4_dsp48_mult     | Dynamic     | -      | -      | -      | -      | 44     | -    | -    | -    | -    | 1     | 1    | 1    | 
+----------------------+-------------+--------+--------+--------+--------+--------+------+------+------+------+-------+------+------+


Report BlackBoxes: 
+-+--------------+----------+
| |BlackBox name |Instances |
+-+--------------+----------+
+-+--------------+----------+

Report Cell Usage: 
+------+---------+------+
|      |Cell     |Count |
+------+---------+------+
|1     |DSP48E1  |    24|
|5     |LUT1     |    43|
|6     |LUT2     |   616|
|7     |LUT3     |  1796|
|8     |LUT4     |   466|
|9     |LUT5     |    65|
|10    |LUT6     |   422|
|11    |MUXCY    |  1254|
|12    |MUXF7    |    80|
|13    |RAMB18E1 |     2|
|14    |SRL16E   |  1464|
|15    |SRLC32E  |   241|
|16    |XORCY    |  1206|
|17    |FD       |     3|
|18    |FDE      |   731|
|19    |FDR      |    28|
|20    |FDRE     |  5537|
|21    |FDSE     |    43|
+------+---------+------+
---------------------------------------------------------------------------------
Finished Writing Synthesis Report : Time (s): cpu = 00:01:31 ; elapsed = 00:01:45 . Memory (MB): peak = 2910.555 ; gain = 2013.516
---------------------------------------------------------------------------------
Synthesis finished with 0 errors, 0 critical warnings and 860 warnings.
Synthesis Optimization Runtime : Time (s): cpu = 00:00:26 ; elapsed = 00:01:41 . Memory (MB): peak = 2910.555 ; gain = 2013.516
Synthesis Optimization Complete : Time (s): cpu = 00:01:31 ; elapsed = 00:01:46 . Memory (MB): peak = 2910.555 ; gain = 2013.516
INFO: [Project 1-571] Translating synthesized netlist
Netlist sorting complete. Time (s): cpu = 00:00:00 ; elapsed = 00:00:00.189 . Memory (MB): peak = 2910.555 ; gain = 0.000
INFO: [Netlist 29-17] Analyzing 3328 Unisim elements for replacement
INFO: [Netlist 29-28] Unisim Transformation completed in 1 CPU seconds
INFO: [Project 1-570] Preparing netlist for logic optimization
INFO: [Opt 31-138] Pushed 0 inverter(s) to 0 load pin(s).
Netlist sorting complete. Time (s): cpu = 00:00:00 ; elapsed = 00:00:00.004 . Memory (MB): peak = 2910.555 ; gain = 0.000
INFO: [Project 1-111] Unisim Transformation Summary:
  A total of 1119 instances were transformed.
  (MUXCY,XORCY) => CARRY4: 357 instances
  FD => FDRE: 3 instances
  FDE => FDRE: 731 instances
  FDR => FDRE: 28 instances

Synth Design complete | Checksum: 26094f2
INFO: [Common 17-83] Releasing license: Synthesis
193 Infos, 101 Warnings, 0 Critical Warnings and 0 Errors encountered.
synth_design completed successfully
synth_design: Time (s): cpu = 00:01:38 ; elapsed = 00:02:04 . Memory (MB): peak = 2910.555 ; gain = 2423.980
INFO: [Common 17-1381] The checkpoint 'C:/Users/gm/Vivado Projects/complete_det_final/complete_det_final.runs/xfft_1_synth_1/xfft_1.dcp' has been generated.
INFO: [Coretcl 2-1648] Added synthesis output to IP cache for IP xfft_1, cache-ID = c355f32918f87b7a
INFO: [Coretcl 2-1174] Renamed 1171 cell refs.
INFO: [Common 17-1381] The checkpoint 'C:/Users/gm/Vivado Projects/complete_det_final/complete_det_final.runs/xfft_1_synth_1/xfft_1.dcp' has been generated.
INFO: [runtcl-4] Executing : report_utilization -file xfft_1_utilization_synth.rpt -pb xfft_1_utilization_synth.pb
INFO: [Common 17-206] Exiting Vivado at Thu Aug 13 22:14:55 2026...

*** Running vivado
    with args -log xfft_1.vds -m64 -product Vivado -mode batch -messageDb vivado.pb -notrace -source xfft_1.tcl


ECHO is off.
ECHO is off.

****** Vivado v2023.1 (64-bit)
  **** SW Build 3865809 on Sun May  7 15:05:29 MDT 2023
  **** IP Build 3864474 on Sun May  7 20:36:21 MDT 2023
  **** SharedData Build 3865790 on Sun May 07 13:33:03 MDT 2023
    ** Copyright 1986-2022 Xilinx, Inc. All Rights Reserved.
    ** Copyright 2022-2023 Advanced Micro Devices, Inc. All Rights Reserved.

source xfft_1.tcl -notrace
create_project: Time (s): cpu = 00:00:08 ; elapsed = 00:00:08 . Memory (MB): peak = 451.215 ; gain = 162.320
INFO: [IP_Flow 19-234] Refreshing IP repositories
INFO: [IP_Flow 19-1700] Loaded user IP repository 'd:/Desktop PRE-FORMAT 25/CR_CYCLO/Verilog/ComBlock/core-comblock-master'.
INFO: [IP_Flow 19-2313] Loaded Vivado IP repository 'C:/Xilinx/Vivado/2023.1/data/ip'.
WARNING: [IP_Flow 19-4995] The host OS only allows 260 characters in a normal path. The IP cache path is more than 80 characters. If you experience issues with IP caching, please consider changing the IP cache to a location with a shorter path. Alternately consider using the OS subst command to map part of the path to a drive letter. 
Current IP cache path is c:/Users/gm/Vivado Projects/complete_det_final_full_and_red/complete_det_final_full_and_red.cache/ip 
INFO: [IP_Flow 19-6924] IPCACHE: Running cache check for IP inst: xfft_1
Command: synth_design -top xfft_1 -part xc7z020clg484-1 -incremental_mode off -mode out_of_context
Starting synth_design
Attempting to get a license for feature 'Synthesis' and/or device 'xc7z020'
INFO: [Common 17-349] Got license for feature 'Synthesis' and/or device 'xc7z020'
INFO: [Device 21-403] Loading part xc7z020clg484-1
INFO: [Synth 8-7079] Multithreading enabled for synth_design using a maximum of 2 processes.
INFO: [Synth 8-7078] Launching helper process for spawning children vivado processes
INFO: [Synth 8-7075] Helper process launched with PID 4772
---------------------------------------------------------------------------------
Starting RTL Elaboration : Time (s): cpu = 00:00:10 ; elapsed = 00:00:19 . Memory (MB): peak = 1305.059 ; gain = 410.102
---------------------------------------------------------------------------------
INFO: [Synth 8-638] synthesizing module 'xfft_1' [c:/Users/gm/Vivado Projects/complete_det_final_full_and_red/complete_det_final_full_and_red.gen/sources_1/ip/xfft_1/synth/xfft_1.vhd:84]
	Parameter C_XDEVICEFAMILY bound to: zynq - type: string 
	Parameter C_PART bound to: xc7z020clg484-1 - type: string 
	Parameter C_S_AXIS_CONFIG_TDATA_WIDTH bound to: 24 - type: integer 
	Parameter C_S_AXIS_DATA_TDATA_WIDTH bound to: 64 - type: integer 
	Parameter C_M_AXIS_DATA_TDATA_WIDTH bound to: 64 - type: integer 
	Parameter C_M_AXIS_DATA_TUSER_WIDTH bound to: 8 - type: integer 
	Parameter C_M_AXIS_STATUS_TDATA_WIDTH bound to: 1 - type: integer 
	Parameter C_THROTTLE_SCHEME bound to: 1 - type: integer 
	Parameter C_CHANNELS bound to: 1 - type: integer 
	Parameter C_NFFT_MAX bound to: 7 - type: integer 
	Parameter C_ARCH bound to: 3 - type: integer 
	Parameter C_HAS_NFFT bound to: 1 - type: integer 
	Parameter C_USE_FLT_PT bound to: 0 - type: integer 
	Parameter C_INPUT_WIDTH bound to: 32 - type: integer 
	Parameter C_TWIDDLE_WIDTH bound to: 12 - type: integer 
	Parameter C_OUTPUT_WIDTH bound to: 32 - type: integer 
	Parameter C_HAS_SCALING bound to: 1 - type: integer 
	Parameter C_HAS_BFP bound to: 0 - type: integer 
	Parameter C_HAS_ROUNDING bound to: 1 - type: integer 
	Parameter C_HAS_ACLKEN bound to: 0 - type: integer 
	Parameter C_HAS_ARESETN bound to: 1 - type: integer 
	Parameter C_HAS_OVFLO bound to: 0 - type: integer 
	Parameter C_HAS_NATURAL_INPUT bound to: 1 - type: integer 
	Parameter C_HAS_NATURAL_OUTPUT bound to: 1 - type: integer 
	Parameter C_HAS_CYCLIC_PREFIX bound to: 0 - type: integer 
	Parameter C_HAS_XK_INDEX bound to: 1 - type: integer 
	Parameter C_DATA_MEM_TYPE bound to: 1 - type: integer 
	Parameter C_TWIDDLE_MEM_TYPE bound to: 1 - type: integer 
	Parameter C_BRAM_STAGES bound to: 0 - type: integer 
	Parameter C_REORDER_MEM_TYPE bound to: 1 - type: integer 
	Parameter C_USE_HYBRID_RAM bound to: 0 - type: integer 
	Parameter C_OPTIMIZE_GOAL bound to: 0 - type: integer 
	Parameter C_CMPY_TYPE bound to: 2 - type: integer 
	Parameter C_BFLY_TYPE bound to: 0 - type: integer 
INFO: [Synth 8-3491] module 'xfft_v9_1_9' declared at 'c:/Users/gm/Vivado Projects/complete_det_final_full_and_red/complete_det_final_full_and_red.gen/sources_1/ip/xfft_1/hdl/xfft_v9_1_vh_rfs.vhd:103739' bound to instance 'U0' of component 'xfft_v9_1_9' [c:/Users/gm/Vivado Projects/complete_det_final_full_and_red/complete_det_final_full_and_red.gen/sources_1/ip/xfft_1/synth/xfft_1.vhd:193]
INFO: [Synth 8-3919] null assignment ignored
INFO: [Synth 8-3919] null assignment ignored
INFO: [Synth 8-3919] null assignment ignored
INFO: [Synth 8-3919] null assignment ignored
INFO: [Synth 8-3919] null assignment ignored
INFO: [Synth 8-3919] null assignment ignored
INFO: [Synth 8-3919] null assignment ignored
INFO: [Synth 8-3919] null assignment ignored
INFO: [Synth 8-3919] null assignment ignored
INFO: [Synth 8-3919] null assignment ignored
INFO: [Synth 8-3919] null assignment ignored
INFO: [Synth 8-3919] null assignment ignored
INFO: [Synth 8-3919] null assignment ignored
INFO: [Synth 8-3919] null assignment ignored
INFO: [Synth 8-3919] null assignment ignored
INFO: [Synth 8-3919] null assignment ignored
INFO: [Synth 8-3919] null assignment ignored
INFO: [Synth 8-3919] null assignment ignored
INFO: [Synth 8-3919] null assignment ignored
INFO: [Synth 8-3919] null assignment ignored
INFO: [Synth 8-3919] null assignment ignored
INFO: [Synth 8-3919] null assignment ignored
INFO: [Synth 8-3919] null assignment ignored
INFO: [Synth 8-3919] null assignment ignored
INFO: [Synth 8-3919] null assignment ignored
INFO: [Synth 8-3919] null assignment ignored
INFO: [Synth 8-3919] null assignment ignored
INFO: [Synth 8-3919] null assignment ignored
INFO: [Synth 8-3919] null assignment ignored
INFO: [Synth 8-3919] null assignment ignored
INFO: [Synth 8-3919] null assignment ignored
INFO: [Synth 8-3919] null assignment ignored
INFO: [Synth 8-3919] null assignment ignored
INFO: [Synth 8-3919] null assignment ignored
INFO: [Synth 8-3919] null assignment ignored
INFO: [Synth 8-3919] null assignment ignored
INFO: [Synth 8-3919] null assignment ignored
INFO: [Synth 8-3919] null assignment ignored
INFO: [Synth 8-3919] null assignment ignored
INFO: [Synth 8-3919] null assignment ignored
INFO: [Synth 8-3919] null assignment ignored
INFO: [Synth 8-3919] null assignment ignored
INFO: [Synth 8-3919] null assignment ignored
INFO: [Synth 8-3919] null assignment ignored
INFO: [Synth 8-3919] null assignment ignored
INFO: [Synth 8-3919] null assignment ignored
INFO: [Synth 8-3919] null assignment ignored
INFO: [Synth 8-3919] null assignment ignored
INFO: [Synth 8-3919] null assignment ignored
INFO: [Synth 8-3919] null assignment ignored
INFO: [Synth 8-3919] null assignment ignored
INFO: [Synth 8-3919] null assignment ignored
INFO: [Synth 8-3919] null assignment ignored
INFO: [Synth 8-3919] null assignment ignored
INFO: [Synth 8-256] done synthesizing module 'xfft_1' (0#1) [c:/Users/gm/Vivado Projects/complete_det_final_full_and_red/complete_det_final_full_and_red.gen/sources_1/ip/xfft_1/synth/xfft_1.vhd:84]
WARNING: [Synth 8-7129] Port Q[0] in module shift_ram__parameterized80 is either unconnected or has no load
WARNING: [Synth 8-7129] Port D[0] in module shift_ram__parameterized80 is either unconnected or has no load
WARNING: [Synth 8-7129] Port CLK in module shift_ram__parameterized80 is either unconnected or has no load
WARNING: [Synth 8-7129] Port CE in module shift_ram__parameterized80 is either unconnected or has no load
WARNING: [Synth 8-7129] Port SCLR in module shift_ram__parameterized80 is either unconnected or has no load
WARNING: [Synth 8-7129] Port COMBI_SCLR in module shift_ram__parameterized80 is either unconnected or has no load
WARNING: [Synth 8-7129] Port DEPTHx2 in module shift_ram__parameterized80 is either unconnected or has no load
WARNING: [Synth 8-7129] Port a[3] in module c_shift_ram_v12_0_14_legacy__parameterized2 is either unconnected or has no load
WARNING: [Synth 8-7129] Port a[2] in module c_shift_ram_v12_0_14_legacy__parameterized2 is either unconnected or has no load
WARNING: [Synth 8-7129] Port a[1] in module c_shift_ram_v12_0_14_legacy__parameterized2 is either unconnected or has no load
WARNING: [Synth 8-7129] Port a[0] in module c_shift_ram_v12_0_14_legacy__parameterized2 is either unconnected or has no load
WARNING: [Synth 8-7129] Port aclr in module c_shift_ram_v12_0_14_legacy__parameterized2 is either unconnected or has no load
WARNING: [Synth 8-7129] Port aset in module c_shift_ram_v12_0_14_legacy__parameterized2 is either unconnected or has no load
WARNING: [Synth 8-7129] Port ainit in module c_shift_ram_v12_0_14_legacy__parameterized2 is either unconnected or has no load
WARNING: [Synth 8-7129] Port sclr in module c_shift_ram_v12_0_14_legacy__parameterized2 is either unconnected or has no load
WARNING: [Synth 8-7129] Port sset in module c_shift_ram_v12_0_14_legacy__parameterized2 is either unconnected or has no load
WARNING: [Synth 8-7129] Port sinit in module c_shift_ram_v12_0_14_legacy__parameterized2 is either unconnected or has no load
WARNING: [Synth 8-7129] Port D[0] in module shift_ram__parameterized62 is either unconnected or has no load
WARNING: [Synth 8-7129] Port DEPTHx2 in module shift_ram__parameterized62 is either unconnected or has no load
WARNING: [Synth 8-7129] Port a[3] in module c_shift_ram_v12_0_14_legacy__parameterized5 is either unconnected or has no load
WARNING: [Synth 8-7129] Port a[2] in module c_shift_ram_v12_0_14_legacy__parameterized5 is either unconnected or has no load
WARNING: [Synth 8-7129] Port a[1] in module c_shift_ram_v12_0_14_legacy__parameterized5 is either unconnected or has no load
WARNING: [Synth 8-7129] Port a[0] in module c_shift_ram_v12_0_14_legacy__parameterized5 is either unconnected or has no load
WARNING: [Synth 8-7129] Port aclr in module c_shift_ram_v12_0_14_legacy__parameterized5 is either unconnected or has no load
WARNING: [Synth 8-7129] Port aset in module c_shift_ram_v12_0_14_legacy__parameterized5 is either unconnected or has no load
WARNING: [Synth 8-7129] Port ainit in module c_shift_ram_v12_0_14_legacy__parameterized5 is either unconnected or has no load
WARNING: [Synth 8-7129] Port sclr in module c_shift_ram_v12_0_14_legacy__parameterized5 is either unconnected or has no load
WARNING: [Synth 8-7129] Port sset in module c_shift_ram_v12_0_14_legacy__parameterized5 is either unconnected or has no load
WARNING: [Synth 8-7129] Port sinit in module c_shift_ram_v12_0_14_legacy__parameterized5 is either unconnected or has no load
WARNING: [Synth 8-7129] Port D[15] in module shift_ram__parameterized81 is either unconnected or has no load
WARNING: [Synth 8-7129] Port D[14] in module shift_ram__parameterized81 is either unconnected or has no load
WARNING: [Synth 8-7129] Port D[13] in module shift_ram__parameterized81 is either unconnected or has no load
WARNING: [Synth 8-7129] Port D[12] in module shift_ram__parameterized81 is either unconnected or has no load
WARNING: [Synth 8-7129] Port D[11] in module shift_ram__parameterized81 is either unconnected or has no load
WARNING: [Synth 8-7129] Port D[10] in module shift_ram__parameterized81 is either unconnected or has no load
WARNING: [Synth 8-7129] Port D[9] in module shift_ram__parameterized81 is either unconnected or has no load
WARNING: [Synth 8-7129] Port D[8] in module shift_ram__parameterized81 is either unconnected or has no load
WARNING: [Synth 8-7129] Port D[7] in module shift_ram__parameterized81 is either unconnected or has no load
WARNING: [Synth 8-7129] Port D[6] in module shift_ram__parameterized81 is either unconnected or has no load
WARNING: [Synth 8-7129] Port D[5] in module shift_ram__parameterized81 is either unconnected or has no load
WARNING: [Synth 8-7129] Port D[4] in module shift_ram__parameterized81 is either unconnected or has no load
WARNING: [Synth 8-7129] Port D[3] in module shift_ram__parameterized81 is either unconnected or has no load
WARNING: [Synth 8-7129] Port D[2] in module shift_ram__parameterized81 is either unconnected or has no load
WARNING: [Synth 8-7129] Port D[1] in module shift_ram__parameterized81 is either unconnected or has no load
WARNING: [Synth 8-7129] Port D[0] in module shift_ram__parameterized81 is either unconnected or has no load
WARNING: [Synth 8-7129] Port DEPTHx2 in module shift_ram__parameterized81 is either unconnected or has no load
WARNING: [Synth 8-7129] Port a[3] in module c_shift_ram_v12_0_14_legacy__parameterized34 is either unconnected or has no load
WARNING: [Synth 8-7129] Port a[2] in module c_shift_ram_v12_0_14_legacy__parameterized34 is either unconnected or has no load
WARNING: [Synth 8-7129] Port a[1] in module c_shift_ram_v12_0_14_legacy__parameterized34 is either unconnected or has no load
WARNING: [Synth 8-7129] Port a[0] in module c_shift_ram_v12_0_14_legacy__parameterized34 is either unconnected or has no load
WARNING: [Synth 8-7129] Port aclr in module c_shift_ram_v12_0_14_legacy__parameterized34 is either unconnected or has no load
WARNING: [Synth 8-7129] Port aset in module c_shift_ram_v12_0_14_legacy__parameterized34 is either unconnected or has no load
WARNING: [Synth 8-7129] Port ainit in module c_shift_ram_v12_0_14_legacy__parameterized34 is either unconnected or has no load
WARNING: [Synth 8-7129] Port sclr in module c_shift_ram_v12_0_14_legacy__parameterized34 is either unconnected or has no load
WARNING: [Synth 8-7129] Port sset in module c_shift_ram_v12_0_14_legacy__parameterized34 is either unconnected or has no load
WARNING: [Synth 8-7129] Port sinit in module c_shift_ram_v12_0_14_legacy__parameterized34 is either unconnected or has no load
WARNING: [Synth 8-7129] Port D[0] in module shift_ram__parameterized79 is either unconnected or has no load
WARNING: [Synth 8-7129] Port DEPTHx2 in module shift_ram__parameterized79 is either unconnected or has no load
WARNING: [Synth 8-7129] Port D1 in module shift_ram__parameterized78 is either unconnected or has no load
WARNING: [Synth 8-7129] Port DEPTHx2 in module shift_ram__parameterized78 is either unconnected or has no load
WARNING: [Synth 8-7129] Port depthx2 in module r22_memory__parameterized1 is either unconnected or has no load
WARNING: [Synth 8-7129] Port Q1 in module shift_ram__parameterized77 is either unconnected or has no load
WARNING: [Synth 8-7129] Port D1 in module shift_ram__parameterized77 is either unconnected or has no load
WARNING: [Synth 8-7129] Port COMBI_SCLR in module shift_ram__parameterized77 is either unconnected or has no load
WARNING: [Synth 8-7129] Port DEPTHx2 in module shift_ram__parameterized77 is either unconnected or has no load
WARNING: [Synth 8-7129] Port Q1 in module shift_ram__parameterized76 is either unconnected or has no load
WARNING: [Synth 8-7129] Port D1 in module shift_ram__parameterized76 is either unconnected or has no load
WARNING: [Synth 8-7129] Port COMBI_SCLR in module shift_ram__parameterized76 is either unconnected or has no load
WARNING: [Synth 8-7129] Port DEPTHx2 in module shift_ram__parameterized76 is either unconnected or has no load
WARNING: [Synth 8-7129] Port shift[4] in module so_run_addr_gen_left_shift is either unconnected or has no load
WARNING: [Synth 8-7129] Port shift[3] in module so_run_addr_gen_left_shift is either unconnected or has no load
WARNING: [Synth 8-7129] Port nfft[4] in module so_run_addr_gen_left_shift is either unconnected or has no load
WARNING: [Synth 8-7129] Port nfft[3] in module so_run_addr_gen_left_shift is either unconnected or has no load
WARNING: [Synth 8-7129] Port nfft[2] in module so_run_addr_gen_left_shift is either unconnected or has no load
WARNING: [Synth 8-7129] Port nfft[1] in module so_run_addr_gen_left_shift is either unconnected or has no load
WARNING: [Synth 8-7129] Port nfft[0] in module so_run_addr_gen_left_shift is either unconnected or has no load
WARNING: [Synth 8-7129] Port D[0] in module shift_ram__parameterized38 is either unconnected or has no load
WARNING: [Synth 8-7129] Port COMBI_SCLR in module shift_ram__parameterized38 is either unconnected or has no load
WARNING: [Synth 8-7129] Port DEPTHx2 in module shift_ram__parameterized38 is either unconnected or has no load
WARNING: [Synth 8-7129] Port D1 in module shift_ram__parameterized75 is either unconnected or has no load
WARNING: [Synth 8-7129] Port SCLR in module shift_ram__parameterized75 is either unconnected or has no load
WARNING: [Synth 8-7129] Port COMBI_SCLR in module shift_ram__parameterized75 is either unconnected or has no load
WARNING: [Synth 8-7129] Port DEPTHx2 in module shift_ram__parameterized75 is either unconnected or has no load
WARNING: [Synth 8-7129] Port Q1 in module shift_ram__parameterized0 is either unconnected or has no load
WARNING: [Synth 8-7129] Port D1 in module shift_ram__parameterized0 is either unconnected or has no load
WARNING: [Synth 8-7129] Port COMBI_SCLR in module shift_ram__parameterized0 is either unconnected or has no load
WARNING: [Synth 8-7129] Port DEPTHx2 in module shift_ram__parameterized0 is either unconnected or has no load
WARNING: [Synth 8-7129] Port D1 in module shift_ram__parameterized74 is either unconnected or has no load
WARNING: [Synth 8-7129] Port DEPTHx2 in module shift_ram__parameterized74 is either unconnected or has no load
WARNING: [Synth 8-7129] Port D[0] in module shift_ram__parameterized5 is either unconnected or has no load
WARNING: [Synth 8-7129] Port COMBI_SCLR in module shift_ram__parameterized5 is either unconnected or has no load
WARNING: [Synth 8-7129] Port DEPTHx2 in module shift_ram__parameterized5 is either unconnected or has no load
WARNING: [Synth 8-7129] Port MUXCY_IN in module equ_rtl is either unconnected or has no load
WARNING: [Synth 8-7129] Port AINIT in module c_reg_fd_v12_0_6_viv is either unconnected or has no load
WARNING: [Synth 8-7129] Port ACLR in module c_reg_fd_v12_0_6_viv is either unconnected or has no load
WARNING: [Synth 8-7129] Port ASET in module c_reg_fd_v12_0_6_viv is either unconnected or has no load
WARNING: [Synth 8-7129] Port SINIT in module c_reg_fd_v12_0_6_viv is either unconnected or has no load
WARNING: [Synth 8-7129] Port SSET in module c_reg_fd_v12_0_6_viv is either unconnected or has no load
WARNING: [Synth 8-7129] Port add in module c_addsub_v12_0_15_lut6_legacy__parameterized9 is either unconnected or has no load
WARNING: [Synth 8-7129] Port bypass in module c_addsub_v12_0_15_lut6_legacy__parameterized9 is either unconnected or has no load
INFO: [Common 17-14] Message 'Synth 8-7129' appears 100 times and further instances of the messages will be disabled. Use the Tcl command set_msg_config to change the current settings.
---------------------------------------------------------------------------------
Finished RTL Elaboration : Time (s): cpu = 00:01:07 ; elapsed = 00:01:24 . Memory (MB): peak = 2912.828 ; gain = 2017.871
---------------------------------------------------------------------------------
---------------------------------------------------------------------------------
Start Handling Custom Attributes
---------------------------------------------------------------------------------
---------------------------------------------------------------------------------
Finished Handling Custom Attributes : Time (s): cpu = 00:01:07 ; elapsed = 00:01:24 . Memory (MB): peak = 2912.828 ; gain = 2017.871
---------------------------------------------------------------------------------
---------------------------------------------------------------------------------
Finished RTL Optimization Phase 1 : Time (s): cpu = 00:01:07 ; elapsed = 00:01:24 . Memory (MB): peak = 2912.828 ; gain = 2017.871
---------------------------------------------------------------------------------
Netlist sorting complete. Time (s): cpu = 00:00:00 ; elapsed = 00:00:00.286 . Memory (MB): peak = 2912.828 ; gain = 0.000
INFO: [Netlist 29-17] Analyzing 3317 Unisim elements for replacement
INFO: [Netlist 29-28] Unisim Transformation completed in 0 CPU seconds
INFO: [Project 1-570] Preparing netlist for logic optimization

Processing XDC Constraints
Initializing timing engine
Parsing XDC File [c:/Users/gm/Vivado Projects/complete_det_final_full_and_red/complete_det_final_full_and_red.gen/sources_1/ip/xfft_1/xfft_1_ooc.xdc] for cell 'U0'
Finished Parsing XDC File [c:/Users/gm/Vivado Projects/complete_det_final_full_and_red/complete_det_final_full_and_red.gen/sources_1/ip/xfft_1/xfft_1_ooc.xdc] for cell 'U0'
Parsing XDC File [C:/Users/gm/Vivado Projects/complete_det_final_full_and_red/complete_det_final_full_and_red.runs/xfft_1_synth_1/dont_touch.xdc]
Finished Parsing XDC File [C:/Users/gm/Vivado Projects/complete_det_final_full_and_red/complete_det_final_full_and_red.runs/xfft_1_synth_1/dont_touch.xdc]
Completed Processing XDC Constraints

Netlist sorting complete. Time (s): cpu = 00:00:00 ; elapsed = 00:00:00.008 . Memory (MB): peak = 2912.828 ; gain = 0.000
INFO: [Project 1-111] Unisim Transformation Summary:
  A total of 805 instances were transformed.
  FD => FDRE: 3 instances
  FDE => FDRE: 773 instances
  FDR => FDRE: 29 instances

Constraint Validation Runtime : Time (s): cpu = 00:00:00 ; elapsed = 00:00:00.268 . Memory (MB): peak = 2912.828 ; gain = 0.000
INFO: [Designutils 20-5008] Incremental synthesis strategy off
---------------------------------------------------------------------------------
Finished Constraint Validation : Time (s): cpu = 00:01:15 ; elapsed = 00:01:33 . Memory (MB): peak = 2912.828 ; gain = 2017.871
---------------------------------------------------------------------------------
---------------------------------------------------------------------------------
Start Loading Part and Timing Information
---------------------------------------------------------------------------------
Loading part: xc7z020clg484-1
---------------------------------------------------------------------------------
Finished Loading Part and Timing Information : Time (s): cpu = 00:01:15 ; elapsed = 00:01:33 . Memory (MB): peak = 2912.828 ; gain = 2017.871
---------------------------------------------------------------------------------
---------------------------------------------------------------------------------
Start Applying 'set_property' XDC Constraints
---------------------------------------------------------------------------------
Applied set_property KEEP_HIERARCHY = SOFT for U0. (constraint file  {C:/Users/gm/Vivado Projects/complete_det_final_full_and_red/complete_det_final_full_and_red.runs/xfft_1_synth_1/dont_touch.xdc}, line 9).
---------------------------------------------------------------------------------
Finished applying 'set_property' XDC Constraints : Time (s): cpu = 00:01:15 ; elapsed = 00:01:33 . Memory (MB): peak = 2912.828 ; gain = 2017.871
---------------------------------------------------------------------------------
---------------------------------------------------------------------------------
Finished RTL Optimization Phase 2 : Time (s): cpu = 00:01:19 ; elapsed = 00:01:37 . Memory (MB): peak = 2912.828 ; gain = 2017.871
---------------------------------------------------------------------------------
INFO: [Synth 8-223] decloning instance 'U0/i_synth/xfft_inst/non_floating_point.arch_d.xfft_inst/FLOW/reset_sustain.resets_4_pes[3].delay_reset_pe/tc_compare' (logic_gate) to 'U0/i_synth/xfft_inst/non_floating_point.arch_d.xfft_inst/FLOW/reset_sustain.resets_4_pes[3].delay_reset_pe/tc_compare1'
INFO: [Synth 8-223] decloning instance 'U0/i_synth/xfft_inst/non_floating_point.arch_d.xfft_inst/FLOW/reset_sustain.resets_4_pes[2].delay_reset_pe/tc_compare' (logic_gate__parameterized0) to 'U0/i_synth/xfft_inst/non_floating_point.arch_d.xfft_inst/FLOW/reset_sustain.resets_4_pes[2].delay_reset_pe/tc_compare1'
INFO: [Synth 8-223] decloning instance 'U0/i_synth/xfft_inst/non_floating_point.arch_d.xfft_inst/FLOW/reset_sustain.resets_4_pes[1].delay_reset_pe/tc_compare' (logic_gate__parameterized1) to 'U0/i_synth/xfft_inst/non_floating_point.arch_d.xfft_inst/FLOW/reset_sustain.resets_4_pes[1].delay_reset_pe/tc_compare1'
INFO: [Synth 8-223] decloning instance 'U0/i_synth/xfft_inst/non_floating_point.arch_d.xfft_inst/FLOW/reset_sustain.resets_4_pes[0].delay_reset_pe/tc_compare' (logic_gate__parameterized2) to 'U0/i_synth/xfft_inst/non_floating_point.arch_d.xfft_inst/FLOW/reset_sustain.resets_4_pes[0].delay_reset_pe/tc_compare1'
INFO: [Synth 8-223] decloning instance 'U0/i_synth/xfft_inst/non_floating_point.arch_d.xfft_inst/FLOW/reset_sustain.delay_reset_3/tc_compare' (logic_gate__parameterized3) to 'U0/i_synth/xfft_inst/non_floating_point.arch_d.xfft_inst/FLOW/reset_sustain.delay_reset_3/tc_compare1'
INFO: [Synth 8-223] decloning instance 'U0/i_synth/xfft_inst/non_floating_point.arch_d.xfft_inst/FLOW/reset_sustain.delay_reset_7/tc_compare' (logic_gate__parameterized4) to 'U0/i_synth/xfft_inst/non_floating_point.arch_d.xfft_inst/FLOW/reset_sustain.delay_reset_7/tc_compare1'
INFO: [Synth 8-223] decloning instance 'U0/i_synth/xfft_inst/non_floating_point.arch_d.xfft_inst/pe_gen[0].natural_order_input.PE/FB_1.BF_1/yes_nfft.bypass_reg' (shift_ram__parameterized12) to 'U0/i_synth/xfft_inst/non_floating_point.arch_d.xfft_inst/pe_gen[0].natural_order_input.PE/FB_1.BF_1/yes_nfft.bypass_1_reg'
INFO: [Synth 8-223] decloning instance 'U0/i_synth/xfft_inst/non_floating_point.arch_d.xfft_inst/pe_gen[0].natural_order_input.PE/FB_1.BF_1/yes_nfft.bypass_reg' (shift_ram__parameterized12) to 'U0/i_synth/xfft_inst/non_floating_point.arch_d.xfft_inst/pe_gen[0].natural_order_input.PE/FB_1.BF_1/yes_nfft.bypass_2_reg'
INFO: [Synth 8-223] decloning instance 'U0/i_synth/xfft_inst/non_floating_point.arch_d.xfft_inst/pe_gen[0].natural_order_input.PE/FB_1.BF_1/yes_nfft.bypass_reg' (shift_ram__parameterized12) to 'U0/i_synth/xfft_inst/non_floating_point.arch_d.xfft_inst/pe_gen[0].natural_order_input.PE/FB_1.BF_1/yes_nfft.bypass_3_reg'
INFO: [Synth 8-223] decloning instance 'U0/i_synth/xfft_inst/non_floating_point.arch_d.xfft_inst/pe_gen[0].natural_order_input.PE/hasbf2.FB_2.BF_2/yes_nfft.bypass_reg' (shift_ram__parameterized12) to 'U0/i_synth/xfft_inst/non_floating_point.arch_d.xfft_inst/pe_gen[0].natural_order_input.PE/hasbf2.FB_2.BF_2/yes_nfft.bypass_1_reg'
INFO: [Synth 8-223] decloning instance 'U0/i_synth/xfft_inst/non_floating_point.arch_d.xfft_inst/pe_gen[0].natural_order_input.PE/hasbf2.FB_2.BF_2/yes_nfft.bypass_reg' (shift_ram__parameterized12) to 'U0/i_synth/xfft_inst/non_floating_point.arch_d.xfft_inst/pe_gen[0].natural_order_input.PE/hasbf2.FB_2.BF_2/yes_nfft.bypass_2_reg'
INFO: [Synth 8-223] decloning instance 'U0/i_synth/xfft_inst/non_floating_point.arch_d.xfft_inst/pe_gen[0].natural_order_input.PE/hasbf2.FB_2.BF_2/yes_nfft.bypass_reg' (shift_ram__parameterized12) to 'U0/i_synth/xfft_inst/non_floating_point.arch_d.xfft_inst/pe_gen[0].natural_order_input.PE/hasbf2.FB_2.BF_2/yes_nfft.bypass_3_reg'
INFO: [Synth 8-223] decloning instance 'U0/i_synth/xfft_inst/non_floating_point.arch_d.xfft_inst/pe_gen[3].natural_order_input.PE/SR2' (shift_ram__parameterized69) to 'U0/i_synth/xfft_inst/non_floating_point.arch_d.xfft_inst/pe_gen[3].natural_order_input.PE/SR3'
---------------------------------------------------------------------------------
Start RTL Component Statistics 
---------------------------------------------------------------------------------
---------------------------------------------------------------------------------
Finished RTL Component Statistics 
---------------------------------------------------------------------------------
---------------------------------------------------------------------------------
Start Part Resource Summary
---------------------------------------------------------------------------------
Part Resources:
DSPs: 220 (col length:60)
BRAMs: 280 (col length: RAMB18 60 RAMB36 30)
---------------------------------------------------------------------------------
Finished Part Resource Summary
---------------------------------------------------------------------------------
---------------------------------------------------------------------------------
Start Cross Boundary and Area Optimization
---------------------------------------------------------------------------------
WARNING: [Synth 8-7080] Parallel synthesis criteria is not met
INFO: [Synth 8-3332] Sequential element (xfft_inst/non_floating_point.arch_d.xfft_inst/FLOW/reset_sustain.resets_4_pes[3].delay_reset_pe/tc_reg1) is unused and will be removed from module xfft_v9_1_9_viv.
INFO: [Synth 8-3332] Sequential element (xfft_inst/non_floating_point.arch_d.xfft_inst/FLOW/reset_sustain.resets_4_pes[2].delay_reset_pe/tc_reg1) is unused and will be removed from module xfft_v9_1_9_viv.
INFO: [Synth 8-3332] Sequential element (xfft_inst/non_floating_point.arch_d.xfft_inst/FLOW/reset_sustain.resets_4_pes[1].delay_reset_pe/tc_reg1) is unused and will be removed from module xfft_v9_1_9_viv.
INFO: [Synth 8-3332] Sequential element (xfft_inst/non_floating_point.arch_d.xfft_inst/FLOW/reset_sustain.resets_4_pes[0].delay_reset_pe/tc_reg1) is unused and will be removed from module xfft_v9_1_9_viv.
INFO: [Synth 8-3332] Sequential element (xfft_inst/non_floating_point.arch_d.xfft_inst/FLOW/reset_sustain.delay_reset_7/tc_reg1) is unused and will be removed from module xfft_v9_1_9_viv.
INFO: [Synth 8-3332] Sequential element (xfft_inst/non_floating_point.arch_d.xfft_inst/FLOW/has_nfft.counter_limit_reg[15].max_n_int_minus_one_ff) is unused and will be removed from module xfft_v9_1_9_viv.
INFO: [Synth 8-3332] Sequential element (xfft_inst/non_floating_point.arch_d.xfft_inst/FLOW/has_nfft.counter_limit_reg[14].max_n_int_minus_one_ff) is unused and will be removed from module xfft_v9_1_9_viv.
INFO: [Synth 8-3332] Sequential element (xfft_inst/non_floating_point.arch_d.xfft_inst/FLOW/has_nfft.counter_limit_reg[13].max_n_int_minus_one_ff) is unused and will be removed from module xfft_v9_1_9_viv.
INFO: [Synth 8-3332] Sequential element (xfft_inst/non_floating_point.arch_d.xfft_inst/FLOW/has_nfft.counter_limit_reg[12].max_n_int_minus_one_ff) is unused and will be removed from module xfft_v9_1_9_viv.
INFO: [Synth 8-3332] Sequential element (xfft_inst/non_floating_point.arch_d.xfft_inst/FLOW/has_nfft.counter_limit_reg[11].max_n_int_minus_one_ff) is unused and will be removed from module xfft_v9_1_9_viv.
INFO: [Synth 8-3332] Sequential element (xfft_inst/non_floating_point.arch_d.xfft_inst/FLOW/has_nfft.counter_limit_reg[10].max_n_int_minus_one_ff) is unused and will be removed from module xfft_v9_1_9_viv.
INFO: [Synth 8-3332] Sequential element (xfft_inst/non_floating_point.arch_d.xfft_inst/FLOW/has_nfft.counter_limit_reg[9].max_n_int_minus_one_ff) is unused and will be removed from module xfft_v9_1_9_viv.
INFO: [Synth 8-3332] Sequential element (xfft_inst/non_floating_point.arch_d.xfft_inst/FLOW/has_nfft.counter_limit_reg[8].max_n_int_minus_one_ff) is unused and will be removed from module xfft_v9_1_9_viv.
INFO: [Synth 8-3332] Sequential element (xfft_inst/non_floating_point.arch_d.xfft_inst/FLOW/has_nfft.counter_limit_reg[7].max_n_int_minus_one_ff) is unused and will be removed from module xfft_v9_1_9_viv.
INFO: [Synth 8-3332] Sequential element (xfft_inst/non_floating_point.arch_d.xfft_inst/FLOW/has_nfft.counter_limit_reg[0].max_n_int_minus_one_ff) is unused and will be removed from module xfft_v9_1_9_viv.
INFO: [Synth 8-3332] Sequential element (xfft_inst/non_floating_point.arch_d.xfft_inst/FLOW/has_nfft.counter_limit_early_reg[15].max_n_int_minus_one_ff) is unused and will be removed from module xfft_v9_1_9_viv.
INFO: [Synth 8-3332] Sequential element (xfft_inst/non_floating_point.arch_d.xfft_inst/FLOW/has_nfft.counter_limit_early_reg[14].max_n_int_minus_one_ff) is unused and will be removed from module xfft_v9_1_9_viv.
INFO: [Synth 8-3332] Sequential element (xfft_inst/non_floating_point.arch_d.xfft_inst/FLOW/has_nfft.counter_limit_early_reg[13].max_n_int_minus_one_ff) is unused and will be removed from module xfft_v9_1_9_viv.
INFO: [Synth 8-3332] Sequential element (xfft_inst/non_floating_point.arch_d.xfft_inst/FLOW/has_nfft.counter_limit_early_reg[12].max_n_int_minus_one_ff) is unused and will be removed from module xfft_v9_1_9_viv.
INFO: [Synth 8-3332] Sequential element (xfft_inst/non_floating_point.arch_d.xfft_inst/FLOW/has_nfft.counter_limit_early_reg[11].max_n_int_minus_one_ff) is unused and will be removed from module xfft_v9_1_9_viv.
INFO: [Synth 8-3332] Sequential element (xfft_inst/non_floating_point.arch_d.xfft_inst/FLOW/has_nfft.counter_limit_early_reg[10].max_n_int_minus_one_ff) is unused and will be removed from module xfft_v9_1_9_viv.
INFO: [Synth 8-3332] Sequential element (xfft_inst/non_floating_point.arch_d.xfft_inst/FLOW/has_nfft.counter_limit_early_reg[9].max_n_int_minus_one_ff) is unused and will be removed from module xfft_v9_1_9_viv.
INFO: [Synth 8-3332] Sequential element (xfft_inst/non_floating_point.arch_d.xfft_inst/FLOW/has_nfft.counter_limit_early_reg[8].max_n_int_minus_one_ff) is unused and will be removed from module xfft_v9_1_9_viv.
INFO: [Synth 8-3332] Sequential element (xfft_inst/non_floating_point.arch_d.xfft_inst/FLOW/has_nfft.counter_limit_early_reg[7].max_n_int_minus_one_ff) is unused and will be removed from module xfft_v9_1_9_viv.
INFO: [Synth 8-3332] Sequential element (xfft_inst/non_floating_point.arch_d.xfft_inst/FLOW/has_nfft.counter_limit_early_reg[1].max_n_int_minus_one_ff) is unused and will be removed from module xfft_v9_1_9_viv.
INFO: [Synth 8-3332] Sequential element (xfft_inst/non_floating_point.arch_d.xfft_inst/pe0_bf1_addr_gen/no_sclr_lut.real_shift_ram.use_baseblock.use_hlutnm_srls.srl_loop[0].i_fdre0) is unused and will be removed from module xfft_v9_1_9_viv.
INFO: [Synth 8-3332] Sequential element (xfft_inst/non_floating_point.arch_d.xfft_inst/pe_gen[0].natural_order_input.PE/has_scale_pipelining.pe_ovflo_delay/no_sclr_lut.real_shift_ram.use_baseblock.use_hlutnm_srls.runt_srl_loop.i_fdre) is unused and will be removed from module xfft_v9_1_9_viv.
INFO: [Synth 8-3332] Sequential element (xfft_inst/non_floating_point.arch_d.xfft_inst/pe_gen[0].natural_order_input.PE/delay_addr_bf2/no_sclr_lut.real_shift_ram.use_baseblock.use_hlutnm_srls.srl_loop[0].i_fdre0) is unused and will be removed from module xfft_v9_1_9_viv.
INFO: [Synth 8-3332] Sequential element (xfft_inst/non_floating_point.arch_d.xfft_inst/pe_gen[0].natural_order_input.PE/delay_addr_bf2/no_sclr_lut.real_shift_ram.use_baseblock.use_hlutnm_srls.srl_loop[0].i_fdre1) is unused and will be removed from module xfft_v9_1_9_viv.
INFO: [Synth 8-3332] Sequential element (xfft_inst/non_floating_point.arch_d.xfft_inst/pe_gen[0].natural_order_input.PE/delay_addr_bf2/no_sclr_lut.real_shift_ram.use_baseblock.use_hlutnm_srls.srl_loop[1].i_fdre0) is unused and will be removed from module xfft_v9_1_9_viv.
INFO: [Synth 8-3332] Sequential element (xfft_inst/non_floating_point.arch_d.xfft_inst/pe_gen[0].natural_order_input.PE/delay_addr_bf2/no_sclr_lut.real_shift_ram.use_baseblock.use_hlutnm_srls.srl_loop[1].i_fdre1) is unused and will be removed from module xfft_v9_1_9_viv.
INFO: [Synth 8-3332] Sequential element (xfft_inst/non_floating_point.arch_d.xfft_inst/pe_gen[0].natural_order_input.PE/delay_addr_tw/no_sclr_lut.real_shift_ram.use_baseblock.use_hlutnm_srls.srl_loop[0].i_fdre0) is unused and will be removed from module xfft_v9_1_9_viv.
INFO: [Synth 8-3332] Sequential element (xfft_inst/non_floating_point.arch_d.xfft_inst/pe_gen[0].natural_order_input.PE/delay_addr_tw/no_sclr_lut.real_shift_ram.use_baseblock.use_hlutnm_srls.srl_loop[0].i_fdre1) is unused and will be removed from module xfft_v9_1_9_viv.
INFO: [Synth 8-3332] Sequential element (xfft_inst/non_floating_point.arch_d.xfft_inst/pe_gen[0].natural_order_input.PE/delay_addr_tw/no_sclr_lut.real_shift_ram.use_baseblock.use_hlutnm_srls.srl_loop[1].i_fdre0) is unused and will be removed from module xfft_v9_1_9_viv.
INFO: [Synth 8-3332] Sequential element (xfft_inst/non_floating_point.arch_d.xfft_inst/pe_gen[0].natural_order_input.PE/delay_addr_tw/no_sclr_lut.real_shift_ram.use_baseblock.use_hlutnm_srls.srl_loop[1].i_fdre1) is unused and will be removed from module xfft_v9_1_9_viv.
INFO: [Synth 8-3332] Sequential element (xfft_inst/non_floating_point.arch_d.xfft_inst/pe_gen[0].natural_order_input.PE/delay_addr_tw/no_sclr_lut.real_shift_ram.use_baseblock.use_hlutnm_srls.srl_loop[2].i_fdre0) is unused and will be removed from module xfft_v9_1_9_viv.
INFO: [Synth 8-3332] Sequential element (xfft_inst/non_floating_point.arch_d.xfft_inst/pe_gen[0].natural_order_input.PE/delay_addr_tw/no_sclr_lut.real_shift_ram.use_baseblock.use_hlutnm_srls.srl_loop[2].i_fdre1) is unused and will be removed from module xfft_v9_1_9_viv.
INFO: [Synth 8-3332] Sequential element (xfft_inst/non_floating_point.arch_d.xfft_inst/pe_gen[0].natural_order_input.PE/delay_addr_tw/no_sclr_lut.real_shift_ram.use_baseblock.use_hlutnm_srls.runt_srl_loop.i_fdre) is unused and will be removed from module xfft_v9_1_9_viv.
INFO: [Synth 8-3332] Sequential element (xfft_inst/non_floating_point.arch_d.xfft_inst/pe_gen[0].natural_order_input.PE/FB_1.BF_1/wr_addr_del/no_sclr_lut.real_shift_ram.use_baseblock.use_hlutnm_srls.srl_loop[0].i_fdre0) is unused and will be removed from module xfft_v9_1_9_viv.
INFO: [Synth 8-3332] Sequential element (xfft_inst/non_floating_point.arch_d.xfft_inst/pe_gen[0].natural_order_input.PE/FB_1.BF_1/wr_addr_del/no_sclr_lut.real_shift_ram.use_baseblock.use_hlutnm_srls.srl_loop[0].i_fdre1) is unused and will be removed from module xfft_v9_1_9_viv.
INFO: [Synth 8-3332] Sequential element (xfft_inst/non_floating_point.arch_d.xfft_inst/pe_gen[0].natural_order_input.PE/FB_1.BF_1/wr_addr_del/no_sclr_lut.real_shift_ram.use_baseblock.use_hlutnm_srls.srl_loop[1].i_fdre0) is unused and will be removed from module xfft_v9_1_9_viv.
INFO: [Synth 8-3332] Sequential element (xfft_inst/non_floating_point.arch_d.xfft_inst/pe_gen[0].natural_order_input.PE/FB_1.BF_1/wr_addr_del/no_sclr_lut.real_shift_ram.use_baseblock.use_hlutnm_srls.srl_loop[1].i_fdre1) is unused and will be removed from module xfft_v9_1_9_viv.
INFO: [Synth 8-3332] Sequential element (xfft_inst/non_floating_point.arch_d.xfft_inst/pe_gen[0].natural_order_input.PE/FB_1.BF_1/wr_addr_del/no_sclr_lut.real_shift_ram.use_baseblock.use_hlutnm_srls.srl_loop[2].i_fdre0) is unused and will be removed from module xfft_v9_1_9_viv.
INFO: [Synth 8-3332] Sequential element (xfft_inst/non_floating_point.arch_d.xfft_inst/pe_gen[0].natural_order_input.PE/FB_1.BF_1/wr_addr_del/no_sclr_lut.real_shift_ram.use_baseblock.use_hlutnm_srls.srl_loop[2].i_fdre1) is unused and will be removed from module xfft_v9_1_9_viv.
INFO: [Synth 8-3332] Sequential element (xfft_inst/non_floating_point.arch_d.xfft_inst/pe_gen[0].natural_order_input.PE/hasbf2.FB_2.BF_2/wr_addr_del/no_sclr_lut.real_shift_ram.use_baseblock.use_hlutnm_srls.srl_loop[0].i_fdre0) is unused and will be removed from module xfft_v9_1_9_viv.
INFO: [Synth 8-3332] Sequential element (xfft_inst/non_floating_point.arch_d.xfft_inst/pe_gen[0].natural_order_input.PE/hasbf2.FB_2.BF_2/wr_addr_del/no_sclr_lut.real_shift_ram.use_baseblock.use_hlutnm_srls.srl_loop[0].i_fdre1) is unused and will be removed from module xfft_v9_1_9_viv.
INFO: [Synth 8-3332] Sequential element (xfft_inst/non_floating_point.arch_d.xfft_inst/pe_gen[0].natural_order_input.PE/hasbf2.FB_2.BF_2/wr_addr_del/no_sclr_lut.real_shift_ram.use_baseblock.use_hlutnm_srls.srl_loop[1].i_fdre0) is unused and will be removed from module xfft_v9_1_9_viv.
INFO: [Synth 8-3332] Sequential element (xfft_inst/non_floating_point.arch_d.xfft_inst/pe_gen[0].natural_order_input.PE/hasbf2.FB_2.BF_2/wr_addr_del/no_sclr_lut.real_shift_ram.use_baseblock.use_hlutnm_srls.srl_loop[1].i_fdre1) is unused and will be removed from module xfft_v9_1_9_viv.
INFO: [Synth 8-3332] Sequential element (xfft_inst/non_floating_point.arch_d.xfft_inst/pe_gen[0].natural_order_input.PE/hasbf2.FB_2.BF_2/wr_addr_del/no_sclr_lut.real_shift_ram.use_baseblock.use_hlutnm_srls.runt_srl_loop.i_fdre) is unused and will be removed from module xfft_v9_1_9_viv.
INFO: [Synth 8-3332] Sequential element (xfft_inst/non_floating_point.arch_d.xfft_inst/pe_gen[0].natural_order_input.PE/scaling2bits.scaler_re/scale_mux/four_inputs.use_lut6.no_lut_sclr.four_to_one_mux[42].latency1.reg) is unused and will be removed from module xfft_v9_1_9_viv.
INFO: [Synth 8-3332] Sequential element (xfft_inst/non_floating_point.arch_d.xfft_inst/pe_gen[0].natural_order_input.PE/scaling2bits.scaler_re/scale_mux/four_inputs.use_lut6.no_lut_sclr.four_to_one_mux[41].latency1.reg) is unused and will be removed from module xfft_v9_1_9_viv.
INFO: [Synth 8-3332] Sequential element (xfft_inst/non_floating_point.arch_d.xfft_inst/pe_gen[0].natural_order_input.PE/scaling2bits.scaler_re/scale_mux/four_inputs.use_lut6.no_lut_sclr.four_to_one_mux[40].latency1.reg) is unused and will be removed from module xfft_v9_1_9_viv.
INFO: [Synth 8-3332] Sequential element (xfft_inst/non_floating_point.arch_d.xfft_inst/pe_gen[0].natural_order_input.PE/scaling2bits.scaler_im/scale_mux/four_inputs.use_lut6.no_lut_sclr.four_to_one_mux[42].latency1.reg) is unused and will be removed from module xfft_v9_1_9_viv.
INFO: [Synth 8-3332] Sequential element (xfft_inst/non_floating_point.arch_d.xfft_inst/pe_gen[0].natural_order_input.PE/scaling2bits.scaler_im/scale_mux/four_inputs.use_lut6.no_lut_sclr.four_to_one_mux[41].latency1.reg) is unused and will be removed from module xfft_v9_1_9_viv.
INFO: [Synth 8-3332] Sequential element (xfft_inst/non_floating_point.arch_d.xfft_inst/pe_gen[0].natural_order_input.PE/scaling2bits.scaler_im/scale_mux/four_inputs.use_lut6.no_lut_sclr.four_to_one_mux[40].latency1.reg) is unused and will be removed from module xfft_v9_1_9_viv.
INFO: [Synth 8-3332] Sequential element (xfft_inst/non_floating_point.arch_d.xfft_inst/pe_gen[0].natural_order_input.PE/rounding.ROUND_0/reg_gate.delay_d_2/no_sclr_lut.real_shift_ram.use_baseblock.use_hlutnm_srls.srl_loop[0].i_fdre0) is unused and will be removed from module xfft_v9_1_9_viv.
INFO: [Synth 8-3332] Sequential element (xfft_inst/non_floating_point.arch_d.xfft_inst/pe_gen[0].natural_order_input.PE/rounding.ROUND_1/reg_gate.delay_d_2/no_sclr_lut.real_shift_ram.use_baseblock.use_hlutnm_srls.srl_loop[0].i_fdre0) is unused and will be removed from module xfft_v9_1_9_viv.
INFO: [Synth 8-3332] Sequential element (xfft_inst/non_floating_point.arch_d.xfft_inst/pe_gen[0].natural_order_input.PE/has_scale_pipelining.has_tw_scale_reg.tw_scale_reg_gen[7].tw_scale_reg) is unused and will be removed from module xfft_v9_1_9_viv.
INFO: [Synth 8-3332] Sequential element (xfft_inst/non_floating_point.arch_d.xfft_inst/pe_gen[1].natural_order_input.PE/scaling2bits.scaler_re/scale_mux/four_inputs.use_lut6.no_lut_sclr.four_to_one_mux[42].latency1.reg) is unused and will be removed from module xfft_v9_1_9_viv.
INFO: [Synth 8-3332] Sequential element (xfft_inst/non_floating_point.arch_d.xfft_inst/pe_gen[1].natural_order_input.PE/scaling2bits.scaler_re/scale_mux/four_inputs.use_lut6.no_lut_sclr.four_to_one_mux[41].latency1.reg) is unused and will be removed from module xfft_v9_1_9_viv.
INFO: [Synth 8-3332] Sequential element (xfft_inst/non_floating_point.arch_d.xfft_inst/pe_gen[1].natural_order_input.PE/scaling2bits.scaler_re/scale_mux/four_inputs.use_lut6.no_lut_sclr.four_to_one_mux[40].latency1.reg) is unused and will be removed from module xfft_v9_1_9_viv.
INFO: [Synth 8-3332] Sequential element (xfft_inst/non_floating_point.arch_d.xfft_inst/pe_gen[1].natural_order_input.PE/scaling2bits.scaler_im/scale_mux/four_inputs.use_lut6.no_lut_sclr.four_to_one_mux[42].latency1.reg) is unused and will be removed from module xfft_v9_1_9_viv.
INFO: [Synth 8-3332] Sequential element (xfft_inst/non_floating_point.arch_d.xfft_inst/pe_gen[1].natural_order_input.PE/scaling2bits.scaler_im/scale_mux/four_inputs.use_lut6.no_lut_sclr.four_to_one_mux[41].latency1.reg) is unused and will be removed from module xfft_v9_1_9_viv.
INFO: [Synth 8-3332] Sequential element (xfft_inst/non_floating_point.arch_d.xfft_inst/pe_gen[1].natural_order_input.PE/scaling2bits.scaler_im/scale_mux/four_inputs.use_lut6.no_lut_sclr.four_to_one_mux[40].latency1.reg) is unused and will be removed from module xfft_v9_1_9_viv.
INFO: [Synth 8-3332] Sequential element (xfft_inst/non_floating_point.arch_d.xfft_inst/pe_gen[1].natural_order_input.PE/rounding.ROUND_0/reg_gate.delay_d_2/no_sclr_lut.real_shift_ram.use_baseblock.use_hlutnm_srls.srl_loop[0].i_fdre0) is unused and will be removed from module xfft_v9_1_9_viv.
INFO: [Synth 8-3332] Sequential element (xfft_inst/non_floating_point.arch_d.xfft_inst/pe_gen[1].natural_order_input.PE/rounding.ROUND_1/reg_gate.delay_d_2/no_sclr_lut.real_shift_ram.use_baseblock.use_hlutnm_srls.srl_loop[0].i_fdre0) is unused and will be removed from module xfft_v9_1_9_viv.
INFO: [Synth 8-3332] Sequential element (xfft_inst/non_floating_point.arch_d.xfft_inst/pe_gen[1].natural_order_input.PE/addr_select.bf1_addr_mux_gen[2].reg) is unused and will be removed from module xfft_v9_1_9_viv.
INFO: [Synth 8-3332] Sequential element (xfft_inst/non_floating_point.arch_d.xfft_inst/pe_gen[1].natural_order_input.PE/addr_select.bf1_addr_mux_gen[1].reg) is unused and will be removed from module xfft_v9_1_9_viv.
INFO: [Synth 8-3332] Sequential element (xfft_inst/non_floating_point.arch_d.xfft_inst/pe_gen[1].natural_order_input.PE/addr_select.bf1_addr_mux_gen[0].reg) is unused and will be removed from module xfft_v9_1_9_viv.
INFO: [Synth 8-3332] Sequential element (xfft_inst/non_floating_point.arch_d.xfft_inst/pe_gen[1].natural_order_input.PE/has_scale_pipelining.scale_select.scale_mux_gen[5].reg) is unused and will be removed from module xfft_v9_1_9_viv.
INFO: [Synth 8-3332] Sequential element (xfft_inst/non_floating_point.arch_d.xfft_inst/pe_gen[1].natural_order_input.PE/has_scale_pipelining.has_tw_scale_reg.tw_scale_reg_gen[5].tw_scale_reg) is unused and will be removed from module xfft_v9_1_9_viv.
INFO: [Synth 8-3332] Sequential element (xfft_inst/non_floating_point.arch_d.xfft_inst/pe_gen[2].natural_order_input.PE/delay_addr_tw/no_sclr_lut.real_shift_ram.use_baseblock.use_hlutnm_srls.srl_loop[0].i_fdre0) is unused and will be removed from module xfft_v9_1_9_viv.
INFO: [Synth 8-3332] Sequential element (xfft_inst/non_floating_point.arch_d.xfft_inst/pe_gen[2].natural_order_input.PE/delay_addr_tw/no_sclr_lut.real_shift_ram.use_baseblock.use_hlutnm_srls.srl_loop[0].i_fdre1) is unused and will be removed from module xfft_v9_1_9_viv.
INFO: [Synth 8-3332] Sequential element (xfft_inst/non_floating_point.arch_d.xfft_inst/pe_gen[2].natural_order_input.PE/delay_addr_tw/no_sclr_lut.real_shift_ram.use_baseblock.use_hlutnm_srls.runt_srl_loop.i_fdre) is unused and will be removed from module xfft_v9_1_9_viv.
INFO: [Synth 8-3332] Sequential element (xfft_inst/non_floating_point.arch_d.xfft_inst/pe_gen[2].natural_order_input.PE/scaling2bits.scaler_re/scale_mux/four_inputs.use_lut6.no_lut_sclr.four_to_one_mux[42].latency1.reg) is unused and will be removed from module xfft_v9_1_9_viv.
INFO: [Synth 8-3332] Sequential element (xfft_inst/non_floating_point.arch_d.xfft_inst/pe_gen[2].natural_order_input.PE/scaling2bits.scaler_re/scale_mux/four_inputs.use_lut6.no_lut_sclr.four_to_one_mux[41].latency1.reg) is unused and will be removed from module xfft_v9_1_9_viv.
INFO: [Synth 8-3332] Sequential element (xfft_inst/non_floating_point.arch_d.xfft_inst/pe_gen[2].natural_order_input.PE/scaling2bits.scaler_re/scale_mux/four_inputs.use_lut6.no_lut_sclr.four_to_one_mux[40].latency1.reg) is unused and will be removed from module xfft_v9_1_9_viv.
INFO: [Synth 8-3332] Sequential element (xfft_inst/non_floating_point.arch_d.xfft_inst/pe_gen[2].natural_order_input.PE/scaling2bits.scaler_im/scale_mux/four_inputs.use_lut6.no_lut_sclr.four_to_one_mux[42].latency1.reg) is unused and will be removed from module xfft_v9_1_9_viv.
INFO: [Synth 8-3332] Sequential element (xfft_inst/non_floating_point.arch_d.xfft_inst/pe_gen[2].natural_order_input.PE/scaling2bits.scaler_im/scale_mux/four_inputs.use_lut6.no_lut_sclr.four_to_one_mux[41].latency1.reg) is unused and will be removed from module xfft_v9_1_9_viv.
INFO: [Synth 8-3332] Sequential element (xfft_inst/non_floating_point.arch_d.xfft_inst/pe_gen[2].natural_order_input.PE/scaling2bits.scaler_im/scale_mux/four_inputs.use_lut6.no_lut_sclr.four_to_one_mux[40].latency1.reg) is unused and will be removed from module xfft_v9_1_9_viv.
INFO: [Synth 8-3332] Sequential element (xfft_inst/non_floating_point.arch_d.xfft_inst/pe_gen[2].natural_order_input.PE/rounding.ROUND_0/reg_gate.delay_d_2/no_sclr_lut.real_shift_ram.use_baseblock.use_hlutnm_srls.srl_loop[0].i_fdre0) is unused and will be removed from module xfft_v9_1_9_viv.
INFO: [Synth 8-3332] Sequential element (xfft_inst/non_floating_point.arch_d.xfft_inst/pe_gen[2].natural_order_input.PE/rounding.ROUND_1/reg_gate.delay_d_2/no_sclr_lut.real_shift_ram.use_baseblock.use_hlutnm_srls.srl_loop[0].i_fdre0) is unused and will be removed from module xfft_v9_1_9_viv.
INFO: [Synth 8-3332] Sequential element (xfft_inst/non_floating_point.arch_d.xfft_inst/pe_gen[2].natural_order_input.PE/addr_select.bf1_addr_mux_gen[0].reg) is unused and will be removed from module xfft_v9_1_9_viv.
INFO: [Synth 8-3332] Sequential element (xfft_inst/non_floating_point.arch_d.xfft_inst/pe_gen[2].natural_order_input.PE/has_scale_pipelining.scale_select.scale_mux_gen[3].reg) is unused and will be removed from module xfft_v9_1_9_viv.
INFO: [Synth 8-3332] Sequential element (xfft_inst/non_floating_point.arch_d.xfft_inst/pe_gen[2].natural_order_input.PE/has_scale_pipelining.has_tw_scale_reg.tw_scale_reg_gen[3].tw_scale_reg) is unused and will be removed from module xfft_v9_1_9_viv.
INFO: [Synth 8-3332] Sequential element (xfft_inst/non_floating_point.arch_d.xfft_inst/pe_gen[3].natural_order_input.PE/has_scale_pipelining.pe_scale_delay/no_sclr_lut.real_shift_ram.use_baseblock.use_hlutnm_srls.srl_loop[0].i_fdre1) is unused and will be removed from module xfft_v9_1_9_viv.
INFO: [Synth 8-3332] Sequential element (xfft_inst/non_floating_point.arch_d.xfft_inst/pe_gen[3].natural_order_input.PE/has_scale_pipelining.pe_ovflo_delay/no_sclr_lut.real_shift_ram.use_baseblock.use_hlutnm_srls.runt_srl_loop.i_fdre) is unused and will be removed from module xfft_v9_1_9_viv.
INFO: [Synth 8-3332] Sequential element (xfft_inst/non_floating_point.arch_d.xfft_inst/pe_gen[3].natural_order_input.PE/delay_addr_bf2/no_sclr_lut.real_shift_ram.use_baseblock.use_hlutnm_srls.runt_srl_loop.i_fdre) is unused and will be removed from module xfft_v9_1_9_viv.
INFO: [Synth 8-3332] Sequential element (xfft_inst/non_floating_point.arch_d.xfft_inst/pe_gen[3].natural_order_input.PE/delay_addr_tw/no_sclr_lut.real_shift_ram.use_baseblock.use_hlutnm_srls.runt_srl_loop.i_fdre) is unused and will be removed from module xfft_v9_1_9_viv.
INFO: [Synth 8-3332] Sequential element (xfft_inst/non_floating_point.arch_d.xfft_inst/pe_gen[3].natural_order_input.PE/rounding.ROUND_0/reg_gate.delay_d_2/no_sclr_lut.real_shift_ram.use_baseblock.use_hlutnm_srls.srl_loop[0].i_fdre0) is unused and will be removed from module xfft_v9_1_9_viv.
INFO: [Synth 8-3332] Sequential element (xfft_inst/non_floating_point.arch_d.xfft_inst/pe_gen[3].natural_order_input.PE/rounding.ROUND_1/reg_gate.delay_d_2/no_sclr_lut.real_shift_ram.use_baseblock.use_hlutnm_srls.srl_loop[0].i_fdre0) is unused and will be removed from module xfft_v9_1_9_viv.
INFO: [Synth 8-3332] Sequential element (xfft_inst/non_floating_point.arch_d.xfft_inst/has_bit_reverse.busy_gen/proc_start_delay/need_sclr_lut.real_shift_ram.FF_gen[0].reg) is unused and will be removed from module xfft_v9_1_9_viv.
INFO: [Synth 8-3332] Sequential element (xfft_inst/non_floating_point.arch_d.xfft_inst/timing_cnts_has_nfft.duplicate_regs[4].other.nfft_regs[4].nfft_regs_fde) is unused and will be removed from module xfft_v9_1_9_viv.
INFO: [Synth 8-3332] Sequential element (xfft_inst/non_floating_point.arch_d.xfft_inst/timing_cnts_has_nfft.duplicate_regs[4].other.nfft_regs[3].nfft_regs_fde) is unused and will be removed from module xfft_v9_1_9_viv.
INFO: [Synth 8-3332] Sequential element (xfft_inst/non_floating_point.arch_d.xfft_inst/timing_cnts_has_nfft.duplicate_regs[4].other.nfft_regs[2].nfft_regs_fde) is unused and will be removed from module xfft_v9_1_9_viv.
INFO: [Synth 8-3332] Sequential element (xfft_inst/non_floating_point.arch_d.xfft_inst/timing_cnts_has_nfft.duplicate_regs[4].other.nfft_regs[1].nfft_regs_fde) is unused and will be removed from module xfft_v9_1_9_viv.
INFO: [Synth 8-3332] Sequential element (xfft_inst/non_floating_point.arch_d.xfft_inst/timing_cnts_has_nfft.duplicate_regs[4].other.nfft_regs[0].nfft_regs_fde) is unused and will be removed from module xfft_v9_1_9_viv.
INFO: [Synth 8-3332] Sequential element (xfft_inst/non_floating_point.arch_d.xfft_inst/timing_cnts_has_nfft.duplicate_regs[3].other.nfft_regs[4].nfft_regs_fde) is unused and will be removed from module xfft_v9_1_9_viv.
INFO: [Synth 8-3332] Sequential element (xfft_inst/non_floating_point.arch_d.xfft_inst/timing_cnts_has_nfft.duplicate_regs[3].other.nfft_regs[3].nfft_regs_fde) is unused and will be removed from module xfft_v9_1_9_viv.
INFO: [Synth 8-3332] Sequential element (xfft_inst/non_floating_point.arch_d.xfft_inst/timing_cnts_has_nfft.duplicate_regs[2].other.nfft_regs[4].nfft_regs_fde) is unused and will be removed from module xfft_v9_1_9_viv.
INFO: [Common 17-14] Message 'Synth 8-3332' appears 100 times and further instances of the messages will be disabled. Use the Tcl command set_msg_config to change the current settings.
---------------------------------------------------------------------------------
Finished Cross Boundary and Area Optimization : Time (s): cpu = 00:01:24 ; elapsed = 00:01:42 . Memory (MB): peak = 2912.828 ; gain = 2017.871
---------------------------------------------------------------------------------
---------------------------------------------------------------------------------
Start Applying XDC Timing Constraints
---------------------------------------------------------------------------------
---------------------------------------------------------------------------------
Finished Applying XDC Timing Constraints : Time (s): cpu = 00:01:29 ; elapsed = 00:01:48 . Memory (MB): peak = 2912.828 ; gain = 2017.871
---------------------------------------------------------------------------------
---------------------------------------------------------------------------------
Start Timing Optimization
---------------------------------------------------------------------------------
---------------------------------------------------------------------------------
Finished Timing Optimization : Time (s): cpu = 00:01:31 ; elapsed = 00:01:50 . Memory (MB): peak = 2912.828 ; gain = 2017.871
---------------------------------------------------------------------------------
---------------------------------------------------------------------------------
Start Technology Mapping
---------------------------------------------------------------------------------
---------------------------------------------------------------------------------
Finished Technology Mapping : Time (s): cpu = 00:01:34 ; elapsed = 00:01:53 . Memory (MB): peak = 2912.828 ; gain = 2017.871
---------------------------------------------------------------------------------
---------------------------------------------------------------------------------
Start IO Insertion
---------------------------------------------------------------------------------
---------------------------------------------------------------------------------
Start Flattening Before IO Insertion
---------------------------------------------------------------------------------
---------------------------------------------------------------------------------
Finished Flattening Before IO Insertion
---------------------------------------------------------------------------------
---------------------------------------------------------------------------------
Start Final Netlist Cleanup
---------------------------------------------------------------------------------
---------------------------------------------------------------------------------
Finished Final Netlist Cleanup
---------------------------------------------------------------------------------
---------------------------------------------------------------------------------
Finished IO Insertion : Time (s): cpu = 00:01:37 ; elapsed = 00:01:56 . Memory (MB): peak = 2912.828 ; gain = 2017.871
---------------------------------------------------------------------------------
---------------------------------------------------------------------------------
Start Renaming Generated Instances
---------------------------------------------------------------------------------
---------------------------------------------------------------------------------
Finished Renaming Generated Instances : Time (s): cpu = 00:01:37 ; elapsed = 00:01:56 . Memory (MB): peak = 2912.828 ; gain = 2017.871
---------------------------------------------------------------------------------
---------------------------------------------------------------------------------
Start Rebuilding User Hierarchy
---------------------------------------------------------------------------------
---------------------------------------------------------------------------------
Finished Rebuilding User Hierarchy : Time (s): cpu = 00:01:38 ; elapsed = 00:01:57 . Memory (MB): peak = 2912.828 ; gain = 2017.871
---------------------------------------------------------------------------------
---------------------------------------------------------------------------------
Start Renaming Generated Ports
---------------------------------------------------------------------------------
---------------------------------------------------------------------------------
Finished Renaming Generated Ports : Time (s): cpu = 00:01:38 ; elapsed = 00:01:57 . Memory (MB): peak = 2912.828 ; gain = 2017.871
---------------------------------------------------------------------------------
---------------------------------------------------------------------------------
Start Handling Custom Attributes
---------------------------------------------------------------------------------
---------------------------------------------------------------------------------
Finished Handling Custom Attributes : Time (s): cpu = 00:01:38 ; elapsed = 00:01:57 . Memory (MB): peak = 2912.828 ; gain = 2017.871
---------------------------------------------------------------------------------
---------------------------------------------------------------------------------
Start Renaming Generated Nets
---------------------------------------------------------------------------------
---------------------------------------------------------------------------------
Finished Renaming Generated Nets : Time (s): cpu = 00:01:38 ; elapsed = 00:01:57 . Memory (MB): peak = 2912.828 ; gain = 2017.871
---------------------------------------------------------------------------------
---------------------------------------------------------------------------------
Start Writing Synthesis Report
---------------------------------------------------------------------------------

DSP Final Report (the ' indicates corresponding REG is set)
+----------------------+-------------+--------+--------+--------+--------+--------+------+------+------+------+-------+------+------+
|Module Name           | DSP Mapping | A Size | B Size | C Size | D Size | P Size | AREG | BREG | CREG | DREG | ADREG | MREG | PREG | 
+----------------------+-------------+--------+--------+--------+--------+--------+------+------+------+------+-------+------+------+
|cmpy_4_dsp48_mult_717 | Dynamic     | -      | -      | -      | -      | 0      | -    | -    | -    | -    | -     | 1    | 1    | 
|cmpy_4_dsp48_mult_717 | Dynamic     | -      | -      | -      | -      | 17     | -    | -    | -    | -    | -     | 1    | 1    | 
|cmpy_4_dsp48_mult_717 | Dynamic     | -      | -      | -      | -      | 0      | -    | -    | -    | -    | 1     | 1    | 1    | 
|cmpy_4_dsp48_mult_717 | Dynamic     | -      | -      | -      | -      | 44     | -    | -    | -    | -    | 1     | 1    | 1    | 
|cmpy_4_dsp48_mult_717 | Dynamic     | -      | -      | -      | -      | 0      | -    | -    | -    | -    | -     | 1    | 1    | 
|cmpy_4_dsp48_mult_717 | Dynamic     | -      | -      | -      | -      | 17     | -    | -    | -    | -    | -     | 1    | 1    | 
|cmpy_4_dsp48_mult_717 | Dynamic     | -      | -      | -      | -      | 0      | -    | -    | -    | -    | 1     | 1    | 1    | 
|cmpy_4_dsp48_mult_717 | Dynamic     | -      | -      | -      | -      | 44     | -    | -    | -    | -    | 1     | 1    | 1    | 
|cmpy_4_dsp48_mult_424 | Dynamic     | -      | -      | -      | -      | 0      | -    | -    | -    | -    | -     | 1    | 1    | 
|cmpy_4_dsp48_mult_424 | Dynamic     | -      | -      | -      | -      | 17     | -    | -    | -    | -    | -     | 1    | 1    | 
|cmpy_4_dsp48_mult_424 | Dynamic     | -      | -      | -      | -      | 0      | -    | -    | -    | -    | 1     | 1    | 1    | 
|cmpy_4_dsp48_mult_424 | Dynamic     | -      | -      | -      | -      | 44     | -    | -    | -    | -    | 1     | 1    | 1    | 
|cmpy_4_dsp48_mult_424 | Dynamic     | -      | -      | -      | -      | 0      | -    | -    | -    | -    | -     | 1    | 1    | 
|cmpy_4_dsp48_mult_424 | Dynamic     | -      | -      | -      | -      | 17     | -    | -    | -    | -    | -     | 1    | 1    | 
|cmpy_4_dsp48_mult_424 | Dynamic     | -      | -      | -      | -      | 0      | -    | -    | -    | -    | 1     | 1    | 1    | 
|cmpy_4_dsp48_mult_424 | Dynamic     | -      | -      | -      | -      | 44     | -    | -    | -    | -    | 1     | 1    | 1    | 
|cmpy_4_dsp48_mult     | Dynamic     | -      | -      | -      | -      | 0      | -    | -    | -    | -    | -     | 1    | 1    | 
|cmpy_4_dsp48_mult     | Dynamic     | -      | -      | -      | -      | 17     | -    | -    | -    | -    | -     | 1    | 1    | 
|cmpy_4_dsp48_mult     | Dynamic     | -      | -      | -      | -      | 0      | -    | -    | -    | -    | 1     | 1    | 1    | 
|cmpy_4_dsp48_mult     | Dynamic     | -      | -      | -      | -      | 44     | -    | -    | -    | -    | 1     | 1    | 1    | 
|cmpy_4_dsp48_mult     | Dynamic     | -      | -      | -      | -      | 0      | -    | -    | -    | -    | -     | 1    | 1    | 
|cmpy_4_dsp48_mult     | Dynamic     | -      | -      | -      | -      | 17     | -    | -    | -    | -    | -     | 1    | 1    | 
|cmpy_4_dsp48_mult     | Dynamic     | -      | -      | -      | -      | 0      | -    | -    | -    | -    | 1     | 1    | 1    | 
|cmpy_4_dsp48_mult     | Dynamic     | -      | -      | -      | -      | 44     | -    | -    | -    | -    | 1     | 1    | 1    | 
+----------------------+-------------+--------+--------+--------+--------+--------+------+------+------+------+-------+------+------+


Report BlackBoxes: 
+-+--------------+----------+
| |BlackBox name |Instances |
+-+--------------+----------+
+-+--------------+----------+

Report Cell Usage: 
+------+---------+------+
|      |Cell     |Count |
+------+---------+------+
|1     |DSP48E1  |    24|
|5     |LUT1     |    43|
|6     |LUT2     |   616|
|7     |LUT3     |  1796|
|8     |LUT4     |   466|
|9     |LUT5     |    65|
|10    |LUT6     |   422|
|11    |MUXCY    |  1254|
|12    |MUXF7    |    80|
|13    |RAMB18E1 |     2|
|14    |SRL16E   |  1464|
|15    |SRLC32E  |   241|
|16    |XORCY    |  1206|
|17    |FD       |     3|
|18    |FDE      |   731|
|19    |FDR      |    28|
|20    |FDRE     |  5537|
|21    |FDSE     |    43|
+------+---------+------+
---------------------------------------------------------------------------------
Finished Writing Synthesis Report : Time (s): cpu = 00:01:38 ; elapsed = 00:01:57 . Memory (MB): peak = 2912.828 ; gain = 2017.871
---------------------------------------------------------------------------------
Synthesis finished with 0 errors, 0 critical warnings and 860 warnings.
Synthesis Optimization Runtime : Time (s): cpu = 00:00:27 ; elapsed = 00:01:53 . Memory (MB): peak = 2912.828 ; gain = 2017.871
Synthesis Optimization Complete : Time (s): cpu = 00:01:38 ; elapsed = 00:01:58 . Memory (MB): peak = 2912.828 ; gain = 2017.871
INFO: [Project 1-571] Translating synthesized netlist
Netlist sorting complete. Time (s): cpu = 00:00:01 ; elapsed = 00:00:00.193 . Memory (MB): peak = 2912.828 ; gain = 0.000
INFO: [Netlist 29-17] Analyzing 3328 Unisim elements for replacement
INFO: [Netlist 29-28] Unisim Transformation completed in 0 CPU seconds
INFO: [Project 1-570] Preparing netlist for logic optimization
INFO: [Opt 31-138] Pushed 0 inverter(s) to 0 load pin(s).
Netlist sorting complete. Time (s): cpu = 00:00:00 ; elapsed = 00:00:00.004 . Memory (MB): peak = 2912.828 ; gain = 0.000
INFO: [Project 1-111] Unisim Transformation Summary:
  A total of 1119 instances were transformed.
  (MUXCY,XORCY) => CARRY4: 357 instances
  FD => FDRE: 3 instances
  FDE => FDRE: 731 instances
  FDR => FDRE: 28 instances

Synth Design complete | Checksum: 26094f2
INFO: [Common 17-83] Releasing license: Synthesis
193 Infos, 102 Warnings, 0 Critical Warnings and 0 Errors encountered.
synth_design completed successfully
synth_design: Time (s): cpu = 00:01:46 ; elapsed = 00:02:08 . Memory (MB): peak = 2912.828 ; gain = 2424.625
INFO: [Common 17-1381] The checkpoint 'C:/Users/gm/Vivado Projects/complete_det_final_full_and_red/complete_det_final_full_and_red.runs/xfft_1_synth_1/xfft_1.dcp' has been generated.
INFO: [Coretcl 2-1648] Added synthesis output to IP cache for IP xfft_1, cache-ID = c355f32918f87b7a
INFO: [Coretcl 2-1174] Renamed 1171 cell refs.
INFO: [Common 17-1381] The checkpoint 'C:/Users/gm/Vivado Projects/complete_det_final_full_and_red/complete_det_final_full_and_red.runs/xfft_1_synth_1/xfft_1.dcp' has been generated.
INFO: [runtcl-4] Executing : report_utilization -file xfft_1_utilization_synth.rpt -pb xfft_1_utilization_synth.pb
INFO: [Common 17-206] Exiting Vivado at Wed Aug 19 13:13:03 2026...

*** Running vivado
    with args -log xfft_1.vds -m64 -product Vivado -mode batch -messageDb vivado.pb -notrace -source xfft_1.tcl


ECHO is off.
ECHO is off.

****** Vivado v2023.1 (64-bit)
  **** SW Build 3865809 on Sun May  7 15:05:29 MDT 2023
  **** IP Build 3864474 on Sun May  7 20:36:21 MDT 2023
  **** SharedData Build 3865790 on Sun May 07 13:33:03 MDT 2023
    ** Copyright 1986-2022 Xilinx, Inc. All Rights Reserved.
    ** Copyright 2022-2023 Advanced Micro Devices, Inc. All Rights Reserved.

source xfft_1.tcl -notrace
create_project: Time (s): cpu = 00:00:08 ; elapsed = 00:00:08 . Memory (MB): peak = 449.781 ; gain = 163.578
INFO: [IP_Flow 19-234] Refreshing IP repositories
INFO: [IP_Flow 19-1700] Loaded user IP repository 'd:/Desktop PRE-FORMAT 25/CR_CYCLO/Verilog/ComBlock/core-comblock-master'.
INFO: [IP_Flow 19-2313] Loaded Vivado IP repository 'C:/Xilinx/Vivado/2023.1/data/ip'.
WARNING: [IP_Flow 19-4995] The host OS only allows 260 characters in a normal path. The IP cache path is more than 80 characters. If you experience issues with IP caching, please consider changing the IP cache to a location with a shorter path. Alternately consider using the OS subst command to map part of the path to a drive letter. 
Current IP cache path is c:/Users/gm/Vivado Projects/complete_det_final_debug/complete_det_final_debug.cache/ip 
INFO: [IP_Flow 19-6924] IPCACHE: Running cache check for IP inst: xfft_1
Command: synth_design -top xfft_1 -part xc7z020clg484-1 -incremental_mode off -mode out_of_context
Starting synth_design
Attempting to get a license for feature 'Synthesis' and/or device 'xc7z020'
INFO: [Common 17-349] Got license for feature 'Synthesis' and/or device 'xc7z020'
INFO: [Device 21-403] Loading part xc7z020clg484-1
INFO: [Synth 8-7079] Multithreading enabled for synth_design using a maximum of 2 processes.
INFO: [Synth 8-7078] Launching helper process for spawning children vivado processes
INFO: [Synth 8-7075] Helper process launched with PID 7128
---------------------------------------------------------------------------------
Starting RTL Elaboration : Time (s): cpu = 00:00:10 ; elapsed = 00:00:11 . Memory (MB): peak = 1305.652 ; gain = 409.609
---------------------------------------------------------------------------------
INFO: [Synth 8-638] synthesizing module 'xfft_1' [c:/Users/gm/Vivado Projects/complete_det_final_debug/complete_det_final_debug.gen/sources_1/ip/xfft_1/synth/xfft_1.vhd:84]
	Parameter C_XDEVICEFAMILY bound to: zynq - type: string 
	Parameter C_PART bound to: xc7z020clg484-1 - type: string 
	Parameter C_S_AXIS_CONFIG_TDATA_WIDTH bound to: 24 - type: integer 
	Parameter C_S_AXIS_DATA_TDATA_WIDTH bound to: 64 - type: integer 
	Parameter C_M_AXIS_DATA_TDATA_WIDTH bound to: 64 - type: integer 
	Parameter C_M_AXIS_DATA_TUSER_WIDTH bound to: 8 - type: integer 
	Parameter C_M_AXIS_STATUS_TDATA_WIDTH bound to: 1 - type: integer 
	Parameter C_THROTTLE_SCHEME bound to: 1 - type: integer 
	Parameter C_CHANNELS bound to: 1 - type: integer 
	Parameter C_NFFT_MAX bound to: 7 - type: integer 
	Parameter C_ARCH bound to: 3 - type: integer 
	Parameter C_HAS_NFFT bound to: 1 - type: integer 
	Parameter C_USE_FLT_PT bound to: 0 - type: integer 
	Parameter C_INPUT_WIDTH bound to: 32 - type: integer 
	Parameter C_TWIDDLE_WIDTH bound to: 12 - type: integer 
	Parameter C_OUTPUT_WIDTH bound to: 32 - type: integer 
	Parameter C_HAS_SCALING bound to: 1 - type: integer 
	Parameter C_HAS_BFP bound to: 0 - type: integer 
	Parameter C_HAS_ROUNDING bound to: 1 - type: integer 
	Parameter C_HAS_ACLKEN bound to: 0 - type: integer 
	Parameter C_HAS_ARESETN bound to: 1 - type: integer 
	Parameter C_HAS_OVFLO bound to: 0 - type: integer 
	Parameter C_HAS_NATURAL_INPUT bound to: 1 - type: integer 
	Parameter C_HAS_NATURAL_OUTPUT bound to: 1 - type: integer 
	Parameter C_HAS_CYCLIC_PREFIX bound to: 0 - type: integer 
	Parameter C_HAS_XK_INDEX bound to: 1 - type: integer 
	Parameter C_DATA_MEM_TYPE bound to: 1 - type: integer 
	Parameter C_TWIDDLE_MEM_TYPE bound to: 1 - type: integer 
	Parameter C_BRAM_STAGES bound to: 0 - type: integer 
	Parameter C_REORDER_MEM_TYPE bound to: 1 - type: integer 
	Parameter C_USE_HYBRID_RAM bound to: 0 - type: integer 
	Parameter C_OPTIMIZE_GOAL bound to: 0 - type: integer 
	Parameter C_CMPY_TYPE bound to: 2 - type: integer 
	Parameter C_BFLY_TYPE bound to: 0 - type: integer 
INFO: [Synth 8-3491] module 'xfft_v9_1_9' declared at 'c:/Users/gm/Vivado Projects/complete_det_final_debug/complete_det_final_debug.gen/sources_1/ip/xfft_1/hdl/xfft_v9_1_vh_rfs.vhd:103739' bound to instance 'U0' of component 'xfft_v9_1_9' [c:/Users/gm/Vivado Projects/complete_det_final_debug/complete_det_final_debug.gen/sources_1/ip/xfft_1/synth/xfft_1.vhd:193]
INFO: [Synth 8-3919] null assignment ignored
INFO: [Synth 8-3919] null assignment ignored
INFO: [Synth 8-3919] null assignment ignored
INFO: [Synth 8-3919] null assignment ignored
INFO: [Synth 8-3919] null assignment ignored
INFO: [Synth 8-3919] null assignment ignored
INFO: [Synth 8-3919] null assignment ignored
INFO: [Synth 8-3919] null assignment ignored
INFO: [Synth 8-3919] null assignment ignored
INFO: [Synth 8-3919] null assignment ignored
INFO: [Synth 8-3919] null assignment ignored
INFO: [Synth 8-3919] null assignment ignored
INFO: [Synth 8-3919] null assignment ignored
INFO: [Synth 8-3919] null assignment ignored
INFO: [Synth 8-3919] null assignment ignored
INFO: [Synth 8-3919] null assignment ignored
INFO: [Synth 8-3919] null assignment ignored
INFO: [Synth 8-3919] null assignment ignored
INFO: [Synth 8-3919] null assignment ignored
INFO: [Synth 8-3919] null assignment ignored
INFO: [Synth 8-3919] null assignment ignored
INFO: [Synth 8-3919] null assignment ignored
INFO: [Synth 8-3919] null assignment ignored
INFO: [Synth 8-3919] null assignment ignored
INFO: [Synth 8-3919] null assignment ignored
INFO: [Synth 8-3919] null assignment ignored
INFO: [Synth 8-3919] null assignment ignored
INFO: [Synth 8-3919] null assignment ignored
INFO: [Synth 8-3919] null assignment ignored
INFO: [Synth 8-3919] null assignment ignored
INFO: [Synth 8-3919] null assignment ignored
INFO: [Synth 8-3919] null assignment ignored
INFO: [Synth 8-3919] null assignment ignored
INFO: [Synth 8-3919] null assignment ignored
INFO: [Synth 8-3919] null assignment ignored
INFO: [Synth 8-3919] null assignment ignored
INFO: [Synth 8-3919] null assignment ignored
INFO: [Synth 8-3919] null assignment ignored
INFO: [Synth 8-3919] null assignment ignored
INFO: [Synth 8-3919] null assignment ignored
INFO: [Synth 8-3919] null assignment ignored
INFO: [Synth 8-3919] null assignment ignored
INFO: [Synth 8-3919] null assignment ignored
INFO: [Synth 8-3919] null assignment ignored
INFO: [Synth 8-3919] null assignment ignored
INFO: [Synth 8-3919] null assignment ignored
INFO: [Synth 8-3919] null assignment ignored
INFO: [Synth 8-3919] null assignment ignored
INFO: [Synth 8-3919] null assignment ignored
INFO: [Synth 8-3919] null assignment ignored
INFO: [Synth 8-3919] null assignment ignored
INFO: [Synth 8-3919] null assignment ignored
INFO: [Synth 8-3919] null assignment ignored
INFO: [Synth 8-3919] null assignment ignored
INFO: [Synth 8-256] done synthesizing module 'xfft_1' (0#1) [c:/Users/gm/Vivado Projects/complete_det_final_debug/complete_det_final_debug.gen/sources_1/ip/xfft_1/synth/xfft_1.vhd:84]
WARNING: [Synth 8-7129] Port Q[0] in module shift_ram__parameterized80 is either unconnected or has no load
WARNING: [Synth 8-7129] Port D[0] in module shift_ram__parameterized80 is either unconnected or has no load
WARNING: [Synth 8-7129] Port CLK in module shift_ram__parameterized80 is either unconnected or has no load
WARNING: [Synth 8-7129] Port CE in module shift_ram__parameterized80 is either unconnected or has no load
WARNING: [Synth 8-7129] Port SCLR in module shift_ram__parameterized80 is either unconnected or has no load
WARNING: [Synth 8-7129] Port COMBI_SCLR in module shift_ram__parameterized80 is either unconnected or has no load
WARNING: [Synth 8-7129] Port DEPTHx2 in module shift_ram__parameterized80 is either unconnected or has no load
WARNING: [Synth 8-7129] Port a[3] in module c_shift_ram_v12_0_14_legacy__parameterized2 is either unconnected or has no load
WARNING: [Synth 8-7129] Port a[2] in module c_shift_ram_v12_0_14_legacy__parameterized2 is either unconnected or has no load
WARNING: [Synth 8-7129] Port a[1] in module c_shift_ram_v12_0_14_legacy__parameterized2 is either unconnected or has no load
WARNING: [Synth 8-7129] Port a[0] in module c_shift_ram_v12_0_14_legacy__parameterized2 is either unconnected or has no load
WARNING: [Synth 8-7129] Port aclr in module c_shift_ram_v12_0_14_legacy__parameterized2 is either unconnected or has no load
WARNING: [Synth 8-7129] Port aset in module c_shift_ram_v12_0_14_legacy__parameterized2 is either unconnected or has no load
WARNING: [Synth 8-7129] Port ainit in module c_shift_ram_v12_0_14_legacy__parameterized2 is either unconnected or has no load
WARNING: [Synth 8-7129] Port sclr in module c_shift_ram_v12_0_14_legacy__parameterized2 is either unconnected or has no load
WARNING: [Synth 8-7129] Port sset in module c_shift_ram_v12_0_14_legacy__parameterized2 is either unconnected or has no load
WARNING: [Synth 8-7129] Port sinit in module c_shift_ram_v12_0_14_legacy__parameterized2 is either unconnected or has no load
WARNING: [Synth 8-7129] Port D[0] in module shift_ram__parameterized62 is either unconnected or has no load
WARNING: [Synth 8-7129] Port DEPTHx2 in module shift_ram__parameterized62 is either unconnected or has no load
WARNING: [Synth 8-7129] Port a[3] in module c_shift_ram_v12_0_14_legacy__parameterized5 is either unconnected or has no load
WARNING: [Synth 8-7129] Port a[2] in module c_shift_ram_v12_0_14_legacy__parameterized5 is either unconnected or has no load
WARNING: [Synth 8-7129] Port a[1] in module c_shift_ram_v12_0_14_legacy__parameterized5 is either unconnected or has no load
WARNING: [Synth 8-7129] Port a[0] in module c_shift_ram_v12_0_14_legacy__parameterized5 is either unconnected or has no load
WARNING: [Synth 8-7129] Port aclr in module c_shift_ram_v12_0_14_legacy__parameterized5 is either unconnected or has no load
WARNING: [Synth 8-7129] Port aset in module c_shift_ram_v12_0_14_legacy__parameterized5 is either unconnected or has no load
WARNING: [Synth 8-7129] Port ainit in module c_shift_ram_v12_0_14_legacy__parameterized5 is either unconnected or has no load
WARNING: [Synth 8-7129] Port sclr in module c_shift_ram_v12_0_14_legacy__parameterized5 is either unconnected or has no load
WARNING: [Synth 8-7129] Port sset in module c_shift_ram_v12_0_14_legacy__parameterized5 is either unconnected or has no load
WARNING: [Synth 8-7129] Port sinit in module c_shift_ram_v12_0_14_legacy__parameterized5 is either unconnected or has no load
WARNING: [Synth 8-7129] Port D[15] in module shift_ram__parameterized81 is either unconnected or has no load
WARNING: [Synth 8-7129] Port D[14] in module shift_ram__parameterized81 is either unconnected or has no load
WARNING: [Synth 8-7129] Port D[13] in module shift_ram__parameterized81 is either unconnected or has no load
WARNING: [Synth 8-7129] Port D[12] in module shift_ram__parameterized81 is either unconnected or has no load
WARNING: [Synth 8-7129] Port D[11] in module shift_ram__parameterized81 is either unconnected or has no load
WARNING: [Synth 8-7129] Port D[10] in module shift_ram__parameterized81 is either unconnected or has no load
WARNING: [Synth 8-7129] Port D[9] in module shift_ram__parameterized81 is either unconnected or has no load
WARNING: [Synth 8-7129] Port D[8] in module shift_ram__parameterized81 is either unconnected or has no load
WARNING: [Synth 8-7129] Port D[7] in module shift_ram__parameterized81 is either unconnected or has no load
WARNING: [Synth 8-7129] Port D[6] in module shift_ram__parameterized81 is either unconnected or has no load
WARNING: [Synth 8-7129] Port D[5] in module shift_ram__parameterized81 is either unconnected or has no load
WARNING: [Synth 8-7129] Port D[4] in module shift_ram__parameterized81 is either unconnected or has no load
WARNING: [Synth 8-7129] Port D[3] in module shift_ram__parameterized81 is either unconnected or has no load
WARNING: [Synth 8-7129] Port D[2] in module shift_ram__parameterized81 is either unconnected or has no load
WARNING: [Synth 8-7129] Port D[1] in module shift_ram__parameterized81 is either unconnected or has no load
WARNING: [Synth 8-7129] Port D[0] in module shift_ram__parameterized81 is either unconnected or has no load
WARNING: [Synth 8-7129] Port DEPTHx2 in module shift_ram__parameterized81 is either unconnected or has no load
WARNING: [Synth 8-7129] Port a[3] in module c_shift_ram_v12_0_14_legacy__parameterized34 is either unconnected or has no load
WARNING: [Synth 8-7129] Port a[2] in module c_shift_ram_v12_0_14_legacy__parameterized34 is either unconnected or has no load
WARNING: [Synth 8-7129] Port a[1] in module c_shift_ram_v12_0_14_legacy__parameterized34 is either unconnected or has no load
WARNING: [Synth 8-7129] Port a[0] in module c_shift_ram_v12_0_14_legacy__parameterized34 is either unconnected or has no load
WARNING: [Synth 8-7129] Port aclr in module c_shift_ram_v12_0_14_legacy__parameterized34 is either unconnected or has no load
WARNING: [Synth 8-7129] Port aset in module c_shift_ram_v12_0_14_legacy__parameterized34 is either unconnected or has no load
WARNING: [Synth 8-7129] Port ainit in module c_shift_ram_v12_0_14_legacy__parameterized34 is either unconnected or has no load
WARNING: [Synth 8-7129] Port sclr in module c_shift_ram_v12_0_14_legacy__parameterized34 is either unconnected or has no load
WARNING: [Synth 8-7129] Port sset in module c_shift_ram_v12_0_14_legacy__parameterized34 is either unconnected or has no load
WARNING: [Synth 8-7129] Port sinit in module c_shift_ram_v12_0_14_legacy__parameterized34 is either unconnected or has no load
WARNING: [Synth 8-7129] Port D[0] in module shift_ram__parameterized79 is either unconnected or has no load
WARNING: [Synth 8-7129] Port DEPTHx2 in module shift_ram__parameterized79 is either unconnected or has no load
WARNING: [Synth 8-7129] Port D1 in module shift_ram__parameterized78 is either unconnected or has no load
WARNING: [Synth 8-7129] Port DEPTHx2 in module shift_ram__parameterized78 is either unconnected or has no load
WARNING: [Synth 8-7129] Port depthx2 in module r22_memory__parameterized1 is either unconnected or has no load
WARNING: [Synth 8-7129] Port Q1 in module shift_ram__parameterized77 is either unconnected or has no load
WARNING: [Synth 8-7129] Port D1 in module shift_ram__parameterized77 is either unconnected or has no load
WARNING: [Synth 8-7129] Port COMBI_SCLR in module shift_ram__parameterized77 is either unconnected or has no load
WARNING: [Synth 8-7129] Port DEPTHx2 in module shift_ram__parameterized77 is either unconnected or has no load
WARNING: [Synth 8-7129] Port Q1 in module shift_ram__parameterized76 is either unconnected or has no load
WARNING: [Synth 8-7129] Port D1 in module shift_ram__parameterized76 is either unconnected or has no load
WARNING: [Synth 8-7129] Port COMBI_SCLR in module shift_ram__parameterized76 is either unconnected or has no load
WARNING: [Synth 8-7129] Port DEPTHx2 in module shift_ram__parameterized76 is either unconnected or has no load
WARNING: [Synth 8-7129] Port shift[4] in module so_run_addr_gen_left_shift is either unconnected or has no load
WARNING: [Synth 8-7129] Port shift[3] in module so_run_addr_gen_left_shift is either unconnected or has no load
WARNING: [Synth 8-7129] Port nfft[4] in module so_run_addr_gen_left_shift is either unconnected or has no load
WARNING: [Synth 8-7129] Port nfft[3] in module so_run_addr_gen_left_shift is either unconnected or has no load
WARNING: [Synth 8-7129] Port nfft[2] in module so_run_addr_gen_left_shift is either unconnected or has no load
WARNING: [Synth 8-7129] Port nfft[1] in module so_run_addr_gen_left_shift is either unconnected or has no load
WARNING: [Synth 8-7129] Port nfft[0] in module so_run_addr_gen_left_shift is either unconnected or has no load
WARNING: [Synth 8-7129] Port D[0] in module shift_ram__parameterized38 is either unconnected or has no load
WARNING: [Synth 8-7129] Port COMBI_SCLR in module shift_ram__parameterized38 is either unconnected or has no load
WARNING: [Synth 8-7129] Port DEPTHx2 in module shift_ram__parameterized38 is either unconnected or has no load
WARNING: [Synth 8-7129] Port D1 in module shift_ram__parameterized75 is either unconnected or has no load
WARNING: [Synth 8-7129] Port SCLR in module shift_ram__parameterized75 is either unconnected or has no load
WARNING: [Synth 8-7129] Port COMBI_SCLR in module shift_ram__parameterized75 is either unconnected or has no load
WARNING: [Synth 8-7129] Port DEPTHx2 in module shift_ram__parameterized75 is either unconnected or has no load
WARNING: [Synth 8-7129] Port Q1 in module shift_ram__parameterized0 is either unconnected or has no load
WARNING: [Synth 8-7129] Port D1 in module shift_ram__parameterized0 is either unconnected or has no load
WARNING: [Synth 8-7129] Port COMBI_SCLR in module shift_ram__parameterized0 is either unconnected or has no load
WARNING: [Synth 8-7129] Port DEPTHx2 in module shift_ram__parameterized0 is either unconnected or has no load
WARNING: [Synth 8-7129] Port D1 in module shift_ram__parameterized74 is either unconnected or has no load
WARNING: [Synth 8-7129] Port DEPTHx2 in module shift_ram__parameterized74 is either unconnected or has no load
WARNING: [Synth 8-7129] Port D[0] in module shift_ram__parameterized5 is either unconnected or has no load
WARNING: [Synth 8-7129] Port COMBI_SCLR in module shift_ram__parameterized5 is either unconnected or has no load
WARNING: [Synth 8-7129] Port DEPTHx2 in module shift_ram__parameterized5 is either unconnected or has no load
WARNING: [Synth 8-7129] Port MUXCY_IN in module equ_rtl is either unconnected or has no load
WARNING: [Synth 8-7129] Port AINIT in module c_reg_fd_v12_0_6_viv is either unconnected or has no load
WARNING: [Synth 8-7129] Port ACLR in module c_reg_fd_v12_0_6_viv is either unconnected or has no load
WARNING: [Synth 8-7129] Port ASET in module c_reg_fd_v12_0_6_viv is either unconnected or has no load
WARNING: [Synth 8-7129] Port SINIT in module c_reg_fd_v12_0_6_viv is either unconnected or has no load
WARNING: [Synth 8-7129] Port SSET in module c_reg_fd_v12_0_6_viv is either unconnected or has no load
WARNING: [Synth 8-7129] Port add in module c_addsub_v12_0_15_lut6_legacy__parameterized9 is either unconnected or has no load
WARNING: [Synth 8-7129] Port bypass in module c_addsub_v12_0_15_lut6_legacy__parameterized9 is either unconnected or has no load
INFO: [Common 17-14] Message 'Synth 8-7129' appears 100 times and further instances of the messages will be disabled. Use the Tcl command set_msg_config to change the current settings.
---------------------------------------------------------------------------------
Finished RTL Elaboration : Time (s): cpu = 00:01:04 ; elapsed = 00:01:13 . Memory (MB): peak = 2915.516 ; gain = 2019.473
---------------------------------------------------------------------------------
---------------------------------------------------------------------------------
Start Handling Custom Attributes
---------------------------------------------------------------------------------
---------------------------------------------------------------------------------
Finished Handling Custom Attributes : Time (s): cpu = 00:01:04 ; elapsed = 00:01:13 . Memory (MB): peak = 2915.516 ; gain = 2019.473
---------------------------------------------------------------------------------
---------------------------------------------------------------------------------
Finished RTL Optimization Phase 1 : Time (s): cpu = 00:01:04 ; elapsed = 00:01:13 . Memory (MB): peak = 2915.516 ; gain = 2019.473
---------------------------------------------------------------------------------
Netlist sorting complete. Time (s): cpu = 00:00:00 ; elapsed = 00:00:00.266 . Memory (MB): peak = 2915.516 ; gain = 0.000
INFO: [Netlist 29-17] Analyzing 3317 Unisim elements for replacement
INFO: [Netlist 29-28] Unisim Transformation completed in 0 CPU seconds
INFO: [Project 1-570] Preparing netlist for logic optimization

Processing XDC Constraints
Initializing timing engine
Parsing XDC File [c:/Users/gm/Vivado Projects/complete_det_final_debug/complete_det_final_debug.gen/sources_1/ip/xfft_1/xfft_1_ooc.xdc] for cell 'U0'
Finished Parsing XDC File [c:/Users/gm/Vivado Projects/complete_det_final_debug/complete_det_final_debug.gen/sources_1/ip/xfft_1/xfft_1_ooc.xdc] for cell 'U0'
Parsing XDC File [C:/Users/gm/Vivado Projects/complete_det_final_debug/complete_det_final_debug.runs/xfft_1_synth_1/dont_touch.xdc]
Finished Parsing XDC File [C:/Users/gm/Vivado Projects/complete_det_final_debug/complete_det_final_debug.runs/xfft_1_synth_1/dont_touch.xdc]
Completed Processing XDC Constraints

Netlist sorting complete. Time (s): cpu = 00:00:00 ; elapsed = 00:00:00.007 . Memory (MB): peak = 2915.516 ; gain = 0.000
INFO: [Project 1-111] Unisim Transformation Summary:
  A total of 805 instances were transformed.
  FD => FDRE: 3 instances
  FDE => FDRE: 773 instances
  FDR => FDRE: 29 instances

Constraint Validation Runtime : Time (s): cpu = 00:00:01 ; elapsed = 00:00:00.255 . Memory (MB): peak = 2915.516 ; gain = 0.000
INFO: [Designutils 20-5008] Incremental synthesis strategy off
---------------------------------------------------------------------------------
Finished Constraint Validation : Time (s): cpu = 00:01:12 ; elapsed = 00:01:21 . Memory (MB): peak = 2915.516 ; gain = 2019.473
---------------------------------------------------------------------------------
---------------------------------------------------------------------------------
Start Loading Part and Timing Information
---------------------------------------------------------------------------------
Loading part: xc7z020clg484-1
---------------------------------------------------------------------------------
Finished Loading Part and Timing Information : Time (s): cpu = 00:01:12 ; elapsed = 00:01:21 . Memory (MB): peak = 2915.516 ; gain = 2019.473
---------------------------------------------------------------------------------
---------------------------------------------------------------------------------
Start Applying 'set_property' XDC Constraints
---------------------------------------------------------------------------------
Applied set_property KEEP_HIERARCHY = SOFT for U0. (constraint file  {C:/Users/gm/Vivado Projects/complete_det_final_debug/complete_det_final_debug.runs/xfft_1_synth_1/dont_touch.xdc}, line 9).
---------------------------------------------------------------------------------
Finished applying 'set_property' XDC Constraints : Time (s): cpu = 00:01:12 ; elapsed = 00:01:21 . Memory (MB): peak = 2915.516 ; gain = 2019.473
---------------------------------------------------------------------------------
---------------------------------------------------------------------------------
Finished RTL Optimization Phase 2 : Time (s): cpu = 00:01:15 ; elapsed = 00:01:25 . Memory (MB): peak = 2915.516 ; gain = 2019.473
---------------------------------------------------------------------------------
INFO: [Synth 8-223] decloning instance 'U0/i_synth/xfft_inst/non_floating_point.arch_d.xfft_inst/FLOW/reset_sustain.resets_4_pes[3].delay_reset_pe/tc_compare' (logic_gate) to 'U0/i_synth/xfft_inst/non_floating_point.arch_d.xfft_inst/FLOW/reset_sustain.resets_4_pes[3].delay_reset_pe/tc_compare1'
INFO: [Synth 8-223] decloning instance 'U0/i_synth/xfft_inst/non_floating_point.arch_d.xfft_inst/FLOW/reset_sustain.resets_4_pes[2].delay_reset_pe/tc_compare' (logic_gate__parameterized0) to 'U0/i_synth/xfft_inst/non_floating_point.arch_d.xfft_inst/FLOW/reset_sustain.resets_4_pes[2].delay_reset_pe/tc_compare1'
INFO: [Synth 8-223] decloning instance 'U0/i_synth/xfft_inst/non_floating_point.arch_d.xfft_inst/FLOW/reset_sustain.resets_4_pes[1].delay_reset_pe/tc_compare' (logic_gate__parameterized1) to 'U0/i_synth/xfft_inst/non_floating_point.arch_d.xfft_inst/FLOW/reset_sustain.resets_4_pes[1].delay_reset_pe/tc_compare1'
INFO: [Synth 8-223] decloning instance 'U0/i_synth/xfft_inst/non_floating_point.arch_d.xfft_inst/FLOW/reset_sustain.resets_4_pes[0].delay_reset_pe/tc_compare' (logic_gate__parameterized2) to 'U0/i_synth/xfft_inst/non_floating_point.arch_d.xfft_inst/FLOW/reset_sustain.resets_4_pes[0].delay_reset_pe/tc_compare1'
INFO: [Synth 8-223] decloning instance 'U0/i_synth/xfft_inst/non_floating_point.arch_d.xfft_inst/FLOW/reset_sustain.delay_reset_3/tc_compare' (logic_gate__parameterized3) to 'U0/i_synth/xfft_inst/non_floating_point.arch_d.xfft_inst/FLOW/reset_sustain.delay_reset_3/tc_compare1'
INFO: [Synth 8-223] decloning instance 'U0/i_synth/xfft_inst/non_floating_point.arch_d.xfft_inst/FLOW/reset_sustain.delay_reset_7/tc_compare' (logic_gate__parameterized4) to 'U0/i_synth/xfft_inst/non_floating_point.arch_d.xfft_inst/FLOW/reset_sustain.delay_reset_7/tc_compare1'
INFO: [Synth 8-223] decloning instance 'U0/i_synth/xfft_inst/non_floating_point.arch_d.xfft_inst/pe_gen[0].natural_order_input.PE/FB_1.BF_1/yes_nfft.bypass_reg' (shift_ram__parameterized12) to 'U0/i_synth/xfft_inst/non_floating_point.arch_d.xfft_inst/pe_gen[0].natural_order_input.PE/FB_1.BF_1/yes_nfft.bypass_1_reg'
INFO: [Synth 8-223] decloning instance 'U0/i_synth/xfft_inst/non_floating_point.arch_d.xfft_inst/pe_gen[0].natural_order_input.PE/FB_1.BF_1/yes_nfft.bypass_reg' (shift_ram__parameterized12) to 'U0/i_synth/xfft_inst/non_floating_point.arch_d.xfft_inst/pe_gen[0].natural_order_input.PE/FB_1.BF_1/yes_nfft.bypass_2_reg'
INFO: [Synth 8-223] decloning instance 'U0/i_synth/xfft_inst/non_floating_point.arch_d.xfft_inst/pe_gen[0].natural_order_input.PE/FB_1.BF_1/yes_nfft.bypass_reg' (shift_ram__parameterized12) to 'U0/i_synth/xfft_inst/non_floating_point.arch_d.xfft_inst/pe_gen[0].natural_order_input.PE/FB_1.BF_1/yes_nfft.bypass_3_reg'
INFO: [Synth 8-223] decloning instance 'U0/i_synth/xfft_inst/non_floating_point.arch_d.xfft_inst/pe_gen[0].natural_order_input.PE/hasbf2.FB_2.BF_2/yes_nfft.bypass_reg' (shift_ram__parameterized12) to 'U0/i_synth/xfft_inst/non_floating_point.arch_d.xfft_inst/pe_gen[0].natural_order_input.PE/hasbf2.FB_2.BF_2/yes_nfft.bypass_1_reg'
INFO: [Synth 8-223] decloning instance 'U0/i_synth/xfft_inst/non_floating_point.arch_d.xfft_inst/pe_gen[0].natural_order_input.PE/hasbf2.FB_2.BF_2/yes_nfft.bypass_reg' (shift_ram__parameterized12) to 'U0/i_synth/xfft_inst/non_floating_point.arch_d.xfft_inst/pe_gen[0].natural_order_input.PE/hasbf2.FB_2.BF_2/yes_nfft.bypass_2_reg'
INFO: [Synth 8-223] decloning instance 'U0/i_synth/xfft_inst/non_floating_point.arch_d.xfft_inst/pe_gen[0].natural_order_input.PE/hasbf2.FB_2.BF_2/yes_nfft.bypass_reg' (shift_ram__parameterized12) to 'U0/i_synth/xfft_inst/non_floating_point.arch_d.xfft_inst/pe_gen[0].natural_order_input.PE/hasbf2.FB_2.BF_2/yes_nfft.bypass_3_reg'
INFO: [Synth 8-223] decloning instance 'U0/i_synth/xfft_inst/non_floating_point.arch_d.xfft_inst/pe_gen[3].natural_order_input.PE/SR2' (shift_ram__parameterized69) to 'U0/i_synth/xfft_inst/non_floating_point.arch_d.xfft_inst/pe_gen[3].natural_order_input.PE/SR3'
---------------------------------------------------------------------------------
Start RTL Component Statistics 
---------------------------------------------------------------------------------
---------------------------------------------------------------------------------
Finished RTL Component Statistics 
---------------------------------------------------------------------------------
---------------------------------------------------------------------------------
Start Part Resource Summary
---------------------------------------------------------------------------------
Part Resources:
DSPs: 220 (col length:60)
BRAMs: 280 (col length: RAMB18 60 RAMB36 30)
---------------------------------------------------------------------------------
Finished Part Resource Summary
---------------------------------------------------------------------------------
---------------------------------------------------------------------------------
Start Cross Boundary and Area Optimization
---------------------------------------------------------------------------------
WARNING: [Synth 8-7080] Parallel synthesis criteria is not met
INFO: [Synth 8-3332] Sequential element (xfft_inst/non_floating_point.arch_d.xfft_inst/FLOW/reset_sustain.resets_4_pes[3].delay_reset_pe/tc_reg1) is unused and will be removed from module xfft_v9_1_9_viv.
INFO: [Synth 8-3332] Sequential element (xfft_inst/non_floating_point.arch_d.xfft_inst/FLOW/reset_sustain.resets_4_pes[2].delay_reset_pe/tc_reg1) is unused and will be removed from module xfft_v9_1_9_viv.
INFO: [Synth 8-3332] Sequential element (xfft_inst/non_floating_point.arch_d.xfft_inst/FLOW/reset_sustain.resets_4_pes[1].delay_reset_pe/tc_reg1) is unused and will be removed from module xfft_v9_1_9_viv.
INFO: [Synth 8-3332] Sequential element (xfft_inst/non_floating_point.arch_d.xfft_inst/FLOW/reset_sustain.resets_4_pes[0].delay_reset_pe/tc_reg1) is unused and will be removed from module xfft_v9_1_9_viv.
INFO: [Synth 8-3332] Sequential element (xfft_inst/non_floating_point.arch_d.xfft_inst/FLOW/reset_sustain.delay_reset_7/tc_reg1) is unused and will be removed from module xfft_v9_1_9_viv.
INFO: [Synth 8-3332] Sequential element (xfft_inst/non_floating_point.arch_d.xfft_inst/FLOW/has_nfft.counter_limit_reg[15].max_n_int_minus_one_ff) is unused and will be removed from module xfft_v9_1_9_viv.
INFO: [Synth 8-3332] Sequential element (xfft_inst/non_floating_point.arch_d.xfft_inst/FLOW/has_nfft.counter_limit_reg[14].max_n_int_minus_one_ff) is unused and will be removed from module xfft_v9_1_9_viv.
INFO: [Synth 8-3332] Sequential element (xfft_inst/non_floating_point.arch_d.xfft_inst/FLOW/has_nfft.counter_limit_reg[13].max_n_int_minus_one_ff) is unused and will be removed from module xfft_v9_1_9_viv.
INFO: [Synth 8-3332] Sequential element (xfft_inst/non_floating_point.arch_d.xfft_inst/FLOW/has_nfft.counter_limit_reg[12].max_n_int_minus_one_ff) is unused and will be removed from module xfft_v9_1_9_viv.
INFO: [Synth 8-3332] Sequential element (xfft_inst/non_floating_point.arch_d.xfft_inst/FLOW/has_nfft.counter_limit_reg[11].max_n_int_minus_one_ff) is unused and will be removed from module xfft_v9_1_9_viv.
INFO: [Synth 8-3332] Sequential element (xfft_inst/non_floating_point.arch_d.xfft_inst/FLOW/has_nfft.counter_limit_reg[10].max_n_int_minus_one_ff) is unused and will be removed from module xfft_v9_1_9_viv.
INFO: [Synth 8-3332] Sequential element (xfft_inst/non_floating_point.arch_d.xfft_inst/FLOW/has_nfft.counter_limit_reg[9].max_n_int_minus_one_ff) is unused and will be removed from module xfft_v9_1_9_viv.
INFO: [Synth 8-3332] Sequential element (xfft_inst/non_floating_point.arch_d.xfft_inst/FLOW/has_nfft.counter_limit_reg[8].max_n_int_minus_one_ff) is unused and will be removed from module xfft_v9_1_9_viv.
INFO: [Synth 8-3332] Sequential element (xfft_inst/non_floating_point.arch_d.xfft_inst/FLOW/has_nfft.counter_limit_reg[7].max_n_int_minus_one_ff) is unused and will be removed from module xfft_v9_1_9_viv.
INFO: [Synth 8-3332] Sequential element (xfft_inst/non_floating_point.arch_d.xfft_inst/FLOW/has_nfft.counter_limit_reg[0].max_n_int_minus_one_ff) is unused and will be removed from module xfft_v9_1_9_viv.
INFO: [Synth 8-3332] Sequential element (xfft_inst/non_floating_point.arch_d.xfft_inst/FLOW/has_nfft.counter_limit_early_reg[15].max_n_int_minus_one_ff) is unused and will be removed from module xfft_v9_1_9_viv.
INFO: [Synth 8-3332] Sequential element (xfft_inst/non_floating_point.arch_d.xfft_inst/FLOW/has_nfft.counter_limit_early_reg[14].max_n_int_minus_one_ff) is unused and will be removed from module xfft_v9_1_9_viv.
INFO: [Synth 8-3332] Sequential element (xfft_inst/non_floating_point.arch_d.xfft_inst/FLOW/has_nfft.counter_limit_early_reg[13].max_n_int_minus_one_ff) is unused and will be removed from module xfft_v9_1_9_viv.
INFO: [Synth 8-3332] Sequential element (xfft_inst/non_floating_point.arch_d.xfft_inst/FLOW/has_nfft.counter_limit_early_reg[12].max_n_int_minus_one_ff) is unused and will be removed from module xfft_v9_1_9_viv.
INFO: [Synth 8-3332] Sequential element (xfft_inst/non_floating_point.arch_d.xfft_inst/FLOW/has_nfft.counter_limit_early_reg[11].max_n_int_minus_one_ff) is unused and will be removed from module xfft_v9_1_9_viv.
INFO: [Synth 8-3332] Sequential element (xfft_inst/non_floating_point.arch_d.xfft_inst/FLOW/has_nfft.counter_limit_early_reg[10].max_n_int_minus_one_ff) is unused and will be removed from module xfft_v9_1_9_viv.
INFO: [Synth 8-3332] Sequential element (xfft_inst/non_floating_point.arch_d.xfft_inst/FLOW/has_nfft.counter_limit_early_reg[9].max_n_int_minus_one_ff) is unused and will be removed from module xfft_v9_1_9_viv.
INFO: [Synth 8-3332] Sequential element (xfft_inst/non_floating_point.arch_d.xfft_inst/FLOW/has_nfft.counter_limit_early_reg[8].max_n_int_minus_one_ff) is unused and will be removed from module xfft_v9_1_9_viv.
INFO: [Synth 8-3332] Sequential element (xfft_inst/non_floating_point.arch_d.xfft_inst/FLOW/has_nfft.counter_limit_early_reg[7].max_n_int_minus_one_ff) is unused and will be removed from module xfft_v9_1_9_viv.
INFO: [Synth 8-3332] Sequential element (xfft_inst/non_floating_point.arch_d.xfft_inst/FLOW/has_nfft.counter_limit_early_reg[1].max_n_int_minus_one_ff) is unused and will be removed from module xfft_v9_1_9_viv.
INFO: [Synth 8-3332] Sequential element (xfft_inst/non_floating_point.arch_d.xfft_inst/pe0_bf1_addr_gen/no_sclr_lut.real_shift_ram.use_baseblock.use_hlutnm_srls.srl_loop[0].i_fdre0) is unused and will be removed from module xfft_v9_1_9_viv.
INFO: [Synth 8-3332] Sequential element (xfft_inst/non_floating_point.arch_d.xfft_inst/pe_gen[0].natural_order_input.PE/has_scale_pipelining.pe_ovflo_delay/no_sclr_lut.real_shift_ram.use_baseblock.use_hlutnm_srls.runt_srl_loop.i_fdre) is unused and will be removed from module xfft_v9_1_9_viv.
INFO: [Synth 8-3332] Sequential element (xfft_inst/non_floating_point.arch_d.xfft_inst/pe_gen[0].natural_order_input.PE/delay_addr_bf2/no_sclr_lut.real_shift_ram.use_baseblock.use_hlutnm_srls.srl_loop[0].i_fdre0) is unused and will be removed from module xfft_v9_1_9_viv.
INFO: [Synth 8-3332] Sequential element (xfft_inst/non_floating_point.arch_d.xfft_inst/pe_gen[0].natural_order_input.PE/delay_addr_bf2/no_sclr_lut.real_shift_ram.use_baseblock.use_hlutnm_srls.srl_loop[0].i_fdre1) is unused and will be removed from module xfft_v9_1_9_viv.
INFO: [Synth 8-3332] Sequential element (xfft_inst/non_floating_point.arch_d.xfft_inst/pe_gen[0].natural_order_input.PE/delay_addr_bf2/no_sclr_lut.real_shift_ram.use_baseblock.use_hlutnm_srls.srl_loop[1].i_fdre0) is unused and will be removed from module xfft_v9_1_9_viv.
INFO: [Synth 8-3332] Sequential element (xfft_inst/non_floating_point.arch_d.xfft_inst/pe_gen[0].natural_order_input.PE/delay_addr_bf2/no_sclr_lut.real_shift_ram.use_baseblock.use_hlutnm_srls.srl_loop[1].i_fdre1) is unused and will be removed from module xfft_v9_1_9_viv.
INFO: [Synth 8-3332] Sequential element (xfft_inst/non_floating_point.arch_d.xfft_inst/pe_gen[0].natural_order_input.PE/delay_addr_tw/no_sclr_lut.real_shift_ram.use_baseblock.use_hlutnm_srls.srl_loop[0].i_fdre0) is unused and will be removed from module xfft_v9_1_9_viv.
INFO: [Synth 8-3332] Sequential element (xfft_inst/non_floating_point.arch_d.xfft_inst/pe_gen[0].natural_order_input.PE/delay_addr_tw/no_sclr_lut.real_shift_ram.use_baseblock.use_hlutnm_srls.srl_loop[0].i_fdre1) is unused and will be removed from module xfft_v9_1_9_viv.
INFO: [Synth 8-3332] Sequential element (xfft_inst/non_floating_point.arch_d.xfft_inst/pe_gen[0].natural_order_input.PE/delay_addr_tw/no_sclr_lut.real_shift_ram.use_baseblock.use_hlutnm_srls.srl_loop[1].i_fdre0) is unused and will be removed from module xfft_v9_1_9_viv.
INFO: [Synth 8-3332] Sequential element (xfft_inst/non_floating_point.arch_d.xfft_inst/pe_gen[0].natural_order_input.PE/delay_addr_tw/no_sclr_lut.real_shift_ram.use_baseblock.use_hlutnm_srls.srl_loop[1].i_fdre1) is unused and will be removed from module xfft_v9_1_9_viv.
INFO: [Synth 8-3332] Sequential element (xfft_inst/non_floating_point.arch_d.xfft_inst/pe_gen[0].natural_order_input.PE/delay_addr_tw/no_sclr_lut.real_shift_ram.use_baseblock.use_hlutnm_srls.srl_loop[2].i_fdre0) is unused and will be removed from module xfft_v9_1_9_viv.
INFO: [Synth 8-3332] Sequential element (xfft_inst/non_floating_point.arch_d.xfft_inst/pe_gen[0].natural_order_input.PE/delay_addr_tw/no_sclr_lut.real_shift_ram.use_baseblock.use_hlutnm_srls.srl_loop[2].i_fdre1) is unused and will be removed from module xfft_v9_1_9_viv.
INFO: [Synth 8-3332] Sequential element (xfft_inst/non_floating_point.arch_d.xfft_inst/pe_gen[0].natural_order_input.PE/delay_addr_tw/no_sclr_lut.real_shift_ram.use_baseblock.use_hlutnm_srls.runt_srl_loop.i_fdre) is unused and will be removed from module xfft_v9_1_9_viv.
INFO: [Synth 8-3332] Sequential element (xfft_inst/non_floating_point.arch_d.xfft_inst/pe_gen[0].natural_order_input.PE/FB_1.BF_1/wr_addr_del/no_sclr_lut.real_shift_ram.use_baseblock.use_hlutnm_srls.srl_loop[0].i_fdre0) is unused and will be removed from module xfft_v9_1_9_viv.
INFO: [Synth 8-3332] Sequential element (xfft_inst/non_floating_point.arch_d.xfft_inst/pe_gen[0].natural_order_input.PE/FB_1.BF_1/wr_addr_del/no_sclr_lut.real_shift_ram.use_baseblock.use_hlutnm_srls.srl_loop[0].i_fdre1) is unused and will be removed from module xfft_v9_1_9_viv.
INFO: [Synth 8-3332] Sequential element (xfft_inst/non_floating_point.arch_d.xfft_inst/pe_gen[0].natural_order_input.PE/FB_1.BF_1/wr_addr_del/no_sclr_lut.real_shift_ram.use_baseblock.use_hlutnm_srls.srl_loop[1].i_fdre0) is unused and will be removed from module xfft_v9_1_9_viv.
INFO: [Synth 8-3332] Sequential element (xfft_inst/non_floating_point.arch_d.xfft_inst/pe_gen[0].natural_order_input.PE/FB_1.BF_1/wr_addr_del/no_sclr_lut.real_shift_ram.use_baseblock.use_hlutnm_srls.srl_loop[1].i_fdre1) is unused and will be removed from module xfft_v9_1_9_viv.
INFO: [Synth 8-3332] Sequential element (xfft_inst/non_floating_point.arch_d.xfft_inst/pe_gen[0].natural_order_input.PE/FB_1.BF_1/wr_addr_del/no_sclr_lut.real_shift_ram.use_baseblock.use_hlutnm_srls.srl_loop[2].i_fdre0) is unused and will be removed from module xfft_v9_1_9_viv.
INFO: [Synth 8-3332] Sequential element (xfft_inst/non_floating_point.arch_d.xfft_inst/pe_gen[0].natural_order_input.PE/FB_1.BF_1/wr_addr_del/no_sclr_lut.real_shift_ram.use_baseblock.use_hlutnm_srls.srl_loop[2].i_fdre1) is unused and will be removed from module xfft_v9_1_9_viv.
INFO: [Synth 8-3332] Sequential element (xfft_inst/non_floating_point.arch_d.xfft_inst/pe_gen[0].natural_order_input.PE/hasbf2.FB_2.BF_2/wr_addr_del/no_sclr_lut.real_shift_ram.use_baseblock.use_hlutnm_srls.srl_loop[0].i_fdre0) is unused and will be removed from module xfft_v9_1_9_viv.
INFO: [Synth 8-3332] Sequential element (xfft_inst/non_floating_point.arch_d.xfft_inst/pe_gen[0].natural_order_input.PE/hasbf2.FB_2.BF_2/wr_addr_del/no_sclr_lut.real_shift_ram.use_baseblock.use_hlutnm_srls.srl_loop[0].i_fdre1) is unused and will be removed from module xfft_v9_1_9_viv.
INFO: [Synth 8-3332] Sequential element (xfft_inst/non_floating_point.arch_d.xfft_inst/pe_gen[0].natural_order_input.PE/hasbf2.FB_2.BF_2/wr_addr_del/no_sclr_lut.real_shift_ram.use_baseblock.use_hlutnm_srls.srl_loop[1].i_fdre0) is unused and will be removed from module xfft_v9_1_9_viv.
INFO: [Synth 8-3332] Sequential element (xfft_inst/non_floating_point.arch_d.xfft_inst/pe_gen[0].natural_order_input.PE/hasbf2.FB_2.BF_2/wr_addr_del/no_sclr_lut.real_shift_ram.use_baseblock.use_hlutnm_srls.srl_loop[1].i_fdre1) is unused and will be removed from module xfft_v9_1_9_viv.
INFO: [Synth 8-3332] Sequential element (xfft_inst/non_floating_point.arch_d.xfft_inst/pe_gen[0].natural_order_input.PE/hasbf2.FB_2.BF_2/wr_addr_del/no_sclr_lut.real_shift_ram.use_baseblock.use_hlutnm_srls.runt_srl_loop.i_fdre) is unused and will be removed from module xfft_v9_1_9_viv.
INFO: [Synth 8-3332] Sequential element (xfft_inst/non_floating_point.arch_d.xfft_inst/pe_gen[0].natural_order_input.PE/scaling2bits.scaler_re/scale_mux/four_inputs.use_lut6.no_lut_sclr.four_to_one_mux[42].latency1.reg) is unused and will be removed from module xfft_v9_1_9_viv.
INFO: [Synth 8-3332] Sequential element (xfft_inst/non_floating_point.arch_d.xfft_inst/pe_gen[0].natural_order_input.PE/scaling2bits.scaler_re/scale_mux/four_inputs.use_lut6.no_lut_sclr.four_to_one_mux[41].latency1.reg) is unused and will be removed from module xfft_v9_1_9_viv.
INFO: [Synth 8-3332] Sequential element (xfft_inst/non_floating_point.arch_d.xfft_inst/pe_gen[0].natural_order_input.PE/scaling2bits.scaler_re/scale_mux/four_inputs.use_lut6.no_lut_sclr.four_to_one_mux[40].latency1.reg) is unused and will be removed from module xfft_v9_1_9_viv.
INFO: [Synth 8-3332] Sequential element (xfft_inst/non_floating_point.arch_d.xfft_inst/pe_gen[0].natural_order_input.PE/scaling2bits.scaler_im/scale_mux/four_inputs.use_lut6.no_lut_sclr.four_to_one_mux[42].latency1.reg) is unused and will be removed from module xfft_v9_1_9_viv.
INFO: [Synth 8-3332] Sequential element (xfft_inst/non_floating_point.arch_d.xfft_inst/pe_gen[0].natural_order_input.PE/scaling2bits.scaler_im/scale_mux/four_inputs.use_lut6.no_lut_sclr.four_to_one_mux[41].latency1.reg) is unused and will be removed from module xfft_v9_1_9_viv.
INFO: [Synth 8-3332] Sequential element (xfft_inst/non_floating_point.arch_d.xfft_inst/pe_gen[0].natural_order_input.PE/scaling2bits.scaler_im/scale_mux/four_inputs.use_lut6.no_lut_sclr.four_to_one_mux[40].latency1.reg) is unused and will be removed from module xfft_v9_1_9_viv.
INFO: [Synth 8-3332] Sequential element (xfft_inst/non_floating_point.arch_d.xfft_inst/pe_gen[0].natural_order_input.PE/rounding.ROUND_0/reg_gate.delay_d_2/no_sclr_lut.real_shift_ram.use_baseblock.use_hlutnm_srls.srl_loop[0].i_fdre0) is unused and will be removed from module xfft_v9_1_9_viv.
INFO: [Synth 8-3332] Sequential element (xfft_inst/non_floating_point.arch_d.xfft_inst/pe_gen[0].natural_order_input.PE/rounding.ROUND_1/reg_gate.delay_d_2/no_sclr_lut.real_shift_ram.use_baseblock.use_hlutnm_srls.srl_loop[0].i_fdre0) is unused and will be removed from module xfft_v9_1_9_viv.
INFO: [Synth 8-3332] Sequential element (xfft_inst/non_floating_point.arch_d.xfft_inst/pe_gen[0].natural_order_input.PE/has_scale_pipelining.has_tw_scale_reg.tw_scale_reg_gen[7].tw_scale_reg) is unused and will be removed from module xfft_v9_1_9_viv.
INFO: [Synth 8-3332] Sequential element (xfft_inst/non_floating_point.arch_d.xfft_inst/pe_gen[1].natural_order_input.PE/scaling2bits.scaler_re/scale_mux/four_inputs.use_lut6.no_lut_sclr.four_to_one_mux[42].latency1.reg) is unused and will be removed from module xfft_v9_1_9_viv.
INFO: [Synth 8-3332] Sequential element (xfft_inst/non_floating_point.arch_d.xfft_inst/pe_gen[1].natural_order_input.PE/scaling2bits.scaler_re/scale_mux/four_inputs.use_lut6.no_lut_sclr.four_to_one_mux[41].latency1.reg) is unused and will be removed from module xfft_v9_1_9_viv.
INFO: [Synth 8-3332] Sequential element (xfft_inst/non_floating_point.arch_d.xfft_inst/pe_gen[1].natural_order_input.PE/scaling2bits.scaler_re/scale_mux/four_inputs.use_lut6.no_lut_sclr.four_to_one_mux[40].latency1.reg) is unused and will be removed from module xfft_v9_1_9_viv.
INFO: [Synth 8-3332] Sequential element (xfft_inst/non_floating_point.arch_d.xfft_inst/pe_gen[1].natural_order_input.PE/scaling2bits.scaler_im/scale_mux/four_inputs.use_lut6.no_lut_sclr.four_to_one_mux[42].latency1.reg) is unused and will be removed from module xfft_v9_1_9_viv.
INFO: [Synth 8-3332] Sequential element (xfft_inst/non_floating_point.arch_d.xfft_inst/pe_gen[1].natural_order_input.PE/scaling2bits.scaler_im/scale_mux/four_inputs.use_lut6.no_lut_sclr.four_to_one_mux[41].latency1.reg) is unused and will be removed from module xfft_v9_1_9_viv.
INFO: [Synth 8-3332] Sequential element (xfft_inst/non_floating_point.arch_d.xfft_inst/pe_gen[1].natural_order_input.PE/scaling2bits.scaler_im/scale_mux/four_inputs.use_lut6.no_lut_sclr.four_to_one_mux[40].latency1.reg) is unused and will be removed from module xfft_v9_1_9_viv.
INFO: [Synth 8-3332] Sequential element (xfft_inst/non_floating_point.arch_d.xfft_inst/pe_gen[1].natural_order_input.PE/rounding.ROUND_0/reg_gate.delay_d_2/no_sclr_lut.real_shift_ram.use_baseblock.use_hlutnm_srls.srl_loop[0].i_fdre0) is unused and will be removed from module xfft_v9_1_9_viv.
INFO: [Synth 8-3332] Sequential element (xfft_inst/non_floating_point.arch_d.xfft_inst/pe_gen[1].natural_order_input.PE/rounding.ROUND_1/reg_gate.delay_d_2/no_sclr_lut.real_shift_ram.use_baseblock.use_hlutnm_srls.srl_loop[0].i_fdre0) is unused and will be removed from module xfft_v9_1_9_viv.
INFO: [Synth 8-3332] Sequential element (xfft_inst/non_floating_point.arch_d.xfft_inst/pe_gen[1].natural_order_input.PE/addr_select.bf1_addr_mux_gen[2].reg) is unused and will be removed from module xfft_v9_1_9_viv.
INFO: [Synth 8-3332] Sequential element (xfft_inst/non_floating_point.arch_d.xfft_inst/pe_gen[1].natural_order_input.PE/addr_select.bf1_addr_mux_gen[1].reg) is unused and will be removed from module xfft_v9_1_9_viv.
INFO: [Synth 8-3332] Sequential element (xfft_inst/non_floating_point.arch_d.xfft_inst/pe_gen[1].natural_order_input.PE/addr_select.bf1_addr_mux_gen[0].reg) is unused and will be removed from module xfft_v9_1_9_viv.
INFO: [Synth 8-3332] Sequential element (xfft_inst/non_floating_point.arch_d.xfft_inst/pe_gen[1].natural_order_input.PE/has_scale_pipelining.scale_select.scale_mux_gen[5].reg) is unused and will be removed from module xfft_v9_1_9_viv.
INFO: [Synth 8-3332] Sequential element (xfft_inst/non_floating_point.arch_d.xfft_inst/pe_gen[1].natural_order_input.PE/has_scale_pipelining.has_tw_scale_reg.tw_scale_reg_gen[5].tw_scale_reg) is unused and will be removed from module xfft_v9_1_9_viv.
INFO: [Synth 8-3332] Sequential element (xfft_inst/non_floating_point.arch_d.xfft_inst/pe_gen[2].natural_order_input.PE/delay_addr_tw/no_sclr_lut.real_shift_ram.use_baseblock.use_hlutnm_srls.srl_loop[0].i_fdre0) is unused and will be removed from module xfft_v9_1_9_viv.
INFO: [Synth 8-3332] Sequential element (xfft_inst/non_floating_point.arch_d.xfft_inst/pe_gen[2].natural_order_input.PE/delay_addr_tw/no_sclr_lut.real_shift_ram.use_baseblock.use_hlutnm_srls.srl_loop[0].i_fdre1) is unused and will be removed from module xfft_v9_1_9_viv.
INFO: [Synth 8-3332] Sequential element (xfft_inst/non_floating_point.arch_d.xfft_inst/pe_gen[2].natural_order_input.PE/delay_addr_tw/no_sclr_lut.real_shift_ram.use_baseblock.use_hlutnm_srls.runt_srl_loop.i_fdre) is unused and will be removed from module xfft_v9_1_9_viv.
INFO: [Synth 8-3332] Sequential element (xfft_inst/non_floating_point.arch_d.xfft_inst/pe_gen[2].natural_order_input.PE/scaling2bits.scaler_re/scale_mux/four_inputs.use_lut6.no_lut_sclr.four_to_one_mux[42].latency1.reg) is unused and will be removed from module xfft_v9_1_9_viv.
INFO: [Synth 8-3332] Sequential element (xfft_inst/non_floating_point.arch_d.xfft_inst/pe_gen[2].natural_order_input.PE/scaling2bits.scaler_re/scale_mux/four_inputs.use_lut6.no_lut_sclr.four_to_one_mux[41].latency1.reg) is unused and will be removed from module xfft_v9_1_9_viv.
INFO: [Synth 8-3332] Sequential element (xfft_inst/non_floating_point.arch_d.xfft_inst/pe_gen[2].natural_order_input.PE/scaling2bits.scaler_re/scale_mux/four_inputs.use_lut6.no_lut_sclr.four_to_one_mux[40].latency1.reg) is unused and will be removed from module xfft_v9_1_9_viv.
INFO: [Synth 8-3332] Sequential element (xfft_inst/non_floating_point.arch_d.xfft_inst/pe_gen[2].natural_order_input.PE/scaling2bits.scaler_im/scale_mux/four_inputs.use_lut6.no_lut_sclr.four_to_one_mux[42].latency1.reg) is unused and will be removed from module xfft_v9_1_9_viv.
INFO: [Synth 8-3332] Sequential element (xfft_inst/non_floating_point.arch_d.xfft_inst/pe_gen[2].natural_order_input.PE/scaling2bits.scaler_im/scale_mux/four_inputs.use_lut6.no_lut_sclr.four_to_one_mux[41].latency1.reg) is unused and will be removed from module xfft_v9_1_9_viv.
INFO: [Synth 8-3332] Sequential element (xfft_inst/non_floating_point.arch_d.xfft_inst/pe_gen[2].natural_order_input.PE/scaling2bits.scaler_im/scale_mux/four_inputs.use_lut6.no_lut_sclr.four_to_one_mux[40].latency1.reg) is unused and will be removed from module xfft_v9_1_9_viv.
INFO: [Synth 8-3332] Sequential element (xfft_inst/non_floating_point.arch_d.xfft_inst/pe_gen[2].natural_order_input.PE/rounding.ROUND_0/reg_gate.delay_d_2/no_sclr_lut.real_shift_ram.use_baseblock.use_hlutnm_srls.srl_loop[0].i_fdre0) is unused and will be removed from module xfft_v9_1_9_viv.
INFO: [Synth 8-3332] Sequential element (xfft_inst/non_floating_point.arch_d.xfft_inst/pe_gen[2].natural_order_input.PE/rounding.ROUND_1/reg_gate.delay_d_2/no_sclr_lut.real_shift_ram.use_baseblock.use_hlutnm_srls.srl_loop[0].i_fdre0) is unused and will be removed from module xfft_v9_1_9_viv.
INFO: [Synth 8-3332] Sequential element (xfft_inst/non_floating_point.arch_d.xfft_inst/pe_gen[2].natural_order_input.PE/addr_select.bf1_addr_mux_gen[0].reg) is unused and will be removed from module xfft_v9_1_9_viv.
INFO: [Synth 8-3332] Sequential element (xfft_inst/non_floating_point.arch_d.xfft_inst/pe_gen[2].natural_order_input.PE/has_scale_pipelining.scale_select.scale_mux_gen[3].reg) is unused and will be removed from module xfft_v9_1_9_viv.
INFO: [Synth 8-3332] Sequential element (xfft_inst/non_floating_point.arch_d.xfft_inst/pe_gen[2].natural_order_input.PE/has_scale_pipelining.has_tw_scale_reg.tw_scale_reg_gen[3].tw_scale_reg) is unused and will be removed from module xfft_v9_1_9_viv.
INFO: [Synth 8-3332] Sequential element (xfft_inst/non_floating_point.arch_d.xfft_inst/pe_gen[3].natural_order_input.PE/has_scale_pipelining.pe_scale_delay/no_sclr_lut.real_shift_ram.use_baseblock.use_hlutnm_srls.srl_loop[0].i_fdre1) is unused and will be removed from module xfft_v9_1_9_viv.
INFO: [Synth 8-3332] Sequential element (xfft_inst/non_floating_point.arch_d.xfft_inst/pe_gen[3].natural_order_input.PE/has_scale_pipelining.pe_ovflo_delay/no_sclr_lut.real_shift_ram.use_baseblock.use_hlutnm_srls.runt_srl_loop.i_fdre) is unused and will be removed from module xfft_v9_1_9_viv.
INFO: [Synth 8-3332] Sequential element (xfft_inst/non_floating_point.arch_d.xfft_inst/pe_gen[3].natural_order_input.PE/delay_addr_bf2/no_sclr_lut.real_shift_ram.use_baseblock.use_hlutnm_srls.runt_srl_loop.i_fdre) is unused and will be removed from module xfft_v9_1_9_viv.
INFO: [Synth 8-3332] Sequential element (xfft_inst/non_floating_point.arch_d.xfft_inst/pe_gen[3].natural_order_input.PE/delay_addr_tw/no_sclr_lut.real_shift_ram.use_baseblock.use_hlutnm_srls.runt_srl_loop.i_fdre) is unused and will be removed from module xfft_v9_1_9_viv.
INFO: [Synth 8-3332] Sequential element (xfft_inst/non_floating_point.arch_d.xfft_inst/pe_gen[3].natural_order_input.PE/rounding.ROUND_0/reg_gate.delay_d_2/no_sclr_lut.real_shift_ram.use_baseblock.use_hlutnm_srls.srl_loop[0].i_fdre0) is unused and will be removed from module xfft_v9_1_9_viv.
INFO: [Synth 8-3332] Sequential element (xfft_inst/non_floating_point.arch_d.xfft_inst/pe_gen[3].natural_order_input.PE/rounding.ROUND_1/reg_gate.delay_d_2/no_sclr_lut.real_shift_ram.use_baseblock.use_hlutnm_srls.srl_loop[0].i_fdre0) is unused and will be removed from module xfft_v9_1_9_viv.
INFO: [Synth 8-3332] Sequential element (xfft_inst/non_floating_point.arch_d.xfft_inst/has_bit_reverse.busy_gen/proc_start_delay/need_sclr_lut.real_shift_ram.FF_gen[0].reg) is unused and will be removed from module xfft_v9_1_9_viv.
INFO: [Synth 8-3332] Sequential element (xfft_inst/non_floating_point.arch_d.xfft_inst/timing_cnts_has_nfft.duplicate_regs[4].other.nfft_regs[4].nfft_regs_fde) is unused and will be removed from module xfft_v9_1_9_viv.
INFO: [Synth 8-3332] Sequential element (xfft_inst/non_floating_point.arch_d.xfft_inst/timing_cnts_has_nfft.duplicate_regs[4].other.nfft_regs[3].nfft_regs_fde) is unused and will be removed from module xfft_v9_1_9_viv.
INFO: [Synth 8-3332] Sequential element (xfft_inst/non_floating_point.arch_d.xfft_inst/timing_cnts_has_nfft.duplicate_regs[4].other.nfft_regs[2].nfft_regs_fde) is unused and will be removed from module xfft_v9_1_9_viv.
INFO: [Synth 8-3332] Sequential element (xfft_inst/non_floating_point.arch_d.xfft_inst/timing_cnts_has_nfft.duplicate_regs[4].other.nfft_regs[1].nfft_regs_fde) is unused and will be removed from module xfft_v9_1_9_viv.
INFO: [Synth 8-3332] Sequential element (xfft_inst/non_floating_point.arch_d.xfft_inst/timing_cnts_has_nfft.duplicate_regs[4].other.nfft_regs[0].nfft_regs_fde) is unused and will be removed from module xfft_v9_1_9_viv.
INFO: [Synth 8-3332] Sequential element (xfft_inst/non_floating_point.arch_d.xfft_inst/timing_cnts_has_nfft.duplicate_regs[3].other.nfft_regs[4].nfft_regs_fde) is unused and will be removed from module xfft_v9_1_9_viv.
INFO: [Synth 8-3332] Sequential element (xfft_inst/non_floating_point.arch_d.xfft_inst/timing_cnts_has_nfft.duplicate_regs[3].other.nfft_regs[3].nfft_regs_fde) is unused and will be removed from module xfft_v9_1_9_viv.
INFO: [Synth 8-3332] Sequential element (xfft_inst/non_floating_point.arch_d.xfft_inst/timing_cnts_has_nfft.duplicate_regs[2].other.nfft_regs[4].nfft_regs_fde) is unused and will be removed from module xfft_v9_1_9_viv.
INFO: [Common 17-14] Message 'Synth 8-3332' appears 100 times and further instances of the messages will be disabled. Use the Tcl command set_msg_config to change the current settings.
---------------------------------------------------------------------------------
Finished Cross Boundary and Area Optimization : Time (s): cpu = 00:01:19 ; elapsed = 00:01:30 . Memory (MB): peak = 2915.516 ; gain = 2019.473
---------------------------------------------------------------------------------
---------------------------------------------------------------------------------
Start Applying XDC Timing Constraints
---------------------------------------------------------------------------------
---------------------------------------------------------------------------------
Finished Applying XDC Timing Constraints : Time (s): cpu = 00:01:25 ; elapsed = 00:01:35 . Memory (MB): peak = 2915.516 ; gain = 2019.473
---------------------------------------------------------------------------------
---------------------------------------------------------------------------------
Start Timing Optimization
---------------------------------------------------------------------------------
---------------------------------------------------------------------------------
Finished Timing Optimization : Time (s): cpu = 00:01:27 ; elapsed = 00:01:37 . Memory (MB): peak = 2915.516 ; gain = 2019.473
---------------------------------------------------------------------------------
---------------------------------------------------------------------------------
Start Technology Mapping
---------------------------------------------------------------------------------
---------------------------------------------------------------------------------
Finished Technology Mapping : Time (s): cpu = 00:01:29 ; elapsed = 00:01:40 . Memory (MB): peak = 2915.516 ; gain = 2019.473
---------------------------------------------------------------------------------
---------------------------------------------------------------------------------
Start IO Insertion
---------------------------------------------------------------------------------
---------------------------------------------------------------------------------
Start Flattening Before IO Insertion
---------------------------------------------------------------------------------
---------------------------------------------------------------------------------
Finished Flattening Before IO Insertion
---------------------------------------------------------------------------------
---------------------------------------------------------------------------------
Start Final Netlist Cleanup
---------------------------------------------------------------------------------
---------------------------------------------------------------------------------
Finished Final Netlist Cleanup
---------------------------------------------------------------------------------
---------------------------------------------------------------------------------
Finished IO Insertion : Time (s): cpu = 00:01:32 ; elapsed = 00:01:43 . Memory (MB): peak = 2915.516 ; gain = 2019.473
---------------------------------------------------------------------------------
---------------------------------------------------------------------------------
Start Renaming Generated Instances
---------------------------------------------------------------------------------
---------------------------------------------------------------------------------
Finished Renaming Generated Instances : Time (s): cpu = 00:01:32 ; elapsed = 00:01:43 . Memory (MB): peak = 2915.516 ; gain = 2019.473
---------------------------------------------------------------------------------
---------------------------------------------------------------------------------
Start Rebuilding User Hierarchy
---------------------------------------------------------------------------------
---------------------------------------------------------------------------------
Finished Rebuilding User Hierarchy : Time (s): cpu = 00:01:33 ; elapsed = 00:01:44 . Memory (MB): peak = 2915.516 ; gain = 2019.473
---------------------------------------------------------------------------------
---------------------------------------------------------------------------------
Start Renaming Generated Ports
---------------------------------------------------------------------------------
---------------------------------------------------------------------------------
Finished Renaming Generated Ports : Time (s): cpu = 00:01:33 ; elapsed = 00:01:44 . Memory (MB): peak = 2915.516 ; gain = 2019.473
---------------------------------------------------------------------------------
---------------------------------------------------------------------------------
Start Handling Custom Attributes
---------------------------------------------------------------------------------
---------------------------------------------------------------------------------
Finished Handling Custom Attributes : Time (s): cpu = 00:01:33 ; elapsed = 00:01:44 . Memory (MB): peak = 2915.516 ; gain = 2019.473
---------------------------------------------------------------------------------
---------------------------------------------------------------------------------
Start Renaming Generated Nets
---------------------------------------------------------------------------------
---------------------------------------------------------------------------------
Finished Renaming Generated Nets : Time (s): cpu = 00:01:33 ; elapsed = 00:01:44 . Memory (MB): peak = 2915.516 ; gain = 2019.473
---------------------------------------------------------------------------------
---------------------------------------------------------------------------------
Start Writing Synthesis Report
---------------------------------------------------------------------------------

DSP Final Report (the ' indicates corresponding REG is set)
+----------------------+-------------+--------+--------+--------+--------+--------+------+------+------+------+-------+------+------+
|Module Name           | DSP Mapping | A Size | B Size | C Size | D Size | P Size | AREG | BREG | CREG | DREG | ADREG | MREG | PREG | 
+----------------------+-------------+--------+--------+--------+--------+--------+------+------+------+------+-------+------+------+
|cmpy_4_dsp48_mult_717 | Dynamic     | -      | -      | -      | -      | 0      | -    | -    | -    | -    | -     | 1    | 1    | 
|cmpy_4_dsp48_mult_717 | Dynamic     | -      | -      | -      | -      | 17     | -    | -    | -    | -    | -     | 1    | 1    | 
|cmpy_4_dsp48_mult_717 | Dynamic     | -      | -      | -      | -      | 0      | -    | -    | -    | -    | 1     | 1    | 1    | 
|cmpy_4_dsp48_mult_717 | Dynamic     | -      | -      | -      | -      | 44     | -    | -    | -    | -    | 1     | 1    | 1    | 
|cmpy_4_dsp48_mult_717 | Dynamic     | -      | -      | -      | -      | 0      | -    | -    | -    | -    | -     | 1    | 1    | 
|cmpy_4_dsp48_mult_717 | Dynamic     | -      | -      | -      | -      | 17     | -    | -    | -    | -    | -     | 1    | 1    | 
|cmpy_4_dsp48_mult_717 | Dynamic     | -      | -      | -      | -      | 0      | -    | -    | -    | -    | 1     | 1    | 1    | 
|cmpy_4_dsp48_mult_717 | Dynamic     | -      | -      | -      | -      | 44     | -    | -    | -    | -    | 1     | 1    | 1    | 
|cmpy_4_dsp48_mult_424 | Dynamic     | -      | -      | -      | -      | 0      | -    | -    | -    | -    | -     | 1    | 1    | 
|cmpy_4_dsp48_mult_424 | Dynamic     | -      | -      | -      | -      | 17     | -    | -    | -    | -    | -     | 1    | 1    | 
|cmpy_4_dsp48_mult_424 | Dynamic     | -      | -      | -      | -      | 0      | -    | -    | -    | -    | 1     | 1    | 1    | 
|cmpy_4_dsp48_mult_424 | Dynamic     | -      | -      | -      | -      | 44     | -    | -    | -    | -    | 1     | 1    | 1    | 
|cmpy_4_dsp48_mult_424 | Dynamic     | -      | -      | -      | -      | 0      | -    | -    | -    | -    | -     | 1    | 1    | 
|cmpy_4_dsp48_mult_424 | Dynamic     | -      | -      | -      | -      | 17     | -    | -    | -    | -    | -     | 1    | 1    | 
|cmpy_4_dsp48_mult_424 | Dynamic     | -      | -      | -      | -      | 0      | -    | -    | -    | -    | 1     | 1    | 1    | 
|cmpy_4_dsp48_mult_424 | Dynamic     | -      | -      | -      | -      | 44     | -    | -    | -    | -    | 1     | 1    | 1    | 
|cmpy_4_dsp48_mult     | Dynamic     | -      | -      | -      | -      | 0      | -    | -    | -    | -    | -     | 1    | 1    | 
|cmpy_4_dsp48_mult     | Dynamic     | -      | -      | -      | -      | 17     | -    | -    | -    | -    | -     | 1    | 1    | 
|cmpy_4_dsp48_mult     | Dynamic     | -      | -      | -      | -      | 0      | -    | -    | -    | -    | 1     | 1    | 1    | 
|cmpy_4_dsp48_mult     | Dynamic     | -      | -      | -      | -      | 44     | -    | -    | -    | -    | 1     | 1    | 1    | 
|cmpy_4_dsp48_mult     | Dynamic     | -      | -      | -      | -      | 0      | -    | -    | -    | -    | -     | 1    | 1    | 
|cmpy_4_dsp48_mult     | Dynamic     | -      | -      | -      | -      | 17     | -    | -    | -    | -    | -     | 1    | 1    | 
|cmpy_4_dsp48_mult     | Dynamic     | -      | -      | -      | -      | 0      | -    | -    | -    | -    | 1     | 1    | 1    | 
|cmpy_4_dsp48_mult     | Dynamic     | -      | -      | -      | -      | 44     | -    | -    | -    | -    | 1     | 1    | 1    | 
+----------------------+-------------+--------+--------+--------+--------+--------+------+------+------+------+-------+------+------+


Report BlackBoxes: 
+-+--------------+----------+
| |BlackBox name |Instances |
+-+--------------+----------+
+-+--------------+----------+

Report Cell Usage: 
+------+---------+------+
|      |Cell     |Count |
+------+---------+------+
|1     |DSP48E1  |    24|
|5     |LUT1     |    43|
|6     |LUT2     |   616|
|7     |LUT3     |  1796|
|8     |LUT4     |   466|
|9     |LUT5     |    65|
|10    |LUT6     |   422|
|11    |MUXCY    |  1254|
|12    |MUXF7    |    80|
|13    |RAMB18E1 |     2|
|14    |SRL16E   |  1464|
|15    |SRLC32E  |   241|
|16    |XORCY    |  1206|
|17    |FD       |     3|
|18    |FDE      |   731|
|19    |FDR      |    28|
|20    |FDRE     |  5537|
|21    |FDSE     |    43|
+------+---------+------+
---------------------------------------------------------------------------------
Finished Writing Synthesis Report : Time (s): cpu = 00:01:33 ; elapsed = 00:01:44 . Memory (MB): peak = 2915.516 ; gain = 2019.473
---------------------------------------------------------------------------------
Synthesis finished with 0 errors, 0 critical warnings and 860 warnings.
Synthesis Optimization Runtime : Time (s): cpu = 00:00:25 ; elapsed = 00:01:40 . Memory (MB): peak = 2915.516 ; gain = 2019.473
Synthesis Optimization Complete : Time (s): cpu = 00:01:33 ; elapsed = 00:01:44 . Memory (MB): peak = 2915.516 ; gain = 2019.473
INFO: [Project 1-571] Translating synthesized netlist
Netlist sorting complete. Time (s): cpu = 00:00:01 ; elapsed = 00:00:00.192 . Memory (MB): peak = 2915.516 ; gain = 0.000
INFO: [Netlist 29-17] Analyzing 3328 Unisim elements for replacement
INFO: [Netlist 29-28] Unisim Transformation completed in 0 CPU seconds
INFO: [Project 1-570] Preparing netlist for logic optimization
INFO: [Opt 31-138] Pushed 0 inverter(s) to 0 load pin(s).
Netlist sorting complete. Time (s): cpu = 00:00:00 ; elapsed = 00:00:00.004 . Memory (MB): peak = 2915.516 ; gain = 0.000
INFO: [Project 1-111] Unisim Transformation Summary:
  A total of 1119 instances were transformed.
  (MUXCY,XORCY) => CARRY4: 357 instances
  FD => FDRE: 3 instances
  FDE => FDRE: 731 instances
  FDR => FDRE: 28 instances

Synth Design complete | Checksum: 26094f2
INFO: [Common 17-83] Releasing license: Synthesis
193 Infos, 102 Warnings, 0 Critical Warnings and 0 Errors encountered.
synth_design completed successfully
synth_design: Time (s): cpu = 00:01:40 ; elapsed = 00:01:52 . Memory (MB): peak = 2915.516 ; gain = 2428.906
INFO: [Common 17-1381] The checkpoint 'C:/Users/gm/Vivado Projects/complete_det_final_debug/complete_det_final_debug.runs/xfft_1_synth_1/xfft_1.dcp' has been generated.
INFO: [Coretcl 2-1648] Added synthesis output to IP cache for IP xfft_1, cache-ID = c355f32918f87b7a
INFO: [Coretcl 2-1174] Renamed 1171 cell refs.
INFO: [Common 17-1381] The checkpoint 'C:/Users/gm/Vivado Projects/complete_det_final_debug/complete_det_final_debug.runs/xfft_1_synth_1/xfft_1.dcp' has been generated.
INFO: [runtcl-4] Executing : report_utilization -file xfft_1_utilization_synth.rpt -pb xfft_1_utilization_synth.pb
INFO: [Common 17-206] Exiting Vivado at Thu Sep  3 10:43:26 2026...
