
*** Running vivado
    with args -log fam_detector_system_top.vds -m64 -product Vivado -mode batch -messageDb vivado.pb -notrace -source fam_detector_system_top.tcl


ECHO is off.
ECHO is off.

****** Vivado v2023.1 (64-bit)
  **** SW Build 3865809 on Sun May  7 15:05:29 MDT 2023
  **** IP Build 3864474 on Sun May  7 20:36:21 MDT 2023
  **** SharedData Build 3865790 on Sun May 07 13:33:03 MDT 2023
    ** Copyright 1986-2022 Xilinx, Inc. All Rights Reserved.
    ** Copyright 2022-2023 Advanced Micro Devices, Inc. All Rights Reserved.

source fam_detector_system_top.tcl -notrace
create_project: Time (s): cpu = 00:00:06 ; elapsed = 00:00:07 . Memory (MB): peak = 448.621 ; gain = 157.125
INFO: [IP_Flow 19-234] Refreshing IP repositories
INFO: [IP_Flow 19-1700] Loaded user IP repository 'd:/Desktop PRE-FORMAT 25/CR_CYCLO/Verilog/ComBlock/core-comblock-master/src'.
INFO: [IP_Flow 19-2313] Loaded Vivado IP repository 'C:/Xilinx/Vivado/2023.1/data/ip'.
WARNING: [IP_Flow 19-4995] The host OS only allows 260 characters in a normal path. The IP cache path is more than 80 characters. If you experience issues with IP caching, please consider changing the IP cache to a location with a shorter path. Alternately consider using the OS subst command to map part of the path to a drive letter. 
Current IP cache path is c:/Users/gm/Vivado Projects/complete_det_modded_turbo/complete_det_modded_turbo.cache/ip 
Command: read_checkpoint -auto_incremental -incremental {C:/Users/gm/Vivado Projects/complete_det_modded_turbo/complete_det_modded_turbo.srcs/utils_1/imports/synth_1/first_stage_wrapper.dcp}
INFO: [Vivado 12-5825] Read reference checkpoint from C:/Users/gm/Vivado Projects/complete_det_modded_turbo/complete_det_modded_turbo.srcs/utils_1/imports/synth_1/first_stage_wrapper.dcp for incremental synthesis
INFO: [Vivado 12-7989] Please ensure there are no constraint changes
Command: synth_design -top fam_detector_system_top -part xc7z020clg484-1
Starting synth_design
Attempting to get a license for feature 'Synthesis' and/or device 'xc7z020'
INFO: [Common 17-349] Got license for feature 'Synthesis' and/or device 'xc7z020'
INFO: [Device 21-403] Loading part xc7z020clg484-1
INFO: [Designutils 20-5440] No compile time benefit to using incremental synthesis; A full resynthesis will be run
INFO: [Designutils 20-4379] Flow is switching to default flow due to incremental criteria not met. If you would like to alter this behaviour and have the flow terminate instead, please set the following parameter config_implementation {autoIncr.Synth.RejectBehavior Terminate}
INFO: [Synth 8-7079] Multithreading enabled for synth_design using a maximum of 2 processes.
INFO: [Synth 8-7078] Launching helper process for spawning children vivado processes
INFO: [Synth 8-7075] Helper process launched with PID 20712
---------------------------------------------------------------------------------
Starting RTL Elaboration : Time (s): cpu = 00:00:03 ; elapsed = 00:00:04 . Memory (MB): peak = 1315.773 ; gain = 409.754
---------------------------------------------------------------------------------
INFO: [Synth 8-6157] synthesizing module 'fam_detector_system_top' [C:/Users/gm/Vivado Projects/complete_det_modded_turbo/complete_det_modded_turbo.srcs/sources_1/new/top.sv:3]
INFO: [Synth 8-6157] synthesizing module 'ps_comblock_setup_wrapper' [C:/Users/gm/Vivado Projects/complete_det_modded_turbo/complete_det_modded_turbo.gen/sources_1/bd/ps_comblock_setup/hdl/ps_comblock_setup_wrapper.v:13]
INFO: [Synth 8-6157] synthesizing module 'ps_comblock_setup' [c:/Users/gm/Vivado Projects/complete_det_modded_turbo/complete_det_modded_turbo.gen/sources_1/bd/ps_comblock_setup/synth/ps_comblock_setup.v:13]
INFO: [Synth 8-6157] synthesizing module 'ps_comblock_setup_comblock_0_0' [C:/Users/gm/Vivado Projects/complete_det_modded_turbo/complete_det_modded_turbo.runs/synth_1/.Xil/Vivado-16412-Geronimo/realtime/ps_comblock_setup_comblock_0_0_stub.v:6]
INFO: [Synth 8-6155] done synthesizing module 'ps_comblock_setup_comblock_0_0' (0#1) [C:/Users/gm/Vivado Projects/complete_det_modded_turbo/complete_det_modded_turbo.runs/synth_1/.Xil/Vivado-16412-Geronimo/realtime/ps_comblock_setup_comblock_0_0_stub.v:6]
INFO: [Synth 8-6157] synthesizing module 'ps_comblock_setup_processing_system7_0_0' [C:/Users/gm/Vivado Projects/complete_det_modded_turbo/complete_det_modded_turbo.runs/synth_1/.Xil/Vivado-16412-Geronimo/realtime/ps_comblock_setup_processing_system7_0_0_stub.v:6]
INFO: [Synth 8-6155] done synthesizing module 'ps_comblock_setup_processing_system7_0_0' (0#1) [C:/Users/gm/Vivado Projects/complete_det_modded_turbo/complete_det_modded_turbo.runs/synth_1/.Xil/Vivado-16412-Geronimo/realtime/ps_comblock_setup_processing_system7_0_0_stub.v:6]
WARNING: [Synth 8-7071] port 'USB0_PORT_INDCTL' of module 'ps_comblock_setup_processing_system7_0_0' is unconnected for instance 'processing_system7_0' [c:/Users/gm/Vivado Projects/complete_det_modded_turbo/complete_det_modded_turbo.gen/sources_1/bd/ps_comblock_setup/synth/ps_comblock_setup.v:245]
WARNING: [Synth 8-7071] port 'USB0_VBUS_PWRSELECT' of module 'ps_comblock_setup_processing_system7_0_0' is unconnected for instance 'processing_system7_0' [c:/Users/gm/Vivado Projects/complete_det_modded_turbo/complete_det_modded_turbo.gen/sources_1/bd/ps_comblock_setup/synth/ps_comblock_setup.v:245]
WARNING: [Synth 8-7023] instance 'processing_system7_0' of module 'ps_comblock_setup_processing_system7_0_0' has 65 connections declared, but only 63 given [c:/Users/gm/Vivado Projects/complete_det_modded_turbo/complete_det_modded_turbo.gen/sources_1/bd/ps_comblock_setup/synth/ps_comblock_setup.v:245]
INFO: [Synth 8-6157] synthesizing module 'ps_comblock_setup_ps7_0_axi_periph_0' [c:/Users/gm/Vivado Projects/complete_det_modded_turbo/complete_det_modded_turbo.gen/sources_1/bd/ps_comblock_setup/synth/ps_comblock_setup.v:382]
INFO: [Synth 8-6157] synthesizing module 's00_couplers_imp_OM2N7M' [c:/Users/gm/Vivado Projects/complete_det_modded_turbo/complete_det_modded_turbo.gen/sources_1/bd/ps_comblock_setup/synth/ps_comblock_setup.v:697]
INFO: [Synth 8-6157] synthesizing module 'ps_comblock_setup_auto_pc_0' [C:/Users/gm/Vivado Projects/complete_det_modded_turbo/complete_det_modded_turbo.runs/synth_1/.Xil/Vivado-16412-Geronimo/realtime/ps_comblock_setup_auto_pc_0_stub.v:6]
INFO: [Synth 8-6155] done synthesizing module 'ps_comblock_setup_auto_pc_0' (0#1) [C:/Users/gm/Vivado Projects/complete_det_modded_turbo/complete_det_modded_turbo.runs/synth_1/.Xil/Vivado-16412-Geronimo/realtime/ps_comblock_setup_auto_pc_0_stub.v:6]
INFO: [Synth 8-6155] done synthesizing module 's00_couplers_imp_OM2N7M' (0#1) [c:/Users/gm/Vivado Projects/complete_det_modded_turbo/complete_det_modded_turbo.gen/sources_1/bd/ps_comblock_setup/synth/ps_comblock_setup.v:697]
INFO: [Synth 8-6155] done synthesizing module 'ps_comblock_setup_ps7_0_axi_periph_0' (0#1) [c:/Users/gm/Vivado Projects/complete_det_modded_turbo/complete_det_modded_turbo.gen/sources_1/bd/ps_comblock_setup/synth/ps_comblock_setup.v:382]
INFO: [Synth 8-6157] synthesizing module 'ps_comblock_setup_rst_ps7_0_100M_0' [C:/Users/gm/Vivado Projects/complete_det_modded_turbo/complete_det_modded_turbo.runs/synth_1/.Xil/Vivado-16412-Geronimo/realtime/ps_comblock_setup_rst_ps7_0_100M_0_stub.v:6]
INFO: [Synth 8-6155] done synthesizing module 'ps_comblock_setup_rst_ps7_0_100M_0' (0#1) [C:/Users/gm/Vivado Projects/complete_det_modded_turbo/complete_det_modded_turbo.runs/synth_1/.Xil/Vivado-16412-Geronimo/realtime/ps_comblock_setup_rst_ps7_0_100M_0_stub.v:6]
WARNING: [Synth 8-7071] port 'mb_reset' of module 'ps_comblock_setup_rst_ps7_0_100M_0' is unconnected for instance 'rst_ps7_0_100M' [c:/Users/gm/Vivado Projects/complete_det_modded_turbo/complete_det_modded_turbo.gen/sources_1/bd/ps_comblock_setup/synth/ps_comblock_setup.v:373]
WARNING: [Synth 8-7071] port 'bus_struct_reset' of module 'ps_comblock_setup_rst_ps7_0_100M_0' is unconnected for instance 'rst_ps7_0_100M' [c:/Users/gm/Vivado Projects/complete_det_modded_turbo/complete_det_modded_turbo.gen/sources_1/bd/ps_comblock_setup/synth/ps_comblock_setup.v:373]
WARNING: [Synth 8-7071] port 'peripheral_reset' of module 'ps_comblock_setup_rst_ps7_0_100M_0' is unconnected for instance 'rst_ps7_0_100M' [c:/Users/gm/Vivado Projects/complete_det_modded_turbo/complete_det_modded_turbo.gen/sources_1/bd/ps_comblock_setup/synth/ps_comblock_setup.v:373]
WARNING: [Synth 8-7071] port 'interconnect_aresetn' of module 'ps_comblock_setup_rst_ps7_0_100M_0' is unconnected for instance 'rst_ps7_0_100M' [c:/Users/gm/Vivado Projects/complete_det_modded_turbo/complete_det_modded_turbo.gen/sources_1/bd/ps_comblock_setup/synth/ps_comblock_setup.v:373]
WARNING: [Synth 8-7023] instance 'rst_ps7_0_100M' of module 'ps_comblock_setup_rst_ps7_0_100M_0' has 10 connections declared, but only 6 given [c:/Users/gm/Vivado Projects/complete_det_modded_turbo/complete_det_modded_turbo.gen/sources_1/bd/ps_comblock_setup/synth/ps_comblock_setup.v:373]
INFO: [Synth 8-6155] done synthesizing module 'ps_comblock_setup' (0#1) [c:/Users/gm/Vivado Projects/complete_det_modded_turbo/complete_det_modded_turbo.gen/sources_1/bd/ps_comblock_setup/synth/ps_comblock_setup.v:13]
INFO: [Synth 8-6155] done synthesizing module 'ps_comblock_setup_wrapper' (0#1) [C:/Users/gm/Vivado Projects/complete_det_modded_turbo/complete_det_modded_turbo.gen/sources_1/bd/ps_comblock_setup/hdl/ps_comblock_setup_wrapper.v:13]
INFO: [Synth 8-6157] synthesizing module 'comblock_adapter' [C:/Users/gm/Vivado Projects/complete_det_modded_turbo/complete_det_modded_turbo.srcs/sources_1/new/comblock_adapter.sv:3]
	Parameter NB_SAMPLE_DATA bound to: 12 - type: integer 
	Parameter N_SAMPLES_MAX bound to: 1024 - type: integer 
INFO: [Synth 8-6155] done synthesizing module 'comblock_adapter' (0#1) [C:/Users/gm/Vivado Projects/complete_det_modded_turbo/complete_det_modded_turbo.srcs/sources_1/new/comblock_adapter.sv:3]
INFO: [Synth 8-6157] synthesizing module 'fam_detector_top' [C:/Users/gm/Vivado Projects/complete_det_modded_turbo/complete_det_modded_turbo.srcs/sources_1/new/fam_detector_top.sv:1]
	Parameter N_DESIRED_MAX bound to: 1024 - type: integer 
	Parameter P_MAX bound to: 128 - type: integer 
	Parameter NB_SAMPLE_DATA bound to: 12 - type: integer 
	Parameter NBF_SAMPLE_DATA bound to: 9 - type: integer 
	Parameter N_NOISE_SAMPLES_MAX bound to: 1024 - type: integer 
	Parameter NBF_NOISE_DATA bound to: 9 - type: integer 
	Parameter NB_THRESHOLD bound to: 65 - type: integer 
	Parameter NBF_THRESHOLD bound to: 62 - type: integer 
	Parameter NB_DETECT bound to: 16 - type: integer 
	Parameter FFT2_CONFIG_WIDTH bound to: 17 - type: integer 
INFO: [Synth 8-6157] synthesizing module 'threshold_calculator' [C:/Users/gm/Vivado Projects/complete_det_modded_turbo/complete_det_modded_turbo.srcs/sources_1/new/threshold_calculator.sv:1]
	Parameter N_NOISE_SAMPLES_MAX bound to: 1024 - type: integer 
	Parameter N_DATA_SAMPLES bound to: 1024 - type: integer 
	Parameter NB_DATA bound to: 12 - type: integer 
	Parameter NBF_DATA bound to: 9 - type: integer 
	Parameter NB_THRESHOLD bound to: 65 - type: integer 
	Parameter NBF_THRESHOLD bound to: 62 - type: integer 
INFO: [Synth 8-6157] synthesizing module 'threshold_rom' [C:/Users/gm/Vivado Projects/complete_det_modded_turbo/complete_det_modded_turbo.srcs/sources_1/new/threshold_rom.sv:1]
	Parameter N_PFA bound to: 10 - type: integer 
	Parameter NB_OUT bound to: 65 - type: integer 
INFO: [Synth 8-6155] done synthesizing module 'threshold_rom' (0#1) [C:/Users/gm/Vivado Projects/complete_det_modded_turbo/complete_det_modded_turbo.srcs/sources_1/new/threshold_rom.sv:1]
INFO: [Synth 8-6157] synthesizing module 'noise_calc' [C:/Users/gm/Vivado Projects/complete_det_modded_turbo/complete_det_modded_turbo.srcs/sources_1/new/noise_calc.sv:1]
	Parameter NB_DATA bound to: 12 - type: integer 
	Parameter N_SAMPLES bound to: 1024 - type: integer 
	Parameter NB_OUT bound to: 34 - type: integer 
INFO: [Synth 8-6157] synthesizing module 'squarediffmacc_mod' [C:/Users/gm/Vivado Projects/complete_det_modded_turbo/complete_det_modded_turbo.srcs/sources_1/new/squarediffmacc_mod.sv:1]
	Parameter IN_WIDHT bound to: 12 - type: integer 
	Parameter OUT_WIDTH bound to: 34 - type: integer 
	Parameter N_SAMPLES bound to: 1024 - type: integer 
INFO: [Synth 8-6155] done synthesizing module 'squarediffmacc_mod' (0#1) [C:/Users/gm/Vivado Projects/complete_det_modded_turbo/complete_det_modded_turbo.srcs/sources_1/new/squarediffmacc_mod.sv:1]
INFO: [Synth 8-6155] done synthesizing module 'noise_calc' (0#1) [C:/Users/gm/Vivado Projects/complete_det_modded_turbo/complete_det_modded_turbo.srcs/sources_1/new/noise_calc.sv:1]
INFO: [Synth 8-6155] done synthesizing module 'threshold_calculator' (0#1) [C:/Users/gm/Vivado Projects/complete_det_modded_turbo/complete_det_modded_turbo.srcs/sources_1/new/threshold_calculator.sv:1]
INFO: [Synth 8-6157] synthesizing module 'first_stage_wrapper' [C:/Users/gm/Vivado Projects/complete_det_modded_turbo/complete_det_modded_turbo.srcs/sources_1/new/op_first_stage_wrapper.sv:1]
	Parameter NP bound to: 32 - type: integer 
	Parameter P_MAX bound to: 128 - type: integer 
	Parameter NB_SAMPLES bound to: 12 - type: integer 
	Parameter NBF_SAMPLES bound to: 9 - type: integer 
	Parameter NB_WINDOWS bound to: 8 - type: integer 
	Parameter NBF_WINDOWS bound to: 7 - type: integer 
	Parameter NB_DATA bound to: 16 - type: integer 
	Parameter NBF_DATA bound to: 13 - type: integer 
	Parameter N_FFT bound to: 4 - type: integer 
	Parameter AXI_CONFIG_WIDTH bound to: 7 - type: integer 
INFO: [Synth 8-6157] synthesizing module 'xfft_0' [C:/Users/gm/Vivado Projects/complete_det_modded_turbo/complete_det_modded_turbo.runs/synth_1/.Xil/Vivado-16412-Geronimo/realtime/xfft_0_stub.v:6]
INFO: [Synth 8-6155] done synthesizing module 'xfft_0' (0#1) [C:/Users/gm/Vivado Projects/complete_det_modded_turbo/complete_det_modded_turbo.runs/synth_1/.Xil/Vivado-16412-Geronimo/realtime/xfft_0_stub.v:6]
INFO: [Synth 8-6157] synthesizing module 'input_window_pipelined' [C:/Users/gm/Vivado Projects/complete_det_modded_turbo/complete_det_modded_turbo.srcs/sources_1/new/op_input_window_pipelined.sv:1]
	Parameter NP bound to: 32 - type: integer 
	Parameter NB_SAMPLES bound to: 12 - type: integer 
	Parameter NBF_SAMPLES bound to: 9 - type: integer 
	Parameter NB_WINDOWS bound to: 8 - type: integer 
	Parameter NBF_WINDOWS bound to: 7 - type: integer 
	Parameter NB_OUTPUT bound to: 16 - type: integer 
	Parameter NBF_OUTPUT bound to: 13 - type: integer 
INFO: [Synth 8-6155] done synthesizing module 'input_window_pipelined' (0#1) [C:/Users/gm/Vivado Projects/complete_det_modded_turbo/complete_det_modded_turbo.srcs/sources_1/new/op_input_window_pipelined.sv:1]
INFO: [Synth 8-6157] synthesizing module 'first_stage_fsmd_4fft_no_ram' [C:/Users/gm/Vivado Projects/complete_det_modded_turbo/complete_det_modded_turbo.srcs/sources_1/new/op_first_stage_fsmd.sv:1]
	Parameter P_MAX bound to: 128 - type: integer 
	Parameter NP bound to: 32 - type: integer 
	Parameter NB_DATA bound to: 16 - type: integer 
	Parameter NBF_DATA bound to: 13 - type: integer 
	Parameter NB_WIN bound to: 8 - type: integer 
	Parameter NBF_WIN bound to: 7 - type: integer 
	Parameter N_FFT bound to: 4 - type: integer 
	Parameter AXI_CONFIG_WIDTH bound to: 7 - type: integer 
INFO: [Synth 8-6155] done synthesizing module 'first_stage_fsmd_4fft_no_ram' (0#1) [C:/Users/gm/Vivado Projects/complete_det_modded_turbo/complete_det_modded_turbo.srcs/sources_1/new/op_first_stage_fsmd.sv:1]
INFO: [Synth 8-6155] done synthesizing module 'first_stage_wrapper' (0#1) [C:/Users/gm/Vivado Projects/complete_det_modded_turbo/complete_det_modded_turbo.srcs/sources_1/new/op_first_stage_wrapper.sv:1]
INFO: [Synth 8-6157] synthesizing module 'second_stage_wrapper' [C:/Users/gm/Vivado Projects/complete_det_modded_turbo/complete_det_modded_turbo.srcs/sources_1/new/second_stage_wrapper.sv:1]
	Parameter N_BANKS bound to: 4 - type: integer 
	Parameter N_ENGINES bound to: 4 - type: integer 
	Parameter NP bound to: 32 - type: integer 
	Parameter P_MIN bound to: 8 - type: integer 
	Parameter P_MAX bound to: 128 - type: integer 
	Parameter NB_DATA bound to: 16 - type: integer 
	Parameter FFT2_CONFIG_WIDTH bound to: 17 - type: integer 
	Parameter FFT2_DATA_WIDTH bound to: 64 - type: integer 
INFO: [Synth 8-6157] synthesizing module 'cmpy_0' [C:/Users/gm/Vivado Projects/complete_det_modded_turbo/complete_det_modded_turbo.runs/synth_1/.Xil/Vivado-16412-Geronimo/realtime/cmpy_0_stub.v:6]
INFO: [Synth 8-6155] done synthesizing module 'cmpy_0' (0#1) [C:/Users/gm/Vivado Projects/complete_det_modded_turbo/complete_det_modded_turbo.runs/synth_1/.Xil/Vivado-16412-Geronimo/realtime/cmpy_0_stub.v:6]
INFO: [Synth 8-6157] synthesizing module 'xfft_1' [C:/Users/gm/Vivado Projects/complete_det_modded_turbo/complete_det_modded_turbo.runs/synth_1/.Xil/Vivado-16412-Geronimo/realtime/xfft_1_stub.v:6]
INFO: [Synth 8-6155] done synthesizing module 'xfft_1' (0#1) [C:/Users/gm/Vivado Projects/complete_det_modded_turbo/complete_det_modded_turbo.runs/synth_1/.Xil/Vivado-16412-Geronimo/realtime/xfft_1_stub.v:6]
INFO: [Synth 8-6157] synthesizing module 'second_stage_controller' [C:/Users/gm/Vivado Projects/complete_det_modded_turbo/complete_det_modded_turbo.srcs/sources_1/new/second_stage_controller.sv:1]
	Parameter NP bound to: 32 - type: integer 
	Parameter N_ENGINES bound to: 4 - type: integer 
	Parameter PAIR_COUNT bound to: 496 - type: integer 
INFO: [Synth 8-6155] done synthesizing module 'second_stage_controller' (0#1) [C:/Users/gm/Vivado Projects/complete_det_modded_turbo/complete_det_modded_turbo.srcs/sources_1/new/second_stage_controller.sv:1]
INFO: [Synth 8-6157] synthesizing module 'phase_corrector_4lane' [C:/Users/gm/Vivado Projects/complete_det_modded_turbo/complete_det_modded_turbo.srcs/sources_1/new/phase_corrector_4lane.sv:1]
	Parameter NB_DATA bound to: 16 - type: integer 
	Parameter SATURATE_NEG bound to: 1'b1 
INFO: [Synth 8-6157] synthesizing module 'phase_corrector_stream' [C:/Users/gm/Vivado Projects/complete_det_modded_turbo/complete_det_modded_turbo.srcs/sources_1/new/phase_corrector_stream.sv:1]
	Parameter NB_DATA bound to: 16 - type: integer 
	Parameter NBF_IN bound to: 13 - type: integer 
	Parameter NBF_OUT bound to: 15 - type: integer 
	Parameter FFT_ID bound to: 0 - type: integer 
	Parameter SATURATE_NEG bound to: 1'b1 
	Parameter SATURATE_RESIZE bound to: 1'b1 
INFO: [Synth 8-226] default block is never used [C:/Users/gm/Vivado Projects/complete_det_modded_turbo/complete_det_modded_turbo.srcs/sources_1/new/phase_corrector_stream.sv:133]
INFO: [Synth 8-6155] done synthesizing module 'phase_corrector_stream' (0#1) [C:/Users/gm/Vivado Projects/complete_det_modded_turbo/complete_det_modded_turbo.srcs/sources_1/new/phase_corrector_stream.sv:1]
INFO: [Synth 8-6157] synthesizing module 'phase_corrector_stream__parameterized0' [C:/Users/gm/Vivado Projects/complete_det_modded_turbo/complete_det_modded_turbo.srcs/sources_1/new/phase_corrector_stream.sv:1]
	Parameter NB_DATA bound to: 16 - type: integer 
	Parameter NBF_IN bound to: 13 - type: integer 
	Parameter NBF_OUT bound to: 15 - type: integer 
	Parameter FFT_ID bound to: 1 - type: integer 
	Parameter SATURATE_NEG bound to: 1'b1 
	Parameter SATURATE_RESIZE bound to: 1'b1 
INFO: [Synth 8-226] default block is never used [C:/Users/gm/Vivado Projects/complete_det_modded_turbo/complete_det_modded_turbo.srcs/sources_1/new/phase_corrector_stream.sv:133]
INFO: [Synth 8-6155] done synthesizing module 'phase_corrector_stream__parameterized0' (0#1) [C:/Users/gm/Vivado Projects/complete_det_modded_turbo/complete_det_modded_turbo.srcs/sources_1/new/phase_corrector_stream.sv:1]
INFO: [Synth 8-6157] synthesizing module 'phase_corrector_stream__parameterized1' [C:/Users/gm/Vivado Projects/complete_det_modded_turbo/complete_det_modded_turbo.srcs/sources_1/new/phase_corrector_stream.sv:1]
	Parameter NB_DATA bound to: 16 - type: integer 
	Parameter NBF_IN bound to: 13 - type: integer 
	Parameter NBF_OUT bound to: 15 - type: integer 
	Parameter FFT_ID bound to: 2 - type: integer 
	Parameter SATURATE_NEG bound to: 1'b1 
	Parameter SATURATE_RESIZE bound to: 1'b1 
INFO: [Synth 8-226] default block is never used [C:/Users/gm/Vivado Projects/complete_det_modded_turbo/complete_det_modded_turbo.srcs/sources_1/new/phase_corrector_stream.sv:133]
INFO: [Synth 8-6155] done synthesizing module 'phase_corrector_stream__parameterized1' (0#1) [C:/Users/gm/Vivado Projects/complete_det_modded_turbo/complete_det_modded_turbo.srcs/sources_1/new/phase_corrector_stream.sv:1]
INFO: [Synth 8-6157] synthesizing module 'phase_corrector_stream__parameterized2' [C:/Users/gm/Vivado Projects/complete_det_modded_turbo/complete_det_modded_turbo.srcs/sources_1/new/phase_corrector_stream.sv:1]
	Parameter NB_DATA bound to: 16 - type: integer 
	Parameter NBF_IN bound to: 13 - type: integer 
	Parameter NBF_OUT bound to: 15 - type: integer 
	Parameter FFT_ID bound to: 3 - type: integer 
	Parameter SATURATE_NEG bound to: 1'b1 
	Parameter SATURATE_RESIZE bound to: 1'b1 
INFO: [Synth 8-226] default block is never used [C:/Users/gm/Vivado Projects/complete_det_modded_turbo/complete_det_modded_turbo.srcs/sources_1/new/phase_corrector_stream.sv:133]
INFO: [Synth 8-6155] done synthesizing module 'phase_corrector_stream__parameterized2' (0#1) [C:/Users/gm/Vivado Projects/complete_det_modded_turbo/complete_det_modded_turbo.srcs/sources_1/new/phase_corrector_stream.sv:1]
INFO: [Synth 8-6155] done synthesizing module 'phase_corrector_4lane' (0#1) [C:/Users/gm/Vivado Projects/complete_det_modded_turbo/complete_det_modded_turbo.srcs/sources_1/new/phase_corrector_4lane.sv:1]
INFO: [Synth 8-6157] synthesizing module 'scd_fft1_store_banked' [C:/Users/gm/Vivado Projects/complete_det_modded_turbo/complete_det_modded_turbo.srcs/sources_1/new/scd_fft1_store_banked.sv:1]
	Parameter N_BANKS bound to: 4 - type: integer 
	Parameter NP bound to: 32 - type: integer 
	Parameter P_MIN bound to: 8 - type: integer 
	Parameter P_MAX bound to: 128 - type: integer 
	Parameter DATA_WIDTH bound to: 32 - type: integer 
INFO: [Synth 8-6157] synthesizing module 'scd_fft1_bank_tdp_ram' [C:/Users/gm/Vivado Projects/complete_det_modded_turbo/complete_det_modded_turbo.srcs/sources_1/new/scd_fft1_bank_tdp_ram.sv:1]
	Parameter DATA_WIDTH bound to: 32 - type: integer 
	Parameter DEPTH bound to: 1024 - type: integer 
	Parameter ADDR_WIDTH bound to: 10 - type: integer 
INFO: [Synth 8-6155] done synthesizing module 'scd_fft1_bank_tdp_ram' (0#1) [C:/Users/gm/Vivado Projects/complete_det_modded_turbo/complete_det_modded_turbo.srcs/sources_1/new/scd_fft1_bank_tdp_ram.sv:1]
INFO: [Synth 8-6155] done synthesizing module 'scd_fft1_store_banked' (0#1) [C:/Users/gm/Vivado Projects/complete_det_modded_turbo/complete_det_modded_turbo.srcs/sources_1/new/scd_fft1_store_banked.sv:1]
INFO: [Synth 8-6157] synthesizing module 'scd_pair_streamer_parallel' [C:/Users/gm/Vivado Projects/complete_det_modded_turbo/complete_det_modded_turbo.srcs/sources_1/new/scd_pair_streamer_parallel.sv:1]
	Parameter N_BANKS bound to: 4 - type: integer 
	Parameter N_ENGINES bound to: 4 - type: integer 
	Parameter NP bound to: 32 - type: integer 
	Parameter P_MIN bound to: 8 - type: integer 
	Parameter P_MAX bound to: 128 - type: integer 
	Parameter DATA_WIDTH bound to: 32 - type: integer 
INFO: [Synth 8-6155] done synthesizing module 'scd_pair_streamer_parallel' (0#1) [C:/Users/gm/Vivado Projects/complete_det_modded_turbo/complete_det_modded_turbo.srcs/sources_1/new/scd_pair_streamer_parallel.sv:1]
INFO: [Synth 8-6157] synthesizing module 'cmult2_resize_parallel' [C:/Users/gm/Vivado Projects/complete_det_modded_turbo/complete_det_modded_turbo.srcs/sources_1/new/cmult2_resize_parallel.sv:1]
	Parameter N_ENGINES bound to: 4 - type: integer 
	Parameter RAW_WIDTH bound to: 80 - type: integer 
	Parameter FULL_COMP_W bound to: 33 - type: integer 
	Parameter OUT_COMP_W bound to: 32 - type: integer 
	Parameter REAL_LSB bound to: 0 - type: integer 
	Parameter IMAG_LSB bound to: 40 - type: integer 
INFO: [Synth 8-6155] done synthesizing module 'cmult2_resize_parallel' (0#1) [C:/Users/gm/Vivado Projects/complete_det_modded_turbo/complete_det_modded_turbo.srcs/sources_1/new/cmult2_resize_parallel.sv:1]
INFO: [Synth 8-6157] synthesizing module 'fft2_config_parallel' [C:/Users/gm/Vivado Projects/complete_det_modded_turbo/complete_det_modded_turbo.srcs/sources_1/new/fft2_config_parallel.sv:1]
	Parameter N_ENGINES bound to: 4 - type: integer 
	Parameter P_MIN bound to: 8 - type: integer 
	Parameter P_MAX bound to: 128 - type: integer 
	Parameter AXI_CONFIG_WIDTH bound to: 17 - type: integer 
INFO: [Synth 8-6155] done synthesizing module 'fft2_config_parallel' (0#1) [C:/Users/gm/Vivado Projects/complete_det_modded_turbo/complete_det_modded_turbo.srcs/sources_1/new/fft2_config_parallel.sv:1]
INFO: [Synth 8-6157] synthesizing module 'fft2_bin_filter_parallel' [C:/Users/gm/Vivado Projects/complete_det_modded_turbo/complete_det_modded_turbo.srcs/sources_1/new/fft2_bin_filter_parallel.sv:1]
	Parameter N_ENGINES bound to: 4 - type: integer 
	Parameter P_MIN bound to: 8 - type: integer 
	Parameter P_MAX bound to: 128 - type: integer 
	Parameter DATA_WIDTH bound to: 64 - type: integer 
	Parameter IDX_WIDTH bound to: 7 - type: integer 
	Parameter Q_WIDTH bound to: 9 - type: integer 
INFO: [Synth 8-6155] done synthesizing module 'fft2_bin_filter_parallel' (0#1) [C:/Users/gm/Vivado Projects/complete_det_modded_turbo/complete_det_modded_turbo.srcs/sources_1/new/fft2_bin_filter_parallel.sv:1]
INFO: [Synth 8-6155] done synthesizing module 'second_stage_wrapper' (0#1) [C:/Users/gm/Vivado Projects/complete_det_modded_turbo/complete_det_modded_turbo.srcs/sources_1/new/second_stage_wrapper.sv:1]
INFO: [Synth 8-6157] synthesizing module 'detection_compare_parallel' [C:/Users/gm/Vivado Projects/complete_det_modded_turbo/complete_det_modded_turbo.srcs/sources_1/new/detection_compare_parallel.sv:1]
	Parameter N_ENGINES bound to: 4 - type: integer 
	Parameter COMPONENT_W bound to: 32 - type: integer 
	Parameter DATA_WIDTH bound to: 64 - type: integer 
	Parameter POWER_WIDTH bound to: 65 - type: integer 
	Parameter NB_DETECT bound to: 16 - type: integer 
INFO: [Synth 8-6155] done synthesizing module 'detection_compare_parallel' (0#1) [C:/Users/gm/Vivado Projects/complete_det_modded_turbo/complete_det_modded_turbo.srcs/sources_1/new/detection_compare_parallel.sv:1]
INFO: [Synth 8-6155] done synthesizing module 'fam_detector_top' (0#1) [C:/Users/gm/Vivado Projects/complete_det_modded_turbo/complete_det_modded_turbo.srcs/sources_1/new/fam_detector_top.sv:1]
INFO: [Synth 8-6155] done synthesizing module 'fam_detector_system_top' (0#1) [C:/Users/gm/Vivado Projects/complete_det_modded_turbo/complete_det_modded_turbo.srcs/sources_1/new/top.sv:3]
WARNING: [Synth 8-6014] Unused sequential element r_seq_done_reg was removed.  [C:/Users/gm/Vivado Projects/complete_det_modded_turbo/complete_det_modded_turbo.srcs/sources_1/new/threshold_calculator.sv:115]
WARNING: [Synth 8-6014] Unused sequential element r_i_mod4_reg was removed.  [C:/Users/gm/Vivado Projects/complete_det_modded_turbo/complete_det_modded_turbo.srcs/sources_1/new/phase_corrector_stream.sv:179]
WARNING: [Synth 8-7129] Port i_m_axis_tready[0] in module fft2_bin_filter_parallel is either unconnected or has no load
WARNING: [Synth 8-7129] Port i_m_axis_tready[1] in module fft2_bin_filter_parallel is either unconnected or has no load
WARNING: [Synth 8-7129] Port i_m_axis_tready[2] in module fft2_bin_filter_parallel is either unconnected or has no load
WARNING: [Synth 8-7129] Port i_m_axis_tready[3] in module fft2_bin_filter_parallel is either unconnected or has no load
WARNING: [Synth 8-7129] Port i_cmult_tdata[0][79] in module cmult2_resize_parallel is either unconnected or has no load
WARNING: [Synth 8-7129] Port i_cmult_tdata[0][78] in module cmult2_resize_parallel is either unconnected or has no load
WARNING: [Synth 8-7129] Port i_cmult_tdata[0][77] in module cmult2_resize_parallel is either unconnected or has no load
WARNING: [Synth 8-7129] Port i_cmult_tdata[0][76] in module cmult2_resize_parallel is either unconnected or has no load
WARNING: [Synth 8-7129] Port i_cmult_tdata[0][75] in module cmult2_resize_parallel is either unconnected or has no load
WARNING: [Synth 8-7129] Port i_cmult_tdata[0][74] in module cmult2_resize_parallel is either unconnected or has no load
WARNING: [Synth 8-7129] Port i_cmult_tdata[0][73] in module cmult2_resize_parallel is either unconnected or has no load
WARNING: [Synth 8-7129] Port i_cmult_tdata[0][72] in module cmult2_resize_parallel is either unconnected or has no load
WARNING: [Synth 8-7129] Port i_cmult_tdata[0][71] in module cmult2_resize_parallel is either unconnected or has no load
WARNING: [Synth 8-7129] Port i_cmult_tdata[0][39] in module cmult2_resize_parallel is either unconnected or has no load
WARNING: [Synth 8-7129] Port i_cmult_tdata[0][38] in module cmult2_resize_parallel is either unconnected or has no load
WARNING: [Synth 8-7129] Port i_cmult_tdata[0][37] in module cmult2_resize_parallel is either unconnected or has no load
WARNING: [Synth 8-7129] Port i_cmult_tdata[0][36] in module cmult2_resize_parallel is either unconnected or has no load
WARNING: [Synth 8-7129] Port i_cmult_tdata[0][35] in module cmult2_resize_parallel is either unconnected or has no load
WARNING: [Synth 8-7129] Port i_cmult_tdata[0][34] in module cmult2_resize_parallel is either unconnected or has no load
WARNING: [Synth 8-7129] Port i_cmult_tdata[0][33] in module cmult2_resize_parallel is either unconnected or has no load
WARNING: [Synth 8-7129] Port i_cmult_tdata[0][32] in module cmult2_resize_parallel is either unconnected or has no load
WARNING: [Synth 8-7129] Port i_cmult_tdata[0][31] in module cmult2_resize_parallel is either unconnected or has no load
WARNING: [Synth 8-7129] Port i_cmult_tdata[1][79] in module cmult2_resize_parallel is either unconnected or has no load
WARNING: [Synth 8-7129] Port i_cmult_tdata[1][78] in module cmult2_resize_parallel is either unconnected or has no load
WARNING: [Synth 8-7129] Port i_cmult_tdata[1][77] in module cmult2_resize_parallel is either unconnected or has no load
WARNING: [Synth 8-7129] Port i_cmult_tdata[1][76] in module cmult2_resize_parallel is either unconnected or has no load
WARNING: [Synth 8-7129] Port i_cmult_tdata[1][75] in module cmult2_resize_parallel is either unconnected or has no load
WARNING: [Synth 8-7129] Port i_cmult_tdata[1][74] in module cmult2_resize_parallel is either unconnected or has no load
WARNING: [Synth 8-7129] Port i_cmult_tdata[1][73] in module cmult2_resize_parallel is either unconnected or has no load
WARNING: [Synth 8-7129] Port i_cmult_tdata[1][72] in module cmult2_resize_parallel is either unconnected or has no load
WARNING: [Synth 8-7129] Port i_cmult_tdata[1][71] in module cmult2_resize_parallel is either unconnected or has no load
WARNING: [Synth 8-7129] Port i_cmult_tdata[1][39] in module cmult2_resize_parallel is either unconnected or has no load
WARNING: [Synth 8-7129] Port i_cmult_tdata[1][38] in module cmult2_resize_parallel is either unconnected or has no load
WARNING: [Synth 8-7129] Port i_cmult_tdata[1][37] in module cmult2_resize_parallel is either unconnected or has no load
WARNING: [Synth 8-7129] Port i_cmult_tdata[1][36] in module cmult2_resize_parallel is either unconnected or has no load
WARNING: [Synth 8-7129] Port i_cmult_tdata[1][35] in module cmult2_resize_parallel is either unconnected or has no load
WARNING: [Synth 8-7129] Port i_cmult_tdata[1][34] in module cmult2_resize_parallel is either unconnected or has no load
WARNING: [Synth 8-7129] Port i_cmult_tdata[1][33] in module cmult2_resize_parallel is either unconnected or has no load
WARNING: [Synth 8-7129] Port i_cmult_tdata[1][32] in module cmult2_resize_parallel is either unconnected or has no load
WARNING: [Synth 8-7129] Port i_cmult_tdata[1][31] in module cmult2_resize_parallel is either unconnected or has no load
WARNING: [Synth 8-7129] Port i_cmult_tdata[2][79] in module cmult2_resize_parallel is either unconnected or has no load
WARNING: [Synth 8-7129] Port i_cmult_tdata[2][78] in module cmult2_resize_parallel is either unconnected or has no load
WARNING: [Synth 8-7129] Port i_cmult_tdata[2][77] in module cmult2_resize_parallel is either unconnected or has no load
WARNING: [Synth 8-7129] Port i_cmult_tdata[2][76] in module cmult2_resize_parallel is either unconnected or has no load
WARNING: [Synth 8-7129] Port i_cmult_tdata[2][75] in module cmult2_resize_parallel is either unconnected or has no load
WARNING: [Synth 8-7129] Port i_cmult_tdata[2][74] in module cmult2_resize_parallel is either unconnected or has no load
WARNING: [Synth 8-7129] Port i_cmult_tdata[2][73] in module cmult2_resize_parallel is either unconnected or has no load
WARNING: [Synth 8-7129] Port i_cmult_tdata[2][72] in module cmult2_resize_parallel is either unconnected or has no load
WARNING: [Synth 8-7129] Port i_cmult_tdata[2][71] in module cmult2_resize_parallel is either unconnected or has no load
WARNING: [Synth 8-7129] Port i_cmult_tdata[2][39] in module cmult2_resize_parallel is either unconnected or has no load
WARNING: [Synth 8-7129] Port i_cmult_tdata[2][38] in module cmult2_resize_parallel is either unconnected or has no load
WARNING: [Synth 8-7129] Port i_cmult_tdata[2][37] in module cmult2_resize_parallel is either unconnected or has no load
WARNING: [Synth 8-7129] Port i_cmult_tdata[2][36] in module cmult2_resize_parallel is either unconnected or has no load
WARNING: [Synth 8-7129] Port i_cmult_tdata[2][35] in module cmult2_resize_parallel is either unconnected or has no load
WARNING: [Synth 8-7129] Port i_cmult_tdata[2][34] in module cmult2_resize_parallel is either unconnected or has no load
WARNING: [Synth 8-7129] Port i_cmult_tdata[2][33] in module cmult2_resize_parallel is either unconnected or has no load
WARNING: [Synth 8-7129] Port i_cmult_tdata[2][32] in module cmult2_resize_parallel is either unconnected or has no load
WARNING: [Synth 8-7129] Port i_cmult_tdata[2][31] in module cmult2_resize_parallel is either unconnected or has no load
WARNING: [Synth 8-7129] Port i_cmult_tdata[3][79] in module cmult2_resize_parallel is either unconnected or has no load
WARNING: [Synth 8-7129] Port i_cmult_tdata[3][78] in module cmult2_resize_parallel is either unconnected or has no load
WARNING: [Synth 8-7129] Port i_cmult_tdata[3][77] in module cmult2_resize_parallel is either unconnected or has no load
WARNING: [Synth 8-7129] Port i_cmult_tdata[3][76] in module cmult2_resize_parallel is either unconnected or has no load
WARNING: [Synth 8-7129] Port i_cmult_tdata[3][75] in module cmult2_resize_parallel is either unconnected or has no load
WARNING: [Synth 8-7129] Port i_cmult_tdata[3][74] in module cmult2_resize_parallel is either unconnected or has no load
WARNING: [Synth 8-7129] Port i_cmult_tdata[3][73] in module cmult2_resize_parallel is either unconnected or has no load
WARNING: [Synth 8-7129] Port i_cmult_tdata[3][72] in module cmult2_resize_parallel is either unconnected or has no load
WARNING: [Synth 8-7129] Port i_cmult_tdata[3][71] in module cmult2_resize_parallel is either unconnected or has no load
WARNING: [Synth 8-7129] Port i_cmult_tdata[3][39] in module cmult2_resize_parallel is either unconnected or has no load
WARNING: [Synth 8-7129] Port i_cmult_tdata[3][38] in module cmult2_resize_parallel is either unconnected or has no load
WARNING: [Synth 8-7129] Port i_cmult_tdata[3][37] in module cmult2_resize_parallel is either unconnected or has no load
WARNING: [Synth 8-7129] Port i_cmult_tdata[3][36] in module cmult2_resize_parallel is either unconnected or has no load
WARNING: [Synth 8-7129] Port i_cmult_tdata[3][35] in module cmult2_resize_parallel is either unconnected or has no load
WARNING: [Synth 8-7129] Port i_cmult_tdata[3][34] in module cmult2_resize_parallel is either unconnected or has no load
WARNING: [Synth 8-7129] Port i_cmult_tdata[3][33] in module cmult2_resize_parallel is either unconnected or has no load
WARNING: [Synth 8-7129] Port i_cmult_tdata[3][32] in module cmult2_resize_parallel is either unconnected or has no load
WARNING: [Synth 8-7129] Port i_cmult_tdata[3][31] in module cmult2_resize_parallel is either unconnected or has no load
WARNING: [Synth 8-7129] Port i_fft1_m_axis_data_tready[0] in module first_stage_wrapper is either unconnected or has no load
WARNING: [Synth 8-7129] Port i_fft1_m_axis_data_tready[1] in module first_stage_wrapper is either unconnected or has no load
WARNING: [Synth 8-7129] Port i_fft1_m_axis_data_tready[2] in module first_stage_wrapper is either unconnected or has no load
WARNING: [Synth 8-7129] Port i_fft1_m_axis_data_tready[3] in module first_stage_wrapper is either unconnected or has no load
WARNING: [Synth 8-7129] Port i_cb_OUT_FIFO_0_fifo_aempty_o in module comblock_adapter is either unconnected or has no load
WARNING: [Synth 8-7129] Port i_cb_OUT_REGS_0_reg1_o[31] in module comblock_adapter is either unconnected or has no load
WARNING: [Synth 8-7129] Port i_cb_OUT_REGS_0_reg1_o[30] in module comblock_adapter is either unconnected or has no load
WARNING: [Synth 8-7129] Port i_cb_OUT_REGS_0_reg1_o[29] in module comblock_adapter is either unconnected or has no load
WARNING: [Synth 8-7129] Port i_cb_OUT_REGS_0_reg1_o[28] in module comblock_adapter is either unconnected or has no load
WARNING: [Synth 8-7129] Port i_cb_OUT_REGS_0_reg1_o[27] in module comblock_adapter is either unconnected or has no load
WARNING: [Synth 8-7129] Port i_cb_OUT_REGS_0_reg1_o[26] in module comblock_adapter is either unconnected or has no load
WARNING: [Synth 8-7129] Port i_cb_OUT_REGS_0_reg1_o[25] in module comblock_adapter is either unconnected or has no load
WARNING: [Synth 8-7129] Port i_cb_OUT_REGS_0_reg1_o[24] in module comblock_adapter is either unconnected or has no load
WARNING: [Synth 8-7129] Port i_cb_OUT_REGS_0_reg1_o[23] in module comblock_adapter is either unconnected or has no load
WARNING: [Synth 8-7129] Port i_cb_OUT_REGS_0_reg1_o[22] in module comblock_adapter is either unconnected or has no load
WARNING: [Synth 8-7129] Port i_cb_OUT_REGS_0_reg1_o[21] in module comblock_adapter is either unconnected or has no load
WARNING: [Synth 8-7129] Port i_cb_OUT_REGS_0_reg1_o[20] in module comblock_adapter is either unconnected or has no load
WARNING: [Synth 8-7129] Port i_cb_OUT_REGS_0_reg1_o[19] in module comblock_adapter is either unconnected or has no load
WARNING: [Synth 8-7129] Port i_cb_OUT_REGS_0_reg1_o[18] in module comblock_adapter is either unconnected or has no load
WARNING: [Synth 8-7129] Port i_cb_OUT_REGS_0_reg1_o[17] in module comblock_adapter is either unconnected or has no load
WARNING: [Synth 8-7129] Port i_cb_OUT_REGS_0_reg1_o[16] in module comblock_adapter is either unconnected or has no load
WARNING: [Synth 8-7129] Port i_cb_OUT_REGS_0_reg1_o[15] in module comblock_adapter is either unconnected or has no load
WARNING: [Synth 8-7129] Port i_cb_OUT_REGS_0_reg1_o[14] in module comblock_adapter is either unconnected or has no load
WARNING: [Synth 8-7129] Port i_cb_OUT_REGS_0_reg1_o[13] in module comblock_adapter is either unconnected or has no load
INFO: [Common 17-14] Message 'Synth 8-7129' appears 100 times and further instances of the messages will be disabled. Use the Tcl command set_msg_config to change the current settings.
---------------------------------------------------------------------------------
Finished RTL Elaboration : Time (s): cpu = 00:00:05 ; elapsed = 00:00:06 . Memory (MB): peak = 1482.602 ; gain = 576.582
---------------------------------------------------------------------------------
---------------------------------------------------------------------------------
Start Handling Custom Attributes
---------------------------------------------------------------------------------
---------------------------------------------------------------------------------
Finished Handling Custom Attributes : Time (s): cpu = 00:00:05 ; elapsed = 00:00:06 . Memory (MB): peak = 1482.602 ; gain = 576.582
---------------------------------------------------------------------------------
---------------------------------------------------------------------------------
Finished RTL Optimization Phase 1 : Time (s): cpu = 00:00:05 ; elapsed = 00:00:06 . Memory (MB): peak = 1482.602 ; gain = 576.582
---------------------------------------------------------------------------------
Netlist sorting complete. Time (s): cpu = 00:00:00 ; elapsed = 00:00:00.119 . Memory (MB): peak = 1482.602 ; gain = 0.000
INFO: [Project 1-570] Preparing netlist for logic optimization

Processing XDC Constraints
Initializing timing engine
Parsing XDC File [c:/Users/gm/Vivado Projects/complete_det_modded_turbo/complete_det_modded_turbo.gen/sources_1/bd/ps_comblock_setup/ip/ps_comblock_setup_comblock_0_0/ps_comblock_setup_comblock_0_0/ps_comblock_setup_comblock_0_0_in_context.xdc] for cell 'u_ps_comblock_setup/ps_comblock_setup_i/comblock_0'
Finished Parsing XDC File [c:/Users/gm/Vivado Projects/complete_det_modded_turbo/complete_det_modded_turbo.gen/sources_1/bd/ps_comblock_setup/ip/ps_comblock_setup_comblock_0_0/ps_comblock_setup_comblock_0_0/ps_comblock_setup_comblock_0_0_in_context.xdc] for cell 'u_ps_comblock_setup/ps_comblock_setup_i/comblock_0'
Parsing XDC File [c:/Users/gm/Vivado Projects/complete_det_modded_turbo/complete_det_modded_turbo.gen/sources_1/bd/ps_comblock_setup/ip/ps_comblock_setup_processing_system7_0_0/ps_comblock_setup_processing_system7_0_0/ps_comblock_setup_processing_system7_0_0_in_context.xdc] for cell 'u_ps_comblock_setup/ps_comblock_setup_i/processing_system7_0'
Finished Parsing XDC File [c:/Users/gm/Vivado Projects/complete_det_modded_turbo/complete_det_modded_turbo.gen/sources_1/bd/ps_comblock_setup/ip/ps_comblock_setup_processing_system7_0_0/ps_comblock_setup_processing_system7_0_0/ps_comblock_setup_processing_system7_0_0_in_context.xdc] for cell 'u_ps_comblock_setup/ps_comblock_setup_i/processing_system7_0'
Parsing XDC File [c:/Users/gm/Vivado Projects/complete_det_modded_turbo/complete_det_modded_turbo.gen/sources_1/bd/ps_comblock_setup/ip/ps_comblock_setup_auto_pc_0/ps_comblock_setup_auto_pc_0/ps_comblock_setup_auto_pc_0_in_context.xdc] for cell 'u_ps_comblock_setup/ps_comblock_setup_i/ps7_0_axi_periph/s00_couplers/auto_pc'
Finished Parsing XDC File [c:/Users/gm/Vivado Projects/complete_det_modded_turbo/complete_det_modded_turbo.gen/sources_1/bd/ps_comblock_setup/ip/ps_comblock_setup_auto_pc_0/ps_comblock_setup_auto_pc_0/ps_comblock_setup_auto_pc_0_in_context.xdc] for cell 'u_ps_comblock_setup/ps_comblock_setup_i/ps7_0_axi_periph/s00_couplers/auto_pc'
Parsing XDC File [c:/Users/gm/Vivado Projects/complete_det_modded_turbo/complete_det_modded_turbo.gen/sources_1/bd/ps_comblock_setup/ip/ps_comblock_setup_rst_ps7_0_100M_0/ps_comblock_setup_rst_ps7_0_100M_0/ps_comblock_setup_rst_ps7_0_100M_0_in_context.xdc] for cell 'u_ps_comblock_setup/ps_comblock_setup_i/rst_ps7_0_100M'
Finished Parsing XDC File [c:/Users/gm/Vivado Projects/complete_det_modded_turbo/complete_det_modded_turbo.gen/sources_1/bd/ps_comblock_setup/ip/ps_comblock_setup_rst_ps7_0_100M_0/ps_comblock_setup_rst_ps7_0_100M_0/ps_comblock_setup_rst_ps7_0_100M_0_in_context.xdc] for cell 'u_ps_comblock_setup/ps_comblock_setup_i/rst_ps7_0_100M'
Parsing XDC File [c:/Users/gm/Vivado Projects/complete_det_modded_turbo/complete_det_modded_turbo.gen/sources_1/ip/xfft_0/xfft_0/xfft_0_in_context.xdc] for cell 'u_fam_detector/u_first_stage/GEN_FFT1[0].u_fft1'
Finished Parsing XDC File [c:/Users/gm/Vivado Projects/complete_det_modded_turbo/complete_det_modded_turbo.gen/sources_1/ip/xfft_0/xfft_0/xfft_0_in_context.xdc] for cell 'u_fam_detector/u_first_stage/GEN_FFT1[0].u_fft1'
Parsing XDC File [c:/Users/gm/Vivado Projects/complete_det_modded_turbo/complete_det_modded_turbo.gen/sources_1/ip/xfft_0/xfft_0/xfft_0_in_context.xdc] for cell 'u_fam_detector/u_first_stage/GEN_FFT1[1].u_fft1'
Finished Parsing XDC File [c:/Users/gm/Vivado Projects/complete_det_modded_turbo/complete_det_modded_turbo.gen/sources_1/ip/xfft_0/xfft_0/xfft_0_in_context.xdc] for cell 'u_fam_detector/u_first_stage/GEN_FFT1[1].u_fft1'
Parsing XDC File [c:/Users/gm/Vivado Projects/complete_det_modded_turbo/complete_det_modded_turbo.gen/sources_1/ip/xfft_0/xfft_0/xfft_0_in_context.xdc] for cell 'u_fam_detector/u_first_stage/GEN_FFT1[2].u_fft1'
Finished Parsing XDC File [c:/Users/gm/Vivado Projects/complete_det_modded_turbo/complete_det_modded_turbo.gen/sources_1/ip/xfft_0/xfft_0/xfft_0_in_context.xdc] for cell 'u_fam_detector/u_first_stage/GEN_FFT1[2].u_fft1'
Parsing XDC File [c:/Users/gm/Vivado Projects/complete_det_modded_turbo/complete_det_modded_turbo.gen/sources_1/ip/xfft_0/xfft_0/xfft_0_in_context.xdc] for cell 'u_fam_detector/u_first_stage/GEN_FFT1[3].u_fft1'
Finished Parsing XDC File [c:/Users/gm/Vivado Projects/complete_det_modded_turbo/complete_det_modded_turbo.gen/sources_1/ip/xfft_0/xfft_0/xfft_0_in_context.xdc] for cell 'u_fam_detector/u_first_stage/GEN_FFT1[3].u_fft1'
Parsing XDC File [c:/Users/gm/Vivado Projects/complete_det_modded_turbo/complete_det_modded_turbo.gen/sources_1/ip/cmpy_0/cmpy_0/cmpy_0_in_context.xdc] for cell 'u_fam_detector/u_second_stage/GEN_CMULT2[0].u_cmult2'
Finished Parsing XDC File [c:/Users/gm/Vivado Projects/complete_det_modded_turbo/complete_det_modded_turbo.gen/sources_1/ip/cmpy_0/cmpy_0/cmpy_0_in_context.xdc] for cell 'u_fam_detector/u_second_stage/GEN_CMULT2[0].u_cmult2'
Parsing XDC File [c:/Users/gm/Vivado Projects/complete_det_modded_turbo/complete_det_modded_turbo.gen/sources_1/ip/cmpy_0/cmpy_0/cmpy_0_in_context.xdc] for cell 'u_fam_detector/u_second_stage/GEN_CMULT2[1].u_cmult2'
Finished Parsing XDC File [c:/Users/gm/Vivado Projects/complete_det_modded_turbo/complete_det_modded_turbo.gen/sources_1/ip/cmpy_0/cmpy_0/cmpy_0_in_context.xdc] for cell 'u_fam_detector/u_second_stage/GEN_CMULT2[1].u_cmult2'
Parsing XDC File [c:/Users/gm/Vivado Projects/complete_det_modded_turbo/complete_det_modded_turbo.gen/sources_1/ip/cmpy_0/cmpy_0/cmpy_0_in_context.xdc] for cell 'u_fam_detector/u_second_stage/GEN_CMULT2[2].u_cmult2'
Finished Parsing XDC File [c:/Users/gm/Vivado Projects/complete_det_modded_turbo/complete_det_modded_turbo.gen/sources_1/ip/cmpy_0/cmpy_0/cmpy_0_in_context.xdc] for cell 'u_fam_detector/u_second_stage/GEN_CMULT2[2].u_cmult2'
Parsing XDC File [c:/Users/gm/Vivado Projects/complete_det_modded_turbo/complete_det_modded_turbo.gen/sources_1/ip/cmpy_0/cmpy_0/cmpy_0_in_context.xdc] for cell 'u_fam_detector/u_second_stage/GEN_CMULT2[3].u_cmult2'
Finished Parsing XDC File [c:/Users/gm/Vivado Projects/complete_det_modded_turbo/complete_det_modded_turbo.gen/sources_1/ip/cmpy_0/cmpy_0/cmpy_0_in_context.xdc] for cell 'u_fam_detector/u_second_stage/GEN_CMULT2[3].u_cmult2'
Parsing XDC File [c:/Users/gm/Vivado Projects/complete_det_modded_turbo/complete_det_modded_turbo.gen/sources_1/ip/xfft_1/xfft_1/xfft_1_in_context.xdc] for cell 'u_fam_detector/u_second_stage/GEN_FFT2[0].u_fft2'
Finished Parsing XDC File [c:/Users/gm/Vivado Projects/complete_det_modded_turbo/complete_det_modded_turbo.gen/sources_1/ip/xfft_1/xfft_1/xfft_1_in_context.xdc] for cell 'u_fam_detector/u_second_stage/GEN_FFT2[0].u_fft2'
Parsing XDC File [c:/Users/gm/Vivado Projects/complete_det_modded_turbo/complete_det_modded_turbo.gen/sources_1/ip/xfft_1/xfft_1/xfft_1_in_context.xdc] for cell 'u_fam_detector/u_second_stage/GEN_FFT2[1].u_fft2'
Finished Parsing XDC File [c:/Users/gm/Vivado Projects/complete_det_modded_turbo/complete_det_modded_turbo.gen/sources_1/ip/xfft_1/xfft_1/xfft_1_in_context.xdc] for cell 'u_fam_detector/u_second_stage/GEN_FFT2[1].u_fft2'
Parsing XDC File [c:/Users/gm/Vivado Projects/complete_det_modded_turbo/complete_det_modded_turbo.gen/sources_1/ip/xfft_1/xfft_1/xfft_1_in_context.xdc] for cell 'u_fam_detector/u_second_stage/GEN_FFT2[2].u_fft2'
Finished Parsing XDC File [c:/Users/gm/Vivado Projects/complete_det_modded_turbo/complete_det_modded_turbo.gen/sources_1/ip/xfft_1/xfft_1/xfft_1_in_context.xdc] for cell 'u_fam_detector/u_second_stage/GEN_FFT2[2].u_fft2'
Parsing XDC File [c:/Users/gm/Vivado Projects/complete_det_modded_turbo/complete_det_modded_turbo.gen/sources_1/ip/xfft_1/xfft_1/xfft_1_in_context.xdc] for cell 'u_fam_detector/u_second_stage/GEN_FFT2[3].u_fft2'
Finished Parsing XDC File [c:/Users/gm/Vivado Projects/complete_det_modded_turbo/complete_det_modded_turbo.gen/sources_1/ip/xfft_1/xfft_1/xfft_1_in_context.xdc] for cell 'u_fam_detector/u_second_stage/GEN_FFT2[3].u_fft2'
Parsing XDC File [C:/Users/gm/Vivado Projects/complete_det_modded_turbo/complete_det_modded_turbo.srcs/constrs_1/new/const_test.xdc]
Finished Parsing XDC File [C:/Users/gm/Vivado Projects/complete_det_modded_turbo/complete_det_modded_turbo.srcs/constrs_1/new/const_test.xdc]
Parsing XDC File [C:/Users/gm/Vivado Projects/complete_det_modded_turbo/complete_det_modded_turbo.runs/synth_1/dont_touch.xdc]
Finished Parsing XDC File [C:/Users/gm/Vivado Projects/complete_det_modded_turbo/complete_det_modded_turbo.runs/synth_1/dont_touch.xdc]
Completed Processing XDC Constraints

Netlist sorting complete. Time (s): cpu = 00:00:00 ; elapsed = 00:00:00.002 . Memory (MB): peak = 1571.191 ; gain = 0.000
INFO: [Project 1-111] Unisim Transformation Summary:
No Unisim elements were transformed.

Constraint Validation Runtime : Time (s): cpu = 00:00:00 ; elapsed = 00:00:00.110 . Memory (MB): peak = 1571.191 ; gain = 0.000
WARNING: [Timing 38-316] Clock period '10.000' specified during out-of-context synthesis of instance 'u_fam_detector/u_first_stage/GEN_FFT1[0].u_fft1' at clock pin 'aclk' is different from the actual clock period '7.000', this can lead to different synthesis results.
WARNING: [Timing 38-316] Clock period '10.000' specified during out-of-context synthesis of instance 'u_fam_detector/u_first_stage/GEN_FFT1[1].u_fft1' at clock pin 'aclk' is different from the actual clock period '7.000', this can lead to different synthesis results.
WARNING: [Timing 38-316] Clock period '10.000' specified during out-of-context synthesis of instance 'u_fam_detector/u_first_stage/GEN_FFT1[2].u_fft1' at clock pin 'aclk' is different from the actual clock period '7.000', this can lead to different synthesis results.
WARNING: [Timing 38-316] Clock period '10.000' specified during out-of-context synthesis of instance 'u_fam_detector/u_first_stage/GEN_FFT1[3].u_fft1' at clock pin 'aclk' is different from the actual clock period '7.000', this can lead to different synthesis results.
WARNING: [Timing 38-316] Clock period '100.000' specified during out-of-context synthesis of instance 'u_fam_detector/u_second_stage/GEN_CMULT2[0].u_cmult2' at clock pin 'aclk' is different from the actual clock period '7.000', this can lead to different synthesis results.
WARNING: [Timing 38-316] Clock period '100.000' specified during out-of-context synthesis of instance 'u_fam_detector/u_second_stage/GEN_CMULT2[1].u_cmult2' at clock pin 'aclk' is different from the actual clock period '7.000', this can lead to different synthesis results.
WARNING: [Timing 38-316] Clock period '100.000' specified during out-of-context synthesis of instance 'u_fam_detector/u_second_stage/GEN_CMULT2[2].u_cmult2' at clock pin 'aclk' is different from the actual clock period '7.000', this can lead to different synthesis results.
WARNING: [Timing 38-316] Clock period '100.000' specified during out-of-context synthesis of instance 'u_fam_detector/u_second_stage/GEN_CMULT2[3].u_cmult2' at clock pin 'aclk' is different from the actual clock period '7.000', this can lead to different synthesis results.
WARNING: [Timing 38-316] Clock period '10.000' specified during out-of-context synthesis of instance 'u_fam_detector/u_second_stage/GEN_FFT2[0].u_fft2' at clock pin 'aclk' is different from the actual clock period '7.000', this can lead to different synthesis results.
WARNING: [Timing 38-316] Clock period '10.000' specified during out-of-context synthesis of instance 'u_fam_detector/u_second_stage/GEN_FFT2[1].u_fft2' at clock pin 'aclk' is different from the actual clock period '7.000', this can lead to different synthesis results.
WARNING: [Timing 38-316] Clock period '10.000' specified during out-of-context synthesis of instance 'u_fam_detector/u_second_stage/GEN_FFT2[2].u_fft2' at clock pin 'aclk' is different from the actual clock period '7.000', this can lead to different synthesis results.
WARNING: [Timing 38-316] Clock period '10.000' specified during out-of-context synthesis of instance 'u_fam_detector/u_second_stage/GEN_FFT2[3].u_fft2' at clock pin 'aclk' is different from the actual clock period '7.000', this can lead to different synthesis results.
INFO: [Designutils 20-5440] No compile time benefit to using incremental synthesis; A full resynthesis will be run
INFO: [Designutils 20-4379] Flow is switching to default flow due to incremental criteria not met. If you would like to alter this behaviour and have the flow terminate instead, please set the following parameter config_implementation {autoIncr.Synth.RejectBehavior Terminate}
---------------------------------------------------------------------------------
Finished Constraint Validation : Time (s): cpu = 00:00:12 ; elapsed = 00:00:13 . Memory (MB): peak = 1580.512 ; gain = 674.492
---------------------------------------------------------------------------------
---------------------------------------------------------------------------------
Start Loading Part and Timing Information
---------------------------------------------------------------------------------
Loading part: xc7z020clg484-1
---------------------------------------------------------------------------------
Finished Loading Part and Timing Information : Time (s): cpu = 00:00:12 ; elapsed = 00:00:13 . Memory (MB): peak = 1580.512 ; gain = 674.492
---------------------------------------------------------------------------------
---------------------------------------------------------------------------------
Start Applying 'set_property' XDC Constraints
---------------------------------------------------------------------------------
Applied set_property IO_BUFFER_TYPE = NONE for DDR_addr[0]. (constraint file  {c:/Users/gm/Vivado Projects/complete_det_modded_turbo/complete_det_modded_turbo.gen/sources_1/bd/ps_comblock_setup/ip/ps_comblock_setup_processing_system7_0_0/ps_comblock_setup_processing_system7_0_0/ps_comblock_setup_processing_system7_0_0_in_context.xdc}, line 2).
Applied set_property CLOCK_BUFFER_TYPE = NONE for DDR_addr[0]. (constraint file  {c:/Users/gm/Vivado Projects/complete_det_modded_turbo/complete_det_modded_turbo.gen/sources_1/bd/ps_comblock_setup/ip/ps_comblock_setup_processing_system7_0_0/ps_comblock_setup_processing_system7_0_0/ps_comblock_setup_processing_system7_0_0_in_context.xdc}, line 3).
Applied set_property IO_BUFFER_TYPE = NONE for DDR_addr[10]. (constraint file  {c:/Users/gm/Vivado Projects/complete_det_modded_turbo/complete_det_modded_turbo.gen/sources_1/bd/ps_comblock_setup/ip/ps_comblock_setup_processing_system7_0_0/ps_comblock_setup_processing_system7_0_0/ps_comblock_setup_processing_system7_0_0_in_context.xdc}, line 4).
Applied set_property CLOCK_BUFFER_TYPE = NONE for DDR_addr[10]. (constraint file  {c:/Users/gm/Vivado Projects/complete_det_modded_turbo/complete_det_modded_turbo.gen/sources_1/bd/ps_comblock_setup/ip/ps_comblock_setup_processing_system7_0_0/ps_comblock_setup_processing_system7_0_0/ps_comblock_setup_processing_system7_0_0_in_context.xdc}, line 5).
Applied set_property IO_BUFFER_TYPE = NONE for DDR_addr[11]. (constraint file  {c:/Users/gm/Vivado Projects/complete_det_modded_turbo/complete_det_modded_turbo.gen/sources_1/bd/ps_comblock_setup/ip/ps_comblock_setup_processing_system7_0_0/ps_comblock_setup_processing_system7_0_0/ps_comblock_setup_processing_system7_0_0_in_context.xdc}, line 6).
Applied set_property CLOCK_BUFFER_TYPE = NONE for DDR_addr[11]. (constraint file  {c:/Users/gm/Vivado Projects/complete_det_modded_turbo/complete_det_modded_turbo.gen/sources_1/bd/ps_comblock_setup/ip/ps_comblock_setup_processing_system7_0_0/ps_comblock_setup_processing_system7_0_0/ps_comblock_setup_processing_system7_0_0_in_context.xdc}, line 7).
Applied set_property IO_BUFFER_TYPE = NONE for DDR_addr[12]. (constraint file  {c:/Users/gm/Vivado Projects/complete_det_modded_turbo/complete_det_modded_turbo.gen/sources_1/bd/ps_comblock_setup/ip/ps_comblock_setup_processing_system7_0_0/ps_comblock_setup_processing_system7_0_0/ps_comblock_setup_processing_system7_0_0_in_context.xdc}, line 8).
Applied set_property CLOCK_BUFFER_TYPE = NONE for DDR_addr[12]. (constraint file  {c:/Users/gm/Vivado Projects/complete_det_modded_turbo/complete_det_modded_turbo.gen/sources_1/bd/ps_comblock_setup/ip/ps_comblock_setup_processing_system7_0_0/ps_comblock_setup_processing_system7_0_0/ps_comblock_setup_processing_system7_0_0_in_context.xdc}, line 9).
Applied set_property IO_BUFFER_TYPE = NONE for DDR_addr[13]. (constraint file  {c:/Users/gm/Vivado Projects/complete_det_modded_turbo/complete_det_modded_turbo.gen/sources_1/bd/ps_comblock_setup/ip/ps_comblock_setup_processing_system7_0_0/ps_comblock_setup_processing_system7_0_0/ps_comblock_setup_processing_system7_0_0_in_context.xdc}, line 10).
Applied set_property CLOCK_BUFFER_TYPE = NONE for DDR_addr[13]. (constraint file  {c:/Users/gm/Vivado Projects/complete_det_modded_turbo/complete_det_modded_turbo.gen/sources_1/bd/ps_comblock_setup/ip/ps_comblock_setup_processing_system7_0_0/ps_comblock_setup_processing_system7_0_0/ps_comblock_setup_processing_system7_0_0_in_context.xdc}, line 11).
Applied set_property IO_BUFFER_TYPE = NONE for DDR_addr[14]. (constraint file  {c:/Users/gm/Vivado Projects/complete_det_modded_turbo/complete_det_modded_turbo.gen/sources_1/bd/ps_comblock_setup/ip/ps_comblock_setup_processing_system7_0_0/ps_comblock_setup_processing_system7_0_0/ps_comblock_setup_processing_system7_0_0_in_context.xdc}, line 12).
Applied set_property CLOCK_BUFFER_TYPE = NONE for DDR_addr[14]. (constraint file  {c:/Users/gm/Vivado Projects/complete_det_modded_turbo/complete_det_modded_turbo.gen/sources_1/bd/ps_comblock_setup/ip/ps_comblock_setup_processing_system7_0_0/ps_comblock_setup_processing_system7_0_0/ps_comblock_setup_processing_system7_0_0_in_context.xdc}, line 13).
Applied set_property IO_BUFFER_TYPE = NONE for DDR_addr[1]. (constraint file  {c:/Users/gm/Vivado Projects/complete_det_modded_turbo/complete_det_modded_turbo.gen/sources_1/bd/ps_comblock_setup/ip/ps_comblock_setup_processing_system7_0_0/ps_comblock_setup_processing_system7_0_0/ps_comblock_setup_processing_system7_0_0_in_context.xdc}, line 14).
Applied set_property CLOCK_BUFFER_TYPE = NONE for DDR_addr[1]. (constraint file  {c:/Users/gm/Vivado Projects/complete_det_modded_turbo/complete_det_modded_turbo.gen/sources_1/bd/ps_comblock_setup/ip/ps_comblock_setup_processing_system7_0_0/ps_comblock_setup_processing_system7_0_0/ps_comblock_setup_processing_system7_0_0_in_context.xdc}, line 15).
Applied set_property IO_BUFFER_TYPE = NONE for DDR_addr[2]. (constraint file  {c:/Users/gm/Vivado Projects/complete_det_modded_turbo/complete_det_modded_turbo.gen/sources_1/bd/ps_comblock_setup/ip/ps_comblock_setup_processing_system7_0_0/ps_comblock_setup_processing_system7_0_0/ps_comblock_setup_processing_system7_0_0_in_context.xdc}, line 16).
Applied set_property CLOCK_BUFFER_TYPE = NONE for DDR_addr[2]. (constraint file  {c:/Users/gm/Vivado Projects/complete_det_modded_turbo/complete_det_modded_turbo.gen/sources_1/bd/ps_comblock_setup/ip/ps_comblock_setup_processing_system7_0_0/ps_comblock_setup_processing_system7_0_0/ps_comblock_setup_processing_system7_0_0_in_context.xdc}, line 17).
Applied set_property IO_BUFFER_TYPE = NONE for DDR_addr[3]. (constraint file  {c:/Users/gm/Vivado Projects/complete_det_modded_turbo/complete_det_modded_turbo.gen/sources_1/bd/ps_comblock_setup/ip/ps_comblock_setup_processing_system7_0_0/ps_comblock_setup_processing_system7_0_0/ps_comblock_setup_processing_system7_0_0_in_context.xdc}, line 18).
Applied set_property CLOCK_BUFFER_TYPE = NONE for DDR_addr[3]. (constraint file  {c:/Users/gm/Vivado Projects/complete_det_modded_turbo/complete_det_modded_turbo.gen/sources_1/bd/ps_comblock_setup/ip/ps_comblock_setup_processing_system7_0_0/ps_comblock_setup_processing_system7_0_0/ps_comblock_setup_processing_system7_0_0_in_context.xdc}, line 19).
Applied set_property IO_BUFFER_TYPE = NONE for DDR_addr[4]. (constraint file  {c:/Users/gm/Vivado Projects/complete_det_modded_turbo/complete_det_modded_turbo.gen/sources_1/bd/ps_comblock_setup/ip/ps_comblock_setup_processing_system7_0_0/ps_comblock_setup_processing_system7_0_0/ps_comblock_setup_processing_system7_0_0_in_context.xdc}, line 20).
Applied set_property CLOCK_BUFFER_TYPE = NONE for DDR_addr[4]. (constraint file  {c:/Users/gm/Vivado Projects/complete_det_modded_turbo/complete_det_modded_turbo.gen/sources_1/bd/ps_comblock_setup/ip/ps_comblock_setup_processing_system7_0_0/ps_comblock_setup_processing_system7_0_0/ps_comblock_setup_processing_system7_0_0_in_context.xdc}, line 21).
Applied set_property IO_BUFFER_TYPE = NONE for DDR_addr[5]. (constraint file  {c:/Users/gm/Vivado Projects/complete_det_modded_turbo/complete_det_modded_turbo.gen/sources_1/bd/ps_comblock_setup/ip/ps_comblock_setup_processing_system7_0_0/ps_comblock_setup_processing_system7_0_0/ps_comblock_setup_processing_system7_0_0_in_context.xdc}, line 22).
Applied set_property CLOCK_BUFFER_TYPE = NONE for DDR_addr[5]. (constraint file  {c:/Users/gm/Vivado Projects/complete_det_modded_turbo/complete_det_modded_turbo.gen/sources_1/bd/ps_comblock_setup/ip/ps_comblock_setup_processing_system7_0_0/ps_comblock_setup_processing_system7_0_0/ps_comblock_setup_processing_system7_0_0_in_context.xdc}, line 23).
Applied set_property IO_BUFFER_TYPE = NONE for DDR_addr[6]. (constraint file  {c:/Users/gm/Vivado Projects/complete_det_modded_turbo/complete_det_modded_turbo.gen/sources_1/bd/ps_comblock_setup/ip/ps_comblock_setup_processing_system7_0_0/ps_comblock_setup_processing_system7_0_0/ps_comblock_setup_processing_system7_0_0_in_context.xdc}, line 24).
Applied set_property CLOCK_BUFFER_TYPE = NONE for DDR_addr[6]. (constraint file  {c:/Users/gm/Vivado Projects/complete_det_modded_turbo/complete_det_modded_turbo.gen/sources_1/bd/ps_comblock_setup/ip/ps_comblock_setup_processing_system7_0_0/ps_comblock_setup_processing_system7_0_0/ps_comblock_setup_processing_system7_0_0_in_context.xdc}, line 25).
Applied set_property IO_BUFFER_TYPE = NONE for DDR_addr[7]. (constraint file  {c:/Users/gm/Vivado Projects/complete_det_modded_turbo/complete_det_modded_turbo.gen/sources_1/bd/ps_comblock_setup/ip/ps_comblock_setup_processing_system7_0_0/ps_comblock_setup_processing_system7_0_0/ps_comblock_setup_processing_system7_0_0_in_context.xdc}, line 26).
Applied set_property CLOCK_BUFFER_TYPE = NONE for DDR_addr[7]. (constraint file  {c:/Users/gm/Vivado Projects/complete_det_modded_turbo/complete_det_modded_turbo.gen/sources_1/bd/ps_comblock_setup/ip/ps_comblock_setup_processing_system7_0_0/ps_comblock_setup_processing_system7_0_0/ps_comblock_setup_processing_system7_0_0_in_context.xdc}, line 27).
Applied set_property IO_BUFFER_TYPE = NONE for DDR_addr[8]. (constraint file  {c:/Users/gm/Vivado Projects/complete_det_modded_turbo/complete_det_modded_turbo.gen/sources_1/bd/ps_comblock_setup/ip/ps_comblock_setup_processing_system7_0_0/ps_comblock_setup_processing_system7_0_0/ps_comblock_setup_processing_system7_0_0_in_context.xdc}, line 28).
Applied set_property CLOCK_BUFFER_TYPE = NONE for DDR_addr[8]. (constraint file  {c:/Users/gm/Vivado Projects/complete_det_modded_turbo/complete_det_modded_turbo.gen/sources_1/bd/ps_comblock_setup/ip/ps_comblock_setup_processing_system7_0_0/ps_comblock_setup_processing_system7_0_0/ps_comblock_setup_processing_system7_0_0_in_context.xdc}, line 29).
Applied set_property IO_BUFFER_TYPE = NONE for DDR_addr[9]. (constraint file  {c:/Users/gm/Vivado Projects/complete_det_modded_turbo/complete_det_modded_turbo.gen/sources_1/bd/ps_comblock_setup/ip/ps_comblock_setup_processing_system7_0_0/ps_comblock_setup_processing_system7_0_0/ps_comblock_setup_processing_system7_0_0_in_context.xdc}, line 30).
Applied set_property CLOCK_BUFFER_TYPE = NONE for DDR_addr[9]. (constraint file  {c:/Users/gm/Vivado Projects/complete_det_modded_turbo/complete_det_modded_turbo.gen/sources_1/bd/ps_comblock_setup/ip/ps_comblock_setup_processing_system7_0_0/ps_comblock_setup_processing_system7_0_0/ps_comblock_setup_processing_system7_0_0_in_context.xdc}, line 31).
Applied set_property IO_BUFFER_TYPE = NONE for DDR_ba[0]. (constraint file  {c:/Users/gm/Vivado Projects/complete_det_modded_turbo/complete_det_modded_turbo.gen/sources_1/bd/ps_comblock_setup/ip/ps_comblock_setup_processing_system7_0_0/ps_comblock_setup_processing_system7_0_0/ps_comblock_setup_processing_system7_0_0_in_context.xdc}, line 32).
Applied set_property CLOCK_BUFFER_TYPE = NONE for DDR_ba[0]. (constraint file  {c:/Users/gm/Vivado Projects/complete_det_modded_turbo/complete_det_modded_turbo.gen/sources_1/bd/ps_comblock_setup/ip/ps_comblock_setup_processing_system7_0_0/ps_comblock_setup_processing_system7_0_0/ps_comblock_setup_processing_system7_0_0_in_context.xdc}, line 33).
Applied set_property IO_BUFFER_TYPE = NONE for DDR_ba[1]. (constraint file  {c:/Users/gm/Vivado Projects/complete_det_modded_turbo/complete_det_modded_turbo.gen/sources_1/bd/ps_comblock_setup/ip/ps_comblock_setup_processing_system7_0_0/ps_comblock_setup_processing_system7_0_0/ps_comblock_setup_processing_system7_0_0_in_context.xdc}, line 34).
Applied set_property CLOCK_BUFFER_TYPE = NONE for DDR_ba[1]. (constraint file  {c:/Users/gm/Vivado Projects/complete_det_modded_turbo/complete_det_modded_turbo.gen/sources_1/bd/ps_comblock_setup/ip/ps_comblock_setup_processing_system7_0_0/ps_comblock_setup_processing_system7_0_0/ps_comblock_setup_processing_system7_0_0_in_context.xdc}, line 35).
Applied set_property IO_BUFFER_TYPE = NONE for DDR_ba[2]. (constraint file  {c:/Users/gm/Vivado Projects/complete_det_modded_turbo/complete_det_modded_turbo.gen/sources_1/bd/ps_comblock_setup/ip/ps_comblock_setup_processing_system7_0_0/ps_comblock_setup_processing_system7_0_0/ps_comblock_setup_processing_system7_0_0_in_context.xdc}, line 36).
Applied set_property CLOCK_BUFFER_TYPE = NONE for DDR_ba[2]. (constraint file  {c:/Users/gm/Vivado Projects/complete_det_modded_turbo/complete_det_modded_turbo.gen/sources_1/bd/ps_comblock_setup/ip/ps_comblock_setup_processing_system7_0_0/ps_comblock_setup_processing_system7_0_0/ps_comblock_setup_processing_system7_0_0_in_context.xdc}, line 37).
Applied set_property IO_BUFFER_TYPE = NONE for DDR_cas_n. (constraint file  {c:/Users/gm/Vivado Projects/complete_det_modded_turbo/complete_det_modded_turbo.gen/sources_1/bd/ps_comblock_setup/ip/ps_comblock_setup_processing_system7_0_0/ps_comblock_setup_processing_system7_0_0/ps_comblock_setup_processing_system7_0_0_in_context.xdc}, line 38).
Applied set_property CLOCK_BUFFER_TYPE = NONE for DDR_cas_n. (constraint file  {c:/Users/gm/Vivado Projects/complete_det_modded_turbo/complete_det_modded_turbo.gen/sources_1/bd/ps_comblock_setup/ip/ps_comblock_setup_processing_system7_0_0/ps_comblock_setup_processing_system7_0_0/ps_comblock_setup_processing_system7_0_0_in_context.xdc}, line 39).
Applied set_property IO_BUFFER_TYPE = NONE for DDR_cke. (constraint file  {c:/Users/gm/Vivado Projects/complete_det_modded_turbo/complete_det_modded_turbo.gen/sources_1/bd/ps_comblock_setup/ip/ps_comblock_setup_processing_system7_0_0/ps_comblock_setup_processing_system7_0_0/ps_comblock_setup_processing_system7_0_0_in_context.xdc}, line 40).
Applied set_property CLOCK_BUFFER_TYPE = NONE for DDR_cke. (constraint file  {c:/Users/gm/Vivado Projects/complete_det_modded_turbo/complete_det_modded_turbo.gen/sources_1/bd/ps_comblock_setup/ip/ps_comblock_setup_processing_system7_0_0/ps_comblock_setup_processing_system7_0_0/ps_comblock_setup_processing_system7_0_0_in_context.xdc}, line 41).
Applied set_property IO_BUFFER_TYPE = NONE for DDR_cs_n. (constraint file  {c:/Users/gm/Vivado Projects/complete_det_modded_turbo/complete_det_modded_turbo.gen/sources_1/bd/ps_comblock_setup/ip/ps_comblock_setup_processing_system7_0_0/ps_comblock_setup_processing_system7_0_0/ps_comblock_setup_processing_system7_0_0_in_context.xdc}, line 42).
Applied set_property CLOCK_BUFFER_TYPE = NONE for DDR_cs_n. (constraint file  {c:/Users/gm/Vivado Projects/complete_det_modded_turbo/complete_det_modded_turbo.gen/sources_1/bd/ps_comblock_setup/ip/ps_comblock_setup_processing_system7_0_0/ps_comblock_setup_processing_system7_0_0/ps_comblock_setup_processing_system7_0_0_in_context.xdc}, line 43).
Applied set_property IO_BUFFER_TYPE = NONE for DDR_ck_p. (constraint file  {c:/Users/gm/Vivado Projects/complete_det_modded_turbo/complete_det_modded_turbo.gen/sources_1/bd/ps_comblock_setup/ip/ps_comblock_setup_processing_system7_0_0/ps_comblock_setup_processing_system7_0_0/ps_comblock_setup_processing_system7_0_0_in_context.xdc}, line 44).
Applied set_property CLOCK_BUFFER_TYPE = NONE for DDR_ck_p. (constraint file  {c:/Users/gm/Vivado Projects/complete_det_modded_turbo/complete_det_modded_turbo.gen/sources_1/bd/ps_comblock_setup/ip/ps_comblock_setup_processing_system7_0_0/ps_comblock_setup_processing_system7_0_0/ps_comblock_setup_processing_system7_0_0_in_context.xdc}, line 45).
Applied set_property IO_BUFFER_TYPE = NONE for DDR_ck_n. (constraint file  {c:/Users/gm/Vivado Projects/complete_det_modded_turbo/complete_det_modded_turbo.gen/sources_1/bd/ps_comblock_setup/ip/ps_comblock_setup_processing_system7_0_0/ps_comblock_setup_processing_system7_0_0/ps_comblock_setup_processing_system7_0_0_in_context.xdc}, line 46).
Applied set_property CLOCK_BUFFER_TYPE = NONE for DDR_ck_n. (constraint file  {c:/Users/gm/Vivado Projects/complete_det_modded_turbo/complete_det_modded_turbo.gen/sources_1/bd/ps_comblock_setup/ip/ps_comblock_setup_processing_system7_0_0/ps_comblock_setup_processing_system7_0_0/ps_comblock_setup_processing_system7_0_0_in_context.xdc}, line 47).
Applied set_property IO_BUFFER_TYPE = NONE for DDR_dm[0]. (constraint file  {c:/Users/gm/Vivado Projects/complete_det_modded_turbo/complete_det_modded_turbo.gen/sources_1/bd/ps_comblock_setup/ip/ps_comblock_setup_processing_system7_0_0/ps_comblock_setup_processing_system7_0_0/ps_comblock_setup_processing_system7_0_0_in_context.xdc}, line 48).
Applied set_property CLOCK_BUFFER_TYPE = NONE for DDR_dm[0]. (constraint file  {c:/Users/gm/Vivado Projects/complete_det_modded_turbo/complete_det_modded_turbo.gen/sources_1/bd/ps_comblock_setup/ip/ps_comblock_setup_processing_system7_0_0/ps_comblock_setup_processing_system7_0_0/ps_comblock_setup_processing_system7_0_0_in_context.xdc}, line 49).
Applied set_property IO_BUFFER_TYPE = NONE for DDR_dm[1]. (constraint file  {c:/Users/gm/Vivado Projects/complete_det_modded_turbo/complete_det_modded_turbo.gen/sources_1/bd/ps_comblock_setup/ip/ps_comblock_setup_processing_system7_0_0/ps_comblock_setup_processing_system7_0_0/ps_comblock_setup_processing_system7_0_0_in_context.xdc}, line 50).
Applied set_property CLOCK_BUFFER_TYPE = NONE for DDR_dm[1]. (constraint file  {c:/Users/gm/Vivado Projects/complete_det_modded_turbo/complete_det_modded_turbo.gen/sources_1/bd/ps_comblock_setup/ip/ps_comblock_setup_processing_system7_0_0/ps_comblock_setup_processing_system7_0_0/ps_comblock_setup_processing_system7_0_0_in_context.xdc}, line 51).
Applied set_property IO_BUFFER_TYPE = NONE for DDR_dm[2]. (constraint file  {c:/Users/gm/Vivado Projects/complete_det_modded_turbo/complete_det_modded_turbo.gen/sources_1/bd/ps_comblock_setup/ip/ps_comblock_setup_processing_system7_0_0/ps_comblock_setup_processing_system7_0_0/ps_comblock_setup_processing_system7_0_0_in_context.xdc}, line 52).
Applied set_property CLOCK_BUFFER_TYPE = NONE for DDR_dm[2]. (constraint file  {c:/Users/gm/Vivado Projects/complete_det_modded_turbo/complete_det_modded_turbo.gen/sources_1/bd/ps_comblock_setup/ip/ps_comblock_setup_processing_system7_0_0/ps_comblock_setup_processing_system7_0_0/ps_comblock_setup_processing_system7_0_0_in_context.xdc}, line 53).
Applied set_property IO_BUFFER_TYPE = NONE for DDR_dm[3]. (constraint file  {c:/Users/gm/Vivado Projects/complete_det_modded_turbo/complete_det_modded_turbo.gen/sources_1/bd/ps_comblock_setup/ip/ps_comblock_setup_processing_system7_0_0/ps_comblock_setup_processing_system7_0_0/ps_comblock_setup_processing_system7_0_0_in_context.xdc}, line 54).
Applied set_property CLOCK_BUFFER_TYPE = NONE for DDR_dm[3]. (constraint file  {c:/Users/gm/Vivado Projects/complete_det_modded_turbo/complete_det_modded_turbo.gen/sources_1/bd/ps_comblock_setup/ip/ps_comblock_setup_processing_system7_0_0/ps_comblock_setup_processing_system7_0_0/ps_comblock_setup_processing_system7_0_0_in_context.xdc}, line 55).
Applied set_property IO_BUFFER_TYPE = NONE for DDR_dqs_p[0]. (constraint file  {c:/Users/gm/Vivado Projects/complete_det_modded_turbo/complete_det_modded_turbo.gen/sources_1/bd/ps_comblock_setup/ip/ps_comblock_setup_processing_system7_0_0/ps_comblock_setup_processing_system7_0_0/ps_comblock_setup_processing_system7_0_0_in_context.xdc}, line 56).
Applied set_property CLOCK_BUFFER_TYPE = NONE for DDR_dqs_p[0]. (constraint file  {c:/Users/gm/Vivado Projects/complete_det_modded_turbo/complete_det_modded_turbo.gen/sources_1/bd/ps_comblock_setup/ip/ps_comblock_setup_processing_system7_0_0/ps_comblock_setup_processing_system7_0_0/ps_comblock_setup_processing_system7_0_0_in_context.xdc}, line 57).
Applied set_property IO_BUFFER_TYPE = NONE for DDR_dqs_p[1]. (constraint file  {c:/Users/gm/Vivado Projects/complete_det_modded_turbo/complete_det_modded_turbo.gen/sources_1/bd/ps_comblock_setup/ip/ps_comblock_setup_processing_system7_0_0/ps_comblock_setup_processing_system7_0_0/ps_comblock_setup_processing_system7_0_0_in_context.xdc}, line 58).
Applied set_property CLOCK_BUFFER_TYPE = NONE for DDR_dqs_p[1]. (constraint file  {c:/Users/gm/Vivado Projects/complete_det_modded_turbo/complete_det_modded_turbo.gen/sources_1/bd/ps_comblock_setup/ip/ps_comblock_setup_processing_system7_0_0/ps_comblock_setup_processing_system7_0_0/ps_comblock_setup_processing_system7_0_0_in_context.xdc}, line 59).
Applied set_property IO_BUFFER_TYPE = NONE for DDR_dqs_p[2]. (constraint file  {c:/Users/gm/Vivado Projects/complete_det_modded_turbo/complete_det_modded_turbo.gen/sources_1/bd/ps_comblock_setup/ip/ps_comblock_setup_processing_system7_0_0/ps_comblock_setup_processing_system7_0_0/ps_comblock_setup_processing_system7_0_0_in_context.xdc}, line 60).
Applied set_property CLOCK_BUFFER_TYPE = NONE for DDR_dqs_p[2]. (constraint file  {c:/Users/gm/Vivado Projects/complete_det_modded_turbo/complete_det_modded_turbo.gen/sources_1/bd/ps_comblock_setup/ip/ps_comblock_setup_processing_system7_0_0/ps_comblock_setup_processing_system7_0_0/ps_comblock_setup_processing_system7_0_0_in_context.xdc}, line 61).
Applied set_property IO_BUFFER_TYPE = NONE for DDR_dqs_p[3]. (constraint file  {c:/Users/gm/Vivado Projects/complete_det_modded_turbo/complete_det_modded_turbo.gen/sources_1/bd/ps_comblock_setup/ip/ps_comblock_setup_processing_system7_0_0/ps_comblock_setup_processing_system7_0_0/ps_comblock_setup_processing_system7_0_0_in_context.xdc}, line 62).
Applied set_property CLOCK_BUFFER_TYPE = NONE for DDR_dqs_p[3]. (constraint file  {c:/Users/gm/Vivado Projects/complete_det_modded_turbo/complete_det_modded_turbo.gen/sources_1/bd/ps_comblock_setup/ip/ps_comblock_setup_processing_system7_0_0/ps_comblock_setup_processing_system7_0_0/ps_comblock_setup_processing_system7_0_0_in_context.xdc}, line 63).
Applied set_property IO_BUFFER_TYPE = NONE for DDR_dqs_n[0]. (constraint file  {c:/Users/gm/Vivado Projects/complete_det_modded_turbo/complete_det_modded_turbo.gen/sources_1/bd/ps_comblock_setup/ip/ps_comblock_setup_processing_system7_0_0/ps_comblock_setup_processing_system7_0_0/ps_comblock_setup_processing_system7_0_0_in_context.xdc}, line 64).
Applied set_property CLOCK_BUFFER_TYPE = NONE for DDR_dqs_n[0]. (constraint file  {c:/Users/gm/Vivado Projects/complete_det_modded_turbo/complete_det_modded_turbo.gen/sources_1/bd/ps_comblock_setup/ip/ps_comblock_setup_processing_system7_0_0/ps_comblock_setup_processing_system7_0_0/ps_comblock_setup_processing_system7_0_0_in_context.xdc}, line 65).
Applied set_property IO_BUFFER_TYPE = NONE for DDR_dqs_n[1]. (constraint file  {c:/Users/gm/Vivado Projects/complete_det_modded_turbo/complete_det_modded_turbo.gen/sources_1/bd/ps_comblock_setup/ip/ps_comblock_setup_processing_system7_0_0/ps_comblock_setup_processing_system7_0_0/ps_comblock_setup_processing_system7_0_0_in_context.xdc}, line 66).
Applied set_property CLOCK_BUFFER_TYPE = NONE for DDR_dqs_n[1]. (constraint file  {c:/Users/gm/Vivado Projects/complete_det_modded_turbo/complete_det_modded_turbo.gen/sources_1/bd/ps_comblock_setup/ip/ps_comblock_setup_processing_system7_0_0/ps_comblock_setup_processing_system7_0_0/ps_comblock_setup_processing_system7_0_0_in_context.xdc}, line 67).
Applied set_property IO_BUFFER_TYPE = NONE for DDR_dqs_n[2]. (constraint file  {c:/Users/gm/Vivado Projects/complete_det_modded_turbo/complete_det_modded_turbo.gen/sources_1/bd/ps_comblock_setup/ip/ps_comblock_setup_processing_system7_0_0/ps_comblock_setup_processing_system7_0_0/ps_comblock_setup_processing_system7_0_0_in_context.xdc}, line 68).
Applied set_property CLOCK_BUFFER_TYPE = NONE for DDR_dqs_n[2]. (constraint file  {c:/Users/gm/Vivado Projects/complete_det_modded_turbo/complete_det_modded_turbo.gen/sources_1/bd/ps_comblock_setup/ip/ps_comblock_setup_processing_system7_0_0/ps_comblock_setup_processing_system7_0_0/ps_comblock_setup_processing_system7_0_0_in_context.xdc}, line 69).
Applied set_property IO_BUFFER_TYPE = NONE for DDR_dqs_n[3]. (constraint file  {c:/Users/gm/Vivado Projects/complete_det_modded_turbo/complete_det_modded_turbo.gen/sources_1/bd/ps_comblock_setup/ip/ps_comblock_setup_processing_system7_0_0/ps_comblock_setup_processing_system7_0_0/ps_comblock_setup_processing_system7_0_0_in_context.xdc}, line 70).
Applied set_property CLOCK_BUFFER_TYPE = NONE for DDR_dqs_n[3]. (constraint file  {c:/Users/gm/Vivado Projects/complete_det_modded_turbo/complete_det_modded_turbo.gen/sources_1/bd/ps_comblock_setup/ip/ps_comblock_setup_processing_system7_0_0/ps_comblock_setup_processing_system7_0_0/ps_comblock_setup_processing_system7_0_0_in_context.xdc}, line 71).
Applied set_property IO_BUFFER_TYPE = NONE for DDR_dq[0]. (constraint file  {c:/Users/gm/Vivado Projects/complete_det_modded_turbo/complete_det_modded_turbo.gen/sources_1/bd/ps_comblock_setup/ip/ps_comblock_setup_processing_system7_0_0/ps_comblock_setup_processing_system7_0_0/ps_comblock_setup_processing_system7_0_0_in_context.xdc}, line 72).
Applied set_property CLOCK_BUFFER_TYPE = NONE for DDR_dq[0]. (constraint file  {c:/Users/gm/Vivado Projects/complete_det_modded_turbo/complete_det_modded_turbo.gen/sources_1/bd/ps_comblock_setup/ip/ps_comblock_setup_processing_system7_0_0/ps_comblock_setup_processing_system7_0_0/ps_comblock_setup_processing_system7_0_0_in_context.xdc}, line 73).
Applied set_property IO_BUFFER_TYPE = NONE for DDR_dq[10]. (constraint file  {c:/Users/gm/Vivado Projects/complete_det_modded_turbo/complete_det_modded_turbo.gen/sources_1/bd/ps_comblock_setup/ip/ps_comblock_setup_processing_system7_0_0/ps_comblock_setup_processing_system7_0_0/ps_comblock_setup_processing_system7_0_0_in_context.xdc}, line 74).
Applied set_property CLOCK_BUFFER_TYPE = NONE for DDR_dq[10]. (constraint file  {c:/Users/gm/Vivado Projects/complete_det_modded_turbo/complete_det_modded_turbo.gen/sources_1/bd/ps_comblock_setup/ip/ps_comblock_setup_processing_system7_0_0/ps_comblock_setup_processing_system7_0_0/ps_comblock_setup_processing_system7_0_0_in_context.xdc}, line 75).
Applied set_property IO_BUFFER_TYPE = NONE for DDR_dq[11]. (constraint file  {c:/Users/gm/Vivado Projects/complete_det_modded_turbo/complete_det_modded_turbo.gen/sources_1/bd/ps_comblock_setup/ip/ps_comblock_setup_processing_system7_0_0/ps_comblock_setup_processing_system7_0_0/ps_comblock_setup_processing_system7_0_0_in_context.xdc}, line 76).
Applied set_property CLOCK_BUFFER_TYPE = NONE for DDR_dq[11]. (constraint file  {c:/Users/gm/Vivado Projects/complete_det_modded_turbo/complete_det_modded_turbo.gen/sources_1/bd/ps_comblock_setup/ip/ps_comblock_setup_processing_system7_0_0/ps_comblock_setup_processing_system7_0_0/ps_comblock_setup_processing_system7_0_0_in_context.xdc}, line 77).
Applied set_property IO_BUFFER_TYPE = NONE for DDR_dq[12]. (constraint file  {c:/Users/gm/Vivado Projects/complete_det_modded_turbo/complete_det_modded_turbo.gen/sources_1/bd/ps_comblock_setup/ip/ps_comblock_setup_processing_system7_0_0/ps_comblock_setup_processing_system7_0_0/ps_comblock_setup_processing_system7_0_0_in_context.xdc}, line 78).
Applied set_property CLOCK_BUFFER_TYPE = NONE for DDR_dq[12]. (constraint file  {c:/Users/gm/Vivado Projects/complete_det_modded_turbo/complete_det_modded_turbo.gen/sources_1/bd/ps_comblock_setup/ip/ps_comblock_setup_processing_system7_0_0/ps_comblock_setup_processing_system7_0_0/ps_comblock_setup_processing_system7_0_0_in_context.xdc}, line 79).
Applied set_property IO_BUFFER_TYPE = NONE for DDR_dq[13]. (constraint file  {c:/Users/gm/Vivado Projects/complete_det_modded_turbo/complete_det_modded_turbo.gen/sources_1/bd/ps_comblock_setup/ip/ps_comblock_setup_processing_system7_0_0/ps_comblock_setup_processing_system7_0_0/ps_comblock_setup_processing_system7_0_0_in_context.xdc}, line 80).
Applied set_property CLOCK_BUFFER_TYPE = NONE for DDR_dq[13]. (constraint file  {c:/Users/gm/Vivado Projects/complete_det_modded_turbo/complete_det_modded_turbo.gen/sources_1/bd/ps_comblock_setup/ip/ps_comblock_setup_processing_system7_0_0/ps_comblock_setup_processing_system7_0_0/ps_comblock_setup_processing_system7_0_0_in_context.xdc}, line 81).
Applied set_property IO_BUFFER_TYPE = NONE for DDR_dq[14]. (constraint file  {c:/Users/gm/Vivado Projects/complete_det_modded_turbo/complete_det_modded_turbo.gen/sources_1/bd/ps_comblock_setup/ip/ps_comblock_setup_processing_system7_0_0/ps_comblock_setup_processing_system7_0_0/ps_comblock_setup_processing_system7_0_0_in_context.xdc}, line 82).
Applied set_property CLOCK_BUFFER_TYPE = NONE for DDR_dq[14]. (constraint file  {c:/Users/gm/Vivado Projects/complete_det_modded_turbo/complete_det_modded_turbo.gen/sources_1/bd/ps_comblock_setup/ip/ps_comblock_setup_processing_system7_0_0/ps_comblock_setup_processing_system7_0_0/ps_comblock_setup_processing_system7_0_0_in_context.xdc}, line 83).
Applied set_property IO_BUFFER_TYPE = NONE for DDR_dq[15]. (constraint file  {c:/Users/gm/Vivado Projects/complete_det_modded_turbo/complete_det_modded_turbo.gen/sources_1/bd/ps_comblock_setup/ip/ps_comblock_setup_processing_system7_0_0/ps_comblock_setup_processing_system7_0_0/ps_comblock_setup_processing_system7_0_0_in_context.xdc}, line 84).
Applied set_property CLOCK_BUFFER_TYPE = NONE for DDR_dq[15]. (constraint file  {c:/Users/gm/Vivado Projects/complete_det_modded_turbo/complete_det_modded_turbo.gen/sources_1/bd/ps_comblock_setup/ip/ps_comblock_setup_processing_system7_0_0/ps_comblock_setup_processing_system7_0_0/ps_comblock_setup_processing_system7_0_0_in_context.xdc}, line 85).
Applied set_property IO_BUFFER_TYPE = NONE for DDR_dq[16]. (constraint file  {c:/Users/gm/Vivado Projects/complete_det_modded_turbo/complete_det_modded_turbo.gen/sources_1/bd/ps_comblock_setup/ip/ps_comblock_setup_processing_system7_0_0/ps_comblock_setup_processing_system7_0_0/ps_comblock_setup_processing_system7_0_0_in_context.xdc}, line 86).
Applied set_property CLOCK_BUFFER_TYPE = NONE for DDR_dq[16]. (constraint file  {c:/Users/gm/Vivado Projects/complete_det_modded_turbo/complete_det_modded_turbo.gen/sources_1/bd/ps_comblock_setup/ip/ps_comblock_setup_processing_system7_0_0/ps_comblock_setup_processing_system7_0_0/ps_comblock_setup_processing_system7_0_0_in_context.xdc}, line 87).
Applied set_property IO_BUFFER_TYPE = NONE for DDR_dq[17]. (constraint file  {c:/Users/gm/Vivado Projects/complete_det_modded_turbo/complete_det_modded_turbo.gen/sources_1/bd/ps_comblock_setup/ip/ps_comblock_setup_processing_system7_0_0/ps_comblock_setup_processing_system7_0_0/ps_comblock_setup_processing_system7_0_0_in_context.xdc}, line 88).
Applied set_property CLOCK_BUFFER_TYPE = NONE for DDR_dq[17]. (constraint file  {c:/Users/gm/Vivado Projects/complete_det_modded_turbo/complete_det_modded_turbo.gen/sources_1/bd/ps_comblock_setup/ip/ps_comblock_setup_processing_system7_0_0/ps_comblock_setup_processing_system7_0_0/ps_comblock_setup_processing_system7_0_0_in_context.xdc}, line 89).
Applied set_property IO_BUFFER_TYPE = NONE for DDR_dq[18]. (constraint file  {c:/Users/gm/Vivado Projects/complete_det_modded_turbo/complete_det_modded_turbo.gen/sources_1/bd/ps_comblock_setup/ip/ps_comblock_setup_processing_system7_0_0/ps_comblock_setup_processing_system7_0_0/ps_comblock_setup_processing_system7_0_0_in_context.xdc}, line 90).
Applied set_property CLOCK_BUFFER_TYPE = NONE for DDR_dq[18]. (constraint file  {c:/Users/gm/Vivado Projects/complete_det_modded_turbo/complete_det_modded_turbo.gen/sources_1/bd/ps_comblock_setup/ip/ps_comblock_setup_processing_system7_0_0/ps_comblock_setup_processing_system7_0_0/ps_comblock_setup_processing_system7_0_0_in_context.xdc}, line 91).
Applied set_property IO_BUFFER_TYPE = NONE for DDR_dq[19]. (constraint file  {c:/Users/gm/Vivado Projects/complete_det_modded_turbo/complete_det_modded_turbo.gen/sources_1/bd/ps_comblock_setup/ip/ps_comblock_setup_processing_system7_0_0/ps_comblock_setup_processing_system7_0_0/ps_comblock_setup_processing_system7_0_0_in_context.xdc}, line 92).
Applied set_property CLOCK_BUFFER_TYPE = NONE for DDR_dq[19]. (constraint file  {c:/Users/gm/Vivado Projects/complete_det_modded_turbo/complete_det_modded_turbo.gen/sources_1/bd/ps_comblock_setup/ip/ps_comblock_setup_processing_system7_0_0/ps_comblock_setup_processing_system7_0_0/ps_comblock_setup_processing_system7_0_0_in_context.xdc}, line 93).
Applied set_property IO_BUFFER_TYPE = NONE for DDR_dq[1]. (constraint file  {c:/Users/gm/Vivado Projects/complete_det_modded_turbo/complete_det_modded_turbo.gen/sources_1/bd/ps_comblock_setup/ip/ps_comblock_setup_processing_system7_0_0/ps_comblock_setup_processing_system7_0_0/ps_comblock_setup_processing_system7_0_0_in_context.xdc}, line 94).
Applied set_property CLOCK_BUFFER_TYPE = NONE for DDR_dq[1]. (constraint file  {c:/Users/gm/Vivado Projects/complete_det_modded_turbo/complete_det_modded_turbo.gen/sources_1/bd/ps_comblock_setup/ip/ps_comblock_setup_processing_system7_0_0/ps_comblock_setup_processing_system7_0_0/ps_comblock_setup_processing_system7_0_0_in_context.xdc}, line 95).
Applied set_property IO_BUFFER_TYPE = NONE for DDR_dq[20]. (constraint file  {c:/Users/gm/Vivado Projects/complete_det_modded_turbo/complete_det_modded_turbo.gen/sources_1/bd/ps_comblock_setup/ip/ps_comblock_setup_processing_system7_0_0/ps_comblock_setup_processing_system7_0_0/ps_comblock_setup_processing_system7_0_0_in_context.xdc}, line 96).
Applied set_property CLOCK_BUFFER_TYPE = NONE for DDR_dq[20]. (constraint file  {c:/Users/gm/Vivado Projects/complete_det_modded_turbo/complete_det_modded_turbo.gen/sources_1/bd/ps_comblock_setup/ip/ps_comblock_setup_processing_system7_0_0/ps_comblock_setup_processing_system7_0_0/ps_comblock_setup_processing_system7_0_0_in_context.xdc}, line 97).
Applied set_property IO_BUFFER_TYPE = NONE for DDR_dq[21]. (constraint file  {c:/Users/gm/Vivado Projects/complete_det_modded_turbo/complete_det_modded_turbo.gen/sources_1/bd/ps_comblock_setup/ip/ps_comblock_setup_processing_system7_0_0/ps_comblock_setup_processing_system7_0_0/ps_comblock_setup_processing_system7_0_0_in_context.xdc}, line 98).
Applied set_property CLOCK_BUFFER_TYPE = NONE for DDR_dq[21]. (constraint file  {c:/Users/gm/Vivado Projects/complete_det_modded_turbo/complete_det_modded_turbo.gen/sources_1/bd/ps_comblock_setup/ip/ps_comblock_setup_processing_system7_0_0/ps_comblock_setup_processing_system7_0_0/ps_comblock_setup_processing_system7_0_0_in_context.xdc}, line 99).
Applied set_property IO_BUFFER_TYPE = NONE for DDR_dq[22]. (constraint file  {c:/Users/gm/Vivado Projects/complete_det_modded_turbo/complete_det_modded_turbo.gen/sources_1/bd/ps_comblock_setup/ip/ps_comblock_setup_processing_system7_0_0/ps_comblock_setup_processing_system7_0_0/ps_comblock_setup_processing_system7_0_0_in_context.xdc}, line 100).
Applied set_property CLOCK_BUFFER_TYPE = NONE for DDR_dq[22]. (constraint file  {c:/Users/gm/Vivado Projects/complete_det_modded_turbo/complete_det_modded_turbo.gen/sources_1/bd/ps_comblock_setup/ip/ps_comblock_setup_processing_system7_0_0/ps_comblock_setup_processing_system7_0_0/ps_comblock_setup_processing_system7_0_0_in_context.xdc}, line 101).
Applied set_property IO_BUFFER_TYPE = NONE for DDR_dq[23]. (constraint file  {c:/Users/gm/Vivado Projects/complete_det_modded_turbo/complete_det_modded_turbo.gen/sources_1/bd/ps_comblock_setup/ip/ps_comblock_setup_processing_system7_0_0/ps_comblock_setup_processing_system7_0_0/ps_comblock_setup_processing_system7_0_0_in_context.xdc}, line 102).
Applied set_property CLOCK_BUFFER_TYPE = NONE for DDR_dq[23]. (constraint file  {c:/Users/gm/Vivado Projects/complete_det_modded_turbo/complete_det_modded_turbo.gen/sources_1/bd/ps_comblock_setup/ip/ps_comblock_setup_processing_system7_0_0/ps_comblock_setup_processing_system7_0_0/ps_comblock_setup_processing_system7_0_0_in_context.xdc}, line 103).
Applied set_property IO_BUFFER_TYPE = NONE for DDR_dq[24]. (constraint file  {c:/Users/gm/Vivado Projects/complete_det_modded_turbo/complete_det_modded_turbo.gen/sources_1/bd/ps_comblock_setup/ip/ps_comblock_setup_processing_system7_0_0/ps_comblock_setup_processing_system7_0_0/ps_comblock_setup_processing_system7_0_0_in_context.xdc}, line 104).
Applied set_property CLOCK_BUFFER_TYPE = NONE for DDR_dq[24]. (constraint file  {c:/Users/gm/Vivado Projects/complete_det_modded_turbo/complete_det_modded_turbo.gen/sources_1/bd/ps_comblock_setup/ip/ps_comblock_setup_processing_system7_0_0/ps_comblock_setup_processing_system7_0_0/ps_comblock_setup_processing_system7_0_0_in_context.xdc}, line 105).
Applied set_property IO_BUFFER_TYPE = NONE for DDR_dq[25]. (constraint file  {c:/Users/gm/Vivado Projects/complete_det_modded_turbo/complete_det_modded_turbo.gen/sources_1/bd/ps_comblock_setup/ip/ps_comblock_setup_processing_system7_0_0/ps_comblock_setup_processing_system7_0_0/ps_comblock_setup_processing_system7_0_0_in_context.xdc}, line 106).
Applied set_property CLOCK_BUFFER_TYPE = NONE for DDR_dq[25]. (constraint file  {c:/Users/gm/Vivado Projects/complete_det_modded_turbo/complete_det_modded_turbo.gen/sources_1/bd/ps_comblock_setup/ip/ps_comblock_setup_processing_system7_0_0/ps_comblock_setup_processing_system7_0_0/ps_comblock_setup_processing_system7_0_0_in_context.xdc}, line 107).
Applied set_property IO_BUFFER_TYPE = NONE for DDR_dq[26]. (constraint file  {c:/Users/gm/Vivado Projects/complete_det_modded_turbo/complete_det_modded_turbo.gen/sources_1/bd/ps_comblock_setup/ip/ps_comblock_setup_processing_system7_0_0/ps_comblock_setup_processing_system7_0_0/ps_comblock_setup_processing_system7_0_0_in_context.xdc}, line 108).
Applied set_property CLOCK_BUFFER_TYPE = NONE for DDR_dq[26]. (constraint file  {c:/Users/gm/Vivado Projects/complete_det_modded_turbo/complete_det_modded_turbo.gen/sources_1/bd/ps_comblock_setup/ip/ps_comblock_setup_processing_system7_0_0/ps_comblock_setup_processing_system7_0_0/ps_comblock_setup_processing_system7_0_0_in_context.xdc}, line 109).
Applied set_property IO_BUFFER_TYPE = NONE for DDR_dq[27]. (constraint file  {c:/Users/gm/Vivado Projects/complete_det_modded_turbo/complete_det_modded_turbo.gen/sources_1/bd/ps_comblock_setup/ip/ps_comblock_setup_processing_system7_0_0/ps_comblock_setup_processing_system7_0_0/ps_comblock_setup_processing_system7_0_0_in_context.xdc}, line 110).
Applied set_property CLOCK_BUFFER_TYPE = NONE for DDR_dq[27]. (constraint file  {c:/Users/gm/Vivado Projects/complete_det_modded_turbo/complete_det_modded_turbo.gen/sources_1/bd/ps_comblock_setup/ip/ps_comblock_setup_processing_system7_0_0/ps_comblock_setup_processing_system7_0_0/ps_comblock_setup_processing_system7_0_0_in_context.xdc}, line 111).
Applied set_property IO_BUFFER_TYPE = NONE for DDR_dq[28]. (constraint file  {c:/Users/gm/Vivado Projects/complete_det_modded_turbo/complete_det_modded_turbo.gen/sources_1/bd/ps_comblock_setup/ip/ps_comblock_setup_processing_system7_0_0/ps_comblock_setup_processing_system7_0_0/ps_comblock_setup_processing_system7_0_0_in_context.xdc}, line 112).
Applied set_property CLOCK_BUFFER_TYPE = NONE for DDR_dq[28]. (constraint file  {c:/Users/gm/Vivado Projects/complete_det_modded_turbo/complete_det_modded_turbo.gen/sources_1/bd/ps_comblock_setup/ip/ps_comblock_setup_processing_system7_0_0/ps_comblock_setup_processing_system7_0_0/ps_comblock_setup_processing_system7_0_0_in_context.xdc}, line 113).
Applied set_property IO_BUFFER_TYPE = NONE for DDR_dq[29]. (constraint file  {c:/Users/gm/Vivado Projects/complete_det_modded_turbo/complete_det_modded_turbo.gen/sources_1/bd/ps_comblock_setup/ip/ps_comblock_setup_processing_system7_0_0/ps_comblock_setup_processing_system7_0_0/ps_comblock_setup_processing_system7_0_0_in_context.xdc}, line 114).
Applied set_property CLOCK_BUFFER_TYPE = NONE for DDR_dq[29]. (constraint file  {c:/Users/gm/Vivado Projects/complete_det_modded_turbo/complete_det_modded_turbo.gen/sources_1/bd/ps_comblock_setup/ip/ps_comblock_setup_processing_system7_0_0/ps_comblock_setup_processing_system7_0_0/ps_comblock_setup_processing_system7_0_0_in_context.xdc}, line 115).
Applied set_property IO_BUFFER_TYPE = NONE for DDR_dq[2]. (constraint file  {c:/Users/gm/Vivado Projects/complete_det_modded_turbo/complete_det_modded_turbo.gen/sources_1/bd/ps_comblock_setup/ip/ps_comblock_setup_processing_system7_0_0/ps_comblock_setup_processing_system7_0_0/ps_comblock_setup_processing_system7_0_0_in_context.xdc}, line 116).
Applied set_property CLOCK_BUFFER_TYPE = NONE for DDR_dq[2]. (constraint file  {c:/Users/gm/Vivado Projects/complete_det_modded_turbo/complete_det_modded_turbo.gen/sources_1/bd/ps_comblock_setup/ip/ps_comblock_setup_processing_system7_0_0/ps_comblock_setup_processing_system7_0_0/ps_comblock_setup_processing_system7_0_0_in_context.xdc}, line 117).
Applied set_property IO_BUFFER_TYPE = NONE for DDR_dq[30]. (constraint file  {c:/Users/gm/Vivado Projects/complete_det_modded_turbo/complete_det_modded_turbo.gen/sources_1/bd/ps_comblock_setup/ip/ps_comblock_setup_processing_system7_0_0/ps_comblock_setup_processing_system7_0_0/ps_comblock_setup_processing_system7_0_0_in_context.xdc}, line 118).
Applied set_property CLOCK_BUFFER_TYPE = NONE for DDR_dq[30]. (constraint file  {c:/Users/gm/Vivado Projects/complete_det_modded_turbo/complete_det_modded_turbo.gen/sources_1/bd/ps_comblock_setup/ip/ps_comblock_setup_processing_system7_0_0/ps_comblock_setup_processing_system7_0_0/ps_comblock_setup_processing_system7_0_0_in_context.xdc}, line 119).
Applied set_property IO_BUFFER_TYPE = NONE for DDR_dq[31]. (constraint file  {c:/Users/gm/Vivado Projects/complete_det_modded_turbo/complete_det_modded_turbo.gen/sources_1/bd/ps_comblock_setup/ip/ps_comblock_setup_processing_system7_0_0/ps_comblock_setup_processing_system7_0_0/ps_comblock_setup_processing_system7_0_0_in_context.xdc}, line 120).
Applied set_property CLOCK_BUFFER_TYPE = NONE for DDR_dq[31]. (constraint file  {c:/Users/gm/Vivado Projects/complete_det_modded_turbo/complete_det_modded_turbo.gen/sources_1/bd/ps_comblock_setup/ip/ps_comblock_setup_processing_system7_0_0/ps_comblock_setup_processing_system7_0_0/ps_comblock_setup_processing_system7_0_0_in_context.xdc}, line 121).
Applied set_property IO_BUFFER_TYPE = NONE for DDR_dq[3]. (constraint file  {c:/Users/gm/Vivado Projects/complete_det_modded_turbo/complete_det_modded_turbo.gen/sources_1/bd/ps_comblock_setup/ip/ps_comblock_setup_processing_system7_0_0/ps_comblock_setup_processing_system7_0_0/ps_comblock_setup_processing_system7_0_0_in_context.xdc}, line 122).
Applied set_property CLOCK_BUFFER_TYPE = NONE for DDR_dq[3]. (constraint file  {c:/Users/gm/Vivado Projects/complete_det_modded_turbo/complete_det_modded_turbo.gen/sources_1/bd/ps_comblock_setup/ip/ps_comblock_setup_processing_system7_0_0/ps_comblock_setup_processing_system7_0_0/ps_comblock_setup_processing_system7_0_0_in_context.xdc}, line 123).
Applied set_property IO_BUFFER_TYPE = NONE for DDR_dq[4]. (constraint file  {c:/Users/gm/Vivado Projects/complete_det_modded_turbo/complete_det_modded_turbo.gen/sources_1/bd/ps_comblock_setup/ip/ps_comblock_setup_processing_system7_0_0/ps_comblock_setup_processing_system7_0_0/ps_comblock_setup_processing_system7_0_0_in_context.xdc}, line 124).
Applied set_property CLOCK_BUFFER_TYPE = NONE for DDR_dq[4]. (constraint file  {c:/Users/gm/Vivado Projects/complete_det_modded_turbo/complete_det_modded_turbo.gen/sources_1/bd/ps_comblock_setup/ip/ps_comblock_setup_processing_system7_0_0/ps_comblock_setup_processing_system7_0_0/ps_comblock_setup_processing_system7_0_0_in_context.xdc}, line 125).
Applied set_property IO_BUFFER_TYPE = NONE for DDR_dq[5]. (constraint file  {c:/Users/gm/Vivado Projects/complete_det_modded_turbo/complete_det_modded_turbo.gen/sources_1/bd/ps_comblock_setup/ip/ps_comblock_setup_processing_system7_0_0/ps_comblock_setup_processing_system7_0_0/ps_comblock_setup_processing_system7_0_0_in_context.xdc}, line 126).
Applied set_property CLOCK_BUFFER_TYPE = NONE for DDR_dq[5]. (constraint file  {c:/Users/gm/Vivado Projects/complete_det_modded_turbo/complete_det_modded_turbo.gen/sources_1/bd/ps_comblock_setup/ip/ps_comblock_setup_processing_system7_0_0/ps_comblock_setup_processing_system7_0_0/ps_comblock_setup_processing_system7_0_0_in_context.xdc}, line 127).
Applied set_property IO_BUFFER_TYPE = NONE for DDR_dq[6]. (constraint file  {c:/Users/gm/Vivado Projects/complete_det_modded_turbo/complete_det_modded_turbo.gen/sources_1/bd/ps_comblock_setup/ip/ps_comblock_setup_processing_system7_0_0/ps_comblock_setup_processing_system7_0_0/ps_comblock_setup_processing_system7_0_0_in_context.xdc}, line 128).
Applied set_property CLOCK_BUFFER_TYPE = NONE for DDR_dq[6]. (constraint file  {c:/Users/gm/Vivado Projects/complete_det_modded_turbo/complete_det_modded_turbo.gen/sources_1/bd/ps_comblock_setup/ip/ps_comblock_setup_processing_system7_0_0/ps_comblock_setup_processing_system7_0_0/ps_comblock_setup_processing_system7_0_0_in_context.xdc}, line 129).
Applied set_property IO_BUFFER_TYPE = NONE for DDR_dq[7]. (constraint file  {c:/Users/gm/Vivado Projects/complete_det_modded_turbo/complete_det_modded_turbo.gen/sources_1/bd/ps_comblock_setup/ip/ps_comblock_setup_processing_system7_0_0/ps_comblock_setup_processing_system7_0_0/ps_comblock_setup_processing_system7_0_0_in_context.xdc}, line 130).
Applied set_property CLOCK_BUFFER_TYPE = NONE for DDR_dq[7]. (constraint file  {c:/Users/gm/Vivado Projects/complete_det_modded_turbo/complete_det_modded_turbo.gen/sources_1/bd/ps_comblock_setup/ip/ps_comblock_setup_processing_system7_0_0/ps_comblock_setup_processing_system7_0_0/ps_comblock_setup_processing_system7_0_0_in_context.xdc}, line 131).
Applied set_property IO_BUFFER_TYPE = NONE for DDR_dq[8]. (constraint file  {c:/Users/gm/Vivado Projects/complete_det_modded_turbo/complete_det_modded_turbo.gen/sources_1/bd/ps_comblock_setup/ip/ps_comblock_setup_processing_system7_0_0/ps_comblock_setup_processing_system7_0_0/ps_comblock_setup_processing_system7_0_0_in_context.xdc}, line 132).
Applied set_property CLOCK_BUFFER_TYPE = NONE for DDR_dq[8]. (constraint file  {c:/Users/gm/Vivado Projects/complete_det_modded_turbo/complete_det_modded_turbo.gen/sources_1/bd/ps_comblock_setup/ip/ps_comblock_setup_processing_system7_0_0/ps_comblock_setup_processing_system7_0_0/ps_comblock_setup_processing_system7_0_0_in_context.xdc}, line 133).
Applied set_property IO_BUFFER_TYPE = NONE for DDR_dq[9]. (constraint file  {c:/Users/gm/Vivado Projects/complete_det_modded_turbo/complete_det_modded_turbo.gen/sources_1/bd/ps_comblock_setup/ip/ps_comblock_setup_processing_system7_0_0/ps_comblock_setup_processing_system7_0_0/ps_comblock_setup_processing_system7_0_0_in_context.xdc}, line 134).
Applied set_property CLOCK_BUFFER_TYPE = NONE for DDR_dq[9]. (constraint file  {c:/Users/gm/Vivado Projects/complete_det_modded_turbo/complete_det_modded_turbo.gen/sources_1/bd/ps_comblock_setup/ip/ps_comblock_setup_processing_system7_0_0/ps_comblock_setup_processing_system7_0_0/ps_comblock_setup_processing_system7_0_0_in_context.xdc}, line 135).
Applied set_property IO_BUFFER_TYPE = NONE for DDR_reset_n. (constraint file  {c:/Users/gm/Vivado Projects/complete_det_modded_turbo/complete_det_modded_turbo.gen/sources_1/bd/ps_comblock_setup/ip/ps_comblock_setup_processing_system7_0_0/ps_comblock_setup_processing_system7_0_0/ps_comblock_setup_processing_system7_0_0_in_context.xdc}, line 136).
Applied set_property CLOCK_BUFFER_TYPE = NONE for DDR_reset_n. (constraint file  {c:/Users/gm/Vivado Projects/complete_det_modded_turbo/complete_det_modded_turbo.gen/sources_1/bd/ps_comblock_setup/ip/ps_comblock_setup_processing_system7_0_0/ps_comblock_setup_processing_system7_0_0/ps_comblock_setup_processing_system7_0_0_in_context.xdc}, line 137).
Applied set_property IO_BUFFER_TYPE = NONE for DDR_odt. (constraint file  {c:/Users/gm/Vivado Projects/complete_det_modded_turbo/complete_det_modded_turbo.gen/sources_1/bd/ps_comblock_setup/ip/ps_comblock_setup_processing_system7_0_0/ps_comblock_setup_processing_system7_0_0/ps_comblock_setup_processing_system7_0_0_in_context.xdc}, line 138).
Applied set_property CLOCK_BUFFER_TYPE = NONE for DDR_odt. (constraint file  {c:/Users/gm/Vivado Projects/complete_det_modded_turbo/complete_det_modded_turbo.gen/sources_1/bd/ps_comblock_setup/ip/ps_comblock_setup_processing_system7_0_0/ps_comblock_setup_processing_system7_0_0/ps_comblock_setup_processing_system7_0_0_in_context.xdc}, line 139).
Applied set_property IO_BUFFER_TYPE = NONE for DDR_ras_n. (constraint file  {c:/Users/gm/Vivado Projects/complete_det_modded_turbo/complete_det_modded_turbo.gen/sources_1/bd/ps_comblock_setup/ip/ps_comblock_setup_processing_system7_0_0/ps_comblock_setup_processing_system7_0_0/ps_comblock_setup_processing_system7_0_0_in_context.xdc}, line 140).
Applied set_property CLOCK_BUFFER_TYPE = NONE for DDR_ras_n. (constraint file  {c:/Users/gm/Vivado Projects/complete_det_modded_turbo/complete_det_modded_turbo.gen/sources_1/bd/ps_comblock_setup/ip/ps_comblock_setup_processing_system7_0_0/ps_comblock_setup_processing_system7_0_0/ps_comblock_setup_processing_system7_0_0_in_context.xdc}, line 141).
Applied set_property IO_BUFFER_TYPE = NONE for FIXED_IO_ddr_vrn. (constraint file  {c:/Users/gm/Vivado Projects/complete_det_modded_turbo/complete_det_modded_turbo.gen/sources_1/bd/ps_comblock_setup/ip/ps_comblock_setup_processing_system7_0_0/ps_comblock_setup_processing_system7_0_0/ps_comblock_setup_processing_system7_0_0_in_context.xdc}, line 142).
Applied set_property CLOCK_BUFFER_TYPE = NONE for FIXED_IO_ddr_vrn. (constraint file  {c:/Users/gm/Vivado Projects/complete_det_modded_turbo/complete_det_modded_turbo.gen/sources_1/bd/ps_comblock_setup/ip/ps_comblock_setup_processing_system7_0_0/ps_comblock_setup_processing_system7_0_0/ps_comblock_setup_processing_system7_0_0_in_context.xdc}, line 143).
Applied set_property IO_BUFFER_TYPE = NONE for FIXED_IO_ddr_vrp. (constraint file  {c:/Users/gm/Vivado Projects/complete_det_modded_turbo/complete_det_modded_turbo.gen/sources_1/bd/ps_comblock_setup/ip/ps_comblock_setup_processing_system7_0_0/ps_comblock_setup_processing_system7_0_0/ps_comblock_setup_processing_system7_0_0_in_context.xdc}, line 144).
Applied set_property CLOCK_BUFFER_TYPE = NONE for FIXED_IO_ddr_vrp. (constraint file  {c:/Users/gm/Vivado Projects/complete_det_modded_turbo/complete_det_modded_turbo.gen/sources_1/bd/ps_comblock_setup/ip/ps_comblock_setup_processing_system7_0_0/ps_comblock_setup_processing_system7_0_0/ps_comblock_setup_processing_system7_0_0_in_context.xdc}, line 145).
Applied set_property IO_BUFFER_TYPE = NONE for DDR_we_n. (constraint file  {c:/Users/gm/Vivado Projects/complete_det_modded_turbo/complete_det_modded_turbo.gen/sources_1/bd/ps_comblock_setup/ip/ps_comblock_setup_processing_system7_0_0/ps_comblock_setup_processing_system7_0_0/ps_comblock_setup_processing_system7_0_0_in_context.xdc}, line 146).
Applied set_property CLOCK_BUFFER_TYPE = NONE for DDR_we_n. (constraint file  {c:/Users/gm/Vivado Projects/complete_det_modded_turbo/complete_det_modded_turbo.gen/sources_1/bd/ps_comblock_setup/ip/ps_comblock_setup_processing_system7_0_0/ps_comblock_setup_processing_system7_0_0/ps_comblock_setup_processing_system7_0_0_in_context.xdc}, line 147).
Applied set_property IO_BUFFER_TYPE = NONE for FIXED_IO_mio[0]. (constraint file  {c:/Users/gm/Vivado Projects/complete_det_modded_turbo/complete_det_modded_turbo.gen/sources_1/bd/ps_comblock_setup/ip/ps_comblock_setup_processing_system7_0_0/ps_comblock_setup_processing_system7_0_0/ps_comblock_setup_processing_system7_0_0_in_context.xdc}, line 148).
Applied set_property CLOCK_BUFFER_TYPE = NONE for FIXED_IO_mio[0]. (constraint file  {c:/Users/gm/Vivado Projects/complete_det_modded_turbo/complete_det_modded_turbo.gen/sources_1/bd/ps_comblock_setup/ip/ps_comblock_setup_processing_system7_0_0/ps_comblock_setup_processing_system7_0_0/ps_comblock_setup_processing_system7_0_0_in_context.xdc}, line 149).
Applied set_property IO_BUFFER_TYPE = NONE for FIXED_IO_mio[10]. (constraint file  {c:/Users/gm/Vivado Projects/complete_det_modded_turbo/complete_det_modded_turbo.gen/sources_1/bd/ps_comblock_setup/ip/ps_comblock_setup_processing_system7_0_0/ps_comblock_setup_processing_system7_0_0/ps_comblock_setup_processing_system7_0_0_in_context.xdc}, line 150).
Applied set_property CLOCK_BUFFER_TYPE = NONE for FIXED_IO_mio[10]. (constraint file  {c:/Users/gm/Vivado Projects/complete_det_modded_turbo/complete_det_modded_turbo.gen/sources_1/bd/ps_comblock_setup/ip/ps_comblock_setup_processing_system7_0_0/ps_comblock_setup_processing_system7_0_0/ps_comblock_setup_processing_system7_0_0_in_context.xdc}, line 151).
Applied set_property IO_BUFFER_TYPE = NONE for FIXED_IO_mio[11]. (constraint file  {c:/Users/gm/Vivado Projects/complete_det_modded_turbo/complete_det_modded_turbo.gen/sources_1/bd/ps_comblock_setup/ip/ps_comblock_setup_processing_system7_0_0/ps_comblock_setup_processing_system7_0_0/ps_comblock_setup_processing_system7_0_0_in_context.xdc}, line 152).
Applied set_property CLOCK_BUFFER_TYPE = NONE for FIXED_IO_mio[11]. (constraint file  {c:/Users/gm/Vivado Projects/complete_det_modded_turbo/complete_det_modded_turbo.gen/sources_1/bd/ps_comblock_setup/ip/ps_comblock_setup_processing_system7_0_0/ps_comblock_setup_processing_system7_0_0/ps_comblock_setup_processing_system7_0_0_in_context.xdc}, line 153).
Applied set_property IO_BUFFER_TYPE = NONE for FIXED_IO_mio[12]. (constraint file  {c:/Users/gm/Vivado Projects/complete_det_modded_turbo/complete_det_modded_turbo.gen/sources_1/bd/ps_comblock_setup/ip/ps_comblock_setup_processing_system7_0_0/ps_comblock_setup_processing_system7_0_0/ps_comblock_setup_processing_system7_0_0_in_context.xdc}, line 154).
Applied set_property CLOCK_BUFFER_TYPE = NONE for FIXED_IO_mio[12]. (constraint file  {c:/Users/gm/Vivado Projects/complete_det_modded_turbo/complete_det_modded_turbo.gen/sources_1/bd/ps_comblock_setup/ip/ps_comblock_setup_processing_system7_0_0/ps_comblock_setup_processing_system7_0_0/ps_comblock_setup_processing_system7_0_0_in_context.xdc}, line 155).
Applied set_property IO_BUFFER_TYPE = NONE for FIXED_IO_mio[13]. (constraint file  {c:/Users/gm/Vivado Projects/complete_det_modded_turbo/complete_det_modded_turbo.gen/sources_1/bd/ps_comblock_setup/ip/ps_comblock_setup_processing_system7_0_0/ps_comblock_setup_processing_system7_0_0/ps_comblock_setup_processing_system7_0_0_in_context.xdc}, line 156).
Applied set_property CLOCK_BUFFER_TYPE = NONE for FIXED_IO_mio[13]. (constraint file  {c:/Users/gm/Vivado Projects/complete_det_modded_turbo/complete_det_modded_turbo.gen/sources_1/bd/ps_comblock_setup/ip/ps_comblock_setup_processing_system7_0_0/ps_comblock_setup_processing_system7_0_0/ps_comblock_setup_processing_system7_0_0_in_context.xdc}, line 157).
Applied set_property IO_BUFFER_TYPE = NONE for FIXED_IO_mio[14]. (constraint file  {c:/Users/gm/Vivado Projects/complete_det_modded_turbo/complete_det_modded_turbo.gen/sources_1/bd/ps_comblock_setup/ip/ps_comblock_setup_processing_system7_0_0/ps_comblock_setup_processing_system7_0_0/ps_comblock_setup_processing_system7_0_0_in_context.xdc}, line 158).
Applied set_property CLOCK_BUFFER_TYPE = NONE for FIXED_IO_mio[14]. (constraint file  {c:/Users/gm/Vivado Projects/complete_det_modded_turbo/complete_det_modded_turbo.gen/sources_1/bd/ps_comblock_setup/ip/ps_comblock_setup_processing_system7_0_0/ps_comblock_setup_processing_system7_0_0/ps_comblock_setup_processing_system7_0_0_in_context.xdc}, line 159).
Applied set_property IO_BUFFER_TYPE = NONE for FIXED_IO_mio[15]. (constraint file  {c:/Users/gm/Vivado Projects/complete_det_modded_turbo/complete_det_modded_turbo.gen/sources_1/bd/ps_comblock_setup/ip/ps_comblock_setup_processing_system7_0_0/ps_comblock_setup_processing_system7_0_0/ps_comblock_setup_processing_system7_0_0_in_context.xdc}, line 160).
Applied set_property CLOCK_BUFFER_TYPE = NONE for FIXED_IO_mio[15]. (constraint file  {c:/Users/gm/Vivado Projects/complete_det_modded_turbo/complete_det_modded_turbo.gen/sources_1/bd/ps_comblock_setup/ip/ps_comblock_setup_processing_system7_0_0/ps_comblock_setup_processing_system7_0_0/ps_comblock_setup_processing_system7_0_0_in_context.xdc}, line 161).
Applied set_property IO_BUFFER_TYPE = NONE for FIXED_IO_mio[16]. (constraint file  {c:/Users/gm/Vivado Projects/complete_det_modded_turbo/complete_det_modded_turbo.gen/sources_1/bd/ps_comblock_setup/ip/ps_comblock_setup_processing_system7_0_0/ps_comblock_setup_processing_system7_0_0/ps_comblock_setup_processing_system7_0_0_in_context.xdc}, line 162).
Applied set_property CLOCK_BUFFER_TYPE = NONE for FIXED_IO_mio[16]. (constraint file  {c:/Users/gm/Vivado Projects/complete_det_modded_turbo/complete_det_modded_turbo.gen/sources_1/bd/ps_comblock_setup/ip/ps_comblock_setup_processing_system7_0_0/ps_comblock_setup_processing_system7_0_0/ps_comblock_setup_processing_system7_0_0_in_context.xdc}, line 163).
Applied set_property IO_BUFFER_TYPE = NONE for FIXED_IO_mio[17]. (constraint file  {c:/Users/gm/Vivado Projects/complete_det_modded_turbo/complete_det_modded_turbo.gen/sources_1/bd/ps_comblock_setup/ip/ps_comblock_setup_processing_system7_0_0/ps_comblock_setup_processing_system7_0_0/ps_comblock_setup_processing_system7_0_0_in_context.xdc}, line 164).
Applied set_property CLOCK_BUFFER_TYPE = NONE for FIXED_IO_mio[17]. (constraint file  {c:/Users/gm/Vivado Projects/complete_det_modded_turbo/complete_det_modded_turbo.gen/sources_1/bd/ps_comblock_setup/ip/ps_comblock_setup_processing_system7_0_0/ps_comblock_setup_processing_system7_0_0/ps_comblock_setup_processing_system7_0_0_in_context.xdc}, line 165).
Applied set_property IO_BUFFER_TYPE = NONE for FIXED_IO_mio[18]. (constraint file  {c:/Users/gm/Vivado Projects/complete_det_modded_turbo/complete_det_modded_turbo.gen/sources_1/bd/ps_comblock_setup/ip/ps_comblock_setup_processing_system7_0_0/ps_comblock_setup_processing_system7_0_0/ps_comblock_setup_processing_system7_0_0_in_context.xdc}, line 166).
Applied set_property CLOCK_BUFFER_TYPE = NONE for FIXED_IO_mio[18]. (constraint file  {c:/Users/gm/Vivado Projects/complete_det_modded_turbo/complete_det_modded_turbo.gen/sources_1/bd/ps_comblock_setup/ip/ps_comblock_setup_processing_system7_0_0/ps_comblock_setup_processing_system7_0_0/ps_comblock_setup_processing_system7_0_0_in_context.xdc}, line 167).
Applied set_property IO_BUFFER_TYPE = NONE for FIXED_IO_mio[19]. (constraint file  {c:/Users/gm/Vivado Projects/complete_det_modded_turbo/complete_det_modded_turbo.gen/sources_1/bd/ps_comblock_setup/ip/ps_comblock_setup_processing_system7_0_0/ps_comblock_setup_processing_system7_0_0/ps_comblock_setup_processing_system7_0_0_in_context.xdc}, line 168).
Applied set_property CLOCK_BUFFER_TYPE = NONE for FIXED_IO_mio[19]. (constraint file  {c:/Users/gm/Vivado Projects/complete_det_modded_turbo/complete_det_modded_turbo.gen/sources_1/bd/ps_comblock_setup/ip/ps_comblock_setup_processing_system7_0_0/ps_comblock_setup_processing_system7_0_0/ps_comblock_setup_processing_system7_0_0_in_context.xdc}, line 169).
Applied set_property IO_BUFFER_TYPE = NONE for FIXED_IO_mio[1]. (constraint file  {c:/Users/gm/Vivado Projects/complete_det_modded_turbo/complete_det_modded_turbo.gen/sources_1/bd/ps_comblock_setup/ip/ps_comblock_setup_processing_system7_0_0/ps_comblock_setup_processing_system7_0_0/ps_comblock_setup_processing_system7_0_0_in_context.xdc}, line 170).
Applied set_property CLOCK_BUFFER_TYPE = NONE for FIXED_IO_mio[1]. (constraint file  {c:/Users/gm/Vivado Projects/complete_det_modded_turbo/complete_det_modded_turbo.gen/sources_1/bd/ps_comblock_setup/ip/ps_comblock_setup_processing_system7_0_0/ps_comblock_setup_processing_system7_0_0/ps_comblock_setup_processing_system7_0_0_in_context.xdc}, line 171).
Applied set_property IO_BUFFER_TYPE = NONE for FIXED_IO_mio[20]. (constraint file  {c:/Users/gm/Vivado Projects/complete_det_modded_turbo/complete_det_modded_turbo.gen/sources_1/bd/ps_comblock_setup/ip/ps_comblock_setup_processing_system7_0_0/ps_comblock_setup_processing_system7_0_0/ps_comblock_setup_processing_system7_0_0_in_context.xdc}, line 172).
Applied set_property CLOCK_BUFFER_TYPE = NONE for FIXED_IO_mio[20]. (constraint file  {c:/Users/gm/Vivado Projects/complete_det_modded_turbo/complete_det_modded_turbo.gen/sources_1/bd/ps_comblock_setup/ip/ps_comblock_setup_processing_system7_0_0/ps_comblock_setup_processing_system7_0_0/ps_comblock_setup_processing_system7_0_0_in_context.xdc}, line 173).
Applied set_property IO_BUFFER_TYPE = NONE for FIXED_IO_mio[21]. (constraint file  {c:/Users/gm/Vivado Projects/complete_det_modded_turbo/complete_det_modded_turbo.gen/sources_1/bd/ps_comblock_setup/ip/ps_comblock_setup_processing_system7_0_0/ps_comblock_setup_processing_system7_0_0/ps_comblock_setup_processing_system7_0_0_in_context.xdc}, line 174).
Applied set_property CLOCK_BUFFER_TYPE = NONE for FIXED_IO_mio[21]. (constraint file  {c:/Users/gm/Vivado Projects/complete_det_modded_turbo/complete_det_modded_turbo.gen/sources_1/bd/ps_comblock_setup/ip/ps_comblock_setup_processing_system7_0_0/ps_comblock_setup_processing_system7_0_0/ps_comblock_setup_processing_system7_0_0_in_context.xdc}, line 175).
Applied set_property IO_BUFFER_TYPE = NONE for FIXED_IO_mio[22]. (constraint file  {c:/Users/gm/Vivado Projects/complete_det_modded_turbo/complete_det_modded_turbo.gen/sources_1/bd/ps_comblock_setup/ip/ps_comblock_setup_processing_system7_0_0/ps_comblock_setup_processing_system7_0_0/ps_comblock_setup_processing_system7_0_0_in_context.xdc}, line 176).
Applied set_property CLOCK_BUFFER_TYPE = NONE for FIXED_IO_mio[22]. (constraint file  {c:/Users/gm/Vivado Projects/complete_det_modded_turbo/complete_det_modded_turbo.gen/sources_1/bd/ps_comblock_setup/ip/ps_comblock_setup_processing_system7_0_0/ps_comblock_setup_processing_system7_0_0/ps_comblock_setup_processing_system7_0_0_in_context.xdc}, line 177).
Applied set_property IO_BUFFER_TYPE = NONE for FIXED_IO_mio[23]. (constraint file  {c:/Users/gm/Vivado Projects/complete_det_modded_turbo/complete_det_modded_turbo.gen/sources_1/bd/ps_comblock_setup/ip/ps_comblock_setup_processing_system7_0_0/ps_comblock_setup_processing_system7_0_0/ps_comblock_setup_processing_system7_0_0_in_context.xdc}, line 178).
Applied set_property CLOCK_BUFFER_TYPE = NONE for FIXED_IO_mio[23]. (constraint file  {c:/Users/gm/Vivado Projects/complete_det_modded_turbo/complete_det_modded_turbo.gen/sources_1/bd/ps_comblock_setup/ip/ps_comblock_setup_processing_system7_0_0/ps_comblock_setup_processing_system7_0_0/ps_comblock_setup_processing_system7_0_0_in_context.xdc}, line 179).
Applied set_property IO_BUFFER_TYPE = NONE for FIXED_IO_mio[24]. (constraint file  {c:/Users/gm/Vivado Projects/complete_det_modded_turbo/complete_det_modded_turbo.gen/sources_1/bd/ps_comblock_setup/ip/ps_comblock_setup_processing_system7_0_0/ps_comblock_setup_processing_system7_0_0/ps_comblock_setup_processing_system7_0_0_in_context.xdc}, line 180).
Applied set_property CLOCK_BUFFER_TYPE = NONE for FIXED_IO_mio[24]. (constraint file  {c:/Users/gm/Vivado Projects/complete_det_modded_turbo/complete_det_modded_turbo.gen/sources_1/bd/ps_comblock_setup/ip/ps_comblock_setup_processing_system7_0_0/ps_comblock_setup_processing_system7_0_0/ps_comblock_setup_processing_system7_0_0_in_context.xdc}, line 181).
Applied set_property IO_BUFFER_TYPE = NONE for FIXED_IO_mio[25]. (constraint file  {c:/Users/gm/Vivado Projects/complete_det_modded_turbo/complete_det_modded_turbo.gen/sources_1/bd/ps_comblock_setup/ip/ps_comblock_setup_processing_system7_0_0/ps_comblock_setup_processing_system7_0_0/ps_comblock_setup_processing_system7_0_0_in_context.xdc}, line 182).
Applied set_property CLOCK_BUFFER_TYPE = NONE for FIXED_IO_mio[25]. (constraint file  {c:/Users/gm/Vivado Projects/complete_det_modded_turbo/complete_det_modded_turbo.gen/sources_1/bd/ps_comblock_setup/ip/ps_comblock_setup_processing_system7_0_0/ps_comblock_setup_processing_system7_0_0/ps_comblock_setup_processing_system7_0_0_in_context.xdc}, line 183).
Applied set_property IO_BUFFER_TYPE = NONE for FIXED_IO_mio[26]. (constraint file  {c:/Users/gm/Vivado Projects/complete_det_modded_turbo/complete_det_modded_turbo.gen/sources_1/bd/ps_comblock_setup/ip/ps_comblock_setup_processing_system7_0_0/ps_comblock_setup_processing_system7_0_0/ps_comblock_setup_processing_system7_0_0_in_context.xdc}, line 184).
Applied set_property CLOCK_BUFFER_TYPE = NONE for FIXED_IO_mio[26]. (constraint file  {c:/Users/gm/Vivado Projects/complete_det_modded_turbo/complete_det_modded_turbo.gen/sources_1/bd/ps_comblock_setup/ip/ps_comblock_setup_processing_system7_0_0/ps_comblock_setup_processing_system7_0_0/ps_comblock_setup_processing_system7_0_0_in_context.xdc}, line 185).
Applied set_property IO_BUFFER_TYPE = NONE for FIXED_IO_mio[27]. (constraint file  {c:/Users/gm/Vivado Projects/complete_det_modded_turbo/complete_det_modded_turbo.gen/sources_1/bd/ps_comblock_setup/ip/ps_comblock_setup_processing_system7_0_0/ps_comblock_setup_processing_system7_0_0/ps_comblock_setup_processing_system7_0_0_in_context.xdc}, line 186).
Applied set_property CLOCK_BUFFER_TYPE = NONE for FIXED_IO_mio[27]. (constraint file  {c:/Users/gm/Vivado Projects/complete_det_modded_turbo/complete_det_modded_turbo.gen/sources_1/bd/ps_comblock_setup/ip/ps_comblock_setup_processing_system7_0_0/ps_comblock_setup_processing_system7_0_0/ps_comblock_setup_processing_system7_0_0_in_context.xdc}, line 187).
Applied set_property IO_BUFFER_TYPE = NONE for FIXED_IO_mio[28]. (constraint file  {c:/Users/gm/Vivado Projects/complete_det_modded_turbo/complete_det_modded_turbo.gen/sources_1/bd/ps_comblock_setup/ip/ps_comblock_setup_processing_system7_0_0/ps_comblock_setup_processing_system7_0_0/ps_comblock_setup_processing_system7_0_0_in_context.xdc}, line 188).
Applied set_property CLOCK_BUFFER_TYPE = NONE for FIXED_IO_mio[28]. (constraint file  {c:/Users/gm/Vivado Projects/complete_det_modded_turbo/complete_det_modded_turbo.gen/sources_1/bd/ps_comblock_setup/ip/ps_comblock_setup_processing_system7_0_0/ps_comblock_setup_processing_system7_0_0/ps_comblock_setup_processing_system7_0_0_in_context.xdc}, line 189).
Applied set_property IO_BUFFER_TYPE = NONE for FIXED_IO_mio[29]. (constraint file  {c:/Users/gm/Vivado Projects/complete_det_modded_turbo/complete_det_modded_turbo.gen/sources_1/bd/ps_comblock_setup/ip/ps_comblock_setup_processing_system7_0_0/ps_comblock_setup_processing_system7_0_0/ps_comblock_setup_processing_system7_0_0_in_context.xdc}, line 190).
Applied set_property CLOCK_BUFFER_TYPE = NONE for FIXED_IO_mio[29]. (constraint file  {c:/Users/gm/Vivado Projects/complete_det_modded_turbo/complete_det_modded_turbo.gen/sources_1/bd/ps_comblock_setup/ip/ps_comblock_setup_processing_system7_0_0/ps_comblock_setup_processing_system7_0_0/ps_comblock_setup_processing_system7_0_0_in_context.xdc}, line 191).
Applied set_property IO_BUFFER_TYPE = NONE for FIXED_IO_mio[2]. (constraint file  {c:/Users/gm/Vivado Projects/complete_det_modded_turbo/complete_det_modded_turbo.gen/sources_1/bd/ps_comblock_setup/ip/ps_comblock_setup_processing_system7_0_0/ps_comblock_setup_processing_system7_0_0/ps_comblock_setup_processing_system7_0_0_in_context.xdc}, line 192).
Applied set_property CLOCK_BUFFER_TYPE = NONE for FIXED_IO_mio[2]. (constraint file  {c:/Users/gm/Vivado Projects/complete_det_modded_turbo/complete_det_modded_turbo.gen/sources_1/bd/ps_comblock_setup/ip/ps_comblock_setup_processing_system7_0_0/ps_comblock_setup_processing_system7_0_0/ps_comblock_setup_processing_system7_0_0_in_context.xdc}, line 193).
Applied set_property IO_BUFFER_TYPE = NONE for FIXED_IO_mio[30]. (constraint file  {c:/Users/gm/Vivado Projects/complete_det_modded_turbo/complete_det_modded_turbo.gen/sources_1/bd/ps_comblock_setup/ip/ps_comblock_setup_processing_system7_0_0/ps_comblock_setup_processing_system7_0_0/ps_comblock_setup_processing_system7_0_0_in_context.xdc}, line 194).
Applied set_property CLOCK_BUFFER_TYPE = NONE for FIXED_IO_mio[30]. (constraint file  {c:/Users/gm/Vivado Projects/complete_det_modded_turbo/complete_det_modded_turbo.gen/sources_1/bd/ps_comblock_setup/ip/ps_comblock_setup_processing_system7_0_0/ps_comblock_setup_processing_system7_0_0/ps_comblock_setup_processing_system7_0_0_in_context.xdc}, line 195).
Applied set_property IO_BUFFER_TYPE = NONE for FIXED_IO_mio[31]. (constraint file  {c:/Users/gm/Vivado Projects/complete_det_modded_turbo/complete_det_modded_turbo.gen/sources_1/bd/ps_comblock_setup/ip/ps_comblock_setup_processing_system7_0_0/ps_comblock_setup_processing_system7_0_0/ps_comblock_setup_processing_system7_0_0_in_context.xdc}, line 196).
Applied set_property CLOCK_BUFFER_TYPE = NONE for FIXED_IO_mio[31]. (constraint file  {c:/Users/gm/Vivado Projects/complete_det_modded_turbo/complete_det_modded_turbo.gen/sources_1/bd/ps_comblock_setup/ip/ps_comblock_setup_processing_system7_0_0/ps_comblock_setup_processing_system7_0_0/ps_comblock_setup_processing_system7_0_0_in_context.xdc}, line 197).
Applied set_property IO_BUFFER_TYPE = NONE for FIXED_IO_mio[32]. (constraint file  {c:/Users/gm/Vivado Projects/complete_det_modded_turbo/complete_det_modded_turbo.gen/sources_1/bd/ps_comblock_setup/ip/ps_comblock_setup_processing_system7_0_0/ps_comblock_setup_processing_system7_0_0/ps_comblock_setup_processing_system7_0_0_in_context.xdc}, line 198).
Applied set_property CLOCK_BUFFER_TYPE = NONE for FIXED_IO_mio[32]. (constraint file  {c:/Users/gm/Vivado Projects/complete_det_modded_turbo/complete_det_modded_turbo.gen/sources_1/bd/ps_comblock_setup/ip/ps_comblock_setup_processing_system7_0_0/ps_comblock_setup_processing_system7_0_0/ps_comblock_setup_processing_system7_0_0_in_context.xdc}, line 199).
Applied set_property IO_BUFFER_TYPE = NONE for FIXED_IO_mio[33]. (constraint file  {c:/Users/gm/Vivado Projects/complete_det_modded_turbo/complete_det_modded_turbo.gen/sources_1/bd/ps_comblock_setup/ip/ps_comblock_setup_processing_system7_0_0/ps_comblock_setup_processing_system7_0_0/ps_comblock_setup_processing_system7_0_0_in_context.xdc}, line 200).
Applied set_property CLOCK_BUFFER_TYPE = NONE for FIXED_IO_mio[33]. (constraint file  {c:/Users/gm/Vivado Projects/complete_det_modded_turbo/complete_det_modded_turbo.gen/sources_1/bd/ps_comblock_setup/ip/ps_comblock_setup_processing_system7_0_0/ps_comblock_setup_processing_system7_0_0/ps_comblock_setup_processing_system7_0_0_in_context.xdc}, line 201).
Applied set_property IO_BUFFER_TYPE = NONE for FIXED_IO_mio[34]. (constraint file  {c:/Users/gm/Vivado Projects/complete_det_modded_turbo/complete_det_modded_turbo.gen/sources_1/bd/ps_comblock_setup/ip/ps_comblock_setup_processing_system7_0_0/ps_comblock_setup_processing_system7_0_0/ps_comblock_setup_processing_system7_0_0_in_context.xdc}, line 202).
Applied set_property CLOCK_BUFFER_TYPE = NONE for FIXED_IO_mio[34]. (constraint file  {c:/Users/gm/Vivado Projects/complete_det_modded_turbo/complete_det_modded_turbo.gen/sources_1/bd/ps_comblock_setup/ip/ps_comblock_setup_processing_system7_0_0/ps_comblock_setup_processing_system7_0_0/ps_comblock_setup_processing_system7_0_0_in_context.xdc}, line 203).
Applied set_property IO_BUFFER_TYPE = NONE for FIXED_IO_mio[35]. (constraint file  {c:/Users/gm/Vivado Projects/complete_det_modded_turbo/complete_det_modded_turbo.gen/sources_1/bd/ps_comblock_setup/ip/ps_comblock_setup_processing_system7_0_0/ps_comblock_setup_processing_system7_0_0/ps_comblock_setup_processing_system7_0_0_in_context.xdc}, line 204).
Applied set_property CLOCK_BUFFER_TYPE = NONE for FIXED_IO_mio[35]. (constraint file  {c:/Users/gm/Vivado Projects/complete_det_modded_turbo/complete_det_modded_turbo.gen/sources_1/bd/ps_comblock_setup/ip/ps_comblock_setup_processing_system7_0_0/ps_comblock_setup_processing_system7_0_0/ps_comblock_setup_processing_system7_0_0_in_context.xdc}, line 205).
Applied set_property IO_BUFFER_TYPE = NONE for FIXED_IO_mio[36]. (constraint file  {c:/Users/gm/Vivado Projects/complete_det_modded_turbo/complete_det_modded_turbo.gen/sources_1/bd/ps_comblock_setup/ip/ps_comblock_setup_processing_system7_0_0/ps_comblock_setup_processing_system7_0_0/ps_comblock_setup_processing_system7_0_0_in_context.xdc}, line 206).
Applied set_property CLOCK_BUFFER_TYPE = NONE for FIXED_IO_mio[36]. (constraint file  {c:/Users/gm/Vivado Projects/complete_det_modded_turbo/complete_det_modded_turbo.gen/sources_1/bd/ps_comblock_setup/ip/ps_comblock_setup_processing_system7_0_0/ps_comblock_setup_processing_system7_0_0/ps_comblock_setup_processing_system7_0_0_in_context.xdc}, line 207).
Applied set_property IO_BUFFER_TYPE = NONE for FIXED_IO_mio[37]. (constraint file  {c:/Users/gm/Vivado Projects/complete_det_modded_turbo/complete_det_modded_turbo.gen/sources_1/bd/ps_comblock_setup/ip/ps_comblock_setup_processing_system7_0_0/ps_comblock_setup_processing_system7_0_0/ps_comblock_setup_processing_system7_0_0_in_context.xdc}, line 208).
Applied set_property CLOCK_BUFFER_TYPE = NONE for FIXED_IO_mio[37]. (constraint file  {c:/Users/gm/Vivado Projects/complete_det_modded_turbo/complete_det_modded_turbo.gen/sources_1/bd/ps_comblock_setup/ip/ps_comblock_setup_processing_system7_0_0/ps_comblock_setup_processing_system7_0_0/ps_comblock_setup_processing_system7_0_0_in_context.xdc}, line 209).
Applied set_property IO_BUFFER_TYPE = NONE for FIXED_IO_mio[38]. (constraint file  {c:/Users/gm/Vivado Projects/complete_det_modded_turbo/complete_det_modded_turbo.gen/sources_1/bd/ps_comblock_setup/ip/ps_comblock_setup_processing_system7_0_0/ps_comblock_setup_processing_system7_0_0/ps_comblock_setup_processing_system7_0_0_in_context.xdc}, line 210).
Applied set_property CLOCK_BUFFER_TYPE = NONE for FIXED_IO_mio[38]. (constraint file  {c:/Users/gm/Vivado Projects/complete_det_modded_turbo/complete_det_modded_turbo.gen/sources_1/bd/ps_comblock_setup/ip/ps_comblock_setup_processing_system7_0_0/ps_comblock_setup_processing_system7_0_0/ps_comblock_setup_processing_system7_0_0_in_context.xdc}, line 211).
Applied set_property IO_BUFFER_TYPE = NONE for FIXED_IO_mio[39]. (constraint file  {c:/Users/gm/Vivado Projects/complete_det_modded_turbo/complete_det_modded_turbo.gen/sources_1/bd/ps_comblock_setup/ip/ps_comblock_setup_processing_system7_0_0/ps_comblock_setup_processing_system7_0_0/ps_comblock_setup_processing_system7_0_0_in_context.xdc}, line 212).
Applied set_property CLOCK_BUFFER_TYPE = NONE for FIXED_IO_mio[39]. (constraint file  {c:/Users/gm/Vivado Projects/complete_det_modded_turbo/complete_det_modded_turbo.gen/sources_1/bd/ps_comblock_setup/ip/ps_comblock_setup_processing_system7_0_0/ps_comblock_setup_processing_system7_0_0/ps_comblock_setup_processing_system7_0_0_in_context.xdc}, line 213).
Applied set_property IO_BUFFER_TYPE = NONE for FIXED_IO_mio[3]. (constraint file  {c:/Users/gm/Vivado Projects/complete_det_modded_turbo/complete_det_modded_turbo.gen/sources_1/bd/ps_comblock_setup/ip/ps_comblock_setup_processing_system7_0_0/ps_comblock_setup_processing_system7_0_0/ps_comblock_setup_processing_system7_0_0_in_context.xdc}, line 214).
Applied set_property CLOCK_BUFFER_TYPE = NONE for FIXED_IO_mio[3]. (constraint file  {c:/Users/gm/Vivado Projects/complete_det_modded_turbo/complete_det_modded_turbo.gen/sources_1/bd/ps_comblock_setup/ip/ps_comblock_setup_processing_system7_0_0/ps_comblock_setup_processing_system7_0_0/ps_comblock_setup_processing_system7_0_0_in_context.xdc}, line 215).
Applied set_property IO_BUFFER_TYPE = NONE for FIXED_IO_mio[40]. (constraint file  {c:/Users/gm/Vivado Projects/complete_det_modded_turbo/complete_det_modded_turbo.gen/sources_1/bd/ps_comblock_setup/ip/ps_comblock_setup_processing_system7_0_0/ps_comblock_setup_processing_system7_0_0/ps_comblock_setup_processing_system7_0_0_in_context.xdc}, line 216).
Applied set_property CLOCK_BUFFER_TYPE = NONE for FIXED_IO_mio[40]. (constraint file  {c:/Users/gm/Vivado Projects/complete_det_modded_turbo/complete_det_modded_turbo.gen/sources_1/bd/ps_comblock_setup/ip/ps_comblock_setup_processing_system7_0_0/ps_comblock_setup_processing_system7_0_0/ps_comblock_setup_processing_system7_0_0_in_context.xdc}, line 217).
Applied set_property IO_BUFFER_TYPE = NONE for FIXED_IO_mio[41]. (constraint file  {c:/Users/gm/Vivado Projects/complete_det_modded_turbo/complete_det_modded_turbo.gen/sources_1/bd/ps_comblock_setup/ip/ps_comblock_setup_processing_system7_0_0/ps_comblock_setup_processing_system7_0_0/ps_comblock_setup_processing_system7_0_0_in_context.xdc}, line 218).
Applied set_property CLOCK_BUFFER_TYPE = NONE for FIXED_IO_mio[41]. (constraint file  {c:/Users/gm/Vivado Projects/complete_det_modded_turbo/complete_det_modded_turbo.gen/sources_1/bd/ps_comblock_setup/ip/ps_comblock_setup_processing_system7_0_0/ps_comblock_setup_processing_system7_0_0/ps_comblock_setup_processing_system7_0_0_in_context.xdc}, line 219).
Applied set_property IO_BUFFER_TYPE = NONE for FIXED_IO_mio[42]. (constraint file  {c:/Users/gm/Vivado Projects/complete_det_modded_turbo/complete_det_modded_turbo.gen/sources_1/bd/ps_comblock_setup/ip/ps_comblock_setup_processing_system7_0_0/ps_comblock_setup_processing_system7_0_0/ps_comblock_setup_processing_system7_0_0_in_context.xdc}, line 220).
Applied set_property CLOCK_BUFFER_TYPE = NONE for FIXED_IO_mio[42]. (constraint file  {c:/Users/gm/Vivado Projects/complete_det_modded_turbo/complete_det_modded_turbo.gen/sources_1/bd/ps_comblock_setup/ip/ps_comblock_setup_processing_system7_0_0/ps_comblock_setup_processing_system7_0_0/ps_comblock_setup_processing_system7_0_0_in_context.xdc}, line 221).
Applied set_property IO_BUFFER_TYPE = NONE for FIXED_IO_mio[43]. (constraint file  {c:/Users/gm/Vivado Projects/complete_det_modded_turbo/complete_det_modded_turbo.gen/sources_1/bd/ps_comblock_setup/ip/ps_comblock_setup_processing_system7_0_0/ps_comblock_setup_processing_system7_0_0/ps_comblock_setup_processing_system7_0_0_in_context.xdc}, line 222).
Applied set_property CLOCK_BUFFER_TYPE = NONE for FIXED_IO_mio[43]. (constraint file  {c:/Users/gm/Vivado Projects/complete_det_modded_turbo/complete_det_modded_turbo.gen/sources_1/bd/ps_comblock_setup/ip/ps_comblock_setup_processing_system7_0_0/ps_comblock_setup_processing_system7_0_0/ps_comblock_setup_processing_system7_0_0_in_context.xdc}, line 223).
Applied set_property IO_BUFFER_TYPE = NONE for FIXED_IO_mio[44]. (constraint file  {c:/Users/gm/Vivado Projects/complete_det_modded_turbo/complete_det_modded_turbo.gen/sources_1/bd/ps_comblock_setup/ip/ps_comblock_setup_processing_system7_0_0/ps_comblock_setup_processing_system7_0_0/ps_comblock_setup_processing_system7_0_0_in_context.xdc}, line 224).
Applied set_property CLOCK_BUFFER_TYPE = NONE for FIXED_IO_mio[44]. (constraint file  {c:/Users/gm/Vivado Projects/complete_det_modded_turbo/complete_det_modded_turbo.gen/sources_1/bd/ps_comblock_setup/ip/ps_comblock_setup_processing_system7_0_0/ps_comblock_setup_processing_system7_0_0/ps_comblock_setup_processing_system7_0_0_in_context.xdc}, line 225).
Applied set_property IO_BUFFER_TYPE = NONE for FIXED_IO_mio[45]. (constraint file  {c:/Users/gm/Vivado Projects/complete_det_modded_turbo/complete_det_modded_turbo.gen/sources_1/bd/ps_comblock_setup/ip/ps_comblock_setup_processing_system7_0_0/ps_comblock_setup_processing_system7_0_0/ps_comblock_setup_processing_system7_0_0_in_context.xdc}, line 226).
Applied set_property CLOCK_BUFFER_TYPE = NONE for FIXED_IO_mio[45]. (constraint file  {c:/Users/gm/Vivado Projects/complete_det_modded_turbo/complete_det_modded_turbo.gen/sources_1/bd/ps_comblock_setup/ip/ps_comblock_setup_processing_system7_0_0/ps_comblock_setup_processing_system7_0_0/ps_comblock_setup_processing_system7_0_0_in_context.xdc}, line 227).
Applied set_property IO_BUFFER_TYPE = NONE for FIXED_IO_mio[46]. (constraint file  {c:/Users/gm/Vivado Projects/complete_det_modded_turbo/complete_det_modded_turbo.gen/sources_1/bd/ps_comblock_setup/ip/ps_comblock_setup_processing_system7_0_0/ps_comblock_setup_processing_system7_0_0/ps_comblock_setup_processing_system7_0_0_in_context.xdc}, line 228).
Applied set_property CLOCK_BUFFER_TYPE = NONE for FIXED_IO_mio[46]. (constraint file  {c:/Users/gm/Vivado Projects/complete_det_modded_turbo/complete_det_modded_turbo.gen/sources_1/bd/ps_comblock_setup/ip/ps_comblock_setup_processing_system7_0_0/ps_comblock_setup_processing_system7_0_0/ps_comblock_setup_processing_system7_0_0_in_context.xdc}, line 229).
Applied set_property IO_BUFFER_TYPE = NONE for FIXED_IO_mio[47]. (constraint file  {c:/Users/gm/Vivado Projects/complete_det_modded_turbo/complete_det_modded_turbo.gen/sources_1/bd/ps_comblock_setup/ip/ps_comblock_setup_processing_system7_0_0/ps_comblock_setup_processing_system7_0_0/ps_comblock_setup_processing_system7_0_0_in_context.xdc}, line 230).
Applied set_property CLOCK_BUFFER_TYPE = NONE for FIXED_IO_mio[47]. (constraint file  {c:/Users/gm/Vivado Projects/complete_det_modded_turbo/complete_det_modded_turbo.gen/sources_1/bd/ps_comblock_setup/ip/ps_comblock_setup_processing_system7_0_0/ps_comblock_setup_processing_system7_0_0/ps_comblock_setup_processing_system7_0_0_in_context.xdc}, line 231).
Applied set_property IO_BUFFER_TYPE = NONE for FIXED_IO_mio[48]. (constraint file  {c:/Users/gm/Vivado Projects/complete_det_modded_turbo/complete_det_modded_turbo.gen/sources_1/bd/ps_comblock_setup/ip/ps_comblock_setup_processing_system7_0_0/ps_comblock_setup_processing_system7_0_0/ps_comblock_setup_processing_system7_0_0_in_context.xdc}, line 232).
Applied set_property CLOCK_BUFFER_TYPE = NONE for FIXED_IO_mio[48]. (constraint file  {c:/Users/gm/Vivado Projects/complete_det_modded_turbo/complete_det_modded_turbo.gen/sources_1/bd/ps_comblock_setup/ip/ps_comblock_setup_processing_system7_0_0/ps_comblock_setup_processing_system7_0_0/ps_comblock_setup_processing_system7_0_0_in_context.xdc}, line 233).
Applied set_property IO_BUFFER_TYPE = NONE for FIXED_IO_mio[49]. (constraint file  {c:/Users/gm/Vivado Projects/complete_det_modded_turbo/complete_det_modded_turbo.gen/sources_1/bd/ps_comblock_setup/ip/ps_comblock_setup_processing_system7_0_0/ps_comblock_setup_processing_system7_0_0/ps_comblock_setup_processing_system7_0_0_in_context.xdc}, line 234).
Applied set_property CLOCK_BUFFER_TYPE = NONE for FIXED_IO_mio[49]. (constraint file  {c:/Users/gm/Vivado Projects/complete_det_modded_turbo/complete_det_modded_turbo.gen/sources_1/bd/ps_comblock_setup/ip/ps_comblock_setup_processing_system7_0_0/ps_comblock_setup_processing_system7_0_0/ps_comblock_setup_processing_system7_0_0_in_context.xdc}, line 235).
Applied set_property IO_BUFFER_TYPE = NONE for FIXED_IO_mio[4]. (constraint file  {c:/Users/gm/Vivado Projects/complete_det_modded_turbo/complete_det_modded_turbo.gen/sources_1/bd/ps_comblock_setup/ip/ps_comblock_setup_processing_system7_0_0/ps_comblock_setup_processing_system7_0_0/ps_comblock_setup_processing_system7_0_0_in_context.xdc}, line 236).
Applied set_property CLOCK_BUFFER_TYPE = NONE for FIXED_IO_mio[4]. (constraint file  {c:/Users/gm/Vivado Projects/complete_det_modded_turbo/complete_det_modded_turbo.gen/sources_1/bd/ps_comblock_setup/ip/ps_comblock_setup_processing_system7_0_0/ps_comblock_setup_processing_system7_0_0/ps_comblock_setup_processing_system7_0_0_in_context.xdc}, line 237).
Applied set_property IO_BUFFER_TYPE = NONE for FIXED_IO_mio[50]. (constraint file  {c:/Users/gm/Vivado Projects/complete_det_modded_turbo/complete_det_modded_turbo.gen/sources_1/bd/ps_comblock_setup/ip/ps_comblock_setup_processing_system7_0_0/ps_comblock_setup_processing_system7_0_0/ps_comblock_setup_processing_system7_0_0_in_context.xdc}, line 238).
Applied set_property CLOCK_BUFFER_TYPE = NONE for FIXED_IO_mio[50]. (constraint file  {c:/Users/gm/Vivado Projects/complete_det_modded_turbo/complete_det_modded_turbo.gen/sources_1/bd/ps_comblock_setup/ip/ps_comblock_setup_processing_system7_0_0/ps_comblock_setup_processing_system7_0_0/ps_comblock_setup_processing_system7_0_0_in_context.xdc}, line 239).
Applied set_property IO_BUFFER_TYPE = NONE for FIXED_IO_mio[51]. (constraint file  {c:/Users/gm/Vivado Projects/complete_det_modded_turbo/complete_det_modded_turbo.gen/sources_1/bd/ps_comblock_setup/ip/ps_comblock_setup_processing_system7_0_0/ps_comblock_setup_processing_system7_0_0/ps_comblock_setup_processing_system7_0_0_in_context.xdc}, line 240).
Applied set_property CLOCK_BUFFER_TYPE = NONE for FIXED_IO_mio[51]. (constraint file  {c:/Users/gm/Vivado Projects/complete_det_modded_turbo/complete_det_modded_turbo.gen/sources_1/bd/ps_comblock_setup/ip/ps_comblock_setup_processing_system7_0_0/ps_comblock_setup_processing_system7_0_0/ps_comblock_setup_processing_system7_0_0_in_context.xdc}, line 241).
Applied set_property IO_BUFFER_TYPE = NONE for FIXED_IO_mio[52]. (constraint file  {c:/Users/gm/Vivado Projects/complete_det_modded_turbo/complete_det_modded_turbo.gen/sources_1/bd/ps_comblock_setup/ip/ps_comblock_setup_processing_system7_0_0/ps_comblock_setup_processing_system7_0_0/ps_comblock_setup_processing_system7_0_0_in_context.xdc}, line 242).
Applied set_property CLOCK_BUFFER_TYPE = NONE for FIXED_IO_mio[52]. (constraint file  {c:/Users/gm/Vivado Projects/complete_det_modded_turbo/complete_det_modded_turbo.gen/sources_1/bd/ps_comblock_setup/ip/ps_comblock_setup_processing_system7_0_0/ps_comblock_setup_processing_system7_0_0/ps_comblock_setup_processing_system7_0_0_in_context.xdc}, line 243).
Applied set_property IO_BUFFER_TYPE = NONE for FIXED_IO_mio[53]. (constraint file  {c:/Users/gm/Vivado Projects/complete_det_modded_turbo/complete_det_modded_turbo.gen/sources_1/bd/ps_comblock_setup/ip/ps_comblock_setup_processing_system7_0_0/ps_comblock_setup_processing_system7_0_0/ps_comblock_setup_processing_system7_0_0_in_context.xdc}, line 244).
Applied set_property CLOCK_BUFFER_TYPE = NONE for FIXED_IO_mio[53]. (constraint file  {c:/Users/gm/Vivado Projects/complete_det_modded_turbo/complete_det_modded_turbo.gen/sources_1/bd/ps_comblock_setup/ip/ps_comblock_setup_processing_system7_0_0/ps_comblock_setup_processing_system7_0_0/ps_comblock_setup_processing_system7_0_0_in_context.xdc}, line 245).
Applied set_property IO_BUFFER_TYPE = NONE for FIXED_IO_mio[5]. (constraint file  {c:/Users/gm/Vivado Projects/complete_det_modded_turbo/complete_det_modded_turbo.gen/sources_1/bd/ps_comblock_setup/ip/ps_comblock_setup_processing_system7_0_0/ps_comblock_setup_processing_system7_0_0/ps_comblock_setup_processing_system7_0_0_in_context.xdc}, line 246).
Applied set_property CLOCK_BUFFER_TYPE = NONE for FIXED_IO_mio[5]. (constraint file  {c:/Users/gm/Vivado Projects/complete_det_modded_turbo/complete_det_modded_turbo.gen/sources_1/bd/ps_comblock_setup/ip/ps_comblock_setup_processing_system7_0_0/ps_comblock_setup_processing_system7_0_0/ps_comblock_setup_processing_system7_0_0_in_context.xdc}, line 247).
Applied set_property IO_BUFFER_TYPE = NONE for FIXED_IO_mio[6]. (constraint file  {c:/Users/gm/Vivado Projects/complete_det_modded_turbo/complete_det_modded_turbo.gen/sources_1/bd/ps_comblock_setup/ip/ps_comblock_setup_processing_system7_0_0/ps_comblock_setup_processing_system7_0_0/ps_comblock_setup_processing_system7_0_0_in_context.xdc}, line 248).
Applied set_property CLOCK_BUFFER_TYPE = NONE for FIXED_IO_mio[6]. (constraint file  {c:/Users/gm/Vivado Projects/complete_det_modded_turbo/complete_det_modded_turbo.gen/sources_1/bd/ps_comblock_setup/ip/ps_comblock_setup_processing_system7_0_0/ps_comblock_setup_processing_system7_0_0/ps_comblock_setup_processing_system7_0_0_in_context.xdc}, line 249).
Applied set_property IO_BUFFER_TYPE = NONE for FIXED_IO_mio[7]. (constraint file  {c:/Users/gm/Vivado Projects/complete_det_modded_turbo/complete_det_modded_turbo.gen/sources_1/bd/ps_comblock_setup/ip/ps_comblock_setup_processing_system7_0_0/ps_comblock_setup_processing_system7_0_0/ps_comblock_setup_processing_system7_0_0_in_context.xdc}, line 250).
Applied set_property CLOCK_BUFFER_TYPE = NONE for FIXED_IO_mio[7]. (constraint file  {c:/Users/gm/Vivado Projects/complete_det_modded_turbo/complete_det_modded_turbo.gen/sources_1/bd/ps_comblock_setup/ip/ps_comblock_setup_processing_system7_0_0/ps_comblock_setup_processing_system7_0_0/ps_comblock_setup_processing_system7_0_0_in_context.xdc}, line 251).
Applied set_property IO_BUFFER_TYPE = NONE for FIXED_IO_mio[8]. (constraint file  {c:/Users/gm/Vivado Projects/complete_det_modded_turbo/complete_det_modded_turbo.gen/sources_1/bd/ps_comblock_setup/ip/ps_comblock_setup_processing_system7_0_0/ps_comblock_setup_processing_system7_0_0/ps_comblock_setup_processing_system7_0_0_in_context.xdc}, line 252).
Applied set_property CLOCK_BUFFER_TYPE = NONE for FIXED_IO_mio[8]. (constraint file  {c:/Users/gm/Vivado Projects/complete_det_modded_turbo/complete_det_modded_turbo.gen/sources_1/bd/ps_comblock_setup/ip/ps_comblock_setup_processing_system7_0_0/ps_comblock_setup_processing_system7_0_0/ps_comblock_setup_processing_system7_0_0_in_context.xdc}, line 253).
Applied set_property IO_BUFFER_TYPE = NONE for FIXED_IO_mio[9]. (constraint file  {c:/Users/gm/Vivado Projects/complete_det_modded_turbo/complete_det_modded_turbo.gen/sources_1/bd/ps_comblock_setup/ip/ps_comblock_setup_processing_system7_0_0/ps_comblock_setup_processing_system7_0_0/ps_comblock_setup_processing_system7_0_0_in_context.xdc}, line 254).
Applied set_property CLOCK_BUFFER_TYPE = NONE for FIXED_IO_mio[9]. (constraint file  {c:/Users/gm/Vivado Projects/complete_det_modded_turbo/complete_det_modded_turbo.gen/sources_1/bd/ps_comblock_setup/ip/ps_comblock_setup_processing_system7_0_0/ps_comblock_setup_processing_system7_0_0/ps_comblock_setup_processing_system7_0_0_in_context.xdc}, line 255).
Applied set_property IO_BUFFER_TYPE = NONE for FIXED_IO_ps_clk. (constraint file  {c:/Users/gm/Vivado Projects/complete_det_modded_turbo/complete_det_modded_turbo.gen/sources_1/bd/ps_comblock_setup/ip/ps_comblock_setup_processing_system7_0_0/ps_comblock_setup_processing_system7_0_0/ps_comblock_setup_processing_system7_0_0_in_context.xdc}, line 256).
Applied set_property CLOCK_BUFFER_TYPE = NONE for FIXED_IO_ps_clk. (constraint file  {c:/Users/gm/Vivado Projects/complete_det_modded_turbo/complete_det_modded_turbo.gen/sources_1/bd/ps_comblock_setup/ip/ps_comblock_setup_processing_system7_0_0/ps_comblock_setup_processing_system7_0_0/ps_comblock_setup_processing_system7_0_0_in_context.xdc}, line 257).
Applied set_property IO_BUFFER_TYPE = NONE for FIXED_IO_ps_porb. (constraint file  {c:/Users/gm/Vivado Projects/complete_det_modded_turbo/complete_det_modded_turbo.gen/sources_1/bd/ps_comblock_setup/ip/ps_comblock_setup_processing_system7_0_0/ps_comblock_setup_processing_system7_0_0/ps_comblock_setup_processing_system7_0_0_in_context.xdc}, line 258).
Applied set_property CLOCK_BUFFER_TYPE = NONE for FIXED_IO_ps_porb. (constraint file  {c:/Users/gm/Vivado Projects/complete_det_modded_turbo/complete_det_modded_turbo.gen/sources_1/bd/ps_comblock_setup/ip/ps_comblock_setup_processing_system7_0_0/ps_comblock_setup_processing_system7_0_0/ps_comblock_setup_processing_system7_0_0_in_context.xdc}, line 259).
Applied set_property IO_BUFFER_TYPE = NONE for FIXED_IO_ps_srstb. (constraint file  {c:/Users/gm/Vivado Projects/complete_det_modded_turbo/complete_det_modded_turbo.gen/sources_1/bd/ps_comblock_setup/ip/ps_comblock_setup_processing_system7_0_0/ps_comblock_setup_processing_system7_0_0/ps_comblock_setup_processing_system7_0_0_in_context.xdc}, line 260).
Applied set_property CLOCK_BUFFER_TYPE = NONE for FIXED_IO_ps_srstb. (constraint file  {c:/Users/gm/Vivado Projects/complete_det_modded_turbo/complete_det_modded_turbo.gen/sources_1/bd/ps_comblock_setup/ip/ps_comblock_setup_processing_system7_0_0/ps_comblock_setup_processing_system7_0_0/ps_comblock_setup_processing_system7_0_0_in_context.xdc}, line 261).
Applied set_property KEEP_HIERARCHY = SOFT for u_ps_comblock_setup/ps_comblock_setup_i. (constraint file  auto generated constraint).
Applied set_property KEEP_HIERARCHY = SOFT for u_ps_comblock_setup/ps_comblock_setup_i/comblock_0. (constraint file  auto generated constraint).
Applied set_property KEEP_HIERARCHY = SOFT for u_ps_comblock_setup/ps_comblock_setup_i/processing_system7_0. (constraint file  auto generated constraint).
Applied set_property KEEP_HIERARCHY = SOFT for u_ps_comblock_setup/ps_comblock_setup_i/ps7_0_axi_periph/s00_couplers/auto_pc. (constraint file  auto generated constraint).
Applied set_property KEEP_HIERARCHY = SOFT for u_ps_comblock_setup/ps_comblock_setup_i/ps7_0_axi_periph. (constraint file  auto generated constraint).
Applied set_property KEEP_HIERARCHY = SOFT for u_ps_comblock_setup/ps_comblock_setup_i/rst_ps7_0_100M. (constraint file  auto generated constraint).
Applied set_property KEEP_HIERARCHY = SOFT for u_fam_detector/u_first_stage/\GEN_FFT1[0].u_fft1 . (constraint file  auto generated constraint).
Applied set_property KEEP_HIERARCHY = SOFT for u_fam_detector/u_first_stage/\GEN_FFT1[1].u_fft1 . (constraint file  auto generated constraint).
Applied set_property KEEP_HIERARCHY = SOFT for u_fam_detector/u_first_stage/\GEN_FFT1[2].u_fft1 . (constraint file  auto generated constraint).
Applied set_property KEEP_HIERARCHY = SOFT for u_fam_detector/u_first_stage/\GEN_FFT1[3].u_fft1 . (constraint file  auto generated constraint).
Applied set_property KEEP_HIERARCHY = SOFT for u_fam_detector/u_second_stage/\GEN_CMULT2[0].u_cmult2 . (constraint file  auto generated constraint).
Applied set_property KEEP_HIERARCHY = SOFT for u_fam_detector/u_second_stage/\GEN_CMULT2[1].u_cmult2 . (constraint file  auto generated constraint).
Applied set_property KEEP_HIERARCHY = SOFT for u_fam_detector/u_second_stage/\GEN_CMULT2[2].u_cmult2 . (constraint file  auto generated constraint).
Applied set_property KEEP_HIERARCHY = SOFT for u_fam_detector/u_second_stage/\GEN_CMULT2[3].u_cmult2 . (constraint file  auto generated constraint).
Applied set_property KEEP_HIERARCHY = SOFT for u_fam_detector/u_second_stage/\GEN_FFT2[0].u_fft2 . (constraint file  auto generated constraint).
Applied set_property KEEP_HIERARCHY = SOFT for u_fam_detector/u_second_stage/\GEN_FFT2[1].u_fft2 . (constraint file  auto generated constraint).
Applied set_property KEEP_HIERARCHY = SOFT for u_fam_detector/u_second_stage/\GEN_FFT2[2].u_fft2 . (constraint file  auto generated constraint).
Applied set_property KEEP_HIERARCHY = SOFT for u_fam_detector/u_second_stage/\GEN_FFT2[3].u_fft2 . (constraint file  auto generated constraint).
---------------------------------------------------------------------------------
Finished applying 'set_property' XDC Constraints : Time (s): cpu = 00:00:12 ; elapsed = 00:00:14 . Memory (MB): peak = 1580.512 ; gain = 674.492
---------------------------------------------------------------------------------
INFO: [Synth 8-802] inferred FSM for state register 'state_reg_reg' in module 'first_stage_fsmd_4fft_no_ram'
---------------------------------------------------------------------------------------------------
                   State |                     New Encoding |                Previous Encoding 
---------------------------------------------------------------------------------------------------
                  S_IDLE |                            00001 |                              000
                S_CONFIG |                            00010 |                              001
                   S_RUN |                            00100 |                              010
                 S_DRAIN |                            01000 |                              011
                  S_DONE |                            10000 |                              100
---------------------------------------------------------------------------------------------------
INFO: [Synth 8-3354] encoded FSM with state register 'state_reg_reg' using encoding 'one-hot' in module 'first_stage_fsmd_4fft_no_ram'
---------------------------------------------------------------------------------
Finished RTL Optimization Phase 2 : Time (s): cpu = 00:00:14 ; elapsed = 00:00:16 . Memory (MB): peak = 1580.512 ; gain = 674.492
---------------------------------------------------------------------------------
---------------------------------------------------------------------------------
Start RTL Component Statistics 
---------------------------------------------------------------------------------
Detailed RTL Component Info : 
+---Adders : 
	   2 Input  133 Bit       Adders := 1     
	   2 Input   65 Bit       Adders := 4     
	   2 Input   32 Bit       Adders := 2     
	   2 Input   16 Bit       Adders := 8     
	   3 Input   12 Bit       Adders := 1     
	   2 Input   11 Bit       Adders := 11    
	   2 Input   10 Bit       Adders := 2     
	   2 Input    9 Bit       Adders := 1     
	   3 Input    9 Bit       Adders := 4     
	   2 Input    8 Bit       Adders := 3     
	   3 Input    8 Bit       Adders := 1     
	   2 Input    7 Bit       Adders := 17    
	   2 Input    6 Bit       Adders := 10    
	   2 Input    5 Bit       Adders := 15    
	   2 Input    3 Bit       Adders := 3     
	   2 Input    2 Bit       Adders := 7     
	   3 Input    2 Bit       Adders := 3     
+---XORs : 
	   2 Input      1 Bit         XORs := 1     
+---Registers : 
	              133 Bit    Registers := 2     
	               68 Bit    Registers := 1     
	               65 Bit    Registers := 10    
	               64 Bit    Registers := 8     
	               56 Bit    Registers := 1     
	               34 Bit    Registers := 1     
	               32 Bit    Registers := 152   
	               24 Bit    Registers := 2     
	               16 Bit    Registers := 66    
	               12 Bit    Registers := 4     
	               11 Bit    Registers := 14    
	               10 Bit    Registers := 1     
	                9 Bit    Registers := 10    
	                8 Bit    Registers := 1     
	                7 Bit    Registers := 9     
	                6 Bit    Registers := 8     
	                5 Bit    Registers := 26    
	                4 Bit    Registers := 4     
	                3 Bit    Registers := 1     
	                2 Bit    Registers := 11    
	                1 Bit    Registers := 107   
+---Multipliers : 
	              34x34  Multipliers := 1     
	              32x32  Multipliers := 8     
+---RAMs : 
	              32K Bit	(1024 X 32 bit)          RAMs := 4     
	              24K Bit	(1024 X 24 bit)          RAMs := 1     
+---ROMs : 
	                    ROMs := 1     
+---Muxes : 
	   3 Input  133 Bit        Muxes := 1     
	   2 Input  133 Bit        Muxes := 2     
	   2 Input   65 Bit        Muxes := 2     
	   3 Input   65 Bit        Muxes := 1     
	   7 Input   34 Bit        Muxes := 1     
	   2 Input   32 Bit        Muxes := 12    
	   4 Input   32 Bit        Muxes := 8     
	   2 Input   16 Bit        Muxes := 22    
	   4 Input   16 Bit        Muxes := 10    
	   2 Input   12 Bit        Muxes := 2     
	   2 Input   11 Bit        Muxes := 1     
	   2 Input   10 Bit        Muxes := 98    
	   5 Input   10 Bit        Muxes := 1     
	   4 Input    9 Bit        Muxes := 1     
	   2 Input    9 Bit        Muxes := 5     
	   4 Input    8 Bit        Muxes := 30    
	   2 Input    8 Bit        Muxes := 1     
	   2 Input    7 Bit        Muxes := 8     
	   6 Input    7 Bit        Muxes := 1     
	   3 Input    6 Bit        Muxes := 2     
	   2 Input    6 Bit        Muxes := 2     
	   3 Input    5 Bit        Muxes := 2     
	   2 Input    5 Bit        Muxes := 9     
	   5 Input    5 Bit        Muxes := 1     
	   3 Input    4 Bit        Muxes := 1     
	   2 Input    4 Bit        Muxes := 9     
	   8 Input    4 Bit        Muxes := 1     
	   2 Input    3 Bit        Muxes := 3     
	   6 Input    3 Bit        Muxes := 2     
	   2 Input    2 Bit        Muxes := 6     
	   6 Input    2 Bit        Muxes := 1     
	   2 Input    1 Bit        Muxes := 157   
	   3 Input    1 Bit        Muxes := 2     
	   5 Input    1 Bit        Muxes := 2     
	   8 Input    1 Bit        Muxes := 7     
---------------------------------------------------------------------------------
Finished RTL Component Statistics 
---------------------------------------------------------------------------------
---------------------------------------------------------------------------------
Start Part Resource Summary
---------------------------------------------------------------------------------
Part Resources:
DSPs: 220 (col length:60)
BRAMs: 280 (col length: RAMB18 60 RAMB36 30)
---------------------------------------------------------------------------------
Finished Part Resource Summary
---------------------------------------------------------------------------------
---------------------------------------------------------------------------------
Start Cross Boundary and Area Optimization
---------------------------------------------------------------------------------
WARNING: [Synth 8-7080] Parallel synthesis criteria is not met
DSP Report: Generating DSP noise_calc_inst/squarediffmacc_mod_inst/r_sq_data_reg, operation Mode is: (A*B)'.
DSP Report: register noise_calc_inst/squarediffmacc_mod_inst/r_sq_data_reg is absorbed into DSP noise_calc_inst/squarediffmacc_mod_inst/r_sq_data_reg.
DSP Report: operator noise_calc_inst/squarediffmacc_mod_inst/w_sq_data is absorbed into DSP noise_calc_inst/squarediffmacc_mod_inst/r_sq_data_reg.
DSP Report: Generating DSP r_var_sq0, operation Mode is: A2*B2.
DSP Report: register noise_calc_inst/r_noise_var_reg is absorbed into DSP r_var_sq0.
DSP Report: register r_var_sq0 is absorbed into DSP r_var_sq0.
DSP Report: operator r_var_sq0 is absorbed into DSP r_var_sq0.
DSP Report: operator r_var_sq0 is absorbed into DSP r_var_sq0.
DSP Report: Generating DSP r_var_sq_reg, operation Mode is: (PCIN>>17)+A2*B2.
DSP Report: register noise_calc_inst/r_noise_var_reg is absorbed into DSP r_var_sq_reg.
DSP Report: register noise_calc_inst/r_noise_var_reg is absorbed into DSP r_var_sq_reg.
DSP Report: register r_var_sq_reg is absorbed into DSP r_var_sq_reg.
DSP Report: operator r_var_sq0 is absorbed into DSP r_var_sq_reg.
DSP Report: operator r_var_sq0 is absorbed into DSP r_var_sq_reg.
DSP Report: Generating DSP r_var_sq0, operation Mode is: A2*B2.
DSP Report: register r_var_sq0 is absorbed into DSP r_var_sq0.
DSP Report: register r_var_sq0 is absorbed into DSP r_var_sq0.
DSP Report: operator r_var_sq0 is absorbed into DSP r_var_sq0.
DSP Report: operator r_var_sq0 is absorbed into DSP r_var_sq0.
DSP Report: Generating DSP r_var_sq_reg, operation Mode is: (PCIN>>17)+A2*B2.
DSP Report: register noise_calc_inst/r_noise_var_reg is absorbed into DSP r_var_sq_reg.
DSP Report: register r_var_sq_reg is absorbed into DSP r_var_sq_reg.
DSP Report: register r_var_sq_reg is absorbed into DSP r_var_sq_reg.
DSP Report: operator r_var_sq0 is absorbed into DSP r_var_sq_reg.
DSP Report: operator r_var_sq0 is absorbed into DSP r_var_sq_reg.
DSP Report: Generating DSP u_input_window_re/r_prod_mult_reg[30], operation Mode is: (A''*B)'.
DSP Report: register u_input_window_re/r_shiftreg_reg[31] is absorbed into DSP u_input_window_re/r_prod_mult_reg[30].
DSP Report: register u_input_window_re/r_shiftreg_reg[30] is absorbed into DSP u_input_window_re/r_prod_mult_reg[30].
DSP Report: register u_input_window_re/r_prod_mult_reg[30] is absorbed into DSP u_input_window_re/r_prod_mult_reg[30].
DSP Report: operator p_0_out is absorbed into DSP u_input_window_re/r_prod_mult_reg[30].
DSP Report: Generating DSP u_input_window_re/r_prod_mult_reg[31], operation Mode is: (A2*B)'.
DSP Report: register u_input_window_re/r_shiftreg_reg[31] is absorbed into DSP u_input_window_re/r_prod_mult_reg[31].
DSP Report: register u_input_window_re/r_prod_mult_reg[31] is absorbed into DSP u_input_window_re/r_prod_mult_reg[31].
DSP Report: operator p_0_out is absorbed into DSP u_input_window_re/r_prod_mult_reg[31].
DSP Report: Generating DSP u_input_window_re/r_prod_mult_reg[29], operation Mode is: (ACIN''*B)'.
DSP Report: register u_input_window_re/r_shiftreg_reg[30] is absorbed into DSP u_input_window_re/r_prod_mult_reg[29].
DSP Report: register u_input_window_re/r_shiftreg_reg[29] is absorbed into DSP u_input_window_re/r_prod_mult_reg[29].
DSP Report: register u_input_window_re/r_prod_mult_reg[29] is absorbed into DSP u_input_window_re/r_prod_mult_reg[29].
DSP Report: operator p_0_out is absorbed into DSP u_input_window_re/r_prod_mult_reg[29].
DSP Report: Generating DSP u_input_window_re/r_prod_mult_reg[28], operation Mode is: (ACIN2*B)'.
DSP Report: register u_input_window_re/r_shiftreg_reg[28] is absorbed into DSP u_input_window_re/r_prod_mult_reg[28].
DSP Report: register u_input_window_re/r_prod_mult_reg[28] is absorbed into DSP u_input_window_re/r_prod_mult_reg[28].
DSP Report: operator p_0_out is absorbed into DSP u_input_window_re/r_prod_mult_reg[28].
DSP Report: Generating DSP u_input_window_re/r_prod_mult_reg[27], operation Mode is: (ACIN2*B)'.
DSP Report: register u_input_window_re/r_shiftreg_reg[27] is absorbed into DSP u_input_window_re/r_prod_mult_reg[27].
DSP Report: register u_input_window_re/r_prod_mult_reg[27] is absorbed into DSP u_input_window_re/r_prod_mult_reg[27].
DSP Report: operator p_0_out is absorbed into DSP u_input_window_re/r_prod_mult_reg[27].
DSP Report: Generating DSP u_input_window_re/r_prod_mult_reg[26], operation Mode is: (ACIN2*B)'.
DSP Report: register u_input_window_re/r_shiftreg_reg[26] is absorbed into DSP u_input_window_re/r_prod_mult_reg[26].
DSP Report: register u_input_window_re/r_prod_mult_reg[26] is absorbed into DSP u_input_window_re/r_prod_mult_reg[26].
DSP Report: operator p_0_out is absorbed into DSP u_input_window_re/r_prod_mult_reg[26].
DSP Report: Generating DSP u_input_window_re/r_prod_mult_reg[25], operation Mode is: (ACIN2*B)'.
DSP Report: register u_input_window_re/r_shiftreg_reg[25] is absorbed into DSP u_input_window_re/r_prod_mult_reg[25].
DSP Report: register u_input_window_re/r_prod_mult_reg[25] is absorbed into DSP u_input_window_re/r_prod_mult_reg[25].
DSP Report: operator p_0_out is absorbed into DSP u_input_window_re/r_prod_mult_reg[25].
DSP Report: Generating DSP u_input_window_re/r_prod_mult_reg[24], operation Mode is: (ACIN2*B)'.
DSP Report: register u_input_window_re/r_shiftreg_reg[24] is absorbed into DSP u_input_window_re/r_prod_mult_reg[24].
DSP Report: register u_input_window_re/r_prod_mult_reg[24] is absorbed into DSP u_input_window_re/r_prod_mult_reg[24].
DSP Report: operator p_0_out is absorbed into DSP u_input_window_re/r_prod_mult_reg[24].
DSP Report: Generating DSP u_input_window_re/r_prod_mult_reg[23], operation Mode is: (ACIN2*B)'.
DSP Report: register u_input_window_re/r_shiftreg_reg[23] is absorbed into DSP u_input_window_re/r_prod_mult_reg[23].
DSP Report: register u_input_window_re/r_prod_mult_reg[23] is absorbed into DSP u_input_window_re/r_prod_mult_reg[23].
DSP Report: operator p_0_out is absorbed into DSP u_input_window_re/r_prod_mult_reg[23].
DSP Report: Generating DSP u_input_window_re/r_prod_mult_reg[22], operation Mode is: (ACIN2*B)'.
DSP Report: register u_input_window_re/r_shiftreg_reg[22] is absorbed into DSP u_input_window_re/r_prod_mult_reg[22].
DSP Report: register u_input_window_re/r_prod_mult_reg[22] is absorbed into DSP u_input_window_re/r_prod_mult_reg[22].
DSP Report: operator p_0_out is absorbed into DSP u_input_window_re/r_prod_mult_reg[22].
DSP Report: Generating DSP u_input_window_re/r_prod_mult_reg[21], operation Mode is: (ACIN2*B)'.
DSP Report: register u_input_window_re/r_shiftreg_reg[21] is absorbed into DSP u_input_window_re/r_prod_mult_reg[21].
DSP Report: register u_input_window_re/r_prod_mult_reg[21] is absorbed into DSP u_input_window_re/r_prod_mult_reg[21].
DSP Report: operator p_0_out is absorbed into DSP u_input_window_re/r_prod_mult_reg[21].
DSP Report: Generating DSP u_input_window_re/r_prod_mult_reg[20], operation Mode is: (ACIN2*B)'.
DSP Report: register u_input_window_re/r_shiftreg_reg[20] is absorbed into DSP u_input_window_re/r_prod_mult_reg[20].
DSP Report: register u_input_window_re/r_prod_mult_reg[20] is absorbed into DSP u_input_window_re/r_prod_mult_reg[20].
DSP Report: operator p_0_out is absorbed into DSP u_input_window_re/r_prod_mult_reg[20].
DSP Report: Generating DSP u_input_window_re/r_prod_mult_reg[19], operation Mode is: (ACIN2*B)'.
DSP Report: register u_input_window_re/r_shiftreg_reg[19] is absorbed into DSP u_input_window_re/r_prod_mult_reg[19].
DSP Report: register u_input_window_re/r_prod_mult_reg[19] is absorbed into DSP u_input_window_re/r_prod_mult_reg[19].
DSP Report: operator p_0_out is absorbed into DSP u_input_window_re/r_prod_mult_reg[19].
DSP Report: Generating DSP u_input_window_re/r_prod_mult_reg[18], operation Mode is: (ACIN2*B)'.
DSP Report: register u_input_window_re/r_shiftreg_reg[18] is absorbed into DSP u_input_window_re/r_prod_mult_reg[18].
DSP Report: register u_input_window_re/r_prod_mult_reg[18] is absorbed into DSP u_input_window_re/r_prod_mult_reg[18].
DSP Report: operator p_0_out is absorbed into DSP u_input_window_re/r_prod_mult_reg[18].
DSP Report: Generating DSP u_input_window_re/r_prod_mult_reg[17], operation Mode is: (ACIN2*B)'.
DSP Report: register u_input_window_re/r_shiftreg_reg[17] is absorbed into DSP u_input_window_re/r_prod_mult_reg[17].
DSP Report: register u_input_window_re/r_prod_mult_reg[17] is absorbed into DSP u_input_window_re/r_prod_mult_reg[17].
DSP Report: operator p_0_out is absorbed into DSP u_input_window_re/r_prod_mult_reg[17].
DSP Report: Generating DSP u_input_window_re/r_prod_mult_reg[16], operation Mode is: (ACIN2*(B:0x7f))'.
DSP Report: register u_input_window_re/r_shiftreg_reg[16] is absorbed into DSP u_input_window_re/r_prod_mult_reg[16].
DSP Report: register u_input_window_re/r_prod_mult_reg[16] is absorbed into DSP u_input_window_re/r_prod_mult_reg[16].
DSP Report: operator p_0_out is absorbed into DSP u_input_window_re/r_prod_mult_reg[16].
DSP Report: Generating DSP u_input_window_re/r_prod_mult_reg[15], operation Mode is: (ACIN2*(B:0x7f))'.
DSP Report: register u_input_window_re/r_shiftreg_reg[15] is absorbed into DSP u_input_window_re/r_prod_mult_reg[15].
DSP Report: register u_input_window_re/r_prod_mult_reg[15] is absorbed into DSP u_input_window_re/r_prod_mult_reg[15].
DSP Report: operator p_0_out is absorbed into DSP u_input_window_re/r_prod_mult_reg[15].
DSP Report: Generating DSP u_input_window_re/r_prod_mult_reg[14], operation Mode is: (ACIN2*B)'.
DSP Report: register u_input_window_re/r_shiftreg_reg[14] is absorbed into DSP u_input_window_re/r_prod_mult_reg[14].
DSP Report: register u_input_window_re/r_prod_mult_reg[14] is absorbed into DSP u_input_window_re/r_prod_mult_reg[14].
DSP Report: operator p_0_out is absorbed into DSP u_input_window_re/r_prod_mult_reg[14].
DSP Report: Generating DSP u_input_window_re/r_prod_mult_reg[13], operation Mode is: (ACIN2*B)'.
DSP Report: register u_input_window_re/r_shiftreg_reg[13] is absorbed into DSP u_input_window_re/r_prod_mult_reg[13].
DSP Report: register u_input_window_re/r_prod_mult_reg[13] is absorbed into DSP u_input_window_re/r_prod_mult_reg[13].
DSP Report: operator p_0_out is absorbed into DSP u_input_window_re/r_prod_mult_reg[13].
DSP Report: Generating DSP u_input_window_re/r_prod_mult_reg[12], operation Mode is: (ACIN2*B)'.
DSP Report: register u_input_window_re/r_shiftreg_reg[12] is absorbed into DSP u_input_window_re/r_prod_mult_reg[12].
DSP Report: register u_input_window_re/r_prod_mult_reg[12] is absorbed into DSP u_input_window_re/r_prod_mult_reg[12].
DSP Report: operator p_0_out is absorbed into DSP u_input_window_re/r_prod_mult_reg[12].
DSP Report: Generating DSP u_input_window_re/r_prod_mult_reg[11], operation Mode is: (ACIN2*B)'.
DSP Report: register u_input_window_re/r_shiftreg_reg[11] is absorbed into DSP u_input_window_re/r_prod_mult_reg[11].
DSP Report: register u_input_window_re/r_prod_mult_reg[11] is absorbed into DSP u_input_window_re/r_prod_mult_reg[11].
DSP Report: operator p_0_out is absorbed into DSP u_input_window_re/r_prod_mult_reg[11].
DSP Report: Generating DSP u_input_window_re/r_prod_mult_reg[10], operation Mode is: (ACIN2*B)'.
DSP Report: register u_input_window_re/r_shiftreg_reg[10] is absorbed into DSP u_input_window_re/r_prod_mult_reg[10].
DSP Report: register u_input_window_re/r_prod_mult_reg[10] is absorbed into DSP u_input_window_re/r_prod_mult_reg[10].
DSP Report: operator p_0_out is absorbed into DSP u_input_window_re/r_prod_mult_reg[10].
DSP Report: Generating DSP u_input_window_re/r_prod_mult_reg[9], operation Mode is: (ACIN2*B)'.
DSP Report: register u_input_window_re/r_shiftreg_reg[9] is absorbed into DSP u_input_window_re/r_prod_mult_reg[9].
DSP Report: register u_input_window_re/r_prod_mult_reg[9] is absorbed into DSP u_input_window_re/r_prod_mult_reg[9].
DSP Report: operator p_0_out is absorbed into DSP u_input_window_re/r_prod_mult_reg[9].
DSP Report: Generating DSP u_input_window_re/r_prod_mult_reg[8], operation Mode is: (ACIN2*B)'.
DSP Report: register u_input_window_re/r_shiftreg_reg[8] is absorbed into DSP u_input_window_re/r_prod_mult_reg[8].
DSP Report: register u_input_window_re/r_prod_mult_reg[8] is absorbed into DSP u_input_window_re/r_prod_mult_reg[8].
DSP Report: operator p_0_out is absorbed into DSP u_input_window_re/r_prod_mult_reg[8].
DSP Report: Generating DSP u_input_window_re/r_prod_mult_reg[7], operation Mode is: (ACIN2*B)'.
DSP Report: register u_input_window_re/r_shiftreg_reg[7] is absorbed into DSP u_input_window_re/r_prod_mult_reg[7].
DSP Report: register u_input_window_re/r_prod_mult_reg[7] is absorbed into DSP u_input_window_re/r_prod_mult_reg[7].
DSP Report: operator p_0_out is absorbed into DSP u_input_window_re/r_prod_mult_reg[7].
DSP Report: Generating DSP u_input_window_re/r_prod_mult_reg[6], operation Mode is: (ACIN2*B)'.
DSP Report: register u_input_window_re/r_shiftreg_reg[6] is absorbed into DSP u_input_window_re/r_prod_mult_reg[6].
DSP Report: register u_input_window_re/r_prod_mult_reg[6] is absorbed into DSP u_input_window_re/r_prod_mult_reg[6].
DSP Report: operator p_0_out is absorbed into DSP u_input_window_re/r_prod_mult_reg[6].
DSP Report: Generating DSP u_input_window_re/r_prod_mult_reg[5], operation Mode is: (ACIN2*B)'.
DSP Report: register u_input_window_re/r_shiftreg_reg[5] is absorbed into DSP u_input_window_re/r_prod_mult_reg[5].
DSP Report: register u_input_window_re/r_prod_mult_reg[5] is absorbed into DSP u_input_window_re/r_prod_mult_reg[5].
DSP Report: operator p_0_out is absorbed into DSP u_input_window_re/r_prod_mult_reg[5].
DSP Report: Generating DSP u_input_window_re/r_prod_mult_reg[4], operation Mode is: (ACIN2*B)'.
DSP Report: register u_input_window_re/r_shiftreg_reg[4] is absorbed into DSP u_input_window_re/r_prod_mult_reg[4].
DSP Report: register u_input_window_re/r_prod_mult_reg[4] is absorbed into DSP u_input_window_re/r_prod_mult_reg[4].
DSP Report: operator p_0_out is absorbed into DSP u_input_window_re/r_prod_mult_reg[4].
DSP Report: Generating DSP u_input_window_re/r_prod_mult_reg[3], operation Mode is: (ACIN2*B)'.
DSP Report: register u_input_window_re/r_shiftreg_reg[3] is absorbed into DSP u_input_window_re/r_prod_mult_reg[3].
DSP Report: register u_input_window_re/r_prod_mult_reg[3] is absorbed into DSP u_input_window_re/r_prod_mult_reg[3].
DSP Report: operator p_0_out is absorbed into DSP u_input_window_re/r_prod_mult_reg[3].
DSP Report: Generating DSP u_input_window_re/r_prod_mult_reg[2], operation Mode is: (ACIN2*B)'.
DSP Report: register u_input_window_re/r_shiftreg_reg[2] is absorbed into DSP u_input_window_re/r_prod_mult_reg[2].
DSP Report: register u_input_window_re/r_prod_mult_reg[2] is absorbed into DSP u_input_window_re/r_prod_mult_reg[2].
DSP Report: operator p_0_out is absorbed into DSP u_input_window_re/r_prod_mult_reg[2].
DSP Report: Generating DSP u_input_window_re/r_prod_mult_reg[1], operation Mode is: (ACIN2*B)'.
DSP Report: register u_input_window_re/r_shiftreg_reg[1] is absorbed into DSP u_input_window_re/r_prod_mult_reg[1].
DSP Report: register u_input_window_re/r_prod_mult_reg[1] is absorbed into DSP u_input_window_re/r_prod_mult_reg[1].
DSP Report: operator p_0_out is absorbed into DSP u_input_window_re/r_prod_mult_reg[1].
DSP Report: Generating DSP u_input_window_re/r_prod_mult_reg[0], operation Mode is: (ACIN2*B)'.
DSP Report: register u_input_window_re/r_shiftreg_reg[0] is absorbed into DSP u_input_window_re/r_prod_mult_reg[0].
DSP Report: register u_input_window_re/r_prod_mult_reg[0] is absorbed into DSP u_input_window_re/r_prod_mult_reg[0].
DSP Report: operator p_0_out is absorbed into DSP u_input_window_re/r_prod_mult_reg[0].
DSP Report: Generating DSP u_input_window_im/r_prod_mult_reg[30], operation Mode is: (A''*B)'.
DSP Report: register u_input_window_im/r_shiftreg_reg[31] is absorbed into DSP u_input_window_im/r_prod_mult_reg[30].
DSP Report: register u_input_window_im/r_shiftreg_reg[30] is absorbed into DSP u_input_window_im/r_prod_mult_reg[30].
DSP Report: register u_input_window_im/r_prod_mult_reg[30] is absorbed into DSP u_input_window_im/r_prod_mult_reg[30].
DSP Report: operator p_0_out is absorbed into DSP u_input_window_im/r_prod_mult_reg[30].
DSP Report: Generating DSP u_input_window_im/r_prod_mult_reg[31], operation Mode is: (A2*B)'.
DSP Report: register u_input_window_im/r_shiftreg_reg[31] is absorbed into DSP u_input_window_im/r_prod_mult_reg[31].
DSP Report: register u_input_window_im/r_prod_mult_reg[31] is absorbed into DSP u_input_window_im/r_prod_mult_reg[31].
DSP Report: operator p_0_out is absorbed into DSP u_input_window_im/r_prod_mult_reg[31].
DSP Report: Generating DSP u_input_window_im/r_prod_mult_reg[29], operation Mode is: (ACIN''*B)'.
DSP Report: register u_input_window_im/r_shiftreg_reg[30] is absorbed into DSP u_input_window_im/r_prod_mult_reg[29].
DSP Report: register u_input_window_im/r_shiftreg_reg[29] is absorbed into DSP u_input_window_im/r_prod_mult_reg[29].
DSP Report: register u_input_window_im/r_prod_mult_reg[29] is absorbed into DSP u_input_window_im/r_prod_mult_reg[29].
DSP Report: operator p_0_out is absorbed into DSP u_input_window_im/r_prod_mult_reg[29].
DSP Report: Generating DSP u_input_window_im/r_prod_mult_reg[28], operation Mode is: (ACIN2*B)'.
DSP Report: register u_input_window_im/r_shiftreg_reg[28] is absorbed into DSP u_input_window_im/r_prod_mult_reg[28].
DSP Report: register u_input_window_im/r_prod_mult_reg[28] is absorbed into DSP u_input_window_im/r_prod_mult_reg[28].
DSP Report: operator p_0_out is absorbed into DSP u_input_window_im/r_prod_mult_reg[28].
DSP Report: Generating DSP u_input_window_im/r_prod_mult_reg[27], operation Mode is: (ACIN2*B)'.
DSP Report: register u_input_window_im/r_shiftreg_reg[27] is absorbed into DSP u_input_window_im/r_prod_mult_reg[27].
DSP Report: register u_input_window_im/r_prod_mult_reg[27] is absorbed into DSP u_input_window_im/r_prod_mult_reg[27].
DSP Report: operator p_0_out is absorbed into DSP u_input_window_im/r_prod_mult_reg[27].
DSP Report: Generating DSP u_input_window_im/r_prod_mult_reg[26], operation Mode is: (ACIN2*B)'.
DSP Report: register u_input_window_im/r_shiftreg_reg[26] is absorbed into DSP u_input_window_im/r_prod_mult_reg[26].
DSP Report: register u_input_window_im/r_prod_mult_reg[26] is absorbed into DSP u_input_window_im/r_prod_mult_reg[26].
DSP Report: operator p_0_out is absorbed into DSP u_input_window_im/r_prod_mult_reg[26].
DSP Report: Generating DSP u_input_window_im/r_prod_mult_reg[25], operation Mode is: (ACIN2*B)'.
DSP Report: register u_input_window_im/r_shiftreg_reg[25] is absorbed into DSP u_input_window_im/r_prod_mult_reg[25].
DSP Report: register u_input_window_im/r_prod_mult_reg[25] is absorbed into DSP u_input_window_im/r_prod_mult_reg[25].
DSP Report: operator p_0_out is absorbed into DSP u_input_window_im/r_prod_mult_reg[25].
DSP Report: Generating DSP u_input_window_im/r_prod_mult_reg[24], operation Mode is: (ACIN2*B)'.
DSP Report: register u_input_window_im/r_shiftreg_reg[24] is absorbed into DSP u_input_window_im/r_prod_mult_reg[24].
DSP Report: register u_input_window_im/r_prod_mult_reg[24] is absorbed into DSP u_input_window_im/r_prod_mult_reg[24].
DSP Report: operator p_0_out is absorbed into DSP u_input_window_im/r_prod_mult_reg[24].
DSP Report: Generating DSP u_input_window_im/r_prod_mult_reg[23], operation Mode is: (ACIN2*B)'.
DSP Report: register u_input_window_im/r_shiftreg_reg[23] is absorbed into DSP u_input_window_im/r_prod_mult_reg[23].
DSP Report: register u_input_window_im/r_prod_mult_reg[23] is absorbed into DSP u_input_window_im/r_prod_mult_reg[23].
DSP Report: operator p_0_out is absorbed into DSP u_input_window_im/r_prod_mult_reg[23].
DSP Report: Generating DSP u_input_window_im/r_prod_mult_reg[22], operation Mode is: (ACIN2*B)'.
DSP Report: register u_input_window_im/r_shiftreg_reg[22] is absorbed into DSP u_input_window_im/r_prod_mult_reg[22].
DSP Report: register u_input_window_im/r_prod_mult_reg[22] is absorbed into DSP u_input_window_im/r_prod_mult_reg[22].
DSP Report: operator p_0_out is absorbed into DSP u_input_window_im/r_prod_mult_reg[22].
DSP Report: Generating DSP u_input_window_im/r_prod_mult_reg[21], operation Mode is: (ACIN2*B)'.
DSP Report: register u_input_window_im/r_shiftreg_reg[21] is absorbed into DSP u_input_window_im/r_prod_mult_reg[21].
DSP Report: register u_input_window_im/r_prod_mult_reg[21] is absorbed into DSP u_input_window_im/r_prod_mult_reg[21].
DSP Report: operator p_0_out is absorbed into DSP u_input_window_im/r_prod_mult_reg[21].
DSP Report: Generating DSP u_input_window_im/r_prod_mult_reg[20], operation Mode is: (ACIN2*B)'.
DSP Report: register u_input_window_im/r_shiftreg_reg[20] is absorbed into DSP u_input_window_im/r_prod_mult_reg[20].
DSP Report: register u_input_window_im/r_prod_mult_reg[20] is absorbed into DSP u_input_window_im/r_prod_mult_reg[20].
DSP Report: operator p_0_out is absorbed into DSP u_input_window_im/r_prod_mult_reg[20].
DSP Report: Generating DSP u_input_window_im/r_prod_mult_reg[19], operation Mode is: (ACIN2*B)'.
DSP Report: register u_input_window_im/r_shiftreg_reg[19] is absorbed into DSP u_input_window_im/r_prod_mult_reg[19].
DSP Report: register u_input_window_im/r_prod_mult_reg[19] is absorbed into DSP u_input_window_im/r_prod_mult_reg[19].
DSP Report: operator p_0_out is absorbed into DSP u_input_window_im/r_prod_mult_reg[19].
DSP Report: Generating DSP u_input_window_im/r_prod_mult_reg[18], operation Mode is: (ACIN2*B)'.
DSP Report: register u_input_window_im/r_shiftreg_reg[18] is absorbed into DSP u_input_window_im/r_prod_mult_reg[18].
DSP Report: register u_input_window_im/r_prod_mult_reg[18] is absorbed into DSP u_input_window_im/r_prod_mult_reg[18].
DSP Report: operator p_0_out is absorbed into DSP u_input_window_im/r_prod_mult_reg[18].
DSP Report: Generating DSP u_input_window_im/r_prod_mult_reg[17], operation Mode is: (ACIN2*B)'.
DSP Report: register u_input_window_im/r_shiftreg_reg[17] is absorbed into DSP u_input_window_im/r_prod_mult_reg[17].
DSP Report: register u_input_window_im/r_prod_mult_reg[17] is absorbed into DSP u_input_window_im/r_prod_mult_reg[17].
DSP Report: operator p_0_out is absorbed into DSP u_input_window_im/r_prod_mult_reg[17].
DSP Report: Generating DSP u_input_window_im/r_prod_mult_reg[16], operation Mode is: (ACIN2*(B:0x7f))'.
DSP Report: register u_input_window_im/r_shiftreg_reg[16] is absorbed into DSP u_input_window_im/r_prod_mult_reg[16].
DSP Report: register u_input_window_im/r_prod_mult_reg[16] is absorbed into DSP u_input_window_im/r_prod_mult_reg[16].
DSP Report: operator p_0_out is absorbed into DSP u_input_window_im/r_prod_mult_reg[16].
DSP Report: Generating DSP u_input_window_im/r_prod_mult_reg[15], operation Mode is: (ACIN2*(B:0x7f))'.
DSP Report: register u_input_window_im/r_shiftreg_reg[15] is absorbed into DSP u_input_window_im/r_prod_mult_reg[15].
DSP Report: register u_input_window_im/r_prod_mult_reg[15] is absorbed into DSP u_input_window_im/r_prod_mult_reg[15].
DSP Report: operator p_0_out is absorbed into DSP u_input_window_im/r_prod_mult_reg[15].
DSP Report: Generating DSP u_input_window_im/r_prod_mult_reg[14], operation Mode is: (ACIN2*B)'.
DSP Report: register u_input_window_im/r_shiftreg_reg[14] is absorbed into DSP u_input_window_im/r_prod_mult_reg[14].
DSP Report: register u_input_window_im/r_prod_mult_reg[14] is absorbed into DSP u_input_window_im/r_prod_mult_reg[14].
DSP Report: operator p_0_out is absorbed into DSP u_input_window_im/r_prod_mult_reg[14].
DSP Report: Generating DSP u_input_window_im/r_prod_mult_reg[13], operation Mode is: (ACIN2*B)'.
DSP Report: register u_input_window_im/r_shiftreg_reg[13] is absorbed into DSP u_input_window_im/r_prod_mult_reg[13].
DSP Report: register u_input_window_im/r_prod_mult_reg[13] is absorbed into DSP u_input_window_im/r_prod_mult_reg[13].
DSP Report: operator p_0_out is absorbed into DSP u_input_window_im/r_prod_mult_reg[13].
DSP Report: Generating DSP u_input_window_im/r_prod_mult_reg[12], operation Mode is: (ACIN2*B)'.
DSP Report: register u_input_window_im/r_shiftreg_reg[12] is absorbed into DSP u_input_window_im/r_prod_mult_reg[12].
DSP Report: register u_input_window_im/r_prod_mult_reg[12] is absorbed into DSP u_input_window_im/r_prod_mult_reg[12].
DSP Report: operator p_0_out is absorbed into DSP u_input_window_im/r_prod_mult_reg[12].
DSP Report: Generating DSP u_input_window_im/r_prod_mult_reg[11], operation Mode is: (ACIN2*B)'.
DSP Report: register u_input_window_im/r_shiftreg_reg[11] is absorbed into DSP u_input_window_im/r_prod_mult_reg[11].
DSP Report: register u_input_window_im/r_prod_mult_reg[11] is absorbed into DSP u_input_window_im/r_prod_mult_reg[11].
DSP Report: operator p_0_out is absorbed into DSP u_input_window_im/r_prod_mult_reg[11].
DSP Report: Generating DSP u_input_window_im/r_prod_mult_reg[10], operation Mode is: (ACIN2*B)'.
DSP Report: register u_input_window_im/r_shiftreg_reg[10] is absorbed into DSP u_input_window_im/r_prod_mult_reg[10].
DSP Report: register u_input_window_im/r_prod_mult_reg[10] is absorbed into DSP u_input_window_im/r_prod_mult_reg[10].
DSP Report: operator p_0_out is absorbed into DSP u_input_window_im/r_prod_mult_reg[10].
DSP Report: Generating DSP u_input_window_im/r_prod_mult_reg[9], operation Mode is: (ACIN2*B)'.
DSP Report: register u_input_window_im/r_shiftreg_reg[9] is absorbed into DSP u_input_window_im/r_prod_mult_reg[9].
DSP Report: register u_input_window_im/r_prod_mult_reg[9] is absorbed into DSP u_input_window_im/r_prod_mult_reg[9].
DSP Report: operator p_0_out is absorbed into DSP u_input_window_im/r_prod_mult_reg[9].
DSP Report: Generating DSP u_input_window_im/r_prod_mult_reg[8], operation Mode is: (ACIN2*B)'.
DSP Report: register u_input_window_im/r_shiftreg_reg[8] is absorbed into DSP u_input_window_im/r_prod_mult_reg[8].
DSP Report: register u_input_window_im/r_prod_mult_reg[8] is absorbed into DSP u_input_window_im/r_prod_mult_reg[8].
DSP Report: operator p_0_out is absorbed into DSP u_input_window_im/r_prod_mult_reg[8].
DSP Report: Generating DSP u_input_window_im/r_prod_mult_reg[7], operation Mode is: (ACIN2*B)'.
DSP Report: register u_input_window_im/r_shiftreg_reg[7] is absorbed into DSP u_input_window_im/r_prod_mult_reg[7].
DSP Report: register u_input_window_im/r_prod_mult_reg[7] is absorbed into DSP u_input_window_im/r_prod_mult_reg[7].
DSP Report: operator p_0_out is absorbed into DSP u_input_window_im/r_prod_mult_reg[7].
DSP Report: Generating DSP u_input_window_im/r_prod_mult_reg[6], operation Mode is: (ACIN2*B)'.
DSP Report: register u_input_window_im/r_shiftreg_reg[6] is absorbed into DSP u_input_window_im/r_prod_mult_reg[6].
DSP Report: register u_input_window_im/r_prod_mult_reg[6] is absorbed into DSP u_input_window_im/r_prod_mult_reg[6].
DSP Report: operator p_0_out is absorbed into DSP u_input_window_im/r_prod_mult_reg[6].
DSP Report: Generating DSP u_input_window_im/r_prod_mult_reg[5], operation Mode is: (ACIN2*B)'.
DSP Report: register u_input_window_im/r_shiftreg_reg[5] is absorbed into DSP u_input_window_im/r_prod_mult_reg[5].
DSP Report: register u_input_window_im/r_prod_mult_reg[5] is absorbed into DSP u_input_window_im/r_prod_mult_reg[5].
DSP Report: operator p_0_out is absorbed into DSP u_input_window_im/r_prod_mult_reg[5].
DSP Report: Generating DSP u_input_window_im/r_prod_mult_reg[4], operation Mode is: (ACIN2*B)'.
DSP Report: register u_input_window_im/r_shiftreg_reg[4] is absorbed into DSP u_input_window_im/r_prod_mult_reg[4].
DSP Report: register u_input_window_im/r_prod_mult_reg[4] is absorbed into DSP u_input_window_im/r_prod_mult_reg[4].
DSP Report: operator p_0_out is absorbed into DSP u_input_window_im/r_prod_mult_reg[4].
DSP Report: Generating DSP u_input_window_im/r_prod_mult_reg[3], operation Mode is: (ACIN2*B)'.
DSP Report: register u_input_window_im/r_shiftreg_reg[3] is absorbed into DSP u_input_window_im/r_prod_mult_reg[3].
DSP Report: register u_input_window_im/r_prod_mult_reg[3] is absorbed into DSP u_input_window_im/r_prod_mult_reg[3].
DSP Report: operator p_0_out is absorbed into DSP u_input_window_im/r_prod_mult_reg[3].
DSP Report: Generating DSP u_input_window_im/r_prod_mult_reg[2], operation Mode is: (ACIN2*B)'.
DSP Report: register u_input_window_im/r_shiftreg_reg[2] is absorbed into DSP u_input_window_im/r_prod_mult_reg[2].
DSP Report: register u_input_window_im/r_prod_mult_reg[2] is absorbed into DSP u_input_window_im/r_prod_mult_reg[2].
DSP Report: operator p_0_out is absorbed into DSP u_input_window_im/r_prod_mult_reg[2].
DSP Report: Generating DSP u_input_window_im/r_prod_mult_reg[1], operation Mode is: (ACIN2*B)'.
DSP Report: register u_input_window_im/r_shiftreg_reg[1] is absorbed into DSP u_input_window_im/r_prod_mult_reg[1].
DSP Report: register u_input_window_im/r_prod_mult_reg[1] is absorbed into DSP u_input_window_im/r_prod_mult_reg[1].
DSP Report: operator p_0_out is absorbed into DSP u_input_window_im/r_prod_mult_reg[1].
DSP Report: Generating DSP u_input_window_im/r_prod_mult_reg[0], operation Mode is: (ACIN2*B)'.
DSP Report: register u_input_window_im/r_shiftreg_reg[0] is absorbed into DSP u_input_window_im/r_prod_mult_reg[0].
DSP Report: register u_input_window_im/r_prod_mult_reg[0] is absorbed into DSP u_input_window_im/r_prod_mult_reg[0].
DSP Report: operator p_0_out is absorbed into DSP u_input_window_im/r_prod_mult_reg[0].
DSP Report: Generating DSP p_0_out, operation Mode is: A2*B.
DSP Report: register p_0_out is absorbed into DSP p_0_out.
DSP Report: operator p_0_out is absorbed into DSP p_0_out.
DSP Report: operator p_0_out is absorbed into DSP p_0_out.
DSP Report: Generating DSP r_square_im_reg[0], operation Mode is: (PCIN>>17)+A*B.
DSP Report: register r_square_im_reg[0] is absorbed into DSP r_square_im_reg[0].
DSP Report: operator p_0_out is absorbed into DSP r_square_im_reg[0].
DSP Report: operator p_0_out is absorbed into DSP r_square_im_reg[0].
DSP Report: Generating DSP p_0_out, operation Mode is: A2*B2.
DSP Report: register p_0_out is absorbed into DSP p_0_out.
DSP Report: register p_0_out is absorbed into DSP p_0_out.
DSP Report: operator p_0_out is absorbed into DSP p_0_out.
DSP Report: operator p_0_out is absorbed into DSP p_0_out.
DSP Report: Generating DSP r_square_im_reg[0], operation Mode is: (PCIN>>17)+A2*B.
DSP Report: register r_square_im_reg[0] is absorbed into DSP r_square_im_reg[0].
DSP Report: register r_square_im_reg[0] is absorbed into DSP r_square_im_reg[0].
DSP Report: operator p_0_out is absorbed into DSP r_square_im_reg[0].
DSP Report: operator p_0_out is absorbed into DSP r_square_im_reg[0].
DSP Report: Generating DSP p_0_out, operation Mode is: A2*B.
DSP Report: register p_0_out is absorbed into DSP p_0_out.
DSP Report: operator p_0_out is absorbed into DSP p_0_out.
DSP Report: operator p_0_out is absorbed into DSP p_0_out.
DSP Report: Generating DSP r_square_re_reg[0], operation Mode is: (PCIN>>17)+A*B.
DSP Report: register r_square_re_reg[0] is absorbed into DSP r_square_re_reg[0].
DSP Report: operator p_0_out is absorbed into DSP r_square_re_reg[0].
DSP Report: operator p_0_out is absorbed into DSP r_square_re_reg[0].
DSP Report: Generating DSP p_0_out, operation Mode is: A2*B2.
DSP Report: register p_0_out is absorbed into DSP p_0_out.
DSP Report: register p_0_out is absorbed into DSP p_0_out.
DSP Report: operator p_0_out is absorbed into DSP p_0_out.
DSP Report: operator p_0_out is absorbed into DSP p_0_out.
DSP Report: Generating DSP r_square_re_reg[0], operation Mode is: (PCIN>>17)+A2*B.
DSP Report: register r_square_re_reg[0] is absorbed into DSP r_square_re_reg[0].
DSP Report: register r_square_re_reg[0] is absorbed into DSP r_square_re_reg[0].
DSP Report: operator p_0_out is absorbed into DSP r_square_re_reg[0].
DSP Report: operator p_0_out is absorbed into DSP r_square_re_reg[0].
DSP Report: Generating DSP p_0_out, operation Mode is: A2*B.
DSP Report: register p_0_out is absorbed into DSP p_0_out.
DSP Report: operator p_0_out is absorbed into DSP p_0_out.
DSP Report: operator p_0_out is absorbed into DSP p_0_out.
DSP Report: Generating DSP r_square_im_reg[1], operation Mode is: (PCIN>>17)+A*B.
DSP Report: register r_square_im_reg[1] is absorbed into DSP r_square_im_reg[1].
DSP Report: operator p_0_out is absorbed into DSP r_square_im_reg[1].
DSP Report: operator p_0_out is absorbed into DSP r_square_im_reg[1].
DSP Report: Generating DSP p_0_out, operation Mode is: A2*B2.
DSP Report: register p_0_out is absorbed into DSP p_0_out.
DSP Report: register p_0_out is absorbed into DSP p_0_out.
DSP Report: operator p_0_out is absorbed into DSP p_0_out.
DSP Report: operator p_0_out is absorbed into DSP p_0_out.
DSP Report: Generating DSP r_square_im_reg[1], operation Mode is: (PCIN>>17)+A2*B.
DSP Report: register r_square_im_reg[1] is absorbed into DSP r_square_im_reg[1].
DSP Report: register r_square_im_reg[1] is absorbed into DSP r_square_im_reg[1].
DSP Report: operator p_0_out is absorbed into DSP r_square_im_reg[1].
DSP Report: operator p_0_out is absorbed into DSP r_square_im_reg[1].
DSP Report: Generating DSP p_0_out, operation Mode is: A2*B.
DSP Report: register p_0_out is absorbed into DSP p_0_out.
DSP Report: operator p_0_out is absorbed into DSP p_0_out.
DSP Report: operator p_0_out is absorbed into DSP p_0_out.
DSP Report: Generating DSP r_square_re_reg[1], operation Mode is: (PCIN>>17)+A*B.
DSP Report: register r_square_re_reg[1] is absorbed into DSP r_square_re_reg[1].
DSP Report: operator p_0_out is absorbed into DSP r_square_re_reg[1].
DSP Report: operator p_0_out is absorbed into DSP r_square_re_reg[1].
DSP Report: Generating DSP p_0_out, operation Mode is: A2*B2.
DSP Report: register p_0_out is absorbed into DSP p_0_out.
DSP Report: register p_0_out is absorbed into DSP p_0_out.
DSP Report: operator p_0_out is absorbed into DSP p_0_out.
DSP Report: operator p_0_out is absorbed into DSP p_0_out.
DSP Report: Generating DSP r_square_re_reg[1], operation Mode is: (PCIN>>17)+A2*B.
DSP Report: register r_square_re_reg[1] is absorbed into DSP r_square_re_reg[1].
DSP Report: register r_square_re_reg[1] is absorbed into DSP r_square_re_reg[1].
DSP Report: operator p_0_out is absorbed into DSP r_square_re_reg[1].
DSP Report: operator p_0_out is absorbed into DSP r_square_re_reg[1].
DSP Report: Generating DSP p_0_out, operation Mode is: A2*B.
DSP Report: register p_0_out is absorbed into DSP p_0_out.
DSP Report: operator p_0_out is absorbed into DSP p_0_out.
DSP Report: operator p_0_out is absorbed into DSP p_0_out.
DSP Report: Generating DSP r_square_im_reg[2], operation Mode is: (PCIN>>17)+A*B.
DSP Report: register r_square_im_reg[2] is absorbed into DSP r_square_im_reg[2].
DSP Report: operator p_0_out is absorbed into DSP r_square_im_reg[2].
DSP Report: operator p_0_out is absorbed into DSP r_square_im_reg[2].
DSP Report: Generating DSP p_0_out, operation Mode is: A2*B2.
DSP Report: register p_0_out is absorbed into DSP p_0_out.
DSP Report: register p_0_out is absorbed into DSP p_0_out.
DSP Report: operator p_0_out is absorbed into DSP p_0_out.
DSP Report: operator p_0_out is absorbed into DSP p_0_out.
DSP Report: Generating DSP r_square_im_reg[2], operation Mode is: (PCIN>>17)+A2*B.
DSP Report: register r_square_im_reg[2] is absorbed into DSP r_square_im_reg[2].
DSP Report: register r_square_im_reg[2] is absorbed into DSP r_square_im_reg[2].
DSP Report: operator p_0_out is absorbed into DSP r_square_im_reg[2].
DSP Report: operator p_0_out is absorbed into DSP r_square_im_reg[2].
DSP Report: Generating DSP p_0_out, operation Mode is: A2*B.
DSP Report: register p_0_out is absorbed into DSP p_0_out.
DSP Report: operator p_0_out is absorbed into DSP p_0_out.
DSP Report: operator p_0_out is absorbed into DSP p_0_out.
DSP Report: Generating DSP r_square_re_reg[2], operation Mode is: (PCIN>>17)+A*B.
DSP Report: register r_square_re_reg[2] is absorbed into DSP r_square_re_reg[2].
DSP Report: operator p_0_out is absorbed into DSP r_square_re_reg[2].
DSP Report: operator p_0_out is absorbed into DSP r_square_re_reg[2].
DSP Report: Generating DSP p_0_out, operation Mode is: A2*B2.
DSP Report: register p_0_out is absorbed into DSP p_0_out.
DSP Report: register p_0_out is absorbed into DSP p_0_out.
DSP Report: operator p_0_out is absorbed into DSP p_0_out.
DSP Report: operator p_0_out is absorbed into DSP p_0_out.
DSP Report: Generating DSP r_square_re_reg[2], operation Mode is: (PCIN>>17)+A2*B.
DSP Report: register r_square_re_reg[2] is absorbed into DSP r_square_re_reg[2].
DSP Report: register r_square_re_reg[2] is absorbed into DSP r_square_re_reg[2].
DSP Report: operator p_0_out is absorbed into DSP r_square_re_reg[2].
DSP Report: operator p_0_out is absorbed into DSP r_square_re_reg[2].
DSP Report: Generating DSP p_0_out, operation Mode is: A2*B.
DSP Report: register p_0_out is absorbed into DSP p_0_out.
DSP Report: operator p_0_out is absorbed into DSP p_0_out.
DSP Report: operator p_0_out is absorbed into DSP p_0_out.
DSP Report: Generating DSP r_square_im_reg[3], operation Mode is: (PCIN>>17)+A*B.
DSP Report: register r_square_im_reg[3] is absorbed into DSP r_square_im_reg[3].
DSP Report: operator p_0_out is absorbed into DSP r_square_im_reg[3].
DSP Report: operator p_0_out is absorbed into DSP r_square_im_reg[3].
DSP Report: Generating DSP p_0_out, operation Mode is: A2*B2.
DSP Report: register p_0_out is absorbed into DSP p_0_out.
DSP Report: register p_0_out is absorbed into DSP p_0_out.
DSP Report: operator p_0_out is absorbed into DSP p_0_out.
DSP Report: operator p_0_out is absorbed into DSP p_0_out.
DSP Report: Generating DSP r_square_im_reg[3], operation Mode is: (PCIN>>17)+A2*B.
DSP Report: register r_square_im_reg[3] is absorbed into DSP r_square_im_reg[3].
DSP Report: register r_square_im_reg[3] is absorbed into DSP r_square_im_reg[3].
DSP Report: operator p_0_out is absorbed into DSP r_square_im_reg[3].
DSP Report: operator p_0_out is absorbed into DSP r_square_im_reg[3].
DSP Report: Generating DSP p_0_out, operation Mode is: A2*B.
DSP Report: register p_0_out is absorbed into DSP p_0_out.
DSP Report: operator p_0_out is absorbed into DSP p_0_out.
DSP Report: operator p_0_out is absorbed into DSP p_0_out.
DSP Report: Generating DSP r_square_re_reg[3], operation Mode is: (PCIN>>17)+A*B.
DSP Report: register r_square_re_reg[3] is absorbed into DSP r_square_re_reg[3].
DSP Report: operator p_0_out is absorbed into DSP r_square_re_reg[3].
DSP Report: operator p_0_out is absorbed into DSP r_square_re_reg[3].
DSP Report: Generating DSP p_0_out, operation Mode is: A2*B2.
DSP Report: register p_0_out is absorbed into DSP p_0_out.
DSP Report: register p_0_out is absorbed into DSP p_0_out.
DSP Report: operator p_0_out is absorbed into DSP p_0_out.
DSP Report: operator p_0_out is absorbed into DSP p_0_out.
DSP Report: Generating DSP r_square_re_reg[3], operation Mode is: (PCIN>>17)+A2*B.
DSP Report: register r_square_re_reg[3] is absorbed into DSP r_square_re_reg[3].
DSP Report: register r_square_re_reg[3] is absorbed into DSP r_square_re_reg[3].
DSP Report: operator p_0_out is absorbed into DSP r_square_re_reg[3].
DSP Report: operator p_0_out is absorbed into DSP r_square_re_reg[3].
WARNING: [Synth 8-3332] Sequential element (u_fam_detector/u_threshold_calculator/r_var_sq_reg[47]) is unused and will be removed from module fam_detector_system_top.
WARNING: [Synth 8-3332] Sequential element (u_fam_detector/u_threshold_calculator/r_var_sq_reg[46]) is unused and will be removed from module fam_detector_system_top.
WARNING: [Synth 8-3332] Sequential element (u_fam_detector/u_threshold_calculator/r_var_sq_reg[45]) is unused and will be removed from module fam_detector_system_top.
WARNING: [Synth 8-3332] Sequential element (u_fam_detector/u_threshold_calculator/r_var_sq_reg[44]) is unused and will be removed from module fam_detector_system_top.
WARNING: [Synth 8-3332] Sequential element (u_fam_detector/u_threshold_calculator/r_var_sq_reg[43]) is unused and will be removed from module fam_detector_system_top.
WARNING: [Synth 8-3332] Sequential element (u_fam_detector/u_threshold_calculator/r_var_sq_reg[42]) is unused and will be removed from module fam_detector_system_top.
WARNING: [Synth 8-3332] Sequential element (u_fam_detector/u_threshold_calculator/r_var_sq_reg[41]) is unused and will be removed from module fam_detector_system_top.
WARNING: [Synth 8-3332] Sequential element (u_fam_detector/u_threshold_calculator/r_var_sq_reg[40]) is unused and will be removed from module fam_detector_system_top.
WARNING: [Synth 8-3332] Sequential element (u_fam_detector/u_threshold_calculator/r_var_sq_reg[39]) is unused and will be removed from module fam_detector_system_top.
WARNING: [Synth 8-3332] Sequential element (u_fam_detector/u_threshold_calculator/r_var_sq_reg[38]) is unused and will be removed from module fam_detector_system_top.
WARNING: [Synth 8-3332] Sequential element (u_fam_detector/u_threshold_calculator/r_var_sq_reg[37]) is unused and will be removed from module fam_detector_system_top.
WARNING: [Synth 8-3332] Sequential element (u_fam_detector/u_threshold_calculator/r_var_sq_reg[36]) is unused and will be removed from module fam_detector_system_top.
WARNING: [Synth 8-3332] Sequential element (u_fam_detector/u_threshold_calculator/r_var_sq_reg[35]) is unused and will be removed from module fam_detector_system_top.
WARNING: [Synth 8-3332] Sequential element (u_fam_detector/u_threshold_calculator/r_var_sq_reg[34]) is unused and will be removed from module fam_detector_system_top.
WARNING: [Synth 8-3332] Sequential element (u_fam_detector/u_threshold_calculator/r_var_sq_reg[33]) is unused and will be removed from module fam_detector_system_top.
WARNING: [Synth 8-3332] Sequential element (u_fam_detector/u_threshold_calculator/r_var_sq_reg[32]) is unused and will be removed from module fam_detector_system_top.
WARNING: [Synth 8-3332] Sequential element (u_fam_detector/u_threshold_calculator/r_var_sq_reg[31]) is unused and will be removed from module fam_detector_system_top.
WARNING: [Synth 8-3332] Sequential element (u_fam_detector/u_threshold_calculator/r_var_sq_reg[30]) is unused and will be removed from module fam_detector_system_top.
WARNING: [Synth 8-3332] Sequential element (u_fam_detector/u_threshold_calculator/r_var_sq_reg[29]) is unused and will be removed from module fam_detector_system_top.
WARNING: [Synth 8-3332] Sequential element (u_fam_detector/u_threshold_calculator/r_var_sq_reg[28]) is unused and will be removed from module fam_detector_system_top.
WARNING: [Synth 8-3332] Sequential element (u_fam_detector/u_threshold_calculator/r_var_sq_reg[27]) is unused and will be removed from module fam_detector_system_top.
WARNING: [Synth 8-3332] Sequential element (u_fam_detector/u_threshold_calculator/r_var_sq_reg[26]) is unused and will be removed from module fam_detector_system_top.
WARNING: [Synth 8-3332] Sequential element (u_fam_detector/u_threshold_calculator/r_var_sq_reg[25]) is unused and will be removed from module fam_detector_system_top.
WARNING: [Synth 8-3332] Sequential element (u_fam_detector/u_threshold_calculator/r_var_sq_reg[24]) is unused and will be removed from module fam_detector_system_top.
WARNING: [Synth 8-3332] Sequential element (u_fam_detector/u_threshold_calculator/r_var_sq_reg[23]) is unused and will be removed from module fam_detector_system_top.
WARNING: [Synth 8-3332] Sequential element (u_fam_detector/u_threshold_calculator/r_var_sq_reg[22]) is unused and will be removed from module fam_detector_system_top.
WARNING: [Synth 8-3332] Sequential element (u_fam_detector/u_threshold_calculator/r_var_sq_reg[21]) is unused and will be removed from module fam_detector_system_top.
WARNING: [Synth 8-3332] Sequential element (u_fam_detector/u_threshold_calculator/r_var_sq_reg[20]) is unused and will be removed from module fam_detector_system_top.
WARNING: [Synth 8-3332] Sequential element (u_fam_detector/u_threshold_calculator/r_var_sq_reg[19]) is unused and will be removed from module fam_detector_system_top.
WARNING: [Synth 8-3332] Sequential element (u_fam_detector/u_threshold_calculator/r_var_sq_reg[18]) is unused and will be removed from module fam_detector_system_top.
WARNING: [Synth 8-3332] Sequential element (u_fam_detector/u_threshold_calculator/r_var_sq_reg[17]) is unused and will be removed from module fam_detector_system_top.
WARNING: [Synth 8-3332] Sequential element (u_fam_detector/u_threshold_calculator/r_var_sq_reg[47]__0) is unused and will be removed from module fam_detector_system_top.
WARNING: [Synth 8-3332] Sequential element (u_fam_detector/u_threshold_calculator/r_var_sq_reg[46]__0) is unused and will be removed from module fam_detector_system_top.
WARNING: [Synth 8-3332] Sequential element (u_fam_detector/u_threshold_calculator/r_var_sq_reg[45]__0) is unused and will be removed from module fam_detector_system_top.
WARNING: [Synth 8-3332] Sequential element (u_fam_detector/u_threshold_calculator/r_var_sq_reg[44]__0) is unused and will be removed from module fam_detector_system_top.
WARNING: [Synth 8-3332] Sequential element (u_fam_detector/u_threshold_calculator/r_var_sq_reg[43]__0) is unused and will be removed from module fam_detector_system_top.
WARNING: [Synth 8-3332] Sequential element (u_fam_detector/u_threshold_calculator/r_var_sq_reg[42]__0) is unused and will be removed from module fam_detector_system_top.
WARNING: [Synth 8-3332] Sequential element (u_fam_detector/u_threshold_calculator/r_var_sq_reg[41]__0) is unused and will be removed from module fam_detector_system_top.
WARNING: [Synth 8-3332] Sequential element (u_fam_detector/u_threshold_calculator/r_var_sq_reg[40]__0) is unused and will be removed from module fam_detector_system_top.
WARNING: [Synth 8-3332] Sequential element (u_fam_detector/u_threshold_calculator/r_var_sq_reg[39]__0) is unused and will be removed from module fam_detector_system_top.
WARNING: [Synth 8-3332] Sequential element (u_fam_detector/u_threshold_calculator/r_var_sq_reg[38]__0) is unused and will be removed from module fam_detector_system_top.
WARNING: [Synth 8-3332] Sequential element (u_fam_detector/u_threshold_calculator/r_var_sq_reg[37]__0) is unused and will be removed from module fam_detector_system_top.
WARNING: [Synth 8-3332] Sequential element (u_fam_detector/u_threshold_calculator/r_var_sq_reg[36]__0) is unused and will be removed from module fam_detector_system_top.
WARNING: [Synth 8-3332] Sequential element (u_fam_detector/u_threshold_calculator/r_var_sq_reg[35]__0) is unused and will be removed from module fam_detector_system_top.
WARNING: [Synth 8-3332] Sequential element (u_fam_detector/u_threshold_calculator/r_var_sq_reg[34]__0) is unused and will be removed from module fam_detector_system_top.
WARNING: [Synth 8-3332] Sequential element (u_fam_detector/u_threshold_calculator/r_var_sq_reg[33]__0) is unused and will be removed from module fam_detector_system_top.
WARNING: [Synth 8-3332] Sequential element (u_fam_detector/u_threshold_calculator/r_var_sq_reg[32]__0) is unused and will be removed from module fam_detector_system_top.
WARNING: [Synth 8-3332] Sequential element (u_fam_detector/u_threshold_calculator/r_var_sq_reg[31]__0) is unused and will be removed from module fam_detector_system_top.
WARNING: [Synth 8-3332] Sequential element (u_fam_detector/u_threshold_calculator/r_var_sq_reg[30]__0) is unused and will be removed from module fam_detector_system_top.
WARNING: [Synth 8-3332] Sequential element (u_fam_detector/u_threshold_calculator/r_var_sq_reg[29]__0) is unused and will be removed from module fam_detector_system_top.
WARNING: [Synth 8-3332] Sequential element (u_fam_detector/u_threshold_calculator/r_var_sq_reg[28]__0) is unused and will be removed from module fam_detector_system_top.
WARNING: [Synth 8-3332] Sequential element (u_fam_detector/u_threshold_calculator/r_var_sq_reg[27]__0) is unused and will be removed from module fam_detector_system_top.
WARNING: [Synth 8-3332] Sequential element (u_fam_detector/u_threshold_calculator/r_var_sq_reg[26]__0) is unused and will be removed from module fam_detector_system_top.
WARNING: [Synth 8-3332] Sequential element (u_fam_detector/u_threshold_calculator/r_var_sq_reg[25]__0) is unused and will be removed from module fam_detector_system_top.
WARNING: [Synth 8-3332] Sequential element (u_fam_detector/u_threshold_calculator/r_var_sq_reg[24]__0) is unused and will be removed from module fam_detector_system_top.
WARNING: [Synth 8-3332] Sequential element (u_fam_detector/u_threshold_calculator/r_var_sq_reg[23]__0) is unused and will be removed from module fam_detector_system_top.
WARNING: [Synth 8-3332] Sequential element (u_fam_detector/u_threshold_calculator/r_var_sq_reg[22]__0) is unused and will be removed from module fam_detector_system_top.
WARNING: [Synth 8-3332] Sequential element (u_fam_detector/u_threshold_calculator/r_var_sq_reg[21]__0) is unused and will be removed from module fam_detector_system_top.
WARNING: [Synth 8-3332] Sequential element (u_fam_detector/u_threshold_calculator/r_var_sq_reg[20]__0) is unused and will be removed from module fam_detector_system_top.
WARNING: [Synth 8-3332] Sequential element (u_fam_detector/u_threshold_calculator/r_var_sq_reg[19]__0) is unused and will be removed from module fam_detector_system_top.
WARNING: [Synth 8-3332] Sequential element (u_fam_detector/u_threshold_calculator/r_var_sq_reg[18]__0) is unused and will be removed from module fam_detector_system_top.
WARNING: [Synth 8-3332] Sequential element (u_fam_detector/u_threshold_calculator/r_var_sq_reg[17]__0) is unused and will be removed from module fam_detector_system_top.
WARNING: [Synth 8-3332] Sequential element (u_fam_detector/u_detection_compare/r_square_im_reg[0][47]) is unused and will be removed from module fam_detector_system_top.
WARNING: [Synth 8-3332] Sequential element (u_fam_detector/u_detection_compare/r_square_im_reg[0][46]) is unused and will be removed from module fam_detector_system_top.
WARNING: [Synth 8-3332] Sequential element (u_fam_detector/u_detection_compare/r_square_im_reg[0][45]) is unused and will be removed from module fam_detector_system_top.
WARNING: [Synth 8-3332] Sequential element (u_fam_detector/u_detection_compare/r_square_im_reg[0][44]) is unused and will be removed from module fam_detector_system_top.
WARNING: [Synth 8-3332] Sequential element (u_fam_detector/u_detection_compare/r_square_im_reg[0][43]) is unused and will be removed from module fam_detector_system_top.
WARNING: [Synth 8-3332] Sequential element (u_fam_detector/u_detection_compare/r_square_im_reg[0][42]) is unused and will be removed from module fam_detector_system_top.
WARNING: [Synth 8-3332] Sequential element (u_fam_detector/u_detection_compare/r_square_im_reg[0][41]) is unused and will be removed from module fam_detector_system_top.
WARNING: [Synth 8-3332] Sequential element (u_fam_detector/u_detection_compare/r_square_im_reg[0][40]) is unused and will be removed from module fam_detector_system_top.
WARNING: [Synth 8-3332] Sequential element (u_fam_detector/u_detection_compare/r_square_im_reg[0][39]) is unused and will be removed from module fam_detector_system_top.
WARNING: [Synth 8-3332] Sequential element (u_fam_detector/u_detection_compare/r_square_im_reg[0][38]) is unused and will be removed from module fam_detector_system_top.
WARNING: [Synth 8-3332] Sequential element (u_fam_detector/u_detection_compare/r_square_im_reg[0][37]) is unused and will be removed from module fam_detector_system_top.
WARNING: [Synth 8-3332] Sequential element (u_fam_detector/u_detection_compare/r_square_im_reg[0][36]) is unused and will be removed from module fam_detector_system_top.
WARNING: [Synth 8-3332] Sequential element (u_fam_detector/u_detection_compare/r_square_im_reg[0][35]) is unused and will be removed from module fam_detector_system_top.
WARNING: [Synth 8-3332] Sequential element (u_fam_detector/u_detection_compare/r_square_im_reg[0][34]) is unused and will be removed from module fam_detector_system_top.
WARNING: [Synth 8-3332] Sequential element (u_fam_detector/u_detection_compare/r_square_im_reg[0][33]) is unused and will be removed from module fam_detector_system_top.
WARNING: [Synth 8-3332] Sequential element (u_fam_detector/u_detection_compare/r_square_im_reg[0][32]) is unused and will be removed from module fam_detector_system_top.
WARNING: [Synth 8-3332] Sequential element (u_fam_detector/u_detection_compare/r_square_im_reg[0][31]) is unused and will be removed from module fam_detector_system_top.
WARNING: [Synth 8-3332] Sequential element (u_fam_detector/u_detection_compare/r_square_im_reg[0][30]) is unused and will be removed from module fam_detector_system_top.
WARNING: [Synth 8-3332] Sequential element (u_fam_detector/u_detection_compare/r_square_im_reg[0][29]) is unused and will be removed from module fam_detector_system_top.
WARNING: [Synth 8-3332] Sequential element (u_fam_detector/u_detection_compare/r_square_im_reg[0][28]) is unused and will be removed from module fam_detector_system_top.
WARNING: [Synth 8-3332] Sequential element (u_fam_detector/u_detection_compare/r_square_im_reg[0][27]) is unused and will be removed from module fam_detector_system_top.
WARNING: [Synth 8-3332] Sequential element (u_fam_detector/u_detection_compare/r_square_im_reg[0][26]) is unused and will be removed from module fam_detector_system_top.
WARNING: [Synth 8-3332] Sequential element (u_fam_detector/u_detection_compare/r_square_im_reg[0][25]) is unused and will be removed from module fam_detector_system_top.
WARNING: [Synth 8-3332] Sequential element (u_fam_detector/u_detection_compare/r_square_im_reg[0][24]) is unused and will be removed from module fam_detector_system_top.
WARNING: [Synth 8-3332] Sequential element (u_fam_detector/u_detection_compare/r_square_im_reg[0][23]) is unused and will be removed from module fam_detector_system_top.
WARNING: [Synth 8-3332] Sequential element (u_fam_detector/u_detection_compare/r_square_im_reg[0][22]) is unused and will be removed from module fam_detector_system_top.
WARNING: [Synth 8-3332] Sequential element (u_fam_detector/u_detection_compare/r_square_im_reg[0][21]) is unused and will be removed from module fam_detector_system_top.
WARNING: [Synth 8-3332] Sequential element (u_fam_detector/u_detection_compare/r_square_im_reg[0][20]) is unused and will be removed from module fam_detector_system_top.
WARNING: [Synth 8-3332] Sequential element (u_fam_detector/u_detection_compare/r_square_im_reg[0][19]) is unused and will be removed from module fam_detector_system_top.
WARNING: [Synth 8-3332] Sequential element (u_fam_detector/u_detection_compare/r_square_im_reg[0][18]) is unused and will be removed from module fam_detector_system_top.
WARNING: [Synth 8-3332] Sequential element (u_fam_detector/u_detection_compare/r_square_im_reg[0][17]) is unused and will be removed from module fam_detector_system_top.
WARNING: [Synth 8-3332] Sequential element (u_fam_detector/u_detection_compare/r_square_im_reg[0][47]__0) is unused and will be removed from module fam_detector_system_top.
WARNING: [Synth 8-3332] Sequential element (u_fam_detector/u_detection_compare/r_square_im_reg[0][46]__0) is unused and will be removed from module fam_detector_system_top.
WARNING: [Synth 8-3332] Sequential element (u_fam_detector/u_detection_compare/r_square_im_reg[0][45]__0) is unused and will be removed from module fam_detector_system_top.
WARNING: [Synth 8-3332] Sequential element (u_fam_detector/u_detection_compare/r_square_im_reg[0][44]__0) is unused and will be removed from module fam_detector_system_top.
WARNING: [Synth 8-3332] Sequential element (u_fam_detector/u_detection_compare/r_square_im_reg[0][43]__0) is unused and will be removed from module fam_detector_system_top.
WARNING: [Synth 8-3332] Sequential element (u_fam_detector/u_detection_compare/r_square_im_reg[0][42]__0) is unused and will be removed from module fam_detector_system_top.
WARNING: [Synth 8-3332] Sequential element (u_fam_detector/u_detection_compare/r_square_im_reg[0][41]__0) is unused and will be removed from module fam_detector_system_top.
INFO: [Common 17-14] Message 'Synth 8-3332' appears 100 times and further instances of the messages will be disabled. Use the Tcl command set_msg_config to change the current settings.
---------------------------------------------------------------------------------
Finished Cross Boundary and Area Optimization : Time (s): cpu = 00:00:33 ; elapsed = 00:00:37 . Memory (MB): peak = 1580.512 ; gain = 674.492
---------------------------------------------------------------------------------
---------------------------------------------------------------------------------
Start ROM, RAM, DSP, Shift Register and Retiming Reporting
---------------------------------------------------------------------------------

ROM: Preliminary Mapping Report
+---------------------+------------------------------------+---------------+----------------+
|Module Name          | RTL Object                         | Depth x Width | Implemented As | 
+---------------------+------------------------------------+---------------+----------------+
|threshold_calculator | threshold_rom_inst/r_threshold_reg | 512x56        | Block RAM      | 
+---------------------+------------------------------------+---------------+----------------+


Block RAM: Preliminary Mapping Report (see note below)
+---------------------------------------------+-------------------------------------+------------------------+---+---+------------------------+---+---+------------------+--------+--------+
|Module Name                                  | RTL Object                          | PORT A (Depth x Width) | W | R | PORT B (Depth x Width) | W | R | Ports driving FF | RAMB18 | RAMB36 | 
+---------------------------------------------+-------------------------------------+------------------------+---+---+------------------------+---+---+------------------+--------+--------+
|fam_detector_system_top                      | u_comblock_adapter/r_sample_mem_reg | 1 K x 24(READ_FIRST)   | W |   | 1 K x 24(WRITE_FIRST)  |   | R | Port A and B     | 0      | 1      | 
|\u_fam_detector/u_second_stage /u_fft1_store | GEN_BANK_RAM[0].u_bank_ram/mem_reg  | 1 K x 32(READ_FIRST)   | W | R | 1 K x 32(WRITE_FIRST)  |   | R | Port A and B     | 0      | 1      | 
|\u_fam_detector/u_second_stage /u_fft1_store | GEN_BANK_RAM[1].u_bank_ram/mem_reg  | 1 K x 32(READ_FIRST)   | W | R | 1 K x 32(WRITE_FIRST)  |   | R | Port A and B     | 0      | 1      | 
|\u_fam_detector/u_second_stage /u_fft1_store | GEN_BANK_RAM[2].u_bank_ram/mem_reg  | 1 K x 32(READ_FIRST)   | W | R | 1 K x 32(WRITE_FIRST)  |   | R | Port A and B     | 0      | 1      | 
|\u_fam_detector/u_second_stage /u_fft1_store | GEN_BANK_RAM[3].u_bank_ram/mem_reg  | 1 K x 32(READ_FIRST)   | W | R | 1 K x 32(WRITE_FIRST)  |   | R | Port A and B     | 0      | 1      | 
+---------------------------------------------+-------------------------------------+------------------------+---+---+------------------------+---+---+------------------+--------+--------+

Note: The table above is a preliminary report that shows the Block RAMs at the current stage of the synthesis flow. Some Block RAMs may be reimplemented as non Block RAM primitives later in the synthesis flow. Multiple instantiated Block RAMs are reported only once. 

DSP: Preliminary Mapping Report (see note below. The ' indicates corresponding REG is set)
+---------------------------+-------------------+--------+--------+--------+--------+--------+------+------+------+------+-------+------+------+
|Module Name                | DSP Mapping       | A Size | B Size | C Size | D Size | P Size | AREG | BREG | CREG | DREG | ADREG | MREG | PREG | 
+---------------------------+-------------------+--------+--------+--------+--------+--------+------+------+------+------+-------+------+------+
|squarediffmacc_mod         | (A*B)'            | 12     | 12     | -      | -      | 24     | 0    | 0    | -    | -    | -     | 1    | 0    | 
|threshold_calculator       | A2*B2             | 18     | 17     | -      | -      | 48     | 1    | 1    | -    | -    | -     | 0    | 0    | 
|threshold_calculator       | (PCIN>>17)+A2*B2  | 17     | 17     | -      | -      | 48     | 1    | 1    | -    | -    | -     | 0    | 1    | 
|threshold_calculator       | A2*B2             | 18     | 18     | -      | -      | 48     | 1    | 1    | -    | -    | -     | 0    | 0    | 
|threshold_calculator       | (PCIN>>17)+A2*B2  | 18     | 17     | -      | -      | 48     | 1    | 1    | -    | -    | -     | 0    | 1    | 
|input_window_pipelined     | (A''*B)'          | 12     | 8      | -      | -      | 20     | 2    | 0    | -    | -    | -     | 1    | 0    | 
|input_window_pipelined     | (A2*B)'           | 12     | 8      | -      | -      | 20     | 1    | 0    | -    | -    | -     | 1    | 0    | 
|input_window_pipelined     | (ACIN''*B)'       | 12     | 8      | -      | -      | 20     | 2    | 0    | -    | -    | -     | 1    | 0    | 
|input_window_pipelined     | (ACIN2*B)'        | 12     | 8      | -      | -      | 20     | 1    | 0    | -    | -    | -     | 1    | 0    | 
|input_window_pipelined     | (ACIN2*B)'        | 12     | 8      | -      | -      | 20     | 1    | 0    | -    | -    | -     | 1    | 0    | 
|input_window_pipelined     | (ACIN2*B)'        | 12     | 8      | -      | -      | 20     | 1    | 0    | -    | -    | -     | 1    | 0    | 
|input_window_pipelined     | (ACIN2*B)'        | 12     | 8      | -      | -      | 20     | 1    | 0    | -    | -    | -     | 1    | 0    | 
|input_window_pipelined     | (ACIN2*B)'        | 12     | 8      | -      | -      | 20     | 1    | 0    | -    | -    | -     | 1    | 0    | 
|input_window_pipelined     | (ACIN2*B)'        | 12     | 8      | -      | -      | 20     | 1    | 0    | -    | -    | -     | 1    | 0    | 
|input_window_pipelined     | (ACIN2*B)'        | 12     | 8      | -      | -      | 20     | 1    | 0    | -    | -    | -     | 1    | 0    | 
|input_window_pipelined     | (ACIN2*B)'        | 12     | 8      | -      | -      | 20     | 1    | 0    | -    | -    | -     | 1    | 0    | 
|input_window_pipelined     | (ACIN2*B)'        | 12     | 8      | -      | -      | 20     | 1    | 0    | -    | -    | -     | 1    | 0    | 
|input_window_pipelined     | (ACIN2*B)'        | 12     | 8      | -      | -      | 20     | 1    | 0    | -    | -    | -     | 1    | 0    | 
|input_window_pipelined     | (ACIN2*B)'        | 12     | 8      | -      | -      | 20     | 1    | 0    | -    | -    | -     | 1    | 0    | 
|input_window_pipelined     | (ACIN2*B)'        | 12     | 8      | -      | -      | 20     | 1    | 0    | -    | -    | -     | 1    | 0    | 
|input_window_pipelined     | (ACIN2*(B:0x7f))' | 12     | 8      | -      | -      | 20     | 1    | 0    | -    | -    | -     | 1    | 0    | 
|input_window_pipelined     | (ACIN2*(B:0x7f))' | 12     | 8      | -      | -      | 20     | 1    | 0    | -    | -    | -     | 1    | 0    | 
|input_window_pipelined     | (ACIN2*B)'        | 12     | 8      | -      | -      | 20     | 1    | 0    | -    | -    | -     | 1    | 0    | 
|input_window_pipelined     | (ACIN2*B)'        | 12     | 8      | -      | -      | 20     | 1    | 0    | -    | -    | -     | 1    | 0    | 
|input_window_pipelined     | (ACIN2*B)'        | 12     | 8      | -      | -      | 20     | 1    | 0    | -    | -    | -     | 1    | 0    | 
|input_window_pipelined     | (ACIN2*B)'        | 12     | 8      | -      | -      | 20     | 1    | 0    | -    | -    | -     | 1    | 0    | 
|input_window_pipelined     | (ACIN2*B)'        | 12     | 8      | -      | -      | 20     | 1    | 0    | -    | -    | -     | 1    | 0    | 
|input_window_pipelined     | (ACIN2*B)'        | 12     | 8      | -      | -      | 20     | 1    | 0    | -    | -    | -     | 1    | 0    | 
|input_window_pipelined     | (ACIN2*B)'        | 12     | 8      | -      | -      | 20     | 1    | 0    | -    | -    | -     | 1    | 0    | 
|input_window_pipelined     | (ACIN2*B)'        | 12     | 8      | -      | -      | 20     | 1    | 0    | -    | -    | -     | 1    | 0    | 
|input_window_pipelined     | (ACIN2*B)'        | 12     | 8      | -      | -      | 20     | 1    | 0    | -    | -    | -     | 1    | 0    | 
|input_window_pipelined     | (ACIN2*B)'        | 12     | 8      | -      | -      | 20     | 1    | 0    | -    | -    | -     | 1    | 0    | 
|input_window_pipelined     | (ACIN2*B)'        | 12     | 8      | -      | -      | 20     | 1    | 0    | -    | -    | -     | 1    | 0    | 
|input_window_pipelined     | (ACIN2*B)'        | 12     | 8      | -      | -      | 20     | 1    | 0    | -    | -    | -     | 1    | 0    | 
|input_window_pipelined     | (ACIN2*B)'        | 12     | 8      | -      | -      | 20     | 1    | 0    | -    | -    | -     | 1    | 0    | 
|input_window_pipelined     | (ACIN2*B)'        | 12     | 8      | -      | -      | 20     | 1    | 0    | -    | -    | -     | 1    | 0    | 
|input_window_pipelined     | (ACIN2*B)'        | 12     | 8      | -      | -      | 20     | 1    | 0    | -    | -    | -     | 1    | 0    | 
|input_window_pipelined     | (A''*B)'          | 12     | 8      | -      | -      | 20     | 2    | 0    | -    | -    | -     | 1    | 0    | 
|input_window_pipelined     | (A2*B)'           | 12     | 8      | -      | -      | 20     | 1    | 0    | -    | -    | -     | 1    | 0    | 
|input_window_pipelined     | (ACIN''*B)'       | 12     | 8      | -      | -      | 20     | 2    | 0    | -    | -    | -     | 1    | 0    | 
|input_window_pipelined     | (ACIN2*B)'        | 12     | 8      | -      | -      | 20     | 1    | 0    | -    | -    | -     | 1    | 0    | 
|input_window_pipelined     | (ACIN2*B)'        | 12     | 8      | -      | -      | 20     | 1    | 0    | -    | -    | -     | 1    | 0    | 
|input_window_pipelined     | (ACIN2*B)'        | 12     | 8      | -      | -      | 20     | 1    | 0    | -    | -    | -     | 1    | 0    | 
|input_window_pipelined     | (ACIN2*B)'        | 12     | 8      | -      | -      | 20     | 1    | 0    | -    | -    | -     | 1    | 0    | 
|input_window_pipelined     | (ACIN2*B)'        | 12     | 8      | -      | -      | 20     | 1    | 0    | -    | -    | -     | 1    | 0    | 
|input_window_pipelined     | (ACIN2*B)'        | 12     | 8      | -      | -      | 20     | 1    | 0    | -    | -    | -     | 1    | 0    | 
|input_window_pipelined     | (ACIN2*B)'        | 12     | 8      | -      | -      | 20     | 1    | 0    | -    | -    | -     | 1    | 0    | 
|input_window_pipelined     | (ACIN2*B)'        | 12     | 8      | -      | -      | 20     | 1    | 0    | -    | -    | -     | 1    | 0    | 
|input_window_pipelined     | (ACIN2*B)'        | 12     | 8      | -      | -      | 20     | 1    | 0    | -    | -    | -     | 1    | 0    | 
|input_window_pipelined     | (ACIN2*B)'        | 12     | 8      | -      | -      | 20     | 1    | 0    | -    | -    | -     | 1    | 0    | 
|input_window_pipelined     | (ACIN2*B)'        | 12     | 8      | -      | -      | 20     | 1    | 0    | -    | -    | -     | 1    | 0    | 
|input_window_pipelined     | (ACIN2*B)'        | 12     | 8      | -      | -      | 20     | 1    | 0    | -    | -    | -     | 1    | 0    | 
|input_window_pipelined     | (ACIN2*(B:0x7f))' | 12     | 8      | -      | -      | 20     | 1    | 0    | -    | -    | -     | 1    | 0    | 
|input_window_pipelined     | (ACIN2*(B:0x7f))' | 12     | 8      | -      | -      | 20     | 1    | 0    | -    | -    | -     | 1    | 0    | 
|input_window_pipelined     | (ACIN2*B)'        | 12     | 8      | -      | -      | 20     | 1    | 0    | -    | -    | -     | 1    | 0    | 
|input_window_pipelined     | (ACIN2*B)'        | 12     | 8      | -      | -      | 20     | 1    | 0    | -    | -    | -     | 1    | 0    | 
|input_window_pipelined     | (ACIN2*B)'        | 12     | 8      | -      | -      | 20     | 1    | 0    | -    | -    | -     | 1    | 0    | 
|input_window_pipelined     | (ACIN2*B)'        | 12     | 8      | -      | -      | 20     | 1    | 0    | -    | -    | -     | 1    | 0    | 
|input_window_pipelined     | (ACIN2*B)'        | 12     | 8      | -      | -      | 20     | 1    | 0    | -    | -    | -     | 1    | 0    | 
|input_window_pipelined     | (ACIN2*B)'        | 12     | 8      | -      | -      | 20     | 1    | 0    | -    | -    | -     | 1    | 0    | 
|input_window_pipelined     | (ACIN2*B)'        | 12     | 8      | -      | -      | 20     | 1    | 0    | -    | -    | -     | 1    | 0    | 
|input_window_pipelined     | (ACIN2*B)'        | 12     | 8      | -      | -      | 20     | 1    | 0    | -    | -    | -     | 1    | 0    | 
|input_window_pipelined     | (ACIN2*B)'        | 12     | 8      | -      | -      | 20     | 1    | 0    | -    | -    | -     | 1    | 0    | 
|input_window_pipelined     | (ACIN2*B)'        | 12     | 8      | -      | -      | 20     | 1    | 0    | -    | -    | -     | 1    | 0    | 
|input_window_pipelined     | (ACIN2*B)'        | 12     | 8      | -      | -      | 20     | 1    | 0    | -    | -    | -     | 1    | 0    | 
|input_window_pipelined     | (ACIN2*B)'        | 12     | 8      | -      | -      | 20     | 1    | 0    | -    | -    | -     | 1    | 0    | 
|input_window_pipelined     | (ACIN2*B)'        | 12     | 8      | -      | -      | 20     | 1    | 0    | -    | -    | -     | 1    | 0    | 
|input_window_pipelined     | (ACIN2*B)'        | 12     | 8      | -      | -      | 20     | 1    | 0    | -    | -    | -     | 1    | 0    | 
|input_window_pipelined     | (ACIN2*B)'        | 12     | 8      | -      | -      | 20     | 1    | 0    | -    | -    | -     | 1    | 0    | 
|detection_compare_parallel | A2*B              | 18     | 15     | -      | -      | 48     | 1    | 0    | -    | -    | -     | 0    | 0    | 
|detection_compare_parallel | (PCIN>>17)+A*B    | 15     | 15     | -      | -      | 48     | 0    | 0    | -    | -    | -     | 0    | 1    | 
|detection_compare_parallel | A2*B2             | 18     | 18     | -      | -      | 48     | 1    | 1    | -    | -    | -     | 0    | 0    | 
|detection_compare_parallel | (PCIN>>17)+A2*B   | 18     | 15     | -      | -      | 48     | 1    | 0    | -    | -    | -     | 0    | 1    | 
|detection_compare_parallel | A2*B              | 18     | 15     | -      | -      | 48     | 1    | 0    | -    | -    | -     | 0    | 0    | 
|detection_compare_parallel | (PCIN>>17)+A*B    | 15     | 15     | -      | -      | 48     | 0    | 0    | -    | -    | -     | 0    | 1    | 
|detection_compare_parallel | A2*B2             | 18     | 18     | -      | -      | 48     | 1    | 1    | -    | -    | -     | 0    | 0    | 
|detection_compare_parallel | (PCIN>>17)+A2*B   | 18     | 15     | -      | -      | 48     | 1    | 0    | -    | -    | -     | 0    | 1    | 
|detection_compare_parallel | A2*B              | 18     | 15     | -      | -      | 48     | 1    | 0    | -    | -    | -     | 0    | 0    | 
|detection_compare_parallel | (PCIN>>17)+A*B    | 15     | 15     | -      | -      | 48     | 0    | 0    | -    | -    | -     | 0    | 1    | 
|detection_compare_parallel | A2*B2             | 18     | 18     | -      | -      | 48     | 1    | 1    | -    | -    | -     | 0    | 0    | 
|detection_compare_parallel | (PCIN>>17)+A2*B   | 18     | 15     | -      | -      | 48     | 1    | 0    | -    | -    | -     | 0    | 1    | 
|detection_compare_parallel | A2*B              | 18     | 15     | -      | -      | 48     | 1    | 0    | -    | -    | -     | 0    | 0    | 
|detection_compare_parallel | (PCIN>>17)+A*B    | 15     | 15     | -      | -      | 48     | 0    | 0    | -    | -    | -     | 0    | 1    | 
|detection_compare_parallel | A2*B2             | 18     | 18     | -      | -      | 48     | 1    | 1    | -    | -    | -     | 0    | 0    | 
|detection_compare_parallel | (PCIN>>17)+A2*B   | 18     | 15     | -      | -      | 48     | 1    | 0    | -    | -    | -     | 0    | 1    | 
|detection_compare_parallel | A2*B              | 18     | 15     | -      | -      | 48     | 1    | 0    | -    | -    | -     | 0    | 0    | 
|detection_compare_parallel | (PCIN>>17)+A*B    | 15     | 15     | -      | -      | 48     | 0    | 0    | -    | -    | -     | 0    | 1    | 
|detection_compare_parallel | A2*B2             | 18     | 18     | -      | -      | 48     | 1    | 1    | -    | -    | -     | 0    | 0    | 
|detection_compare_parallel | (PCIN>>17)+A2*B   | 18     | 15     | -      | -      | 48     | 1    | 0    | -    | -    | -     | 0    | 1    | 
|detection_compare_parallel | A2*B              | 18     | 15     | -      | -      | 48     | 1    | 0    | -    | -    | -     | 0    | 0    | 
|detection_compare_parallel | (PCIN>>17)+A*B    | 15     | 15     | -      | -      | 48     | 0    | 0    | -    | -    | -     | 0    | 1    | 
|detection_compare_parallel | A2*B2             | 18     | 18     | -      | -      | 48     | 1    | 1    | -    | -    | -     | 0    | 0    | 
|detection_compare_parallel | (PCIN>>17)+A2*B   | 18     | 15     | -      | -      | 48     | 1    | 0    | -    | -    | -     | 0    | 1    | 
|detection_compare_parallel | A2*B              | 18     | 15     | -      | -      | 48     | 1    | 0    | -    | -    | -     | 0    | 0    | 
|detection_compare_parallel | (PCIN>>17)+A*B    | 15     | 15     | -      | -      | 48     | 0    | 0    | -    | -    | -     | 0    | 1    | 
|detection_compare_parallel | A2*B2             | 18     | 18     | -      | -      | 48     | 1    | 1    | -    | -    | -     | 0    | 0    | 
|detection_compare_parallel | (PCIN>>17)+A2*B   | 18     | 15     | -      | -      | 48     | 1    | 0    | -    | -    | -     | 0    | 1    | 
|detection_compare_parallel | A2*B              | 18     | 15     | -      | -      | 48     | 1    | 0    | -    | -    | -     | 0    | 0    | 
|detection_compare_parallel | (PCIN>>17)+A*B    | 15     | 15     | -      | -      | 48     | 0    | 0    | -    | -    | -     | 0    | 1    | 
|detection_compare_parallel | A2*B2             | 18     | 18     | -      | -      | 48     | 1    | 1    | -    | -    | -     | 0    | 0    | 
|detection_compare_parallel | (PCIN>>17)+A2*B   | 18     | 15     | -      | -      | 48     | 1    | 0    | -    | -    | -     | 0    | 1    | 
+---------------------------+-------------------+--------+--------+--------+--------+--------+------+------+------+------+-------+------+------+

Note: The table above is a preliminary report that shows the DSPs inferred at the current stage of the synthesis flow. Some DSP may be reimplemented as non DSP primitives later in the synthesis flow. Multiple instantiated DSPs are reported only once.
---------------------------------------------------------------------------------
Finished ROM, RAM, DSP, Shift Register and Retiming Reporting
---------------------------------------------------------------------------------
---------------------------------------------------------------------------------
Start Applying XDC Timing Constraints
---------------------------------------------------------------------------------
---------------------------------------------------------------------------------
Finished Applying XDC Timing Constraints : Time (s): cpu = 00:00:40 ; elapsed = 00:00:43 . Memory (MB): peak = 1580.512 ; gain = 674.492
---------------------------------------------------------------------------------
---------------------------------------------------------------------------------
Start Timing Optimization
---------------------------------------------------------------------------------
---------------------------------------------------------------------------------
Finished Timing Optimization : Time (s): cpu = 00:00:43 ; elapsed = 00:00:47 . Memory (MB): peak = 1586.508 ; gain = 680.488
---------------------------------------------------------------------------------
---------------------------------------------------------------------------------
Start ROM, RAM, DSP, Shift Register and Retiming Reporting
---------------------------------------------------------------------------------

Block RAM: Final Mapping Report
+---------------------------------------------+-------------------------------------+------------------------+---+---+------------------------+---+---+------------------+--------+--------+
|Module Name                                  | RTL Object                          | PORT A (Depth x Width) | W | R | PORT B (Depth x Width) | W | R | Ports driving FF | RAMB18 | RAMB36 | 
+---------------------------------------------+-------------------------------------+------------------------+---+---+------------------------+---+---+------------------+--------+--------+
|fam_detector_system_top                      | u_comblock_adapter/r_sample_mem_reg | 1 K x 24(READ_FIRST)   | W |   | 1 K x 24(WRITE_FIRST)  |   | R | Port A and B     | 0      | 1      | 
|\u_fam_detector/u_second_stage /u_fft1_store | GEN_BANK_RAM[0].u_bank_ram/mem_reg  | 1 K x 32(READ_FIRST)   | W | R | 1 K x 32(WRITE_FIRST)  |   | R | Port A and B     | 0      | 1      | 
|\u_fam_detector/u_second_stage /u_fft1_store | GEN_BANK_RAM[1].u_bank_ram/mem_reg  | 1 K x 32(READ_FIRST)   | W | R | 1 K x 32(WRITE_FIRST)  |   | R | Port A and B     | 0      | 1      | 
|\u_fam_detector/u_second_stage /u_fft1_store | GEN_BANK_RAM[2].u_bank_ram/mem_reg  | 1 K x 32(READ_FIRST)   | W | R | 1 K x 32(WRITE_FIRST)  |   | R | Port A and B     | 0      | 1      | 
|\u_fam_detector/u_second_stage /u_fft1_store | GEN_BANK_RAM[3].u_bank_ram/mem_reg  | 1 K x 32(READ_FIRST)   | W | R | 1 K x 32(WRITE_FIRST)  |   | R | Port A and B     | 0      | 1      | 
+---------------------------------------------+-------------------------------------+------------------------+---+---+------------------------+---+---+------------------+--------+--------+

---------------------------------------------------------------------------------
Finished ROM, RAM, DSP, Shift Register and Retiming Reporting
---------------------------------------------------------------------------------
---------------------------------------------------------------------------------
Start Technology Mapping
---------------------------------------------------------------------------------
INFO: [Synth 8-7052] The timing for the instance u_comblock_adapter/r_sample_mem_reg (implemented as a Block RAM) might be sub-optimal as no optional output register could be merged into the ram block. Providing additional output register may help in improving timing.
INFO: [Synth 8-7052] The timing for the instance u_fam_detector/u_threshold_calculator/threshold_rom_inst/r_threshold_reg (implemented as a Block RAM) might be sub-optimal as no optional output register could be merged into the ram block. Providing additional output register may help in improving timing.
INFO: [Synth 8-7052] The timing for the instance u_fam_detector/u_threshold_calculator/threshold_rom_inst/r_threshold_reg (implemented as a Block RAM) might be sub-optimal as no optional output register could be merged into the ram block. Providing additional output register may help in improving timing.
INFO: [Synth 8-7052] The timing for the instance u_fam_detector/u_second_stage/u_fft1_store/GEN_BANK_RAM[0].u_bank_ram/mem_reg (implemented as a Block RAM) might be sub-optimal as no optional output register could be merged into the ram block. Providing additional output register may help in improving timing.
INFO: [Synth 8-7052] The timing for the instance u_fam_detector/u_second_stage/u_fft1_store/GEN_BANK_RAM[0].u_bank_ram/mem_reg (implemented as a Block RAM) might be sub-optimal as no optional output register could be merged into the ram block. Providing additional output register may help in improving timing.
INFO: [Synth 8-7052] The timing for the instance u_fam_detector/u_second_stage/u_fft1_store/GEN_BANK_RAM[1].u_bank_ram/mem_reg (implemented as a Block RAM) might be sub-optimal as no optional output register could be merged into the ram block. Providing additional output register may help in improving timing.
INFO: [Synth 8-7052] The timing for the instance u_fam_detector/u_second_stage/u_fft1_store/GEN_BANK_RAM[1].u_bank_ram/mem_reg (implemented as a Block RAM) might be sub-optimal as no optional output register could be merged into the ram block. Providing additional output register may help in improving timing.
INFO: [Synth 8-7052] The timing for the instance u_fam_detector/u_second_stage/u_fft1_store/GEN_BANK_RAM[2].u_bank_ram/mem_reg (implemented as a Block RAM) might be sub-optimal as no optional output register could be merged into the ram block. Providing additional output register may help in improving timing.
INFO: [Synth 8-7052] The timing for the instance u_fam_detector/u_second_stage/u_fft1_store/GEN_BANK_RAM[2].u_bank_ram/mem_reg (implemented as a Block RAM) might be sub-optimal as no optional output register could be merged into the ram block. Providing additional output register may help in improving timing.
INFO: [Synth 8-7052] The timing for the instance u_fam_detector/u_second_stage/u_fft1_store/GEN_BANK_RAM[3].u_bank_ram/mem_reg (implemented as a Block RAM) might be sub-optimal as no optional output register could be merged into the ram block. Providing additional output register may help in improving timing.
INFO: [Synth 8-7052] The timing for the instance u_fam_detector/u_second_stage/u_fft1_store/GEN_BANK_RAM[3].u_bank_ram/mem_reg (implemented as a Block RAM) might be sub-optimal as no optional output register could be merged into the ram block. Providing additional output register may help in improving timing.
---------------------------------------------------------------------------------
Finished Technology Mapping : Time (s): cpu = 00:00:48 ; elapsed = 00:00:52 . Memory (MB): peak = 1643.238 ; gain = 737.219
---------------------------------------------------------------------------------
---------------------------------------------------------------------------------
Start IO Insertion
---------------------------------------------------------------------------------
---------------------------------------------------------------------------------
Start Flattening Before IO Insertion
---------------------------------------------------------------------------------
---------------------------------------------------------------------------------
Finished Flattening Before IO Insertion
---------------------------------------------------------------------------------
---------------------------------------------------------------------------------
Start Final Netlist Cleanup
---------------------------------------------------------------------------------
---------------------------------------------------------------------------------
Finished Final Netlist Cleanup
---------------------------------------------------------------------------------
---------------------------------------------------------------------------------
Finished IO Insertion : Time (s): cpu = 00:00:51 ; elapsed = 00:00:55 . Memory (MB): peak = 1650.270 ; gain = 744.250
---------------------------------------------------------------------------------
---------------------------------------------------------------------------------
Start Renaming Generated Instances
---------------------------------------------------------------------------------
---------------------------------------------------------------------------------
Finished Renaming Generated Instances : Time (s): cpu = 00:00:51 ; elapsed = 00:00:55 . Memory (MB): peak = 1650.270 ; gain = 744.250
---------------------------------------------------------------------------------
---------------------------------------------------------------------------------
Start Rebuilding User Hierarchy
---------------------------------------------------------------------------------
---------------------------------------------------------------------------------
Finished Rebuilding User Hierarchy : Time (s): cpu = 00:00:52 ; elapsed = 00:00:56 . Memory (MB): peak = 1650.270 ; gain = 744.250
---------------------------------------------------------------------------------
---------------------------------------------------------------------------------
Start Renaming Generated Ports
---------------------------------------------------------------------------------
---------------------------------------------------------------------------------
Finished Renaming Generated Ports : Time (s): cpu = 00:00:52 ; elapsed = 00:00:56 . Memory (MB): peak = 1650.270 ; gain = 744.250
---------------------------------------------------------------------------------
---------------------------------------------------------------------------------
Start Handling Custom Attributes
---------------------------------------------------------------------------------
---------------------------------------------------------------------------------
Finished Handling Custom Attributes : Time (s): cpu = 00:00:52 ; elapsed = 00:00:56 . Memory (MB): peak = 1650.270 ; gain = 744.250
---------------------------------------------------------------------------------
---------------------------------------------------------------------------------
Start Renaming Generated Nets
---------------------------------------------------------------------------------
---------------------------------------------------------------------------------
Finished Renaming Generated Nets : Time (s): cpu = 00:00:52 ; elapsed = 00:00:56 . Memory (MB): peak = 1650.270 ; gain = 744.250
---------------------------------------------------------------------------------
---------------------------------------------------------------------------------
Start ROM, RAM, DSP, Shift Register and Retiming Reporting
---------------------------------------------------------------------------------

Static Shift Register Report:
+------------------------+------------------------------------------------------+--------+-------+--------------+--------------------+-------------------+--------+---------+
|Module Name             | RTL Name                                             | Length | Width | Reset Signal | Pull out first Reg | Pull out last Reg | SRL16E | SRLC32E | 
+------------------------+------------------------------------------------------+--------+-------+--------------+--------------------+-------------------+--------+---------+
|fam_detector_system_top | u_fam_detector/u_detection_compare/r_valid_s3_reg[0] | 4      | 4     | YES          | NO                 | YES               | 4      | 0       | 
+------------------------+------------------------------------------------------+--------+-------+--------------+--------------------+-------------------+--------+---------+

---------------------------------------------------------------------------------
Finished ROM, RAM, DSP, Shift Register and Retiming Reporting
---------------------------------------------------------------------------------
---------------------------------------------------------------------------------
Start Writing Synthesis Report
---------------------------------------------------------------------------------

DSP Final Report (the ' indicates corresponding REG is set)
+---------------------------+-------------------+--------+--------+--------+--------+--------+------+------+------+------+-------+------+------+
|Module Name                | DSP Mapping       | A Size | B Size | C Size | D Size | P Size | AREG | BREG | CREG | DREG | ADREG | MREG | PREG | 
+---------------------------+-------------------+--------+--------+--------+--------+--------+------+------+------+------+-------+------+------+
|detection_compare_parallel | A'*B'             | 17     | 18     | -      | -      | 48     | 1    | 1    | -    | -    | -     | 0    | 0    | 
|detection_compare_parallel | (PCIN>>17+A'*B')' | 30     | 18     | -      | -      | 48     | 1    | 1    | -    | -    | -     | 0    | 1    | 
|detection_compare_parallel | A'*B'             | 17     | 17     | -      | -      | 48     | 1    | 1    | -    | -    | -     | 0    | 0    | 
|detection_compare_parallel | (PCIN>>17+A'*B')' | 17     | 18     | -      | -      | 48     | 1    | 1    | -    | -    | -     | 0    | 1    | 
|detection_compare_parallel | A'*B'             | 17     | 18     | -      | -      | 48     | 1    | 1    | -    | -    | -     | 0    | 0    | 
|detection_compare_parallel | (PCIN>>17+A'*B')' | 30     | 18     | -      | -      | 48     | 1    | 1    | -    | -    | -     | 0    | 1    | 
|detection_compare_parallel | A'*B'             | 17     | 17     | -      | -      | 48     | 1    | 1    | -    | -    | -     | 0    | 0    | 
|detection_compare_parallel | (PCIN>>17+A'*B')' | 17     | 18     | -      | -      | 48     | 1    | 1    | -    | -    | -     | 0    | 1    | 
|detection_compare_parallel | A'*B'             | 17     | 18     | -      | -      | 48     | 1    | 1    | -    | -    | -     | 0    | 0    | 
|detection_compare_parallel | (PCIN>>17+A'*B')' | 30     | 18     | -      | -      | 48     | 1    | 1    | -    | -    | -     | 0    | 1    | 
|detection_compare_parallel | A'*B'             | 17     | 17     | -      | -      | 48     | 1    | 1    | -    | -    | -     | 0    | 0    | 
|detection_compare_parallel | (PCIN>>17+A'*B')' | 17     | 18     | -      | -      | 48     | 1    | 1    | -    | -    | -     | 0    | 1    | 
|detection_compare_parallel | A'*B'             | 17     | 18     | -      | -      | 48     | 1    | 1    | -    | -    | -     | 0    | 0    | 
|detection_compare_parallel | (PCIN>>17+A'*B')' | 30     | 18     | -      | -      | 48     | 1    | 1    | -    | -    | -     | 0    | 1    | 
|detection_compare_parallel | A'*B'             | 17     | 17     | -      | -      | 48     | 1    | 1    | -    | -    | -     | 0    | 0    | 
|detection_compare_parallel | (PCIN>>17+A'*B')' | 17     | 18     | -      | -      | 48     | 1    | 1    | -    | -    | -     | 0    | 1    | 
|detection_compare_parallel | A'*B'             | 17     | 18     | -      | -      | 48     | 1    | 1    | -    | -    | -     | 0    | 0    | 
|detection_compare_parallel | (PCIN>>17+A'*B')' | 30     | 18     | -      | -      | 48     | 1    | 1    | -    | -    | -     | 0    | 1    | 
|detection_compare_parallel | A'*B'             | 17     | 17     | -      | -      | 48     | 1    | 1    | -    | -    | -     | 0    | 0    | 
|detection_compare_parallel | (PCIN>>17+A'*B')' | 17     | 18     | -      | -      | 48     | 1    | 1    | -    | -    | -     | 0    | 1    | 
|detection_compare_parallel | A'*B'             | 17     | 18     | -      | -      | 48     | 1    | 1    | -    | -    | -     | 0    | 0    | 
|detection_compare_parallel | (PCIN>>17+A'*B')' | 30     | 18     | -      | -      | 48     | 1    | 1    | -    | -    | -     | 0    | 1    | 
|detection_compare_parallel | A'*B'             | 17     | 17     | -      | -      | 48     | 1    | 1    | -    | -    | -     | 0    | 0    | 
|detection_compare_parallel | (PCIN>>17+A'*B')' | 17     | 18     | -      | -      | 48     | 1    | 1    | -    | -    | -     | 0    | 1    | 
|detection_compare_parallel | A'*B'             | 17     | 18     | -      | -      | 48     | 1    | 1    | -    | -    | -     | 0    | 0    | 
|detection_compare_parallel | (PCIN>>17+A'*B')' | 30     | 18     | -      | -      | 48     | 1    | 1    | -    | -    | -     | 0    | 1    | 
|detection_compare_parallel | A'*B'             | 17     | 17     | -      | -      | 48     | 1    | 1    | -    | -    | -     | 0    | 0    | 
|detection_compare_parallel | (PCIN>>17+A'*B')' | 17     | 18     | -      | -      | 48     | 1    | 1    | -    | -    | -     | 0    | 1    | 
|detection_compare_parallel | A'*B'             | 17     | 18     | -      | -      | 48     | 1    | 1    | -    | -    | -     | 0    | 0    | 
|detection_compare_parallel | (PCIN>>17+A'*B')' | 30     | 18     | -      | -      | 48     | 1    | 1    | -    | -    | -     | 0    | 1    | 
|detection_compare_parallel | A'*B'             | 17     | 17     | -      | -      | 48     | 1    | 1    | -    | -    | -     | 0    | 0    | 
|detection_compare_parallel | (PCIN>>17+A'*B')' | 17     | 18     | -      | -      | 48     | 1    | 1    | -    | -    | -     | 0    | 1    | 
|input_window_pipelined     | (A''*B)'          | 30     | 7      | -      | -      | 20     | 2    | 0    | -    | -    | -     | 0    | 1    | 
|input_window_pipelined     | (A'*B)'           | 30     | 7      | -      | -      | 20     | 1    | 0    | -    | -    | -     | 0    | 1    | 
|input_window_pipelined     | (A''*B)'          | 0      | 7      | -      | -      | 20     | 2    | 0    | -    | -    | -     | 0    | 1    | 
|input_window_pipelined     | (A'*B)'           | 0      | 7      | -      | -      | 20     | 1    | 0    | -    | -    | -     | 0    | 1    | 
|input_window_pipelined     | (A'*B)'           | 0      | 7      | -      | -      | 20     | 1    | 0    | -    | -    | -     | 0    | 1    | 
|input_window_pipelined     | (A'*B)'           | 0      | 7      | -      | -      | 20     | 1    | 0    | -    | -    | -     | 0    | 1    | 
|input_window_pipelined     | (A'*B)'           | 0      | 7      | -      | -      | 20     | 1    | 0    | -    | -    | -     | 0    | 1    | 
|input_window_pipelined     | (A'*B)'           | 0      | 7      | -      | -      | 20     | 1    | 0    | -    | -    | -     | 0    | 1    | 
|input_window_pipelined     | (A'*B)'           | 0      | 7      | -      | -      | 20     | 1    | 0    | -    | -    | -     | 0    | 1    | 
|input_window_pipelined     | (A'*B)'           | 0      | 7      | -      | -      | 20     | 1    | 0    | -    | -    | -     | 0    | 1    | 
|input_window_pipelined     | (A'*B)'           | 0      | 7      | -      | -      | 20     | 1    | 0    | -    | -    | -     | 0    | 1    | 
|input_window_pipelined     | (A'*B)'           | 0      | 7      | -      | -      | 20     | 1    | 0    | -    | -    | -     | 0    | 1    | 
|input_window_pipelined     | (A'*B)'           | 0      | 7      | -      | -      | 20     | 1    | 0    | -    | -    | -     | 0    | 1    | 
|input_window_pipelined     | (A'*B)'           | 0      | 7      | -      | -      | 20     | 1    | 0    | -    | -    | -     | 0    | 1    | 
|input_window_pipelined     | (A'*B)'           | 0      | 7      | -      | -      | 20     | 1    | 0    | -    | -    | -     | 0    | 1    | 
|input_window_pipelined     | (A'*B)'           | 0      | 7      | -      | -      | 20     | 1    | 0    | -    | -    | -     | 0    | 1    | 
|input_window_pipelined     | (A'*B)'           | 0      | 7      | -      | -      | 20     | 1    | 0    | -    | -    | -     | 0    | 1    | 
|input_window_pipelined     | (A'*B)'           | 0      | 7      | -      | -      | 20     | 1    | 0    | -    | -    | -     | 0    | 1    | 
|input_window_pipelined     | (A'*B)'           | 0      | 7      | -      | -      | 20     | 1    | 0    | -    | -    | -     | 0    | 1    | 
|input_window_pipelined     | (A'*B)'           | 0      | 7      | -      | -      | 20     | 1    | 0    | -    | -    | -     | 0    | 1    | 
|input_window_pipelined     | (A'*B)'           | 0      | 7      | -      | -      | 20     | 1    | 0    | -    | -    | -     | 0    | 1    | 
|input_window_pipelined     | (A'*B)'           | 0      | 7      | -      | -      | 20     | 1    | 0    | -    | -    | -     | 0    | 1    | 
|input_window_pipelined     | (A'*B)'           | 0      | 7      | -      | -      | 20     | 1    | 0    | -    | -    | -     | 0    | 1    | 
|input_window_pipelined     | (A'*B)'           | 0      | 7      | -      | -      | 20     | 1    | 0    | -    | -    | -     | 0    | 1    | 
|input_window_pipelined     | (A'*B)'           | 0      | 7      | -      | -      | 20     | 1    | 0    | -    | -    | -     | 0    | 1    | 
|input_window_pipelined     | (A'*B)'           | 0      | 7      | -      | -      | 20     | 1    | 0    | -    | -    | -     | 0    | 1    | 
|input_window_pipelined     | (A'*B)'           | 0      | 7      | -      | -      | 20     | 1    | 0    | -    | -    | -     | 0    | 1    | 
|input_window_pipelined     | (A'*B)'           | 0      | 7      | -      | -      | 20     | 1    | 0    | -    | -    | -     | 0    | 1    | 
|input_window_pipelined     | (A'*B)'           | 0      | 7      | -      | -      | 20     | 1    | 0    | -    | -    | -     | 0    | 1    | 
|input_window_pipelined     | (A'*B)'           | 0      | 7      | -      | -      | 20     | 1    | 0    | -    | -    | -     | 0    | 1    | 
|input_window_pipelined     | (A'*B)'           | 0      | 7      | -      | -      | 20     | 1    | 0    | -    | -    | -     | 0    | 1    | 
|input_window_pipelined     | (A'*B)'           | 0      | 7      | -      | -      | 20     | 1    | 0    | -    | -    | -     | 0    | 1    | 
|input_window_pipelined     | (A''*B)'          | 30     | 7      | -      | -      | 20     | 2    | 0    | -    | -    | -     | 0    | 1    | 
|input_window_pipelined     | (A'*B)'           | 30     | 7      | -      | -      | 20     | 1    | 0    | -    | -    | -     | 0    | 1    | 
|input_window_pipelined     | (A''*B)'          | 0      | 7      | -      | -      | 20     | 2    | 0    | -    | -    | -     | 0    | 1    | 
|input_window_pipelined     | (A'*B)'           | 0      | 7      | -      | -      | 20     | 1    | 0    | -    | -    | -     | 0    | 1    | 
|input_window_pipelined     | (A'*B)'           | 0      | 7      | -      | -      | 20     | 1    | 0    | -    | -    | -     | 0    | 1    | 
|input_window_pipelined     | (A'*B)'           | 0      | 7      | -      | -      | 20     | 1    | 0    | -    | -    | -     | 0    | 1    | 
|input_window_pipelined     | (A'*B)'           | 0      | 7      | -      | -      | 20     | 1    | 0    | -    | -    | -     | 0    | 1    | 
|input_window_pipelined     | (A'*B)'           | 0      | 7      | -      | -      | 20     | 1    | 0    | -    | -    | -     | 0    | 1    | 
|input_window_pipelined     | (A'*B)'           | 0      | 7      | -      | -      | 20     | 1    | 0    | -    | -    | -     | 0    | 1    | 
|input_window_pipelined     | (A'*B)'           | 0      | 7      | -      | -      | 20     | 1    | 0    | -    | -    | -     | 0    | 1    | 
|input_window_pipelined     | (A'*B)'           | 0      | 7      | -      | -      | 20     | 1    | 0    | -    | -    | -     | 0    | 1    | 
|input_window_pipelined     | (A'*B)'           | 0      | 7      | -      | -      | 20     | 1    | 0    | -    | -    | -     | 0    | 1    | 
|input_window_pipelined     | (A'*B)'           | 0      | 7      | -      | -      | 20     | 1    | 0    | -    | -    | -     | 0    | 1    | 
|input_window_pipelined     | (A'*B)'           | 0      | 7      | -      | -      | 20     | 1    | 0    | -    | -    | -     | 0    | 1    | 
|input_window_pipelined     | (A'*B)'           | 0      | 7      | -      | -      | 20     | 1    | 0    | -    | -    | -     | 0    | 1    | 
|input_window_pipelined     | (A'*B)'           | 0      | 7      | -      | -      | 20     | 1    | 0    | -    | -    | -     | 0    | 1    | 
|input_window_pipelined     | (A'*B)'           | 0      | 7      | -      | -      | 20     | 1    | 0    | -    | -    | -     | 0    | 1    | 
|input_window_pipelined     | (A'*B)'           | 0      | 7      | -      | -      | 20     | 1    | 0    | -    | -    | -     | 0    | 1    | 
|input_window_pipelined     | (A'*B)'           | 0      | 7      | -      | -      | 20     | 1    | 0    | -    | -    | -     | 0    | 1    | 
|input_window_pipelined     | (A'*B)'           | 0      | 7      | -      | -      | 20     | 1    | 0    | -    | -    | -     | 0    | 1    | 
|input_window_pipelined     | (A'*B)'           | 0      | 7      | -      | -      | 20     | 1    | 0    | -    | -    | -     | 0    | 1    | 
|input_window_pipelined     | (A'*B)'           | 0      | 7      | -      | -      | 20     | 1    | 0    | -    | -    | -     | 0    | 1    | 
|input_window_pipelined     | (A'*B)'           | 0      | 7      | -      | -      | 20     | 1    | 0    | -    | -    | -     | 0    | 1    | 
|input_window_pipelined     | (A'*B)'           | 0      | 7      | -      | -      | 20     | 1    | 0    | -    | -    | -     | 0    | 1    | 
|input_window_pipelined     | (A'*B)'           | 0      | 7      | -      | -      | 20     | 1    | 0    | -    | -    | -     | 0    | 1    | 
|input_window_pipelined     | (A'*B)'           | 0      | 7      | -      | -      | 20     | 1    | 0    | -    | -    | -     | 0    | 1    | 
|input_window_pipelined     | (A'*B)'           | 0      | 7      | -      | -      | 20     | 1    | 0    | -    | -    | -     | 0    | 1    | 
|input_window_pipelined     | (A'*B)'           | 0      | 7      | -      | -      | 20     | 1    | 0    | -    | -    | -     | 0    | 1    | 
|input_window_pipelined     | (A'*B)'           | 0      | 7      | -      | -      | 20     | 1    | 0    | -    | -    | -     | 0    | 1    | 
|input_window_pipelined     | (A'*B)'           | 0      | 7      | -      | -      | 20     | 1    | 0    | -    | -    | -     | 0    | 1    | 
|input_window_pipelined     | (A'*B)'           | 0      | 7      | -      | -      | 20     | 1    | 0    | -    | -    | -     | 0    | 1    | 
|input_window_pipelined     | (A'*B)'           | 0      | 7      | -      | -      | 20     | 1    | 0    | -    | -    | -     | 0    | 1    | 
|threshold_calculator       | A'*B'             | 17     | 18     | -      | -      | 48     | 1    | 1    | -    | -    | -     | 0    | 0    | 
|threshold_calculator       | (PCIN>>17+A'*B')' | 30     | 18     | -      | -      | 48     | 1    | 1    | -    | -    | -     | 0    | 1    | 
|threshold_calculator       | A'*B'             | 17     | 17     | -      | -      | 48     | 1    | 1    | -    | -    | -     | 0    | 0    | 
|threshold_calculator       | (PCIN>>17+A'*B')' | 17     | 18     | -      | -      | 48     | 1    | 1    | -    | -    | -     | 0    | 1    | 
|squarediffmacc_mod         | (A'*B')'          | 30     | 18     | -      | -      | 24     | 1    | 1    | -    | -    | -     | 0    | 1    | 
+---------------------------+-------------------+--------+--------+--------+--------+--------+------+------+------+------+-------+------+------+


Report BlackBoxes: 
+------+-----------------------------------------+----------+
|      |BlackBox name                            |Instances |
+------+-----------------------------------------+----------+
|1     |xfft_0                                   |         4|
|2     |cmpy_0                                   |         4|
|3     |xfft_1                                   |         4|
|4     |ps_comblock_setup_auto_pc_0              |         1|
|5     |ps_comblock_setup_comblock_0_0           |         1|
|6     |ps_comblock_setup_processing_system7_0_0 |         1|
|7     |ps_comblock_setup_rst_ps7_0_100M_0       |         1|
+------+-----------------------------------------+----------+

Report Cell Usage: 
+------+---------------------------------------+------+
|      |Cell                                   |Count |
+------+---------------------------------------+------+
|1     |cmpy                                   |     1|
|2     |cmpy_0                                 |     3|
|5     |ps_comblock_setup_auto_pc              |     1|
|6     |ps_comblock_setup_comblock_0           |     1|
|7     |ps_comblock_setup_processing_system7_0 |     1|
|8     |ps_comblock_setup_rst_ps7_0_100M       |     1|
|9     |xfft                                   |     1|
|10    |xfft_0                                 |     3|
|13    |xfft                                   |     1|
|14    |xfft_1                                 |     3|
|17    |CARRY4                                 |   426|
|18    |DSP48E1                                |   101|
|25    |LUT1                                   |   155|
|26    |LUT2                                   |  1245|
|27    |LUT3                                   |  1492|
|28    |LUT4                                   |   696|
|29    |LUT5                                   |   352|
|30    |LUT6                                   |  1901|
|31    |MUXF7                                  |   499|
|32    |MUXF8                                  |   181|
|33    |RAMB36E1                               |     6|
|35    |SRL16E                                 |     4|
|36    |FDRE                                   |  6900|
|37    |FDSE                                   |   172|
+------+---------------------------------------+------+
---------------------------------------------------------------------------------
Finished Writing Synthesis Report : Time (s): cpu = 00:00:52 ; elapsed = 00:00:56 . Memory (MB): peak = 1650.270 ; gain = 744.250
---------------------------------------------------------------------------------
Synthesis finished with 0 errors, 0 critical warnings and 573 warnings.
Synthesis Optimization Runtime : Time (s): cpu = 00:00:44 ; elapsed = 00:00:54 . Memory (MB): peak = 1650.270 ; gain = 646.340
Synthesis Optimization Complete : Time (s): cpu = 00:00:52 ; elapsed = 00:00:57 . Memory (MB): peak = 1650.270 ; gain = 744.250
INFO: [Project 1-571] Translating synthesized netlist
Netlist sorting complete. Time (s): cpu = 00:00:00 ; elapsed = 00:00:00.123 . Memory (MB): peak = 1662.352 ; gain = 0.000
INFO: [Netlist 29-17] Analyzing 1213 Unisim elements for replacement
INFO: [Netlist 29-28] Unisim Transformation completed in 0 CPU seconds
INFO: [Project 1-570] Preparing netlist for logic optimization
INFO: [Opt 31-138] Pushed 0 inverter(s) to 0 load pin(s).
Netlist sorting complete. Time (s): cpu = 00:00:00 ; elapsed = 00:00:00.002 . Memory (MB): peak = 1673.266 ; gain = 0.000
INFO: [Project 1-111] Unisim Transformation Summary:
No Unisim elements were transformed.

Synth Design complete | Checksum: ac3506ca
INFO: [Common 17-83] Releasing license: Synthesis
112 Infos, 224 Warnings, 0 Critical Warnings and 0 Errors encountered.
synth_design completed successfully
synth_design: Time (s): cpu = 00:00:57 ; elapsed = 00:01:03 . Memory (MB): peak = 1673.266 ; gain = 1179.859
INFO: [Common 17-1381] The checkpoint 'C:/Users/gm/Vivado Projects/complete_det_modded_turbo/complete_det_modded_turbo.runs/synth_1/fam_detector_system_top.dcp' has been generated.
INFO: [runtcl-4] Executing : report_utilization -file fam_detector_system_top_utilization_synth.rpt -pb fam_detector_system_top_utilization_synth.pb
INFO: [Common 17-206] Exiting Vivado at Thu Sep 17 11:29:16 2026...
