
*** Running vivado
    with args -log top.vds -m64 -product Vivado -mode batch -messageDb vivado.pb -notrace -source top.tcl


ECHO is off.
ECHO is off.

****** Vivado v2023.1 (64-bit)
  **** SW Build 3865809 on Sun May  7 15:05:29 MDT 2023
  **** IP Build 3864474 on Sun May  7 20:36:21 MDT 2023
  **** SharedData Build 3865790 on Sun May 07 13:33:03 MDT 2023
    ** Copyright 1986-2022 Xilinx, Inc. All Rights Reserved.
    ** Copyright 2022-2023 Advanced Micro Devices, Inc. All Rights Reserved.

source top.tcl -notrace
create_project: Time (s): cpu = 00:00:06 ; elapsed = 00:00:06 . Memory (MB): peak = 449.445 ; gain = 158.922
INFO: [IP_Flow 19-234] Refreshing IP repositories
INFO: [IP_Flow 19-1700] Loaded user IP repository 'd:/Desktop PRE-FORMAT 25/CR_CYCLO/Verilog/ComBlock/core-comblock-master'.
INFO: [IP_Flow 19-2313] Loaded Vivado IP repository 'C:/Xilinx/Vivado/2023.1/data/ip'.
WARNING: [IP_Flow 19-4995] The host OS only allows 260 characters in a normal path. The IP cache path is more than 80 characters. If you experience issues with IP caching, please consider changing the IP cache to a location with a shorter path. Alternately consider using the OS subst command to map part of the path to a drive letter. 
Current IP cache path is c:/Users/gm/Vivado Projects/complete_det_final_full_and_red/complete_det_final_full_and_red.cache/ip 
Command: read_checkpoint -auto_incremental -incremental {C:/Users/gm/Vivado Projects/complete_det_final_full_and_red/complete_det_final_full_and_red.srcs/utils_1/imports/synth_1/pm_top_mux.dcp}
INFO: [Vivado 12-5825] Read reference checkpoint from C:/Users/gm/Vivado Projects/complete_det_final_full_and_red/complete_det_final_full_and_red.srcs/utils_1/imports/synth_1/pm_top_mux.dcp for incremental synthesis
INFO: [Vivado 12-7989] Please ensure there are no constraint changes
Command: synth_design -top top -part xc7z020clg484-1
Starting synth_design
Attempting to get a license for feature 'Synthesis' and/or device 'xc7z020'
INFO: [Common 17-349] Got license for feature 'Synthesis' and/or device 'xc7z020'
INFO: [Device 21-403] Loading part xc7z020clg484-1
INFO: [Designutils 20-5440] No compile time benefit to using incremental synthesis; A full resynthesis will be run
INFO: [Designutils 20-4379] Flow is switching to default flow due to incremental criteria not met. If you would like to alter this behaviour and have the flow terminate instead, please set the following parameter config_implementation {autoIncr.Synth.RejectBehavior Terminate}
INFO: [Synth 8-7079] Multithreading enabled for synth_design using a maximum of 2 processes.
INFO: [Synth 8-7078] Launching helper process for spawning children vivado processes
INFO: [Synth 8-7075] Helper process launched with PID 9540
INFO: [Synth 8-11241] undeclared symbol 'o_ram_read_row_addr_cdemod', assumed default net type 'wire' [C:/Users/gm/Vivado Projects/complete_det_final_full_and_red/complete_det_final_full_and_red.srcs/sources_1/imports/POST_MRVL/pm_second_stage_fsmd.sv:1066]
---------------------------------------------------------------------------------
Starting RTL Elaboration : Time (s): cpu = 00:00:03 ; elapsed = 00:00:04 . Memory (MB): peak = 1316.324 ; gain = 410.449
---------------------------------------------------------------------------------
INFO: [Synth 8-6157] synthesizing module 'top' [C:/Users/gm/Vivado Projects/complete_det_final_full_and_red/complete_det_final_full_and_red.srcs/sources_1/new/top.sv:1]
INFO: [Synth 8-6157] synthesizing module 'comblock_adapter' [C:/Users/gm/Vivado Projects/complete_det_final_full_and_red/complete_det_final_full_and_red.srcs/sources_1/new/comblock_adapter.sv:1]
	Parameter NB_SAMPLE_DATA bound to: 12 - type: integer 
INFO: [Synth 8-6155] done synthesizing module 'comblock_adapter' (0#1) [C:/Users/gm/Vivado Projects/complete_det_final_full_and_red/complete_det_final_full_and_red.srcs/sources_1/new/comblock_adapter.sv:1]
INFO: [Synth 8-6157] synthesizing module 'pm_top_mux' [C:/Users/gm/Vivado Projects/complete_det_final_full_and_red/complete_det_final_full_and_red.srcs/sources_1/imports/V1.1/pm_top_mux.sv:1]
	Parameter N_DESIRED bound to: 1024 - type: integer 
	Parameter NB_SAMPLE_DATA bound to: 12 - type: integer 
	Parameter NBF_SAMPLE_DATA bound to: 9 - type: integer 
	Parameter NP_SAMPLES bound to: 32 - type: integer 
	Parameter P_MAX bound to: 128 - type: integer 
	Parameter N_NOISE_SAMPLES bound to: 1024 - type: integer 
	Parameter NB_THRESHOLD bound to: 65 - type: integer 
	Parameter NBF_THRESHOLD bound to: 62 - type: integer 
	Parameter NB_WINDOW_COEFF bound to: 8 - type: integer 
	Parameter NBF_WINDOW_COEFF bound to: 7 - type: integer 
	Parameter NB_EXP_COEFF bound to: 16 - type: integer 
	Parameter NB_DETECT bound to: 16 - type: integer 
INFO: [Synth 8-6157] synthesizing module 'detection_compare' [C:/Users/gm/Vivado Projects/complete_det_final_full_and_red/complete_det_final_full_and_red.srcs/sources_1/imports/CR_Detection/pm_detection.sv:5]
	Parameter NB_DATA bound to: 32 - type: integer 
	Parameter NB_THRES bound to: 65 - type: integer 
	Parameter NP bound to: 32 - type: integer 
	Parameter P_MAX bound to: 128 - type: integer 
	Parameter NB_DETECT bound to: 16 - type: integer 
INFO: [Synth 8-6155] done synthesizing module 'detection_compare' (0#1) [C:/Users/gm/Vivado Projects/complete_det_final_full_and_red/complete_det_final_full_and_red.srcs/sources_1/imports/CR_Detection/pm_detection.sv:5]
INFO: [Synth 8-6157] synthesizing module 'theshold_calculator' [C:/Users/gm/Vivado Projects/complete_det_final_full_and_red/complete_det_final_full_and_red.srcs/sources_1/imports/V1.1/pm_threshold_calc.sv:1]
	Parameter N_NOISE_SAMPLES_MAX bound to: 1024 - type: integer 
	Parameter NB_DATA bound to: 12 - type: integer 
	Parameter NBF_DATA bound to: 9 - type: integer 
	Parameter NB_THRESHOLD bound to: 65 - type: integer 
	Parameter NBF_THRESHOLD bound to: 62 - type: integer 
INFO: [Synth 8-6157] synthesizing module 'threshold_rom' [C:/Users/gm/Vivado Projects/complete_det_final_full_and_red/complete_det_final_full_and_red.srcs/sources_1/imports/CR_Threshold_Calculator/CR_threshold_rom.sv:1]
	Parameter N_PFA bound to: 10 - type: integer 
	Parameter NB_OUT bound to: 65 - type: integer 
INFO: [Synth 8-6155] done synthesizing module 'threshold_rom' (0#1) [C:/Users/gm/Vivado Projects/complete_det_final_full_and_red/complete_det_final_full_and_red.srcs/sources_1/imports/CR_Threshold_Calculator/CR_threshold_rom.sv:1]
INFO: [Synth 8-6157] synthesizing module 'noise_calc' [C:/Users/gm/Vivado Projects/complete_det_final_full_and_red/complete_det_final_full_and_red.srcs/sources_1/imports/CR_Threshold_Calculator/V1.1/CR_noise_calc_11.sv:1]
	Parameter NB_DATA bound to: 12 - type: integer 
	Parameter N_SAMPLES bound to: 1024 - type: integer 
	Parameter NB_OUT bound to: 34 - type: integer 
INFO: [Synth 8-6157] synthesizing module 'squarediffmacc_mod' [C:/Users/gm/Vivado Projects/complete_det_final_full_and_red/complete_det_final_full_and_red.srcs/sources_1/imports/CR_Threshold_Calculator/CR_squareddiffmac_mod.sv:1]
	Parameter IN_WIDHT bound to: 12 - type: integer 
	Parameter OUT_WIDTH bound to: 34 - type: integer 
	Parameter N_SAMPLES bound to: 1024 - type: integer 
INFO: [Synth 8-6155] done synthesizing module 'squarediffmacc_mod' (0#1) [C:/Users/gm/Vivado Projects/complete_det_final_full_and_red/complete_det_final_full_and_red.srcs/sources_1/imports/CR_Threshold_Calculator/CR_squareddiffmac_mod.sv:1]
INFO: [Synth 8-6155] done synthesizing module 'noise_calc' (0#1) [C:/Users/gm/Vivado Projects/complete_det_final_full_and_red/complete_det_final_full_and_red.srcs/sources_1/imports/CR_Threshold_Calculator/V1.1/CR_noise_calc_11.sv:1]
INFO: [Synth 8-6155] done synthesizing module 'theshold_calculator' (0#1) [C:/Users/gm/Vivado Projects/complete_det_final_full_and_red/complete_det_final_full_and_red.srcs/sources_1/imports/V1.1/pm_threshold_calc.sv:1]
INFO: [Synth 8-6157] synthesizing module 'pm_scd_top' [C:/Users/gm/Vivado Projects/complete_det_final_full_and_red/complete_det_final_full_and_red.srcs/sources_1/imports/POST_MRVL/pm_scd_top.sv:1]
	Parameter NB_DATA_I bound to: 12 - type: integer 
	Parameter NBF_DATA_I bound to: 9 - type: integer 
	Parameter NB_WIN bound to: 8 - type: integer 
	Parameter NBF_WIN bound to: 7 - type: integer 
	Parameter NB_DATA_O bound to: 16 - type: integer 
	Parameter NBF_DATA_O bound to: 13 - type: integer 
	Parameter NP_SAMPLES bound to: 32 - type: integer 
	Parameter P_MAX bound to: 128 - type: integer 
	Parameter NB_EXP bound to: 16 - type: integer 
	Parameter NB_FFT2_O bound to: 64 - type: integer 
INFO: [Synth 8-6157] synthesizing module 'pm_first_stage_wrap' [C:/Users/gm/Vivado Projects/complete_det_final_full_and_red/complete_det_final_full_and_red.srcs/sources_1/imports/POST_MRVL/pm_first_stage_wrap.sv:1]
	Parameter P_MAX bound to: 128 - type: integer 
	Parameter NP bound to: 32 - type: integer 
	Parameter NB_DATA_I bound to: 12 - type: integer 
	Parameter NBF_DATA_I bound to: 9 - type: integer 
	Parameter NB_WINDOW bound to: 8 - type: integer 
	Parameter NBF_WINDOW bound to: 7 - type: integer 
	Parameter NB_DATA_O bound to: 16 - type: integer 
	Parameter NBF_DATA_O bound to: 13 - type: integer 
INFO: [Synth 8-6157] synthesizing module 'pm_input_window' [C:/Users/gm/Vivado Projects/complete_det_final_full_and_red/complete_det_final_full_and_red.srcs/sources_1/imports/CR_SCD_Estimator/POST_MRVL/UPDATE/pm_input_window_upd.sv:1]
	Parameter NP bound to: 32 - type: integer 
	Parameter NB_SAMPLES bound to: 12 - type: integer 
	Parameter NBF_SAMPLES bound to: 9 - type: integer 
	Parameter NB_WINDOWS bound to: 8 - type: integer 
	Parameter NBF_WINDOWS bound to: 7 - type: integer 
	Parameter NB_OUTPUT bound to: 16 - type: integer 
	Parameter NBF_OUTPUT bound to: 13 - type: integer 
INFO: [Synth 8-6155] done synthesizing module 'pm_input_window' (0#1) [C:/Users/gm/Vivado Projects/complete_det_final_full_and_red/complete_det_final_full_and_red.srcs/sources_1/imports/CR_SCD_Estimator/POST_MRVL/UPDATE/pm_input_window_upd.sv:1]
INFO: [Synth 8-6157] synthesizing module 'ram2d_col_write_col_read' [C:/Users/gm/Vivado Projects/complete_det_final_full_and_red/complete_det_final_full_and_red.srcs/sources_1/imports/CR_SCD_Estimator/V1.1/CR_fist_stage_newram.sv:1]
	Parameter ROWS bound to: 32 - type: integer 
	Parameter COLS bound to: 128 - type: integer 
	Parameter W bound to: 32 - type: integer 
WARNING: [Synth 8-7186] Applying attribute ram_style = "block" is ignored, object 'mem[0][0]' is not inferred as ram due to incorrect usage [C:/Users/gm/Vivado Projects/complete_det_final_full_and_red/complete_det_final_full_and_red.srcs/sources_1/imports/CR_SCD_Estimator/V1.1/CR_fist_stage_newram.sv:17]
WARNING: [Synth 8-7186] Applying attribute ram_style = "block" is ignored, object 'mem[0][1]' is not inferred as ram due to incorrect usage [C:/Users/gm/Vivado Projects/complete_det_final_full_and_red/complete_det_final_full_and_red.srcs/sources_1/imports/CR_SCD_Estimator/V1.1/CR_fist_stage_newram.sv:17]
WARNING: [Synth 8-7186] Applying attribute ram_style = "block" is ignored, object 'mem[0][2]' is not inferred as ram due to incorrect usage [C:/Users/gm/Vivado Projects/complete_det_final_full_and_red/complete_det_final_full_and_red.srcs/sources_1/imports/CR_SCD_Estimator/V1.1/CR_fist_stage_newram.sv:17]
WARNING: [Synth 8-7186] Applying attribute ram_style = "block" is ignored, object 'mem[0][3]' is not inferred as ram due to incorrect usage [C:/Users/gm/Vivado Projects/complete_det_final_full_and_red/complete_det_final_full_and_red.srcs/sources_1/imports/CR_SCD_Estimator/V1.1/CR_fist_stage_newram.sv:17]
WARNING: [Synth 8-7186] Applying attribute ram_style = "block" is ignored, object 'mem[0][4]' is not inferred as ram due to incorrect usage [C:/Users/gm/Vivado Projects/complete_det_final_full_and_red/complete_det_final_full_and_red.srcs/sources_1/imports/CR_SCD_Estimator/V1.1/CR_fist_stage_newram.sv:17]
WARNING: [Synth 8-7186] Applying attribute ram_style = "block" is ignored, object 'mem[0][5]' is not inferred as ram due to incorrect usage [C:/Users/gm/Vivado Projects/complete_det_final_full_and_red/complete_det_final_full_and_red.srcs/sources_1/imports/CR_SCD_Estimator/V1.1/CR_fist_stage_newram.sv:17]
WARNING: [Synth 8-7186] Applying attribute ram_style = "block" is ignored, object 'mem[0][6]' is not inferred as ram due to incorrect usage [C:/Users/gm/Vivado Projects/complete_det_final_full_and_red/complete_det_final_full_and_red.srcs/sources_1/imports/CR_SCD_Estimator/V1.1/CR_fist_stage_newram.sv:17]
WARNING: [Synth 8-7186] Applying attribute ram_style = "block" is ignored, object 'mem[0][7]' is not inferred as ram due to incorrect usage [C:/Users/gm/Vivado Projects/complete_det_final_full_and_red/complete_det_final_full_and_red.srcs/sources_1/imports/CR_SCD_Estimator/V1.1/CR_fist_stage_newram.sv:17]
WARNING: [Synth 8-7186] Applying attribute ram_style = "block" is ignored, object 'mem[0][8]' is not inferred as ram due to incorrect usage [C:/Users/gm/Vivado Projects/complete_det_final_full_and_red/complete_det_final_full_and_red.srcs/sources_1/imports/CR_SCD_Estimator/V1.1/CR_fist_stage_newram.sv:17]
WARNING: [Synth 8-7186] Applying attribute ram_style = "block" is ignored, object 'mem[0][9]' is not inferred as ram due to incorrect usage [C:/Users/gm/Vivado Projects/complete_det_final_full_and_red/complete_det_final_full_and_red.srcs/sources_1/imports/CR_SCD_Estimator/V1.1/CR_fist_stage_newram.sv:17]
WARNING: [Synth 8-7186] Applying attribute ram_style = "block" is ignored, object 'mem[0][10]' is not inferred as ram due to incorrect usage [C:/Users/gm/Vivado Projects/complete_det_final_full_and_red/complete_det_final_full_and_red.srcs/sources_1/imports/CR_SCD_Estimator/V1.1/CR_fist_stage_newram.sv:17]
WARNING: [Synth 8-7186] Applying attribute ram_style = "block" is ignored, object 'mem[0][11]' is not inferred as ram due to incorrect usage [C:/Users/gm/Vivado Projects/complete_det_final_full_and_red/complete_det_final_full_and_red.srcs/sources_1/imports/CR_SCD_Estimator/V1.1/CR_fist_stage_newram.sv:17]
WARNING: [Synth 8-7186] Applying attribute ram_style = "block" is ignored, object 'mem[0][12]' is not inferred as ram due to incorrect usage [C:/Users/gm/Vivado Projects/complete_det_final_full_and_red/complete_det_final_full_and_red.srcs/sources_1/imports/CR_SCD_Estimator/V1.1/CR_fist_stage_newram.sv:17]
WARNING: [Synth 8-7186] Applying attribute ram_style = "block" is ignored, object 'mem[0][13]' is not inferred as ram due to incorrect usage [C:/Users/gm/Vivado Projects/complete_det_final_full_and_red/complete_det_final_full_and_red.srcs/sources_1/imports/CR_SCD_Estimator/V1.1/CR_fist_stage_newram.sv:17]
WARNING: [Synth 8-7186] Applying attribute ram_style = "block" is ignored, object 'mem[0][14]' is not inferred as ram due to incorrect usage [C:/Users/gm/Vivado Projects/complete_det_final_full_and_red/complete_det_final_full_and_red.srcs/sources_1/imports/CR_SCD_Estimator/V1.1/CR_fist_stage_newram.sv:17]
WARNING: [Synth 8-7186] Applying attribute ram_style = "block" is ignored, object 'mem[0][15]' is not inferred as ram due to incorrect usage [C:/Users/gm/Vivado Projects/complete_det_final_full_and_red/complete_det_final_full_and_red.srcs/sources_1/imports/CR_SCD_Estimator/V1.1/CR_fist_stage_newram.sv:17]
WARNING: [Synth 8-7186] Applying attribute ram_style = "block" is ignored, object 'mem[0][16]' is not inferred as ram due to incorrect usage [C:/Users/gm/Vivado Projects/complete_det_final_full_and_red/complete_det_final_full_and_red.srcs/sources_1/imports/CR_SCD_Estimator/V1.1/CR_fist_stage_newram.sv:17]
WARNING: [Synth 8-7186] Applying attribute ram_style = "block" is ignored, object 'mem[0][17]' is not inferred as ram due to incorrect usage [C:/Users/gm/Vivado Projects/complete_det_final_full_and_red/complete_det_final_full_and_red.srcs/sources_1/imports/CR_SCD_Estimator/V1.1/CR_fist_stage_newram.sv:17]
WARNING: [Synth 8-7186] Applying attribute ram_style = "block" is ignored, object 'mem[0][18]' is not inferred as ram due to incorrect usage [C:/Users/gm/Vivado Projects/complete_det_final_full_and_red/complete_det_final_full_and_red.srcs/sources_1/imports/CR_SCD_Estimator/V1.1/CR_fist_stage_newram.sv:17]
WARNING: [Synth 8-7186] Applying attribute ram_style = "block" is ignored, object 'mem[0][19]' is not inferred as ram due to incorrect usage [C:/Users/gm/Vivado Projects/complete_det_final_full_and_red/complete_det_final_full_and_red.srcs/sources_1/imports/CR_SCD_Estimator/V1.1/CR_fist_stage_newram.sv:17]
WARNING: [Synth 8-7186] Applying attribute ram_style = "block" is ignored, object 'mem[0][20]' is not inferred as ram due to incorrect usage [C:/Users/gm/Vivado Projects/complete_det_final_full_and_red/complete_det_final_full_and_red.srcs/sources_1/imports/CR_SCD_Estimator/V1.1/CR_fist_stage_newram.sv:17]
WARNING: [Synth 8-7186] Applying attribute ram_style = "block" is ignored, object 'mem[0][21]' is not inferred as ram due to incorrect usage [C:/Users/gm/Vivado Projects/complete_det_final_full_and_red/complete_det_final_full_and_red.srcs/sources_1/imports/CR_SCD_Estimator/V1.1/CR_fist_stage_newram.sv:17]
WARNING: [Synth 8-7186] Applying attribute ram_style = "block" is ignored, object 'mem[0][22]' is not inferred as ram due to incorrect usage [C:/Users/gm/Vivado Projects/complete_det_final_full_and_red/complete_det_final_full_and_red.srcs/sources_1/imports/CR_SCD_Estimator/V1.1/CR_fist_stage_newram.sv:17]
WARNING: [Synth 8-7186] Applying attribute ram_style = "block" is ignored, object 'mem[0][23]' is not inferred as ram due to incorrect usage [C:/Users/gm/Vivado Projects/complete_det_final_full_and_red/complete_det_final_full_and_red.srcs/sources_1/imports/CR_SCD_Estimator/V1.1/CR_fist_stage_newram.sv:17]
WARNING: [Synth 8-7186] Applying attribute ram_style = "block" is ignored, object 'mem[0][24]' is not inferred as ram due to incorrect usage [C:/Users/gm/Vivado Projects/complete_det_final_full_and_red/complete_det_final_full_and_red.srcs/sources_1/imports/CR_SCD_Estimator/V1.1/CR_fist_stage_newram.sv:17]
WARNING: [Synth 8-7186] Applying attribute ram_style = "block" is ignored, object 'mem[0][25]' is not inferred as ram due to incorrect usage [C:/Users/gm/Vivado Projects/complete_det_final_full_and_red/complete_det_final_full_and_red.srcs/sources_1/imports/CR_SCD_Estimator/V1.1/CR_fist_stage_newram.sv:17]
WARNING: [Synth 8-7186] Applying attribute ram_style = "block" is ignored, object 'mem[0][26]' is not inferred as ram due to incorrect usage [C:/Users/gm/Vivado Projects/complete_det_final_full_and_red/complete_det_final_full_and_red.srcs/sources_1/imports/CR_SCD_Estimator/V1.1/CR_fist_stage_newram.sv:17]
WARNING: [Synth 8-7186] Applying attribute ram_style = "block" is ignored, object 'mem[0][27]' is not inferred as ram due to incorrect usage [C:/Users/gm/Vivado Projects/complete_det_final_full_and_red/complete_det_final_full_and_red.srcs/sources_1/imports/CR_SCD_Estimator/V1.1/CR_fist_stage_newram.sv:17]
WARNING: [Synth 8-7186] Applying attribute ram_style = "block" is ignored, object 'mem[0][28]' is not inferred as ram due to incorrect usage [C:/Users/gm/Vivado Projects/complete_det_final_full_and_red/complete_det_final_full_and_red.srcs/sources_1/imports/CR_SCD_Estimator/V1.1/CR_fist_stage_newram.sv:17]
WARNING: [Synth 8-7186] Applying attribute ram_style = "block" is ignored, object 'mem[0][29]' is not inferred as ram due to incorrect usage [C:/Users/gm/Vivado Projects/complete_det_final_full_and_red/complete_det_final_full_and_red.srcs/sources_1/imports/CR_SCD_Estimator/V1.1/CR_fist_stage_newram.sv:17]
WARNING: [Synth 8-7186] Applying attribute ram_style = "block" is ignored, object 'mem[0][30]' is not inferred as ram due to incorrect usage [C:/Users/gm/Vivado Projects/complete_det_final_full_and_red/complete_det_final_full_and_red.srcs/sources_1/imports/CR_SCD_Estimator/V1.1/CR_fist_stage_newram.sv:17]
WARNING: [Synth 8-7186] Applying attribute ram_style = "block" is ignored, object 'mem[0][31]' is not inferred as ram due to incorrect usage [C:/Users/gm/Vivado Projects/complete_det_final_full_and_red/complete_det_final_full_and_red.srcs/sources_1/imports/CR_SCD_Estimator/V1.1/CR_fist_stage_newram.sv:17]
WARNING: [Synth 8-7186] Applying attribute ram_style = "block" is ignored, object 'mem[0][32]' is not inferred as ram due to incorrect usage [C:/Users/gm/Vivado Projects/complete_det_final_full_and_red/complete_det_final_full_and_red.srcs/sources_1/imports/CR_SCD_Estimator/V1.1/CR_fist_stage_newram.sv:17]
WARNING: [Synth 8-7186] Applying attribute ram_style = "block" is ignored, object 'mem[0][33]' is not inferred as ram due to incorrect usage [C:/Users/gm/Vivado Projects/complete_det_final_full_and_red/complete_det_final_full_and_red.srcs/sources_1/imports/CR_SCD_Estimator/V1.1/CR_fist_stage_newram.sv:17]
WARNING: [Synth 8-7186] Applying attribute ram_style = "block" is ignored, object 'mem[0][34]' is not inferred as ram due to incorrect usage [C:/Users/gm/Vivado Projects/complete_det_final_full_and_red/complete_det_final_full_and_red.srcs/sources_1/imports/CR_SCD_Estimator/V1.1/CR_fist_stage_newram.sv:17]
WARNING: [Synth 8-7186] Applying attribute ram_style = "block" is ignored, object 'mem[0][35]' is not inferred as ram due to incorrect usage [C:/Users/gm/Vivado Projects/complete_det_final_full_and_red/complete_det_final_full_and_red.srcs/sources_1/imports/CR_SCD_Estimator/V1.1/CR_fist_stage_newram.sv:17]
WARNING: [Synth 8-7186] Applying attribute ram_style = "block" is ignored, object 'mem[0][36]' is not inferred as ram due to incorrect usage [C:/Users/gm/Vivado Projects/complete_det_final_full_and_red/complete_det_final_full_and_red.srcs/sources_1/imports/CR_SCD_Estimator/V1.1/CR_fist_stage_newram.sv:17]
WARNING: [Synth 8-7186] Applying attribute ram_style = "block" is ignored, object 'mem[0][37]' is not inferred as ram due to incorrect usage [C:/Users/gm/Vivado Projects/complete_det_final_full_and_red/complete_det_final_full_and_red.srcs/sources_1/imports/CR_SCD_Estimator/V1.1/CR_fist_stage_newram.sv:17]
WARNING: [Synth 8-7186] Applying attribute ram_style = "block" is ignored, object 'mem[0][38]' is not inferred as ram due to incorrect usage [C:/Users/gm/Vivado Projects/complete_det_final_full_and_red/complete_det_final_full_and_red.srcs/sources_1/imports/CR_SCD_Estimator/V1.1/CR_fist_stage_newram.sv:17]
WARNING: [Synth 8-7186] Applying attribute ram_style = "block" is ignored, object 'mem[0][39]' is not inferred as ram due to incorrect usage [C:/Users/gm/Vivado Projects/complete_det_final_full_and_red/complete_det_final_full_and_red.srcs/sources_1/imports/CR_SCD_Estimator/V1.1/CR_fist_stage_newram.sv:17]
WARNING: [Synth 8-7186] Applying attribute ram_style = "block" is ignored, object 'mem[0][40]' is not inferred as ram due to incorrect usage [C:/Users/gm/Vivado Projects/complete_det_final_full_and_red/complete_det_final_full_and_red.srcs/sources_1/imports/CR_SCD_Estimator/V1.1/CR_fist_stage_newram.sv:17]
WARNING: [Synth 8-7186] Applying attribute ram_style = "block" is ignored, object 'mem[0][41]' is not inferred as ram due to incorrect usage [C:/Users/gm/Vivado Projects/complete_det_final_full_and_red/complete_det_final_full_and_red.srcs/sources_1/imports/CR_SCD_Estimator/V1.1/CR_fist_stage_newram.sv:17]
WARNING: [Synth 8-7186] Applying attribute ram_style = "block" is ignored, object 'mem[0][42]' is not inferred as ram due to incorrect usage [C:/Users/gm/Vivado Projects/complete_det_final_full_and_red/complete_det_final_full_and_red.srcs/sources_1/imports/CR_SCD_Estimator/V1.1/CR_fist_stage_newram.sv:17]
WARNING: [Synth 8-7186] Applying attribute ram_style = "block" is ignored, object 'mem[0][43]' is not inferred as ram due to incorrect usage [C:/Users/gm/Vivado Projects/complete_det_final_full_and_red/complete_det_final_full_and_red.srcs/sources_1/imports/CR_SCD_Estimator/V1.1/CR_fist_stage_newram.sv:17]
WARNING: [Synth 8-7186] Applying attribute ram_style = "block" is ignored, object 'mem[0][44]' is not inferred as ram due to incorrect usage [C:/Users/gm/Vivado Projects/complete_det_final_full_and_red/complete_det_final_full_and_red.srcs/sources_1/imports/CR_SCD_Estimator/V1.1/CR_fist_stage_newram.sv:17]
WARNING: [Synth 8-7186] Applying attribute ram_style = "block" is ignored, object 'mem[0][45]' is not inferred as ram due to incorrect usage [C:/Users/gm/Vivado Projects/complete_det_final_full_and_red/complete_det_final_full_and_red.srcs/sources_1/imports/CR_SCD_Estimator/V1.1/CR_fist_stage_newram.sv:17]
WARNING: [Synth 8-7186] Applying attribute ram_style = "block" is ignored, object 'mem[0][46]' is not inferred as ram due to incorrect usage [C:/Users/gm/Vivado Projects/complete_det_final_full_and_red/complete_det_final_full_and_red.srcs/sources_1/imports/CR_SCD_Estimator/V1.1/CR_fist_stage_newram.sv:17]
WARNING: [Synth 8-7186] Applying attribute ram_style = "block" is ignored, object 'mem[0][47]' is not inferred as ram due to incorrect usage [C:/Users/gm/Vivado Projects/complete_det_final_full_and_red/complete_det_final_full_and_red.srcs/sources_1/imports/CR_SCD_Estimator/V1.1/CR_fist_stage_newram.sv:17]
WARNING: [Synth 8-7186] Applying attribute ram_style = "block" is ignored, object 'mem[0][48]' is not inferred as ram due to incorrect usage [C:/Users/gm/Vivado Projects/complete_det_final_full_and_red/complete_det_final_full_and_red.srcs/sources_1/imports/CR_SCD_Estimator/V1.1/CR_fist_stage_newram.sv:17]
WARNING: [Synth 8-7186] Applying attribute ram_style = "block" is ignored, object 'mem[0][49]' is not inferred as ram due to incorrect usage [C:/Users/gm/Vivado Projects/complete_det_final_full_and_red/complete_det_final_full_and_red.srcs/sources_1/imports/CR_SCD_Estimator/V1.1/CR_fist_stage_newram.sv:17]
WARNING: [Synth 8-7186] Applying attribute ram_style = "block" is ignored, object 'mem[0][50]' is not inferred as ram due to incorrect usage [C:/Users/gm/Vivado Projects/complete_det_final_full_and_red/complete_det_final_full_and_red.srcs/sources_1/imports/CR_SCD_Estimator/V1.1/CR_fist_stage_newram.sv:17]
WARNING: [Synth 8-7186] Applying attribute ram_style = "block" is ignored, object 'mem[0][51]' is not inferred as ram due to incorrect usage [C:/Users/gm/Vivado Projects/complete_det_final_full_and_red/complete_det_final_full_and_red.srcs/sources_1/imports/CR_SCD_Estimator/V1.1/CR_fist_stage_newram.sv:17]
WARNING: [Synth 8-7186] Applying attribute ram_style = "block" is ignored, object 'mem[0][52]' is not inferred as ram due to incorrect usage [C:/Users/gm/Vivado Projects/complete_det_final_full_and_red/complete_det_final_full_and_red.srcs/sources_1/imports/CR_SCD_Estimator/V1.1/CR_fist_stage_newram.sv:17]
WARNING: [Synth 8-7186] Applying attribute ram_style = "block" is ignored, object 'mem[0][53]' is not inferred as ram due to incorrect usage [C:/Users/gm/Vivado Projects/complete_det_final_full_and_red/complete_det_final_full_and_red.srcs/sources_1/imports/CR_SCD_Estimator/V1.1/CR_fist_stage_newram.sv:17]
WARNING: [Synth 8-7186] Applying attribute ram_style = "block" is ignored, object 'mem[0][54]' is not inferred as ram due to incorrect usage [C:/Users/gm/Vivado Projects/complete_det_final_full_and_red/complete_det_final_full_and_red.srcs/sources_1/imports/CR_SCD_Estimator/V1.1/CR_fist_stage_newram.sv:17]
WARNING: [Synth 8-7186] Applying attribute ram_style = "block" is ignored, object 'mem[0][55]' is not inferred as ram due to incorrect usage [C:/Users/gm/Vivado Projects/complete_det_final_full_and_red/complete_det_final_full_and_red.srcs/sources_1/imports/CR_SCD_Estimator/V1.1/CR_fist_stage_newram.sv:17]
WARNING: [Synth 8-7186] Applying attribute ram_style = "block" is ignored, object 'mem[0][56]' is not inferred as ram due to incorrect usage [C:/Users/gm/Vivado Projects/complete_det_final_full_and_red/complete_det_final_full_and_red.srcs/sources_1/imports/CR_SCD_Estimator/V1.1/CR_fist_stage_newram.sv:17]
WARNING: [Synth 8-7186] Applying attribute ram_style = "block" is ignored, object 'mem[0][57]' is not inferred as ram due to incorrect usage [C:/Users/gm/Vivado Projects/complete_det_final_full_and_red/complete_det_final_full_and_red.srcs/sources_1/imports/CR_SCD_Estimator/V1.1/CR_fist_stage_newram.sv:17]
WARNING: [Synth 8-7186] Applying attribute ram_style = "block" is ignored, object 'mem[0][58]' is not inferred as ram due to incorrect usage [C:/Users/gm/Vivado Projects/complete_det_final_full_and_red/complete_det_final_full_and_red.srcs/sources_1/imports/CR_SCD_Estimator/V1.1/CR_fist_stage_newram.sv:17]
WARNING: [Synth 8-7186] Applying attribute ram_style = "block" is ignored, object 'mem[0][59]' is not inferred as ram due to incorrect usage [C:/Users/gm/Vivado Projects/complete_det_final_full_and_red/complete_det_final_full_and_red.srcs/sources_1/imports/CR_SCD_Estimator/V1.1/CR_fist_stage_newram.sv:17]
WARNING: [Synth 8-7186] Applying attribute ram_style = "block" is ignored, object 'mem[0][60]' is not inferred as ram due to incorrect usage [C:/Users/gm/Vivado Projects/complete_det_final_full_and_red/complete_det_final_full_and_red.srcs/sources_1/imports/CR_SCD_Estimator/V1.1/CR_fist_stage_newram.sv:17]
WARNING: [Synth 8-7186] Applying attribute ram_style = "block" is ignored, object 'mem[0][61]' is not inferred as ram due to incorrect usage [C:/Users/gm/Vivado Projects/complete_det_final_full_and_red/complete_det_final_full_and_red.srcs/sources_1/imports/CR_SCD_Estimator/V1.1/CR_fist_stage_newram.sv:17]
WARNING: [Synth 8-7186] Applying attribute ram_style = "block" is ignored, object 'mem[0][62]' is not inferred as ram due to incorrect usage [C:/Users/gm/Vivado Projects/complete_det_final_full_and_red/complete_det_final_full_and_red.srcs/sources_1/imports/CR_SCD_Estimator/V1.1/CR_fist_stage_newram.sv:17]
WARNING: [Synth 8-7186] Applying attribute ram_style = "block" is ignored, object 'mem[0][63]' is not inferred as ram due to incorrect usage [C:/Users/gm/Vivado Projects/complete_det_final_full_and_red/complete_det_final_full_and_red.srcs/sources_1/imports/CR_SCD_Estimator/V1.1/CR_fist_stage_newram.sv:17]
WARNING: [Synth 8-7186] Applying attribute ram_style = "block" is ignored, object 'mem[0][64]' is not inferred as ram due to incorrect usage [C:/Users/gm/Vivado Projects/complete_det_final_full_and_red/complete_det_final_full_and_red.srcs/sources_1/imports/CR_SCD_Estimator/V1.1/CR_fist_stage_newram.sv:17]
WARNING: [Synth 8-7186] Applying attribute ram_style = "block" is ignored, object 'mem[0][65]' is not inferred as ram due to incorrect usage [C:/Users/gm/Vivado Projects/complete_det_final_full_and_red/complete_det_final_full_and_red.srcs/sources_1/imports/CR_SCD_Estimator/V1.1/CR_fist_stage_newram.sv:17]
WARNING: [Synth 8-7186] Applying attribute ram_style = "block" is ignored, object 'mem[0][66]' is not inferred as ram due to incorrect usage [C:/Users/gm/Vivado Projects/complete_det_final_full_and_red/complete_det_final_full_and_red.srcs/sources_1/imports/CR_SCD_Estimator/V1.1/CR_fist_stage_newram.sv:17]
WARNING: [Synth 8-7186] Applying attribute ram_style = "block" is ignored, object 'mem[0][67]' is not inferred as ram due to incorrect usage [C:/Users/gm/Vivado Projects/complete_det_final_full_and_red/complete_det_final_full_and_red.srcs/sources_1/imports/CR_SCD_Estimator/V1.1/CR_fist_stage_newram.sv:17]
WARNING: [Synth 8-7186] Applying attribute ram_style = "block" is ignored, object 'mem[0][68]' is not inferred as ram due to incorrect usage [C:/Users/gm/Vivado Projects/complete_det_final_full_and_red/complete_det_final_full_and_red.srcs/sources_1/imports/CR_SCD_Estimator/V1.1/CR_fist_stage_newram.sv:17]
WARNING: [Synth 8-7186] Applying attribute ram_style = "block" is ignored, object 'mem[0][69]' is not inferred as ram due to incorrect usage [C:/Users/gm/Vivado Projects/complete_det_final_full_and_red/complete_det_final_full_and_red.srcs/sources_1/imports/CR_SCD_Estimator/V1.1/CR_fist_stage_newram.sv:17]
WARNING: [Synth 8-7186] Applying attribute ram_style = "block" is ignored, object 'mem[0][70]' is not inferred as ram due to incorrect usage [C:/Users/gm/Vivado Projects/complete_det_final_full_and_red/complete_det_final_full_and_red.srcs/sources_1/imports/CR_SCD_Estimator/V1.1/CR_fist_stage_newram.sv:17]
WARNING: [Synth 8-7186] Applying attribute ram_style = "block" is ignored, object 'mem[0][71]' is not inferred as ram due to incorrect usage [C:/Users/gm/Vivado Projects/complete_det_final_full_and_red/complete_det_final_full_and_red.srcs/sources_1/imports/CR_SCD_Estimator/V1.1/CR_fist_stage_newram.sv:17]
WARNING: [Synth 8-7186] Applying attribute ram_style = "block" is ignored, object 'mem[0][72]' is not inferred as ram due to incorrect usage [C:/Users/gm/Vivado Projects/complete_det_final_full_and_red/complete_det_final_full_and_red.srcs/sources_1/imports/CR_SCD_Estimator/V1.1/CR_fist_stage_newram.sv:17]
WARNING: [Synth 8-7186] Applying attribute ram_style = "block" is ignored, object 'mem[0][73]' is not inferred as ram due to incorrect usage [C:/Users/gm/Vivado Projects/complete_det_final_full_and_red/complete_det_final_full_and_red.srcs/sources_1/imports/CR_SCD_Estimator/V1.1/CR_fist_stage_newram.sv:17]
WARNING: [Synth 8-7186] Applying attribute ram_style = "block" is ignored, object 'mem[0][74]' is not inferred as ram due to incorrect usage [C:/Users/gm/Vivado Projects/complete_det_final_full_and_red/complete_det_final_full_and_red.srcs/sources_1/imports/CR_SCD_Estimator/V1.1/CR_fist_stage_newram.sv:17]
WARNING: [Synth 8-7186] Applying attribute ram_style = "block" is ignored, object 'mem[0][75]' is not inferred as ram due to incorrect usage [C:/Users/gm/Vivado Projects/complete_det_final_full_and_red/complete_det_final_full_and_red.srcs/sources_1/imports/CR_SCD_Estimator/V1.1/CR_fist_stage_newram.sv:17]
WARNING: [Synth 8-7186] Applying attribute ram_style = "block" is ignored, object 'mem[0][76]' is not inferred as ram due to incorrect usage [C:/Users/gm/Vivado Projects/complete_det_final_full_and_red/complete_det_final_full_and_red.srcs/sources_1/imports/CR_SCD_Estimator/V1.1/CR_fist_stage_newram.sv:17]
WARNING: [Synth 8-7186] Applying attribute ram_style = "block" is ignored, object 'mem[0][77]' is not inferred as ram due to incorrect usage [C:/Users/gm/Vivado Projects/complete_det_final_full_and_red/complete_det_final_full_and_red.srcs/sources_1/imports/CR_SCD_Estimator/V1.1/CR_fist_stage_newram.sv:17]
WARNING: [Synth 8-7186] Applying attribute ram_style = "block" is ignored, object 'mem[0][78]' is not inferred as ram due to incorrect usage [C:/Users/gm/Vivado Projects/complete_det_final_full_and_red/complete_det_final_full_and_red.srcs/sources_1/imports/CR_SCD_Estimator/V1.1/CR_fist_stage_newram.sv:17]
WARNING: [Synth 8-7186] Applying attribute ram_style = "block" is ignored, object 'mem[0][79]' is not inferred as ram due to incorrect usage [C:/Users/gm/Vivado Projects/complete_det_final_full_and_red/complete_det_final_full_and_red.srcs/sources_1/imports/CR_SCD_Estimator/V1.1/CR_fist_stage_newram.sv:17]
WARNING: [Synth 8-7186] Applying attribute ram_style = "block" is ignored, object 'mem[0][80]' is not inferred as ram due to incorrect usage [C:/Users/gm/Vivado Projects/complete_det_final_full_and_red/complete_det_final_full_and_red.srcs/sources_1/imports/CR_SCD_Estimator/V1.1/CR_fist_stage_newram.sv:17]
WARNING: [Synth 8-7186] Applying attribute ram_style = "block" is ignored, object 'mem[0][81]' is not inferred as ram due to incorrect usage [C:/Users/gm/Vivado Projects/complete_det_final_full_and_red/complete_det_final_full_and_red.srcs/sources_1/imports/CR_SCD_Estimator/V1.1/CR_fist_stage_newram.sv:17]
WARNING: [Synth 8-7186] Applying attribute ram_style = "block" is ignored, object 'mem[0][82]' is not inferred as ram due to incorrect usage [C:/Users/gm/Vivado Projects/complete_det_final_full_and_red/complete_det_final_full_and_red.srcs/sources_1/imports/CR_SCD_Estimator/V1.1/CR_fist_stage_newram.sv:17]
WARNING: [Synth 8-7186] Applying attribute ram_style = "block" is ignored, object 'mem[0][83]' is not inferred as ram due to incorrect usage [C:/Users/gm/Vivado Projects/complete_det_final_full_and_red/complete_det_final_full_and_red.srcs/sources_1/imports/CR_SCD_Estimator/V1.1/CR_fist_stage_newram.sv:17]
WARNING: [Synth 8-7186] Applying attribute ram_style = "block" is ignored, object 'mem[0][84]' is not inferred as ram due to incorrect usage [C:/Users/gm/Vivado Projects/complete_det_final_full_and_red/complete_det_final_full_and_red.srcs/sources_1/imports/CR_SCD_Estimator/V1.1/CR_fist_stage_newram.sv:17]
WARNING: [Synth 8-7186] Applying attribute ram_style = "block" is ignored, object 'mem[0][85]' is not inferred as ram due to incorrect usage [C:/Users/gm/Vivado Projects/complete_det_final_full_and_red/complete_det_final_full_and_red.srcs/sources_1/imports/CR_SCD_Estimator/V1.1/CR_fist_stage_newram.sv:17]
WARNING: [Synth 8-7186] Applying attribute ram_style = "block" is ignored, object 'mem[0][86]' is not inferred as ram due to incorrect usage [C:/Users/gm/Vivado Projects/complete_det_final_full_and_red/complete_det_final_full_and_red.srcs/sources_1/imports/CR_SCD_Estimator/V1.1/CR_fist_stage_newram.sv:17]
WARNING: [Synth 8-7186] Applying attribute ram_style = "block" is ignored, object 'mem[0][87]' is not inferred as ram due to incorrect usage [C:/Users/gm/Vivado Projects/complete_det_final_full_and_red/complete_det_final_full_and_red.srcs/sources_1/imports/CR_SCD_Estimator/V1.1/CR_fist_stage_newram.sv:17]
WARNING: [Synth 8-7186] Applying attribute ram_style = "block" is ignored, object 'mem[0][88]' is not inferred as ram due to incorrect usage [C:/Users/gm/Vivado Projects/complete_det_final_full_and_red/complete_det_final_full_and_red.srcs/sources_1/imports/CR_SCD_Estimator/V1.1/CR_fist_stage_newram.sv:17]
WARNING: [Synth 8-7186] Applying attribute ram_style = "block" is ignored, object 'mem[0][89]' is not inferred as ram due to incorrect usage [C:/Users/gm/Vivado Projects/complete_det_final_full_and_red/complete_det_final_full_and_red.srcs/sources_1/imports/CR_SCD_Estimator/V1.1/CR_fist_stage_newram.sv:17]
WARNING: [Synth 8-7186] Applying attribute ram_style = "block" is ignored, object 'mem[0][90]' is not inferred as ram due to incorrect usage [C:/Users/gm/Vivado Projects/complete_det_final_full_and_red/complete_det_final_full_and_red.srcs/sources_1/imports/CR_SCD_Estimator/V1.1/CR_fist_stage_newram.sv:17]
WARNING: [Synth 8-7186] Applying attribute ram_style = "block" is ignored, object 'mem[0][91]' is not inferred as ram due to incorrect usage [C:/Users/gm/Vivado Projects/complete_det_final_full_and_red/complete_det_final_full_and_red.srcs/sources_1/imports/CR_SCD_Estimator/V1.1/CR_fist_stage_newram.sv:17]
WARNING: [Synth 8-7186] Applying attribute ram_style = "block" is ignored, object 'mem[0][92]' is not inferred as ram due to incorrect usage [C:/Users/gm/Vivado Projects/complete_det_final_full_and_red/complete_det_final_full_and_red.srcs/sources_1/imports/CR_SCD_Estimator/V1.1/CR_fist_stage_newram.sv:17]
WARNING: [Synth 8-7186] Applying attribute ram_style = "block" is ignored, object 'mem[0][93]' is not inferred as ram due to incorrect usage [C:/Users/gm/Vivado Projects/complete_det_final_full_and_red/complete_det_final_full_and_red.srcs/sources_1/imports/CR_SCD_Estimator/V1.1/CR_fist_stage_newram.sv:17]
WARNING: [Synth 8-7186] Applying attribute ram_style = "block" is ignored, object 'mem[0][94]' is not inferred as ram due to incorrect usage [C:/Users/gm/Vivado Projects/complete_det_final_full_and_red/complete_det_final_full_and_red.srcs/sources_1/imports/CR_SCD_Estimator/V1.1/CR_fist_stage_newram.sv:17]
WARNING: [Synth 8-7186] Applying attribute ram_style = "block" is ignored, object 'mem[0][95]' is not inferred as ram due to incorrect usage [C:/Users/gm/Vivado Projects/complete_det_final_full_and_red/complete_det_final_full_and_red.srcs/sources_1/imports/CR_SCD_Estimator/V1.1/CR_fist_stage_newram.sv:17]
WARNING: [Synth 8-7186] Applying attribute ram_style = "block" is ignored, object 'mem[0][96]' is not inferred as ram due to incorrect usage [C:/Users/gm/Vivado Projects/complete_det_final_full_and_red/complete_det_final_full_and_red.srcs/sources_1/imports/CR_SCD_Estimator/V1.1/CR_fist_stage_newram.sv:17]
WARNING: [Synth 8-7186] Applying attribute ram_style = "block" is ignored, object 'mem[0][97]' is not inferred as ram due to incorrect usage [C:/Users/gm/Vivado Projects/complete_det_final_full_and_red/complete_det_final_full_and_red.srcs/sources_1/imports/CR_SCD_Estimator/V1.1/CR_fist_stage_newram.sv:17]
WARNING: [Synth 8-7186] Applying attribute ram_style = "block" is ignored, object 'mem[0][98]' is not inferred as ram due to incorrect usage [C:/Users/gm/Vivado Projects/complete_det_final_full_and_red/complete_det_final_full_and_red.srcs/sources_1/imports/CR_SCD_Estimator/V1.1/CR_fist_stage_newram.sv:17]
WARNING: [Synth 8-7186] Applying attribute ram_style = "block" is ignored, object 'mem[0][99]' is not inferred as ram due to incorrect usage [C:/Users/gm/Vivado Projects/complete_det_final_full_and_red/complete_det_final_full_and_red.srcs/sources_1/imports/CR_SCD_Estimator/V1.1/CR_fist_stage_newram.sv:17]
INFO: [Common 17-14] Message 'Synth 8-7186' appears 100 times and further instances of the messages will be disabled. Use the Tcl command set_msg_config to change the current settings.
INFO: [Synth 8-6155] done synthesizing module 'ram2d_col_write_col_read' (0#1) [C:/Users/gm/Vivado Projects/complete_det_final_full_and_red/complete_det_final_full_and_red.srcs/sources_1/imports/CR_SCD_Estimator/V1.1/CR_fist_stage_newram.sv:1]
INFO: [Synth 8-6157] synthesizing module 'xfft_0' [C:/Users/gm/Vivado Projects/complete_det_final_full_and_red/complete_det_final_full_and_red.runs/synth_1/.Xil/Vivado-21752-Geronimo/realtime/xfft_0_stub.v:6]
INFO: [Synth 8-6155] done synthesizing module 'xfft_0' (0#1) [C:/Users/gm/Vivado Projects/complete_det_final_full_and_red/complete_det_final_full_and_red.runs/synth_1/.Xil/Vivado-21752-Geronimo/realtime/xfft_0_stub.v:6]
INFO: [Synth 8-6157] synthesizing module 'first_stage_fsmd' [C:/Users/gm/Vivado Projects/complete_det_final_full_and_red/complete_det_final_full_and_red.srcs/sources_1/imports/CR_SCD_Estimator/POST_MRVL/pm_first_stage_fsmd.sv:1]
	Parameter P_MAX bound to: 128 - type: integer 
	Parameter NP bound to: 32 - type: integer 
	Parameter NB_DATA bound to: 16 - type: integer 
	Parameter NBF_DATA bound to: 13 - type: integer 
	Parameter NB_WIN bound to: 8 - type: integer 
	Parameter NBF_WIN bound to: 7 - type: integer 
	Parameter AXI_CONFIG_WIDTH bound to: 7 - type: integer 
INFO: [Synth 8-6155] done synthesizing module 'first_stage_fsmd' (0#1) [C:/Users/gm/Vivado Projects/complete_det_final_full_and_red/complete_det_final_full_and_red.srcs/sources_1/imports/CR_SCD_Estimator/POST_MRVL/pm_first_stage_fsmd.sv:1]
INFO: [Synth 8-6155] done synthesizing module 'pm_first_stage_wrap' (0#1) [C:/Users/gm/Vivado Projects/complete_det_final_full_and_red/complete_det_final_full_and_red.srcs/sources_1/imports/POST_MRVL/pm_first_stage_wrap.sv:1]
INFO: [Synth 8-6157] synthesizing module 'pm_second_stage_wrap' [C:/Users/gm/Vivado Projects/complete_det_final_full_and_red/complete_det_final_full_and_red.srcs/sources_1/imports/POST_MRVL/pm_second_stage_wrap.sv:1]
	Parameter NP bound to: 32 - type: integer 
	Parameter P_MAX bound to: 128 - type: integer 
	Parameter NB_DATA bound to: 16 - type: integer 
	Parameter NBF_DATA bound to: 15 - type: integer 
	Parameter NBF_DATA_O bound to: 13 - type: integer 
	Parameter NB_EXPO bound to: 16 - type: integer 
	Parameter NB_FFT1_IN bound to: 32 - type: integer 
	Parameter NB_FFT2_OUT bound to: 64 - type: integer 
INFO: [Synth 8-6157] synthesizing module 'cmpy_0' [C:/Users/gm/Vivado Projects/complete_det_final_full_and_red/complete_det_final_full_and_red.runs/synth_1/.Xil/Vivado-21752-Geronimo/realtime/cmpy_0_stub.v:6]
INFO: [Synth 8-6155] done synthesizing module 'cmpy_0' (0#1) [C:/Users/gm/Vivado Projects/complete_det_final_full_and_red/complete_det_final_full_and_red.runs/synth_1/.Xil/Vivado-21752-Geronimo/realtime/cmpy_0_stub.v:6]
INFO: [Synth 8-6157] synthesizing module 'cmpy_1' [C:/Users/gm/Vivado Projects/complete_det_final_full_and_red/complete_det_final_full_and_red.runs/synth_1/.Xil/Vivado-21752-Geronimo/realtime/cmpy_1_stub.v:6]
INFO: [Synth 8-6155] done synthesizing module 'cmpy_1' (0#1) [C:/Users/gm/Vivado Projects/complete_det_final_full_and_red/complete_det_final_full_and_red.runs/synth_1/.Xil/Vivado-21752-Geronimo/realtime/cmpy_1_stub.v:6]
INFO: [Synth 8-6157] synthesizing module 'ram2d_col_write_col_read_ns' [C:/Users/gm/Vivado Projects/complete_det_final_full_and_red/complete_det_final_full_and_red.srcs/sources_1/new/ram2d_col_write_col_read_ns.sv:1]
	Parameter ROWS bound to: 32 - type: integer 
	Parameter COLS bound to: 128 - type: integer 
	Parameter W bound to: 32 - type: integer 
INFO: [Synth 8-6155] done synthesizing module 'ram2d_col_write_col_read_ns' (0#1) [C:/Users/gm/Vivado Projects/complete_det_final_full_and_red/complete_det_final_full_and_red.srcs/sources_1/new/ram2d_col_write_col_read_ns.sv:1]
INFO: [Synth 8-6157] synthesizing module 'xfft_1' [C:/Users/gm/Vivado Projects/complete_det_final_full_and_red/complete_det_final_full_and_red.runs/synth_1/.Xil/Vivado-21752-Geronimo/realtime/xfft_1_stub.v:6]
INFO: [Synth 8-6155] done synthesizing module 'xfft_1' (0#1) [C:/Users/gm/Vivado Projects/complete_det_final_full_and_red/complete_det_final_full_and_red.runs/synth_1/.Xil/Vivado-21752-Geronimo/realtime/xfft_1_stub.v:6]
INFO: [Synth 8-6157] synthesizing module 'fft_done_detector' [C:/Users/gm/Vivado Projects/complete_det_final_full_and_red/complete_det_final_full_and_red.srcs/sources_1/imports/UPDATE/pm_fft2_done_detect.sv:1]
	Parameter TIMEOUT_CYCLES bound to: 1000 - type: integer 
INFO: [Synth 8-294] found qualifier unique on case statement: implementing as parallel_case [C:/Users/gm/Vivado Projects/complete_det_final_full_and_red/complete_det_final_full_and_red.srcs/sources_1/imports/UPDATE/pm_fft2_done_detect.sv:49]
INFO: [Synth 8-6155] done synthesizing module 'fft_done_detector' (0#1) [C:/Users/gm/Vivado Projects/complete_det_final_full_and_red/complete_det_final_full_and_red.srcs/sources_1/imports/UPDATE/pm_fft2_done_detect.sv:1]
INFO: [Synth 8-6157] synthesizing module 'second_stage_fsmd' [C:/Users/gm/Vivado Projects/complete_det_final_full_and_red/complete_det_final_full_and_red.srcs/sources_1/imports/POST_MRVL/pm_second_stage_fsmd.sv:1]
	Parameter NB_FFT1_DATA bound to: 32 - type: integer 
	Parameter NB_FFT2_CONFIG bound to: 17 - type: integer 
	Parameter NB_FFT2_DATA bound to: 64 - type: integer 
	Parameter NB_CMULT1_A bound to: 32 - type: integer 
	Parameter NBF_CMULT1_A bound to: 13 - type: integer 
	Parameter NB_CMULT1_B bound to: 16 - type: integer 
	Parameter NB_CMULT1_O bound to: 32 - type: integer 
	Parameter NB_CMULT2_A bound to: 32 - type: integer 
	Parameter NB_CMULT2_B bound to: 32 - type: integer 
	Parameter NB_CMULT2_O bound to: 64 - type: integer 
	Parameter RAM_DATA_WIDTH bound to: 32 - type: integer 
	Parameter RAM_COL_ADDR_WIDTH bound to: 7 - type: integer 
	Parameter RAM_ROW_ADDR_WIDTH bound to: 5 - type: integer 
	Parameter NP bound to: 32 - type: integer 
	Parameter P_MAX bound to: 128 - type: integer 
	Parameter NB_DATA bound to: 16 - type: integer 
	Parameter NBF_DATA bound to: 15 - type: integer 
INFO: [Synth 8-226] default block is never used [C:/Users/gm/Vivado Projects/complete_det_final_full_and_red/complete_det_final_full_and_red.srcs/sources_1/imports/POST_MRVL/pm_second_stage_fsmd.sv:297]
INFO: [Synth 8-226] default block is never used [C:/Users/gm/Vivado Projects/complete_det_final_full_and_red/complete_det_final_full_and_red.srcs/sources_1/imports/POST_MRVL/pm_second_stage_fsmd.sv:307]
INFO: [Synth 8-155] case statement is not full and has no default [C:/Users/gm/Vivado Projects/complete_det_final_full_and_red/complete_det_final_full_and_red.srcs/sources_1/imports/POST_MRVL/pm_second_stage_fsmd.sv:593]
INFO: [Synth 8-6155] done synthesizing module 'second_stage_fsmd' (0#1) [C:/Users/gm/Vivado Projects/complete_det_final_full_and_red/complete_det_final_full_and_red.srcs/sources_1/imports/POST_MRVL/pm_second_stage_fsmd.sv:1]
INFO: [Synth 8-6155] done synthesizing module 'pm_second_stage_wrap' (0#1) [C:/Users/gm/Vivado Projects/complete_det_final_full_and_red/complete_det_final_full_and_red.srcs/sources_1/imports/POST_MRVL/pm_second_stage_wrap.sv:1]
INFO: [Synth 8-6155] done synthesizing module 'pm_scd_top' (0#1) [C:/Users/gm/Vivado Projects/complete_det_final_full_and_red/complete_det_final_full_and_red.srcs/sources_1/imports/POST_MRVL/pm_scd_top.sv:1]
INFO: [Synth 8-6157] synthesizing module 'pm_top_mux_fsmd' [C:/Users/gm/Vivado Projects/complete_det_final_full_and_red/complete_det_final_full_and_red.srcs/sources_1/imports/V1.1/pm_top_mux_fsmd.sv:1]
	Parameter NB_SAMPLE_DATA bound to: 12 - type: integer 
	Parameter N_NOISE_SAMPLES bound to: 1024 - type: integer 
	Parameter N_DESIRED_SAMPLES bound to: 1024 - type: integer 
INFO: [Synth 8-294] found qualifier unique on case statement: implementing as parallel_case [C:/Users/gm/Vivado Projects/complete_det_final_full_and_red/complete_det_final_full_and_red.srcs/sources_1/imports/V1.1/pm_top_mux_fsmd.sv:98]
INFO: [Synth 8-155] case statement is not full and has no default [C:/Users/gm/Vivado Projects/complete_det_final_full_and_red/complete_det_final_full_and_red.srcs/sources_1/imports/V1.1/pm_top_mux_fsmd.sv:123]
INFO: [Synth 8-6155] done synthesizing module 'pm_top_mux_fsmd' (0#1) [C:/Users/gm/Vivado Projects/complete_det_final_full_and_red/complete_det_final_full_and_red.srcs/sources_1/imports/V1.1/pm_top_mux_fsmd.sv:1]
INFO: [Synth 8-6155] done synthesizing module 'pm_top_mux' (0#1) [C:/Users/gm/Vivado Projects/complete_det_final_full_and_red/complete_det_final_full_and_red.srcs/sources_1/imports/V1.1/pm_top_mux.sv:1]
INFO: [Synth 8-6157] synthesizing module 'comblock_setup_wrapper' [C:/Users/gm/Vivado Projects/complete_det_final_full_and_red/complete_det_final_full_and_red.gen/sources_1/bd/comblock_setup/hdl/comblock_setup_wrapper.v:13]
INFO: [Synth 8-6157] synthesizing module 'comblock_setup' [c:/Users/gm/Vivado Projects/complete_det_final_full_and_red/complete_det_final_full_and_red.gen/sources_1/bd/comblock_setup/synth/comblock_setup.v:13]
INFO: [Synth 8-6157] synthesizing module 'comblock_setup_comblock_0_0' [C:/Users/gm/Vivado Projects/complete_det_final_full_and_red/complete_det_final_full_and_red.runs/synth_1/.Xil/Vivado-21752-Geronimo/realtime/comblock_setup_comblock_0_0_stub.v:6]
INFO: [Synth 8-6155] done synthesizing module 'comblock_setup_comblock_0_0' (0#1) [C:/Users/gm/Vivado Projects/complete_det_final_full_and_red/complete_det_final_full_and_red.runs/synth_1/.Xil/Vivado-21752-Geronimo/realtime/comblock_setup_comblock_0_0_stub.v:6]
INFO: [Synth 8-6157] synthesizing module 'comblock_setup_processing_system7_0_1' [C:/Users/gm/Vivado Projects/complete_det_final_full_and_red/complete_det_final_full_and_red.runs/synth_1/.Xil/Vivado-21752-Geronimo/realtime/comblock_setup_processing_system7_0_1_stub.v:6]
INFO: [Synth 8-6155] done synthesizing module 'comblock_setup_processing_system7_0_1' (0#1) [C:/Users/gm/Vivado Projects/complete_det_final_full_and_red/complete_det_final_full_and_red.runs/synth_1/.Xil/Vivado-21752-Geronimo/realtime/comblock_setup_processing_system7_0_1_stub.v:6]
WARNING: [Synth 8-7071] port 'USB0_PORT_INDCTL' of module 'comblock_setup_processing_system7_0_1' is unconnected for instance 'processing_system7_0' [c:/Users/gm/Vivado Projects/complete_det_final_full_and_red/complete_det_final_full_and_red.gen/sources_1/bd/comblock_setup/synth/comblock_setup.v:220]
WARNING: [Synth 8-7071] port 'USB0_VBUS_PWRSELECT' of module 'comblock_setup_processing_system7_0_1' is unconnected for instance 'processing_system7_0' [c:/Users/gm/Vivado Projects/complete_det_final_full_and_red/complete_det_final_full_and_red.gen/sources_1/bd/comblock_setup/synth/comblock_setup.v:220]
WARNING: [Synth 8-7023] instance 'processing_system7_0' of module 'comblock_setup_processing_system7_0_1' has 65 connections declared, but only 63 given [c:/Users/gm/Vivado Projects/complete_det_final_full_and_red/complete_det_final_full_and_red.gen/sources_1/bd/comblock_setup/synth/comblock_setup.v:220]
INFO: [Synth 8-6157] synthesizing module 'comblock_setup_ps7_0_axi_periph_1' [c:/Users/gm/Vivado Projects/complete_det_final_full_and_red/complete_det_final_full_and_red.gen/sources_1/bd/comblock_setup/synth/comblock_setup.v:357]
INFO: [Synth 8-6157] synthesizing module 's00_couplers_imp_1K76NVI' [c:/Users/gm/Vivado Projects/complete_det_final_full_and_red/complete_det_final_full_and_red.gen/sources_1/bd/comblock_setup/synth/comblock_setup.v:672]
INFO: [Synth 8-6157] synthesizing module 'comblock_setup_auto_pc_0' [C:/Users/gm/Vivado Projects/complete_det_final_full_and_red/complete_det_final_full_and_red.runs/synth_1/.Xil/Vivado-21752-Geronimo/realtime/comblock_setup_auto_pc_0_stub.v:6]
INFO: [Synth 8-6155] done synthesizing module 'comblock_setup_auto_pc_0' (0#1) [C:/Users/gm/Vivado Projects/complete_det_final_full_and_red/complete_det_final_full_and_red.runs/synth_1/.Xil/Vivado-21752-Geronimo/realtime/comblock_setup_auto_pc_0_stub.v:6]
INFO: [Synth 8-6155] done synthesizing module 's00_couplers_imp_1K76NVI' (0#1) [c:/Users/gm/Vivado Projects/complete_det_final_full_and_red/complete_det_final_full_and_red.gen/sources_1/bd/comblock_setup/synth/comblock_setup.v:672]
INFO: [Synth 8-6155] done synthesizing module 'comblock_setup_ps7_0_axi_periph_1' (0#1) [c:/Users/gm/Vivado Projects/complete_det_final_full_and_red/complete_det_final_full_and_red.gen/sources_1/bd/comblock_setup/synth/comblock_setup.v:357]
INFO: [Synth 8-6157] synthesizing module 'comblock_setup_rst_ps7_0_100M_1' [C:/Users/gm/Vivado Projects/complete_det_final_full_and_red/complete_det_final_full_and_red.runs/synth_1/.Xil/Vivado-21752-Geronimo/realtime/comblock_setup_rst_ps7_0_100M_1_stub.v:6]
INFO: [Synth 8-6155] done synthesizing module 'comblock_setup_rst_ps7_0_100M_1' (0#1) [C:/Users/gm/Vivado Projects/complete_det_final_full_and_red/complete_det_final_full_and_red.runs/synth_1/.Xil/Vivado-21752-Geronimo/realtime/comblock_setup_rst_ps7_0_100M_1_stub.v:6]
WARNING: [Synth 8-7071] port 'mb_reset' of module 'comblock_setup_rst_ps7_0_100M_1' is unconnected for instance 'rst_ps7_0_100M' [c:/Users/gm/Vivado Projects/complete_det_final_full_and_red/complete_det_final_full_and_red.gen/sources_1/bd/comblock_setup/synth/comblock_setup.v:348]
WARNING: [Synth 8-7071] port 'bus_struct_reset' of module 'comblock_setup_rst_ps7_0_100M_1' is unconnected for instance 'rst_ps7_0_100M' [c:/Users/gm/Vivado Projects/complete_det_final_full_and_red/complete_det_final_full_and_red.gen/sources_1/bd/comblock_setup/synth/comblock_setup.v:348]
WARNING: [Synth 8-7071] port 'peripheral_reset' of module 'comblock_setup_rst_ps7_0_100M_1' is unconnected for instance 'rst_ps7_0_100M' [c:/Users/gm/Vivado Projects/complete_det_final_full_and_red/complete_det_final_full_and_red.gen/sources_1/bd/comblock_setup/synth/comblock_setup.v:348]
WARNING: [Synth 8-7071] port 'interconnect_aresetn' of module 'comblock_setup_rst_ps7_0_100M_1' is unconnected for instance 'rst_ps7_0_100M' [c:/Users/gm/Vivado Projects/complete_det_final_full_and_red/complete_det_final_full_and_red.gen/sources_1/bd/comblock_setup/synth/comblock_setup.v:348]
WARNING: [Synth 8-7023] instance 'rst_ps7_0_100M' of module 'comblock_setup_rst_ps7_0_100M_1' has 10 connections declared, but only 6 given [c:/Users/gm/Vivado Projects/complete_det_final_full_and_red/complete_det_final_full_and_red.gen/sources_1/bd/comblock_setup/synth/comblock_setup.v:348]
INFO: [Synth 8-6155] done synthesizing module 'comblock_setup' (0#1) [c:/Users/gm/Vivado Projects/complete_det_final_full_and_red/complete_det_final_full_and_red.gen/sources_1/bd/comblock_setup/synth/comblock_setup.v:13]
INFO: [Synth 8-6155] done synthesizing module 'comblock_setup_wrapper' (0#1) [C:/Users/gm/Vivado Projects/complete_det_final_full_and_red/complete_det_final_full_and_red.gen/sources_1/bd/comblock_setup/hdl/comblock_setup_wrapper.v:13]
INFO: [Synth 8-6155] done synthesizing module 'top' (0#1) [C:/Users/gm/Vivado Projects/complete_det_final_full_and_red/complete_det_final_full_and_red.srcs/sources_1/new/top.sv:1]
WARNING: [Synth 8-6014] Unused sequential element r_s_cmult1_axis_b_tvalid_reg was removed.  [C:/Users/gm/Vivado Projects/complete_det_final_full_and_red/complete_det_final_full_and_red.srcs/sources_1/imports/POST_MRVL/pm_second_stage_fsmd.sv:1025]
WARNING: [Synth 8-6014] Unused sequential element r_s_cmult2_axis_b_tvalid_reg was removed.  [C:/Users/gm/Vivado Projects/complete_det_final_full_and_red/complete_det_final_full_and_red.srcs/sources_1/imports/POST_MRVL/pm_second_stage_fsmd.sv:1027]
WARNING: [Synth 8-6014] Unused sequential element r_compare_detect_en_reg was removed.  [C:/Users/gm/Vivado Projects/complete_det_final_full_and_red/complete_det_final_full_and_red.srcs/sources_1/imports/V1.1/pm_top_mux_fsmd.sv:229]
WARNING: [Synth 8-7129] Port M_ACLK in module s00_couplers_imp_1K76NVI is either unconnected or has no load
WARNING: [Synth 8-7129] Port M_ARESETN in module s00_couplers_imp_1K76NVI is either unconnected or has no load
WARNING: [Synth 8-7129] Port ACLK in module comblock_setup_ps7_0_axi_periph_1 is either unconnected or has no load
WARNING: [Synth 8-7129] Port ARESETN in module comblock_setup_ps7_0_axi_periph_1 is either unconnected or has no load
WARNING: [Synth 8-7129] Port i_m_cmult1_axis_dout_tdata[63] in module second_stage_fsmd is either unconnected or has no load
WARNING: [Synth 8-7129] Port i_m_cmult1_axis_dout_tdata[62] in module second_stage_fsmd is either unconnected or has no load
WARNING: [Synth 8-7129] Port i_m_cmult1_axis_dout_tdata[61] in module second_stage_fsmd is either unconnected or has no load
WARNING: [Synth 8-7129] Port i_m_cmult1_axis_dout_tdata[60] in module second_stage_fsmd is either unconnected or has no load
WARNING: [Synth 8-7129] Port i_m_cmult1_axis_dout_tdata[59] in module second_stage_fsmd is either unconnected or has no load
WARNING: [Synth 8-7129] Port i_m_cmult1_axis_dout_tdata[58] in module second_stage_fsmd is either unconnected or has no load
WARNING: [Synth 8-7129] Port i_m_cmult1_axis_dout_tdata[57] in module second_stage_fsmd is either unconnected or has no load
WARNING: [Synth 8-7129] Port i_m_cmult1_axis_dout_tdata[36] in module second_stage_fsmd is either unconnected or has no load
WARNING: [Synth 8-7129] Port i_m_cmult1_axis_dout_tdata[35] in module second_stage_fsmd is either unconnected or has no load
WARNING: [Synth 8-7129] Port i_m_cmult1_axis_dout_tdata[34] in module second_stage_fsmd is either unconnected or has no load
WARNING: [Synth 8-7129] Port i_m_cmult1_axis_dout_tdata[33] in module second_stage_fsmd is either unconnected or has no load
WARNING: [Synth 8-7129] Port i_m_cmult1_axis_dout_tdata[32] in module second_stage_fsmd is either unconnected or has no load
WARNING: [Synth 8-7129] Port i_m_cmult1_axis_dout_tdata[31] in module second_stage_fsmd is either unconnected or has no load
WARNING: [Synth 8-7129] Port i_m_cmult1_axis_dout_tdata[30] in module second_stage_fsmd is either unconnected or has no load
WARNING: [Synth 8-7129] Port i_m_cmult1_axis_dout_tdata[29] in module second_stage_fsmd is either unconnected or has no load
WARNING: [Synth 8-7129] Port i_m_cmult1_axis_dout_tdata[28] in module second_stage_fsmd is either unconnected or has no load
WARNING: [Synth 8-7129] Port i_m_cmult1_axis_dout_tdata[27] in module second_stage_fsmd is either unconnected or has no load
WARNING: [Synth 8-7129] Port i_m_cmult1_axis_dout_tdata[26] in module second_stage_fsmd is either unconnected or has no load
WARNING: [Synth 8-7129] Port i_m_cmult1_axis_dout_tdata[25] in module second_stage_fsmd is either unconnected or has no load
WARNING: [Synth 8-7129] Port i_m_cmult1_axis_dout_tdata[4] in module second_stage_fsmd is either unconnected or has no load
WARNING: [Synth 8-7129] Port i_m_cmult1_axis_dout_tdata[3] in module second_stage_fsmd is either unconnected or has no load
WARNING: [Synth 8-7129] Port i_m_cmult1_axis_dout_tdata[2] in module second_stage_fsmd is either unconnected or has no load
WARNING: [Synth 8-7129] Port i_m_cmult1_axis_dout_tdata[1] in module second_stage_fsmd is either unconnected or has no load
WARNING: [Synth 8-7129] Port i_m_cmult1_axis_dout_tdata[0] in module second_stage_fsmd is either unconnected or has no load
WARNING: [Synth 8-7129] Port i_m_cmult2_axis_dout_tdata[79] in module second_stage_fsmd is either unconnected or has no load
WARNING: [Synth 8-7129] Port i_m_cmult2_axis_dout_tdata[78] in module second_stage_fsmd is either unconnected or has no load
WARNING: [Synth 8-7129] Port i_m_cmult2_axis_dout_tdata[77] in module second_stage_fsmd is either unconnected or has no load
WARNING: [Synth 8-7129] Port i_m_cmult2_axis_dout_tdata[76] in module second_stage_fsmd is either unconnected or has no load
WARNING: [Synth 8-7129] Port i_m_cmult2_axis_dout_tdata[75] in module second_stage_fsmd is either unconnected or has no load
WARNING: [Synth 8-7129] Port i_m_cmult2_axis_dout_tdata[74] in module second_stage_fsmd is either unconnected or has no load
WARNING: [Synth 8-7129] Port i_m_cmult2_axis_dout_tdata[73] in module second_stage_fsmd is either unconnected or has no load
WARNING: [Synth 8-7129] Port i_m_cmult2_axis_dout_tdata[72] in module second_stage_fsmd is either unconnected or has no load
WARNING: [Synth 8-7129] Port i_m_cmult2_axis_dout_tdata[71] in module second_stage_fsmd is either unconnected or has no load
WARNING: [Synth 8-7129] Port i_m_cmult2_axis_dout_tdata[39] in module second_stage_fsmd is either unconnected or has no load
WARNING: [Synth 8-7129] Port i_m_cmult2_axis_dout_tdata[38] in module second_stage_fsmd is either unconnected or has no load
WARNING: [Synth 8-7129] Port i_m_cmult2_axis_dout_tdata[37] in module second_stage_fsmd is either unconnected or has no load
WARNING: [Synth 8-7129] Port i_m_cmult2_axis_dout_tdata[36] in module second_stage_fsmd is either unconnected or has no load
WARNING: [Synth 8-7129] Port i_m_cmult2_axis_dout_tdata[35] in module second_stage_fsmd is either unconnected or has no load
WARNING: [Synth 8-7129] Port i_m_cmult2_axis_dout_tdata[34] in module second_stage_fsmd is either unconnected or has no load
WARNING: [Synth 8-7129] Port i_m_cmult2_axis_dout_tdata[33] in module second_stage_fsmd is either unconnected or has no load
WARNING: [Synth 8-7129] Port i_m_cmult2_axis_dout_tdata[32] in module second_stage_fsmd is either unconnected or has no load
WARNING: [Synth 8-7129] Port i_m_cmult2_axis_dout_tdata[31] in module second_stage_fsmd is either unconnected or has no load
WARNING: [Synth 8-7129] Port i_fft2_m_axis_data_tlast in module detection_compare is either unconnected or has no load
WARNING: [Synth 8-7129] Port i_cb_OUT_FIFO_0_fifo_aempty_o in module comblock_adapter is either unconnected or has no load
WARNING: [Synth 8-7129] Port i_cb_OUT_FIFO_0_fifo_data_o[24] in module comblock_adapter is either unconnected or has no load
WARNING: [Synth 8-7129] Port i_cb_OUT_FIFO_0_fifo_underflow_o in module comblock_adapter is either unconnected or has no load
WARNING: [Synth 8-7129] Port i_cb_OUT_FIFO_0_fifo_valid_o in module comblock_adapter is either unconnected or has no load
WARNING: [Synth 8-7129] Port i_cb_OUT_REGS_0_reg1_o[31] in module comblock_adapter is either unconnected or has no load
WARNING: [Synth 8-7129] Port i_cb_OUT_REGS_0_reg1_o[30] in module comblock_adapter is either unconnected or has no load
WARNING: [Synth 8-7129] Port i_cb_OUT_REGS_0_reg1_o[29] in module comblock_adapter is either unconnected or has no load
WARNING: [Synth 8-7129] Port i_cb_OUT_REGS_0_reg1_o[28] in module comblock_adapter is either unconnected or has no load
WARNING: [Synth 8-7129] Port i_cb_OUT_REGS_0_reg1_o[27] in module comblock_adapter is either unconnected or has no load
WARNING: [Synth 8-7129] Port i_cb_OUT_REGS_0_reg1_o[26] in module comblock_adapter is either unconnected or has no load
WARNING: [Synth 8-7129] Port i_cb_OUT_REGS_0_reg1_o[25] in module comblock_adapter is either unconnected or has no load
WARNING: [Synth 8-7129] Port i_cb_OUT_REGS_0_reg1_o[24] in module comblock_adapter is either unconnected or has no load
WARNING: [Synth 8-7129] Port i_cb_OUT_REGS_0_reg1_o[23] in module comblock_adapter is either unconnected or has no load
WARNING: [Synth 8-7129] Port i_cb_OUT_REGS_0_reg1_o[22] in module comblock_adapter is either unconnected or has no load
WARNING: [Synth 8-7129] Port i_cb_OUT_REGS_0_reg1_o[21] in module comblock_adapter is either unconnected or has no load
WARNING: [Synth 8-7129] Port i_cb_OUT_REGS_0_reg1_o[20] in module comblock_adapter is either unconnected or has no load
WARNING: [Synth 8-7129] Port i_cb_OUT_REGS_0_reg1_o[19] in module comblock_adapter is either unconnected or has no load
WARNING: [Synth 8-7129] Port i_cb_OUT_REGS_0_reg1_o[18] in module comblock_adapter is either unconnected or has no load
WARNING: [Synth 8-7129] Port i_cb_OUT_REGS_0_reg1_o[17] in module comblock_adapter is either unconnected or has no load
WARNING: [Synth 8-7129] Port i_cb_OUT_REGS_0_reg1_o[16] in module comblock_adapter is either unconnected or has no load
WARNING: [Synth 8-7129] Port i_cb_OUT_REGS_0_reg1_o[15] in module comblock_adapter is either unconnected or has no load
WARNING: [Synth 8-7129] Port i_cb_OUT_REGS_0_reg1_o[14] in module comblock_adapter is either unconnected or has no load
WARNING: [Synth 8-7129] Port i_cb_OUT_REGS_0_reg1_o[13] in module comblock_adapter is either unconnected or has no load
WARNING: [Synth 8-7129] Port i_cb_OUT_REGS_0_reg1_o[12] in module comblock_adapter is either unconnected or has no load
WARNING: [Synth 8-7129] Port i_cb_OUT_REGS_0_reg1_o[11] in module comblock_adapter is either unconnected or has no load
WARNING: [Synth 8-7129] Port i_cb_OUT_REGS_0_reg1_o[10] in module comblock_adapter is either unconnected or has no load
WARNING: [Synth 8-7129] Port i_cb_OUT_REGS_0_reg1_o[9] in module comblock_adapter is either unconnected or has no load
WARNING: [Synth 8-7129] Port i_cb_OUT_REGS_0_reg1_o[8] in module comblock_adapter is either unconnected or has no load
WARNING: [Synth 8-7129] Port i_cb_OUT_REGS_0_reg1_o[7] in module comblock_adapter is either unconnected or has no load
WARNING: [Synth 8-7129] Port i_cb_OUT_REGS_0_reg1_o[6] in module comblock_adapter is either unconnected or has no load
WARNING: [Synth 8-7129] Port i_cb_OUT_REGS_0_reg1_o[5] in module comblock_adapter is either unconnected or has no load
WARNING: [Synth 8-7129] Port i_cb_OUT_REGS_0_reg1_o[4] in module comblock_adapter is either unconnected or has no load
WARNING: [Synth 8-7129] Port i_cb_OUT_REGS_0_reg1_o[3] in module comblock_adapter is either unconnected or has no load
WARNING: [Synth 8-7129] Port i_cb_OUT_REGS_0_reg1_o[2] in module comblock_adapter is either unconnected or has no load
WARNING: [Synth 8-7129] Port i_cb_OUT_REGS_0_reg1_o[1] in module comblock_adapter is either unconnected or has no load
---------------------------------------------------------------------------------
Finished RTL Elaboration : Time (s): cpu = 00:00:06 ; elapsed = 00:00:07 . Memory (MB): peak = 1499.637 ; gain = 593.762
---------------------------------------------------------------------------------
---------------------------------------------------------------------------------
Start Handling Custom Attributes
---------------------------------------------------------------------------------
---------------------------------------------------------------------------------
Finished Handling Custom Attributes : Time (s): cpu = 00:00:06 ; elapsed = 00:00:07 . Memory (MB): peak = 1499.637 ; gain = 593.762
---------------------------------------------------------------------------------
---------------------------------------------------------------------------------
Finished RTL Optimization Phase 1 : Time (s): cpu = 00:00:06 ; elapsed = 00:00:07 . Memory (MB): peak = 1499.637 ; gain = 593.762
---------------------------------------------------------------------------------
Netlist sorting complete. Time (s): cpu = 00:00:00 ; elapsed = 00:00:00.229 . Memory (MB): peak = 1499.637 ; gain = 0.000
INFO: [Project 1-570] Preparing netlist for logic optimization

Processing XDC Constraints
Initializing timing engine
Parsing XDC File [c:/Users/gm/Vivado Projects/complete_det_final_full_and_red/complete_det_final_full_and_red.gen/sources_1/bd/comblock_setup/ip/comblock_setup_comblock_0_0/comblock_setup_comblock_0_0/comblock_setup_comblock_0_0_in_context.xdc] for cell 'comblock_setup_wrapper_inst/comblock_setup_i/comblock_0'
Finished Parsing XDC File [c:/Users/gm/Vivado Projects/complete_det_final_full_and_red/complete_det_final_full_and_red.gen/sources_1/bd/comblock_setup/ip/comblock_setup_comblock_0_0/comblock_setup_comblock_0_0/comblock_setup_comblock_0_0_in_context.xdc] for cell 'comblock_setup_wrapper_inst/comblock_setup_i/comblock_0'
Parsing XDC File [c:/Users/gm/Vivado Projects/complete_det_final_full_and_red/complete_det_final_full_and_red.gen/sources_1/bd/comblock_setup/ip/comblock_setup_processing_system7_0_1/comblock_setup_processing_system7_0_1/comblock_setup_processing_system7_0_1_in_context.xdc] for cell 'comblock_setup_wrapper_inst/comblock_setup_i/processing_system7_0'
Finished Parsing XDC File [c:/Users/gm/Vivado Projects/complete_det_final_full_and_red/complete_det_final_full_and_red.gen/sources_1/bd/comblock_setup/ip/comblock_setup_processing_system7_0_1/comblock_setup_processing_system7_0_1/comblock_setup_processing_system7_0_1_in_context.xdc] for cell 'comblock_setup_wrapper_inst/comblock_setup_i/processing_system7_0'
Parsing XDC File [c:/Users/gm/Vivado Projects/complete_det_final_full_and_red/complete_det_final_full_and_red.gen/sources_1/bd/comblock_setup/ip/comblock_setup_auto_pc_0/comblock_setup_auto_pc_0/comblock_setup_auto_pc_0_in_context.xdc] for cell 'comblock_setup_wrapper_inst/comblock_setup_i/ps7_0_axi_periph/s00_couplers/auto_pc'
Finished Parsing XDC File [c:/Users/gm/Vivado Projects/complete_det_final_full_and_red/complete_det_final_full_and_red.gen/sources_1/bd/comblock_setup/ip/comblock_setup_auto_pc_0/comblock_setup_auto_pc_0/comblock_setup_auto_pc_0_in_context.xdc] for cell 'comblock_setup_wrapper_inst/comblock_setup_i/ps7_0_axi_periph/s00_couplers/auto_pc'
Parsing XDC File [c:/Users/gm/Vivado Projects/complete_det_final_full_and_red/complete_det_final_full_and_red.gen/sources_1/bd/comblock_setup/ip/comblock_setup_rst_ps7_0_100M_1/comblock_setup_rst_ps7_0_100M_1/comblock_setup_rst_ps7_0_100M_1_in_context.xdc] for cell 'comblock_setup_wrapper_inst/comblock_setup_i/rst_ps7_0_100M'
Finished Parsing XDC File [c:/Users/gm/Vivado Projects/complete_det_final_full_and_red/complete_det_final_full_and_red.gen/sources_1/bd/comblock_setup/ip/comblock_setup_rst_ps7_0_100M_1/comblock_setup_rst_ps7_0_100M_1/comblock_setup_rst_ps7_0_100M_1_in_context.xdc] for cell 'comblock_setup_wrapper_inst/comblock_setup_i/rst_ps7_0_100M'
Parsing XDC File [c:/Users/gm/Vivado Projects/complete_det_final_full_and_red/complete_det_final_full_and_red.gen/sources_1/ip/xfft_0/xfft_0/xfft_0_in_context.xdc] for cell 'pm_top_mux_inst/scd_estimator_inst/pm_first_stage_wrap_inst/np_point_fft'
Finished Parsing XDC File [c:/Users/gm/Vivado Projects/complete_det_final_full_and_red/complete_det_final_full_and_red.gen/sources_1/ip/xfft_0/xfft_0/xfft_0_in_context.xdc] for cell 'pm_top_mux_inst/scd_estimator_inst/pm_first_stage_wrap_inst/np_point_fft'
Parsing XDC File [c:/Users/gm/Vivado Projects/complete_det_final_full_and_red/complete_det_final_full_and_red.gen/sources_1/ip/cmpy_0/cmpy_0/cmpy_0_in_context.xdc] for cell 'pm_top_mux_inst/scd_estimator_inst/pm_second_stage_wrap_inst/complex_multiplier1_ip_core'
Finished Parsing XDC File [c:/Users/gm/Vivado Projects/complete_det_final_full_and_red/complete_det_final_full_and_red.gen/sources_1/ip/cmpy_0/cmpy_0/cmpy_0_in_context.xdc] for cell 'pm_top_mux_inst/scd_estimator_inst/pm_second_stage_wrap_inst/complex_multiplier1_ip_core'
Parsing XDC File [c:/Users/gm/Vivado Projects/complete_det_final_full_and_red/complete_det_final_full_and_red.gen/sources_1/ip/cmpy_1/cmpy_1/cmpy_1_in_context.xdc] for cell 'pm_top_mux_inst/scd_estimator_inst/pm_second_stage_wrap_inst/complex_multiplier2_ip_core'
Finished Parsing XDC File [c:/Users/gm/Vivado Projects/complete_det_final_full_and_red/complete_det_final_full_and_red.gen/sources_1/ip/cmpy_1/cmpy_1/cmpy_1_in_context.xdc] for cell 'pm_top_mux_inst/scd_estimator_inst/pm_second_stage_wrap_inst/complex_multiplier2_ip_core'
Parsing XDC File [c:/Users/gm/Vivado Projects/complete_det_final_full_and_red/complete_det_final_full_and_red.gen/sources_1/ip/xfft_1/xfft_1/xfft_1_in_context.xdc] for cell 'pm_top_mux_inst/scd_estimator_inst/pm_second_stage_wrap_inst/p_point_fft'
Finished Parsing XDC File [c:/Users/gm/Vivado Projects/complete_det_final_full_and_red/complete_det_final_full_and_red.gen/sources_1/ip/xfft_1/xfft_1/xfft_1_in_context.xdc] for cell 'pm_top_mux_inst/scd_estimator_inst/pm_second_stage_wrap_inst/p_point_fft'
Parsing XDC File [C:/Users/gm/Vivado Projects/complete_det_final_full_and_red/complete_det_final_full_and_red.srcs/constrs_1/new/const_test.xdc]
Finished Parsing XDC File [C:/Users/gm/Vivado Projects/complete_det_final_full_and_red/complete_det_final_full_and_red.srcs/constrs_1/new/const_test.xdc]
Parsing XDC File [C:/Users/gm/Vivado Projects/complete_det_final_full_and_red/complete_det_final_full_and_red.runs/synth_1/dont_touch.xdc]
Finished Parsing XDC File [C:/Users/gm/Vivado Projects/complete_det_final_full_and_red/complete_det_final_full_and_red.runs/synth_1/dont_touch.xdc]
Completed Processing XDC Constraints

Netlist sorting complete. Time (s): cpu = 00:00:00 ; elapsed = 00:00:00.005 . Memory (MB): peak = 1600.148 ; gain = 0.000
INFO: [Project 1-111] Unisim Transformation Summary:
No Unisim elements were transformed.

Constraint Validation Runtime : Time (s): cpu = 00:00:00 ; elapsed = 00:00:00.206 . Memory (MB): peak = 1600.148 ; gain = 0.000
WARNING: [Timing 38-316] Clock period '100.000' specified during out-of-context synthesis of instance 'pm_top_mux_inst/scd_estimator_inst/pm_second_stage_wrap_inst/complex_multiplier1_ip_core' at clock pin 'aclk' is different from the actual clock period '25.000', this can lead to different synthesis results.
WARNING: [Timing 38-316] Clock period '100.000' specified during out-of-context synthesis of instance 'pm_top_mux_inst/scd_estimator_inst/pm_second_stage_wrap_inst/complex_multiplier2_ip_core' at clock pin 'aclk' is different from the actual clock period '25.000', this can lead to different synthesis results.
INFO: [Designutils 20-5440] No compile time benefit to using incremental synthesis; A full resynthesis will be run
INFO: [Designutils 20-4379] Flow is switching to default flow due to incremental criteria not met. If you would like to alter this behaviour and have the flow terminate instead, please set the following parameter config_implementation {autoIncr.Synth.RejectBehavior Terminate}
---------------------------------------------------------------------------------
Finished Constraint Validation : Time (s): cpu = 00:00:14 ; elapsed = 00:00:15 . Memory (MB): peak = 1612.680 ; gain = 706.805
---------------------------------------------------------------------------------
---------------------------------------------------------------------------------
Start Loading Part and Timing Information
---------------------------------------------------------------------------------
Loading part: xc7z020clg484-1
---------------------------------------------------------------------------------
Finished Loading Part and Timing Information : Time (s): cpu = 00:00:14 ; elapsed = 00:00:15 . Memory (MB): peak = 1612.680 ; gain = 706.805
---------------------------------------------------------------------------------
---------------------------------------------------------------------------------
Start Applying 'set_property' XDC Constraints
---------------------------------------------------------------------------------
Applied set_property IO_BUFFER_TYPE = NONE for DDR_addr[0]. (constraint file  {c:/Users/gm/Vivado Projects/complete_det_final_full_and_red/complete_det_final_full_and_red.gen/sources_1/bd/comblock_setup/ip/comblock_setup_processing_system7_0_1/comblock_setup_processing_system7_0_1/comblock_setup_processing_system7_0_1_in_context.xdc}, line 2).
Applied set_property CLOCK_BUFFER_TYPE = NONE for DDR_addr[0]. (constraint file  {c:/Users/gm/Vivado Projects/complete_det_final_full_and_red/complete_det_final_full_and_red.gen/sources_1/bd/comblock_setup/ip/comblock_setup_processing_system7_0_1/comblock_setup_processing_system7_0_1/comblock_setup_processing_system7_0_1_in_context.xdc}, line 3).
Applied set_property IO_BUFFER_TYPE = NONE for DDR_addr[10]. (constraint file  {c:/Users/gm/Vivado Projects/complete_det_final_full_and_red/complete_det_final_full_and_red.gen/sources_1/bd/comblock_setup/ip/comblock_setup_processing_system7_0_1/comblock_setup_processing_system7_0_1/comblock_setup_processing_system7_0_1_in_context.xdc}, line 4).
Applied set_property CLOCK_BUFFER_TYPE = NONE for DDR_addr[10]. (constraint file  {c:/Users/gm/Vivado Projects/complete_det_final_full_and_red/complete_det_final_full_and_red.gen/sources_1/bd/comblock_setup/ip/comblock_setup_processing_system7_0_1/comblock_setup_processing_system7_0_1/comblock_setup_processing_system7_0_1_in_context.xdc}, line 5).
Applied set_property IO_BUFFER_TYPE = NONE for DDR_addr[11]. (constraint file  {c:/Users/gm/Vivado Projects/complete_det_final_full_and_red/complete_det_final_full_and_red.gen/sources_1/bd/comblock_setup/ip/comblock_setup_processing_system7_0_1/comblock_setup_processing_system7_0_1/comblock_setup_processing_system7_0_1_in_context.xdc}, line 6).
Applied set_property CLOCK_BUFFER_TYPE = NONE for DDR_addr[11]. (constraint file  {c:/Users/gm/Vivado Projects/complete_det_final_full_and_red/complete_det_final_full_and_red.gen/sources_1/bd/comblock_setup/ip/comblock_setup_processing_system7_0_1/comblock_setup_processing_system7_0_1/comblock_setup_processing_system7_0_1_in_context.xdc}, line 7).
Applied set_property IO_BUFFER_TYPE = NONE for DDR_addr[12]. (constraint file  {c:/Users/gm/Vivado Projects/complete_det_final_full_and_red/complete_det_final_full_and_red.gen/sources_1/bd/comblock_setup/ip/comblock_setup_processing_system7_0_1/comblock_setup_processing_system7_0_1/comblock_setup_processing_system7_0_1_in_context.xdc}, line 8).
Applied set_property CLOCK_BUFFER_TYPE = NONE for DDR_addr[12]. (constraint file  {c:/Users/gm/Vivado Projects/complete_det_final_full_and_red/complete_det_final_full_and_red.gen/sources_1/bd/comblock_setup/ip/comblock_setup_processing_system7_0_1/comblock_setup_processing_system7_0_1/comblock_setup_processing_system7_0_1_in_context.xdc}, line 9).
Applied set_property IO_BUFFER_TYPE = NONE for DDR_addr[13]. (constraint file  {c:/Users/gm/Vivado Projects/complete_det_final_full_and_red/complete_det_final_full_and_red.gen/sources_1/bd/comblock_setup/ip/comblock_setup_processing_system7_0_1/comblock_setup_processing_system7_0_1/comblock_setup_processing_system7_0_1_in_context.xdc}, line 10).
Applied set_property CLOCK_BUFFER_TYPE = NONE for DDR_addr[13]. (constraint file  {c:/Users/gm/Vivado Projects/complete_det_final_full_and_red/complete_det_final_full_and_red.gen/sources_1/bd/comblock_setup/ip/comblock_setup_processing_system7_0_1/comblock_setup_processing_system7_0_1/comblock_setup_processing_system7_0_1_in_context.xdc}, line 11).
Applied set_property IO_BUFFER_TYPE = NONE for DDR_addr[14]. (constraint file  {c:/Users/gm/Vivado Projects/complete_det_final_full_and_red/complete_det_final_full_and_red.gen/sources_1/bd/comblock_setup/ip/comblock_setup_processing_system7_0_1/comblock_setup_processing_system7_0_1/comblock_setup_processing_system7_0_1_in_context.xdc}, line 12).
Applied set_property CLOCK_BUFFER_TYPE = NONE for DDR_addr[14]. (constraint file  {c:/Users/gm/Vivado Projects/complete_det_final_full_and_red/complete_det_final_full_and_red.gen/sources_1/bd/comblock_setup/ip/comblock_setup_processing_system7_0_1/comblock_setup_processing_system7_0_1/comblock_setup_processing_system7_0_1_in_context.xdc}, line 13).
Applied set_property IO_BUFFER_TYPE = NONE for DDR_addr[1]. (constraint file  {c:/Users/gm/Vivado Projects/complete_det_final_full_and_red/complete_det_final_full_and_red.gen/sources_1/bd/comblock_setup/ip/comblock_setup_processing_system7_0_1/comblock_setup_processing_system7_0_1/comblock_setup_processing_system7_0_1_in_context.xdc}, line 14).
Applied set_property CLOCK_BUFFER_TYPE = NONE for DDR_addr[1]. (constraint file  {c:/Users/gm/Vivado Projects/complete_det_final_full_and_red/complete_det_final_full_and_red.gen/sources_1/bd/comblock_setup/ip/comblock_setup_processing_system7_0_1/comblock_setup_processing_system7_0_1/comblock_setup_processing_system7_0_1_in_context.xdc}, line 15).
Applied set_property IO_BUFFER_TYPE = NONE for DDR_addr[2]. (constraint file  {c:/Users/gm/Vivado Projects/complete_det_final_full_and_red/complete_det_final_full_and_red.gen/sources_1/bd/comblock_setup/ip/comblock_setup_processing_system7_0_1/comblock_setup_processing_system7_0_1/comblock_setup_processing_system7_0_1_in_context.xdc}, line 16).
Applied set_property CLOCK_BUFFER_TYPE = NONE for DDR_addr[2]. (constraint file  {c:/Users/gm/Vivado Projects/complete_det_final_full_and_red/complete_det_final_full_and_red.gen/sources_1/bd/comblock_setup/ip/comblock_setup_processing_system7_0_1/comblock_setup_processing_system7_0_1/comblock_setup_processing_system7_0_1_in_context.xdc}, line 17).
Applied set_property IO_BUFFER_TYPE = NONE for DDR_addr[3]. (constraint file  {c:/Users/gm/Vivado Projects/complete_det_final_full_and_red/complete_det_final_full_and_red.gen/sources_1/bd/comblock_setup/ip/comblock_setup_processing_system7_0_1/comblock_setup_processing_system7_0_1/comblock_setup_processing_system7_0_1_in_context.xdc}, line 18).
Applied set_property CLOCK_BUFFER_TYPE = NONE for DDR_addr[3]. (constraint file  {c:/Users/gm/Vivado Projects/complete_det_final_full_and_red/complete_det_final_full_and_red.gen/sources_1/bd/comblock_setup/ip/comblock_setup_processing_system7_0_1/comblock_setup_processing_system7_0_1/comblock_setup_processing_system7_0_1_in_context.xdc}, line 19).
Applied set_property IO_BUFFER_TYPE = NONE for DDR_addr[4]. (constraint file  {c:/Users/gm/Vivado Projects/complete_det_final_full_and_red/complete_det_final_full_and_red.gen/sources_1/bd/comblock_setup/ip/comblock_setup_processing_system7_0_1/comblock_setup_processing_system7_0_1/comblock_setup_processing_system7_0_1_in_context.xdc}, line 20).
Applied set_property CLOCK_BUFFER_TYPE = NONE for DDR_addr[4]. (constraint file  {c:/Users/gm/Vivado Projects/complete_det_final_full_and_red/complete_det_final_full_and_red.gen/sources_1/bd/comblock_setup/ip/comblock_setup_processing_system7_0_1/comblock_setup_processing_system7_0_1/comblock_setup_processing_system7_0_1_in_context.xdc}, line 21).
Applied set_property IO_BUFFER_TYPE = NONE for DDR_addr[5]. (constraint file  {c:/Users/gm/Vivado Projects/complete_det_final_full_and_red/complete_det_final_full_and_red.gen/sources_1/bd/comblock_setup/ip/comblock_setup_processing_system7_0_1/comblock_setup_processing_system7_0_1/comblock_setup_processing_system7_0_1_in_context.xdc}, line 22).
Applied set_property CLOCK_BUFFER_TYPE = NONE for DDR_addr[5]. (constraint file  {c:/Users/gm/Vivado Projects/complete_det_final_full_and_red/complete_det_final_full_and_red.gen/sources_1/bd/comblock_setup/ip/comblock_setup_processing_system7_0_1/comblock_setup_processing_system7_0_1/comblock_setup_processing_system7_0_1_in_context.xdc}, line 23).
Applied set_property IO_BUFFER_TYPE = NONE for DDR_addr[6]. (constraint file  {c:/Users/gm/Vivado Projects/complete_det_final_full_and_red/complete_det_final_full_and_red.gen/sources_1/bd/comblock_setup/ip/comblock_setup_processing_system7_0_1/comblock_setup_processing_system7_0_1/comblock_setup_processing_system7_0_1_in_context.xdc}, line 24).
Applied set_property CLOCK_BUFFER_TYPE = NONE for DDR_addr[6]. (constraint file  {c:/Users/gm/Vivado Projects/complete_det_final_full_and_red/complete_det_final_full_and_red.gen/sources_1/bd/comblock_setup/ip/comblock_setup_processing_system7_0_1/comblock_setup_processing_system7_0_1/comblock_setup_processing_system7_0_1_in_context.xdc}, line 25).
Applied set_property IO_BUFFER_TYPE = NONE for DDR_addr[7]. (constraint file  {c:/Users/gm/Vivado Projects/complete_det_final_full_and_red/complete_det_final_full_and_red.gen/sources_1/bd/comblock_setup/ip/comblock_setup_processing_system7_0_1/comblock_setup_processing_system7_0_1/comblock_setup_processing_system7_0_1_in_context.xdc}, line 26).
Applied set_property CLOCK_BUFFER_TYPE = NONE for DDR_addr[7]. (constraint file  {c:/Users/gm/Vivado Projects/complete_det_final_full_and_red/complete_det_final_full_and_red.gen/sources_1/bd/comblock_setup/ip/comblock_setup_processing_system7_0_1/comblock_setup_processing_system7_0_1/comblock_setup_processing_system7_0_1_in_context.xdc}, line 27).
Applied set_property IO_BUFFER_TYPE = NONE for DDR_addr[8]. (constraint file  {c:/Users/gm/Vivado Projects/complete_det_final_full_and_red/complete_det_final_full_and_red.gen/sources_1/bd/comblock_setup/ip/comblock_setup_processing_system7_0_1/comblock_setup_processing_system7_0_1/comblock_setup_processing_system7_0_1_in_context.xdc}, line 28).
Applied set_property CLOCK_BUFFER_TYPE = NONE for DDR_addr[8]. (constraint file  {c:/Users/gm/Vivado Projects/complete_det_final_full_and_red/complete_det_final_full_and_red.gen/sources_1/bd/comblock_setup/ip/comblock_setup_processing_system7_0_1/comblock_setup_processing_system7_0_1/comblock_setup_processing_system7_0_1_in_context.xdc}, line 29).
Applied set_property IO_BUFFER_TYPE = NONE for DDR_addr[9]. (constraint file  {c:/Users/gm/Vivado Projects/complete_det_final_full_and_red/complete_det_final_full_and_red.gen/sources_1/bd/comblock_setup/ip/comblock_setup_processing_system7_0_1/comblock_setup_processing_system7_0_1/comblock_setup_processing_system7_0_1_in_context.xdc}, line 30).
Applied set_property CLOCK_BUFFER_TYPE = NONE for DDR_addr[9]. (constraint file  {c:/Users/gm/Vivado Projects/complete_det_final_full_and_red/complete_det_final_full_and_red.gen/sources_1/bd/comblock_setup/ip/comblock_setup_processing_system7_0_1/comblock_setup_processing_system7_0_1/comblock_setup_processing_system7_0_1_in_context.xdc}, line 31).
Applied set_property IO_BUFFER_TYPE = NONE for DDR_ba[0]. (constraint file  {c:/Users/gm/Vivado Projects/complete_det_final_full_and_red/complete_det_final_full_and_red.gen/sources_1/bd/comblock_setup/ip/comblock_setup_processing_system7_0_1/comblock_setup_processing_system7_0_1/comblock_setup_processing_system7_0_1_in_context.xdc}, line 32).
Applied set_property CLOCK_BUFFER_TYPE = NONE for DDR_ba[0]. (constraint file  {c:/Users/gm/Vivado Projects/complete_det_final_full_and_red/complete_det_final_full_and_red.gen/sources_1/bd/comblock_setup/ip/comblock_setup_processing_system7_0_1/comblock_setup_processing_system7_0_1/comblock_setup_processing_system7_0_1_in_context.xdc}, line 33).
Applied set_property IO_BUFFER_TYPE = NONE for DDR_ba[1]. (constraint file  {c:/Users/gm/Vivado Projects/complete_det_final_full_and_red/complete_det_final_full_and_red.gen/sources_1/bd/comblock_setup/ip/comblock_setup_processing_system7_0_1/comblock_setup_processing_system7_0_1/comblock_setup_processing_system7_0_1_in_context.xdc}, line 34).
Applied set_property CLOCK_BUFFER_TYPE = NONE for DDR_ba[1]. (constraint file  {c:/Users/gm/Vivado Projects/complete_det_final_full_and_red/complete_det_final_full_and_red.gen/sources_1/bd/comblock_setup/ip/comblock_setup_processing_system7_0_1/comblock_setup_processing_system7_0_1/comblock_setup_processing_system7_0_1_in_context.xdc}, line 35).
Applied set_property IO_BUFFER_TYPE = NONE for DDR_ba[2]. (constraint file  {c:/Users/gm/Vivado Projects/complete_det_final_full_and_red/complete_det_final_full_and_red.gen/sources_1/bd/comblock_setup/ip/comblock_setup_processing_system7_0_1/comblock_setup_processing_system7_0_1/comblock_setup_processing_system7_0_1_in_context.xdc}, line 36).
Applied set_property CLOCK_BUFFER_TYPE = NONE for DDR_ba[2]. (constraint file  {c:/Users/gm/Vivado Projects/complete_det_final_full_and_red/complete_det_final_full_and_red.gen/sources_1/bd/comblock_setup/ip/comblock_setup_processing_system7_0_1/comblock_setup_processing_system7_0_1/comblock_setup_processing_system7_0_1_in_context.xdc}, line 37).
Applied set_property IO_BUFFER_TYPE = NONE for DDR_cas_n. (constraint file  {c:/Users/gm/Vivado Projects/complete_det_final_full_and_red/complete_det_final_full_and_red.gen/sources_1/bd/comblock_setup/ip/comblock_setup_processing_system7_0_1/comblock_setup_processing_system7_0_1/comblock_setup_processing_system7_0_1_in_context.xdc}, line 38).
Applied set_property CLOCK_BUFFER_TYPE = NONE for DDR_cas_n. (constraint file  {c:/Users/gm/Vivado Projects/complete_det_final_full_and_red/complete_det_final_full_and_red.gen/sources_1/bd/comblock_setup/ip/comblock_setup_processing_system7_0_1/comblock_setup_processing_system7_0_1/comblock_setup_processing_system7_0_1_in_context.xdc}, line 39).
Applied set_property IO_BUFFER_TYPE = NONE for DDR_cke. (constraint file  {c:/Users/gm/Vivado Projects/complete_det_final_full_and_red/complete_det_final_full_and_red.gen/sources_1/bd/comblock_setup/ip/comblock_setup_processing_system7_0_1/comblock_setup_processing_system7_0_1/comblock_setup_processing_system7_0_1_in_context.xdc}, line 40).
Applied set_property CLOCK_BUFFER_TYPE = NONE for DDR_cke. (constraint file  {c:/Users/gm/Vivado Projects/complete_det_final_full_and_red/complete_det_final_full_and_red.gen/sources_1/bd/comblock_setup/ip/comblock_setup_processing_system7_0_1/comblock_setup_processing_system7_0_1/comblock_setup_processing_system7_0_1_in_context.xdc}, line 41).
Applied set_property IO_BUFFER_TYPE = NONE for DDR_cs_n. (constraint file  {c:/Users/gm/Vivado Projects/complete_det_final_full_and_red/complete_det_final_full_and_red.gen/sources_1/bd/comblock_setup/ip/comblock_setup_processing_system7_0_1/comblock_setup_processing_system7_0_1/comblock_setup_processing_system7_0_1_in_context.xdc}, line 42).
Applied set_property CLOCK_BUFFER_TYPE = NONE for DDR_cs_n. (constraint file  {c:/Users/gm/Vivado Projects/complete_det_final_full_and_red/complete_det_final_full_and_red.gen/sources_1/bd/comblock_setup/ip/comblock_setup_processing_system7_0_1/comblock_setup_processing_system7_0_1/comblock_setup_processing_system7_0_1_in_context.xdc}, line 43).
Applied set_property IO_BUFFER_TYPE = NONE for DDR_ck_p. (constraint file  {c:/Users/gm/Vivado Projects/complete_det_final_full_and_red/complete_det_final_full_and_red.gen/sources_1/bd/comblock_setup/ip/comblock_setup_processing_system7_0_1/comblock_setup_processing_system7_0_1/comblock_setup_processing_system7_0_1_in_context.xdc}, line 44).
Applied set_property CLOCK_BUFFER_TYPE = NONE for DDR_ck_p. (constraint file  {c:/Users/gm/Vivado Projects/complete_det_final_full_and_red/complete_det_final_full_and_red.gen/sources_1/bd/comblock_setup/ip/comblock_setup_processing_system7_0_1/comblock_setup_processing_system7_0_1/comblock_setup_processing_system7_0_1_in_context.xdc}, line 45).
Applied set_property IO_BUFFER_TYPE = NONE for DDR_ck_n. (constraint file  {c:/Users/gm/Vivado Projects/complete_det_final_full_and_red/complete_det_final_full_and_red.gen/sources_1/bd/comblock_setup/ip/comblock_setup_processing_system7_0_1/comblock_setup_processing_system7_0_1/comblock_setup_processing_system7_0_1_in_context.xdc}, line 46).
Applied set_property CLOCK_BUFFER_TYPE = NONE for DDR_ck_n. (constraint file  {c:/Users/gm/Vivado Projects/complete_det_final_full_and_red/complete_det_final_full_and_red.gen/sources_1/bd/comblock_setup/ip/comblock_setup_processing_system7_0_1/comblock_setup_processing_system7_0_1/comblock_setup_processing_system7_0_1_in_context.xdc}, line 47).
Applied set_property IO_BUFFER_TYPE = NONE for DDR_dm[0]. (constraint file  {c:/Users/gm/Vivado Projects/complete_det_final_full_and_red/complete_det_final_full_and_red.gen/sources_1/bd/comblock_setup/ip/comblock_setup_processing_system7_0_1/comblock_setup_processing_system7_0_1/comblock_setup_processing_system7_0_1_in_context.xdc}, line 48).
Applied set_property CLOCK_BUFFER_TYPE = NONE for DDR_dm[0]. (constraint file  {c:/Users/gm/Vivado Projects/complete_det_final_full_and_red/complete_det_final_full_and_red.gen/sources_1/bd/comblock_setup/ip/comblock_setup_processing_system7_0_1/comblock_setup_processing_system7_0_1/comblock_setup_processing_system7_0_1_in_context.xdc}, line 49).
Applied set_property IO_BUFFER_TYPE = NONE for DDR_dm[1]. (constraint file  {c:/Users/gm/Vivado Projects/complete_det_final_full_and_red/complete_det_final_full_and_red.gen/sources_1/bd/comblock_setup/ip/comblock_setup_processing_system7_0_1/comblock_setup_processing_system7_0_1/comblock_setup_processing_system7_0_1_in_context.xdc}, line 50).
Applied set_property CLOCK_BUFFER_TYPE = NONE for DDR_dm[1]. (constraint file  {c:/Users/gm/Vivado Projects/complete_det_final_full_and_red/complete_det_final_full_and_red.gen/sources_1/bd/comblock_setup/ip/comblock_setup_processing_system7_0_1/comblock_setup_processing_system7_0_1/comblock_setup_processing_system7_0_1_in_context.xdc}, line 51).
Applied set_property IO_BUFFER_TYPE = NONE for DDR_dm[2]. (constraint file  {c:/Users/gm/Vivado Projects/complete_det_final_full_and_red/complete_det_final_full_and_red.gen/sources_1/bd/comblock_setup/ip/comblock_setup_processing_system7_0_1/comblock_setup_processing_system7_0_1/comblock_setup_processing_system7_0_1_in_context.xdc}, line 52).
Applied set_property CLOCK_BUFFER_TYPE = NONE for DDR_dm[2]. (constraint file  {c:/Users/gm/Vivado Projects/complete_det_final_full_and_red/complete_det_final_full_and_red.gen/sources_1/bd/comblock_setup/ip/comblock_setup_processing_system7_0_1/comblock_setup_processing_system7_0_1/comblock_setup_processing_system7_0_1_in_context.xdc}, line 53).
Applied set_property IO_BUFFER_TYPE = NONE for DDR_dm[3]. (constraint file  {c:/Users/gm/Vivado Projects/complete_det_final_full_and_red/complete_det_final_full_and_red.gen/sources_1/bd/comblock_setup/ip/comblock_setup_processing_system7_0_1/comblock_setup_processing_system7_0_1/comblock_setup_processing_system7_0_1_in_context.xdc}, line 54).
Applied set_property CLOCK_BUFFER_TYPE = NONE for DDR_dm[3]. (constraint file  {c:/Users/gm/Vivado Projects/complete_det_final_full_and_red/complete_det_final_full_and_red.gen/sources_1/bd/comblock_setup/ip/comblock_setup_processing_system7_0_1/comblock_setup_processing_system7_0_1/comblock_setup_processing_system7_0_1_in_context.xdc}, line 55).
Applied set_property IO_BUFFER_TYPE = NONE for DDR_dqs_p[0]. (constraint file  {c:/Users/gm/Vivado Projects/complete_det_final_full_and_red/complete_det_final_full_and_red.gen/sources_1/bd/comblock_setup/ip/comblock_setup_processing_system7_0_1/comblock_setup_processing_system7_0_1/comblock_setup_processing_system7_0_1_in_context.xdc}, line 56).
Applied set_property CLOCK_BUFFER_TYPE = NONE for DDR_dqs_p[0]. (constraint file  {c:/Users/gm/Vivado Projects/complete_det_final_full_and_red/complete_det_final_full_and_red.gen/sources_1/bd/comblock_setup/ip/comblock_setup_processing_system7_0_1/comblock_setup_processing_system7_0_1/comblock_setup_processing_system7_0_1_in_context.xdc}, line 57).
Applied set_property IO_BUFFER_TYPE = NONE for DDR_dqs_p[1]. (constraint file  {c:/Users/gm/Vivado Projects/complete_det_final_full_and_red/complete_det_final_full_and_red.gen/sources_1/bd/comblock_setup/ip/comblock_setup_processing_system7_0_1/comblock_setup_processing_system7_0_1/comblock_setup_processing_system7_0_1_in_context.xdc}, line 58).
Applied set_property CLOCK_BUFFER_TYPE = NONE for DDR_dqs_p[1]. (constraint file  {c:/Users/gm/Vivado Projects/complete_det_final_full_and_red/complete_det_final_full_and_red.gen/sources_1/bd/comblock_setup/ip/comblock_setup_processing_system7_0_1/comblock_setup_processing_system7_0_1/comblock_setup_processing_system7_0_1_in_context.xdc}, line 59).
Applied set_property IO_BUFFER_TYPE = NONE for DDR_dqs_p[2]. (constraint file  {c:/Users/gm/Vivado Projects/complete_det_final_full_and_red/complete_det_final_full_and_red.gen/sources_1/bd/comblock_setup/ip/comblock_setup_processing_system7_0_1/comblock_setup_processing_system7_0_1/comblock_setup_processing_system7_0_1_in_context.xdc}, line 60).
Applied set_property CLOCK_BUFFER_TYPE = NONE for DDR_dqs_p[2]. (constraint file  {c:/Users/gm/Vivado Projects/complete_det_final_full_and_red/complete_det_final_full_and_red.gen/sources_1/bd/comblock_setup/ip/comblock_setup_processing_system7_0_1/comblock_setup_processing_system7_0_1/comblock_setup_processing_system7_0_1_in_context.xdc}, line 61).
Applied set_property IO_BUFFER_TYPE = NONE for DDR_dqs_p[3]. (constraint file  {c:/Users/gm/Vivado Projects/complete_det_final_full_and_red/complete_det_final_full_and_red.gen/sources_1/bd/comblock_setup/ip/comblock_setup_processing_system7_0_1/comblock_setup_processing_system7_0_1/comblock_setup_processing_system7_0_1_in_context.xdc}, line 62).
Applied set_property CLOCK_BUFFER_TYPE = NONE for DDR_dqs_p[3]. (constraint file  {c:/Users/gm/Vivado Projects/complete_det_final_full_and_red/complete_det_final_full_and_red.gen/sources_1/bd/comblock_setup/ip/comblock_setup_processing_system7_0_1/comblock_setup_processing_system7_0_1/comblock_setup_processing_system7_0_1_in_context.xdc}, line 63).
Applied set_property IO_BUFFER_TYPE = NONE for DDR_dqs_n[0]. (constraint file  {c:/Users/gm/Vivado Projects/complete_det_final_full_and_red/complete_det_final_full_and_red.gen/sources_1/bd/comblock_setup/ip/comblock_setup_processing_system7_0_1/comblock_setup_processing_system7_0_1/comblock_setup_processing_system7_0_1_in_context.xdc}, line 64).
Applied set_property CLOCK_BUFFER_TYPE = NONE for DDR_dqs_n[0]. (constraint file  {c:/Users/gm/Vivado Projects/complete_det_final_full_and_red/complete_det_final_full_and_red.gen/sources_1/bd/comblock_setup/ip/comblock_setup_processing_system7_0_1/comblock_setup_processing_system7_0_1/comblock_setup_processing_system7_0_1_in_context.xdc}, line 65).
Applied set_property IO_BUFFER_TYPE = NONE for DDR_dqs_n[1]. (constraint file  {c:/Users/gm/Vivado Projects/complete_det_final_full_and_red/complete_det_final_full_and_red.gen/sources_1/bd/comblock_setup/ip/comblock_setup_processing_system7_0_1/comblock_setup_processing_system7_0_1/comblock_setup_processing_system7_0_1_in_context.xdc}, line 66).
Applied set_property CLOCK_BUFFER_TYPE = NONE for DDR_dqs_n[1]. (constraint file  {c:/Users/gm/Vivado Projects/complete_det_final_full_and_red/complete_det_final_full_and_red.gen/sources_1/bd/comblock_setup/ip/comblock_setup_processing_system7_0_1/comblock_setup_processing_system7_0_1/comblock_setup_processing_system7_0_1_in_context.xdc}, line 67).
Applied set_property IO_BUFFER_TYPE = NONE for DDR_dqs_n[2]. (constraint file  {c:/Users/gm/Vivado Projects/complete_det_final_full_and_red/complete_det_final_full_and_red.gen/sources_1/bd/comblock_setup/ip/comblock_setup_processing_system7_0_1/comblock_setup_processing_system7_0_1/comblock_setup_processing_system7_0_1_in_context.xdc}, line 68).
Applied set_property CLOCK_BUFFER_TYPE = NONE for DDR_dqs_n[2]. (constraint file  {c:/Users/gm/Vivado Projects/complete_det_final_full_and_red/complete_det_final_full_and_red.gen/sources_1/bd/comblock_setup/ip/comblock_setup_processing_system7_0_1/comblock_setup_processing_system7_0_1/comblock_setup_processing_system7_0_1_in_context.xdc}, line 69).
Applied set_property IO_BUFFER_TYPE = NONE for DDR_dqs_n[3]. (constraint file  {c:/Users/gm/Vivado Projects/complete_det_final_full_and_red/complete_det_final_full_and_red.gen/sources_1/bd/comblock_setup/ip/comblock_setup_processing_system7_0_1/comblock_setup_processing_system7_0_1/comblock_setup_processing_system7_0_1_in_context.xdc}, line 70).
Applied set_property CLOCK_BUFFER_TYPE = NONE for DDR_dqs_n[3]. (constraint file  {c:/Users/gm/Vivado Projects/complete_det_final_full_and_red/complete_det_final_full_and_red.gen/sources_1/bd/comblock_setup/ip/comblock_setup_processing_system7_0_1/comblock_setup_processing_system7_0_1/comblock_setup_processing_system7_0_1_in_context.xdc}, line 71).
Applied set_property IO_BUFFER_TYPE = NONE for DDR_dq[0]. (constraint file  {c:/Users/gm/Vivado Projects/complete_det_final_full_and_red/complete_det_final_full_and_red.gen/sources_1/bd/comblock_setup/ip/comblock_setup_processing_system7_0_1/comblock_setup_processing_system7_0_1/comblock_setup_processing_system7_0_1_in_context.xdc}, line 72).
Applied set_property CLOCK_BUFFER_TYPE = NONE for DDR_dq[0]. (constraint file  {c:/Users/gm/Vivado Projects/complete_det_final_full_and_red/complete_det_final_full_and_red.gen/sources_1/bd/comblock_setup/ip/comblock_setup_processing_system7_0_1/comblock_setup_processing_system7_0_1/comblock_setup_processing_system7_0_1_in_context.xdc}, line 73).
Applied set_property IO_BUFFER_TYPE = NONE for DDR_dq[10]. (constraint file  {c:/Users/gm/Vivado Projects/complete_det_final_full_and_red/complete_det_final_full_and_red.gen/sources_1/bd/comblock_setup/ip/comblock_setup_processing_system7_0_1/comblock_setup_processing_system7_0_1/comblock_setup_processing_system7_0_1_in_context.xdc}, line 74).
Applied set_property CLOCK_BUFFER_TYPE = NONE for DDR_dq[10]. (constraint file  {c:/Users/gm/Vivado Projects/complete_det_final_full_and_red/complete_det_final_full_and_red.gen/sources_1/bd/comblock_setup/ip/comblock_setup_processing_system7_0_1/comblock_setup_processing_system7_0_1/comblock_setup_processing_system7_0_1_in_context.xdc}, line 75).
Applied set_property IO_BUFFER_TYPE = NONE for DDR_dq[11]. (constraint file  {c:/Users/gm/Vivado Projects/complete_det_final_full_and_red/complete_det_final_full_and_red.gen/sources_1/bd/comblock_setup/ip/comblock_setup_processing_system7_0_1/comblock_setup_processing_system7_0_1/comblock_setup_processing_system7_0_1_in_context.xdc}, line 76).
Applied set_property CLOCK_BUFFER_TYPE = NONE for DDR_dq[11]. (constraint file  {c:/Users/gm/Vivado Projects/complete_det_final_full_and_red/complete_det_final_full_and_red.gen/sources_1/bd/comblock_setup/ip/comblock_setup_processing_system7_0_1/comblock_setup_processing_system7_0_1/comblock_setup_processing_system7_0_1_in_context.xdc}, line 77).
Applied set_property IO_BUFFER_TYPE = NONE for DDR_dq[12]. (constraint file  {c:/Users/gm/Vivado Projects/complete_det_final_full_and_red/complete_det_final_full_and_red.gen/sources_1/bd/comblock_setup/ip/comblock_setup_processing_system7_0_1/comblock_setup_processing_system7_0_1/comblock_setup_processing_system7_0_1_in_context.xdc}, line 78).
Applied set_property CLOCK_BUFFER_TYPE = NONE for DDR_dq[12]. (constraint file  {c:/Users/gm/Vivado Projects/complete_det_final_full_and_red/complete_det_final_full_and_red.gen/sources_1/bd/comblock_setup/ip/comblock_setup_processing_system7_0_1/comblock_setup_processing_system7_0_1/comblock_setup_processing_system7_0_1_in_context.xdc}, line 79).
Applied set_property IO_BUFFER_TYPE = NONE for DDR_dq[13]. (constraint file  {c:/Users/gm/Vivado Projects/complete_det_final_full_and_red/complete_det_final_full_and_red.gen/sources_1/bd/comblock_setup/ip/comblock_setup_processing_system7_0_1/comblock_setup_processing_system7_0_1/comblock_setup_processing_system7_0_1_in_context.xdc}, line 80).
Applied set_property CLOCK_BUFFER_TYPE = NONE for DDR_dq[13]. (constraint file  {c:/Users/gm/Vivado Projects/complete_det_final_full_and_red/complete_det_final_full_and_red.gen/sources_1/bd/comblock_setup/ip/comblock_setup_processing_system7_0_1/comblock_setup_processing_system7_0_1/comblock_setup_processing_system7_0_1_in_context.xdc}, line 81).
Applied set_property IO_BUFFER_TYPE = NONE for DDR_dq[14]. (constraint file  {c:/Users/gm/Vivado Projects/complete_det_final_full_and_red/complete_det_final_full_and_red.gen/sources_1/bd/comblock_setup/ip/comblock_setup_processing_system7_0_1/comblock_setup_processing_system7_0_1/comblock_setup_processing_system7_0_1_in_context.xdc}, line 82).
Applied set_property CLOCK_BUFFER_TYPE = NONE for DDR_dq[14]. (constraint file  {c:/Users/gm/Vivado Projects/complete_det_final_full_and_red/complete_det_final_full_and_red.gen/sources_1/bd/comblock_setup/ip/comblock_setup_processing_system7_0_1/comblock_setup_processing_system7_0_1/comblock_setup_processing_system7_0_1_in_context.xdc}, line 83).
Applied set_property IO_BUFFER_TYPE = NONE for DDR_dq[15]. (constraint file  {c:/Users/gm/Vivado Projects/complete_det_final_full_and_red/complete_det_final_full_and_red.gen/sources_1/bd/comblock_setup/ip/comblock_setup_processing_system7_0_1/comblock_setup_processing_system7_0_1/comblock_setup_processing_system7_0_1_in_context.xdc}, line 84).
Applied set_property CLOCK_BUFFER_TYPE = NONE for DDR_dq[15]. (constraint file  {c:/Users/gm/Vivado Projects/complete_det_final_full_and_red/complete_det_final_full_and_red.gen/sources_1/bd/comblock_setup/ip/comblock_setup_processing_system7_0_1/comblock_setup_processing_system7_0_1/comblock_setup_processing_system7_0_1_in_context.xdc}, line 85).
Applied set_property IO_BUFFER_TYPE = NONE for DDR_dq[16]. (constraint file  {c:/Users/gm/Vivado Projects/complete_det_final_full_and_red/complete_det_final_full_and_red.gen/sources_1/bd/comblock_setup/ip/comblock_setup_processing_system7_0_1/comblock_setup_processing_system7_0_1/comblock_setup_processing_system7_0_1_in_context.xdc}, line 86).
Applied set_property CLOCK_BUFFER_TYPE = NONE for DDR_dq[16]. (constraint file  {c:/Users/gm/Vivado Projects/complete_det_final_full_and_red/complete_det_final_full_and_red.gen/sources_1/bd/comblock_setup/ip/comblock_setup_processing_system7_0_1/comblock_setup_processing_system7_0_1/comblock_setup_processing_system7_0_1_in_context.xdc}, line 87).
Applied set_property IO_BUFFER_TYPE = NONE for DDR_dq[17]. (constraint file  {c:/Users/gm/Vivado Projects/complete_det_final_full_and_red/complete_det_final_full_and_red.gen/sources_1/bd/comblock_setup/ip/comblock_setup_processing_system7_0_1/comblock_setup_processing_system7_0_1/comblock_setup_processing_system7_0_1_in_context.xdc}, line 88).
Applied set_property CLOCK_BUFFER_TYPE = NONE for DDR_dq[17]. (constraint file  {c:/Users/gm/Vivado Projects/complete_det_final_full_and_red/complete_det_final_full_and_red.gen/sources_1/bd/comblock_setup/ip/comblock_setup_processing_system7_0_1/comblock_setup_processing_system7_0_1/comblock_setup_processing_system7_0_1_in_context.xdc}, line 89).
Applied set_property IO_BUFFER_TYPE = NONE for DDR_dq[18]. (constraint file  {c:/Users/gm/Vivado Projects/complete_det_final_full_and_red/complete_det_final_full_and_red.gen/sources_1/bd/comblock_setup/ip/comblock_setup_processing_system7_0_1/comblock_setup_processing_system7_0_1/comblock_setup_processing_system7_0_1_in_context.xdc}, line 90).
Applied set_property CLOCK_BUFFER_TYPE = NONE for DDR_dq[18]. (constraint file  {c:/Users/gm/Vivado Projects/complete_det_final_full_and_red/complete_det_final_full_and_red.gen/sources_1/bd/comblock_setup/ip/comblock_setup_processing_system7_0_1/comblock_setup_processing_system7_0_1/comblock_setup_processing_system7_0_1_in_context.xdc}, line 91).
Applied set_property IO_BUFFER_TYPE = NONE for DDR_dq[19]. (constraint file  {c:/Users/gm/Vivado Projects/complete_det_final_full_and_red/complete_det_final_full_and_red.gen/sources_1/bd/comblock_setup/ip/comblock_setup_processing_system7_0_1/comblock_setup_processing_system7_0_1/comblock_setup_processing_system7_0_1_in_context.xdc}, line 92).
Applied set_property CLOCK_BUFFER_TYPE = NONE for DDR_dq[19]. (constraint file  {c:/Users/gm/Vivado Projects/complete_det_final_full_and_red/complete_det_final_full_and_red.gen/sources_1/bd/comblock_setup/ip/comblock_setup_processing_system7_0_1/comblock_setup_processing_system7_0_1/comblock_setup_processing_system7_0_1_in_context.xdc}, line 93).
Applied set_property IO_BUFFER_TYPE = NONE for DDR_dq[1]. (constraint file  {c:/Users/gm/Vivado Projects/complete_det_final_full_and_red/complete_det_final_full_and_red.gen/sources_1/bd/comblock_setup/ip/comblock_setup_processing_system7_0_1/comblock_setup_processing_system7_0_1/comblock_setup_processing_system7_0_1_in_context.xdc}, line 94).
Applied set_property CLOCK_BUFFER_TYPE = NONE for DDR_dq[1]. (constraint file  {c:/Users/gm/Vivado Projects/complete_det_final_full_and_red/complete_det_final_full_and_red.gen/sources_1/bd/comblock_setup/ip/comblock_setup_processing_system7_0_1/comblock_setup_processing_system7_0_1/comblock_setup_processing_system7_0_1_in_context.xdc}, line 95).
Applied set_property IO_BUFFER_TYPE = NONE for DDR_dq[20]. (constraint file  {c:/Users/gm/Vivado Projects/complete_det_final_full_and_red/complete_det_final_full_and_red.gen/sources_1/bd/comblock_setup/ip/comblock_setup_processing_system7_0_1/comblock_setup_processing_system7_0_1/comblock_setup_processing_system7_0_1_in_context.xdc}, line 96).
Applied set_property CLOCK_BUFFER_TYPE = NONE for DDR_dq[20]. (constraint file  {c:/Users/gm/Vivado Projects/complete_det_final_full_and_red/complete_det_final_full_and_red.gen/sources_1/bd/comblock_setup/ip/comblock_setup_processing_system7_0_1/comblock_setup_processing_system7_0_1/comblock_setup_processing_system7_0_1_in_context.xdc}, line 97).
Applied set_property IO_BUFFER_TYPE = NONE for DDR_dq[21]. (constraint file  {c:/Users/gm/Vivado Projects/complete_det_final_full_and_red/complete_det_final_full_and_red.gen/sources_1/bd/comblock_setup/ip/comblock_setup_processing_system7_0_1/comblock_setup_processing_system7_0_1/comblock_setup_processing_system7_0_1_in_context.xdc}, line 98).
Applied set_property CLOCK_BUFFER_TYPE = NONE for DDR_dq[21]. (constraint file  {c:/Users/gm/Vivado Projects/complete_det_final_full_and_red/complete_det_final_full_and_red.gen/sources_1/bd/comblock_setup/ip/comblock_setup_processing_system7_0_1/comblock_setup_processing_system7_0_1/comblock_setup_processing_system7_0_1_in_context.xdc}, line 99).
Applied set_property IO_BUFFER_TYPE = NONE for DDR_dq[22]. (constraint file  {c:/Users/gm/Vivado Projects/complete_det_final_full_and_red/complete_det_final_full_and_red.gen/sources_1/bd/comblock_setup/ip/comblock_setup_processing_system7_0_1/comblock_setup_processing_system7_0_1/comblock_setup_processing_system7_0_1_in_context.xdc}, line 100).
Applied set_property CLOCK_BUFFER_TYPE = NONE for DDR_dq[22]. (constraint file  {c:/Users/gm/Vivado Projects/complete_det_final_full_and_red/complete_det_final_full_and_red.gen/sources_1/bd/comblock_setup/ip/comblock_setup_processing_system7_0_1/comblock_setup_processing_system7_0_1/comblock_setup_processing_system7_0_1_in_context.xdc}, line 101).
Applied set_property IO_BUFFER_TYPE = NONE for DDR_dq[23]. (constraint file  {c:/Users/gm/Vivado Projects/complete_det_final_full_and_red/complete_det_final_full_and_red.gen/sources_1/bd/comblock_setup/ip/comblock_setup_processing_system7_0_1/comblock_setup_processing_system7_0_1/comblock_setup_processing_system7_0_1_in_context.xdc}, line 102).
Applied set_property CLOCK_BUFFER_TYPE = NONE for DDR_dq[23]. (constraint file  {c:/Users/gm/Vivado Projects/complete_det_final_full_and_red/complete_det_final_full_and_red.gen/sources_1/bd/comblock_setup/ip/comblock_setup_processing_system7_0_1/comblock_setup_processing_system7_0_1/comblock_setup_processing_system7_0_1_in_context.xdc}, line 103).
Applied set_property IO_BUFFER_TYPE = NONE for DDR_dq[24]. (constraint file  {c:/Users/gm/Vivado Projects/complete_det_final_full_and_red/complete_det_final_full_and_red.gen/sources_1/bd/comblock_setup/ip/comblock_setup_processing_system7_0_1/comblock_setup_processing_system7_0_1/comblock_setup_processing_system7_0_1_in_context.xdc}, line 104).
Applied set_property CLOCK_BUFFER_TYPE = NONE for DDR_dq[24]. (constraint file  {c:/Users/gm/Vivado Projects/complete_det_final_full_and_red/complete_det_final_full_and_red.gen/sources_1/bd/comblock_setup/ip/comblock_setup_processing_system7_0_1/comblock_setup_processing_system7_0_1/comblock_setup_processing_system7_0_1_in_context.xdc}, line 105).
Applied set_property IO_BUFFER_TYPE = NONE for DDR_dq[25]. (constraint file  {c:/Users/gm/Vivado Projects/complete_det_final_full_and_red/complete_det_final_full_and_red.gen/sources_1/bd/comblock_setup/ip/comblock_setup_processing_system7_0_1/comblock_setup_processing_system7_0_1/comblock_setup_processing_system7_0_1_in_context.xdc}, line 106).
Applied set_property CLOCK_BUFFER_TYPE = NONE for DDR_dq[25]. (constraint file  {c:/Users/gm/Vivado Projects/complete_det_final_full_and_red/complete_det_final_full_and_red.gen/sources_1/bd/comblock_setup/ip/comblock_setup_processing_system7_0_1/comblock_setup_processing_system7_0_1/comblock_setup_processing_system7_0_1_in_context.xdc}, line 107).
Applied set_property IO_BUFFER_TYPE = NONE for DDR_dq[26]. (constraint file  {c:/Users/gm/Vivado Projects/complete_det_final_full_and_red/complete_det_final_full_and_red.gen/sources_1/bd/comblock_setup/ip/comblock_setup_processing_system7_0_1/comblock_setup_processing_system7_0_1/comblock_setup_processing_system7_0_1_in_context.xdc}, line 108).
Applied set_property CLOCK_BUFFER_TYPE = NONE for DDR_dq[26]. (constraint file  {c:/Users/gm/Vivado Projects/complete_det_final_full_and_red/complete_det_final_full_and_red.gen/sources_1/bd/comblock_setup/ip/comblock_setup_processing_system7_0_1/comblock_setup_processing_system7_0_1/comblock_setup_processing_system7_0_1_in_context.xdc}, line 109).
Applied set_property IO_BUFFER_TYPE = NONE for DDR_dq[27]. (constraint file  {c:/Users/gm/Vivado Projects/complete_det_final_full_and_red/complete_det_final_full_and_red.gen/sources_1/bd/comblock_setup/ip/comblock_setup_processing_system7_0_1/comblock_setup_processing_system7_0_1/comblock_setup_processing_system7_0_1_in_context.xdc}, line 110).
Applied set_property CLOCK_BUFFER_TYPE = NONE for DDR_dq[27]. (constraint file  {c:/Users/gm/Vivado Projects/complete_det_final_full_and_red/complete_det_final_full_and_red.gen/sources_1/bd/comblock_setup/ip/comblock_setup_processing_system7_0_1/comblock_setup_processing_system7_0_1/comblock_setup_processing_system7_0_1_in_context.xdc}, line 111).
Applied set_property IO_BUFFER_TYPE = NONE for DDR_dq[28]. (constraint file  {c:/Users/gm/Vivado Projects/complete_det_final_full_and_red/complete_det_final_full_and_red.gen/sources_1/bd/comblock_setup/ip/comblock_setup_processing_system7_0_1/comblock_setup_processing_system7_0_1/comblock_setup_processing_system7_0_1_in_context.xdc}, line 112).
Applied set_property CLOCK_BUFFER_TYPE = NONE for DDR_dq[28]. (constraint file  {c:/Users/gm/Vivado Projects/complete_det_final_full_and_red/complete_det_final_full_and_red.gen/sources_1/bd/comblock_setup/ip/comblock_setup_processing_system7_0_1/comblock_setup_processing_system7_0_1/comblock_setup_processing_system7_0_1_in_context.xdc}, line 113).
Applied set_property IO_BUFFER_TYPE = NONE for DDR_dq[29]. (constraint file  {c:/Users/gm/Vivado Projects/complete_det_final_full_and_red/complete_det_final_full_and_red.gen/sources_1/bd/comblock_setup/ip/comblock_setup_processing_system7_0_1/comblock_setup_processing_system7_0_1/comblock_setup_processing_system7_0_1_in_context.xdc}, line 114).
Applied set_property CLOCK_BUFFER_TYPE = NONE for DDR_dq[29]. (constraint file  {c:/Users/gm/Vivado Projects/complete_det_final_full_and_red/complete_det_final_full_and_red.gen/sources_1/bd/comblock_setup/ip/comblock_setup_processing_system7_0_1/comblock_setup_processing_system7_0_1/comblock_setup_processing_system7_0_1_in_context.xdc}, line 115).
Applied set_property IO_BUFFER_TYPE = NONE for DDR_dq[2]. (constraint file  {c:/Users/gm/Vivado Projects/complete_det_final_full_and_red/complete_det_final_full_and_red.gen/sources_1/bd/comblock_setup/ip/comblock_setup_processing_system7_0_1/comblock_setup_processing_system7_0_1/comblock_setup_processing_system7_0_1_in_context.xdc}, line 116).
Applied set_property CLOCK_BUFFER_TYPE = NONE for DDR_dq[2]. (constraint file  {c:/Users/gm/Vivado Projects/complete_det_final_full_and_red/complete_det_final_full_and_red.gen/sources_1/bd/comblock_setup/ip/comblock_setup_processing_system7_0_1/comblock_setup_processing_system7_0_1/comblock_setup_processing_system7_0_1_in_context.xdc}, line 117).
Applied set_property IO_BUFFER_TYPE = NONE for DDR_dq[30]. (constraint file  {c:/Users/gm/Vivado Projects/complete_det_final_full_and_red/complete_det_final_full_and_red.gen/sources_1/bd/comblock_setup/ip/comblock_setup_processing_system7_0_1/comblock_setup_processing_system7_0_1/comblock_setup_processing_system7_0_1_in_context.xdc}, line 118).
Applied set_property CLOCK_BUFFER_TYPE = NONE for DDR_dq[30]. (constraint file  {c:/Users/gm/Vivado Projects/complete_det_final_full_and_red/complete_det_final_full_and_red.gen/sources_1/bd/comblock_setup/ip/comblock_setup_processing_system7_0_1/comblock_setup_processing_system7_0_1/comblock_setup_processing_system7_0_1_in_context.xdc}, line 119).
Applied set_property IO_BUFFER_TYPE = NONE for DDR_dq[31]. (constraint file  {c:/Users/gm/Vivado Projects/complete_det_final_full_and_red/complete_det_final_full_and_red.gen/sources_1/bd/comblock_setup/ip/comblock_setup_processing_system7_0_1/comblock_setup_processing_system7_0_1/comblock_setup_processing_system7_0_1_in_context.xdc}, line 120).
Applied set_property CLOCK_BUFFER_TYPE = NONE for DDR_dq[31]. (constraint file  {c:/Users/gm/Vivado Projects/complete_det_final_full_and_red/complete_det_final_full_and_red.gen/sources_1/bd/comblock_setup/ip/comblock_setup_processing_system7_0_1/comblock_setup_processing_system7_0_1/comblock_setup_processing_system7_0_1_in_context.xdc}, line 121).
Applied set_property IO_BUFFER_TYPE = NONE for DDR_dq[3]. (constraint file  {c:/Users/gm/Vivado Projects/complete_det_final_full_and_red/complete_det_final_full_and_red.gen/sources_1/bd/comblock_setup/ip/comblock_setup_processing_system7_0_1/comblock_setup_processing_system7_0_1/comblock_setup_processing_system7_0_1_in_context.xdc}, line 122).
Applied set_property CLOCK_BUFFER_TYPE = NONE for DDR_dq[3]. (constraint file  {c:/Users/gm/Vivado Projects/complete_det_final_full_and_red/complete_det_final_full_and_red.gen/sources_1/bd/comblock_setup/ip/comblock_setup_processing_system7_0_1/comblock_setup_processing_system7_0_1/comblock_setup_processing_system7_0_1_in_context.xdc}, line 123).
Applied set_property IO_BUFFER_TYPE = NONE for DDR_dq[4]. (constraint file  {c:/Users/gm/Vivado Projects/complete_det_final_full_and_red/complete_det_final_full_and_red.gen/sources_1/bd/comblock_setup/ip/comblock_setup_processing_system7_0_1/comblock_setup_processing_system7_0_1/comblock_setup_processing_system7_0_1_in_context.xdc}, line 124).
Applied set_property CLOCK_BUFFER_TYPE = NONE for DDR_dq[4]. (constraint file  {c:/Users/gm/Vivado Projects/complete_det_final_full_and_red/complete_det_final_full_and_red.gen/sources_1/bd/comblock_setup/ip/comblock_setup_processing_system7_0_1/comblock_setup_processing_system7_0_1/comblock_setup_processing_system7_0_1_in_context.xdc}, line 125).
Applied set_property IO_BUFFER_TYPE = NONE for DDR_dq[5]. (constraint file  {c:/Users/gm/Vivado Projects/complete_det_final_full_and_red/complete_det_final_full_and_red.gen/sources_1/bd/comblock_setup/ip/comblock_setup_processing_system7_0_1/comblock_setup_processing_system7_0_1/comblock_setup_processing_system7_0_1_in_context.xdc}, line 126).
Applied set_property CLOCK_BUFFER_TYPE = NONE for DDR_dq[5]. (constraint file  {c:/Users/gm/Vivado Projects/complete_det_final_full_and_red/complete_det_final_full_and_red.gen/sources_1/bd/comblock_setup/ip/comblock_setup_processing_system7_0_1/comblock_setup_processing_system7_0_1/comblock_setup_processing_system7_0_1_in_context.xdc}, line 127).
Applied set_property IO_BUFFER_TYPE = NONE for DDR_dq[6]. (constraint file  {c:/Users/gm/Vivado Projects/complete_det_final_full_and_red/complete_det_final_full_and_red.gen/sources_1/bd/comblock_setup/ip/comblock_setup_processing_system7_0_1/comblock_setup_processing_system7_0_1/comblock_setup_processing_system7_0_1_in_context.xdc}, line 128).
Applied set_property CLOCK_BUFFER_TYPE = NONE for DDR_dq[6]. (constraint file  {c:/Users/gm/Vivado Projects/complete_det_final_full_and_red/complete_det_final_full_and_red.gen/sources_1/bd/comblock_setup/ip/comblock_setup_processing_system7_0_1/comblock_setup_processing_system7_0_1/comblock_setup_processing_system7_0_1_in_context.xdc}, line 129).
Applied set_property IO_BUFFER_TYPE = NONE for DDR_dq[7]. (constraint file  {c:/Users/gm/Vivado Projects/complete_det_final_full_and_red/complete_det_final_full_and_red.gen/sources_1/bd/comblock_setup/ip/comblock_setup_processing_system7_0_1/comblock_setup_processing_system7_0_1/comblock_setup_processing_system7_0_1_in_context.xdc}, line 130).
Applied set_property CLOCK_BUFFER_TYPE = NONE for DDR_dq[7]. (constraint file  {c:/Users/gm/Vivado Projects/complete_det_final_full_and_red/complete_det_final_full_and_red.gen/sources_1/bd/comblock_setup/ip/comblock_setup_processing_system7_0_1/comblock_setup_processing_system7_0_1/comblock_setup_processing_system7_0_1_in_context.xdc}, line 131).
Applied set_property IO_BUFFER_TYPE = NONE for DDR_dq[8]. (constraint file  {c:/Users/gm/Vivado Projects/complete_det_final_full_and_red/complete_det_final_full_and_red.gen/sources_1/bd/comblock_setup/ip/comblock_setup_processing_system7_0_1/comblock_setup_processing_system7_0_1/comblock_setup_processing_system7_0_1_in_context.xdc}, line 132).
Applied set_property CLOCK_BUFFER_TYPE = NONE for DDR_dq[8]. (constraint file  {c:/Users/gm/Vivado Projects/complete_det_final_full_and_red/complete_det_final_full_and_red.gen/sources_1/bd/comblock_setup/ip/comblock_setup_processing_system7_0_1/comblock_setup_processing_system7_0_1/comblock_setup_processing_system7_0_1_in_context.xdc}, line 133).
Applied set_property IO_BUFFER_TYPE = NONE for DDR_dq[9]. (constraint file  {c:/Users/gm/Vivado Projects/complete_det_final_full_and_red/complete_det_final_full_and_red.gen/sources_1/bd/comblock_setup/ip/comblock_setup_processing_system7_0_1/comblock_setup_processing_system7_0_1/comblock_setup_processing_system7_0_1_in_context.xdc}, line 134).
Applied set_property CLOCK_BUFFER_TYPE = NONE for DDR_dq[9]. (constraint file  {c:/Users/gm/Vivado Projects/complete_det_final_full_and_red/complete_det_final_full_and_red.gen/sources_1/bd/comblock_setup/ip/comblock_setup_processing_system7_0_1/comblock_setup_processing_system7_0_1/comblock_setup_processing_system7_0_1_in_context.xdc}, line 135).
Applied set_property IO_BUFFER_TYPE = NONE for DDR_reset_n. (constraint file  {c:/Users/gm/Vivado Projects/complete_det_final_full_and_red/complete_det_final_full_and_red.gen/sources_1/bd/comblock_setup/ip/comblock_setup_processing_system7_0_1/comblock_setup_processing_system7_0_1/comblock_setup_processing_system7_0_1_in_context.xdc}, line 136).
Applied set_property CLOCK_BUFFER_TYPE = NONE for DDR_reset_n. (constraint file  {c:/Users/gm/Vivado Projects/complete_det_final_full_and_red/complete_det_final_full_and_red.gen/sources_1/bd/comblock_setup/ip/comblock_setup_processing_system7_0_1/comblock_setup_processing_system7_0_1/comblock_setup_processing_system7_0_1_in_context.xdc}, line 137).
Applied set_property IO_BUFFER_TYPE = NONE for DDR_odt. (constraint file  {c:/Users/gm/Vivado Projects/complete_det_final_full_and_red/complete_det_final_full_and_red.gen/sources_1/bd/comblock_setup/ip/comblock_setup_processing_system7_0_1/comblock_setup_processing_system7_0_1/comblock_setup_processing_system7_0_1_in_context.xdc}, line 138).
Applied set_property CLOCK_BUFFER_TYPE = NONE for DDR_odt. (constraint file  {c:/Users/gm/Vivado Projects/complete_det_final_full_and_red/complete_det_final_full_and_red.gen/sources_1/bd/comblock_setup/ip/comblock_setup_processing_system7_0_1/comblock_setup_processing_system7_0_1/comblock_setup_processing_system7_0_1_in_context.xdc}, line 139).
Applied set_property IO_BUFFER_TYPE = NONE for DDR_ras_n. (constraint file  {c:/Users/gm/Vivado Projects/complete_det_final_full_and_red/complete_det_final_full_and_red.gen/sources_1/bd/comblock_setup/ip/comblock_setup_processing_system7_0_1/comblock_setup_processing_system7_0_1/comblock_setup_processing_system7_0_1_in_context.xdc}, line 140).
Applied set_property CLOCK_BUFFER_TYPE = NONE for DDR_ras_n. (constraint file  {c:/Users/gm/Vivado Projects/complete_det_final_full_and_red/complete_det_final_full_and_red.gen/sources_1/bd/comblock_setup/ip/comblock_setup_processing_system7_0_1/comblock_setup_processing_system7_0_1/comblock_setup_processing_system7_0_1_in_context.xdc}, line 141).
Applied set_property IO_BUFFER_TYPE = NONE for FIXED_IO_ddr_vrn. (constraint file  {c:/Users/gm/Vivado Projects/complete_det_final_full_and_red/complete_det_final_full_and_red.gen/sources_1/bd/comblock_setup/ip/comblock_setup_processing_system7_0_1/comblock_setup_processing_system7_0_1/comblock_setup_processing_system7_0_1_in_context.xdc}, line 142).
Applied set_property CLOCK_BUFFER_TYPE = NONE for FIXED_IO_ddr_vrn. (constraint file  {c:/Users/gm/Vivado Projects/complete_det_final_full_and_red/complete_det_final_full_and_red.gen/sources_1/bd/comblock_setup/ip/comblock_setup_processing_system7_0_1/comblock_setup_processing_system7_0_1/comblock_setup_processing_system7_0_1_in_context.xdc}, line 143).
Applied set_property IO_BUFFER_TYPE = NONE for FIXED_IO_ddr_vrp. (constraint file  {c:/Users/gm/Vivado Projects/complete_det_final_full_and_red/complete_det_final_full_and_red.gen/sources_1/bd/comblock_setup/ip/comblock_setup_processing_system7_0_1/comblock_setup_processing_system7_0_1/comblock_setup_processing_system7_0_1_in_context.xdc}, line 144).
Applied set_property CLOCK_BUFFER_TYPE = NONE for FIXED_IO_ddr_vrp. (constraint file  {c:/Users/gm/Vivado Projects/complete_det_final_full_and_red/complete_det_final_full_and_red.gen/sources_1/bd/comblock_setup/ip/comblock_setup_processing_system7_0_1/comblock_setup_processing_system7_0_1/comblock_setup_processing_system7_0_1_in_context.xdc}, line 145).
Applied set_property IO_BUFFER_TYPE = NONE for DDR_we_n. (constraint file  {c:/Users/gm/Vivado Projects/complete_det_final_full_and_red/complete_det_final_full_and_red.gen/sources_1/bd/comblock_setup/ip/comblock_setup_processing_system7_0_1/comblock_setup_processing_system7_0_1/comblock_setup_processing_system7_0_1_in_context.xdc}, line 146).
Applied set_property CLOCK_BUFFER_TYPE = NONE for DDR_we_n. (constraint file  {c:/Users/gm/Vivado Projects/complete_det_final_full_and_red/complete_det_final_full_and_red.gen/sources_1/bd/comblock_setup/ip/comblock_setup_processing_system7_0_1/comblock_setup_processing_system7_0_1/comblock_setup_processing_system7_0_1_in_context.xdc}, line 147).
Applied set_property IO_BUFFER_TYPE = NONE for FIXED_IO_mio[0]. (constraint file  {c:/Users/gm/Vivado Projects/complete_det_final_full_and_red/complete_det_final_full_and_red.gen/sources_1/bd/comblock_setup/ip/comblock_setup_processing_system7_0_1/comblock_setup_processing_system7_0_1/comblock_setup_processing_system7_0_1_in_context.xdc}, line 148).
Applied set_property CLOCK_BUFFER_TYPE = NONE for FIXED_IO_mio[0]. (constraint file  {c:/Users/gm/Vivado Projects/complete_det_final_full_and_red/complete_det_final_full_and_red.gen/sources_1/bd/comblock_setup/ip/comblock_setup_processing_system7_0_1/comblock_setup_processing_system7_0_1/comblock_setup_processing_system7_0_1_in_context.xdc}, line 149).
Applied set_property IO_BUFFER_TYPE = NONE for FIXED_IO_mio[10]. (constraint file  {c:/Users/gm/Vivado Projects/complete_det_final_full_and_red/complete_det_final_full_and_red.gen/sources_1/bd/comblock_setup/ip/comblock_setup_processing_system7_0_1/comblock_setup_processing_system7_0_1/comblock_setup_processing_system7_0_1_in_context.xdc}, line 150).
Applied set_property CLOCK_BUFFER_TYPE = NONE for FIXED_IO_mio[10]. (constraint file  {c:/Users/gm/Vivado Projects/complete_det_final_full_and_red/complete_det_final_full_and_red.gen/sources_1/bd/comblock_setup/ip/comblock_setup_processing_system7_0_1/comblock_setup_processing_system7_0_1/comblock_setup_processing_system7_0_1_in_context.xdc}, line 151).
Applied set_property IO_BUFFER_TYPE = NONE for FIXED_IO_mio[11]. (constraint file  {c:/Users/gm/Vivado Projects/complete_det_final_full_and_red/complete_det_final_full_and_red.gen/sources_1/bd/comblock_setup/ip/comblock_setup_processing_system7_0_1/comblock_setup_processing_system7_0_1/comblock_setup_processing_system7_0_1_in_context.xdc}, line 152).
Applied set_property CLOCK_BUFFER_TYPE = NONE for FIXED_IO_mio[11]. (constraint file  {c:/Users/gm/Vivado Projects/complete_det_final_full_and_red/complete_det_final_full_and_red.gen/sources_1/bd/comblock_setup/ip/comblock_setup_processing_system7_0_1/comblock_setup_processing_system7_0_1/comblock_setup_processing_system7_0_1_in_context.xdc}, line 153).
Applied set_property IO_BUFFER_TYPE = NONE for FIXED_IO_mio[12]. (constraint file  {c:/Users/gm/Vivado Projects/complete_det_final_full_and_red/complete_det_final_full_and_red.gen/sources_1/bd/comblock_setup/ip/comblock_setup_processing_system7_0_1/comblock_setup_processing_system7_0_1/comblock_setup_processing_system7_0_1_in_context.xdc}, line 154).
Applied set_property CLOCK_BUFFER_TYPE = NONE for FIXED_IO_mio[12]. (constraint file  {c:/Users/gm/Vivado Projects/complete_det_final_full_and_red/complete_det_final_full_and_red.gen/sources_1/bd/comblock_setup/ip/comblock_setup_processing_system7_0_1/comblock_setup_processing_system7_0_1/comblock_setup_processing_system7_0_1_in_context.xdc}, line 155).
Applied set_property IO_BUFFER_TYPE = NONE for FIXED_IO_mio[13]. (constraint file  {c:/Users/gm/Vivado Projects/complete_det_final_full_and_red/complete_det_final_full_and_red.gen/sources_1/bd/comblock_setup/ip/comblock_setup_processing_system7_0_1/comblock_setup_processing_system7_0_1/comblock_setup_processing_system7_0_1_in_context.xdc}, line 156).
Applied set_property CLOCK_BUFFER_TYPE = NONE for FIXED_IO_mio[13]. (constraint file  {c:/Users/gm/Vivado Projects/complete_det_final_full_and_red/complete_det_final_full_and_red.gen/sources_1/bd/comblock_setup/ip/comblock_setup_processing_system7_0_1/comblock_setup_processing_system7_0_1/comblock_setup_processing_system7_0_1_in_context.xdc}, line 157).
Applied set_property IO_BUFFER_TYPE = NONE for FIXED_IO_mio[14]. (constraint file  {c:/Users/gm/Vivado Projects/complete_det_final_full_and_red/complete_det_final_full_and_red.gen/sources_1/bd/comblock_setup/ip/comblock_setup_processing_system7_0_1/comblock_setup_processing_system7_0_1/comblock_setup_processing_system7_0_1_in_context.xdc}, line 158).
Applied set_property CLOCK_BUFFER_TYPE = NONE for FIXED_IO_mio[14]. (constraint file  {c:/Users/gm/Vivado Projects/complete_det_final_full_and_red/complete_det_final_full_and_red.gen/sources_1/bd/comblock_setup/ip/comblock_setup_processing_system7_0_1/comblock_setup_processing_system7_0_1/comblock_setup_processing_system7_0_1_in_context.xdc}, line 159).
Applied set_property IO_BUFFER_TYPE = NONE for FIXED_IO_mio[15]. (constraint file  {c:/Users/gm/Vivado Projects/complete_det_final_full_and_red/complete_det_final_full_and_red.gen/sources_1/bd/comblock_setup/ip/comblock_setup_processing_system7_0_1/comblock_setup_processing_system7_0_1/comblock_setup_processing_system7_0_1_in_context.xdc}, line 160).
Applied set_property CLOCK_BUFFER_TYPE = NONE for FIXED_IO_mio[15]. (constraint file  {c:/Users/gm/Vivado Projects/complete_det_final_full_and_red/complete_det_final_full_and_red.gen/sources_1/bd/comblock_setup/ip/comblock_setup_processing_system7_0_1/comblock_setup_processing_system7_0_1/comblock_setup_processing_system7_0_1_in_context.xdc}, line 161).
Applied set_property IO_BUFFER_TYPE = NONE for FIXED_IO_mio[16]. (constraint file  {c:/Users/gm/Vivado Projects/complete_det_final_full_and_red/complete_det_final_full_and_red.gen/sources_1/bd/comblock_setup/ip/comblock_setup_processing_system7_0_1/comblock_setup_processing_system7_0_1/comblock_setup_processing_system7_0_1_in_context.xdc}, line 162).
Applied set_property CLOCK_BUFFER_TYPE = NONE for FIXED_IO_mio[16]. (constraint file  {c:/Users/gm/Vivado Projects/complete_det_final_full_and_red/complete_det_final_full_and_red.gen/sources_1/bd/comblock_setup/ip/comblock_setup_processing_system7_0_1/comblock_setup_processing_system7_0_1/comblock_setup_processing_system7_0_1_in_context.xdc}, line 163).
Applied set_property IO_BUFFER_TYPE = NONE for FIXED_IO_mio[17]. (constraint file  {c:/Users/gm/Vivado Projects/complete_det_final_full_and_red/complete_det_final_full_and_red.gen/sources_1/bd/comblock_setup/ip/comblock_setup_processing_system7_0_1/comblock_setup_processing_system7_0_1/comblock_setup_processing_system7_0_1_in_context.xdc}, line 164).
Applied set_property CLOCK_BUFFER_TYPE = NONE for FIXED_IO_mio[17]. (constraint file  {c:/Users/gm/Vivado Projects/complete_det_final_full_and_red/complete_det_final_full_and_red.gen/sources_1/bd/comblock_setup/ip/comblock_setup_processing_system7_0_1/comblock_setup_processing_system7_0_1/comblock_setup_processing_system7_0_1_in_context.xdc}, line 165).
Applied set_property IO_BUFFER_TYPE = NONE for FIXED_IO_mio[18]. (constraint file  {c:/Users/gm/Vivado Projects/complete_det_final_full_and_red/complete_det_final_full_and_red.gen/sources_1/bd/comblock_setup/ip/comblock_setup_processing_system7_0_1/comblock_setup_processing_system7_0_1/comblock_setup_processing_system7_0_1_in_context.xdc}, line 166).
Applied set_property CLOCK_BUFFER_TYPE = NONE for FIXED_IO_mio[18]. (constraint file  {c:/Users/gm/Vivado Projects/complete_det_final_full_and_red/complete_det_final_full_and_red.gen/sources_1/bd/comblock_setup/ip/comblock_setup_processing_system7_0_1/comblock_setup_processing_system7_0_1/comblock_setup_processing_system7_0_1_in_context.xdc}, line 167).
Applied set_property IO_BUFFER_TYPE = NONE for FIXED_IO_mio[19]. (constraint file  {c:/Users/gm/Vivado Projects/complete_det_final_full_and_red/complete_det_final_full_and_red.gen/sources_1/bd/comblock_setup/ip/comblock_setup_processing_system7_0_1/comblock_setup_processing_system7_0_1/comblock_setup_processing_system7_0_1_in_context.xdc}, line 168).
Applied set_property CLOCK_BUFFER_TYPE = NONE for FIXED_IO_mio[19]. (constraint file  {c:/Users/gm/Vivado Projects/complete_det_final_full_and_red/complete_det_final_full_and_red.gen/sources_1/bd/comblock_setup/ip/comblock_setup_processing_system7_0_1/comblock_setup_processing_system7_0_1/comblock_setup_processing_system7_0_1_in_context.xdc}, line 169).
Applied set_property IO_BUFFER_TYPE = NONE for FIXED_IO_mio[1]. (constraint file  {c:/Users/gm/Vivado Projects/complete_det_final_full_and_red/complete_det_final_full_and_red.gen/sources_1/bd/comblock_setup/ip/comblock_setup_processing_system7_0_1/comblock_setup_processing_system7_0_1/comblock_setup_processing_system7_0_1_in_context.xdc}, line 170).
Applied set_property CLOCK_BUFFER_TYPE = NONE for FIXED_IO_mio[1]. (constraint file  {c:/Users/gm/Vivado Projects/complete_det_final_full_and_red/complete_det_final_full_and_red.gen/sources_1/bd/comblock_setup/ip/comblock_setup_processing_system7_0_1/comblock_setup_processing_system7_0_1/comblock_setup_processing_system7_0_1_in_context.xdc}, line 171).
Applied set_property IO_BUFFER_TYPE = NONE for FIXED_IO_mio[20]. (constraint file  {c:/Users/gm/Vivado Projects/complete_det_final_full_and_red/complete_det_final_full_and_red.gen/sources_1/bd/comblock_setup/ip/comblock_setup_processing_system7_0_1/comblock_setup_processing_system7_0_1/comblock_setup_processing_system7_0_1_in_context.xdc}, line 172).
Applied set_property CLOCK_BUFFER_TYPE = NONE for FIXED_IO_mio[20]. (constraint file  {c:/Users/gm/Vivado Projects/complete_det_final_full_and_red/complete_det_final_full_and_red.gen/sources_1/bd/comblock_setup/ip/comblock_setup_processing_system7_0_1/comblock_setup_processing_system7_0_1/comblock_setup_processing_system7_0_1_in_context.xdc}, line 173).
Applied set_property IO_BUFFER_TYPE = NONE for FIXED_IO_mio[21]. (constraint file  {c:/Users/gm/Vivado Projects/complete_det_final_full_and_red/complete_det_final_full_and_red.gen/sources_1/bd/comblock_setup/ip/comblock_setup_processing_system7_0_1/comblock_setup_processing_system7_0_1/comblock_setup_processing_system7_0_1_in_context.xdc}, line 174).
Applied set_property CLOCK_BUFFER_TYPE = NONE for FIXED_IO_mio[21]. (constraint file  {c:/Users/gm/Vivado Projects/complete_det_final_full_and_red/complete_det_final_full_and_red.gen/sources_1/bd/comblock_setup/ip/comblock_setup_processing_system7_0_1/comblock_setup_processing_system7_0_1/comblock_setup_processing_system7_0_1_in_context.xdc}, line 175).
Applied set_property IO_BUFFER_TYPE = NONE for FIXED_IO_mio[22]. (constraint file  {c:/Users/gm/Vivado Projects/complete_det_final_full_and_red/complete_det_final_full_and_red.gen/sources_1/bd/comblock_setup/ip/comblock_setup_processing_system7_0_1/comblock_setup_processing_system7_0_1/comblock_setup_processing_system7_0_1_in_context.xdc}, line 176).
Applied set_property CLOCK_BUFFER_TYPE = NONE for FIXED_IO_mio[22]. (constraint file  {c:/Users/gm/Vivado Projects/complete_det_final_full_and_red/complete_det_final_full_and_red.gen/sources_1/bd/comblock_setup/ip/comblock_setup_processing_system7_0_1/comblock_setup_processing_system7_0_1/comblock_setup_processing_system7_0_1_in_context.xdc}, line 177).
Applied set_property IO_BUFFER_TYPE = NONE for FIXED_IO_mio[23]. (constraint file  {c:/Users/gm/Vivado Projects/complete_det_final_full_and_red/complete_det_final_full_and_red.gen/sources_1/bd/comblock_setup/ip/comblock_setup_processing_system7_0_1/comblock_setup_processing_system7_0_1/comblock_setup_processing_system7_0_1_in_context.xdc}, line 178).
Applied set_property CLOCK_BUFFER_TYPE = NONE for FIXED_IO_mio[23]. (constraint file  {c:/Users/gm/Vivado Projects/complete_det_final_full_and_red/complete_det_final_full_and_red.gen/sources_1/bd/comblock_setup/ip/comblock_setup_processing_system7_0_1/comblock_setup_processing_system7_0_1/comblock_setup_processing_system7_0_1_in_context.xdc}, line 179).
Applied set_property IO_BUFFER_TYPE = NONE for FIXED_IO_mio[24]. (constraint file  {c:/Users/gm/Vivado Projects/complete_det_final_full_and_red/complete_det_final_full_and_red.gen/sources_1/bd/comblock_setup/ip/comblock_setup_processing_system7_0_1/comblock_setup_processing_system7_0_1/comblock_setup_processing_system7_0_1_in_context.xdc}, line 180).
Applied set_property CLOCK_BUFFER_TYPE = NONE for FIXED_IO_mio[24]. (constraint file  {c:/Users/gm/Vivado Projects/complete_det_final_full_and_red/complete_det_final_full_and_red.gen/sources_1/bd/comblock_setup/ip/comblock_setup_processing_system7_0_1/comblock_setup_processing_system7_0_1/comblock_setup_processing_system7_0_1_in_context.xdc}, line 181).
Applied set_property IO_BUFFER_TYPE = NONE for FIXED_IO_mio[25]. (constraint file  {c:/Users/gm/Vivado Projects/complete_det_final_full_and_red/complete_det_final_full_and_red.gen/sources_1/bd/comblock_setup/ip/comblock_setup_processing_system7_0_1/comblock_setup_processing_system7_0_1/comblock_setup_processing_system7_0_1_in_context.xdc}, line 182).
Applied set_property CLOCK_BUFFER_TYPE = NONE for FIXED_IO_mio[25]. (constraint file  {c:/Users/gm/Vivado Projects/complete_det_final_full_and_red/complete_det_final_full_and_red.gen/sources_1/bd/comblock_setup/ip/comblock_setup_processing_system7_0_1/comblock_setup_processing_system7_0_1/comblock_setup_processing_system7_0_1_in_context.xdc}, line 183).
Applied set_property IO_BUFFER_TYPE = NONE for FIXED_IO_mio[26]. (constraint file  {c:/Users/gm/Vivado Projects/complete_det_final_full_and_red/complete_det_final_full_and_red.gen/sources_1/bd/comblock_setup/ip/comblock_setup_processing_system7_0_1/comblock_setup_processing_system7_0_1/comblock_setup_processing_system7_0_1_in_context.xdc}, line 184).
Applied set_property CLOCK_BUFFER_TYPE = NONE for FIXED_IO_mio[26]. (constraint file  {c:/Users/gm/Vivado Projects/complete_det_final_full_and_red/complete_det_final_full_and_red.gen/sources_1/bd/comblock_setup/ip/comblock_setup_processing_system7_0_1/comblock_setup_processing_system7_0_1/comblock_setup_processing_system7_0_1_in_context.xdc}, line 185).
Applied set_property IO_BUFFER_TYPE = NONE for FIXED_IO_mio[27]. (constraint file  {c:/Users/gm/Vivado Projects/complete_det_final_full_and_red/complete_det_final_full_and_red.gen/sources_1/bd/comblock_setup/ip/comblock_setup_processing_system7_0_1/comblock_setup_processing_system7_0_1/comblock_setup_processing_system7_0_1_in_context.xdc}, line 186).
Applied set_property CLOCK_BUFFER_TYPE = NONE for FIXED_IO_mio[27]. (constraint file  {c:/Users/gm/Vivado Projects/complete_det_final_full_and_red/complete_det_final_full_and_red.gen/sources_1/bd/comblock_setup/ip/comblock_setup_processing_system7_0_1/comblock_setup_processing_system7_0_1/comblock_setup_processing_system7_0_1_in_context.xdc}, line 187).
Applied set_property IO_BUFFER_TYPE = NONE for FIXED_IO_mio[28]. (constraint file  {c:/Users/gm/Vivado Projects/complete_det_final_full_and_red/complete_det_final_full_and_red.gen/sources_1/bd/comblock_setup/ip/comblock_setup_processing_system7_0_1/comblock_setup_processing_system7_0_1/comblock_setup_processing_system7_0_1_in_context.xdc}, line 188).
Applied set_property CLOCK_BUFFER_TYPE = NONE for FIXED_IO_mio[28]. (constraint file  {c:/Users/gm/Vivado Projects/complete_det_final_full_and_red/complete_det_final_full_and_red.gen/sources_1/bd/comblock_setup/ip/comblock_setup_processing_system7_0_1/comblock_setup_processing_system7_0_1/comblock_setup_processing_system7_0_1_in_context.xdc}, line 189).
Applied set_property IO_BUFFER_TYPE = NONE for FIXED_IO_mio[29]. (constraint file  {c:/Users/gm/Vivado Projects/complete_det_final_full_and_red/complete_det_final_full_and_red.gen/sources_1/bd/comblock_setup/ip/comblock_setup_processing_system7_0_1/comblock_setup_processing_system7_0_1/comblock_setup_processing_system7_0_1_in_context.xdc}, line 190).
Applied set_property CLOCK_BUFFER_TYPE = NONE for FIXED_IO_mio[29]. (constraint file  {c:/Users/gm/Vivado Projects/complete_det_final_full_and_red/complete_det_final_full_and_red.gen/sources_1/bd/comblock_setup/ip/comblock_setup_processing_system7_0_1/comblock_setup_processing_system7_0_1/comblock_setup_processing_system7_0_1_in_context.xdc}, line 191).
Applied set_property IO_BUFFER_TYPE = NONE for FIXED_IO_mio[2]. (constraint file  {c:/Users/gm/Vivado Projects/complete_det_final_full_and_red/complete_det_final_full_and_red.gen/sources_1/bd/comblock_setup/ip/comblock_setup_processing_system7_0_1/comblock_setup_processing_system7_0_1/comblock_setup_processing_system7_0_1_in_context.xdc}, line 192).
Applied set_property CLOCK_BUFFER_TYPE = NONE for FIXED_IO_mio[2]. (constraint file  {c:/Users/gm/Vivado Projects/complete_det_final_full_and_red/complete_det_final_full_and_red.gen/sources_1/bd/comblock_setup/ip/comblock_setup_processing_system7_0_1/comblock_setup_processing_system7_0_1/comblock_setup_processing_system7_0_1_in_context.xdc}, line 193).
Applied set_property IO_BUFFER_TYPE = NONE for FIXED_IO_mio[30]. (constraint file  {c:/Users/gm/Vivado Projects/complete_det_final_full_and_red/complete_det_final_full_and_red.gen/sources_1/bd/comblock_setup/ip/comblock_setup_processing_system7_0_1/comblock_setup_processing_system7_0_1/comblock_setup_processing_system7_0_1_in_context.xdc}, line 194).
Applied set_property CLOCK_BUFFER_TYPE = NONE for FIXED_IO_mio[30]. (constraint file  {c:/Users/gm/Vivado Projects/complete_det_final_full_and_red/complete_det_final_full_and_red.gen/sources_1/bd/comblock_setup/ip/comblock_setup_processing_system7_0_1/comblock_setup_processing_system7_0_1/comblock_setup_processing_system7_0_1_in_context.xdc}, line 195).
Applied set_property IO_BUFFER_TYPE = NONE for FIXED_IO_mio[31]. (constraint file  {c:/Users/gm/Vivado Projects/complete_det_final_full_and_red/complete_det_final_full_and_red.gen/sources_1/bd/comblock_setup/ip/comblock_setup_processing_system7_0_1/comblock_setup_processing_system7_0_1/comblock_setup_processing_system7_0_1_in_context.xdc}, line 196).
Applied set_property CLOCK_BUFFER_TYPE = NONE for FIXED_IO_mio[31]. (constraint file  {c:/Users/gm/Vivado Projects/complete_det_final_full_and_red/complete_det_final_full_and_red.gen/sources_1/bd/comblock_setup/ip/comblock_setup_processing_system7_0_1/comblock_setup_processing_system7_0_1/comblock_setup_processing_system7_0_1_in_context.xdc}, line 197).
Applied set_property IO_BUFFER_TYPE = NONE for FIXED_IO_mio[32]. (constraint file  {c:/Users/gm/Vivado Projects/complete_det_final_full_and_red/complete_det_final_full_and_red.gen/sources_1/bd/comblock_setup/ip/comblock_setup_processing_system7_0_1/comblock_setup_processing_system7_0_1/comblock_setup_processing_system7_0_1_in_context.xdc}, line 198).
Applied set_property CLOCK_BUFFER_TYPE = NONE for FIXED_IO_mio[32]. (constraint file  {c:/Users/gm/Vivado Projects/complete_det_final_full_and_red/complete_det_final_full_and_red.gen/sources_1/bd/comblock_setup/ip/comblock_setup_processing_system7_0_1/comblock_setup_processing_system7_0_1/comblock_setup_processing_system7_0_1_in_context.xdc}, line 199).
Applied set_property IO_BUFFER_TYPE = NONE for FIXED_IO_mio[33]. (constraint file  {c:/Users/gm/Vivado Projects/complete_det_final_full_and_red/complete_det_final_full_and_red.gen/sources_1/bd/comblock_setup/ip/comblock_setup_processing_system7_0_1/comblock_setup_processing_system7_0_1/comblock_setup_processing_system7_0_1_in_context.xdc}, line 200).
Applied set_property CLOCK_BUFFER_TYPE = NONE for FIXED_IO_mio[33]. (constraint file  {c:/Users/gm/Vivado Projects/complete_det_final_full_and_red/complete_det_final_full_and_red.gen/sources_1/bd/comblock_setup/ip/comblock_setup_processing_system7_0_1/comblock_setup_processing_system7_0_1/comblock_setup_processing_system7_0_1_in_context.xdc}, line 201).
Applied set_property IO_BUFFER_TYPE = NONE for FIXED_IO_mio[34]. (constraint file  {c:/Users/gm/Vivado Projects/complete_det_final_full_and_red/complete_det_final_full_and_red.gen/sources_1/bd/comblock_setup/ip/comblock_setup_processing_system7_0_1/comblock_setup_processing_system7_0_1/comblock_setup_processing_system7_0_1_in_context.xdc}, line 202).
Applied set_property CLOCK_BUFFER_TYPE = NONE for FIXED_IO_mio[34]. (constraint file  {c:/Users/gm/Vivado Projects/complete_det_final_full_and_red/complete_det_final_full_and_red.gen/sources_1/bd/comblock_setup/ip/comblock_setup_processing_system7_0_1/comblock_setup_processing_system7_0_1/comblock_setup_processing_system7_0_1_in_context.xdc}, line 203).
Applied set_property IO_BUFFER_TYPE = NONE for FIXED_IO_mio[35]. (constraint file  {c:/Users/gm/Vivado Projects/complete_det_final_full_and_red/complete_det_final_full_and_red.gen/sources_1/bd/comblock_setup/ip/comblock_setup_processing_system7_0_1/comblock_setup_processing_system7_0_1/comblock_setup_processing_system7_0_1_in_context.xdc}, line 204).
Applied set_property CLOCK_BUFFER_TYPE = NONE for FIXED_IO_mio[35]. (constraint file  {c:/Users/gm/Vivado Projects/complete_det_final_full_and_red/complete_det_final_full_and_red.gen/sources_1/bd/comblock_setup/ip/comblock_setup_processing_system7_0_1/comblock_setup_processing_system7_0_1/comblock_setup_processing_system7_0_1_in_context.xdc}, line 205).
Applied set_property IO_BUFFER_TYPE = NONE for FIXED_IO_mio[36]. (constraint file  {c:/Users/gm/Vivado Projects/complete_det_final_full_and_red/complete_det_final_full_and_red.gen/sources_1/bd/comblock_setup/ip/comblock_setup_processing_system7_0_1/comblock_setup_processing_system7_0_1/comblock_setup_processing_system7_0_1_in_context.xdc}, line 206).
Applied set_property CLOCK_BUFFER_TYPE = NONE for FIXED_IO_mio[36]. (constraint file  {c:/Users/gm/Vivado Projects/complete_det_final_full_and_red/complete_det_final_full_and_red.gen/sources_1/bd/comblock_setup/ip/comblock_setup_processing_system7_0_1/comblock_setup_processing_system7_0_1/comblock_setup_processing_system7_0_1_in_context.xdc}, line 207).
Applied set_property IO_BUFFER_TYPE = NONE for FIXED_IO_mio[37]. (constraint file  {c:/Users/gm/Vivado Projects/complete_det_final_full_and_red/complete_det_final_full_and_red.gen/sources_1/bd/comblock_setup/ip/comblock_setup_processing_system7_0_1/comblock_setup_processing_system7_0_1/comblock_setup_processing_system7_0_1_in_context.xdc}, line 208).
Applied set_property CLOCK_BUFFER_TYPE = NONE for FIXED_IO_mio[37]. (constraint file  {c:/Users/gm/Vivado Projects/complete_det_final_full_and_red/complete_det_final_full_and_red.gen/sources_1/bd/comblock_setup/ip/comblock_setup_processing_system7_0_1/comblock_setup_processing_system7_0_1/comblock_setup_processing_system7_0_1_in_context.xdc}, line 209).
Applied set_property IO_BUFFER_TYPE = NONE for FIXED_IO_mio[38]. (constraint file  {c:/Users/gm/Vivado Projects/complete_det_final_full_and_red/complete_det_final_full_and_red.gen/sources_1/bd/comblock_setup/ip/comblock_setup_processing_system7_0_1/comblock_setup_processing_system7_0_1/comblock_setup_processing_system7_0_1_in_context.xdc}, line 210).
Applied set_property CLOCK_BUFFER_TYPE = NONE for FIXED_IO_mio[38]. (constraint file  {c:/Users/gm/Vivado Projects/complete_det_final_full_and_red/complete_det_final_full_and_red.gen/sources_1/bd/comblock_setup/ip/comblock_setup_processing_system7_0_1/comblock_setup_processing_system7_0_1/comblock_setup_processing_system7_0_1_in_context.xdc}, line 211).
Applied set_property IO_BUFFER_TYPE = NONE for FIXED_IO_mio[39]. (constraint file  {c:/Users/gm/Vivado Projects/complete_det_final_full_and_red/complete_det_final_full_and_red.gen/sources_1/bd/comblock_setup/ip/comblock_setup_processing_system7_0_1/comblock_setup_processing_system7_0_1/comblock_setup_processing_system7_0_1_in_context.xdc}, line 212).
Applied set_property CLOCK_BUFFER_TYPE = NONE for FIXED_IO_mio[39]. (constraint file  {c:/Users/gm/Vivado Projects/complete_det_final_full_and_red/complete_det_final_full_and_red.gen/sources_1/bd/comblock_setup/ip/comblock_setup_processing_system7_0_1/comblock_setup_processing_system7_0_1/comblock_setup_processing_system7_0_1_in_context.xdc}, line 213).
Applied set_property IO_BUFFER_TYPE = NONE for FIXED_IO_mio[3]. (constraint file  {c:/Users/gm/Vivado Projects/complete_det_final_full_and_red/complete_det_final_full_and_red.gen/sources_1/bd/comblock_setup/ip/comblock_setup_processing_system7_0_1/comblock_setup_processing_system7_0_1/comblock_setup_processing_system7_0_1_in_context.xdc}, line 214).
Applied set_property CLOCK_BUFFER_TYPE = NONE for FIXED_IO_mio[3]. (constraint file  {c:/Users/gm/Vivado Projects/complete_det_final_full_and_red/complete_det_final_full_and_red.gen/sources_1/bd/comblock_setup/ip/comblock_setup_processing_system7_0_1/comblock_setup_processing_system7_0_1/comblock_setup_processing_system7_0_1_in_context.xdc}, line 215).
Applied set_property IO_BUFFER_TYPE = NONE for FIXED_IO_mio[40]. (constraint file  {c:/Users/gm/Vivado Projects/complete_det_final_full_and_red/complete_det_final_full_and_red.gen/sources_1/bd/comblock_setup/ip/comblock_setup_processing_system7_0_1/comblock_setup_processing_system7_0_1/comblock_setup_processing_system7_0_1_in_context.xdc}, line 216).
Applied set_property CLOCK_BUFFER_TYPE = NONE for FIXED_IO_mio[40]. (constraint file  {c:/Users/gm/Vivado Projects/complete_det_final_full_and_red/complete_det_final_full_and_red.gen/sources_1/bd/comblock_setup/ip/comblock_setup_processing_system7_0_1/comblock_setup_processing_system7_0_1/comblock_setup_processing_system7_0_1_in_context.xdc}, line 217).
Applied set_property IO_BUFFER_TYPE = NONE for FIXED_IO_mio[41]. (constraint file  {c:/Users/gm/Vivado Projects/complete_det_final_full_and_red/complete_det_final_full_and_red.gen/sources_1/bd/comblock_setup/ip/comblock_setup_processing_system7_0_1/comblock_setup_processing_system7_0_1/comblock_setup_processing_system7_0_1_in_context.xdc}, line 218).
Applied set_property CLOCK_BUFFER_TYPE = NONE for FIXED_IO_mio[41]. (constraint file  {c:/Users/gm/Vivado Projects/complete_det_final_full_and_red/complete_det_final_full_and_red.gen/sources_1/bd/comblock_setup/ip/comblock_setup_processing_system7_0_1/comblock_setup_processing_system7_0_1/comblock_setup_processing_system7_0_1_in_context.xdc}, line 219).
Applied set_property IO_BUFFER_TYPE = NONE for FIXED_IO_mio[42]. (constraint file  {c:/Users/gm/Vivado Projects/complete_det_final_full_and_red/complete_det_final_full_and_red.gen/sources_1/bd/comblock_setup/ip/comblock_setup_processing_system7_0_1/comblock_setup_processing_system7_0_1/comblock_setup_processing_system7_0_1_in_context.xdc}, line 220).
Applied set_property CLOCK_BUFFER_TYPE = NONE for FIXED_IO_mio[42]. (constraint file  {c:/Users/gm/Vivado Projects/complete_det_final_full_and_red/complete_det_final_full_and_red.gen/sources_1/bd/comblock_setup/ip/comblock_setup_processing_system7_0_1/comblock_setup_processing_system7_0_1/comblock_setup_processing_system7_0_1_in_context.xdc}, line 221).
Applied set_property IO_BUFFER_TYPE = NONE for FIXED_IO_mio[43]. (constraint file  {c:/Users/gm/Vivado Projects/complete_det_final_full_and_red/complete_det_final_full_and_red.gen/sources_1/bd/comblock_setup/ip/comblock_setup_processing_system7_0_1/comblock_setup_processing_system7_0_1/comblock_setup_processing_system7_0_1_in_context.xdc}, line 222).
Applied set_property CLOCK_BUFFER_TYPE = NONE for FIXED_IO_mio[43]. (constraint file  {c:/Users/gm/Vivado Projects/complete_det_final_full_and_red/complete_det_final_full_and_red.gen/sources_1/bd/comblock_setup/ip/comblock_setup_processing_system7_0_1/comblock_setup_processing_system7_0_1/comblock_setup_processing_system7_0_1_in_context.xdc}, line 223).
Applied set_property IO_BUFFER_TYPE = NONE for FIXED_IO_mio[44]. (constraint file  {c:/Users/gm/Vivado Projects/complete_det_final_full_and_red/complete_det_final_full_and_red.gen/sources_1/bd/comblock_setup/ip/comblock_setup_processing_system7_0_1/comblock_setup_processing_system7_0_1/comblock_setup_processing_system7_0_1_in_context.xdc}, line 224).
Applied set_property CLOCK_BUFFER_TYPE = NONE for FIXED_IO_mio[44]. (constraint file  {c:/Users/gm/Vivado Projects/complete_det_final_full_and_red/complete_det_final_full_and_red.gen/sources_1/bd/comblock_setup/ip/comblock_setup_processing_system7_0_1/comblock_setup_processing_system7_0_1/comblock_setup_processing_system7_0_1_in_context.xdc}, line 225).
Applied set_property IO_BUFFER_TYPE = NONE for FIXED_IO_mio[45]. (constraint file  {c:/Users/gm/Vivado Projects/complete_det_final_full_and_red/complete_det_final_full_and_red.gen/sources_1/bd/comblock_setup/ip/comblock_setup_processing_system7_0_1/comblock_setup_processing_system7_0_1/comblock_setup_processing_system7_0_1_in_context.xdc}, line 226).
Applied set_property CLOCK_BUFFER_TYPE = NONE for FIXED_IO_mio[45]. (constraint file  {c:/Users/gm/Vivado Projects/complete_det_final_full_and_red/complete_det_final_full_and_red.gen/sources_1/bd/comblock_setup/ip/comblock_setup_processing_system7_0_1/comblock_setup_processing_system7_0_1/comblock_setup_processing_system7_0_1_in_context.xdc}, line 227).
Applied set_property IO_BUFFER_TYPE = NONE for FIXED_IO_mio[46]. (constraint file  {c:/Users/gm/Vivado Projects/complete_det_final_full_and_red/complete_det_final_full_and_red.gen/sources_1/bd/comblock_setup/ip/comblock_setup_processing_system7_0_1/comblock_setup_processing_system7_0_1/comblock_setup_processing_system7_0_1_in_context.xdc}, line 228).
Applied set_property CLOCK_BUFFER_TYPE = NONE for FIXED_IO_mio[46]. (constraint file  {c:/Users/gm/Vivado Projects/complete_det_final_full_and_red/complete_det_final_full_and_red.gen/sources_1/bd/comblock_setup/ip/comblock_setup_processing_system7_0_1/comblock_setup_processing_system7_0_1/comblock_setup_processing_system7_0_1_in_context.xdc}, line 229).
Applied set_property IO_BUFFER_TYPE = NONE for FIXED_IO_mio[47]. (constraint file  {c:/Users/gm/Vivado Projects/complete_det_final_full_and_red/complete_det_final_full_and_red.gen/sources_1/bd/comblock_setup/ip/comblock_setup_processing_system7_0_1/comblock_setup_processing_system7_0_1/comblock_setup_processing_system7_0_1_in_context.xdc}, line 230).
Applied set_property CLOCK_BUFFER_TYPE = NONE for FIXED_IO_mio[47]. (constraint file  {c:/Users/gm/Vivado Projects/complete_det_final_full_and_red/complete_det_final_full_and_red.gen/sources_1/bd/comblock_setup/ip/comblock_setup_processing_system7_0_1/comblock_setup_processing_system7_0_1/comblock_setup_processing_system7_0_1_in_context.xdc}, line 231).
Applied set_property IO_BUFFER_TYPE = NONE for FIXED_IO_mio[48]. (constraint file  {c:/Users/gm/Vivado Projects/complete_det_final_full_and_red/complete_det_final_full_and_red.gen/sources_1/bd/comblock_setup/ip/comblock_setup_processing_system7_0_1/comblock_setup_processing_system7_0_1/comblock_setup_processing_system7_0_1_in_context.xdc}, line 232).
Applied set_property CLOCK_BUFFER_TYPE = NONE for FIXED_IO_mio[48]. (constraint file  {c:/Users/gm/Vivado Projects/complete_det_final_full_and_red/complete_det_final_full_and_red.gen/sources_1/bd/comblock_setup/ip/comblock_setup_processing_system7_0_1/comblock_setup_processing_system7_0_1/comblock_setup_processing_system7_0_1_in_context.xdc}, line 233).
Applied set_property IO_BUFFER_TYPE = NONE for FIXED_IO_mio[49]. (constraint file  {c:/Users/gm/Vivado Projects/complete_det_final_full_and_red/complete_det_final_full_and_red.gen/sources_1/bd/comblock_setup/ip/comblock_setup_processing_system7_0_1/comblock_setup_processing_system7_0_1/comblock_setup_processing_system7_0_1_in_context.xdc}, line 234).
Applied set_property CLOCK_BUFFER_TYPE = NONE for FIXED_IO_mio[49]. (constraint file  {c:/Users/gm/Vivado Projects/complete_det_final_full_and_red/complete_det_final_full_and_red.gen/sources_1/bd/comblock_setup/ip/comblock_setup_processing_system7_0_1/comblock_setup_processing_system7_0_1/comblock_setup_processing_system7_0_1_in_context.xdc}, line 235).
Applied set_property IO_BUFFER_TYPE = NONE for FIXED_IO_mio[4]. (constraint file  {c:/Users/gm/Vivado Projects/complete_det_final_full_and_red/complete_det_final_full_and_red.gen/sources_1/bd/comblock_setup/ip/comblock_setup_processing_system7_0_1/comblock_setup_processing_system7_0_1/comblock_setup_processing_system7_0_1_in_context.xdc}, line 236).
Applied set_property CLOCK_BUFFER_TYPE = NONE for FIXED_IO_mio[4]. (constraint file  {c:/Users/gm/Vivado Projects/complete_det_final_full_and_red/complete_det_final_full_and_red.gen/sources_1/bd/comblock_setup/ip/comblock_setup_processing_system7_0_1/comblock_setup_processing_system7_0_1/comblock_setup_processing_system7_0_1_in_context.xdc}, line 237).
Applied set_property IO_BUFFER_TYPE = NONE for FIXED_IO_mio[50]. (constraint file  {c:/Users/gm/Vivado Projects/complete_det_final_full_and_red/complete_det_final_full_and_red.gen/sources_1/bd/comblock_setup/ip/comblock_setup_processing_system7_0_1/comblock_setup_processing_system7_0_1/comblock_setup_processing_system7_0_1_in_context.xdc}, line 238).
Applied set_property CLOCK_BUFFER_TYPE = NONE for FIXED_IO_mio[50]. (constraint file  {c:/Users/gm/Vivado Projects/complete_det_final_full_and_red/complete_det_final_full_and_red.gen/sources_1/bd/comblock_setup/ip/comblock_setup_processing_system7_0_1/comblock_setup_processing_system7_0_1/comblock_setup_processing_system7_0_1_in_context.xdc}, line 239).
Applied set_property IO_BUFFER_TYPE = NONE for FIXED_IO_mio[51]. (constraint file  {c:/Users/gm/Vivado Projects/complete_det_final_full_and_red/complete_det_final_full_and_red.gen/sources_1/bd/comblock_setup/ip/comblock_setup_processing_system7_0_1/comblock_setup_processing_system7_0_1/comblock_setup_processing_system7_0_1_in_context.xdc}, line 240).
Applied set_property CLOCK_BUFFER_TYPE = NONE for FIXED_IO_mio[51]. (constraint file  {c:/Users/gm/Vivado Projects/complete_det_final_full_and_red/complete_det_final_full_and_red.gen/sources_1/bd/comblock_setup/ip/comblock_setup_processing_system7_0_1/comblock_setup_processing_system7_0_1/comblock_setup_processing_system7_0_1_in_context.xdc}, line 241).
Applied set_property IO_BUFFER_TYPE = NONE for FIXED_IO_mio[52]. (constraint file  {c:/Users/gm/Vivado Projects/complete_det_final_full_and_red/complete_det_final_full_and_red.gen/sources_1/bd/comblock_setup/ip/comblock_setup_processing_system7_0_1/comblock_setup_processing_system7_0_1/comblock_setup_processing_system7_0_1_in_context.xdc}, line 242).
Applied set_property CLOCK_BUFFER_TYPE = NONE for FIXED_IO_mio[52]. (constraint file  {c:/Users/gm/Vivado Projects/complete_det_final_full_and_red/complete_det_final_full_and_red.gen/sources_1/bd/comblock_setup/ip/comblock_setup_processing_system7_0_1/comblock_setup_processing_system7_0_1/comblock_setup_processing_system7_0_1_in_context.xdc}, line 243).
Applied set_property IO_BUFFER_TYPE = NONE for FIXED_IO_mio[53]. (constraint file  {c:/Users/gm/Vivado Projects/complete_det_final_full_and_red/complete_det_final_full_and_red.gen/sources_1/bd/comblock_setup/ip/comblock_setup_processing_system7_0_1/comblock_setup_processing_system7_0_1/comblock_setup_processing_system7_0_1_in_context.xdc}, line 244).
Applied set_property CLOCK_BUFFER_TYPE = NONE for FIXED_IO_mio[53]. (constraint file  {c:/Users/gm/Vivado Projects/complete_det_final_full_and_red/complete_det_final_full_and_red.gen/sources_1/bd/comblock_setup/ip/comblock_setup_processing_system7_0_1/comblock_setup_processing_system7_0_1/comblock_setup_processing_system7_0_1_in_context.xdc}, line 245).
Applied set_property IO_BUFFER_TYPE = NONE for FIXED_IO_mio[5]. (constraint file  {c:/Users/gm/Vivado Projects/complete_det_final_full_and_red/complete_det_final_full_and_red.gen/sources_1/bd/comblock_setup/ip/comblock_setup_processing_system7_0_1/comblock_setup_processing_system7_0_1/comblock_setup_processing_system7_0_1_in_context.xdc}, line 246).
Applied set_property CLOCK_BUFFER_TYPE = NONE for FIXED_IO_mio[5]. (constraint file  {c:/Users/gm/Vivado Projects/complete_det_final_full_and_red/complete_det_final_full_and_red.gen/sources_1/bd/comblock_setup/ip/comblock_setup_processing_system7_0_1/comblock_setup_processing_system7_0_1/comblock_setup_processing_system7_0_1_in_context.xdc}, line 247).
Applied set_property IO_BUFFER_TYPE = NONE for FIXED_IO_mio[6]. (constraint file  {c:/Users/gm/Vivado Projects/complete_det_final_full_and_red/complete_det_final_full_and_red.gen/sources_1/bd/comblock_setup/ip/comblock_setup_processing_system7_0_1/comblock_setup_processing_system7_0_1/comblock_setup_processing_system7_0_1_in_context.xdc}, line 248).
Applied set_property CLOCK_BUFFER_TYPE = NONE for FIXED_IO_mio[6]. (constraint file  {c:/Users/gm/Vivado Projects/complete_det_final_full_and_red/complete_det_final_full_and_red.gen/sources_1/bd/comblock_setup/ip/comblock_setup_processing_system7_0_1/comblock_setup_processing_system7_0_1/comblock_setup_processing_system7_0_1_in_context.xdc}, line 249).
Applied set_property IO_BUFFER_TYPE = NONE for FIXED_IO_mio[7]. (constraint file  {c:/Users/gm/Vivado Projects/complete_det_final_full_and_red/complete_det_final_full_and_red.gen/sources_1/bd/comblock_setup/ip/comblock_setup_processing_system7_0_1/comblock_setup_processing_system7_0_1/comblock_setup_processing_system7_0_1_in_context.xdc}, line 250).
Applied set_property CLOCK_BUFFER_TYPE = NONE for FIXED_IO_mio[7]. (constraint file  {c:/Users/gm/Vivado Projects/complete_det_final_full_and_red/complete_det_final_full_and_red.gen/sources_1/bd/comblock_setup/ip/comblock_setup_processing_system7_0_1/comblock_setup_processing_system7_0_1/comblock_setup_processing_system7_0_1_in_context.xdc}, line 251).
Applied set_property IO_BUFFER_TYPE = NONE for FIXED_IO_mio[8]. (constraint file  {c:/Users/gm/Vivado Projects/complete_det_final_full_and_red/complete_det_final_full_and_red.gen/sources_1/bd/comblock_setup/ip/comblock_setup_processing_system7_0_1/comblock_setup_processing_system7_0_1/comblock_setup_processing_system7_0_1_in_context.xdc}, line 252).
Applied set_property CLOCK_BUFFER_TYPE = NONE for FIXED_IO_mio[8]. (constraint file  {c:/Users/gm/Vivado Projects/complete_det_final_full_and_red/complete_det_final_full_and_red.gen/sources_1/bd/comblock_setup/ip/comblock_setup_processing_system7_0_1/comblock_setup_processing_system7_0_1/comblock_setup_processing_system7_0_1_in_context.xdc}, line 253).
Applied set_property IO_BUFFER_TYPE = NONE for FIXED_IO_mio[9]. (constraint file  {c:/Users/gm/Vivado Projects/complete_det_final_full_and_red/complete_det_final_full_and_red.gen/sources_1/bd/comblock_setup/ip/comblock_setup_processing_system7_0_1/comblock_setup_processing_system7_0_1/comblock_setup_processing_system7_0_1_in_context.xdc}, line 254).
Applied set_property CLOCK_BUFFER_TYPE = NONE for FIXED_IO_mio[9]. (constraint file  {c:/Users/gm/Vivado Projects/complete_det_final_full_and_red/complete_det_final_full_and_red.gen/sources_1/bd/comblock_setup/ip/comblock_setup_processing_system7_0_1/comblock_setup_processing_system7_0_1/comblock_setup_processing_system7_0_1_in_context.xdc}, line 255).
Applied set_property IO_BUFFER_TYPE = NONE for FIXED_IO_ps_clk. (constraint file  {c:/Users/gm/Vivado Projects/complete_det_final_full_and_red/complete_det_final_full_and_red.gen/sources_1/bd/comblock_setup/ip/comblock_setup_processing_system7_0_1/comblock_setup_processing_system7_0_1/comblock_setup_processing_system7_0_1_in_context.xdc}, line 256).
Applied set_property CLOCK_BUFFER_TYPE = NONE for FIXED_IO_ps_clk. (constraint file  {c:/Users/gm/Vivado Projects/complete_det_final_full_and_red/complete_det_final_full_and_red.gen/sources_1/bd/comblock_setup/ip/comblock_setup_processing_system7_0_1/comblock_setup_processing_system7_0_1/comblock_setup_processing_system7_0_1_in_context.xdc}, line 257).
Applied set_property IO_BUFFER_TYPE = NONE for FIXED_IO_ps_porb. (constraint file  {c:/Users/gm/Vivado Projects/complete_det_final_full_and_red/complete_det_final_full_and_red.gen/sources_1/bd/comblock_setup/ip/comblock_setup_processing_system7_0_1/comblock_setup_processing_system7_0_1/comblock_setup_processing_system7_0_1_in_context.xdc}, line 258).
Applied set_property CLOCK_BUFFER_TYPE = NONE for FIXED_IO_ps_porb. (constraint file  {c:/Users/gm/Vivado Projects/complete_det_final_full_and_red/complete_det_final_full_and_red.gen/sources_1/bd/comblock_setup/ip/comblock_setup_processing_system7_0_1/comblock_setup_processing_system7_0_1/comblock_setup_processing_system7_0_1_in_context.xdc}, line 259).
Applied set_property IO_BUFFER_TYPE = NONE for FIXED_IO_ps_srstb. (constraint file  {c:/Users/gm/Vivado Projects/complete_det_final_full_and_red/complete_det_final_full_and_red.gen/sources_1/bd/comblock_setup/ip/comblock_setup_processing_system7_0_1/comblock_setup_processing_system7_0_1/comblock_setup_processing_system7_0_1_in_context.xdc}, line 260).
Applied set_property CLOCK_BUFFER_TYPE = NONE for FIXED_IO_ps_srstb. (constraint file  {c:/Users/gm/Vivado Projects/complete_det_final_full_and_red/complete_det_final_full_and_red.gen/sources_1/bd/comblock_setup/ip/comblock_setup_processing_system7_0_1/comblock_setup_processing_system7_0_1/comblock_setup_processing_system7_0_1_in_context.xdc}, line 261).
Applied set_property KEEP_HIERARCHY = SOFT for comblock_setup_wrapper_inst/comblock_setup_i. (constraint file  auto generated constraint).
Applied set_property KEEP_HIERARCHY = SOFT for comblock_setup_wrapper_inst/comblock_setup_i/comblock_0. (constraint file  auto generated constraint).
Applied set_property KEEP_HIERARCHY = SOFT for comblock_setup_wrapper_inst/comblock_setup_i/processing_system7_0. (constraint file  auto generated constraint).
Applied set_property KEEP_HIERARCHY = SOFT for comblock_setup_wrapper_inst/comblock_setup_i/ps7_0_axi_periph/s00_couplers/auto_pc. (constraint file  auto generated constraint).
Applied set_property KEEP_HIERARCHY = SOFT for comblock_setup_wrapper_inst/comblock_setup_i/ps7_0_axi_periph. (constraint file  auto generated constraint).
Applied set_property KEEP_HIERARCHY = SOFT for comblock_setup_wrapper_inst/comblock_setup_i/rst_ps7_0_100M. (constraint file  auto generated constraint).
Applied set_property KEEP_HIERARCHY = SOFT for pm_top_mux_inst/scd_estimator_inst/pm_first_stage_wrap_inst/np_point_fft. (constraint file  auto generated constraint).
Applied set_property KEEP_HIERARCHY = SOFT for pm_top_mux_inst/scd_estimator_inst/pm_second_stage_wrap_inst/complex_multiplier1_ip_core. (constraint file  auto generated constraint).
Applied set_property KEEP_HIERARCHY = SOFT for pm_top_mux_inst/scd_estimator_inst/pm_second_stage_wrap_inst/complex_multiplier2_ip_core. (constraint file  auto generated constraint).
Applied set_property KEEP_HIERARCHY = SOFT for pm_top_mux_inst/scd_estimator_inst/pm_second_stage_wrap_inst/p_point_fft. (constraint file  auto generated constraint).
---------------------------------------------------------------------------------
Finished applying 'set_property' XDC Constraints : Time (s): cpu = 00:00:14 ; elapsed = 00:00:16 . Memory (MB): peak = 1612.680 ; gain = 706.805
---------------------------------------------------------------------------------
INFO: [Synth 8-802] inferred FSM for state register 'state_reg_reg' in module 'first_stage_fsmd'
INFO: [Synth 8-802] inferred FSM for state register 'state_reg' in module 'fft_done_detector'
INFO: [Synth 8-802] inferred FSM for state register 'state_reg_reg' in module 'second_stage_fsmd'
INFO: [Synth 8-802] inferred FSM for state register 'state_reg_reg' in module 'pm_top_mux_fsmd'
---------------------------------------------------------------------------------------------------
                   State |                     New Encoding |                Previous Encoding 
---------------------------------------------------------------------------------------------------
                  S_IDLE |                         00000001 | 00000000000000000000000000000000
               S_STR_RAM |                         00000010 | 00000000000000000000000000000001
               S_LD_BUFF |                         00000100 | 00000000000000000000000000000010
           S_CONF_LD_FFT |                         00001000 | 00000000000000000000000000000011
                S_LD_FFT |                         00010000 | 00000000000000000000000000000100
                  S_DONE |                         00100000 | 00000000000000000000000000000111
        S_WAIT_NXT_BLOCK |                         01000000 | 00000000000000000000000000000110
              S_WAIT_RDY |                         10000000 | 00000000000000000000000000000101
---------------------------------------------------------------------------------------------------
INFO: [Synth 8-3354] encoded FSM with state register 'state_reg_reg' using encoding 'one-hot' in module 'first_stage_fsmd'
---------------------------------------------------------------------------------------------------
                   State |                     New Encoding |                Previous Encoding 
---------------------------------------------------------------------------------------------------
                    IDLE |                             0001 | 00000000000000000000000000000000
                  ACTIVE |                             0010 | 00000000000000000000000000000001
                    WAIT |                             0100 | 00000000000000000000000000000010
                    DONE |                             1000 | 00000000000000000000000000000011
---------------------------------------------------------------------------------------------------
INFO: [Synth 8-3354] encoded FSM with state register 'state_reg' using encoding 'one-hot' in module 'fft_done_detector'
---------------------------------------------------------------------------------------------------
                   State |                     New Encoding |                Previous Encoding 
---------------------------------------------------------------------------------------------------
                  S_IDLE |             00000000000000000001 | 00000000000000000000000000000000
           S_GET_SAMPLES |             00000000000000000010 | 00000000000000000000000000000001
             S_WRITE_RAM |             00000000000000000100 | 00000000000000000000000000000010
             S_LOAD_BUFF |             00000000000000001000 | 00000000000000000000000000000011
     S_WAIT_CMULT1_VALID |             00000000000000010000 | 00000000000000000000000000000101
            S_DOWN_SHIFT |             00000000000000100000 | 00000000000000000000000000000100
          S_WRITE_RAM_DS |             00000000000001000000 | 00000000000000000000000000000110
              S_CONF_FFT |             00000000000010000000 | 00000000000000000000000000000111
           S_LOAD_CDEMOD |             00000000000100000000 | 00000000000000000000000000001000
                  S_DONE |             00000000001000000000 | 00000000000000000000000000010011
      S_LOAD_CDEMOD_SYNC |             00000000010000000000 | 00000000000000000000000000001001
   S_LOAD_CDEMOD_SYNC_EX |             00000000100000000000 | 00000000000000000000000000001010
       S_ALPHA_INDX_CALC |             00000001000000000000 | 00000000000000000000000000001011
      S_LOAD_CDEMOD_CONJ |             00000010000000000000 | 00000000000000000000000000001100
     S_WAIT_CMULT2_VALID |             00000100000000000000 | 00000000000000000000000000001110
           S_CDEMOD_PROD |             00001000000000000000 | 00000000000000000000000000001101
         S_CONF_LOAD_FFT |             00010000000000000000 | 00000000000000000000000000001111
              S_LOAD_FFT |             00100000000000000000 | 00000000000000000000000000010000
       S_WAIT_NEXT_BLOCK |             01000000000000000000 | 00000000000000000000000000010010
            S_WAIT_READY |             10000000000000000000 | 00000000000000000000000000010001
---------------------------------------------------------------------------------------------------
INFO: [Synth 8-3354] encoded FSM with state register 'state_reg_reg' using encoding 'one-hot' in module 'second_stage_fsmd'
---------------------------------------------------------------------------------------------------
                   State |                     New Encoding |                Previous Encoding 
---------------------------------------------------------------------------------------------------
                INIT_ENA |                         00000001 | 00000000000000000000000000000000
    EST_NOISE_WAIT_VALID |                         00000010 | 00000000000000000000000000000001
               EST_NOISE |                         00000100 | 00000000000000000000000000000010
    INPUT_SCD_WAIT_VALID |                         00001000 | 00000000000000000000000000000011
               INPUT_SCD |                         00010000 | 00000000000000000000000000000100
            ESTIMATE_SCD |                         00100000 | 00000000000000000000000000000101
            RESET_DETECT |                         01000000 | 00000000000000000000000000000110
RESET_DETECT_EXTRA_CLOCK |                         10000000 | 00000000000000000000000000000111
---------------------------------------------------------------------------------------------------
INFO: [Synth 8-3354] encoded FSM with state register 'state_reg_reg' using encoding 'one-hot' in module 'pm_top_mux_fsmd'
---------------------------------------------------------------------------------
Finished RTL Optimization Phase 2 : Time (s): cpu = 00:00:17 ; elapsed = 00:00:19 . Memory (MB): peak = 1612.680 ; gain = 706.805
---------------------------------------------------------------------------------
---------------------------------------------------------------------------------
Start RTL Component Statistics 
---------------------------------------------------------------------------------
Detailed RTL Component Info : 
+---Adders : 
	   2 Input   65 Bit       Adders := 1     
	   2 Input   32 Bit       Adders := 6     
	   2 Input   12 Bit       Adders := 1     
	   2 Input   11 Bit       Adders := 6     
	   2 Input   10 Bit       Adders := 1     
	   2 Input    8 Bit       Adders := 4     
	   3 Input    8 Bit       Adders := 1     
	   2 Input    7 Bit       Adders := 2     
	   3 Input    7 Bit       Adders := 1     
	   2 Input    6 Bit       Adders := 5     
	   3 Input    6 Bit       Adders := 1     
	   2 Input    5 Bit       Adders := 2     
	   2 Input    2 Bit       Adders := 2     
+---XORs : 
	   2 Input      1 Bit         XORs := 1     
+---Registers : 
	              133 Bit    Registers := 1     
	               65 Bit    Registers := 1     
	               64 Bit    Registers := 129   
	               57 Bit    Registers := 1     
	               34 Bit    Registers := 2     
	               32 Bit    Registers := 292   
	               16 Bit    Registers := 322   
	               12 Bit    Registers := 10    
	               11 Bit    Registers := 5     
	               10 Bit    Registers := 1     
	                8 Bit    Registers := 4     
	                7 Bit    Registers := 2     
	                6 Bit    Registers := 8     
	                5 Bit    Registers := 3     
	                4 Bit    Registers := 1     
	                2 Bit    Registers := 3     
	                1 Bit    Registers := 32    
+---Multipliers : 
	              34x99  Multipliers := 1     
	              34x65  Multipliers := 1     
	              32x32  Multipliers := 2     
+---RAMs : 
	               4K Bit	(128 X 32 bit)          RAMs := 64    
+---ROMs : 
	                    ROMs := 1     
+---Muxes : 
	   2 Input   65 Bit        Muxes := 3     
	   3 Input   65 Bit        Muxes := 1     
	   2 Input   64 Bit        Muxes := 1     
	   7 Input   34 Bit        Muxes := 1     
	   2 Input   33 Bit        Muxes := 1     
	   2 Input   32 Bit        Muxes := 2     
	  20 Input   20 Bit        Muxes := 1     
	   2 Input   20 Bit        Muxes := 19    
	   3 Input   16 Bit        Muxes := 67    
	   4 Input   16 Bit        Muxes := 1     
	   2 Input   12 Bit        Muxes := 2     
	   2 Input   10 Bit        Muxes := 1     
	   4 Input    8 Bit        Muxes := 30    
	   2 Input    8 Bit        Muxes := 16    
	   8 Input    8 Bit        Muxes := 2     
	   2 Input    7 Bit        Muxes := 1     
	   6 Input    7 Bit        Muxes := 1     
	   3 Input    6 Bit        Muxes := 2     
	   2 Input    6 Bit        Muxes := 5     
	   3 Input    5 Bit        Muxes := 2     
	   2 Input    5 Bit        Muxes := 3     
	   4 Input    4 Bit        Muxes := 1     
	   2 Input    4 Bit        Muxes := 4     
	   6 Input    3 Bit        Muxes := 2     
	   4 Input    2 Bit        Muxes := 1     
	   2 Input    2 Bit        Muxes := 1     
	   2 Input    1 Bit        Muxes := 281   
	   8 Input    1 Bit        Muxes := 17    
	  20 Input    1 Bit        Muxes := 25    
	   3 Input    1 Bit        Muxes := 1     
---------------------------------------------------------------------------------
Finished RTL Component Statistics 
---------------------------------------------------------------------------------
---------------------------------------------------------------------------------
Start Part Resource Summary
---------------------------------------------------------------------------------
Part Resources:
DSPs: 220 (col length:60)
BRAMs: 280 (col length: RAMB18 60 RAMB36 30)
---------------------------------------------------------------------------------
Finished Part Resource Summary
---------------------------------------------------------------------------------
---------------------------------------------------------------------------------
Start Cross Boundary and Area Optimization
---------------------------------------------------------------------------------
WARNING: [Synth 8-7080] Parallel synthesis criteria is not met
DSP Report: Generating DSP p_0_out, operation Mode is: A''*B.
DSP Report: register r_shiftreg_reg[31] is absorbed into DSP p_0_out.
DSP Report: register r_shiftreg_reg[30] is absorbed into DSP p_0_out.
DSP Report: operator p_0_out is absorbed into DSP p_0_out.
DSP Report: Generating DSP p_0_out, operation Mode is: A2*B.
DSP Report: register r_shiftreg_reg[31] is absorbed into DSP p_0_out.
DSP Report: operator p_0_out is absorbed into DSP p_0_out.
DSP Report: Generating DSP p_0_out, operation Mode is: ACIN''*B.
DSP Report: register r_shiftreg_reg[30] is absorbed into DSP p_0_out.
DSP Report: register r_shiftreg_reg[29] is absorbed into DSP p_0_out.
DSP Report: operator p_0_out is absorbed into DSP p_0_out.
DSP Report: Generating DSP p_0_out, operation Mode is: ACIN2*B.
DSP Report: register r_shiftreg_reg[28] is absorbed into DSP p_0_out.
DSP Report: operator p_0_out is absorbed into DSP p_0_out.
DSP Report: Generating DSP p_0_out, operation Mode is: ACIN2*B.
DSP Report: register r_shiftreg_reg[27] is absorbed into DSP p_0_out.
DSP Report: operator p_0_out is absorbed into DSP p_0_out.
DSP Report: Generating DSP p_0_out, operation Mode is: ACIN2*B.
DSP Report: register r_shiftreg_reg[26] is absorbed into DSP p_0_out.
DSP Report: operator p_0_out is absorbed into DSP p_0_out.
DSP Report: Generating DSP p_0_out, operation Mode is: ACIN2*B.
DSP Report: register r_shiftreg_reg[25] is absorbed into DSP p_0_out.
DSP Report: operator p_0_out is absorbed into DSP p_0_out.
DSP Report: Generating DSP p_0_out, operation Mode is: ACIN2*B.
DSP Report: register r_shiftreg_reg[24] is absorbed into DSP p_0_out.
DSP Report: operator p_0_out is absorbed into DSP p_0_out.
DSP Report: Generating DSP p_0_out, operation Mode is: ACIN2*B.
DSP Report: register r_shiftreg_reg[23] is absorbed into DSP p_0_out.
DSP Report: operator p_0_out is absorbed into DSP p_0_out.
DSP Report: Generating DSP p_0_out, operation Mode is: ACIN2*B.
DSP Report: register r_shiftreg_reg[22] is absorbed into DSP p_0_out.
DSP Report: operator p_0_out is absorbed into DSP p_0_out.
DSP Report: Generating DSP p_0_out, operation Mode is: ACIN2*B.
DSP Report: register r_shiftreg_reg[21] is absorbed into DSP p_0_out.
DSP Report: operator p_0_out is absorbed into DSP p_0_out.
DSP Report: Generating DSP p_0_out, operation Mode is: ACIN2*B.
DSP Report: register r_shiftreg_reg[20] is absorbed into DSP p_0_out.
DSP Report: operator p_0_out is absorbed into DSP p_0_out.
DSP Report: Generating DSP p_0_out, operation Mode is: ACIN2*B.
DSP Report: register r_shiftreg_reg[19] is absorbed into DSP p_0_out.
DSP Report: operator p_0_out is absorbed into DSP p_0_out.
DSP Report: Generating DSP p_0_out, operation Mode is: ACIN2*B.
DSP Report: register r_shiftreg_reg[18] is absorbed into DSP p_0_out.
DSP Report: operator p_0_out is absorbed into DSP p_0_out.
DSP Report: Generating DSP p_0_out, operation Mode is: ACIN2*B.
DSP Report: register r_shiftreg_reg[17] is absorbed into DSP p_0_out.
DSP Report: operator p_0_out is absorbed into DSP p_0_out.
DSP Report: Generating DSP p_0_out, operation Mode is: ACIN2*(B:0x7f).
DSP Report: register r_shiftreg_reg[16] is absorbed into DSP p_0_out.
DSP Report: operator p_0_out is absorbed into DSP p_0_out.
DSP Report: Generating DSP p_0_out, operation Mode is: ACIN2*(B:0x7f).
DSP Report: register r_shiftreg_reg[15] is absorbed into DSP p_0_out.
DSP Report: operator p_0_out is absorbed into DSP p_0_out.
DSP Report: Generating DSP p_0_out, operation Mode is: ACIN2*B.
DSP Report: register r_shiftreg_reg[14] is absorbed into DSP p_0_out.
DSP Report: operator p_0_out is absorbed into DSP p_0_out.
DSP Report: Generating DSP p_0_out, operation Mode is: ACIN2*B.
DSP Report: register r_shiftreg_reg[13] is absorbed into DSP p_0_out.
DSP Report: operator p_0_out is absorbed into DSP p_0_out.
DSP Report: Generating DSP p_0_out, operation Mode is: ACIN2*B.
DSP Report: register r_shiftreg_reg[12] is absorbed into DSP p_0_out.
DSP Report: operator p_0_out is absorbed into DSP p_0_out.
DSP Report: Generating DSP p_0_out, operation Mode is: ACIN2*B.
DSP Report: register r_shiftreg_reg[11] is absorbed into DSP p_0_out.
DSP Report: operator p_0_out is absorbed into DSP p_0_out.
DSP Report: Generating DSP p_0_out, operation Mode is: ACIN2*B.
DSP Report: register r_shiftreg_reg[10] is absorbed into DSP p_0_out.
DSP Report: operator p_0_out is absorbed into DSP p_0_out.
DSP Report: Generating DSP p_0_out, operation Mode is: ACIN2*B.
DSP Report: register r_shiftreg_reg[9] is absorbed into DSP p_0_out.
DSP Report: operator p_0_out is absorbed into DSP p_0_out.
DSP Report: Generating DSP p_0_out, operation Mode is: ACIN2*B.
DSP Report: register r_shiftreg_reg[8] is absorbed into DSP p_0_out.
DSP Report: operator p_0_out is absorbed into DSP p_0_out.
DSP Report: Generating DSP p_0_out, operation Mode is: ACIN2*B.
DSP Report: register r_shiftreg_reg[7] is absorbed into DSP p_0_out.
DSP Report: operator p_0_out is absorbed into DSP p_0_out.
DSP Report: Generating DSP p_0_out, operation Mode is: ACIN2*B.
DSP Report: register r_shiftreg_reg[6] is absorbed into DSP p_0_out.
DSP Report: operator p_0_out is absorbed into DSP p_0_out.
DSP Report: Generating DSP p_0_out, operation Mode is: ACIN2*B.
DSP Report: register r_shiftreg_reg[5] is absorbed into DSP p_0_out.
DSP Report: operator p_0_out is absorbed into DSP p_0_out.
DSP Report: Generating DSP p_0_out, operation Mode is: ACIN2*B.
DSP Report: register r_shiftreg_reg[4] is absorbed into DSP p_0_out.
DSP Report: operator p_0_out is absorbed into DSP p_0_out.
DSP Report: Generating DSP p_0_out, operation Mode is: ACIN2*B.
DSP Report: register r_shiftreg_reg[3] is absorbed into DSP p_0_out.
DSP Report: operator p_0_out is absorbed into DSP p_0_out.
DSP Report: Generating DSP p_0_out, operation Mode is: ACIN2*B.
DSP Report: register r_shiftreg_reg[2] is absorbed into DSP p_0_out.
DSP Report: operator p_0_out is absorbed into DSP p_0_out.
DSP Report: Generating DSP p_0_out, operation Mode is: ACIN2*B.
DSP Report: register r_shiftreg_reg[1] is absorbed into DSP p_0_out.
DSP Report: operator p_0_out is absorbed into DSP p_0_out.
DSP Report: Generating DSP p_0_out, operation Mode is: ACIN2*B.
DSP Report: register r_shiftreg_reg[0] is absorbed into DSP p_0_out.
DSP Report: operator p_0_out is absorbed into DSP p_0_out.
DSP Report: Generating DSP p_0_out, operation Mode is: A''*B.
DSP Report: register r_shiftreg_reg[31] is absorbed into DSP p_0_out.
DSP Report: register r_shiftreg_reg[30] is absorbed into DSP p_0_out.
DSP Report: operator p_0_out is absorbed into DSP p_0_out.
DSP Report: Generating DSP p_0_out, operation Mode is: A2*B.
DSP Report: register r_shiftreg_reg[31] is absorbed into DSP p_0_out.
DSP Report: operator p_0_out is absorbed into DSP p_0_out.
DSP Report: Generating DSP p_0_out, operation Mode is: ACIN''*B.
DSP Report: register r_shiftreg_reg[30] is absorbed into DSP p_0_out.
DSP Report: register r_shiftreg_reg[29] is absorbed into DSP p_0_out.
DSP Report: operator p_0_out is absorbed into DSP p_0_out.
DSP Report: Generating DSP p_0_out, operation Mode is: ACIN2*B.
DSP Report: register r_shiftreg_reg[28] is absorbed into DSP p_0_out.
DSP Report: operator p_0_out is absorbed into DSP p_0_out.
DSP Report: Generating DSP p_0_out, operation Mode is: ACIN2*B.
DSP Report: register r_shiftreg_reg[27] is absorbed into DSP p_0_out.
DSP Report: operator p_0_out is absorbed into DSP p_0_out.
DSP Report: Generating DSP p_0_out, operation Mode is: ACIN2*B.
DSP Report: register r_shiftreg_reg[26] is absorbed into DSP p_0_out.
DSP Report: operator p_0_out is absorbed into DSP p_0_out.
DSP Report: Generating DSP p_0_out, operation Mode is: ACIN2*B.
DSP Report: register r_shiftreg_reg[25] is absorbed into DSP p_0_out.
DSP Report: operator p_0_out is absorbed into DSP p_0_out.
DSP Report: Generating DSP p_0_out, operation Mode is: ACIN2*B.
DSP Report: register r_shiftreg_reg[24] is absorbed into DSP p_0_out.
DSP Report: operator p_0_out is absorbed into DSP p_0_out.
DSP Report: Generating DSP p_0_out, operation Mode is: ACIN2*B.
DSP Report: register r_shiftreg_reg[23] is absorbed into DSP p_0_out.
DSP Report: operator p_0_out is absorbed into DSP p_0_out.
DSP Report: Generating DSP p_0_out, operation Mode is: ACIN2*B.
DSP Report: register r_shiftreg_reg[22] is absorbed into DSP p_0_out.
DSP Report: operator p_0_out is absorbed into DSP p_0_out.
DSP Report: Generating DSP p_0_out, operation Mode is: ACIN2*B.
DSP Report: register r_shiftreg_reg[21] is absorbed into DSP p_0_out.
DSP Report: operator p_0_out is absorbed into DSP p_0_out.
DSP Report: Generating DSP p_0_out, operation Mode is: ACIN2*B.
DSP Report: register r_shiftreg_reg[20] is absorbed into DSP p_0_out.
DSP Report: operator p_0_out is absorbed into DSP p_0_out.
DSP Report: Generating DSP p_0_out, operation Mode is: ACIN2*B.
DSP Report: register r_shiftreg_reg[19] is absorbed into DSP p_0_out.
DSP Report: operator p_0_out is absorbed into DSP p_0_out.
DSP Report: Generating DSP p_0_out, operation Mode is: ACIN2*B.
DSP Report: register r_shiftreg_reg[18] is absorbed into DSP p_0_out.
DSP Report: operator p_0_out is absorbed into DSP p_0_out.
DSP Report: Generating DSP p_0_out, operation Mode is: ACIN2*B.
DSP Report: register r_shiftreg_reg[17] is absorbed into DSP p_0_out.
DSP Report: operator p_0_out is absorbed into DSP p_0_out.
DSP Report: Generating DSP p_0_out, operation Mode is: ACIN2*(B:0x7f).
DSP Report: register r_shiftreg_reg[16] is absorbed into DSP p_0_out.
DSP Report: operator p_0_out is absorbed into DSP p_0_out.
DSP Report: Generating DSP p_0_out, operation Mode is: ACIN2*(B:0x7f).
DSP Report: register r_shiftreg_reg[15] is absorbed into DSP p_0_out.
DSP Report: operator p_0_out is absorbed into DSP p_0_out.
DSP Report: Generating DSP p_0_out, operation Mode is: ACIN2*B.
DSP Report: register r_shiftreg_reg[14] is absorbed into DSP p_0_out.
DSP Report: operator p_0_out is absorbed into DSP p_0_out.
DSP Report: Generating DSP p_0_out, operation Mode is: ACIN2*B.
DSP Report: register r_shiftreg_reg[13] is absorbed into DSP p_0_out.
DSP Report: operator p_0_out is absorbed into DSP p_0_out.
DSP Report: Generating DSP p_0_out, operation Mode is: ACIN2*B.
DSP Report: register r_shiftreg_reg[12] is absorbed into DSP p_0_out.
DSP Report: operator p_0_out is absorbed into DSP p_0_out.
DSP Report: Generating DSP p_0_out, operation Mode is: ACIN2*B.
DSP Report: register r_shiftreg_reg[11] is absorbed into DSP p_0_out.
DSP Report: operator p_0_out is absorbed into DSP p_0_out.
DSP Report: Generating DSP p_0_out, operation Mode is: ACIN2*B.
DSP Report: register r_shiftreg_reg[10] is absorbed into DSP p_0_out.
DSP Report: operator p_0_out is absorbed into DSP p_0_out.
DSP Report: Generating DSP p_0_out, operation Mode is: ACIN2*B.
DSP Report: register r_shiftreg_reg[9] is absorbed into DSP p_0_out.
DSP Report: operator p_0_out is absorbed into DSP p_0_out.
DSP Report: Generating DSP p_0_out, operation Mode is: ACIN2*B.
DSP Report: register r_shiftreg_reg[8] is absorbed into DSP p_0_out.
DSP Report: operator p_0_out is absorbed into DSP p_0_out.
DSP Report: Generating DSP p_0_out, operation Mode is: ACIN2*B.
DSP Report: register r_shiftreg_reg[7] is absorbed into DSP p_0_out.
DSP Report: operator p_0_out is absorbed into DSP p_0_out.
DSP Report: Generating DSP p_0_out, operation Mode is: ACIN2*B.
DSP Report: register r_shiftreg_reg[6] is absorbed into DSP p_0_out.
DSP Report: operator p_0_out is absorbed into DSP p_0_out.
DSP Report: Generating DSP p_0_out, operation Mode is: ACIN2*B.
DSP Report: register r_shiftreg_reg[5] is absorbed into DSP p_0_out.
DSP Report: operator p_0_out is absorbed into DSP p_0_out.
DSP Report: Generating DSP p_0_out, operation Mode is: ACIN2*B.
DSP Report: register r_shiftreg_reg[4] is absorbed into DSP p_0_out.
DSP Report: operator p_0_out is absorbed into DSP p_0_out.
DSP Report: Generating DSP p_0_out, operation Mode is: ACIN2*B.
DSP Report: register r_shiftreg_reg[3] is absorbed into DSP p_0_out.
DSP Report: operator p_0_out is absorbed into DSP p_0_out.
DSP Report: Generating DSP p_0_out, operation Mode is: ACIN2*B.
DSP Report: register r_shiftreg_reg[2] is absorbed into DSP p_0_out.
DSP Report: operator p_0_out is absorbed into DSP p_0_out.
DSP Report: Generating DSP p_0_out, operation Mode is: ACIN2*B.
DSP Report: register r_shiftreg_reg[1] is absorbed into DSP p_0_out.
DSP Report: operator p_0_out is absorbed into DSP p_0_out.
DSP Report: Generating DSP p_0_out, operation Mode is: ACIN2*B.
DSP Report: register r_shiftreg_reg[0] is absorbed into DSP p_0_out.
DSP Report: operator p_0_out is absorbed into DSP p_0_out.
DSP Report: Generating DSP theshold_calculator_inst/noise_calc_inst/squarediffmacc_mod_inst/r_accum_reg, operation Mode is: (P+(A2*B2)')'.
DSP Report: register pm_top_mux_fsmd_control/r_input_sample_re_reg is absorbed into DSP theshold_calculator_inst/noise_calc_inst/squarediffmacc_mod_inst/r_accum_reg.
DSP Report: register pm_top_mux_fsmd_control/r_input_sample_re_reg is absorbed into DSP theshold_calculator_inst/noise_calc_inst/squarediffmacc_mod_inst/r_accum_reg.
DSP Report: register theshold_calculator_inst/noise_calc_inst/squarediffmacc_mod_inst/r_accum_reg is absorbed into DSP theshold_calculator_inst/noise_calc_inst/squarediffmacc_mod_inst/r_accum_reg.
DSP Report: register theshold_calculator_inst/noise_calc_inst/squarediffmacc_mod_inst/r_sq_data_reg is absorbed into DSP theshold_calculator_inst/noise_calc_inst/squarediffmacc_mod_inst/r_accum_reg.
DSP Report: operator theshold_calculator_inst/noise_calc_inst/squarediffmacc_mod_inst/r_accum0 is absorbed into DSP theshold_calculator_inst/noise_calc_inst/squarediffmacc_mod_inst/r_accum_reg.
DSP Report: operator theshold_calculator_inst/noise_calc_inst/squarediffmacc_mod_inst/r_sq_data0 is absorbed into DSP theshold_calculator_inst/noise_calc_inst/squarediffmacc_mod_inst/r_accum_reg.
DSP Report: Generating DSP theshold_calculator_inst/r_threshold_value1, operation Mode is: A*B2.
DSP Report: register theshold_calculator_inst/r_threshold_value1 is absorbed into DSP theshold_calculator_inst/r_threshold_value1.
DSP Report: operator theshold_calculator_inst/r_threshold_value1 is absorbed into DSP theshold_calculator_inst/r_threshold_value1.
DSP Report: operator theshold_calculator_inst/r_threshold_value1 is absorbed into DSP theshold_calculator_inst/r_threshold_value1.
DSP Report: Generating DSP theshold_calculator_inst/r_threshold_value1, operation Mode is: (PCIN>>17)+A*B2.
DSP Report: register theshold_calculator_inst/noise_calc_inst/r_noise_var_reg is absorbed into DSP theshold_calculator_inst/r_threshold_value1.
DSP Report: operator theshold_calculator_inst/r_threshold_value1 is absorbed into DSP theshold_calculator_inst/r_threshold_value1.
DSP Report: operator theshold_calculator_inst/r_threshold_value1 is absorbed into DSP theshold_calculator_inst/r_threshold_value1.
DSP Report: Generating DSP theshold_calculator_inst/r_threshold_value1, operation Mode is: A*B2.
DSP Report: register theshold_calculator_inst/r_threshold_value1 is absorbed into DSP theshold_calculator_inst/r_threshold_value1.
DSP Report: operator theshold_calculator_inst/r_threshold_value1 is absorbed into DSP theshold_calculator_inst/r_threshold_value1.
DSP Report: operator theshold_calculator_inst/r_threshold_value1 is absorbed into DSP theshold_calculator_inst/r_threshold_value1.
DSP Report: Generating DSP theshold_calculator_inst/r_threshold_value1, operation Mode is: (PCIN>>17)+A*B2.
DSP Report: register theshold_calculator_inst/noise_calc_inst/r_noise_var_reg is absorbed into DSP theshold_calculator_inst/r_threshold_value1.
DSP Report: operator theshold_calculator_inst/r_threshold_value1 is absorbed into DSP theshold_calculator_inst/r_threshold_value1.
DSP Report: operator theshold_calculator_inst/r_threshold_value1 is absorbed into DSP theshold_calculator_inst/r_threshold_value1.
DSP Report: Generating DSP theshold_calculator_inst/r_threshold_value1, operation Mode is: A*B2.
DSP Report: register theshold_calculator_inst/r_threshold_value1 is absorbed into DSP theshold_calculator_inst/r_threshold_value1.
DSP Report: operator theshold_calculator_inst/r_threshold_value1 is absorbed into DSP theshold_calculator_inst/r_threshold_value1.
DSP Report: operator theshold_calculator_inst/r_threshold_value1 is absorbed into DSP theshold_calculator_inst/r_threshold_value1.
DSP Report: Generating DSP theshold_calculator_inst/r_threshold_value1, operation Mode is: (PCIN>>17)+A*B2.
DSP Report: register theshold_calculator_inst/noise_calc_inst/r_noise_var_reg is absorbed into DSP theshold_calculator_inst/r_threshold_value1.
DSP Report: operator theshold_calculator_inst/r_threshold_value1 is absorbed into DSP theshold_calculator_inst/r_threshold_value1.
DSP Report: operator theshold_calculator_inst/r_threshold_value1 is absorbed into DSP theshold_calculator_inst/r_threshold_value1.
DSP Report: Generating DSP theshold_calculator_inst/r_threshold_value0, operation Mode is: A*B2.
DSP Report: register theshold_calculator_inst/r_threshold_value0 is absorbed into DSP theshold_calculator_inst/r_threshold_value0.
DSP Report: operator theshold_calculator_inst/r_threshold_value0 is absorbed into DSP theshold_calculator_inst/r_threshold_value0.
DSP Report: operator theshold_calculator_inst/r_threshold_value0 is absorbed into DSP theshold_calculator_inst/r_threshold_value0.
DSP Report: Generating DSP theshold_calculator_inst/r_threshold_value_reg, operation Mode is: (PCIN>>17)+A*B2.
DSP Report: register theshold_calculator_inst/noise_calc_inst/r_noise_var_reg is absorbed into DSP theshold_calculator_inst/r_threshold_value_reg.
DSP Report: register theshold_calculator_inst/r_threshold_value_reg is absorbed into DSP theshold_calculator_inst/r_threshold_value_reg.
DSP Report: operator theshold_calculator_inst/r_threshold_value0 is absorbed into DSP theshold_calculator_inst/r_threshold_value_reg.
DSP Report: operator theshold_calculator_inst/r_threshold_value0 is absorbed into DSP theshold_calculator_inst/r_threshold_value_reg.
DSP Report: Generating DSP theshold_calculator_inst/r_threshold_value0, operation Mode is: A*B2.
DSP Report: register theshold_calculator_inst/r_threshold_value0 is absorbed into DSP theshold_calculator_inst/r_threshold_value0.
DSP Report: operator theshold_calculator_inst/r_threshold_value0 is absorbed into DSP theshold_calculator_inst/r_threshold_value0.
DSP Report: operator theshold_calculator_inst/r_threshold_value0 is absorbed into DSP theshold_calculator_inst/r_threshold_value0.
DSP Report: Generating DSP theshold_calculator_inst/r_threshold_value_reg, operation Mode is: (PCIN>>17)+A*B2.
DSP Report: register theshold_calculator_inst/noise_calc_inst/r_noise_var_reg is absorbed into DSP theshold_calculator_inst/r_threshold_value_reg.
DSP Report: register theshold_calculator_inst/r_threshold_value_reg is absorbed into DSP theshold_calculator_inst/r_threshold_value_reg.
DSP Report: operator theshold_calculator_inst/r_threshold_value0 is absorbed into DSP theshold_calculator_inst/r_threshold_value_reg.
DSP Report: operator theshold_calculator_inst/r_threshold_value0 is absorbed into DSP theshold_calculator_inst/r_threshold_value_reg.
DSP Report: Generating DSP theshold_calculator_inst/r_threshold_value0, operation Mode is: A*B2.
DSP Report: register theshold_calculator_inst/r_threshold_value0 is absorbed into DSP theshold_calculator_inst/r_threshold_value0.
DSP Report: operator theshold_calculator_inst/r_threshold_value0 is absorbed into DSP theshold_calculator_inst/r_threshold_value0.
DSP Report: operator theshold_calculator_inst/r_threshold_value0 is absorbed into DSP theshold_calculator_inst/r_threshold_value0.
DSP Report: Generating DSP theshold_calculator_inst/r_threshold_value_reg, operation Mode is: (PCIN>>17)+A*B2.
DSP Report: register theshold_calculator_inst/noise_calc_inst/r_noise_var_reg is absorbed into DSP theshold_calculator_inst/r_threshold_value_reg.
DSP Report: register theshold_calculator_inst/r_threshold_value_reg is absorbed into DSP theshold_calculator_inst/r_threshold_value_reg.
DSP Report: operator theshold_calculator_inst/r_threshold_value0 is absorbed into DSP theshold_calculator_inst/r_threshold_value_reg.
DSP Report: operator theshold_calculator_inst/r_threshold_value0 is absorbed into DSP theshold_calculator_inst/r_threshold_value_reg.
DSP Report: Generating DSP theshold_calculator_inst/r_threshold_value0, operation Mode is: A*B2.
DSP Report: register theshold_calculator_inst/r_threshold_value0 is absorbed into DSP theshold_calculator_inst/r_threshold_value0.
DSP Report: operator theshold_calculator_inst/r_threshold_value0 is absorbed into DSP theshold_calculator_inst/r_threshold_value0.
DSP Report: operator theshold_calculator_inst/r_threshold_value0 is absorbed into DSP theshold_calculator_inst/r_threshold_value0.
DSP Report: Generating DSP theshold_calculator_inst/r_threshold_value_reg, operation Mode is: (PCIN>>17)+A*B2.
DSP Report: register theshold_calculator_inst/noise_calc_inst/r_noise_var_reg is absorbed into DSP theshold_calculator_inst/r_threshold_value_reg.
DSP Report: register theshold_calculator_inst/r_threshold_value_reg is absorbed into DSP theshold_calculator_inst/r_threshold_value_reg.
DSP Report: operator theshold_calculator_inst/r_threshold_value0 is absorbed into DSP theshold_calculator_inst/r_threshold_value_reg.
DSP Report: operator theshold_calculator_inst/r_threshold_value0 is absorbed into DSP theshold_calculator_inst/r_threshold_value_reg.
DSP Report: Generating DSP theshold_calculator_inst/r_threshold_value0, operation Mode is: A*B2.
DSP Report: register theshold_calculator_inst/r_threshold_value0 is absorbed into DSP theshold_calculator_inst/r_threshold_value0.
DSP Report: operator theshold_calculator_inst/r_threshold_value0 is absorbed into DSP theshold_calculator_inst/r_threshold_value0.
DSP Report: operator theshold_calculator_inst/r_threshold_value0 is absorbed into DSP theshold_calculator_inst/r_threshold_value0.
DSP Report: Generating DSP theshold_calculator_inst/r_threshold_value_reg, operation Mode is: (PCIN>>17)+A*B2.
DSP Report: register theshold_calculator_inst/noise_calc_inst/r_noise_var_reg is absorbed into DSP theshold_calculator_inst/r_threshold_value_reg.
DSP Report: register theshold_calculator_inst/r_threshold_value_reg is absorbed into DSP theshold_calculator_inst/r_threshold_value_reg.
DSP Report: operator theshold_calculator_inst/r_threshold_value0 is absorbed into DSP theshold_calculator_inst/r_threshold_value_reg.
DSP Report: operator theshold_calculator_inst/r_threshold_value0 is absorbed into DSP theshold_calculator_inst/r_threshold_value_reg.
DSP Report: Generating DSP detection_compare_inst/r_comparison1, operation Mode is: A*B.
DSP Report: operator detection_compare_inst/r_comparison1 is absorbed into DSP detection_compare_inst/r_comparison1.
DSP Report: operator detection_compare_inst/r_comparison1 is absorbed into DSP detection_compare_inst/r_comparison1.
DSP Report: Generating DSP detection_compare_inst/r_comparison1, operation Mode is: (PCIN>>17)+A*B.
DSP Report: operator detection_compare_inst/r_comparison1 is absorbed into DSP detection_compare_inst/r_comparison1.
DSP Report: operator detection_compare_inst/r_comparison1 is absorbed into DSP detection_compare_inst/r_comparison1.
DSP Report: Generating DSP detection_compare_inst/r_comparison1, operation Mode is: A*B.
DSP Report: operator detection_compare_inst/r_comparison1 is absorbed into DSP detection_compare_inst/r_comparison1.
DSP Report: operator detection_compare_inst/r_comparison1 is absorbed into DSP detection_compare_inst/r_comparison1.
DSP Report: Generating DSP detection_compare_inst/r_comparison1, operation Mode is: (PCIN>>17)+A*B.
DSP Report: operator detection_compare_inst/r_comparison1 is absorbed into DSP detection_compare_inst/r_comparison1.
DSP Report: operator detection_compare_inst/r_comparison1 is absorbed into DSP detection_compare_inst/r_comparison1.
DSP Report: Generating DSP detection_compare_inst/r_comparison1, operation Mode is: A*B.
DSP Report: operator detection_compare_inst/r_comparison1 is absorbed into DSP detection_compare_inst/r_comparison1.
DSP Report: operator detection_compare_inst/r_comparison1 is absorbed into DSP detection_compare_inst/r_comparison1.
DSP Report: Generating DSP detection_compare_inst/r_comparison1, operation Mode is: (PCIN>>17)+A*B.
DSP Report: operator detection_compare_inst/r_comparison1 is absorbed into DSP detection_compare_inst/r_comparison1.
DSP Report: operator detection_compare_inst/r_comparison1 is absorbed into DSP detection_compare_inst/r_comparison1.
DSP Report: Generating DSP detection_compare_inst/r_comparison1, operation Mode is: A*B.
DSP Report: operator detection_compare_inst/r_comparison1 is absorbed into DSP detection_compare_inst/r_comparison1.
DSP Report: operator detection_compare_inst/r_comparison1 is absorbed into DSP detection_compare_inst/r_comparison1.
DSP Report: Generating DSP detection_compare_inst/r_comparison1, operation Mode is: (PCIN>>17)+A*B.
DSP Report: operator detection_compare_inst/r_comparison1 is absorbed into DSP detection_compare_inst/r_comparison1.
DSP Report: operator detection_compare_inst/r_comparison1 is absorbed into DSP detection_compare_inst/r_comparison1.
---------------------------------------------------------------------------------
Finished Cross Boundary and Area Optimization : Time (s): cpu = 00:00:56 ; elapsed = 00:01:01 . Memory (MB): peak = 1612.680 ; gain = 706.805
---------------------------------------------------------------------------------
---------------------------------------------------------------------------------
Start ROM, RAM, DSP, Shift Register and Retiming Reporting
---------------------------------------------------------------------------------

ROM: Preliminary Mapping Report
+------------+-------------------------------------------------------------+---------------+----------------+
|Module Name | RTL Object                                                  | Depth x Width | Implemented As | 
+------------+-------------------------------------------------------------+---------------+----------------+
|top         | theshold_calculator_inst/threshold_rom_inst/r_threshold_reg | 512x57        | Block RAM      | 
+------------+-------------------------------------------------------------+---------------+----------------+


Block RAM: Preliminary Mapping Report (see note below)
+--------------------------------------------------------------+------------------------------------------+------------------------+---+---+------------------------+---+---+------------------+--------+--------+
|Module Name                                                   | RTL Object                               | PORT A (Depth x Width) | W | R | PORT B (Depth x Width) | W | R | Ports driving FF | RAMB18 | RAMB36 | 
+--------------------------------------------------------------+------------------------------------------+------------------------+---+---+------------------------+---+---+------------------+--------+--------+
|\pm_top_mux_inst/scd_estimator_inst/pm_first_stage_wrap_inst  | real_ram/genblk1[0].mem_reg[0][97]       | 128 x 32(READ_FIRST)   | W |   | 128 x 32(WRITE_FIRST)  |   | R | Port A and B     | 1      | 0      | 
|\pm_top_mux_inst/scd_estimator_inst/pm_first_stage_wrap_inst  | real_ram/genblk1[1].mem_reg[1][97]       | 128 x 32(READ_FIRST)   | W |   | 128 x 32(WRITE_FIRST)  |   | R | Port A and B     | 1      | 0      | 
|\pm_top_mux_inst/scd_estimator_inst/pm_first_stage_wrap_inst  | real_ram/genblk1[2].mem_reg[2][97]       | 128 x 32(READ_FIRST)   | W |   | 128 x 32(WRITE_FIRST)  |   | R | Port A and B     | 1      | 0      | 
|\pm_top_mux_inst/scd_estimator_inst/pm_first_stage_wrap_inst  | real_ram/genblk1[3].mem_reg[3][97]       | 128 x 32(READ_FIRST)   | W |   | 128 x 32(WRITE_FIRST)  |   | R | Port A and B     | 1      | 0      | 
|\pm_top_mux_inst/scd_estimator_inst/pm_first_stage_wrap_inst  | real_ram/genblk1[4].mem_reg[4][97]       | 128 x 32(READ_FIRST)   | W |   | 128 x 32(WRITE_FIRST)  |   | R | Port A and B     | 1      | 0      | 
|\pm_top_mux_inst/scd_estimator_inst/pm_first_stage_wrap_inst  | real_ram/genblk1[5].mem_reg[5][97]       | 128 x 32(READ_FIRST)   | W |   | 128 x 32(WRITE_FIRST)  |   | R | Port A and B     | 1      | 0      | 
|\pm_top_mux_inst/scd_estimator_inst/pm_first_stage_wrap_inst  | real_ram/genblk1[6].mem_reg[6][97]       | 128 x 32(READ_FIRST)   | W |   | 128 x 32(WRITE_FIRST)  |   | R | Port A and B     | 1      | 0      | 
|\pm_top_mux_inst/scd_estimator_inst/pm_first_stage_wrap_inst  | real_ram/genblk1[7].mem_reg[7][97]       | 128 x 32(READ_FIRST)   | W |   | 128 x 32(WRITE_FIRST)  |   | R | Port A and B     | 1      | 0      | 
|\pm_top_mux_inst/scd_estimator_inst/pm_first_stage_wrap_inst  | real_ram/genblk1[8].mem_reg[8][97]       | 128 x 32(READ_FIRST)   | W |   | 128 x 32(WRITE_FIRST)  |   | R | Port A and B     | 1      | 0      | 
|\pm_top_mux_inst/scd_estimator_inst/pm_first_stage_wrap_inst  | real_ram/genblk1[9].mem_reg[9][97]       | 128 x 32(READ_FIRST)   | W |   | 128 x 32(WRITE_FIRST)  |   | R | Port A and B     | 1      | 0      | 
|\pm_top_mux_inst/scd_estimator_inst/pm_first_stage_wrap_inst  | real_ram/genblk1[10].mem_reg[10][97]     | 128 x 32(READ_FIRST)   | W |   | 128 x 32(WRITE_FIRST)  |   | R | Port A and B     | 1      | 0      | 
|\pm_top_mux_inst/scd_estimator_inst/pm_first_stage_wrap_inst  | real_ram/genblk1[11].mem_reg[11][97]     | 128 x 32(READ_FIRST)   | W |   | 128 x 32(WRITE_FIRST)  |   | R | Port A and B     | 1      | 0      | 
|\pm_top_mux_inst/scd_estimator_inst/pm_first_stage_wrap_inst  | real_ram/genblk1[12].mem_reg[12][97]     | 128 x 32(READ_FIRST)   | W |   | 128 x 32(WRITE_FIRST)  |   | R | Port A and B     | 1      | 0      | 
|\pm_top_mux_inst/scd_estimator_inst/pm_first_stage_wrap_inst  | real_ram/genblk1[13].mem_reg[13][97]     | 128 x 32(READ_FIRST)   | W |   | 128 x 32(WRITE_FIRST)  |   | R | Port A and B     | 1      | 0      | 
|\pm_top_mux_inst/scd_estimator_inst/pm_first_stage_wrap_inst  | real_ram/genblk1[14].mem_reg[14][97]     | 128 x 32(READ_FIRST)   | W |   | 128 x 32(WRITE_FIRST)  |   | R | Port A and B     | 1      | 0      | 
|\pm_top_mux_inst/scd_estimator_inst/pm_first_stage_wrap_inst  | real_ram/genblk1[15].mem_reg[15][97]     | 128 x 32(READ_FIRST)   | W |   | 128 x 32(WRITE_FIRST)  |   | R | Port A and B     | 1      | 0      | 
|\pm_top_mux_inst/scd_estimator_inst/pm_first_stage_wrap_inst  | real_ram/genblk1[16].mem_reg[16][97]     | 128 x 32(READ_FIRST)   | W |   | 128 x 32(WRITE_FIRST)  |   | R | Port A and B     | 1      | 0      | 
|\pm_top_mux_inst/scd_estimator_inst/pm_first_stage_wrap_inst  | real_ram/genblk1[17].mem_reg[17][97]     | 128 x 32(READ_FIRST)   | W |   | 128 x 32(WRITE_FIRST)  |   | R | Port A and B     | 1      | 0      | 
|\pm_top_mux_inst/scd_estimator_inst/pm_first_stage_wrap_inst  | real_ram/genblk1[18].mem_reg[18][97]     | 128 x 32(READ_FIRST)   | W |   | 128 x 32(WRITE_FIRST)  |   | R | Port A and B     | 1      | 0      | 
|\pm_top_mux_inst/scd_estimator_inst/pm_first_stage_wrap_inst  | real_ram/genblk1[19].mem_reg[19][97]     | 128 x 32(READ_FIRST)   | W |   | 128 x 32(WRITE_FIRST)  |   | R | Port A and B     | 1      | 0      | 
|\pm_top_mux_inst/scd_estimator_inst/pm_first_stage_wrap_inst  | real_ram/genblk1[20].mem_reg[20][97]     | 128 x 32(READ_FIRST)   | W |   | 128 x 32(WRITE_FIRST)  |   | R | Port A and B     | 1      | 0      | 
|\pm_top_mux_inst/scd_estimator_inst/pm_first_stage_wrap_inst  | real_ram/genblk1[21].mem_reg[21][97]     | 128 x 32(READ_FIRST)   | W |   | 128 x 32(WRITE_FIRST)  |   | R | Port A and B     | 1      | 0      | 
|\pm_top_mux_inst/scd_estimator_inst/pm_first_stage_wrap_inst  | real_ram/genblk1[22].mem_reg[22][97]     | 128 x 32(READ_FIRST)   | W |   | 128 x 32(WRITE_FIRST)  |   | R | Port A and B     | 1      | 0      | 
|\pm_top_mux_inst/scd_estimator_inst/pm_first_stage_wrap_inst  | real_ram/genblk1[23].mem_reg[23][97]     | 128 x 32(READ_FIRST)   | W |   | 128 x 32(WRITE_FIRST)  |   | R | Port A and B     | 1      | 0      | 
|\pm_top_mux_inst/scd_estimator_inst/pm_first_stage_wrap_inst  | real_ram/genblk1[24].mem_reg[24][97]     | 128 x 32(READ_FIRST)   | W |   | 128 x 32(WRITE_FIRST)  |   | R | Port A and B     | 1      | 0      | 
|\pm_top_mux_inst/scd_estimator_inst/pm_first_stage_wrap_inst  | real_ram/genblk1[25].mem_reg[25][97]     | 128 x 32(READ_FIRST)   | W |   | 128 x 32(WRITE_FIRST)  |   | R | Port A and B     | 1      | 0      | 
|\pm_top_mux_inst/scd_estimator_inst/pm_first_stage_wrap_inst  | real_ram/genblk1[26].mem_reg[26][97]     | 128 x 32(READ_FIRST)   | W |   | 128 x 32(WRITE_FIRST)  |   | R | Port A and B     | 1      | 0      | 
|\pm_top_mux_inst/scd_estimator_inst/pm_first_stage_wrap_inst  | real_ram/genblk1[27].mem_reg[27][97]     | 128 x 32(READ_FIRST)   | W |   | 128 x 32(WRITE_FIRST)  |   | R | Port A and B     | 1      | 0      | 
|\pm_top_mux_inst/scd_estimator_inst/pm_first_stage_wrap_inst  | real_ram/genblk1[28].mem_reg[28][97]     | 128 x 32(READ_FIRST)   | W |   | 128 x 32(WRITE_FIRST)  |   | R | Port A and B     | 1      | 0      | 
|\pm_top_mux_inst/scd_estimator_inst/pm_first_stage_wrap_inst  | real_ram/genblk1[29].mem_reg[29][97]     | 128 x 32(READ_FIRST)   | W |   | 128 x 32(WRITE_FIRST)  |   | R | Port A and B     | 1      | 0      | 
|\pm_top_mux_inst/scd_estimator_inst/pm_first_stage_wrap_inst  | real_ram/genblk1[30].mem_reg[30][97]     | 128 x 32(READ_FIRST)   | W |   | 128 x 32(WRITE_FIRST)  |   | R | Port A and B     | 1      | 0      | 
|\pm_top_mux_inst/scd_estimator_inst/pm_first_stage_wrap_inst  | real_ram/genblk1[31].mem_reg[31][97]     | 128 x 32(READ_FIRST)   | W |   | 128 x 32(WRITE_FIRST)  |   | R | Port A and B     | 1      | 0      | 
|top                                                           | new_ram_test/genblk1[0].mem_reg[0][97]   | 128 x 32(READ_FIRST)   | W |   | 128 x 32(WRITE_FIRST)  |   | R | Port A and B     | 1      | 0      | 
|top                                                           | new_ram_test/genblk1[1].mem_reg[1][97]   | 128 x 32(READ_FIRST)   | W |   | 128 x 32(WRITE_FIRST)  |   | R | Port A and B     | 1      | 0      | 
|top                                                           | new_ram_test/genblk1[2].mem_reg[2][97]   | 128 x 32(READ_FIRST)   | W |   | 128 x 32(WRITE_FIRST)  |   | R | Port A and B     | 1      | 0      | 
|top                                                           | new_ram_test/genblk1[3].mem_reg[3][97]   | 128 x 32(READ_FIRST)   | W |   | 128 x 32(WRITE_FIRST)  |   | R | Port A and B     | 1      | 0      | 
|top                                                           | new_ram_test/genblk1[4].mem_reg[4][97]   | 128 x 32(READ_FIRST)   | W |   | 128 x 32(WRITE_FIRST)  |   | R | Port A and B     | 1      | 0      | 
|top                                                           | new_ram_test/genblk1[5].mem_reg[5][97]   | 128 x 32(READ_FIRST)   | W |   | 128 x 32(WRITE_FIRST)  |   | R | Port A and B     | 1      | 0      | 
|top                                                           | new_ram_test/genblk1[6].mem_reg[6][97]   | 128 x 32(READ_FIRST)   | W |   | 128 x 32(WRITE_FIRST)  |   | R | Port A and B     | 1      | 0      | 
|top                                                           | new_ram_test/genblk1[7].mem_reg[7][97]   | 128 x 32(READ_FIRST)   | W |   | 128 x 32(WRITE_FIRST)  |   | R | Port A and B     | 1      | 0      | 
|top                                                           | new_ram_test/genblk1[8].mem_reg[8][97]   | 128 x 32(READ_FIRST)   | W |   | 128 x 32(WRITE_FIRST)  |   | R | Port A and B     | 1      | 0      | 
|top                                                           | new_ram_test/genblk1[9].mem_reg[9][97]   | 128 x 32(READ_FIRST)   | W |   | 128 x 32(WRITE_FIRST)  |   | R | Port A and B     | 1      | 0      | 
|top                                                           | new_ram_test/genblk1[10].mem_reg[10][97] | 128 x 32(READ_FIRST)   | W |   | 128 x 32(WRITE_FIRST)  |   | R | Port A and B     | 1      | 0      | 
|top                                                           | new_ram_test/genblk1[11].mem_reg[11][97] | 128 x 32(READ_FIRST)   | W |   | 128 x 32(WRITE_FIRST)  |   | R | Port A and B     | 1      | 0      | 
|top                                                           | new_ram_test/genblk1[12].mem_reg[12][97] | 128 x 32(READ_FIRST)   | W |   | 128 x 32(WRITE_FIRST)  |   | R | Port A and B     | 1      | 0      | 
|top                                                           | new_ram_test/genblk1[13].mem_reg[13][97] | 128 x 32(READ_FIRST)   | W |   | 128 x 32(WRITE_FIRST)  |   | R | Port A and B     | 1      | 0      | 
|top                                                           | new_ram_test/genblk1[14].mem_reg[14][97] | 128 x 32(READ_FIRST)   | W |   | 128 x 32(WRITE_FIRST)  |   | R | Port A and B     | 1      | 0      | 
|top                                                           | new_ram_test/genblk1[15].mem_reg[15][97] | 128 x 32(READ_FIRST)   | W |   | 128 x 32(WRITE_FIRST)  |   | R | Port A and B     | 1      | 0      | 
|top                                                           | new_ram_test/genblk1[16].mem_reg[16][97] | 128 x 32(READ_FIRST)   | W |   | 128 x 32(WRITE_FIRST)  |   | R | Port A and B     | 1      | 0      | 
|top                                                           | new_ram_test/genblk1[17].mem_reg[17][97] | 128 x 32(READ_FIRST)   | W |   | 128 x 32(WRITE_FIRST)  |   | R | Port A and B     | 1      | 0      | 
|top                                                           | new_ram_test/genblk1[18].mem_reg[18][97] | 128 x 32(READ_FIRST)   | W |   | 128 x 32(WRITE_FIRST)  |   | R | Port A and B     | 1      | 0      | 
|top                                                           | new_ram_test/genblk1[19].mem_reg[19][97] | 128 x 32(READ_FIRST)   | W |   | 128 x 32(WRITE_FIRST)  |   | R | Port A and B     | 1      | 0      | 
|top                                                           | new_ram_test/genblk1[20].mem_reg[20][97] | 128 x 32(READ_FIRST)   | W |   | 128 x 32(WRITE_FIRST)  |   | R | Port A and B     | 1      | 0      | 
|top                                                           | new_ram_test/genblk1[21].mem_reg[21][97] | 128 x 32(READ_FIRST)   | W |   | 128 x 32(WRITE_FIRST)  |   | R | Port A and B     | 1      | 0      | 
|top                                                           | new_ram_test/genblk1[22].mem_reg[22][97] | 128 x 32(READ_FIRST)   | W |   | 128 x 32(WRITE_FIRST)  |   | R | Port A and B     | 1      | 0      | 
|top                                                           | new_ram_test/genblk1[23].mem_reg[23][97] | 128 x 32(READ_FIRST)   | W |   | 128 x 32(WRITE_FIRST)  |   | R | Port A and B     | 1      | 0      | 
|top                                                           | new_ram_test/genblk1[24].mem_reg[24][97] | 128 x 32(READ_FIRST)   | W |   | 128 x 32(WRITE_FIRST)  |   | R | Port A and B     | 1      | 0      | 
|top                                                           | new_ram_test/genblk1[25].mem_reg[25][97] | 128 x 32(READ_FIRST)   | W |   | 128 x 32(WRITE_FIRST)  |   | R | Port A and B     | 1      | 0      | 
|top                                                           | new_ram_test/genblk1[26].mem_reg[26][97] | 128 x 32(READ_FIRST)   | W |   | 128 x 32(WRITE_FIRST)  |   | R | Port A and B     | 1      | 0      | 
|top                                                           | new_ram_test/genblk1[27].mem_reg[27][97] | 128 x 32(READ_FIRST)   | W |   | 128 x 32(WRITE_FIRST)  |   | R | Port A and B     | 1      | 0      | 
|top                                                           | new_ram_test/genblk1[28].mem_reg[28][97] | 128 x 32(READ_FIRST)   | W |   | 128 x 32(WRITE_FIRST)  |   | R | Port A and B     | 1      | 0      | 
|top                                                           | new_ram_test/genblk1[29].mem_reg[29][97] | 128 x 32(READ_FIRST)   | W |   | 128 x 32(WRITE_FIRST)  |   | R | Port A and B     | 1      | 0      | 
|top                                                           | new_ram_test/genblk1[30].mem_reg[30][97] | 128 x 32(READ_FIRST)   | W |   | 128 x 32(WRITE_FIRST)  |   | R | Port A and B     | 1      | 0      | 
|top                                                           | new_ram_test/genblk1[31].mem_reg[31][97] | 128 x 32(READ_FIRST)   | W |   | 128 x 32(WRITE_FIRST)  |   | R | Port A and B     | 1      | 0      | 
+--------------------------------------------------------------+------------------------------------------+------------------------+---+---+------------------------+---+---+------------------+--------+--------+

Note: The table above is a preliminary report that shows the Block RAMs at the current stage of the synthesis flow. Some Block RAMs may be reimplemented as non Block RAM primitives later in the synthesis flow. Multiple instantiated Block RAMs are reported only once. 

DSP: Preliminary Mapping Report (see note below. The ' indicates corresponding REG is set)
+----------------+-----------------+--------+--------+--------+--------+--------+------+------+------+------+-------+------+------+
|Module Name     | DSP Mapping     | A Size | B Size | C Size | D Size | P Size | AREG | BREG | CREG | DREG | ADREG | MREG | PREG | 
+----------------+-----------------+--------+--------+--------+--------+--------+------+------+------+------+-------+------+------+
|pm_input_window | A''*B           | 12     | 8      | -      | -      | 20     | 2    | 0    | -    | -    | -     | 0    | 0    | 
|pm_input_window | A2*B            | 12     | 8      | -      | -      | 20     | 1    | 0    | -    | -    | -     | 0    | 0    | 
|pm_input_window | ACIN''*B        | 12     | 8      | -      | -      | 20     | 2    | 0    | -    | -    | -     | 0    | 0    | 
|pm_input_window | ACIN2*B         | 12     | 8      | -      | -      | 20     | 1    | 0    | -    | -    | -     | 0    | 0    | 
|pm_input_window | ACIN2*B         | 12     | 8      | -      | -      | 20     | 1    | 0    | -    | -    | -     | 0    | 0    | 
|pm_input_window | ACIN2*B         | 12     | 8      | -      | -      | 20     | 1    | 0    | -    | -    | -     | 0    | 0    | 
|pm_input_window | ACIN2*B         | 12     | 8      | -      | -      | 20     | 1    | 0    | -    | -    | -     | 0    | 0    | 
|pm_input_window | ACIN2*B         | 12     | 8      | -      | -      | 20     | 1    | 0    | -    | -    | -     | 0    | 0    | 
|pm_input_window | ACIN2*B         | 12     | 8      | -      | -      | 20     | 1    | 0    | -    | -    | -     | 0    | 0    | 
|pm_input_window | ACIN2*B         | 12     | 8      | -      | -      | 20     | 1    | 0    | -    | -    | -     | 0    | 0    | 
|pm_input_window | ACIN2*B         | 12     | 8      | -      | -      | 20     | 1    | 0    | -    | -    | -     | 0    | 0    | 
|pm_input_window | ACIN2*B         | 12     | 8      | -      | -      | 20     | 1    | 0    | -    | -    | -     | 0    | 0    | 
|pm_input_window | ACIN2*B         | 12     | 8      | -      | -      | 20     | 1    | 0    | -    | -    | -     | 0    | 0    | 
|pm_input_window | ACIN2*B         | 12     | 8      | -      | -      | 20     | 1    | 0    | -    | -    | -     | 0    | 0    | 
|pm_input_window | ACIN2*B         | 12     | 8      | -      | -      | 20     | 1    | 0    | -    | -    | -     | 0    | 0    | 
|pm_input_window | ACIN2*(B:0x7f)  | 12     | 8      | -      | -      | 20     | 1    | 0    | -    | -    | -     | 0    | 0    | 
|pm_input_window | ACIN2*(B:0x7f)  | 12     | 8      | -      | -      | 20     | 1    | 0    | -    | -    | -     | 0    | 0    | 
|pm_input_window | ACIN2*B         | 12     | 8      | -      | -      | 20     | 1    | 0    | -    | -    | -     | 0    | 0    | 
|pm_input_window | ACIN2*B         | 12     | 8      | -      | -      | 20     | 1    | 0    | -    | -    | -     | 0    | 0    | 
|pm_input_window | ACIN2*B         | 12     | 8      | -      | -      | 20     | 1    | 0    | -    | -    | -     | 0    | 0    | 
|pm_input_window | ACIN2*B         | 12     | 8      | -      | -      | 20     | 1    | 0    | -    | -    | -     | 0    | 0    | 
|pm_input_window | ACIN2*B         | 12     | 8      | -      | -      | 20     | 1    | 0    | -    | -    | -     | 0    | 0    | 
|pm_input_window | ACIN2*B         | 12     | 8      | -      | -      | 20     | 1    | 0    | -    | -    | -     | 0    | 0    | 
|pm_input_window | ACIN2*B         | 12     | 8      | -      | -      | 20     | 1    | 0    | -    | -    | -     | 0    | 0    | 
|pm_input_window | ACIN2*B         | 12     | 8      | -      | -      | 20     | 1    | 0    | -    | -    | -     | 0    | 0    | 
|pm_input_window | ACIN2*B         | 12     | 8      | -      | -      | 20     | 1    | 0    | -    | -    | -     | 0    | 0    | 
|pm_input_window | ACIN2*B         | 12     | 8      | -      | -      | 20     | 1    | 0    | -    | -    | -     | 0    | 0    | 
|pm_input_window | ACIN2*B         | 12     | 8      | -      | -      | 20     | 1    | 0    | -    | -    | -     | 0    | 0    | 
|pm_input_window | ACIN2*B         | 12     | 8      | -      | -      | 20     | 1    | 0    | -    | -    | -     | 0    | 0    | 
|pm_input_window | ACIN2*B         | 12     | 8      | -      | -      | 20     | 1    | 0    | -    | -    | -     | 0    | 0    | 
|pm_input_window | ACIN2*B         | 12     | 8      | -      | -      | 20     | 1    | 0    | -    | -    | -     | 0    | 0    | 
|pm_input_window | ACIN2*B         | 12     | 8      | -      | -      | 20     | 1    | 0    | -    | -    | -     | 0    | 0    | 
|pm_input_window | A''*B           | 12     | 8      | -      | -      | 20     | 2    | 0    | -    | -    | -     | 0    | 0    | 
|pm_input_window | A2*B            | 12     | 8      | -      | -      | 20     | 1    | 0    | -    | -    | -     | 0    | 0    | 
|pm_input_window | ACIN''*B        | 12     | 8      | -      | -      | 20     | 2    | 0    | -    | -    | -     | 0    | 0    | 
|pm_input_window | ACIN2*B         | 12     | 8      | -      | -      | 20     | 1    | 0    | -    | -    | -     | 0    | 0    | 
|pm_input_window | ACIN2*B         | 12     | 8      | -      | -      | 20     | 1    | 0    | -    | -    | -     | 0    | 0    | 
|pm_input_window | ACIN2*B         | 12     | 8      | -      | -      | 20     | 1    | 0    | -    | -    | -     | 0    | 0    | 
|pm_input_window | ACIN2*B         | 12     | 8      | -      | -      | 20     | 1    | 0    | -    | -    | -     | 0    | 0    | 
|pm_input_window | ACIN2*B         | 12     | 8      | -      | -      | 20     | 1    | 0    | -    | -    | -     | 0    | 0    | 
|pm_input_window | ACIN2*B         | 12     | 8      | -      | -      | 20     | 1    | 0    | -    | -    | -     | 0    | 0    | 
|pm_input_window | ACIN2*B         | 12     | 8      | -      | -      | 20     | 1    | 0    | -    | -    | -     | 0    | 0    | 
|pm_input_window | ACIN2*B         | 12     | 8      | -      | -      | 20     | 1    | 0    | -    | -    | -     | 0    | 0    | 
|pm_input_window | ACIN2*B         | 12     | 8      | -      | -      | 20     | 1    | 0    | -    | -    | -     | 0    | 0    | 
|pm_input_window | ACIN2*B         | 12     | 8      | -      | -      | 20     | 1    | 0    | -    | -    | -     | 0    | 0    | 
|pm_input_window | ACIN2*B         | 12     | 8      | -      | -      | 20     | 1    | 0    | -    | -    | -     | 0    | 0    | 
|pm_input_window | ACIN2*B         | 12     | 8      | -      | -      | 20     | 1    | 0    | -    | -    | -     | 0    | 0    | 
|pm_input_window | ACIN2*(B:0x7f)  | 12     | 8      | -      | -      | 20     | 1    | 0    | -    | -    | -     | 0    | 0    | 
|pm_input_window | ACIN2*(B:0x7f)  | 12     | 8      | -      | -      | 20     | 1    | 0    | -    | -    | -     | 0    | 0    | 
|pm_input_window | ACIN2*B         | 12     | 8      | -      | -      | 20     | 1    | 0    | -    | -    | -     | 0    | 0    | 
|pm_input_window | ACIN2*B         | 12     | 8      | -      | -      | 20     | 1    | 0    | -    | -    | -     | 0    | 0    | 
|pm_input_window | ACIN2*B         | 12     | 8      | -      | -      | 20     | 1    | 0    | -    | -    | -     | 0    | 0    | 
|pm_input_window | ACIN2*B         | 12     | 8      | -      | -      | 20     | 1    | 0    | -    | -    | -     | 0    | 0    | 
|pm_input_window | ACIN2*B         | 12     | 8      | -      | -      | 20     | 1    | 0    | -    | -    | -     | 0    | 0    | 
|pm_input_window | ACIN2*B         | 12     | 8      | -      | -      | 20     | 1    | 0    | -    | -    | -     | 0    | 0    | 
|pm_input_window | ACIN2*B         | 12     | 8      | -      | -      | 20     | 1    | 0    | -    | -    | -     | 0    | 0    | 
|pm_input_window | ACIN2*B         | 12     | 8      | -      | -      | 20     | 1    | 0    | -    | -    | -     | 0    | 0    | 
|pm_input_window | ACIN2*B         | 12     | 8      | -      | -      | 20     | 1    | 0    | -    | -    | -     | 0    | 0    | 
|pm_input_window | ACIN2*B         | 12     | 8      | -      | -      | 20     | 1    | 0    | -    | -    | -     | 0    | 0    | 
|pm_input_window | ACIN2*B         | 12     | 8      | -      | -      | 20     | 1    | 0    | -    | -    | -     | 0    | 0    | 
|pm_input_window | ACIN2*B         | 12     | 8      | -      | -      | 20     | 1    | 0    | -    | -    | -     | 0    | 0    | 
|pm_input_window | ACIN2*B         | 12     | 8      | -      | -      | 20     | 1    | 0    | -    | -    | -     | 0    | 0    | 
|pm_input_window | ACIN2*B         | 12     | 8      | -      | -      | 20     | 1    | 0    | -    | -    | -     | 0    | 0    | 
|pm_input_window | ACIN2*B         | 12     | 8      | -      | -      | 20     | 1    | 0    | -    | -    | -     | 0    | 0    | 
|top             | (P+(A2*B2)')'   | 12     | 12     | -      | -      | 34     | 1    | 1    | -    | -    | -     | 1    | 1    | 
|top             | A*B2            | 23     | 18     | -      | -      | 48     | 0    | 1    | -    | -    | -     | 0    | 0    | 
|top             | (PCIN>>17)+A*B2 | 23     | 17     | -      | -      | 48     | 0    | 1    | -    | -    | -     | 0    | 0    | 
|top             | A*B2            | 18     | 18     | -      | -      | 48     | 0    | 1    | -    | -    | -     | 0    | 0    | 
|top             | (PCIN>>17)+A*B2 | 18     | 17     | -      | -      | 48     | 0    | 1    | -    | -    | -     | 0    | 0    | 
|top             | A*B2            | 18     | 18     | -      | -      | 48     | 0    | 1    | -    | -    | -     | 0    | 0    | 
|top             | (PCIN>>17)+A*B2 | 18     | 17     | -      | -      | 48     | 0    | 1    | -    | -    | -     | 0    | 0    | 
|top             | A*B2            | 23     | 18     | -      | -      | 48     | 0    | 1    | -    | -    | -     | 0    | 0    | 
|top             | (PCIN>>17)+A*B2 | 23     | 17     | -      | -      | 48     | 0    | 1    | -    | -    | -     | 0    | 1    | 
|top             | A*B2            | 18     | 18     | -      | -      | 48     | 0    | 1    | -    | -    | -     | 0    | 0    | 
|top             | (PCIN>>17)+A*B2 | 18     | 17     | -      | -      | 48     | 0    | 1    | -    | -    | -     | 0    | 1    | 
|top             | A*B2            | 18     | 18     | -      | -      | 48     | 0    | 1    | -    | -    | -     | 0    | 0    | 
|top             | (PCIN>>17)+A*B2 | 18     | 17     | -      | -      | 48     | 0    | 1    | -    | -    | -     | 0    | 1    | 
|top             | A*B2            | 18     | 18     | -      | -      | 48     | 0    | 1    | -    | -    | -     | 0    | 0    | 
|top             | (PCIN>>17)+A*B2 | 18     | 17     | -      | -      | 48     | 0    | 1    | -    | -    | -     | 0    | 1    | 
|top             | A*B2            | 18     | 18     | -      | -      | 48     | 0    | 1    | -    | -    | -     | 0    | 0    | 
|top             | (PCIN>>17)+A*B2 | 18     | 17     | -      | -      | 48     | 0    | 1    | -    | -    | -     | 0    | 1    | 
|top             | A*B             | 18     | 15     | -      | -      | 48     | 0    | 0    | -    | -    | -     | 0    | 0    | 
|top             | (PCIN>>17)+A*B  | 15     | 15     | -      | -      | 48     | 0    | 0    | -    | -    | -     | 0    | 0    | 
|top             | A*B             | 18     | 18     | -      | -      | 48     | 0    | 0    | -    | -    | -     | 0    | 0    | 
|top             | (PCIN>>17)+A*B  | 18     | 15     | -      | -      | 48     | 0    | 0    | -    | -    | -     | 0    | 0    | 
|top             | A*B             | 18     | 15     | -      | -      | 48     | 0    | 0    | -    | -    | -     | 0    | 0    | 
|top             | (PCIN>>17)+A*B  | 15     | 15     | -      | -      | 48     | 0    | 0    | -    | -    | -     | 0    | 0    | 
|top             | A*B             | 18     | 18     | -      | -      | 48     | 0    | 0    | -    | -    | -     | 0    | 0    | 
|top             | (PCIN>>17)+A*B  | 18     | 15     | -      | -      | 48     | 0    | 0    | -    | -    | -     | 0    | 0    | 
+----------------+-----------------+--------+--------+--------+--------+--------+------+------+------+------+-------+------+------+

Note: The table above is a preliminary report that shows the DSPs inferred at the current stage of the synthesis flow. Some DSP may be reimplemented as non DSP primitives later in the synthesis flow. Multiple instantiated DSPs are reported only once.
---------------------------------------------------------------------------------
Finished ROM, RAM, DSP, Shift Register and Retiming Reporting
---------------------------------------------------------------------------------
---------------------------------------------------------------------------------
Start Applying XDC Timing Constraints
---------------------------------------------------------------------------------
---------------------------------------------------------------------------------
Finished Applying XDC Timing Constraints : Time (s): cpu = 00:01:02 ; elapsed = 00:01:07 . Memory (MB): peak = 1612.680 ; gain = 706.805
---------------------------------------------------------------------------------
---------------------------------------------------------------------------------
Start Timing Optimization
---------------------------------------------------------------------------------
---------------------------------------------------------------------------------
Finished Timing Optimization : Time (s): cpu = 00:01:06 ; elapsed = 00:01:11 . Memory (MB): peak = 1654.715 ; gain = 748.840
---------------------------------------------------------------------------------
---------------------------------------------------------------------------------
Start ROM, RAM, DSP, Shift Register and Retiming Reporting
---------------------------------------------------------------------------------

Block RAM: Final Mapping Report
+--------------------------------------------------------------+------------------------------------------+------------------------+---+---+------------------------+---+---+------------------+--------+--------+
|Module Name                                                   | RTL Object                               | PORT A (Depth x Width) | W | R | PORT B (Depth x Width) | W | R | Ports driving FF | RAMB18 | RAMB36 | 
+--------------------------------------------------------------+------------------------------------------+------------------------+---+---+------------------------+---+---+------------------+--------+--------+
|\pm_top_mux_inst/scd_estimator_inst/pm_first_stage_wrap_inst  | real_ram/genblk1[0].mem_reg[0][97]       | 128 x 32(READ_FIRST)   | W |   | 128 x 32(WRITE_FIRST)  |   | R | Port A and B     | 1      | 0      | 
|\pm_top_mux_inst/scd_estimator_inst/pm_first_stage_wrap_inst  | real_ram/genblk1[1].mem_reg[1][97]       | 128 x 32(READ_FIRST)   | W |   | 128 x 32(WRITE_FIRST)  |   | R | Port A and B     | 1      | 0      | 
|\pm_top_mux_inst/scd_estimator_inst/pm_first_stage_wrap_inst  | real_ram/genblk1[2].mem_reg[2][97]       | 128 x 32(READ_FIRST)   | W |   | 128 x 32(WRITE_FIRST)  |   | R | Port A and B     | 1      | 0      | 
|\pm_top_mux_inst/scd_estimator_inst/pm_first_stage_wrap_inst  | real_ram/genblk1[3].mem_reg[3][97]       | 128 x 32(READ_FIRST)   | W |   | 128 x 32(WRITE_FIRST)  |   | R | Port A and B     | 1      | 0      | 
|\pm_top_mux_inst/scd_estimator_inst/pm_first_stage_wrap_inst  | real_ram/genblk1[4].mem_reg[4][97]       | 128 x 32(READ_FIRST)   | W |   | 128 x 32(WRITE_FIRST)  |   | R | Port A and B     | 1      | 0      | 
|\pm_top_mux_inst/scd_estimator_inst/pm_first_stage_wrap_inst  | real_ram/genblk1[5].mem_reg[5][97]       | 128 x 32(READ_FIRST)   | W |   | 128 x 32(WRITE_FIRST)  |   | R | Port A and B     | 1      | 0      | 
|\pm_top_mux_inst/scd_estimator_inst/pm_first_stage_wrap_inst  | real_ram/genblk1[6].mem_reg[6][97]       | 128 x 32(READ_FIRST)   | W |   | 128 x 32(WRITE_FIRST)  |   | R | Port A and B     | 1      | 0      | 
|\pm_top_mux_inst/scd_estimator_inst/pm_first_stage_wrap_inst  | real_ram/genblk1[7].mem_reg[7][97]       | 128 x 32(READ_FIRST)   | W |   | 128 x 32(WRITE_FIRST)  |   | R | Port A and B     | 1      | 0      | 
|\pm_top_mux_inst/scd_estimator_inst/pm_first_stage_wrap_inst  | real_ram/genblk1[8].mem_reg[8][97]       | 128 x 32(READ_FIRST)   | W |   | 128 x 32(WRITE_FIRST)  |   | R | Port A and B     | 1      | 0      | 
|\pm_top_mux_inst/scd_estimator_inst/pm_first_stage_wrap_inst  | real_ram/genblk1[9].mem_reg[9][97]       | 128 x 32(READ_FIRST)   | W |   | 128 x 32(WRITE_FIRST)  |   | R | Port A and B     | 1      | 0      | 
|\pm_top_mux_inst/scd_estimator_inst/pm_first_stage_wrap_inst  | real_ram/genblk1[10].mem_reg[10][97]     | 128 x 32(READ_FIRST)   | W |   | 128 x 32(WRITE_FIRST)  |   | R | Port A and B     | 1      | 0      | 
|\pm_top_mux_inst/scd_estimator_inst/pm_first_stage_wrap_inst  | real_ram/genblk1[11].mem_reg[11][97]     | 128 x 32(READ_FIRST)   | W |   | 128 x 32(WRITE_FIRST)  |   | R | Port A and B     | 1      | 0      | 
|\pm_top_mux_inst/scd_estimator_inst/pm_first_stage_wrap_inst  | real_ram/genblk1[12].mem_reg[12][97]     | 128 x 32(READ_FIRST)   | W |   | 128 x 32(WRITE_FIRST)  |   | R | Port A and B     | 1      | 0      | 
|\pm_top_mux_inst/scd_estimator_inst/pm_first_stage_wrap_inst  | real_ram/genblk1[13].mem_reg[13][97]     | 128 x 32(READ_FIRST)   | W |   | 128 x 32(WRITE_FIRST)  |   | R | Port A and B     | 1      | 0      | 
|\pm_top_mux_inst/scd_estimator_inst/pm_first_stage_wrap_inst  | real_ram/genblk1[14].mem_reg[14][97]     | 128 x 32(READ_FIRST)   | W |   | 128 x 32(WRITE_FIRST)  |   | R | Port A and B     | 1      | 0      | 
|\pm_top_mux_inst/scd_estimator_inst/pm_first_stage_wrap_inst  | real_ram/genblk1[15].mem_reg[15][97]     | 128 x 32(READ_FIRST)   | W |   | 128 x 32(WRITE_FIRST)  |   | R | Port A and B     | 1      | 0      | 
|\pm_top_mux_inst/scd_estimator_inst/pm_first_stage_wrap_inst  | real_ram/genblk1[16].mem_reg[16][97]     | 128 x 32(READ_FIRST)   | W |   | 128 x 32(WRITE_FIRST)  |   | R | Port A and B     | 1      | 0      | 
|\pm_top_mux_inst/scd_estimator_inst/pm_first_stage_wrap_inst  | real_ram/genblk1[17].mem_reg[17][97]     | 128 x 32(READ_FIRST)   | W |   | 128 x 32(WRITE_FIRST)  |   | R | Port A and B     | 1      | 0      | 
|\pm_top_mux_inst/scd_estimator_inst/pm_first_stage_wrap_inst  | real_ram/genblk1[18].mem_reg[18][97]     | 128 x 32(READ_FIRST)   | W |   | 128 x 32(WRITE_FIRST)  |   | R | Port A and B     | 1      | 0      | 
|\pm_top_mux_inst/scd_estimator_inst/pm_first_stage_wrap_inst  | real_ram/genblk1[19].mem_reg[19][97]     | 128 x 32(READ_FIRST)   | W |   | 128 x 32(WRITE_FIRST)  |   | R | Port A and B     | 1      | 0      | 
|\pm_top_mux_inst/scd_estimator_inst/pm_first_stage_wrap_inst  | real_ram/genblk1[20].mem_reg[20][97]     | 128 x 32(READ_FIRST)   | W |   | 128 x 32(WRITE_FIRST)  |   | R | Port A and B     | 1      | 0      | 
|\pm_top_mux_inst/scd_estimator_inst/pm_first_stage_wrap_inst  | real_ram/genblk1[21].mem_reg[21][97]     | 128 x 32(READ_FIRST)   | W |   | 128 x 32(WRITE_FIRST)  |   | R | Port A and B     | 1      | 0      | 
|\pm_top_mux_inst/scd_estimator_inst/pm_first_stage_wrap_inst  | real_ram/genblk1[22].mem_reg[22][97]     | 128 x 32(READ_FIRST)   | W |   | 128 x 32(WRITE_FIRST)  |   | R | Port A and B     | 1      | 0      | 
|\pm_top_mux_inst/scd_estimator_inst/pm_first_stage_wrap_inst  | real_ram/genblk1[23].mem_reg[23][97]     | 128 x 32(READ_FIRST)   | W |   | 128 x 32(WRITE_FIRST)  |   | R | Port A and B     | 1      | 0      | 
|\pm_top_mux_inst/scd_estimator_inst/pm_first_stage_wrap_inst  | real_ram/genblk1[24].mem_reg[24][97]     | 128 x 32(READ_FIRST)   | W |   | 128 x 32(WRITE_FIRST)  |   | R | Port A and B     | 1      | 0      | 
|\pm_top_mux_inst/scd_estimator_inst/pm_first_stage_wrap_inst  | real_ram/genblk1[25].mem_reg[25][97]     | 128 x 32(READ_FIRST)   | W |   | 128 x 32(WRITE_FIRST)  |   | R | Port A and B     | 1      | 0      | 
|\pm_top_mux_inst/scd_estimator_inst/pm_first_stage_wrap_inst  | real_ram/genblk1[26].mem_reg[26][97]     | 128 x 32(READ_FIRST)   | W |   | 128 x 32(WRITE_FIRST)  |   | R | Port A and B     | 1      | 0      | 
|\pm_top_mux_inst/scd_estimator_inst/pm_first_stage_wrap_inst  | real_ram/genblk1[27].mem_reg[27][97]     | 128 x 32(READ_FIRST)   | W |   | 128 x 32(WRITE_FIRST)  |   | R | Port A and B     | 1      | 0      | 
|\pm_top_mux_inst/scd_estimator_inst/pm_first_stage_wrap_inst  | real_ram/genblk1[28].mem_reg[28][97]     | 128 x 32(READ_FIRST)   | W |   | 128 x 32(WRITE_FIRST)  |   | R | Port A and B     | 1      | 0      | 
|\pm_top_mux_inst/scd_estimator_inst/pm_first_stage_wrap_inst  | real_ram/genblk1[29].mem_reg[29][97]     | 128 x 32(READ_FIRST)   | W |   | 128 x 32(WRITE_FIRST)  |   | R | Port A and B     | 1      | 0      | 
|\pm_top_mux_inst/scd_estimator_inst/pm_first_stage_wrap_inst  | real_ram/genblk1[30].mem_reg[30][97]     | 128 x 32(READ_FIRST)   | W |   | 128 x 32(WRITE_FIRST)  |   | R | Port A and B     | 1      | 0      | 
|\pm_top_mux_inst/scd_estimator_inst/pm_first_stage_wrap_inst  | real_ram/genblk1[31].mem_reg[31][97]     | 128 x 32(READ_FIRST)   | W |   | 128 x 32(WRITE_FIRST)  |   | R | Port A and B     | 1      | 0      | 
|top                                                           | new_ram_test/genblk1[0].mem_reg[0][97]   | 128 x 32(READ_FIRST)   | W |   | 128 x 32(WRITE_FIRST)  |   | R | Port A and B     | 1      | 0      | 
|top                                                           | new_ram_test/genblk1[1].mem_reg[1][97]   | 128 x 32(READ_FIRST)   | W |   | 128 x 32(WRITE_FIRST)  |   | R | Port A and B     | 1      | 0      | 
|top                                                           | new_ram_test/genblk1[2].mem_reg[2][97]   | 128 x 32(READ_FIRST)   | W |   | 128 x 32(WRITE_FIRST)  |   | R | Port A and B     | 1      | 0      | 
|top                                                           | new_ram_test/genblk1[3].mem_reg[3][97]   | 128 x 32(READ_FIRST)   | W |   | 128 x 32(WRITE_FIRST)  |   | R | Port A and B     | 1      | 0      | 
|top                                                           | new_ram_test/genblk1[4].mem_reg[4][97]   | 128 x 32(READ_FIRST)   | W |   | 128 x 32(WRITE_FIRST)  |   | R | Port A and B     | 1      | 0      | 
|top                                                           | new_ram_test/genblk1[5].mem_reg[5][97]   | 128 x 32(READ_FIRST)   | W |   | 128 x 32(WRITE_FIRST)  |   | R | Port A and B     | 1      | 0      | 
|top                                                           | new_ram_test/genblk1[6].mem_reg[6][97]   | 128 x 32(READ_FIRST)   | W |   | 128 x 32(WRITE_FIRST)  |   | R | Port A and B     | 1      | 0      | 
|top                                                           | new_ram_test/genblk1[7].mem_reg[7][97]   | 128 x 32(READ_FIRST)   | W |   | 128 x 32(WRITE_FIRST)  |   | R | Port A and B     | 1      | 0      | 
|top                                                           | new_ram_test/genblk1[8].mem_reg[8][97]   | 128 x 32(READ_FIRST)   | W |   | 128 x 32(WRITE_FIRST)  |   | R | Port A and B     | 1      | 0      | 
|top                                                           | new_ram_test/genblk1[9].mem_reg[9][97]   | 128 x 32(READ_FIRST)   | W |   | 128 x 32(WRITE_FIRST)  |   | R | Port A and B     | 1      | 0      | 
|top                                                           | new_ram_test/genblk1[10].mem_reg[10][97] | 128 x 32(READ_FIRST)   | W |   | 128 x 32(WRITE_FIRST)  |   | R | Port A and B     | 1      | 0      | 
|top                                                           | new_ram_test/genblk1[11].mem_reg[11][97] | 128 x 32(READ_FIRST)   | W |   | 128 x 32(WRITE_FIRST)  |   | R | Port A and B     | 1      | 0      | 
|top                                                           | new_ram_test/genblk1[12].mem_reg[12][97] | 128 x 32(READ_FIRST)   | W |   | 128 x 32(WRITE_FIRST)  |   | R | Port A and B     | 1      | 0      | 
|top                                                           | new_ram_test/genblk1[13].mem_reg[13][97] | 128 x 32(READ_FIRST)   | W |   | 128 x 32(WRITE_FIRST)  |   | R | Port A and B     | 1      | 0      | 
|top                                                           | new_ram_test/genblk1[14].mem_reg[14][97] | 128 x 32(READ_FIRST)   | W |   | 128 x 32(WRITE_FIRST)  |   | R | Port A and B     | 1      | 0      | 
|top                                                           | new_ram_test/genblk1[15].mem_reg[15][97] | 128 x 32(READ_FIRST)   | W |   | 128 x 32(WRITE_FIRST)  |   | R | Port A and B     | 1      | 0      | 
|top                                                           | new_ram_test/genblk1[16].mem_reg[16][97] | 128 x 32(READ_FIRST)   | W |   | 128 x 32(WRITE_FIRST)  |   | R | Port A and B     | 1      | 0      | 
|top                                                           | new_ram_test/genblk1[17].mem_reg[17][97] | 128 x 32(READ_FIRST)   | W |   | 128 x 32(WRITE_FIRST)  |   | R | Port A and B     | 1      | 0      | 
|top                                                           | new_ram_test/genblk1[18].mem_reg[18][97] | 128 x 32(READ_FIRST)   | W |   | 128 x 32(WRITE_FIRST)  |   | R | Port A and B     | 1      | 0      | 
|top                                                           | new_ram_test/genblk1[19].mem_reg[19][97] | 128 x 32(READ_FIRST)   | W |   | 128 x 32(WRITE_FIRST)  |   | R | Port A and B     | 1      | 0      | 
|top                                                           | new_ram_test/genblk1[20].mem_reg[20][97] | 128 x 32(READ_FIRST)   | W |   | 128 x 32(WRITE_FIRST)  |   | R | Port A and B     | 1      | 0      | 
|top                                                           | new_ram_test/genblk1[21].mem_reg[21][97] | 128 x 32(READ_FIRST)   | W |   | 128 x 32(WRITE_FIRST)  |   | R | Port A and B     | 1      | 0      | 
|top                                                           | new_ram_test/genblk1[22].mem_reg[22][97] | 128 x 32(READ_FIRST)   | W |   | 128 x 32(WRITE_FIRST)  |   | R | Port A and B     | 1      | 0      | 
|top                                                           | new_ram_test/genblk1[23].mem_reg[23][97] | 128 x 32(READ_FIRST)   | W |   | 128 x 32(WRITE_FIRST)  |   | R | Port A and B     | 1      | 0      | 
|top                                                           | new_ram_test/genblk1[24].mem_reg[24][97] | 128 x 32(READ_FIRST)   | W |   | 128 x 32(WRITE_FIRST)  |   | R | Port A and B     | 1      | 0      | 
|top                                                           | new_ram_test/genblk1[25].mem_reg[25][97] | 128 x 32(READ_FIRST)   | W |   | 128 x 32(WRITE_FIRST)  |   | R | Port A and B     | 1      | 0      | 
|top                                                           | new_ram_test/genblk1[26].mem_reg[26][97] | 128 x 32(READ_FIRST)   | W |   | 128 x 32(WRITE_FIRST)  |   | R | Port A and B     | 1      | 0      | 
|top                                                           | new_ram_test/genblk1[27].mem_reg[27][97] | 128 x 32(READ_FIRST)   | W |   | 128 x 32(WRITE_FIRST)  |   | R | Port A and B     | 1      | 0      | 
|top                                                           | new_ram_test/genblk1[28].mem_reg[28][97] | 128 x 32(READ_FIRST)   | W |   | 128 x 32(WRITE_FIRST)  |   | R | Port A and B     | 1      | 0      | 
|top                                                           | new_ram_test/genblk1[29].mem_reg[29][97] | 128 x 32(READ_FIRST)   | W |   | 128 x 32(WRITE_FIRST)  |   | R | Port A and B     | 1      | 0      | 
|top                                                           | new_ram_test/genblk1[30].mem_reg[30][97] | 128 x 32(READ_FIRST)   | W |   | 128 x 32(WRITE_FIRST)  |   | R | Port A and B     | 1      | 0      | 
|top                                                           | new_ram_test/genblk1[31].mem_reg[31][97] | 128 x 32(READ_FIRST)   | W |   | 128 x 32(WRITE_FIRST)  |   | R | Port A and B     | 1      | 0      | 
+--------------------------------------------------------------+------------------------------------------+------------------------+---+---+------------------------+---+---+------------------+--------+--------+

---------------------------------------------------------------------------------
Finished ROM, RAM, DSP, Shift Register and Retiming Reporting
---------------------------------------------------------------------------------
---------------------------------------------------------------------------------
Start Technology Mapping
---------------------------------------------------------------------------------
INFO: [Synth 8-7052] The timing for the instance pm_top_mux_inst/scd_estimator_inst/pm_second_stage_wrap_inst/new_ram_test/genblk1[0].mem_reg[0][97] (implemented as a Block RAM) might be sub-optimal as no optional output register could be merged into the ram block. Providing additional output register may help in improving timing.
INFO: [Synth 8-7052] The timing for the instance pm_top_mux_inst/scd_estimator_inst/pm_second_stage_wrap_inst/new_ram_test/genblk1[1].mem_reg[1][97] (implemented as a Block RAM) might be sub-optimal as no optional output register could be merged into the ram block. Providing additional output register may help in improving timing.
INFO: [Synth 8-7052] The timing for the instance pm_top_mux_inst/scd_estimator_inst/pm_second_stage_wrap_inst/new_ram_test/genblk1[2].mem_reg[2][97] (implemented as a Block RAM) might be sub-optimal as no optional output register could be merged into the ram block. Providing additional output register may help in improving timing.
INFO: [Synth 8-7052] The timing for the instance pm_top_mux_inst/scd_estimator_inst/pm_second_stage_wrap_inst/new_ram_test/genblk1[3].mem_reg[3][97] (implemented as a Block RAM) might be sub-optimal as no optional output register could be merged into the ram block. Providing additional output register may help in improving timing.
INFO: [Synth 8-7052] The timing for the instance pm_top_mux_inst/scd_estimator_inst/pm_second_stage_wrap_inst/new_ram_test/genblk1[4].mem_reg[4][97] (implemented as a Block RAM) might be sub-optimal as no optional output register could be merged into the ram block. Providing additional output register may help in improving timing.
INFO: [Synth 8-7052] The timing for the instance pm_top_mux_inst/scd_estimator_inst/pm_second_stage_wrap_inst/new_ram_test/genblk1[5].mem_reg[5][97] (implemented as a Block RAM) might be sub-optimal as no optional output register could be merged into the ram block. Providing additional output register may help in improving timing.
INFO: [Synth 8-7052] The timing for the instance pm_top_mux_inst/scd_estimator_inst/pm_second_stage_wrap_inst/new_ram_test/genblk1[6].mem_reg[6][97] (implemented as a Block RAM) might be sub-optimal as no optional output register could be merged into the ram block. Providing additional output register may help in improving timing.
INFO: [Synth 8-7052] The timing for the instance pm_top_mux_inst/scd_estimator_inst/pm_second_stage_wrap_inst/new_ram_test/genblk1[7].mem_reg[7][97] (implemented as a Block RAM) might be sub-optimal as no optional output register could be merged into the ram block. Providing additional output register may help in improving timing.
INFO: [Synth 8-7052] The timing for the instance pm_top_mux_inst/scd_estimator_inst/pm_second_stage_wrap_inst/new_ram_test/genblk1[8].mem_reg[8][97] (implemented as a Block RAM) might be sub-optimal as no optional output register could be merged into the ram block. Providing additional output register may help in improving timing.
INFO: [Synth 8-7052] The timing for the instance pm_top_mux_inst/scd_estimator_inst/pm_second_stage_wrap_inst/new_ram_test/genblk1[9].mem_reg[9][97] (implemented as a Block RAM) might be sub-optimal as no optional output register could be merged into the ram block. Providing additional output register may help in improving timing.
INFO: [Synth 8-7052] The timing for the instance pm_top_mux_inst/scd_estimator_inst/pm_second_stage_wrap_inst/new_ram_test/genblk1[10].mem_reg[10][97] (implemented as a Block RAM) might be sub-optimal as no optional output register could be merged into the ram block. Providing additional output register may help in improving timing.
INFO: [Synth 8-7052] The timing for the instance pm_top_mux_inst/scd_estimator_inst/pm_second_stage_wrap_inst/new_ram_test/genblk1[11].mem_reg[11][97] (implemented as a Block RAM) might be sub-optimal as no optional output register could be merged into the ram block. Providing additional output register may help in improving timing.
INFO: [Synth 8-7052] The timing for the instance pm_top_mux_inst/scd_estimator_inst/pm_second_stage_wrap_inst/new_ram_test/genblk1[12].mem_reg[12][97] (implemented as a Block RAM) might be sub-optimal as no optional output register could be merged into the ram block. Providing additional output register may help in improving timing.
INFO: [Synth 8-7052] The timing for the instance pm_top_mux_inst/scd_estimator_inst/pm_second_stage_wrap_inst/new_ram_test/genblk1[13].mem_reg[13][97] (implemented as a Block RAM) might be sub-optimal as no optional output register could be merged into the ram block. Providing additional output register may help in improving timing.
INFO: [Synth 8-7052] The timing for the instance pm_top_mux_inst/scd_estimator_inst/pm_second_stage_wrap_inst/new_ram_test/genblk1[14].mem_reg[14][97] (implemented as a Block RAM) might be sub-optimal as no optional output register could be merged into the ram block. Providing additional output register may help in improving timing.
INFO: [Synth 8-7052] The timing for the instance pm_top_mux_inst/scd_estimator_inst/pm_second_stage_wrap_inst/new_ram_test/genblk1[15].mem_reg[15][97] (implemented as a Block RAM) might be sub-optimal as no optional output register could be merged into the ram block. Providing additional output register may help in improving timing.
INFO: [Synth 8-7052] The timing for the instance pm_top_mux_inst/scd_estimator_inst/pm_second_stage_wrap_inst/new_ram_test/genblk1[16].mem_reg[16][97] (implemented as a Block RAM) might be sub-optimal as no optional output register could be merged into the ram block. Providing additional output register may help in improving timing.
INFO: [Synth 8-7052] The timing for the instance pm_top_mux_inst/scd_estimator_inst/pm_second_stage_wrap_inst/new_ram_test/genblk1[17].mem_reg[17][97] (implemented as a Block RAM) might be sub-optimal as no optional output register could be merged into the ram block. Providing additional output register may help in improving timing.
INFO: [Synth 8-7052] The timing for the instance pm_top_mux_inst/scd_estimator_inst/pm_second_stage_wrap_inst/new_ram_test/genblk1[18].mem_reg[18][97] (implemented as a Block RAM) might be sub-optimal as no optional output register could be merged into the ram block. Providing additional output register may help in improving timing.
INFO: [Synth 8-7052] The timing for the instance pm_top_mux_inst/scd_estimator_inst/pm_second_stage_wrap_inst/new_ram_test/genblk1[19].mem_reg[19][97] (implemented as a Block RAM) might be sub-optimal as no optional output register could be merged into the ram block. Providing additional output register may help in improving timing.
INFO: [Synth 8-7052] The timing for the instance pm_top_mux_inst/scd_estimator_inst/pm_second_stage_wrap_inst/new_ram_test/genblk1[20].mem_reg[20][97] (implemented as a Block RAM) might be sub-optimal as no optional output register could be merged into the ram block. Providing additional output register may help in improving timing.
INFO: [Synth 8-7052] The timing for the instance pm_top_mux_inst/scd_estimator_inst/pm_second_stage_wrap_inst/new_ram_test/genblk1[21].mem_reg[21][97] (implemented as a Block RAM) might be sub-optimal as no optional output register could be merged into the ram block. Providing additional output register may help in improving timing.
INFO: [Synth 8-7052] The timing for the instance pm_top_mux_inst/scd_estimator_inst/pm_second_stage_wrap_inst/new_ram_test/genblk1[22].mem_reg[22][97] (implemented as a Block RAM) might be sub-optimal as no optional output register could be merged into the ram block. Providing additional output register may help in improving timing.
INFO: [Synth 8-7052] The timing for the instance pm_top_mux_inst/scd_estimator_inst/pm_second_stage_wrap_inst/new_ram_test/genblk1[23].mem_reg[23][97] (implemented as a Block RAM) might be sub-optimal as no optional output register could be merged into the ram block. Providing additional output register may help in improving timing.
INFO: [Synth 8-7052] The timing for the instance pm_top_mux_inst/scd_estimator_inst/pm_second_stage_wrap_inst/new_ram_test/genblk1[24].mem_reg[24][97] (implemented as a Block RAM) might be sub-optimal as no optional output register could be merged into the ram block. Providing additional output register may help in improving timing.
INFO: [Synth 8-7052] The timing for the instance pm_top_mux_inst/scd_estimator_inst/pm_second_stage_wrap_inst/new_ram_test/genblk1[25].mem_reg[25][97] (implemented as a Block RAM) might be sub-optimal as no optional output register could be merged into the ram block. Providing additional output register may help in improving timing.
INFO: [Synth 8-7052] The timing for the instance pm_top_mux_inst/scd_estimator_inst/pm_second_stage_wrap_inst/new_ram_test/genblk1[26].mem_reg[26][97] (implemented as a Block RAM) might be sub-optimal as no optional output register could be merged into the ram block. Providing additional output register may help in improving timing.
INFO: [Synth 8-7052] The timing for the instance pm_top_mux_inst/scd_estimator_inst/pm_second_stage_wrap_inst/new_ram_test/genblk1[27].mem_reg[27][97] (implemented as a Block RAM) might be sub-optimal as no optional output register could be merged into the ram block. Providing additional output register may help in improving timing.
INFO: [Synth 8-7052] The timing for the instance pm_top_mux_inst/scd_estimator_inst/pm_second_stage_wrap_inst/new_ram_test/genblk1[28].mem_reg[28][97] (implemented as a Block RAM) might be sub-optimal as no optional output register could be merged into the ram block. Providing additional output register may help in improving timing.
INFO: [Synth 8-7052] The timing for the instance pm_top_mux_inst/scd_estimator_inst/pm_second_stage_wrap_inst/new_ram_test/genblk1[29].mem_reg[29][97] (implemented as a Block RAM) might be sub-optimal as no optional output register could be merged into the ram block. Providing additional output register may help in improving timing.
INFO: [Synth 8-7052] The timing for the instance pm_top_mux_inst/scd_estimator_inst/pm_second_stage_wrap_inst/new_ram_test/genblk1[30].mem_reg[30][97] (implemented as a Block RAM) might be sub-optimal as no optional output register could be merged into the ram block. Providing additional output register may help in improving timing.
INFO: [Synth 8-7052] The timing for the instance pm_top_mux_inst/scd_estimator_inst/pm_second_stage_wrap_inst/new_ram_test/genblk1[31].mem_reg[31][97] (implemented as a Block RAM) might be sub-optimal as no optional output register could be merged into the ram block. Providing additional output register may help in improving timing.
INFO: [Synth 8-7052] The timing for the instance pm_top_mux_inst/theshold_calculator_inst/threshold_rom_inst/r_threshold_reg (implemented as a Block RAM) might be sub-optimal as no optional output register could be merged into the ram block. Providing additional output register may help in improving timing.
INFO: [Synth 8-7052] The timing for the instance pm_top_mux_inst/theshold_calculator_inst/threshold_rom_inst/r_threshold_reg (implemented as a Block RAM) might be sub-optimal as no optional output register could be merged into the ram block. Providing additional output register may help in improving timing.
---------------------------------------------------------------------------------
Finished Technology Mapping : Time (s): cpu = 00:01:14 ; elapsed = 00:01:20 . Memory (MB): peak = 1698.082 ; gain = 792.207
---------------------------------------------------------------------------------
---------------------------------------------------------------------------------
Start IO Insertion
---------------------------------------------------------------------------------
---------------------------------------------------------------------------------
Start Flattening Before IO Insertion
---------------------------------------------------------------------------------
---------------------------------------------------------------------------------
Finished Flattening Before IO Insertion
---------------------------------------------------------------------------------
---------------------------------------------------------------------------------
Start Final Netlist Cleanup
---------------------------------------------------------------------------------
---------------------------------------------------------------------------------
Finished Final Netlist Cleanup
---------------------------------------------------------------------------------
---------------------------------------------------------------------------------
Finished IO Insertion : Time (s): cpu = 00:01:18 ; elapsed = 00:01:24 . Memory (MB): peak = 1713.488 ; gain = 807.613
---------------------------------------------------------------------------------
---------------------------------------------------------------------------------
Start Renaming Generated Instances
---------------------------------------------------------------------------------
---------------------------------------------------------------------------------
Finished Renaming Generated Instances : Time (s): cpu = 00:01:18 ; elapsed = 00:01:24 . Memory (MB): peak = 1713.488 ; gain = 807.613
---------------------------------------------------------------------------------
---------------------------------------------------------------------------------
Start Rebuilding User Hierarchy
---------------------------------------------------------------------------------
---------------------------------------------------------------------------------
Finished Rebuilding User Hierarchy : Time (s): cpu = 00:01:21 ; elapsed = 00:01:27 . Memory (MB): peak = 1713.488 ; gain = 807.613
---------------------------------------------------------------------------------
---------------------------------------------------------------------------------
Start Renaming Generated Ports
---------------------------------------------------------------------------------
---------------------------------------------------------------------------------
Finished Renaming Generated Ports : Time (s): cpu = 00:01:21 ; elapsed = 00:01:27 . Memory (MB): peak = 1713.488 ; gain = 807.613
---------------------------------------------------------------------------------
---------------------------------------------------------------------------------
Start Handling Custom Attributes
---------------------------------------------------------------------------------
---------------------------------------------------------------------------------
Finished Handling Custom Attributes : Time (s): cpu = 00:01:21 ; elapsed = 00:01:27 . Memory (MB): peak = 1714.508 ; gain = 808.633
---------------------------------------------------------------------------------
---------------------------------------------------------------------------------
Start Renaming Generated Nets
---------------------------------------------------------------------------------
---------------------------------------------------------------------------------
Finished Renaming Generated Nets : Time (s): cpu = 00:01:21 ; elapsed = 00:01:27 . Memory (MB): peak = 1714.508 ; gain = 808.633
---------------------------------------------------------------------------------
---------------------------------------------------------------------------------
Start Writing Synthesis Report
---------------------------------------------------------------------------------

DSP Final Report (the ' indicates corresponding REG is set)
+----------------+------------------+--------+--------+--------+--------+--------+------+------+------+------+-------+------+------+
|Module Name     | DSP Mapping      | A Size | B Size | C Size | D Size | P Size | AREG | BREG | CREG | DREG | ADREG | MREG | PREG | 
+----------------+------------------+--------+--------+--------+--------+--------+------+------+------+------+-------+------+------+
|top             | A*B              | 17     | 18     | -      | -      | 48     | 0    | 0    | -    | -    | -     | 0    | 0    | 
|top             | PCIN>>17+A*B     | 30     | 18     | -      | -      | 48     | 0    | 0    | -    | -    | -     | 0    | 0    | 
|top             | A*B              | 17     | 17     | -      | -      | 48     | 0    | 0    | -    | -    | -     | 0    | 0    | 
|top             | PCIN>>17+A*B     | 17     | 18     | -      | -      | 48     | 0    | 0    | -    | -    | -     | 0    | 0    | 
|top             | A*B              | 17     | 18     | -      | -      | 48     | 0    | 0    | -    | -    | -     | 0    | 0    | 
|top             | PCIN>>17+A*B     | 30     | 18     | -      | -      | 48     | 0    | 0    | -    | -    | -     | 0    | 0    | 
|top             | A*B              | 17     | 17     | -      | -      | 48     | 0    | 0    | -    | -    | -     | 0    | 0    | 
|top             | PCIN>>17+A*B     | 17     | 18     | -      | -      | 48     | 0    | 0    | -    | -    | -     | 0    | 0    | 
|pm_input_window | A''*B            | 30     | 7      | -      | -      | 20     | 2    | 0    | -    | -    | -     | 0    | 0    | 
|pm_input_window | A'*B             | 30     | 7      | -      | -      | 20     | 1    | 0    | -    | -    | -     | 0    | 0    | 
|pm_input_window | A''*B            | 0      | 7      | -      | -      | 20     | 2    | 0    | -    | -    | -     | 0    | 0    | 
|pm_input_window | A'*B             | 0      | 7      | -      | -      | 20     | 1    | 0    | -    | -    | -     | 0    | 0    | 
|pm_input_window | A'*B             | 0      | 7      | -      | -      | 20     | 1    | 0    | -    | -    | -     | 0    | 0    | 
|pm_input_window | A'*B             | 0      | 7      | -      | -      | 20     | 1    | 0    | -    | -    | -     | 0    | 0    | 
|pm_input_window | A'*B             | 0      | 7      | -      | -      | 20     | 1    | 0    | -    | -    | -     | 0    | 0    | 
|pm_input_window | A'*B             | 0      | 7      | -      | -      | 20     | 1    | 0    | -    | -    | -     | 0    | 0    | 
|pm_input_window | A'*B             | 0      | 7      | -      | -      | 20     | 1    | 0    | -    | -    | -     | 0    | 0    | 
|pm_input_window | A'*B             | 0      | 7      | -      | -      | 20     | 1    | 0    | -    | -    | -     | 0    | 0    | 
|pm_input_window | A'*B             | 0      | 7      | -      | -      | 20     | 1    | 0    | -    | -    | -     | 0    | 0    | 
|pm_input_window | A'*B             | 0      | 7      | -      | -      | 20     | 1    | 0    | -    | -    | -     | 0    | 0    | 
|pm_input_window | A'*B             | 0      | 7      | -      | -      | 20     | 1    | 0    | -    | -    | -     | 0    | 0    | 
|pm_input_window | A'*B             | 0      | 7      | -      | -      | 20     | 1    | 0    | -    | -    | -     | 0    | 0    | 
|pm_input_window | A'*B             | 0      | 7      | -      | -      | 20     | 1    | 0    | -    | -    | -     | 0    | 0    | 
|pm_input_window | A'*B             | 0      | 7      | -      | -      | 20     | 1    | 0    | -    | -    | -     | 0    | 0    | 
|pm_input_window | A'*B             | 0      | 7      | -      | -      | 20     | 1    | 0    | -    | -    | -     | 0    | 0    | 
|pm_input_window | A'*B             | 0      | 7      | -      | -      | 20     | 1    | 0    | -    | -    | -     | 0    | 0    | 
|pm_input_window | A'*B             | 0      | 7      | -      | -      | 20     | 1    | 0    | -    | -    | -     | 0    | 0    | 
|pm_input_window | A'*B             | 0      | 7      | -      | -      | 20     | 1    | 0    | -    | -    | -     | 0    | 0    | 
|pm_input_window | A'*B             | 0      | 7      | -      | -      | 20     | 1    | 0    | -    | -    | -     | 0    | 0    | 
|pm_input_window | A'*B             | 0      | 7      | -      | -      | 20     | 1    | 0    | -    | -    | -     | 0    | 0    | 
|pm_input_window | A'*B             | 0      | 7      | -      | -      | 20     | 1    | 0    | -    | -    | -     | 0    | 0    | 
|pm_input_window | A'*B             | 0      | 7      | -      | -      | 20     | 1    | 0    | -    | -    | -     | 0    | 0    | 
|pm_input_window | A'*B             | 0      | 7      | -      | -      | 20     | 1    | 0    | -    | -    | -     | 0    | 0    | 
|pm_input_window | A'*B             | 0      | 7      | -      | -      | 20     | 1    | 0    | -    | -    | -     | 0    | 0    | 
|pm_input_window | A'*B             | 0      | 7      | -      | -      | 20     | 1    | 0    | -    | -    | -     | 0    | 0    | 
|pm_input_window | A'*B             | 0      | 7      | -      | -      | 20     | 1    | 0    | -    | -    | -     | 0    | 0    | 
|pm_input_window | A'*B             | 0      | 7      | -      | -      | 20     | 1    | 0    | -    | -    | -     | 0    | 0    | 
|pm_input_window | A'*B             | 0      | 7      | -      | -      | 20     | 1    | 0    | -    | -    | -     | 0    | 0    | 
|pm_input_window | A'*B             | 0      | 7      | -      | -      | 20     | 1    | 0    | -    | -    | -     | 0    | 0    | 
|pm_input_window | A'*B             | 0      | 7      | -      | -      | 20     | 1    | 0    | -    | -    | -     | 0    | 0    | 
|pm_input_window | A''*B            | 30     | 7      | -      | -      | 20     | 2    | 0    | -    | -    | -     | 0    | 0    | 
|pm_input_window | A'*B             | 30     | 7      | -      | -      | 20     | 1    | 0    | -    | -    | -     | 0    | 0    | 
|pm_input_window | A''*B            | 0      | 7      | -      | -      | 20     | 2    | 0    | -    | -    | -     | 0    | 0    | 
|pm_input_window | A'*B             | 0      | 7      | -      | -      | 20     | 1    | 0    | -    | -    | -     | 0    | 0    | 
|pm_input_window | A'*B             | 0      | 7      | -      | -      | 20     | 1    | 0    | -    | -    | -     | 0    | 0    | 
|pm_input_window | A'*B             | 0      | 7      | -      | -      | 20     | 1    | 0    | -    | -    | -     | 0    | 0    | 
|pm_input_window | A'*B             | 0      | 7      | -      | -      | 20     | 1    | 0    | -    | -    | -     | 0    | 0    | 
|pm_input_window | A'*B             | 0      | 7      | -      | -      | 20     | 1    | 0    | -    | -    | -     | 0    | 0    | 
|pm_input_window | A'*B             | 0      | 7      | -      | -      | 20     | 1    | 0    | -    | -    | -     | 0    | 0    | 
|pm_input_window | A'*B             | 0      | 7      | -      | -      | 20     | 1    | 0    | -    | -    | -     | 0    | 0    | 
|pm_input_window | A'*B             | 0      | 7      | -      | -      | 20     | 1    | 0    | -    | -    | -     | 0    | 0    | 
|pm_input_window | A'*B             | 0      | 7      | -      | -      | 20     | 1    | 0    | -    | -    | -     | 0    | 0    | 
|pm_input_window | A'*B             | 0      | 7      | -      | -      | 20     | 1    | 0    | -    | -    | -     | 0    | 0    | 
|pm_input_window | A'*B             | 0      | 7      | -      | -      | 20     | 1    | 0    | -    | -    | -     | 0    | 0    | 
|pm_input_window | A'*B             | 0      | 7      | -      | -      | 20     | 1    | 0    | -    | -    | -     | 0    | 0    | 
|pm_input_window | A'*B             | 0      | 7      | -      | -      | 20     | 1    | 0    | -    | -    | -     | 0    | 0    | 
|pm_input_window | A'*B             | 0      | 7      | -      | -      | 20     | 1    | 0    | -    | -    | -     | 0    | 0    | 
|pm_input_window | A'*B             | 0      | 7      | -      | -      | 20     | 1    | 0    | -    | -    | -     | 0    | 0    | 
|pm_input_window | A'*B             | 0      | 7      | -      | -      | 20     | 1    | 0    | -    | -    | -     | 0    | 0    | 
|pm_input_window | A'*B             | 0      | 7      | -      | -      | 20     | 1    | 0    | -    | -    | -     | 0    | 0    | 
|pm_input_window | A'*B             | 0      | 7      | -      | -      | 20     | 1    | 0    | -    | -    | -     | 0    | 0    | 
|pm_input_window | A'*B             | 0      | 7      | -      | -      | 20     | 1    | 0    | -    | -    | -     | 0    | 0    | 
|pm_input_window | A'*B             | 0      | 7      | -      | -      | 20     | 1    | 0    | -    | -    | -     | 0    | 0    | 
|pm_input_window | A'*B             | 0      | 7      | -      | -      | 20     | 1    | 0    | -    | -    | -     | 0    | 0    | 
|pm_input_window | A'*B             | 0      | 7      | -      | -      | 20     | 1    | 0    | -    | -    | -     | 0    | 0    | 
|pm_input_window | A'*B             | 0      | 7      | -      | -      | 20     | 1    | 0    | -    | -    | -     | 0    | 0    | 
|pm_input_window | A'*B             | 0      | 7      | -      | -      | 20     | 1    | 0    | -    | -    | -     | 0    | 0    | 
|pm_input_window | A'*B             | 0      | 7      | -      | -      | 20     | 1    | 0    | -    | -    | -     | 0    | 0    | 
|pm_input_window | A'*B             | 0      | 7      | -      | -      | 20     | 1    | 0    | -    | -    | -     | 0    | 0    | 
|pm_input_window | A'*B             | 0      | 7      | -      | -      | 20     | 1    | 0    | -    | -    | -     | 0    | 0    | 
|pm_input_window | A'*B             | 0      | 7      | -      | -      | 20     | 1    | 0    | -    | -    | -     | 0    | 0    | 
|pm_input_window | A'*B             | 0      | 7      | -      | -      | 20     | 1    | 0    | -    | -    | -     | 0    | 0    | 
|top             | A*B'             | 30     | 17     | -      | -      | 48     | 0    | 1    | -    | -    | -     | 0    | 0    | 
|top             | PCIN>>17+A*B'    | 30     | 12     | -      | -      | 48     | 0    | 1    | -    | -    | -     | 0    | 0    | 
|top             | A*B'             | 17     | 17     | -      | -      | 48     | 0    | 1    | -    | -    | -     | 0    | 0    | 
|top             | PCIN>>17+A*B'    | 0      | 12     | -      | -      | 48     | 0    | 1    | -    | -    | -     | 0    | 0    | 
|top             | A*B'             | 17     | 17     | -      | -      | 48     | 0    | 1    | -    | -    | -     | 0    | 0    | 
|top             | PCIN>>17+A*B'    | 0      | 12     | -      | -      | 48     | 0    | 1    | -    | -    | -     | 0    | 0    | 
|top             | A*B'             | 30     | 17     | -      | -      | 48     | 0    | 1    | -    | -    | -     | 0    | 0    | 
|top             | (PCIN>>17+A*B')' | 30     | 12     | -      | -      | 48     | 0    | 1    | -    | -    | -     | 0    | 1    | 
|top             | A*B'             | 17     | 17     | -      | -      | 48     | 0    | 1    | -    | -    | -     | 0    | 0    | 
|top             | (PCIN>>17+A*B')' | 0      | 12     | -      | -      | 48     | 0    | 1    | -    | -    | -     | 0    | 1    | 
|top             | A*B'             | 17     | 17     | -      | -      | 48     | 0    | 1    | -    | -    | -     | 0    | 0    | 
|top             | (PCIN>>17+A*B')' | 0      | 12     | -      | -      | 48     | 0    | 1    | -    | -    | -     | 0    | 1    | 
|top             | A*B'             | 17     | 17     | -      | -      | 48     | 0    | 1    | -    | -    | -     | 0    | 0    | 
|top             | (PCIN>>17+A*B')' | 0      | 12     | -      | -      | 48     | 0    | 1    | -    | -    | -     | 0    | 1    | 
|top             | A*B'             | 17     | 17     | -      | -      | 48     | 0    | 1    | -    | -    | -     | 0    | 0    | 
|top             | (PCIN>>17+A*B')' | 0      | 12     | -      | -      | 48     | 0    | 1    | -    | -    | -     | 0    | 1    | 
|top             | (P+(A'*B')')'    | 30     | 18     | -      | -      | 34     | 1    | 1    | -    | -    | -     | 1    | 1    | 
+----------------+------------------+--------+--------+--------+--------+--------+------+------+------+------+-------+------+------+


Report BlackBoxes: 
+------+--------------------------------------+----------+
|      |BlackBox name                         |Instances |
+------+--------------------------------------+----------+
|1     |comblock_setup_auto_pc_0              |         1|
|2     |comblock_setup_comblock_0_0           |         1|
|3     |comblock_setup_processing_system7_0_1 |         1|
|4     |comblock_setup_rst_ps7_0_100M_1       |         1|
|5     |xfft_0                                |         1|
|6     |cmpy_0                                |         1|
|7     |cmpy_1                                |         1|
|8     |xfft_1                                |         1|
+------+--------------------------------------+----------+

Report Cell Usage: 
+------+------------------------------------+------+
|      |Cell                                |Count |
+------+------------------------------------+------+
|1     |cmpy                                |     2|
|3     |comblock_setup_auto_pc              |     1|
|4     |comblock_setup_comblock_0           |     1|
|5     |comblock_setup_processing_system7_0 |     1|
|6     |comblock_setup_rst_ps7_0_100M       |     1|
|7     |xfft                                |     2|
|9     |CARRY4                              |   152|
|10    |DSP48E1                             |    89|
|18    |LUT1                                |    36|
|19    |LUT2                                |   454|
|20    |LUT3                                |   284|
|21    |LUT4                                |  1277|
|22    |LUT5                                |   391|
|23    |LUT6                                |  5839|
|24    |MUXF7                               |  2639|
|25    |MUXF8                               |  1008|
|26    |RAMB18E1                            |    64|
|28    |RAMB36E1                            |     1|
|29    |FDCE                                |    62|
|30    |FDPE                                |     1|
|31    |FDRE                                | 19958|
|32    |FDSE                                |     6|
+------+------------------------------------+------+
---------------------------------------------------------------------------------
Finished Writing Synthesis Report : Time (s): cpu = 00:01:21 ; elapsed = 00:01:27 . Memory (MB): peak = 1714.508 ; gain = 808.633
---------------------------------------------------------------------------------
Synthesis finished with 0 errors, 0 critical warnings and 1 warnings.
Synthesis Optimization Runtime : Time (s): cpu = 00:01:11 ; elapsed = 00:01:23 . Memory (MB): peak = 1714.508 ; gain = 695.590
Synthesis Optimization Complete : Time (s): cpu = 00:01:21 ; elapsed = 00:01:27 . Memory (MB): peak = 1714.508 ; gain = 808.633
INFO: [Project 1-571] Translating synthesized netlist
Netlist sorting complete. Time (s): cpu = 00:00:00 ; elapsed = 00:00:00.251 . Memory (MB): peak = 1726.535 ; gain = 0.000
INFO: [Netlist 29-17] Analyzing 3953 Unisim elements for replacement
INFO: [Netlist 29-28] Unisim Transformation completed in 1 CPU seconds
WARNING: [Netlist 29-101] Netlist 'top' is not ideal for floorplanning, since the cellview 'second_stage_fsmd' contains a large number of primitives.  Please consider enabling hierarchy in synthesis if you want to do floorplanning.
INFO: [Project 1-570] Preparing netlist for logic optimization
INFO: [Opt 31-138] Pushed 0 inverter(s) to 0 load pin(s).
Netlist sorting complete. Time (s): cpu = 00:00:00 ; elapsed = 00:00:00.004 . Memory (MB): peak = 1742.215 ; gain = 0.000
INFO: [Project 1-111] Unisim Transformation Summary:
No Unisim elements were transformed.

Synth Design complete | Checksum: f9250790
INFO: [Common 17-83] Releasing license: Synthesis
133 Infos, 198 Warnings, 0 Critical Warnings and 0 Errors encountered.
synth_design completed successfully
synth_design: Time (s): cpu = 00:01:28 ; elapsed = 00:01:42 . Memory (MB): peak = 1742.215 ; gain = 1248.820
INFO: [Common 17-1381] The checkpoint 'C:/Users/gm/Vivado Projects/complete_det_final_full_and_red/complete_det_final_full_and_red.runs/synth_1/top.dcp' has been generated.
INFO: [runtcl-4] Executing : report_utilization -file top_utilization_synth.rpt -pb top_utilization_synth.pb
INFO: [Common 17-206] Exiting Vivado at Wed Aug 19 23:10:25 2026...
