Copyright 1986-2022 Xilinx, Inc. All Rights Reserved. Copyright 2022-2023 Advanced Micro Devices, Inc. All Rights Reserved.
------------------------------------------------------------------------------------------------------------------------------------------------------------------------------------------------------
| Tool Version : Vivado v.2023.1 (win64) Build 3865809 Sun May  7 15:05:29 MDT 2023
| Date         : Thu Sep  3 10:48:44 2026
| Host         : Geronimo running 64-bit major release  (build 9200)
| Command      : report_timing_summary -max_paths 10 -report_unconstrained -file top_timing_summary_routed.rpt -pb top_timing_summary_routed.pb -rpx top_timing_summary_routed.rpx -warn_on_violation
| Design       : top
| Device       : 7z020-clg484
| Speed File   : -1  PRODUCTION 1.12 2019-11-22
| Design State : Routed
------------------------------------------------------------------------------------------------------------------------------------------------------------------------------------------------------

Timing Summary Report

------------------------------------------------------------------------------------------------
| Timer Settings
| --------------
------------------------------------------------------------------------------------------------

  Enable Multi Corner Analysis               :  Yes
  Enable Pessimism Removal                   :  Yes
  Pessimism Removal Resolution               :  Nearest Common Node
  Enable Input Delay Default Clock           :  No
  Enable Preset / Clear Arcs                 :  No
  Disable Flight Delays                      :  No
  Ignore I/O Paths                           :  No
  Timing Early Launch at Borrowing Latches   :  No
  Borrow Time for Max Delay Exceptions       :  Yes
  Merge Timing Exceptions                    :  Yes

  Corner  Analyze    Analyze    
  Name    Max Paths  Min Paths  
  ------  ---------  ---------  
  Slow    Yes        Yes        
  Fast    Yes        Yes        


------------------------------------------------------------------------------------------------
| Report Methodology
| ------------------
------------------------------------------------------------------------------------------------

Rule       Severity  Description                   Violations  
---------  --------  ----------------------------  ----------  
LUTAR-1    Warning   LUT drives async reset alert  1           
SYNTH-10   Warning   Wide multiplier               24          
TIMING-23  Warning   Combinational loop found      1           

Note: This report is based on the most recent report_methodology run and may not be up-to-date. Run report_methodology on the current design for the latest report.



check_timing report

Table of Contents
-----------------
1. checking no_clock (0)
2. checking constant_clock (0)
3. checking pulse_width_clock (0)
4. checking unconstrained_internal_endpoints (0)
5. checking no_input_delay (0)
6. checking no_output_delay (0)
7. checking multiple_clock (0)
8. checking generated_clocks (0)
9. checking loops (16)
10. checking partial_input_delay (0)
11. checking partial_output_delay (0)
12. checking latch_loops (0)

1. checking no_clock (0)
------------------------
 There are 0 register/latch pins with no clock.


2. checking constant_clock (0)
------------------------------
 There are 0 register/latch pins with constant_clock.


3. checking pulse_width_clock (0)
---------------------------------
 There are 0 register/latch pins which need pulse_width check


4. checking unconstrained_internal_endpoints (0)
------------------------------------------------
 There are 0 pins that are not constrained for maximum delay.

 There are 0 pins that are not constrained for maximum delay due to constant clock.


5. checking no_input_delay (0)
------------------------------
 There are 0 input ports with no input delay specified.

 There are 0 input ports with no input delay but user has a false path constraint.


6. checking no_output_delay (0)
-------------------------------
 There are 0 ports with no output delay specified.

 There are 0 ports with no output delay but user has a false path constraint

 There are 0 ports with no output delay but with a timing clock defined on it or propagating through it


7. checking multiple_clock (0)
------------------------------
 There are 0 register/latch pins with multiple clocks.


8. checking generated_clocks (0)
--------------------------------
 There are 0 generated clocks that are not connected to a clock source.


9. checking loops (16)
----------------------
 There are 16 combinational loops in the design. (HIGH)


10. checking partial_input_delay (0)
------------------------------------
 There are 0 input ports with partial input delay specified.


11. checking partial_output_delay (0)
-------------------------------------
 There are 0 ports with partial output delay specified.


12. checking latch_loops (0)
----------------------------
 There are 0 combinational latch loops in the design through latch input



------------------------------------------------------------------------------------------------
| Design Timing Summary
| ---------------------
------------------------------------------------------------------------------------------------

    WNS(ns)      TNS(ns)  TNS Failing Endpoints  TNS Total Endpoints      WHS(ns)      THS(ns)  THS Failing Endpoints  THS Total Endpoints     WPWS(ns)     TPWS(ns)  TPWS Failing Endpoints  TPWS Total Endpoints  
    -------      -------  ---------------------  -------------------      -------      -------  ---------------------  -------------------     --------     --------  ----------------------  --------------------  
      4.287        0.000                      0                89531        0.026        0.000                      0                89531       11.520        0.000                       0                 31527  


All user specified timing constraints are met.


------------------------------------------------------------------------------------------------
| Clock Summary
| -------------
------------------------------------------------------------------------------------------------

Clock       Waveform(ns)       Period(ns)      Frequency(MHz)
-----       ------------       ----------      --------------
clk_fpga_0  {0.000 12.500}     25.000          40.000          


------------------------------------------------------------------------------------------------
| Intra Clock Table
| -----------------
------------------------------------------------------------------------------------------------

Clock             WNS(ns)      TNS(ns)  TNS Failing Endpoints  TNS Total Endpoints      WHS(ns)      THS(ns)  THS Failing Endpoints  THS Total Endpoints     WPWS(ns)     TPWS(ns)  TPWS Failing Endpoints  TPWS Total Endpoints  
-----             -------      -------  ---------------------  -------------------      -------      -------  ---------------------  -------------------     --------     --------  ----------------------  --------------------  
clk_fpga_0          4.287        0.000                      0                89468        0.026        0.000                      0                89468       11.520        0.000                       0                 31527  


------------------------------------------------------------------------------------------------
| Inter Clock Table
| -----------------
------------------------------------------------------------------------------------------------

From Clock    To Clock          WNS(ns)      TNS(ns)  TNS Failing Endpoints  TNS Total Endpoints      WHS(ns)      THS(ns)  THS Failing Endpoints  THS Total Endpoints  
----------    --------          -------      -------  ---------------------  -------------------      -------      -------  ---------------------  -------------------  


------------------------------------------------------------------------------------------------
| Other Path Groups Table
| -----------------------
------------------------------------------------------------------------------------------------

Path Group         From Clock         To Clock               WNS(ns)      TNS(ns)  TNS Failing Endpoints  TNS Total Endpoints      WHS(ns)      THS(ns)  THS Failing Endpoints  THS Total Endpoints  
----------         ----------         --------               -------      -------  ---------------------  -------------------      -------      -------  ---------------------  -------------------  
**async_default**  clk_fpga_0         clk_fpga_0              18.643        0.000                      0                   63        1.168        0.000                      0                   63  


------------------------------------------------------------------------------------------------
| User Ignored Path Table
| -----------------------
------------------------------------------------------------------------------------------------

Path Group    From Clock    To Clock    
----------    ----------    --------    
(none)                      clk_fpga_0    


------------------------------------------------------------------------------------------------
| Unconstrained Path Table
| ------------------------
------------------------------------------------------------------------------------------------

Path Group    From Clock    To Clock    
----------    ----------    --------    
(none)                      clk_fpga_0    


------------------------------------------------------------------------------------------------
| Timing Details
| --------------
------------------------------------------------------------------------------------------------


---------------------------------------------------------------------------------------------------
From Clock:  clk_fpga_0
  To Clock:  clk_fpga_0

Setup :            0  Failing Endpoints,  Worst Slack        4.287ns,  Total Violation        0.000ns
Hold  :            0  Failing Endpoints,  Worst Slack        0.026ns,  Total Violation        0.000ns
PW    :            0  Failing Endpoints,  Worst Slack       11.520ns,  Total Violation        0.000ns
---------------------------------------------------------------------------------------------------


Max Delay Paths
--------------------------------------------------------------------------------------
Slack (MET) :             4.287ns  (required time - arrival time)
  Source:                 pm_top_mux_inst/scd_estimator_inst/pm_second_stage_wrap_inst/p_point_fft/U0/i_synth/axi_wrapper/data_out_channel/gen_non_real_time.fifo/fifo0/fifo_2_reg[39]/C
                            (rising edge-triggered cell FDRE clocked by clk_fpga_0  {rise@0.000ns fall@12.500ns period=25.000ns})
  Destination:            pm_top_mux_inst/detection_compare_inst/r_detect_counter_reg[4]/CE
                            (rising edge-triggered cell FDRE clocked by clk_fpga_0  {rise@0.000ns fall@12.500ns period=25.000ns})
  Path Group:             clk_fpga_0
  Path Type:              Setup (Max at Slow Process Corner)
  Requirement:            25.000ns  (clk_fpga_0 rise@25.000ns - clk_fpga_0 rise@0.000ns)
  Data Path Delay:        20.001ns  (logic 10.612ns (53.058%)  route 9.389ns (46.942%))
  Logic Levels:           20  (CARRY4=14 DSP48E1=2 LUT2=3 LUT5=1)
  Clock Path Skew:        -0.131ns (DCD - SCD + CPR)
    Destination Clock Delay (DCD):    2.820ns = ( 27.820 - 25.000 ) 
    Source Clock Delay      (SCD):    3.198ns
    Clock Pessimism Removal (CPR):    0.247ns
  Clock Uncertainty:      0.377ns  ((TSJ^2 + TIJ^2)^1/2 + DJ) / 2 + PE
    Total System Jitter     (TSJ):    0.071ns
    Total Input Jitter      (TIJ):    0.750ns
    Discrete Jitter          (DJ):    0.000ns
    Phase Error              (PE):    0.000ns

    Location             Delay type                Incr(ns)  Path(ns)    Netlist Resource(s)
  -------------------------------------------------------------------    -------------------
                         (clock clk_fpga_0 rise edge)
                                                      0.000     0.000 r  
    PS7_X0Y0             PS7                          0.000     0.000 r  comblock_setup_wrapper_inst/comblock_setup_i/processing_system7_0/inst/PS7_i/FCLKCLK[0]
                         net (fo=1, routed)           1.193     1.193    comblock_setup_wrapper_inst/comblock_setup_i/processing_system7_0/inst/FCLK_CLK_unbuffered[0]
    BUFGCTRL_X0Y16       BUFG (Prop_bufg_I_O)         0.101     1.294 r  comblock_setup_wrapper_inst/comblock_setup_i/processing_system7_0/inst/buffer_fclk_clk_0.FCLK_CLK_0_BUFG/O
                         net (fo=31598, routed)       1.904     3.198    pm_top_mux_inst/scd_estimator_inst/pm_second_stage_wrap_inst/p_point_fft/U0/i_synth/axi_wrapper/data_out_channel/gen_non_real_time.fifo/fifo0/aclk
    SLICE_X62Y110        FDRE                                         r  pm_top_mux_inst/scd_estimator_inst/pm_second_stage_wrap_inst/p_point_fft/U0/i_synth/axi_wrapper/data_out_channel/gen_non_real_time.fifo/fifo0/fifo_2_reg[39]/C
  -------------------------------------------------------------------    -------------------
    SLICE_X62Y110        FDRE (Prop_fdre_C_Q)         0.478     3.676 r  pm_top_mux_inst/scd_estimator_inst/pm_second_stage_wrap_inst/p_point_fft/U0/i_synth/axi_wrapper/data_out_channel/gen_non_real_time.fifo/fifo0/fifo_2_reg[39]/Q
                         net (fo=4, routed)           1.342     5.018    pm_top_mux_inst/detection_compare_inst/m_axis_data_tdata[38]
    DSP48_X3Y47          DSP48E1 (Prop_dsp48e1_A[6]_PCOUT[47])
                                                      4.210     9.228 r  pm_top_mux_inst/detection_compare_inst/r_comparison1__5/PCOUT[47]
                         net (fo=1, routed)           0.002     9.230    pm_top_mux_inst/detection_compare_inst/r_comparison1__5_n_106
    DSP48_X3Y48          DSP48E1 (Prop_dsp48e1_PCIN[47]_P[0])
                                                      1.518    10.748 r  pm_top_mux_inst/detection_compare_inst/r_comparison1__6/P[0]
                         net (fo=2, routed)           0.906    11.655    pm_top_mux_inst/detection_compare_inst/r_comparison1__6_n_105
    SLICE_X94Y116        LUT2 (Prop_lut2_I0_O)        0.124    11.779 r  pm_top_mux_inst/detection_compare_inst/i__carry_i_3__2/O
                         net (fo=1, routed)           0.000    11.779    pm_top_mux_inst/detection_compare_inst/i__carry_i_3__2_n_0
    SLICE_X94Y116        CARRY4 (Prop_carry4_S[1]_CO[3])
                                                      0.533    12.312 r  pm_top_mux_inst/detection_compare_inst/r_comparison1_inferred__1/i__carry/CO[3]
                         net (fo=1, routed)           0.000    12.312    pm_top_mux_inst/detection_compare_inst/r_comparison1_inferred__1/i__carry_n_0
    SLICE_X94Y117        CARRY4 (Prop_carry4_CI_CO[3])
                                                      0.117    12.429 r  pm_top_mux_inst/detection_compare_inst/r_comparison1_inferred__1/i__carry__0/CO[3]
                         net (fo=1, routed)           0.000    12.429    pm_top_mux_inst/detection_compare_inst/r_comparison1_inferred__1/i__carry__0_n_0
    SLICE_X94Y118        CARRY4 (Prop_carry4_CI_O[1])
                                                      0.323    12.752 r  pm_top_mux_inst/detection_compare_inst/r_comparison1_inferred__1/i__carry__1/O[1]
                         net (fo=2, routed)           1.241    13.992    pm_top_mux_inst/detection_compare_inst/r_comparison1_inferred__1/i__carry__1_n_6
    SLICE_X67Y117        LUT2 (Prop_lut2_I0_O)        0.306    14.298 r  pm_top_mux_inst/detection_compare_inst/r_comparison0_carry__5_i_3/O
                         net (fo=1, routed)           0.000    14.298    pm_top_mux_inst/detection_compare_inst/r_comparison0_carry__5_i_3_n_0
    SLICE_X67Y117        CARRY4 (Prop_carry4_S[1]_CO[3])
                                                      0.550    14.848 r  pm_top_mux_inst/detection_compare_inst/r_comparison0_carry__5/CO[3]
                         net (fo=1, routed)           0.000    14.848    pm_top_mux_inst/detection_compare_inst/r_comparison0_carry__5_n_0
    SLICE_X67Y118        CARRY4 (Prop_carry4_CI_CO[3])
                                                      0.114    14.962 r  pm_top_mux_inst/detection_compare_inst/r_comparison0_carry__6/CO[3]
                         net (fo=1, routed)           0.000    14.962    pm_top_mux_inst/detection_compare_inst/r_comparison0_carry__6_n_0
    SLICE_X67Y119        CARRY4 (Prop_carry4_CI_CO[3])
                                                      0.114    15.076 r  pm_top_mux_inst/detection_compare_inst/r_comparison0_carry__7/CO[3]
                         net (fo=1, routed)           0.000    15.076    pm_top_mux_inst/detection_compare_inst/r_comparison0_carry__7_n_0
    SLICE_X67Y120        CARRY4 (Prop_carry4_CI_CO[3])
                                                      0.114    15.190 r  pm_top_mux_inst/detection_compare_inst/r_comparison0_carry__8/CO[3]
                         net (fo=1, routed)           0.000    15.190    pm_top_mux_inst/detection_compare_inst/r_comparison0_carry__8_n_0
    SLICE_X67Y121        CARRY4 (Prop_carry4_CI_CO[3])
                                                      0.114    15.304 r  pm_top_mux_inst/detection_compare_inst/r_comparison0_carry__9/CO[3]
                         net (fo=1, routed)           0.000    15.304    pm_top_mux_inst/detection_compare_inst/r_comparison0_carry__9_n_0
    SLICE_X67Y122        CARRY4 (Prop_carry4_CI_CO[3])
                                                      0.114    15.418 r  pm_top_mux_inst/detection_compare_inst/r_comparison0_carry__10/CO[3]
                         net (fo=1, routed)           0.000    15.418    pm_top_mux_inst/detection_compare_inst/r_comparison0_carry__10_n_0
    SLICE_X67Y123        CARRY4 (Prop_carry4_CI_CO[3])
                                                      0.114    15.532 r  pm_top_mux_inst/detection_compare_inst/r_comparison0_carry__11/CO[3]
                         net (fo=1, routed)           0.000    15.532    pm_top_mux_inst/detection_compare_inst/r_comparison0_carry__11_n_0
    SLICE_X67Y124        CARRY4 (Prop_carry4_CI_CO[3])
                                                      0.114    15.646 r  pm_top_mux_inst/detection_compare_inst/r_comparison0_carry__12/CO[3]
                         net (fo=1, routed)           0.009    15.655    pm_top_mux_inst/detection_compare_inst/r_comparison0_carry__12_n_0
    SLICE_X67Y125        CARRY4 (Prop_carry4_CI_O[0])
                                                      0.222    15.877 r  pm_top_mux_inst/detection_compare_inst/r_comparison0_carry__13/O[0]
                         net (fo=2, routed)           1.115    16.993    pm_top_mux_inst/detection_compare_inst/r_comparison0[56]
    SLICE_X66Y118        LUT5 (Prop_lut5_I2_O)        0.299    17.292 r  pm_top_mux_inst/detection_compare_inst/r_detect_counter0_carry__6_i_8/O
                         net (fo=1, routed)           0.000    17.292    pm_top_mux_inst/detection_compare_inst/r_detect_counter0_carry__6_i_8_n_0
    SLICE_X66Y118        CARRY4 (Prop_carry4_S[0]_CO[3])
                                                      0.513    17.805 r  pm_top_mux_inst/detection_compare_inst/r_detect_counter0_carry__6/CO[3]
                         net (fo=1, routed)           0.000    17.805    pm_top_mux_inst/detection_compare_inst/r_detect_counter0_carry__6_n_0
    SLICE_X66Y119        CARRY4 (Prop_carry4_CI_CO[0])
                                                      0.254    18.059 r  pm_top_mux_inst/detection_compare_inst/r_detect_counter0_carry__7/CO[0]
                         net (fo=1, routed)           2.710    20.768    pm_top_mux_inst/pm_top_mux_fsmd_control/r_detect_counter_reg[15][0]
    SLICE_X47Y48         LUT2 (Prop_lut2_I1_O)        0.367    21.135 r  pm_top_mux_inst/pm_top_mux_fsmd_control/r_detect_counter[0]_i_2/O
                         net (fo=16, routed)          2.063    23.199    pm_top_mux_inst/detection_compare_inst/r_detect_counter
    SLICE_X52Y101        FDRE                                         r  pm_top_mux_inst/detection_compare_inst/r_detect_counter_reg[4]/CE
  -------------------------------------------------------------------    -------------------

                         (clock clk_fpga_0 rise edge)
                                                     25.000    25.000 r  
    PS7_X0Y0             PS7                          0.000    25.000 r  comblock_setup_wrapper_inst/comblock_setup_i/processing_system7_0/inst/PS7_i/FCLKCLK[0]
                         net (fo=1, routed)           1.088    26.088    comblock_setup_wrapper_inst/comblock_setup_i/processing_system7_0/inst/FCLK_CLK_unbuffered[0]
    BUFGCTRL_X0Y16       BUFG (Prop_bufg_I_O)         0.091    26.179 r  comblock_setup_wrapper_inst/comblock_setup_i/processing_system7_0/inst/buffer_fclk_clk_0.FCLK_CLK_0_BUFG/O
                         net (fo=31598, routed)       1.641    27.820    pm_top_mux_inst/detection_compare_inst/PS_CLOCK0
    SLICE_X52Y101        FDRE                                         r  pm_top_mux_inst/detection_compare_inst/r_detect_counter_reg[4]/C
                         clock pessimism              0.247    28.067    
                         clock uncertainty           -0.377    27.690    
    SLICE_X52Y101        FDRE (Setup_fdre_C_CE)      -0.205    27.485    pm_top_mux_inst/detection_compare_inst/r_detect_counter_reg[4]
  -------------------------------------------------------------------
                         required time                         27.485    
                         arrival time                         -23.199    
  -------------------------------------------------------------------
                         slack                                  4.287    

Slack (MET) :             4.287ns  (required time - arrival time)
  Source:                 pm_top_mux_inst/scd_estimator_inst/pm_second_stage_wrap_inst/p_point_fft/U0/i_synth/axi_wrapper/data_out_channel/gen_non_real_time.fifo/fifo0/fifo_2_reg[39]/C
                            (rising edge-triggered cell FDRE clocked by clk_fpga_0  {rise@0.000ns fall@12.500ns period=25.000ns})
  Destination:            pm_top_mux_inst/detection_compare_inst/r_detect_counter_reg[5]/CE
                            (rising edge-triggered cell FDRE clocked by clk_fpga_0  {rise@0.000ns fall@12.500ns period=25.000ns})
  Path Group:             clk_fpga_0
  Path Type:              Setup (Max at Slow Process Corner)
  Requirement:            25.000ns  (clk_fpga_0 rise@25.000ns - clk_fpga_0 rise@0.000ns)
  Data Path Delay:        20.001ns  (logic 10.612ns (53.058%)  route 9.389ns (46.942%))
  Logic Levels:           20  (CARRY4=14 DSP48E1=2 LUT2=3 LUT5=1)
  Clock Path Skew:        -0.131ns (DCD - SCD + CPR)
    Destination Clock Delay (DCD):    2.820ns = ( 27.820 - 25.000 ) 
    Source Clock Delay      (SCD):    3.198ns
    Clock Pessimism Removal (CPR):    0.247ns
  Clock Uncertainty:      0.377ns  ((TSJ^2 + TIJ^2)^1/2 + DJ) / 2 + PE
    Total System Jitter     (TSJ):    0.071ns
    Total Input Jitter      (TIJ):    0.750ns
    Discrete Jitter          (DJ):    0.000ns
    Phase Error              (PE):    0.000ns

    Location             Delay type                Incr(ns)  Path(ns)    Netlist Resource(s)
  -------------------------------------------------------------------    -------------------
                         (clock clk_fpga_0 rise edge)
                                                      0.000     0.000 r  
    PS7_X0Y0             PS7                          0.000     0.000 r  comblock_setup_wrapper_inst/comblock_setup_i/processing_system7_0/inst/PS7_i/FCLKCLK[0]
                         net (fo=1, routed)           1.193     1.193    comblock_setup_wrapper_inst/comblock_setup_i/processing_system7_0/inst/FCLK_CLK_unbuffered[0]
    BUFGCTRL_X0Y16       BUFG (Prop_bufg_I_O)         0.101     1.294 r  comblock_setup_wrapper_inst/comblock_setup_i/processing_system7_0/inst/buffer_fclk_clk_0.FCLK_CLK_0_BUFG/O
                         net (fo=31598, routed)       1.904     3.198    pm_top_mux_inst/scd_estimator_inst/pm_second_stage_wrap_inst/p_point_fft/U0/i_synth/axi_wrapper/data_out_channel/gen_non_real_time.fifo/fifo0/aclk
    SLICE_X62Y110        FDRE                                         r  pm_top_mux_inst/scd_estimator_inst/pm_second_stage_wrap_inst/p_point_fft/U0/i_synth/axi_wrapper/data_out_channel/gen_non_real_time.fifo/fifo0/fifo_2_reg[39]/C
  -------------------------------------------------------------------    -------------------
    SLICE_X62Y110        FDRE (Prop_fdre_C_Q)         0.478     3.676 r  pm_top_mux_inst/scd_estimator_inst/pm_second_stage_wrap_inst/p_point_fft/U0/i_synth/axi_wrapper/data_out_channel/gen_non_real_time.fifo/fifo0/fifo_2_reg[39]/Q
                         net (fo=4, routed)           1.342     5.018    pm_top_mux_inst/detection_compare_inst/m_axis_data_tdata[38]
    DSP48_X3Y47          DSP48E1 (Prop_dsp48e1_A[6]_PCOUT[47])
                                                      4.210     9.228 r  pm_top_mux_inst/detection_compare_inst/r_comparison1__5/PCOUT[47]
                         net (fo=1, routed)           0.002     9.230    pm_top_mux_inst/detection_compare_inst/r_comparison1__5_n_106
    DSP48_X3Y48          DSP48E1 (Prop_dsp48e1_PCIN[47]_P[0])
                                                      1.518    10.748 r  pm_top_mux_inst/detection_compare_inst/r_comparison1__6/P[0]
                         net (fo=2, routed)           0.906    11.655    pm_top_mux_inst/detection_compare_inst/r_comparison1__6_n_105
    SLICE_X94Y116        LUT2 (Prop_lut2_I0_O)        0.124    11.779 r  pm_top_mux_inst/detection_compare_inst/i__carry_i_3__2/O
                         net (fo=1, routed)           0.000    11.779    pm_top_mux_inst/detection_compare_inst/i__carry_i_3__2_n_0
    SLICE_X94Y116        CARRY4 (Prop_carry4_S[1]_CO[3])
                                                      0.533    12.312 r  pm_top_mux_inst/detection_compare_inst/r_comparison1_inferred__1/i__carry/CO[3]
                         net (fo=1, routed)           0.000    12.312    pm_top_mux_inst/detection_compare_inst/r_comparison1_inferred__1/i__carry_n_0
    SLICE_X94Y117        CARRY4 (Prop_carry4_CI_CO[3])
                                                      0.117    12.429 r  pm_top_mux_inst/detection_compare_inst/r_comparison1_inferred__1/i__carry__0/CO[3]
                         net (fo=1, routed)           0.000    12.429    pm_top_mux_inst/detection_compare_inst/r_comparison1_inferred__1/i__carry__0_n_0
    SLICE_X94Y118        CARRY4 (Prop_carry4_CI_O[1])
                                                      0.323    12.752 r  pm_top_mux_inst/detection_compare_inst/r_comparison1_inferred__1/i__carry__1/O[1]
                         net (fo=2, routed)           1.241    13.992    pm_top_mux_inst/detection_compare_inst/r_comparison1_inferred__1/i__carry__1_n_6
    SLICE_X67Y117        LUT2 (Prop_lut2_I0_O)        0.306    14.298 r  pm_top_mux_inst/detection_compare_inst/r_comparison0_carry__5_i_3/O
                         net (fo=1, routed)           0.000    14.298    pm_top_mux_inst/detection_compare_inst/r_comparison0_carry__5_i_3_n_0
    SLICE_X67Y117        CARRY4 (Prop_carry4_S[1]_CO[3])
                                                      0.550    14.848 r  pm_top_mux_inst/detection_compare_inst/r_comparison0_carry__5/CO[3]
                         net (fo=1, routed)           0.000    14.848    pm_top_mux_inst/detection_compare_inst/r_comparison0_carry__5_n_0
    SLICE_X67Y118        CARRY4 (Prop_carry4_CI_CO[3])
                                                      0.114    14.962 r  pm_top_mux_inst/detection_compare_inst/r_comparison0_carry__6/CO[3]
                         net (fo=1, routed)           0.000    14.962    pm_top_mux_inst/detection_compare_inst/r_comparison0_carry__6_n_0
    SLICE_X67Y119        CARRY4 (Prop_carry4_CI_CO[3])
                                                      0.114    15.076 r  pm_top_mux_inst/detection_compare_inst/r_comparison0_carry__7/CO[3]
                         net (fo=1, routed)           0.000    15.076    pm_top_mux_inst/detection_compare_inst/r_comparison0_carry__7_n_0
    SLICE_X67Y120        CARRY4 (Prop_carry4_CI_CO[3])
                                                      0.114    15.190 r  pm_top_mux_inst/detection_compare_inst/r_comparison0_carry__8/CO[3]
                         net (fo=1, routed)           0.000    15.190    pm_top_mux_inst/detection_compare_inst/r_comparison0_carry__8_n_0
    SLICE_X67Y121        CARRY4 (Prop_carry4_CI_CO[3])
                                                      0.114    15.304 r  pm_top_mux_inst/detection_compare_inst/r_comparison0_carry__9/CO[3]
                         net (fo=1, routed)           0.000    15.304    pm_top_mux_inst/detection_compare_inst/r_comparison0_carry__9_n_0
    SLICE_X67Y122        CARRY4 (Prop_carry4_CI_CO[3])
                                                      0.114    15.418 r  pm_top_mux_inst/detection_compare_inst/r_comparison0_carry__10/CO[3]
                         net (fo=1, routed)           0.000    15.418    pm_top_mux_inst/detection_compare_inst/r_comparison0_carry__10_n_0
    SLICE_X67Y123        CARRY4 (Prop_carry4_CI_CO[3])
                                                      0.114    15.532 r  pm_top_mux_inst/detection_compare_inst/r_comparison0_carry__11/CO[3]
                         net (fo=1, routed)           0.000    15.532    pm_top_mux_inst/detection_compare_inst/r_comparison0_carry__11_n_0
    SLICE_X67Y124        CARRY4 (Prop_carry4_CI_CO[3])
                                                      0.114    15.646 r  pm_top_mux_inst/detection_compare_inst/r_comparison0_carry__12/CO[3]
                         net (fo=1, routed)           0.009    15.655    pm_top_mux_inst/detection_compare_inst/r_comparison0_carry__12_n_0
    SLICE_X67Y125        CARRY4 (Prop_carry4_CI_O[0])
                                                      0.222    15.877 r  pm_top_mux_inst/detection_compare_inst/r_comparison0_carry__13/O[0]
                         net (fo=2, routed)           1.115    16.993    pm_top_mux_inst/detection_compare_inst/r_comparison0[56]
    SLICE_X66Y118        LUT5 (Prop_lut5_I2_O)        0.299    17.292 r  pm_top_mux_inst/detection_compare_inst/r_detect_counter0_carry__6_i_8/O
                         net (fo=1, routed)           0.000    17.292    pm_top_mux_inst/detection_compare_inst/r_detect_counter0_carry__6_i_8_n_0
    SLICE_X66Y118        CARRY4 (Prop_carry4_S[0]_CO[3])
                                                      0.513    17.805 r  pm_top_mux_inst/detection_compare_inst/r_detect_counter0_carry__6/CO[3]
                         net (fo=1, routed)           0.000    17.805    pm_top_mux_inst/detection_compare_inst/r_detect_counter0_carry__6_n_0
    SLICE_X66Y119        CARRY4 (Prop_carry4_CI_CO[0])
                                                      0.254    18.059 r  pm_top_mux_inst/detection_compare_inst/r_detect_counter0_carry__7/CO[0]
                         net (fo=1, routed)           2.710    20.768    pm_top_mux_inst/pm_top_mux_fsmd_control/r_detect_counter_reg[15][0]
    SLICE_X47Y48         LUT2 (Prop_lut2_I1_O)        0.367    21.135 r  pm_top_mux_inst/pm_top_mux_fsmd_control/r_detect_counter[0]_i_2/O
                         net (fo=16, routed)          2.063    23.199    pm_top_mux_inst/detection_compare_inst/r_detect_counter
    SLICE_X52Y101        FDRE                                         r  pm_top_mux_inst/detection_compare_inst/r_detect_counter_reg[5]/CE
  -------------------------------------------------------------------    -------------------

                         (clock clk_fpga_0 rise edge)
                                                     25.000    25.000 r  
    PS7_X0Y0             PS7                          0.000    25.000 r  comblock_setup_wrapper_inst/comblock_setup_i/processing_system7_0/inst/PS7_i/FCLKCLK[0]
                         net (fo=1, routed)           1.088    26.088    comblock_setup_wrapper_inst/comblock_setup_i/processing_system7_0/inst/FCLK_CLK_unbuffered[0]
    BUFGCTRL_X0Y16       BUFG (Prop_bufg_I_O)         0.091    26.179 r  comblock_setup_wrapper_inst/comblock_setup_i/processing_system7_0/inst/buffer_fclk_clk_0.FCLK_CLK_0_BUFG/O
                         net (fo=31598, routed)       1.641    27.820    pm_top_mux_inst/detection_compare_inst/PS_CLOCK0
    SLICE_X52Y101        FDRE                                         r  pm_top_mux_inst/detection_compare_inst/r_detect_counter_reg[5]/C
                         clock pessimism              0.247    28.067    
                         clock uncertainty           -0.377    27.690    
    SLICE_X52Y101        FDRE (Setup_fdre_C_CE)      -0.205    27.485    pm_top_mux_inst/detection_compare_inst/r_detect_counter_reg[5]
  -------------------------------------------------------------------
                         required time                         27.485    
                         arrival time                         -23.199    
  -------------------------------------------------------------------
                         slack                                  4.287    

Slack (MET) :             4.287ns  (required time - arrival time)
  Source:                 pm_top_mux_inst/scd_estimator_inst/pm_second_stage_wrap_inst/p_point_fft/U0/i_synth/axi_wrapper/data_out_channel/gen_non_real_time.fifo/fifo0/fifo_2_reg[39]/C
                            (rising edge-triggered cell FDRE clocked by clk_fpga_0  {rise@0.000ns fall@12.500ns period=25.000ns})
  Destination:            pm_top_mux_inst/detection_compare_inst/r_detect_counter_reg[6]/CE
                            (rising edge-triggered cell FDRE clocked by clk_fpga_0  {rise@0.000ns fall@12.500ns period=25.000ns})
  Path Group:             clk_fpga_0
  Path Type:              Setup (Max at Slow Process Corner)
  Requirement:            25.000ns  (clk_fpga_0 rise@25.000ns - clk_fpga_0 rise@0.000ns)
  Data Path Delay:        20.001ns  (logic 10.612ns (53.058%)  route 9.389ns (46.942%))
  Logic Levels:           20  (CARRY4=14 DSP48E1=2 LUT2=3 LUT5=1)
  Clock Path Skew:        -0.131ns (DCD - SCD + CPR)
    Destination Clock Delay (DCD):    2.820ns = ( 27.820 - 25.000 ) 
    Source Clock Delay      (SCD):    3.198ns
    Clock Pessimism Removal (CPR):    0.247ns
  Clock Uncertainty:      0.377ns  ((TSJ^2 + TIJ^2)^1/2 + DJ) / 2 + PE
    Total System Jitter     (TSJ):    0.071ns
    Total Input Jitter      (TIJ):    0.750ns
    Discrete Jitter          (DJ):    0.000ns
    Phase Error              (PE):    0.000ns

    Location             Delay type                Incr(ns)  Path(ns)    Netlist Resource(s)
  -------------------------------------------------------------------    -------------------
                         (clock clk_fpga_0 rise edge)
                                                      0.000     0.000 r  
    PS7_X0Y0             PS7                          0.000     0.000 r  comblock_setup_wrapper_inst/comblock_setup_i/processing_system7_0/inst/PS7_i/FCLKCLK[0]
                         net (fo=1, routed)           1.193     1.193    comblock_setup_wrapper_inst/comblock_setup_i/processing_system7_0/inst/FCLK_CLK_unbuffered[0]
    BUFGCTRL_X0Y16       BUFG (Prop_bufg_I_O)         0.101     1.294 r  comblock_setup_wrapper_inst/comblock_setup_i/processing_system7_0/inst/buffer_fclk_clk_0.FCLK_CLK_0_BUFG/O
                         net (fo=31598, routed)       1.904     3.198    pm_top_mux_inst/scd_estimator_inst/pm_second_stage_wrap_inst/p_point_fft/U0/i_synth/axi_wrapper/data_out_channel/gen_non_real_time.fifo/fifo0/aclk
    SLICE_X62Y110        FDRE                                         r  pm_top_mux_inst/scd_estimator_inst/pm_second_stage_wrap_inst/p_point_fft/U0/i_synth/axi_wrapper/data_out_channel/gen_non_real_time.fifo/fifo0/fifo_2_reg[39]/C
  -------------------------------------------------------------------    -------------------
    SLICE_X62Y110        FDRE (Prop_fdre_C_Q)         0.478     3.676 r  pm_top_mux_inst/scd_estimator_inst/pm_second_stage_wrap_inst/p_point_fft/U0/i_synth/axi_wrapper/data_out_channel/gen_non_real_time.fifo/fifo0/fifo_2_reg[39]/Q
                         net (fo=4, routed)           1.342     5.018    pm_top_mux_inst/detection_compare_inst/m_axis_data_tdata[38]
    DSP48_X3Y47          DSP48E1 (Prop_dsp48e1_A[6]_PCOUT[47])
                                                      4.210     9.228 r  pm_top_mux_inst/detection_compare_inst/r_comparison1__5/PCOUT[47]
                         net (fo=1, routed)           0.002     9.230    pm_top_mux_inst/detection_compare_inst/r_comparison1__5_n_106
    DSP48_X3Y48          DSP48E1 (Prop_dsp48e1_PCIN[47]_P[0])
                                                      1.518    10.748 r  pm_top_mux_inst/detection_compare_inst/r_comparison1__6/P[0]
                         net (fo=2, routed)           0.906    11.655    pm_top_mux_inst/detection_compare_inst/r_comparison1__6_n_105
    SLICE_X94Y116        LUT2 (Prop_lut2_I0_O)        0.124    11.779 r  pm_top_mux_inst/detection_compare_inst/i__carry_i_3__2/O
                         net (fo=1, routed)           0.000    11.779    pm_top_mux_inst/detection_compare_inst/i__carry_i_3__2_n_0
    SLICE_X94Y116        CARRY4 (Prop_carry4_S[1]_CO[3])
                                                      0.533    12.312 r  pm_top_mux_inst/detection_compare_inst/r_comparison1_inferred__1/i__carry/CO[3]
                         net (fo=1, routed)           0.000    12.312    pm_top_mux_inst/detection_compare_inst/r_comparison1_inferred__1/i__carry_n_0
    SLICE_X94Y117        CARRY4 (Prop_carry4_CI_CO[3])
                                                      0.117    12.429 r  pm_top_mux_inst/detection_compare_inst/r_comparison1_inferred__1/i__carry__0/CO[3]
                         net (fo=1, routed)           0.000    12.429    pm_top_mux_inst/detection_compare_inst/r_comparison1_inferred__1/i__carry__0_n_0
    SLICE_X94Y118        CARRY4 (Prop_carry4_CI_O[1])
                                                      0.323    12.752 r  pm_top_mux_inst/detection_compare_inst/r_comparison1_inferred__1/i__carry__1/O[1]
                         net (fo=2, routed)           1.241    13.992    pm_top_mux_inst/detection_compare_inst/r_comparison1_inferred__1/i__carry__1_n_6
    SLICE_X67Y117        LUT2 (Prop_lut2_I0_O)        0.306    14.298 r  pm_top_mux_inst/detection_compare_inst/r_comparison0_carry__5_i_3/O
                         net (fo=1, routed)           0.000    14.298    pm_top_mux_inst/detection_compare_inst/r_comparison0_carry__5_i_3_n_0
    SLICE_X67Y117        CARRY4 (Prop_carry4_S[1]_CO[3])
                                                      0.550    14.848 r  pm_top_mux_inst/detection_compare_inst/r_comparison0_carry__5/CO[3]
                         net (fo=1, routed)           0.000    14.848    pm_top_mux_inst/detection_compare_inst/r_comparison0_carry__5_n_0
    SLICE_X67Y118        CARRY4 (Prop_carry4_CI_CO[3])
                                                      0.114    14.962 r  pm_top_mux_inst/detection_compare_inst/r_comparison0_carry__6/CO[3]
                         net (fo=1, routed)           0.000    14.962    pm_top_mux_inst/detection_compare_inst/r_comparison0_carry__6_n_0
    SLICE_X67Y119        CARRY4 (Prop_carry4_CI_CO[3])
                                                      0.114    15.076 r  pm_top_mux_inst/detection_compare_inst/r_comparison0_carry__7/CO[3]
                         net (fo=1, routed)           0.000    15.076    pm_top_mux_inst/detection_compare_inst/r_comparison0_carry__7_n_0
    SLICE_X67Y120        CARRY4 (Prop_carry4_CI_CO[3])
                                                      0.114    15.190 r  pm_top_mux_inst/detection_compare_inst/r_comparison0_carry__8/CO[3]
                         net (fo=1, routed)           0.000    15.190    pm_top_mux_inst/detection_compare_inst/r_comparison0_carry__8_n_0
    SLICE_X67Y121        CARRY4 (Prop_carry4_CI_CO[3])
                                                      0.114    15.304 r  pm_top_mux_inst/detection_compare_inst/r_comparison0_carry__9/CO[3]
                         net (fo=1, routed)           0.000    15.304    pm_top_mux_inst/detection_compare_inst/r_comparison0_carry__9_n_0
    SLICE_X67Y122        CARRY4 (Prop_carry4_CI_CO[3])
                                                      0.114    15.418 r  pm_top_mux_inst/detection_compare_inst/r_comparison0_carry__10/CO[3]
                         net (fo=1, routed)           0.000    15.418    pm_top_mux_inst/detection_compare_inst/r_comparison0_carry__10_n_0
    SLICE_X67Y123        CARRY4 (Prop_carry4_CI_CO[3])
                                                      0.114    15.532 r  pm_top_mux_inst/detection_compare_inst/r_comparison0_carry__11/CO[3]
                         net (fo=1, routed)           0.000    15.532    pm_top_mux_inst/detection_compare_inst/r_comparison0_carry__11_n_0
    SLICE_X67Y124        CARRY4 (Prop_carry4_CI_CO[3])
                                                      0.114    15.646 r  pm_top_mux_inst/detection_compare_inst/r_comparison0_carry__12/CO[3]
                         net (fo=1, routed)           0.009    15.655    pm_top_mux_inst/detection_compare_inst/r_comparison0_carry__12_n_0
    SLICE_X67Y125        CARRY4 (Prop_carry4_CI_O[0])
                                                      0.222    15.877 r  pm_top_mux_inst/detection_compare_inst/r_comparison0_carry__13/O[0]
                         net (fo=2, routed)           1.115    16.993    pm_top_mux_inst/detection_compare_inst/r_comparison0[56]
    SLICE_X66Y118        LUT5 (Prop_lut5_I2_O)        0.299    17.292 r  pm_top_mux_inst/detection_compare_inst/r_detect_counter0_carry__6_i_8/O
                         net (fo=1, routed)           0.000    17.292    pm_top_mux_inst/detection_compare_inst/r_detect_counter0_carry__6_i_8_n_0
    SLICE_X66Y118        CARRY4 (Prop_carry4_S[0]_CO[3])
                                                      0.513    17.805 r  pm_top_mux_inst/detection_compare_inst/r_detect_counter0_carry__6/CO[3]
                         net (fo=1, routed)           0.000    17.805    pm_top_mux_inst/detection_compare_inst/r_detect_counter0_carry__6_n_0
    SLICE_X66Y119        CARRY4 (Prop_carry4_CI_CO[0])
                                                      0.254    18.059 r  pm_top_mux_inst/detection_compare_inst/r_detect_counter0_carry__7/CO[0]
                         net (fo=1, routed)           2.710    20.768    pm_top_mux_inst/pm_top_mux_fsmd_control/r_detect_counter_reg[15][0]
    SLICE_X47Y48         LUT2 (Prop_lut2_I1_O)        0.367    21.135 r  pm_top_mux_inst/pm_top_mux_fsmd_control/r_detect_counter[0]_i_2/O
                         net (fo=16, routed)          2.063    23.199    pm_top_mux_inst/detection_compare_inst/r_detect_counter
    SLICE_X52Y101        FDRE                                         r  pm_top_mux_inst/detection_compare_inst/r_detect_counter_reg[6]/CE
  -------------------------------------------------------------------    -------------------

                         (clock clk_fpga_0 rise edge)
                                                     25.000    25.000 r  
    PS7_X0Y0             PS7                          0.000    25.000 r  comblock_setup_wrapper_inst/comblock_setup_i/processing_system7_0/inst/PS7_i/FCLKCLK[0]
                         net (fo=1, routed)           1.088    26.088    comblock_setup_wrapper_inst/comblock_setup_i/processing_system7_0/inst/FCLK_CLK_unbuffered[0]
    BUFGCTRL_X0Y16       BUFG (Prop_bufg_I_O)         0.091    26.179 r  comblock_setup_wrapper_inst/comblock_setup_i/processing_system7_0/inst/buffer_fclk_clk_0.FCLK_CLK_0_BUFG/O
                         net (fo=31598, routed)       1.641    27.820    pm_top_mux_inst/detection_compare_inst/PS_CLOCK0
    SLICE_X52Y101        FDRE                                         r  pm_top_mux_inst/detection_compare_inst/r_detect_counter_reg[6]/C
                         clock pessimism              0.247    28.067    
                         clock uncertainty           -0.377    27.690    
    SLICE_X52Y101        FDRE (Setup_fdre_C_CE)      -0.205    27.485    pm_top_mux_inst/detection_compare_inst/r_detect_counter_reg[6]
  -------------------------------------------------------------------
                         required time                         27.485    
                         arrival time                         -23.199    
  -------------------------------------------------------------------
                         slack                                  4.287    

Slack (MET) :             4.287ns  (required time - arrival time)
  Source:                 pm_top_mux_inst/scd_estimator_inst/pm_second_stage_wrap_inst/p_point_fft/U0/i_synth/axi_wrapper/data_out_channel/gen_non_real_time.fifo/fifo0/fifo_2_reg[39]/C
                            (rising edge-triggered cell FDRE clocked by clk_fpga_0  {rise@0.000ns fall@12.500ns period=25.000ns})
  Destination:            pm_top_mux_inst/detection_compare_inst/r_detect_counter_reg[7]/CE
                            (rising edge-triggered cell FDRE clocked by clk_fpga_0  {rise@0.000ns fall@12.500ns period=25.000ns})
  Path Group:             clk_fpga_0
  Path Type:              Setup (Max at Slow Process Corner)
  Requirement:            25.000ns  (clk_fpga_0 rise@25.000ns - clk_fpga_0 rise@0.000ns)
  Data Path Delay:        20.001ns  (logic 10.612ns (53.058%)  route 9.389ns (46.942%))
  Logic Levels:           20  (CARRY4=14 DSP48E1=2 LUT2=3 LUT5=1)
  Clock Path Skew:        -0.131ns (DCD - SCD + CPR)
    Destination Clock Delay (DCD):    2.820ns = ( 27.820 - 25.000 ) 
    Source Clock Delay      (SCD):    3.198ns
    Clock Pessimism Removal (CPR):    0.247ns
  Clock Uncertainty:      0.377ns  ((TSJ^2 + TIJ^2)^1/2 + DJ) / 2 + PE
    Total System Jitter     (TSJ):    0.071ns
    Total Input Jitter      (TIJ):    0.750ns
    Discrete Jitter          (DJ):    0.000ns
    Phase Error              (PE):    0.000ns

    Location             Delay type                Incr(ns)  Path(ns)    Netlist Resource(s)
  -------------------------------------------------------------------    -------------------
                         (clock clk_fpga_0 rise edge)
                                                      0.000     0.000 r  
    PS7_X0Y0             PS7                          0.000     0.000 r  comblock_setup_wrapper_inst/comblock_setup_i/processing_system7_0/inst/PS7_i/FCLKCLK[0]
                         net (fo=1, routed)           1.193     1.193    comblock_setup_wrapper_inst/comblock_setup_i/processing_system7_0/inst/FCLK_CLK_unbuffered[0]
    BUFGCTRL_X0Y16       BUFG (Prop_bufg_I_O)         0.101     1.294 r  comblock_setup_wrapper_inst/comblock_setup_i/processing_system7_0/inst/buffer_fclk_clk_0.FCLK_CLK_0_BUFG/O
                         net (fo=31598, routed)       1.904     3.198    pm_top_mux_inst/scd_estimator_inst/pm_second_stage_wrap_inst/p_point_fft/U0/i_synth/axi_wrapper/data_out_channel/gen_non_real_time.fifo/fifo0/aclk
    SLICE_X62Y110        FDRE                                         r  pm_top_mux_inst/scd_estimator_inst/pm_second_stage_wrap_inst/p_point_fft/U0/i_synth/axi_wrapper/data_out_channel/gen_non_real_time.fifo/fifo0/fifo_2_reg[39]/C
  -------------------------------------------------------------------    -------------------
    SLICE_X62Y110        FDRE (Prop_fdre_C_Q)         0.478     3.676 r  pm_top_mux_inst/scd_estimator_inst/pm_second_stage_wrap_inst/p_point_fft/U0/i_synth/axi_wrapper/data_out_channel/gen_non_real_time.fifo/fifo0/fifo_2_reg[39]/Q
                         net (fo=4, routed)           1.342     5.018    pm_top_mux_inst/detection_compare_inst/m_axis_data_tdata[38]
    DSP48_X3Y47          DSP48E1 (Prop_dsp48e1_A[6]_PCOUT[47])
                                                      4.210     9.228 r  pm_top_mux_inst/detection_compare_inst/r_comparison1__5/PCOUT[47]
                         net (fo=1, routed)           0.002     9.230    pm_top_mux_inst/detection_compare_inst/r_comparison1__5_n_106
    DSP48_X3Y48          DSP48E1 (Prop_dsp48e1_PCIN[47]_P[0])
                                                      1.518    10.748 r  pm_top_mux_inst/detection_compare_inst/r_comparison1__6/P[0]
                         net (fo=2, routed)           0.906    11.655    pm_top_mux_inst/detection_compare_inst/r_comparison1__6_n_105
    SLICE_X94Y116        LUT2 (Prop_lut2_I0_O)        0.124    11.779 r  pm_top_mux_inst/detection_compare_inst/i__carry_i_3__2/O
                         net (fo=1, routed)           0.000    11.779    pm_top_mux_inst/detection_compare_inst/i__carry_i_3__2_n_0
    SLICE_X94Y116        CARRY4 (Prop_carry4_S[1]_CO[3])
                                                      0.533    12.312 r  pm_top_mux_inst/detection_compare_inst/r_comparison1_inferred__1/i__carry/CO[3]
                         net (fo=1, routed)           0.000    12.312    pm_top_mux_inst/detection_compare_inst/r_comparison1_inferred__1/i__carry_n_0
    SLICE_X94Y117        CARRY4 (Prop_carry4_CI_CO[3])
                                                      0.117    12.429 r  pm_top_mux_inst/detection_compare_inst/r_comparison1_inferred__1/i__carry__0/CO[3]
                         net (fo=1, routed)           0.000    12.429    pm_top_mux_inst/detection_compare_inst/r_comparison1_inferred__1/i__carry__0_n_0
    SLICE_X94Y118        CARRY4 (Prop_carry4_CI_O[1])
                                                      0.323    12.752 r  pm_top_mux_inst/detection_compare_inst/r_comparison1_inferred__1/i__carry__1/O[1]
                         net (fo=2, routed)           1.241    13.992    pm_top_mux_inst/detection_compare_inst/r_comparison1_inferred__1/i__carry__1_n_6
    SLICE_X67Y117        LUT2 (Prop_lut2_I0_O)        0.306    14.298 r  pm_top_mux_inst/detection_compare_inst/r_comparison0_carry__5_i_3/O
                         net (fo=1, routed)           0.000    14.298    pm_top_mux_inst/detection_compare_inst/r_comparison0_carry__5_i_3_n_0
    SLICE_X67Y117        CARRY4 (Prop_carry4_S[1]_CO[3])
                                                      0.550    14.848 r  pm_top_mux_inst/detection_compare_inst/r_comparison0_carry__5/CO[3]
                         net (fo=1, routed)           0.000    14.848    pm_top_mux_inst/detection_compare_inst/r_comparison0_carry__5_n_0
    SLICE_X67Y118        CARRY4 (Prop_carry4_CI_CO[3])
                                                      0.114    14.962 r  pm_top_mux_inst/detection_compare_inst/r_comparison0_carry__6/CO[3]
                         net (fo=1, routed)           0.000    14.962    pm_top_mux_inst/detection_compare_inst/r_comparison0_carry__6_n_0
    SLICE_X67Y119        CARRY4 (Prop_carry4_CI_CO[3])
                                                      0.114    15.076 r  pm_top_mux_inst/detection_compare_inst/r_comparison0_carry__7/CO[3]
                         net (fo=1, routed)           0.000    15.076    pm_top_mux_inst/detection_compare_inst/r_comparison0_carry__7_n_0
    SLICE_X67Y120        CARRY4 (Prop_carry4_CI_CO[3])
                                                      0.114    15.190 r  pm_top_mux_inst/detection_compare_inst/r_comparison0_carry__8/CO[3]
                         net (fo=1, routed)           0.000    15.190    pm_top_mux_inst/detection_compare_inst/r_comparison0_carry__8_n_0
    SLICE_X67Y121        CARRY4 (Prop_carry4_CI_CO[3])
                                                      0.114    15.304 r  pm_top_mux_inst/detection_compare_inst/r_comparison0_carry__9/CO[3]
                         net (fo=1, routed)           0.000    15.304    pm_top_mux_inst/detection_compare_inst/r_comparison0_carry__9_n_0
    SLICE_X67Y122        CARRY4 (Prop_carry4_CI_CO[3])
                                                      0.114    15.418 r  pm_top_mux_inst/detection_compare_inst/r_comparison0_carry__10/CO[3]
                         net (fo=1, routed)           0.000    15.418    pm_top_mux_inst/detection_compare_inst/r_comparison0_carry__10_n_0
    SLICE_X67Y123        CARRY4 (Prop_carry4_CI_CO[3])
                                                      0.114    15.532 r  pm_top_mux_inst/detection_compare_inst/r_comparison0_carry__11/CO[3]
                         net (fo=1, routed)           0.000    15.532    pm_top_mux_inst/detection_compare_inst/r_comparison0_carry__11_n_0
    SLICE_X67Y124        CARRY4 (Prop_carry4_CI_CO[3])
                                                      0.114    15.646 r  pm_top_mux_inst/detection_compare_inst/r_comparison0_carry__12/CO[3]
                         net (fo=1, routed)           0.009    15.655    pm_top_mux_inst/detection_compare_inst/r_comparison0_carry__12_n_0
    SLICE_X67Y125        CARRY4 (Prop_carry4_CI_O[0])
                                                      0.222    15.877 r  pm_top_mux_inst/detection_compare_inst/r_comparison0_carry__13/O[0]
                         net (fo=2, routed)           1.115    16.993    pm_top_mux_inst/detection_compare_inst/r_comparison0[56]
    SLICE_X66Y118        LUT5 (Prop_lut5_I2_O)        0.299    17.292 r  pm_top_mux_inst/detection_compare_inst/r_detect_counter0_carry__6_i_8/O
                         net (fo=1, routed)           0.000    17.292    pm_top_mux_inst/detection_compare_inst/r_detect_counter0_carry__6_i_8_n_0
    SLICE_X66Y118        CARRY4 (Prop_carry4_S[0]_CO[3])
                                                      0.513    17.805 r  pm_top_mux_inst/detection_compare_inst/r_detect_counter0_carry__6/CO[3]
                         net (fo=1, routed)           0.000    17.805    pm_top_mux_inst/detection_compare_inst/r_detect_counter0_carry__6_n_0
    SLICE_X66Y119        CARRY4 (Prop_carry4_CI_CO[0])
                                                      0.254    18.059 r  pm_top_mux_inst/detection_compare_inst/r_detect_counter0_carry__7/CO[0]
                         net (fo=1, routed)           2.710    20.768    pm_top_mux_inst/pm_top_mux_fsmd_control/r_detect_counter_reg[15][0]
    SLICE_X47Y48         LUT2 (Prop_lut2_I1_O)        0.367    21.135 r  pm_top_mux_inst/pm_top_mux_fsmd_control/r_detect_counter[0]_i_2/O
                         net (fo=16, routed)          2.063    23.199    pm_top_mux_inst/detection_compare_inst/r_detect_counter
    SLICE_X52Y101        FDRE                                         r  pm_top_mux_inst/detection_compare_inst/r_detect_counter_reg[7]/CE
  -------------------------------------------------------------------    -------------------

                         (clock clk_fpga_0 rise edge)
                                                     25.000    25.000 r  
    PS7_X0Y0             PS7                          0.000    25.000 r  comblock_setup_wrapper_inst/comblock_setup_i/processing_system7_0/inst/PS7_i/FCLKCLK[0]
                         net (fo=1, routed)           1.088    26.088    comblock_setup_wrapper_inst/comblock_setup_i/processing_system7_0/inst/FCLK_CLK_unbuffered[0]
    BUFGCTRL_X0Y16       BUFG (Prop_bufg_I_O)         0.091    26.179 r  comblock_setup_wrapper_inst/comblock_setup_i/processing_system7_0/inst/buffer_fclk_clk_0.FCLK_CLK_0_BUFG/O
                         net (fo=31598, routed)       1.641    27.820    pm_top_mux_inst/detection_compare_inst/PS_CLOCK0
    SLICE_X52Y101        FDRE                                         r  pm_top_mux_inst/detection_compare_inst/r_detect_counter_reg[7]/C
                         clock pessimism              0.247    28.067    
                         clock uncertainty           -0.377    27.690    
    SLICE_X52Y101        FDRE (Setup_fdre_C_CE)      -0.205    27.485    pm_top_mux_inst/detection_compare_inst/r_detect_counter_reg[7]
  -------------------------------------------------------------------
                         required time                         27.485    
                         arrival time                         -23.199    
  -------------------------------------------------------------------
                         slack                                  4.287    

Slack (MET) :             4.478ns  (required time - arrival time)
  Source:                 pm_top_mux_inst/scd_estimator_inst/pm_second_stage_wrap_inst/p_point_fft/U0/i_synth/axi_wrapper/data_out_channel/gen_non_real_time.fifo/fifo0/fifo_2_reg[39]/C
                            (rising edge-triggered cell FDRE clocked by clk_fpga_0  {rise@0.000ns fall@12.500ns period=25.000ns})
  Destination:            pm_top_mux_inst/detection_compare_inst/r_detect_counter_reg[0]/CE
                            (rising edge-triggered cell FDRE clocked by clk_fpga_0  {rise@0.000ns fall@12.500ns period=25.000ns})
  Path Group:             clk_fpga_0
  Path Type:              Setup (Max at Slow Process Corner)
  Requirement:            25.000ns  (clk_fpga_0 rise@25.000ns - clk_fpga_0 rise@0.000ns)
  Data Path Delay:        19.809ns  (logic 10.612ns (53.570%)  route 9.197ns (46.430%))
  Logic Levels:           20  (CARRY4=14 DSP48E1=2 LUT2=3 LUT5=1)
  Clock Path Skew:        -0.131ns (DCD - SCD + CPR)
    Destination Clock Delay (DCD):    2.820ns = ( 27.820 - 25.000 ) 
    Source Clock Delay      (SCD):    3.198ns
    Clock Pessimism Removal (CPR):    0.247ns
  Clock Uncertainty:      0.377ns  ((TSJ^2 + TIJ^2)^1/2 + DJ) / 2 + PE
    Total System Jitter     (TSJ):    0.071ns
    Total Input Jitter      (TIJ):    0.750ns
    Discrete Jitter          (DJ):    0.000ns
    Phase Error              (PE):    0.000ns

    Location             Delay type                Incr(ns)  Path(ns)    Netlist Resource(s)
  -------------------------------------------------------------------    -------------------
                         (clock clk_fpga_0 rise edge)
                                                      0.000     0.000 r  
    PS7_X0Y0             PS7                          0.000     0.000 r  comblock_setup_wrapper_inst/comblock_setup_i/processing_system7_0/inst/PS7_i/FCLKCLK[0]
                         net (fo=1, routed)           1.193     1.193    comblock_setup_wrapper_inst/comblock_setup_i/processing_system7_0/inst/FCLK_CLK_unbuffered[0]
    BUFGCTRL_X0Y16       BUFG (Prop_bufg_I_O)         0.101     1.294 r  comblock_setup_wrapper_inst/comblock_setup_i/processing_system7_0/inst/buffer_fclk_clk_0.FCLK_CLK_0_BUFG/O
                         net (fo=31598, routed)       1.904     3.198    pm_top_mux_inst/scd_estimator_inst/pm_second_stage_wrap_inst/p_point_fft/U0/i_synth/axi_wrapper/data_out_channel/gen_non_real_time.fifo/fifo0/aclk
    SLICE_X62Y110        FDRE                                         r  pm_top_mux_inst/scd_estimator_inst/pm_second_stage_wrap_inst/p_point_fft/U0/i_synth/axi_wrapper/data_out_channel/gen_non_real_time.fifo/fifo0/fifo_2_reg[39]/C
  -------------------------------------------------------------------    -------------------
    SLICE_X62Y110        FDRE (Prop_fdre_C_Q)         0.478     3.676 r  pm_top_mux_inst/scd_estimator_inst/pm_second_stage_wrap_inst/p_point_fft/U0/i_synth/axi_wrapper/data_out_channel/gen_non_real_time.fifo/fifo0/fifo_2_reg[39]/Q
                         net (fo=4, routed)           1.342     5.018    pm_top_mux_inst/detection_compare_inst/m_axis_data_tdata[38]
    DSP48_X3Y47          DSP48E1 (Prop_dsp48e1_A[6]_PCOUT[47])
                                                      4.210     9.228 r  pm_top_mux_inst/detection_compare_inst/r_comparison1__5/PCOUT[47]
                         net (fo=1, routed)           0.002     9.230    pm_top_mux_inst/detection_compare_inst/r_comparison1__5_n_106
    DSP48_X3Y48          DSP48E1 (Prop_dsp48e1_PCIN[47]_P[0])
                                                      1.518    10.748 r  pm_top_mux_inst/detection_compare_inst/r_comparison1__6/P[0]
                         net (fo=2, routed)           0.906    11.655    pm_top_mux_inst/detection_compare_inst/r_comparison1__6_n_105
    SLICE_X94Y116        LUT2 (Prop_lut2_I0_O)        0.124    11.779 r  pm_top_mux_inst/detection_compare_inst/i__carry_i_3__2/O
                         net (fo=1, routed)           0.000    11.779    pm_top_mux_inst/detection_compare_inst/i__carry_i_3__2_n_0
    SLICE_X94Y116        CARRY4 (Prop_carry4_S[1]_CO[3])
                                                      0.533    12.312 r  pm_top_mux_inst/detection_compare_inst/r_comparison1_inferred__1/i__carry/CO[3]
                         net (fo=1, routed)           0.000    12.312    pm_top_mux_inst/detection_compare_inst/r_comparison1_inferred__1/i__carry_n_0
    SLICE_X94Y117        CARRY4 (Prop_carry4_CI_CO[3])
                                                      0.117    12.429 r  pm_top_mux_inst/detection_compare_inst/r_comparison1_inferred__1/i__carry__0/CO[3]
                         net (fo=1, routed)           0.000    12.429    pm_top_mux_inst/detection_compare_inst/r_comparison1_inferred__1/i__carry__0_n_0
    SLICE_X94Y118        CARRY4 (Prop_carry4_CI_O[1])
                                                      0.323    12.752 r  pm_top_mux_inst/detection_compare_inst/r_comparison1_inferred__1/i__carry__1/O[1]
                         net (fo=2, routed)           1.241    13.992    pm_top_mux_inst/detection_compare_inst/r_comparison1_inferred__1/i__carry__1_n_6
    SLICE_X67Y117        LUT2 (Prop_lut2_I0_O)        0.306    14.298 r  pm_top_mux_inst/detection_compare_inst/r_comparison0_carry__5_i_3/O
                         net (fo=1, routed)           0.000    14.298    pm_top_mux_inst/detection_compare_inst/r_comparison0_carry__5_i_3_n_0
    SLICE_X67Y117        CARRY4 (Prop_carry4_S[1]_CO[3])
                                                      0.550    14.848 r  pm_top_mux_inst/detection_compare_inst/r_comparison0_carry__5/CO[3]
                         net (fo=1, routed)           0.000    14.848    pm_top_mux_inst/detection_compare_inst/r_comparison0_carry__5_n_0
    SLICE_X67Y118        CARRY4 (Prop_carry4_CI_CO[3])
                                                      0.114    14.962 r  pm_top_mux_inst/detection_compare_inst/r_comparison0_carry__6/CO[3]
                         net (fo=1, routed)           0.000    14.962    pm_top_mux_inst/detection_compare_inst/r_comparison0_carry__6_n_0
    SLICE_X67Y119        CARRY4 (Prop_carry4_CI_CO[3])
                                                      0.114    15.076 r  pm_top_mux_inst/detection_compare_inst/r_comparison0_carry__7/CO[3]
                         net (fo=1, routed)           0.000    15.076    pm_top_mux_inst/detection_compare_inst/r_comparison0_carry__7_n_0
    SLICE_X67Y120        CARRY4 (Prop_carry4_CI_CO[3])
                                                      0.114    15.190 r  pm_top_mux_inst/detection_compare_inst/r_comparison0_carry__8/CO[3]
                         net (fo=1, routed)           0.000    15.190    pm_top_mux_inst/detection_compare_inst/r_comparison0_carry__8_n_0
    SLICE_X67Y121        CARRY4 (Prop_carry4_CI_CO[3])
                                                      0.114    15.304 r  pm_top_mux_inst/detection_compare_inst/r_comparison0_carry__9/CO[3]
                         net (fo=1, routed)           0.000    15.304    pm_top_mux_inst/detection_compare_inst/r_comparison0_carry__9_n_0
    SLICE_X67Y122        CARRY4 (Prop_carry4_CI_CO[3])
                                                      0.114    15.418 r  pm_top_mux_inst/detection_compare_inst/r_comparison0_carry__10/CO[3]
                         net (fo=1, routed)           0.000    15.418    pm_top_mux_inst/detection_compare_inst/r_comparison0_carry__10_n_0
    SLICE_X67Y123        CARRY4 (Prop_carry4_CI_CO[3])
                                                      0.114    15.532 r  pm_top_mux_inst/detection_compare_inst/r_comparison0_carry__11/CO[3]
                         net (fo=1, routed)           0.000    15.532    pm_top_mux_inst/detection_compare_inst/r_comparison0_carry__11_n_0
    SLICE_X67Y124        CARRY4 (Prop_carry4_CI_CO[3])
                                                      0.114    15.646 r  pm_top_mux_inst/detection_compare_inst/r_comparison0_carry__12/CO[3]
                         net (fo=1, routed)           0.009    15.655    pm_top_mux_inst/detection_compare_inst/r_comparison0_carry__12_n_0
    SLICE_X67Y125        CARRY4 (Prop_carry4_CI_O[0])
                                                      0.222    15.877 r  pm_top_mux_inst/detection_compare_inst/r_comparison0_carry__13/O[0]
                         net (fo=2, routed)           1.115    16.993    pm_top_mux_inst/detection_compare_inst/r_comparison0[56]
    SLICE_X66Y118        LUT5 (Prop_lut5_I2_O)        0.299    17.292 r  pm_top_mux_inst/detection_compare_inst/r_detect_counter0_carry__6_i_8/O
                         net (fo=1, routed)           0.000    17.292    pm_top_mux_inst/detection_compare_inst/r_detect_counter0_carry__6_i_8_n_0
    SLICE_X66Y118        CARRY4 (Prop_carry4_S[0]_CO[3])
                                                      0.513    17.805 r  pm_top_mux_inst/detection_compare_inst/r_detect_counter0_carry__6/CO[3]
                         net (fo=1, routed)           0.000    17.805    pm_top_mux_inst/detection_compare_inst/r_detect_counter0_carry__6_n_0
    SLICE_X66Y119        CARRY4 (Prop_carry4_CI_CO[0])
                                                      0.254    18.059 r  pm_top_mux_inst/detection_compare_inst/r_detect_counter0_carry__7/CO[0]
                         net (fo=1, routed)           2.710    20.768    pm_top_mux_inst/pm_top_mux_fsmd_control/r_detect_counter_reg[15][0]
    SLICE_X47Y48         LUT2 (Prop_lut2_I1_O)        0.367    21.135 r  pm_top_mux_inst/pm_top_mux_fsmd_control/r_detect_counter[0]_i_2/O
                         net (fo=16, routed)          1.872    23.007    pm_top_mux_inst/detection_compare_inst/r_detect_counter
    SLICE_X52Y100        FDRE                                         r  pm_top_mux_inst/detection_compare_inst/r_detect_counter_reg[0]/CE
  -------------------------------------------------------------------    -------------------

                         (clock clk_fpga_0 rise edge)
                                                     25.000    25.000 r  
    PS7_X0Y0             PS7                          0.000    25.000 r  comblock_setup_wrapper_inst/comblock_setup_i/processing_system7_0/inst/PS7_i/FCLKCLK[0]
                         net (fo=1, routed)           1.088    26.088    comblock_setup_wrapper_inst/comblock_setup_i/processing_system7_0/inst/FCLK_CLK_unbuffered[0]
    BUFGCTRL_X0Y16       BUFG (Prop_bufg_I_O)         0.091    26.179 r  comblock_setup_wrapper_inst/comblock_setup_i/processing_system7_0/inst/buffer_fclk_clk_0.FCLK_CLK_0_BUFG/O
                         net (fo=31598, routed)       1.641    27.820    pm_top_mux_inst/detection_compare_inst/PS_CLOCK0
    SLICE_X52Y100        FDRE                                         r  pm_top_mux_inst/detection_compare_inst/r_detect_counter_reg[0]/C
                         clock pessimism              0.247    28.067    
                         clock uncertainty           -0.377    27.690    
    SLICE_X52Y100        FDRE (Setup_fdre_C_CE)      -0.205    27.485    pm_top_mux_inst/detection_compare_inst/r_detect_counter_reg[0]
  -------------------------------------------------------------------
                         required time                         27.485    
                         arrival time                         -23.007    
  -------------------------------------------------------------------
                         slack                                  4.478    

Slack (MET) :             4.478ns  (required time - arrival time)
  Source:                 pm_top_mux_inst/scd_estimator_inst/pm_second_stage_wrap_inst/p_point_fft/U0/i_synth/axi_wrapper/data_out_channel/gen_non_real_time.fifo/fifo0/fifo_2_reg[39]/C
                            (rising edge-triggered cell FDRE clocked by clk_fpga_0  {rise@0.000ns fall@12.500ns period=25.000ns})
  Destination:            pm_top_mux_inst/detection_compare_inst/r_detect_counter_reg[10]/CE
                            (rising edge-triggered cell FDRE clocked by clk_fpga_0  {rise@0.000ns fall@12.500ns period=25.000ns})
  Path Group:             clk_fpga_0
  Path Type:              Setup (Max at Slow Process Corner)
  Requirement:            25.000ns  (clk_fpga_0 rise@25.000ns - clk_fpga_0 rise@0.000ns)
  Data Path Delay:        19.809ns  (logic 10.612ns (53.570%)  route 9.197ns (46.430%))
  Logic Levels:           20  (CARRY4=14 DSP48E1=2 LUT2=3 LUT5=1)
  Clock Path Skew:        -0.131ns (DCD - SCD + CPR)
    Destination Clock Delay (DCD):    2.820ns = ( 27.820 - 25.000 ) 
    Source Clock Delay      (SCD):    3.198ns
    Clock Pessimism Removal (CPR):    0.247ns
  Clock Uncertainty:      0.377ns  ((TSJ^2 + TIJ^2)^1/2 + DJ) / 2 + PE
    Total System Jitter     (TSJ):    0.071ns
    Total Input Jitter      (TIJ):    0.750ns
    Discrete Jitter          (DJ):    0.000ns
    Phase Error              (PE):    0.000ns

    Location             Delay type                Incr(ns)  Path(ns)    Netlist Resource(s)
  -------------------------------------------------------------------    -------------------
                         (clock clk_fpga_0 rise edge)
                                                      0.000     0.000 r  
    PS7_X0Y0             PS7                          0.000     0.000 r  comblock_setup_wrapper_inst/comblock_setup_i/processing_system7_0/inst/PS7_i/FCLKCLK[0]
                         net (fo=1, routed)           1.193     1.193    comblock_setup_wrapper_inst/comblock_setup_i/processing_system7_0/inst/FCLK_CLK_unbuffered[0]
    BUFGCTRL_X0Y16       BUFG (Prop_bufg_I_O)         0.101     1.294 r  comblock_setup_wrapper_inst/comblock_setup_i/processing_system7_0/inst/buffer_fclk_clk_0.FCLK_CLK_0_BUFG/O
                         net (fo=31598, routed)       1.904     3.198    pm_top_mux_inst/scd_estimator_inst/pm_second_stage_wrap_inst/p_point_fft/U0/i_synth/axi_wrapper/data_out_channel/gen_non_real_time.fifo/fifo0/aclk
    SLICE_X62Y110        FDRE                                         r  pm_top_mux_inst/scd_estimator_inst/pm_second_stage_wrap_inst/p_point_fft/U0/i_synth/axi_wrapper/data_out_channel/gen_non_real_time.fifo/fifo0/fifo_2_reg[39]/C
  -------------------------------------------------------------------    -------------------
    SLICE_X62Y110        FDRE (Prop_fdre_C_Q)         0.478     3.676 r  pm_top_mux_inst/scd_estimator_inst/pm_second_stage_wrap_inst/p_point_fft/U0/i_synth/axi_wrapper/data_out_channel/gen_non_real_time.fifo/fifo0/fifo_2_reg[39]/Q
                         net (fo=4, routed)           1.342     5.018    pm_top_mux_inst/detection_compare_inst/m_axis_data_tdata[38]
    DSP48_X3Y47          DSP48E1 (Prop_dsp48e1_A[6]_PCOUT[47])
                                                      4.210     9.228 r  pm_top_mux_inst/detection_compare_inst/r_comparison1__5/PCOUT[47]
                         net (fo=1, routed)           0.002     9.230    pm_top_mux_inst/detection_compare_inst/r_comparison1__5_n_106
    DSP48_X3Y48          DSP48E1 (Prop_dsp48e1_PCIN[47]_P[0])
                                                      1.518    10.748 r  pm_top_mux_inst/detection_compare_inst/r_comparison1__6/P[0]
                         net (fo=2, routed)           0.906    11.655    pm_top_mux_inst/detection_compare_inst/r_comparison1__6_n_105
    SLICE_X94Y116        LUT2 (Prop_lut2_I0_O)        0.124    11.779 r  pm_top_mux_inst/detection_compare_inst/i__carry_i_3__2/O
                         net (fo=1, routed)           0.000    11.779    pm_top_mux_inst/detection_compare_inst/i__carry_i_3__2_n_0
    SLICE_X94Y116        CARRY4 (Prop_carry4_S[1]_CO[3])
                                                      0.533    12.312 r  pm_top_mux_inst/detection_compare_inst/r_comparison1_inferred__1/i__carry/CO[3]
                         net (fo=1, routed)           0.000    12.312    pm_top_mux_inst/detection_compare_inst/r_comparison1_inferred__1/i__carry_n_0
    SLICE_X94Y117        CARRY4 (Prop_carry4_CI_CO[3])
                                                      0.117    12.429 r  pm_top_mux_inst/detection_compare_inst/r_comparison1_inferred__1/i__carry__0/CO[3]
                         net (fo=1, routed)           0.000    12.429    pm_top_mux_inst/detection_compare_inst/r_comparison1_inferred__1/i__carry__0_n_0
    SLICE_X94Y118        CARRY4 (Prop_carry4_CI_O[1])
                                                      0.323    12.752 r  pm_top_mux_inst/detection_compare_inst/r_comparison1_inferred__1/i__carry__1/O[1]
                         net (fo=2, routed)           1.241    13.992    pm_top_mux_inst/detection_compare_inst/r_comparison1_inferred__1/i__carry__1_n_6
    SLICE_X67Y117        LUT2 (Prop_lut2_I0_O)        0.306    14.298 r  pm_top_mux_inst/detection_compare_inst/r_comparison0_carry__5_i_3/O
                         net (fo=1, routed)           0.000    14.298    pm_top_mux_inst/detection_compare_inst/r_comparison0_carry__5_i_3_n_0
    SLICE_X67Y117        CARRY4 (Prop_carry4_S[1]_CO[3])
                                                      0.550    14.848 r  pm_top_mux_inst/detection_compare_inst/r_comparison0_carry__5/CO[3]
                         net (fo=1, routed)           0.000    14.848    pm_top_mux_inst/detection_compare_inst/r_comparison0_carry__5_n_0
    SLICE_X67Y118        CARRY4 (Prop_carry4_CI_CO[3])
                                                      0.114    14.962 r  pm_top_mux_inst/detection_compare_inst/r_comparison0_carry__6/CO[3]
                         net (fo=1, routed)           0.000    14.962    pm_top_mux_inst/detection_compare_inst/r_comparison0_carry__6_n_0
    SLICE_X67Y119        CARRY4 (Prop_carry4_CI_CO[3])
                                                      0.114    15.076 r  pm_top_mux_inst/detection_compare_inst/r_comparison0_carry__7/CO[3]
                         net (fo=1, routed)           0.000    15.076    pm_top_mux_inst/detection_compare_inst/r_comparison0_carry__7_n_0
    SLICE_X67Y120        CARRY4 (Prop_carry4_CI_CO[3])
                                                      0.114    15.190 r  pm_top_mux_inst/detection_compare_inst/r_comparison0_carry__8/CO[3]
                         net (fo=1, routed)           0.000    15.190    pm_top_mux_inst/detection_compare_inst/r_comparison0_carry__8_n_0
    SLICE_X67Y121        CARRY4 (Prop_carry4_CI_CO[3])
                                                      0.114    15.304 r  pm_top_mux_inst/detection_compare_inst/r_comparison0_carry__9/CO[3]
                         net (fo=1, routed)           0.000    15.304    pm_top_mux_inst/detection_compare_inst/r_comparison0_carry__9_n_0
    SLICE_X67Y122        CARRY4 (Prop_carry4_CI_CO[3])
                                                      0.114    15.418 r  pm_top_mux_inst/detection_compare_inst/r_comparison0_carry__10/CO[3]
                         net (fo=1, routed)           0.000    15.418    pm_top_mux_inst/detection_compare_inst/r_comparison0_carry__10_n_0
    SLICE_X67Y123        CARRY4 (Prop_carry4_CI_CO[3])
                                                      0.114    15.532 r  pm_top_mux_inst/detection_compare_inst/r_comparison0_carry__11/CO[3]
                         net (fo=1, routed)           0.000    15.532    pm_top_mux_inst/detection_compare_inst/r_comparison0_carry__11_n_0
    SLICE_X67Y124        CARRY4 (Prop_carry4_CI_CO[3])
                                                      0.114    15.646 r  pm_top_mux_inst/detection_compare_inst/r_comparison0_carry__12/CO[3]
                         net (fo=1, routed)           0.009    15.655    pm_top_mux_inst/detection_compare_inst/r_comparison0_carry__12_n_0
    SLICE_X67Y125        CARRY4 (Prop_carry4_CI_O[0])
                                                      0.222    15.877 r  pm_top_mux_inst/detection_compare_inst/r_comparison0_carry__13/O[0]
                         net (fo=2, routed)           1.115    16.993    pm_top_mux_inst/detection_compare_inst/r_comparison0[56]
    SLICE_X66Y118        LUT5 (Prop_lut5_I2_O)        0.299    17.292 r  pm_top_mux_inst/detection_compare_inst/r_detect_counter0_carry__6_i_8/O
                         net (fo=1, routed)           0.000    17.292    pm_top_mux_inst/detection_compare_inst/r_detect_counter0_carry__6_i_8_n_0
    SLICE_X66Y118        CARRY4 (Prop_carry4_S[0]_CO[3])
                                                      0.513    17.805 r  pm_top_mux_inst/detection_compare_inst/r_detect_counter0_carry__6/CO[3]
                         net (fo=1, routed)           0.000    17.805    pm_top_mux_inst/detection_compare_inst/r_detect_counter0_carry__6_n_0
    SLICE_X66Y119        CARRY4 (Prop_carry4_CI_CO[0])
                                                      0.254    18.059 r  pm_top_mux_inst/detection_compare_inst/r_detect_counter0_carry__7/CO[0]
                         net (fo=1, routed)           2.710    20.768    pm_top_mux_inst/pm_top_mux_fsmd_control/r_detect_counter_reg[15][0]
    SLICE_X47Y48         LUT2 (Prop_lut2_I1_O)        0.367    21.135 r  pm_top_mux_inst/pm_top_mux_fsmd_control/r_detect_counter[0]_i_2/O
                         net (fo=16, routed)          1.872    23.007    pm_top_mux_inst/detection_compare_inst/r_detect_counter
    SLICE_X52Y102        FDRE                                         r  pm_top_mux_inst/detection_compare_inst/r_detect_counter_reg[10]/CE
  -------------------------------------------------------------------    -------------------

                         (clock clk_fpga_0 rise edge)
                                                     25.000    25.000 r  
    PS7_X0Y0             PS7                          0.000    25.000 r  comblock_setup_wrapper_inst/comblock_setup_i/processing_system7_0/inst/PS7_i/FCLKCLK[0]
                         net (fo=1, routed)           1.088    26.088    comblock_setup_wrapper_inst/comblock_setup_i/processing_system7_0/inst/FCLK_CLK_unbuffered[0]
    BUFGCTRL_X0Y16       BUFG (Prop_bufg_I_O)         0.091    26.179 r  comblock_setup_wrapper_inst/comblock_setup_i/processing_system7_0/inst/buffer_fclk_clk_0.FCLK_CLK_0_BUFG/O
                         net (fo=31598, routed)       1.641    27.820    pm_top_mux_inst/detection_compare_inst/PS_CLOCK0
    SLICE_X52Y102        FDRE                                         r  pm_top_mux_inst/detection_compare_inst/r_detect_counter_reg[10]/C
                         clock pessimism              0.247    28.067    
                         clock uncertainty           -0.377    27.690    
    SLICE_X52Y102        FDRE (Setup_fdre_C_CE)      -0.205    27.485    pm_top_mux_inst/detection_compare_inst/r_detect_counter_reg[10]
  -------------------------------------------------------------------
                         required time                         27.485    
                         arrival time                         -23.007    
  -------------------------------------------------------------------
                         slack                                  4.478    

Slack (MET) :             4.478ns  (required time - arrival time)
  Source:                 pm_top_mux_inst/scd_estimator_inst/pm_second_stage_wrap_inst/p_point_fft/U0/i_synth/axi_wrapper/data_out_channel/gen_non_real_time.fifo/fifo0/fifo_2_reg[39]/C
                            (rising edge-triggered cell FDRE clocked by clk_fpga_0  {rise@0.000ns fall@12.500ns period=25.000ns})
  Destination:            pm_top_mux_inst/detection_compare_inst/r_detect_counter_reg[11]/CE
                            (rising edge-triggered cell FDRE clocked by clk_fpga_0  {rise@0.000ns fall@12.500ns period=25.000ns})
  Path Group:             clk_fpga_0
  Path Type:              Setup (Max at Slow Process Corner)
  Requirement:            25.000ns  (clk_fpga_0 rise@25.000ns - clk_fpga_0 rise@0.000ns)
  Data Path Delay:        19.809ns  (logic 10.612ns (53.570%)  route 9.197ns (46.430%))
  Logic Levels:           20  (CARRY4=14 DSP48E1=2 LUT2=3 LUT5=1)
  Clock Path Skew:        -0.131ns (DCD - SCD + CPR)
    Destination Clock Delay (DCD):    2.820ns = ( 27.820 - 25.000 ) 
    Source Clock Delay      (SCD):    3.198ns
    Clock Pessimism Removal (CPR):    0.247ns
  Clock Uncertainty:      0.377ns  ((TSJ^2 + TIJ^2)^1/2 + DJ) / 2 + PE
    Total System Jitter     (TSJ):    0.071ns
    Total Input Jitter      (TIJ):    0.750ns
    Discrete Jitter          (DJ):    0.000ns
    Phase Error              (PE):    0.000ns

    Location             Delay type                Incr(ns)  Path(ns)    Netlist Resource(s)
  -------------------------------------------------------------------    -------------------
                         (clock clk_fpga_0 rise edge)
                                                      0.000     0.000 r  
    PS7_X0Y0             PS7                          0.000     0.000 r  comblock_setup_wrapper_inst/comblock_setup_i/processing_system7_0/inst/PS7_i/FCLKCLK[0]
                         net (fo=1, routed)           1.193     1.193    comblock_setup_wrapper_inst/comblock_setup_i/processing_system7_0/inst/FCLK_CLK_unbuffered[0]
    BUFGCTRL_X0Y16       BUFG (Prop_bufg_I_O)         0.101     1.294 r  comblock_setup_wrapper_inst/comblock_setup_i/processing_system7_0/inst/buffer_fclk_clk_0.FCLK_CLK_0_BUFG/O
                         net (fo=31598, routed)       1.904     3.198    pm_top_mux_inst/scd_estimator_inst/pm_second_stage_wrap_inst/p_point_fft/U0/i_synth/axi_wrapper/data_out_channel/gen_non_real_time.fifo/fifo0/aclk
    SLICE_X62Y110        FDRE                                         r  pm_top_mux_inst/scd_estimator_inst/pm_second_stage_wrap_inst/p_point_fft/U0/i_synth/axi_wrapper/data_out_channel/gen_non_real_time.fifo/fifo0/fifo_2_reg[39]/C
  -------------------------------------------------------------------    -------------------
    SLICE_X62Y110        FDRE (Prop_fdre_C_Q)         0.478     3.676 r  pm_top_mux_inst/scd_estimator_inst/pm_second_stage_wrap_inst/p_point_fft/U0/i_synth/axi_wrapper/data_out_channel/gen_non_real_time.fifo/fifo0/fifo_2_reg[39]/Q
                         net (fo=4, routed)           1.342     5.018    pm_top_mux_inst/detection_compare_inst/m_axis_data_tdata[38]
    DSP48_X3Y47          DSP48E1 (Prop_dsp48e1_A[6]_PCOUT[47])
                                                      4.210     9.228 r  pm_top_mux_inst/detection_compare_inst/r_comparison1__5/PCOUT[47]
                         net (fo=1, routed)           0.002     9.230    pm_top_mux_inst/detection_compare_inst/r_comparison1__5_n_106
    DSP48_X3Y48          DSP48E1 (Prop_dsp48e1_PCIN[47]_P[0])
                                                      1.518    10.748 r  pm_top_mux_inst/detection_compare_inst/r_comparison1__6/P[0]
                         net (fo=2, routed)           0.906    11.655    pm_top_mux_inst/detection_compare_inst/r_comparison1__6_n_105
    SLICE_X94Y116        LUT2 (Prop_lut2_I0_O)        0.124    11.779 r  pm_top_mux_inst/detection_compare_inst/i__carry_i_3__2/O
                         net (fo=1, routed)           0.000    11.779    pm_top_mux_inst/detection_compare_inst/i__carry_i_3__2_n_0
    SLICE_X94Y116        CARRY4 (Prop_carry4_S[1]_CO[3])
                                                      0.533    12.312 r  pm_top_mux_inst/detection_compare_inst/r_comparison1_inferred__1/i__carry/CO[3]
                         net (fo=1, routed)           0.000    12.312    pm_top_mux_inst/detection_compare_inst/r_comparison1_inferred__1/i__carry_n_0
    SLICE_X94Y117        CARRY4 (Prop_carry4_CI_CO[3])
                                                      0.117    12.429 r  pm_top_mux_inst/detection_compare_inst/r_comparison1_inferred__1/i__carry__0/CO[3]
                         net (fo=1, routed)           0.000    12.429    pm_top_mux_inst/detection_compare_inst/r_comparison1_inferred__1/i__carry__0_n_0
    SLICE_X94Y118        CARRY4 (Prop_carry4_CI_O[1])
                                                      0.323    12.752 r  pm_top_mux_inst/detection_compare_inst/r_comparison1_inferred__1/i__carry__1/O[1]
                         net (fo=2, routed)           1.241    13.992    pm_top_mux_inst/detection_compare_inst/r_comparison1_inferred__1/i__carry__1_n_6
    SLICE_X67Y117        LUT2 (Prop_lut2_I0_O)        0.306    14.298 r  pm_top_mux_inst/detection_compare_inst/r_comparison0_carry__5_i_3/O
                         net (fo=1, routed)           0.000    14.298    pm_top_mux_inst/detection_compare_inst/r_comparison0_carry__5_i_3_n_0
    SLICE_X67Y117        CARRY4 (Prop_carry4_S[1]_CO[3])
                                                      0.550    14.848 r  pm_top_mux_inst/detection_compare_inst/r_comparison0_carry__5/CO[3]
                         net (fo=1, routed)           0.000    14.848    pm_top_mux_inst/detection_compare_inst/r_comparison0_carry__5_n_0
    SLICE_X67Y118        CARRY4 (Prop_carry4_CI_CO[3])
                                                      0.114    14.962 r  pm_top_mux_inst/detection_compare_inst/r_comparison0_carry__6/CO[3]
                         net (fo=1, routed)           0.000    14.962    pm_top_mux_inst/detection_compare_inst/r_comparison0_carry__6_n_0
    SLICE_X67Y119        CARRY4 (Prop_carry4_CI_CO[3])
                                                      0.114    15.076 r  pm_top_mux_inst/detection_compare_inst/r_comparison0_carry__7/CO[3]
                         net (fo=1, routed)           0.000    15.076    pm_top_mux_inst/detection_compare_inst/r_comparison0_carry__7_n_0
    SLICE_X67Y120        CARRY4 (Prop_carry4_CI_CO[3])
                                                      0.114    15.190 r  pm_top_mux_inst/detection_compare_inst/r_comparison0_carry__8/CO[3]
                         net (fo=1, routed)           0.000    15.190    pm_top_mux_inst/detection_compare_inst/r_comparison0_carry__8_n_0
    SLICE_X67Y121        CARRY4 (Prop_carry4_CI_CO[3])
                                                      0.114    15.304 r  pm_top_mux_inst/detection_compare_inst/r_comparison0_carry__9/CO[3]
                         net (fo=1, routed)           0.000    15.304    pm_top_mux_inst/detection_compare_inst/r_comparison0_carry__9_n_0
    SLICE_X67Y122        CARRY4 (Prop_carry4_CI_CO[3])
                                                      0.114    15.418 r  pm_top_mux_inst/detection_compare_inst/r_comparison0_carry__10/CO[3]
                         net (fo=1, routed)           0.000    15.418    pm_top_mux_inst/detection_compare_inst/r_comparison0_carry__10_n_0
    SLICE_X67Y123        CARRY4 (Prop_carry4_CI_CO[3])
                                                      0.114    15.532 r  pm_top_mux_inst/detection_compare_inst/r_comparison0_carry__11/CO[3]
                         net (fo=1, routed)           0.000    15.532    pm_top_mux_inst/detection_compare_inst/r_comparison0_carry__11_n_0
    SLICE_X67Y124        CARRY4 (Prop_carry4_CI_CO[3])
                                                      0.114    15.646 r  pm_top_mux_inst/detection_compare_inst/r_comparison0_carry__12/CO[3]
                         net (fo=1, routed)           0.009    15.655    pm_top_mux_inst/detection_compare_inst/r_comparison0_carry__12_n_0
    SLICE_X67Y125        CARRY4 (Prop_carry4_CI_O[0])
                                                      0.222    15.877 r  pm_top_mux_inst/detection_compare_inst/r_comparison0_carry__13/O[0]
                         net (fo=2, routed)           1.115    16.993    pm_top_mux_inst/detection_compare_inst/r_comparison0[56]
    SLICE_X66Y118        LUT5 (Prop_lut5_I2_O)        0.299    17.292 r  pm_top_mux_inst/detection_compare_inst/r_detect_counter0_carry__6_i_8/O
                         net (fo=1, routed)           0.000    17.292    pm_top_mux_inst/detection_compare_inst/r_detect_counter0_carry__6_i_8_n_0
    SLICE_X66Y118        CARRY4 (Prop_carry4_S[0]_CO[3])
                                                      0.513    17.805 r  pm_top_mux_inst/detection_compare_inst/r_detect_counter0_carry__6/CO[3]
                         net (fo=1, routed)           0.000    17.805    pm_top_mux_inst/detection_compare_inst/r_detect_counter0_carry__6_n_0
    SLICE_X66Y119        CARRY4 (Prop_carry4_CI_CO[0])
                                                      0.254    18.059 r  pm_top_mux_inst/detection_compare_inst/r_detect_counter0_carry__7/CO[0]
                         net (fo=1, routed)           2.710    20.768    pm_top_mux_inst/pm_top_mux_fsmd_control/r_detect_counter_reg[15][0]
    SLICE_X47Y48         LUT2 (Prop_lut2_I1_O)        0.367    21.135 r  pm_top_mux_inst/pm_top_mux_fsmd_control/r_detect_counter[0]_i_2/O
                         net (fo=16, routed)          1.872    23.007    pm_top_mux_inst/detection_compare_inst/r_detect_counter
    SLICE_X52Y102        FDRE                                         r  pm_top_mux_inst/detection_compare_inst/r_detect_counter_reg[11]/CE
  -------------------------------------------------------------------    -------------------

                         (clock clk_fpga_0 rise edge)
                                                     25.000    25.000 r  
    PS7_X0Y0             PS7                          0.000    25.000 r  comblock_setup_wrapper_inst/comblock_setup_i/processing_system7_0/inst/PS7_i/FCLKCLK[0]
                         net (fo=1, routed)           1.088    26.088    comblock_setup_wrapper_inst/comblock_setup_i/processing_system7_0/inst/FCLK_CLK_unbuffered[0]
    BUFGCTRL_X0Y16       BUFG (Prop_bufg_I_O)         0.091    26.179 r  comblock_setup_wrapper_inst/comblock_setup_i/processing_system7_0/inst/buffer_fclk_clk_0.FCLK_CLK_0_BUFG/O
                         net (fo=31598, routed)       1.641    27.820    pm_top_mux_inst/detection_compare_inst/PS_CLOCK0
    SLICE_X52Y102        FDRE                                         r  pm_top_mux_inst/detection_compare_inst/r_detect_counter_reg[11]/C
                         clock pessimism              0.247    28.067    
                         clock uncertainty           -0.377    27.690    
    SLICE_X52Y102        FDRE (Setup_fdre_C_CE)      -0.205    27.485    pm_top_mux_inst/detection_compare_inst/r_detect_counter_reg[11]
  -------------------------------------------------------------------
                         required time                         27.485    
                         arrival time                         -23.007    
  -------------------------------------------------------------------
                         slack                                  4.478    

Slack (MET) :             4.478ns  (required time - arrival time)
  Source:                 pm_top_mux_inst/scd_estimator_inst/pm_second_stage_wrap_inst/p_point_fft/U0/i_synth/axi_wrapper/data_out_channel/gen_non_real_time.fifo/fifo0/fifo_2_reg[39]/C
                            (rising edge-triggered cell FDRE clocked by clk_fpga_0  {rise@0.000ns fall@12.500ns period=25.000ns})
  Destination:            pm_top_mux_inst/detection_compare_inst/r_detect_counter_reg[1]/CE
                            (rising edge-triggered cell FDRE clocked by clk_fpga_0  {rise@0.000ns fall@12.500ns period=25.000ns})
  Path Group:             clk_fpga_0
  Path Type:              Setup (Max at Slow Process Corner)
  Requirement:            25.000ns  (clk_fpga_0 rise@25.000ns - clk_fpga_0 rise@0.000ns)
  Data Path Delay:        19.809ns  (logic 10.612ns (53.570%)  route 9.197ns (46.430%))
  Logic Levels:           20  (CARRY4=14 DSP48E1=2 LUT2=3 LUT5=1)
  Clock Path Skew:        -0.131ns (DCD - SCD + CPR)
    Destination Clock Delay (DCD):    2.820ns = ( 27.820 - 25.000 ) 
    Source Clock Delay      (SCD):    3.198ns
    Clock Pessimism Removal (CPR):    0.247ns
  Clock Uncertainty:      0.377ns  ((TSJ^2 + TIJ^2)^1/2 + DJ) / 2 + PE
    Total System Jitter     (TSJ):    0.071ns
    Total Input Jitter      (TIJ):    0.750ns
    Discrete Jitter          (DJ):    0.000ns
    Phase Error              (PE):    0.000ns

    Location             Delay type                Incr(ns)  Path(ns)    Netlist Resource(s)
  -------------------------------------------------------------------    -------------------
                         (clock clk_fpga_0 rise edge)
                                                      0.000     0.000 r  
    PS7_X0Y0             PS7                          0.000     0.000 r  comblock_setup_wrapper_inst/comblock_setup_i/processing_system7_0/inst/PS7_i/FCLKCLK[0]
                         net (fo=1, routed)           1.193     1.193    comblock_setup_wrapper_inst/comblock_setup_i/processing_system7_0/inst/FCLK_CLK_unbuffered[0]
    BUFGCTRL_X0Y16       BUFG (Prop_bufg_I_O)         0.101     1.294 r  comblock_setup_wrapper_inst/comblock_setup_i/processing_system7_0/inst/buffer_fclk_clk_0.FCLK_CLK_0_BUFG/O
                         net (fo=31598, routed)       1.904     3.198    pm_top_mux_inst/scd_estimator_inst/pm_second_stage_wrap_inst/p_point_fft/U0/i_synth/axi_wrapper/data_out_channel/gen_non_real_time.fifo/fifo0/aclk
    SLICE_X62Y110        FDRE                                         r  pm_top_mux_inst/scd_estimator_inst/pm_second_stage_wrap_inst/p_point_fft/U0/i_synth/axi_wrapper/data_out_channel/gen_non_real_time.fifo/fifo0/fifo_2_reg[39]/C
  -------------------------------------------------------------------    -------------------
    SLICE_X62Y110        FDRE (Prop_fdre_C_Q)         0.478     3.676 r  pm_top_mux_inst/scd_estimator_inst/pm_second_stage_wrap_inst/p_point_fft/U0/i_synth/axi_wrapper/data_out_channel/gen_non_real_time.fifo/fifo0/fifo_2_reg[39]/Q
                         net (fo=4, routed)           1.342     5.018    pm_top_mux_inst/detection_compare_inst/m_axis_data_tdata[38]
    DSP48_X3Y47          DSP48E1 (Prop_dsp48e1_A[6]_PCOUT[47])
                                                      4.210     9.228 r  pm_top_mux_inst/detection_compare_inst/r_comparison1__5/PCOUT[47]
                         net (fo=1, routed)           0.002     9.230    pm_top_mux_inst/detection_compare_inst/r_comparison1__5_n_106
    DSP48_X3Y48          DSP48E1 (Prop_dsp48e1_PCIN[47]_P[0])
                                                      1.518    10.748 r  pm_top_mux_inst/detection_compare_inst/r_comparison1__6/P[0]
                         net (fo=2, routed)           0.906    11.655    pm_top_mux_inst/detection_compare_inst/r_comparison1__6_n_105
    SLICE_X94Y116        LUT2 (Prop_lut2_I0_O)        0.124    11.779 r  pm_top_mux_inst/detection_compare_inst/i__carry_i_3__2/O
                         net (fo=1, routed)           0.000    11.779    pm_top_mux_inst/detection_compare_inst/i__carry_i_3__2_n_0
    SLICE_X94Y116        CARRY4 (Prop_carry4_S[1]_CO[3])
                                                      0.533    12.312 r  pm_top_mux_inst/detection_compare_inst/r_comparison1_inferred__1/i__carry/CO[3]
                         net (fo=1, routed)           0.000    12.312    pm_top_mux_inst/detection_compare_inst/r_comparison1_inferred__1/i__carry_n_0
    SLICE_X94Y117        CARRY4 (Prop_carry4_CI_CO[3])
                                                      0.117    12.429 r  pm_top_mux_inst/detection_compare_inst/r_comparison1_inferred__1/i__carry__0/CO[3]
                         net (fo=1, routed)           0.000    12.429    pm_top_mux_inst/detection_compare_inst/r_comparison1_inferred__1/i__carry__0_n_0
    SLICE_X94Y118        CARRY4 (Prop_carry4_CI_O[1])
                                                      0.323    12.752 r  pm_top_mux_inst/detection_compare_inst/r_comparison1_inferred__1/i__carry__1/O[1]
                         net (fo=2, routed)           1.241    13.992    pm_top_mux_inst/detection_compare_inst/r_comparison1_inferred__1/i__carry__1_n_6
    SLICE_X67Y117        LUT2 (Prop_lut2_I0_O)        0.306    14.298 r  pm_top_mux_inst/detection_compare_inst/r_comparison0_carry__5_i_3/O
                         net (fo=1, routed)           0.000    14.298    pm_top_mux_inst/detection_compare_inst/r_comparison0_carry__5_i_3_n_0
    SLICE_X67Y117        CARRY4 (Prop_carry4_S[1]_CO[3])
                                                      0.550    14.848 r  pm_top_mux_inst/detection_compare_inst/r_comparison0_carry__5/CO[3]
                         net (fo=1, routed)           0.000    14.848    pm_top_mux_inst/detection_compare_inst/r_comparison0_carry__5_n_0
    SLICE_X67Y118        CARRY4 (Prop_carry4_CI_CO[3])
                                                      0.114    14.962 r  pm_top_mux_inst/detection_compare_inst/r_comparison0_carry__6/CO[3]
                         net (fo=1, routed)           0.000    14.962    pm_top_mux_inst/detection_compare_inst/r_comparison0_carry__6_n_0
    SLICE_X67Y119        CARRY4 (Prop_carry4_CI_CO[3])
                                                      0.114    15.076 r  pm_top_mux_inst/detection_compare_inst/r_comparison0_carry__7/CO[3]
                         net (fo=1, routed)           0.000    15.076    pm_top_mux_inst/detection_compare_inst/r_comparison0_carry__7_n_0
    SLICE_X67Y120        CARRY4 (Prop_carry4_CI_CO[3])
                                                      0.114    15.190 r  pm_top_mux_inst/detection_compare_inst/r_comparison0_carry__8/CO[3]
                         net (fo=1, routed)           0.000    15.190    pm_top_mux_inst/detection_compare_inst/r_comparison0_carry__8_n_0
    SLICE_X67Y121        CARRY4 (Prop_carry4_CI_CO[3])
                                                      0.114    15.304 r  pm_top_mux_inst/detection_compare_inst/r_comparison0_carry__9/CO[3]
                         net (fo=1, routed)           0.000    15.304    pm_top_mux_inst/detection_compare_inst/r_comparison0_carry__9_n_0
    SLICE_X67Y122        CARRY4 (Prop_carry4_CI_CO[3])
                                                      0.114    15.418 r  pm_top_mux_inst/detection_compare_inst/r_comparison0_carry__10/CO[3]
                         net (fo=1, routed)           0.000    15.418    pm_top_mux_inst/detection_compare_inst/r_comparison0_carry__10_n_0
    SLICE_X67Y123        CARRY4 (Prop_carry4_CI_CO[3])
                                                      0.114    15.532 r  pm_top_mux_inst/detection_compare_inst/r_comparison0_carry__11/CO[3]
                         net (fo=1, routed)           0.000    15.532    pm_top_mux_inst/detection_compare_inst/r_comparison0_carry__11_n_0
    SLICE_X67Y124        CARRY4 (Prop_carry4_CI_CO[3])
                                                      0.114    15.646 r  pm_top_mux_inst/detection_compare_inst/r_comparison0_carry__12/CO[3]
                         net (fo=1, routed)           0.009    15.655    pm_top_mux_inst/detection_compare_inst/r_comparison0_carry__12_n_0
    SLICE_X67Y125        CARRY4 (Prop_carry4_CI_O[0])
                                                      0.222    15.877 r  pm_top_mux_inst/detection_compare_inst/r_comparison0_carry__13/O[0]
                         net (fo=2, routed)           1.115    16.993    pm_top_mux_inst/detection_compare_inst/r_comparison0[56]
    SLICE_X66Y118        LUT5 (Prop_lut5_I2_O)        0.299    17.292 r  pm_top_mux_inst/detection_compare_inst/r_detect_counter0_carry__6_i_8/O
                         net (fo=1, routed)           0.000    17.292    pm_top_mux_inst/detection_compare_inst/r_detect_counter0_carry__6_i_8_n_0
    SLICE_X66Y118        CARRY4 (Prop_carry4_S[0]_CO[3])
                                                      0.513    17.805 r  pm_top_mux_inst/detection_compare_inst/r_detect_counter0_carry__6/CO[3]
                         net (fo=1, routed)           0.000    17.805    pm_top_mux_inst/detection_compare_inst/r_detect_counter0_carry__6_n_0
    SLICE_X66Y119        CARRY4 (Prop_carry4_CI_CO[0])
                                                      0.254    18.059 r  pm_top_mux_inst/detection_compare_inst/r_detect_counter0_carry__7/CO[0]
                         net (fo=1, routed)           2.710    20.768    pm_top_mux_inst/pm_top_mux_fsmd_control/r_detect_counter_reg[15][0]
    SLICE_X47Y48         LUT2 (Prop_lut2_I1_O)        0.367    21.135 r  pm_top_mux_inst/pm_top_mux_fsmd_control/r_detect_counter[0]_i_2/O
                         net (fo=16, routed)          1.872    23.007    pm_top_mux_inst/detection_compare_inst/r_detect_counter
    SLICE_X52Y100        FDRE                                         r  pm_top_mux_inst/detection_compare_inst/r_detect_counter_reg[1]/CE
  -------------------------------------------------------------------    -------------------

                         (clock clk_fpga_0 rise edge)
                                                     25.000    25.000 r  
    PS7_X0Y0             PS7                          0.000    25.000 r  comblock_setup_wrapper_inst/comblock_setup_i/processing_system7_0/inst/PS7_i/FCLKCLK[0]
                         net (fo=1, routed)           1.088    26.088    comblock_setup_wrapper_inst/comblock_setup_i/processing_system7_0/inst/FCLK_CLK_unbuffered[0]
    BUFGCTRL_X0Y16       BUFG (Prop_bufg_I_O)         0.091    26.179 r  comblock_setup_wrapper_inst/comblock_setup_i/processing_system7_0/inst/buffer_fclk_clk_0.FCLK_CLK_0_BUFG/O
                         net (fo=31598, routed)       1.641    27.820    pm_top_mux_inst/detection_compare_inst/PS_CLOCK0
    SLICE_X52Y100        FDRE                                         r  pm_top_mux_inst/detection_compare_inst/r_detect_counter_reg[1]/C
                         clock pessimism              0.247    28.067    
                         clock uncertainty           -0.377    27.690    
    SLICE_X52Y100        FDRE (Setup_fdre_C_CE)      -0.205    27.485    pm_top_mux_inst/detection_compare_inst/r_detect_counter_reg[1]
  -------------------------------------------------------------------
                         required time                         27.485    
                         arrival time                         -23.007    
  -------------------------------------------------------------------
                         slack                                  4.478    

Slack (MET) :             4.478ns  (required time - arrival time)
  Source:                 pm_top_mux_inst/scd_estimator_inst/pm_second_stage_wrap_inst/p_point_fft/U0/i_synth/axi_wrapper/data_out_channel/gen_non_real_time.fifo/fifo0/fifo_2_reg[39]/C
                            (rising edge-triggered cell FDRE clocked by clk_fpga_0  {rise@0.000ns fall@12.500ns period=25.000ns})
  Destination:            pm_top_mux_inst/detection_compare_inst/r_detect_counter_reg[2]/CE
                            (rising edge-triggered cell FDRE clocked by clk_fpga_0  {rise@0.000ns fall@12.500ns period=25.000ns})
  Path Group:             clk_fpga_0
  Path Type:              Setup (Max at Slow Process Corner)
  Requirement:            25.000ns  (clk_fpga_0 rise@25.000ns - clk_fpga_0 rise@0.000ns)
  Data Path Delay:        19.809ns  (logic 10.612ns (53.570%)  route 9.197ns (46.430%))
  Logic Levels:           20  (CARRY4=14 DSP48E1=2 LUT2=3 LUT5=1)
  Clock Path Skew:        -0.131ns (DCD - SCD + CPR)
    Destination Clock Delay (DCD):    2.820ns = ( 27.820 - 25.000 ) 
    Source Clock Delay      (SCD):    3.198ns
    Clock Pessimism Removal (CPR):    0.247ns
  Clock Uncertainty:      0.377ns  ((TSJ^2 + TIJ^2)^1/2 + DJ) / 2 + PE
    Total System Jitter     (TSJ):    0.071ns
    Total Input Jitter      (TIJ):    0.750ns
    Discrete Jitter          (DJ):    0.000ns
    Phase Error              (PE):    0.000ns

    Location             Delay type                Incr(ns)  Path(ns)    Netlist Resource(s)
  -------------------------------------------------------------------    -------------------
                         (clock clk_fpga_0 rise edge)
                                                      0.000     0.000 r  
    PS7_X0Y0             PS7                          0.000     0.000 r  comblock_setup_wrapper_inst/comblock_setup_i/processing_system7_0/inst/PS7_i/FCLKCLK[0]
                         net (fo=1, routed)           1.193     1.193    comblock_setup_wrapper_inst/comblock_setup_i/processing_system7_0/inst/FCLK_CLK_unbuffered[0]
    BUFGCTRL_X0Y16       BUFG (Prop_bufg_I_O)         0.101     1.294 r  comblock_setup_wrapper_inst/comblock_setup_i/processing_system7_0/inst/buffer_fclk_clk_0.FCLK_CLK_0_BUFG/O
                         net (fo=31598, routed)       1.904     3.198    pm_top_mux_inst/scd_estimator_inst/pm_second_stage_wrap_inst/p_point_fft/U0/i_synth/axi_wrapper/data_out_channel/gen_non_real_time.fifo/fifo0/aclk
    SLICE_X62Y110        FDRE                                         r  pm_top_mux_inst/scd_estimator_inst/pm_second_stage_wrap_inst/p_point_fft/U0/i_synth/axi_wrapper/data_out_channel/gen_non_real_time.fifo/fifo0/fifo_2_reg[39]/C
  -------------------------------------------------------------------    -------------------
    SLICE_X62Y110        FDRE (Prop_fdre_C_Q)         0.478     3.676 r  pm_top_mux_inst/scd_estimator_inst/pm_second_stage_wrap_inst/p_point_fft/U0/i_synth/axi_wrapper/data_out_channel/gen_non_real_time.fifo/fifo0/fifo_2_reg[39]/Q
                         net (fo=4, routed)           1.342     5.018    pm_top_mux_inst/detection_compare_inst/m_axis_data_tdata[38]
    DSP48_X3Y47          DSP48E1 (Prop_dsp48e1_A[6]_PCOUT[47])
                                                      4.210     9.228 r  pm_top_mux_inst/detection_compare_inst/r_comparison1__5/PCOUT[47]
                         net (fo=1, routed)           0.002     9.230    pm_top_mux_inst/detection_compare_inst/r_comparison1__5_n_106
    DSP48_X3Y48          DSP48E1 (Prop_dsp48e1_PCIN[47]_P[0])
                                                      1.518    10.748 r  pm_top_mux_inst/detection_compare_inst/r_comparison1__6/P[0]
                         net (fo=2, routed)           0.906    11.655    pm_top_mux_inst/detection_compare_inst/r_comparison1__6_n_105
    SLICE_X94Y116        LUT2 (Prop_lut2_I0_O)        0.124    11.779 r  pm_top_mux_inst/detection_compare_inst/i__carry_i_3__2/O
                         net (fo=1, routed)           0.000    11.779    pm_top_mux_inst/detection_compare_inst/i__carry_i_3__2_n_0
    SLICE_X94Y116        CARRY4 (Prop_carry4_S[1]_CO[3])
                                                      0.533    12.312 r  pm_top_mux_inst/detection_compare_inst/r_comparison1_inferred__1/i__carry/CO[3]
                         net (fo=1, routed)           0.000    12.312    pm_top_mux_inst/detection_compare_inst/r_comparison1_inferred__1/i__carry_n_0
    SLICE_X94Y117        CARRY4 (Prop_carry4_CI_CO[3])
                                                      0.117    12.429 r  pm_top_mux_inst/detection_compare_inst/r_comparison1_inferred__1/i__carry__0/CO[3]
                         net (fo=1, routed)           0.000    12.429    pm_top_mux_inst/detection_compare_inst/r_comparison1_inferred__1/i__carry__0_n_0
    SLICE_X94Y118        CARRY4 (Prop_carry4_CI_O[1])
                                                      0.323    12.752 r  pm_top_mux_inst/detection_compare_inst/r_comparison1_inferred__1/i__carry__1/O[1]
                         net (fo=2, routed)           1.241    13.992    pm_top_mux_inst/detection_compare_inst/r_comparison1_inferred__1/i__carry__1_n_6
    SLICE_X67Y117        LUT2 (Prop_lut2_I0_O)        0.306    14.298 r  pm_top_mux_inst/detection_compare_inst/r_comparison0_carry__5_i_3/O
                         net (fo=1, routed)           0.000    14.298    pm_top_mux_inst/detection_compare_inst/r_comparison0_carry__5_i_3_n_0
    SLICE_X67Y117        CARRY4 (Prop_carry4_S[1]_CO[3])
                                                      0.550    14.848 r  pm_top_mux_inst/detection_compare_inst/r_comparison0_carry__5/CO[3]
                         net (fo=1, routed)           0.000    14.848    pm_top_mux_inst/detection_compare_inst/r_comparison0_carry__5_n_0
    SLICE_X67Y118        CARRY4 (Prop_carry4_CI_CO[3])
                                                      0.114    14.962 r  pm_top_mux_inst/detection_compare_inst/r_comparison0_carry__6/CO[3]
                         net (fo=1, routed)           0.000    14.962    pm_top_mux_inst/detection_compare_inst/r_comparison0_carry__6_n_0
    SLICE_X67Y119        CARRY4 (Prop_carry4_CI_CO[3])
                                                      0.114    15.076 r  pm_top_mux_inst/detection_compare_inst/r_comparison0_carry__7/CO[3]
                         net (fo=1, routed)           0.000    15.076    pm_top_mux_inst/detection_compare_inst/r_comparison0_carry__7_n_0
    SLICE_X67Y120        CARRY4 (Prop_carry4_CI_CO[3])
                                                      0.114    15.190 r  pm_top_mux_inst/detection_compare_inst/r_comparison0_carry__8/CO[3]
                         net (fo=1, routed)           0.000    15.190    pm_top_mux_inst/detection_compare_inst/r_comparison0_carry__8_n_0
    SLICE_X67Y121        CARRY4 (Prop_carry4_CI_CO[3])
                                                      0.114    15.304 r  pm_top_mux_inst/detection_compare_inst/r_comparison0_carry__9/CO[3]
                         net (fo=1, routed)           0.000    15.304    pm_top_mux_inst/detection_compare_inst/r_comparison0_carry__9_n_0
    SLICE_X67Y122        CARRY4 (Prop_carry4_CI_CO[3])
                                                      0.114    15.418 r  pm_top_mux_inst/detection_compare_inst/r_comparison0_carry__10/CO[3]
                         net (fo=1, routed)           0.000    15.418    pm_top_mux_inst/detection_compare_inst/r_comparison0_carry__10_n_0
    SLICE_X67Y123        CARRY4 (Prop_carry4_CI_CO[3])
                                                      0.114    15.532 r  pm_top_mux_inst/detection_compare_inst/r_comparison0_carry__11/CO[3]
                         net (fo=1, routed)           0.000    15.532    pm_top_mux_inst/detection_compare_inst/r_comparison0_carry__11_n_0
    SLICE_X67Y124        CARRY4 (Prop_carry4_CI_CO[3])
                                                      0.114    15.646 r  pm_top_mux_inst/detection_compare_inst/r_comparison0_carry__12/CO[3]
                         net (fo=1, routed)           0.009    15.655    pm_top_mux_inst/detection_compare_inst/r_comparison0_carry__12_n_0
    SLICE_X67Y125        CARRY4 (Prop_carry4_CI_O[0])
                                                      0.222    15.877 r  pm_top_mux_inst/detection_compare_inst/r_comparison0_carry__13/O[0]
                         net (fo=2, routed)           1.115    16.993    pm_top_mux_inst/detection_compare_inst/r_comparison0[56]
    SLICE_X66Y118        LUT5 (Prop_lut5_I2_O)        0.299    17.292 r  pm_top_mux_inst/detection_compare_inst/r_detect_counter0_carry__6_i_8/O
                         net (fo=1, routed)           0.000    17.292    pm_top_mux_inst/detection_compare_inst/r_detect_counter0_carry__6_i_8_n_0
    SLICE_X66Y118        CARRY4 (Prop_carry4_S[0]_CO[3])
                                                      0.513    17.805 r  pm_top_mux_inst/detection_compare_inst/r_detect_counter0_carry__6/CO[3]
                         net (fo=1, routed)           0.000    17.805    pm_top_mux_inst/detection_compare_inst/r_detect_counter0_carry__6_n_0
    SLICE_X66Y119        CARRY4 (Prop_carry4_CI_CO[0])
                                                      0.254    18.059 r  pm_top_mux_inst/detection_compare_inst/r_detect_counter0_carry__7/CO[0]
                         net (fo=1, routed)           2.710    20.768    pm_top_mux_inst/pm_top_mux_fsmd_control/r_detect_counter_reg[15][0]
    SLICE_X47Y48         LUT2 (Prop_lut2_I1_O)        0.367    21.135 r  pm_top_mux_inst/pm_top_mux_fsmd_control/r_detect_counter[0]_i_2/O
                         net (fo=16, routed)          1.872    23.007    pm_top_mux_inst/detection_compare_inst/r_detect_counter
    SLICE_X52Y100        FDRE                                         r  pm_top_mux_inst/detection_compare_inst/r_detect_counter_reg[2]/CE
  -------------------------------------------------------------------    -------------------

                         (clock clk_fpga_0 rise edge)
                                                     25.000    25.000 r  
    PS7_X0Y0             PS7                          0.000    25.000 r  comblock_setup_wrapper_inst/comblock_setup_i/processing_system7_0/inst/PS7_i/FCLKCLK[0]
                         net (fo=1, routed)           1.088    26.088    comblock_setup_wrapper_inst/comblock_setup_i/processing_system7_0/inst/FCLK_CLK_unbuffered[0]
    BUFGCTRL_X0Y16       BUFG (Prop_bufg_I_O)         0.091    26.179 r  comblock_setup_wrapper_inst/comblock_setup_i/processing_system7_0/inst/buffer_fclk_clk_0.FCLK_CLK_0_BUFG/O
                         net (fo=31598, routed)       1.641    27.820    pm_top_mux_inst/detection_compare_inst/PS_CLOCK0
    SLICE_X52Y100        FDRE                                         r  pm_top_mux_inst/detection_compare_inst/r_detect_counter_reg[2]/C
                         clock pessimism              0.247    28.067    
                         clock uncertainty           -0.377    27.690    
    SLICE_X52Y100        FDRE (Setup_fdre_C_CE)      -0.205    27.485    pm_top_mux_inst/detection_compare_inst/r_detect_counter_reg[2]
  -------------------------------------------------------------------
                         required time                         27.485    
                         arrival time                         -23.007    
  -------------------------------------------------------------------
                         slack                                  4.478    

Slack (MET) :             4.478ns  (required time - arrival time)
  Source:                 pm_top_mux_inst/scd_estimator_inst/pm_second_stage_wrap_inst/p_point_fft/U0/i_synth/axi_wrapper/data_out_channel/gen_non_real_time.fifo/fifo0/fifo_2_reg[39]/C
                            (rising edge-triggered cell FDRE clocked by clk_fpga_0  {rise@0.000ns fall@12.500ns period=25.000ns})
  Destination:            pm_top_mux_inst/detection_compare_inst/r_detect_counter_reg[3]/CE
                            (rising edge-triggered cell FDRE clocked by clk_fpga_0  {rise@0.000ns fall@12.500ns period=25.000ns})
  Path Group:             clk_fpga_0
  Path Type:              Setup (Max at Slow Process Corner)
  Requirement:            25.000ns  (clk_fpga_0 rise@25.000ns - clk_fpga_0 rise@0.000ns)
  Data Path Delay:        19.809ns  (logic 10.612ns (53.570%)  route 9.197ns (46.430%))
  Logic Levels:           20  (CARRY4=14 DSP48E1=2 LUT2=3 LUT5=1)
  Clock Path Skew:        -0.131ns (DCD - SCD + CPR)
    Destination Clock Delay (DCD):    2.820ns = ( 27.820 - 25.000 ) 
    Source Clock Delay      (SCD):    3.198ns
    Clock Pessimism Removal (CPR):    0.247ns
  Clock Uncertainty:      0.377ns  ((TSJ^2 + TIJ^2)^1/2 + DJ) / 2 + PE
    Total System Jitter     (TSJ):    0.071ns
    Total Input Jitter      (TIJ):    0.750ns
    Discrete Jitter          (DJ):    0.000ns
    Phase Error              (PE):    0.000ns

    Location             Delay type                Incr(ns)  Path(ns)    Netlist Resource(s)
  -------------------------------------------------------------------    -------------------
                         (clock clk_fpga_0 rise edge)
                                                      0.000     0.000 r  
    PS7_X0Y0             PS7                          0.000     0.000 r  comblock_setup_wrapper_inst/comblock_setup_i/processing_system7_0/inst/PS7_i/FCLKCLK[0]
                         net (fo=1, routed)           1.193     1.193    comblock_setup_wrapper_inst/comblock_setup_i/processing_system7_0/inst/FCLK_CLK_unbuffered[0]
    BUFGCTRL_X0Y16       BUFG (Prop_bufg_I_O)         0.101     1.294 r  comblock_setup_wrapper_inst/comblock_setup_i/processing_system7_0/inst/buffer_fclk_clk_0.FCLK_CLK_0_BUFG/O
                         net (fo=31598, routed)       1.904     3.198    pm_top_mux_inst/scd_estimator_inst/pm_second_stage_wrap_inst/p_point_fft/U0/i_synth/axi_wrapper/data_out_channel/gen_non_real_time.fifo/fifo0/aclk
    SLICE_X62Y110        FDRE                                         r  pm_top_mux_inst/scd_estimator_inst/pm_second_stage_wrap_inst/p_point_fft/U0/i_synth/axi_wrapper/data_out_channel/gen_non_real_time.fifo/fifo0/fifo_2_reg[39]/C
  -------------------------------------------------------------------    -------------------
    SLICE_X62Y110        FDRE (Prop_fdre_C_Q)         0.478     3.676 r  pm_top_mux_inst/scd_estimator_inst/pm_second_stage_wrap_inst/p_point_fft/U0/i_synth/axi_wrapper/data_out_channel/gen_non_real_time.fifo/fifo0/fifo_2_reg[39]/Q
                         net (fo=4, routed)           1.342     5.018    pm_top_mux_inst/detection_compare_inst/m_axis_data_tdata[38]
    DSP48_X3Y47          DSP48E1 (Prop_dsp48e1_A[6]_PCOUT[47])
                                                      4.210     9.228 r  pm_top_mux_inst/detection_compare_inst/r_comparison1__5/PCOUT[47]
                         net (fo=1, routed)           0.002     9.230    pm_top_mux_inst/detection_compare_inst/r_comparison1__5_n_106
    DSP48_X3Y48          DSP48E1 (Prop_dsp48e1_PCIN[47]_P[0])
                                                      1.518    10.748 r  pm_top_mux_inst/detection_compare_inst/r_comparison1__6/P[0]
                         net (fo=2, routed)           0.906    11.655    pm_top_mux_inst/detection_compare_inst/r_comparison1__6_n_105
    SLICE_X94Y116        LUT2 (Prop_lut2_I0_O)        0.124    11.779 r  pm_top_mux_inst/detection_compare_inst/i__carry_i_3__2/O
                         net (fo=1, routed)           0.000    11.779    pm_top_mux_inst/detection_compare_inst/i__carry_i_3__2_n_0
    SLICE_X94Y116        CARRY4 (Prop_carry4_S[1]_CO[3])
                                                      0.533    12.312 r  pm_top_mux_inst/detection_compare_inst/r_comparison1_inferred__1/i__carry/CO[3]
                         net (fo=1, routed)           0.000    12.312    pm_top_mux_inst/detection_compare_inst/r_comparison1_inferred__1/i__carry_n_0
    SLICE_X94Y117        CARRY4 (Prop_carry4_CI_CO[3])
                                                      0.117    12.429 r  pm_top_mux_inst/detection_compare_inst/r_comparison1_inferred__1/i__carry__0/CO[3]
                         net (fo=1, routed)           0.000    12.429    pm_top_mux_inst/detection_compare_inst/r_comparison1_inferred__1/i__carry__0_n_0
    SLICE_X94Y118        CARRY4 (Prop_carry4_CI_O[1])
                                                      0.323    12.752 r  pm_top_mux_inst/detection_compare_inst/r_comparison1_inferred__1/i__carry__1/O[1]
                         net (fo=2, routed)           1.241    13.992    pm_top_mux_inst/detection_compare_inst/r_comparison1_inferred__1/i__carry__1_n_6
    SLICE_X67Y117        LUT2 (Prop_lut2_I0_O)        0.306    14.298 r  pm_top_mux_inst/detection_compare_inst/r_comparison0_carry__5_i_3/O
                         net (fo=1, routed)           0.000    14.298    pm_top_mux_inst/detection_compare_inst/r_comparison0_carry__5_i_3_n_0
    SLICE_X67Y117        CARRY4 (Prop_carry4_S[1]_CO[3])
                                                      0.550    14.848 r  pm_top_mux_inst/detection_compare_inst/r_comparison0_carry__5/CO[3]
                         net (fo=1, routed)           0.000    14.848    pm_top_mux_inst/detection_compare_inst/r_comparison0_carry__5_n_0
    SLICE_X67Y118        CARRY4 (Prop_carry4_CI_CO[3])
                                                      0.114    14.962 r  pm_top_mux_inst/detection_compare_inst/r_comparison0_carry__6/CO[3]
                         net (fo=1, routed)           0.000    14.962    pm_top_mux_inst/detection_compare_inst/r_comparison0_carry__6_n_0
    SLICE_X67Y119        CARRY4 (Prop_carry4_CI_CO[3])
                                                      0.114    15.076 r  pm_top_mux_inst/detection_compare_inst/r_comparison0_carry__7/CO[3]
                         net (fo=1, routed)           0.000    15.076    pm_top_mux_inst/detection_compare_inst/r_comparison0_carry__7_n_0
    SLICE_X67Y120        CARRY4 (Prop_carry4_CI_CO[3])
                                                      0.114    15.190 r  pm_top_mux_inst/detection_compare_inst/r_comparison0_carry__8/CO[3]
                         net (fo=1, routed)           0.000    15.190    pm_top_mux_inst/detection_compare_inst/r_comparison0_carry__8_n_0
    SLICE_X67Y121        CARRY4 (Prop_carry4_CI_CO[3])
                                                      0.114    15.304 r  pm_top_mux_inst/detection_compare_inst/r_comparison0_carry__9/CO[3]
                         net (fo=1, routed)           0.000    15.304    pm_top_mux_inst/detection_compare_inst/r_comparison0_carry__9_n_0
    SLICE_X67Y122        CARRY4 (Prop_carry4_CI_CO[3])
                                                      0.114    15.418 r  pm_top_mux_inst/detection_compare_inst/r_comparison0_carry__10/CO[3]
                         net (fo=1, routed)           0.000    15.418    pm_top_mux_inst/detection_compare_inst/r_comparison0_carry__10_n_0
    SLICE_X67Y123        CARRY4 (Prop_carry4_CI_CO[3])
                                                      0.114    15.532 r  pm_top_mux_inst/detection_compare_inst/r_comparison0_carry__11/CO[3]
                         net (fo=1, routed)           0.000    15.532    pm_top_mux_inst/detection_compare_inst/r_comparison0_carry__11_n_0
    SLICE_X67Y124        CARRY4 (Prop_carry4_CI_CO[3])
                                                      0.114    15.646 r  pm_top_mux_inst/detection_compare_inst/r_comparison0_carry__12/CO[3]
                         net (fo=1, routed)           0.009    15.655    pm_top_mux_inst/detection_compare_inst/r_comparison0_carry__12_n_0
    SLICE_X67Y125        CARRY4 (Prop_carry4_CI_O[0])
                                                      0.222    15.877 r  pm_top_mux_inst/detection_compare_inst/r_comparison0_carry__13/O[0]
                         net (fo=2, routed)           1.115    16.993    pm_top_mux_inst/detection_compare_inst/r_comparison0[56]
    SLICE_X66Y118        LUT5 (Prop_lut5_I2_O)        0.299    17.292 r  pm_top_mux_inst/detection_compare_inst/r_detect_counter0_carry__6_i_8/O
                         net (fo=1, routed)           0.000    17.292    pm_top_mux_inst/detection_compare_inst/r_detect_counter0_carry__6_i_8_n_0
    SLICE_X66Y118        CARRY4 (Prop_carry4_S[0]_CO[3])
                                                      0.513    17.805 r  pm_top_mux_inst/detection_compare_inst/r_detect_counter0_carry__6/CO[3]
                         net (fo=1, routed)           0.000    17.805    pm_top_mux_inst/detection_compare_inst/r_detect_counter0_carry__6_n_0
    SLICE_X66Y119        CARRY4 (Prop_carry4_CI_CO[0])
                                                      0.254    18.059 r  pm_top_mux_inst/detection_compare_inst/r_detect_counter0_carry__7/CO[0]
                         net (fo=1, routed)           2.710    20.768    pm_top_mux_inst/pm_top_mux_fsmd_control/r_detect_counter_reg[15][0]
    SLICE_X47Y48         LUT2 (Prop_lut2_I1_O)        0.367    21.135 r  pm_top_mux_inst/pm_top_mux_fsmd_control/r_detect_counter[0]_i_2/O
                         net (fo=16, routed)          1.872    23.007    pm_top_mux_inst/detection_compare_inst/r_detect_counter
    SLICE_X52Y100        FDRE                                         r  pm_top_mux_inst/detection_compare_inst/r_detect_counter_reg[3]/CE
  -------------------------------------------------------------------    -------------------

                         (clock clk_fpga_0 rise edge)
                                                     25.000    25.000 r  
    PS7_X0Y0             PS7                          0.000    25.000 r  comblock_setup_wrapper_inst/comblock_setup_i/processing_system7_0/inst/PS7_i/FCLKCLK[0]
                         net (fo=1, routed)           1.088    26.088    comblock_setup_wrapper_inst/comblock_setup_i/processing_system7_0/inst/FCLK_CLK_unbuffered[0]
    BUFGCTRL_X0Y16       BUFG (Prop_bufg_I_O)         0.091    26.179 r  comblock_setup_wrapper_inst/comblock_setup_i/processing_system7_0/inst/buffer_fclk_clk_0.FCLK_CLK_0_BUFG/O
                         net (fo=31598, routed)       1.641    27.820    pm_top_mux_inst/detection_compare_inst/PS_CLOCK0
    SLICE_X52Y100        FDRE                                         r  pm_top_mux_inst/detection_compare_inst/r_detect_counter_reg[3]/C
                         clock pessimism              0.247    28.067    
                         clock uncertainty           -0.377    27.690    
    SLICE_X52Y100        FDRE (Setup_fdre_C_CE)      -0.205    27.485    pm_top_mux_inst/detection_compare_inst/r_detect_counter_reg[3]
  -------------------------------------------------------------------
                         required time                         27.485    
                         arrival time                         -23.007    
  -------------------------------------------------------------------
                         slack                                  4.478    





Min Delay Paths
--------------------------------------------------------------------------------------
Slack (MET) :             0.026ns  (arrival time - required time)
  Source:                 pm_top_mux_inst/scd_estimator_inst/pm_second_stage_wrap_inst/p_point_fft/U0/i_synth/xfft_inst/non_floating_point.arch_d.xfft_inst/pe_gen[2].natural_order_input.PE/rounding.ROUND_1/gated_incr_regs[27].ff/C
                            (rising edge-triggered cell FDRE clocked by clk_fpga_0  {rise@0.000ns fall@12.500ns period=25.000ns})
  Destination:            pm_top_mux_inst/scd_estimator_inst/pm_second_stage_wrap_inst/p_point_fft/U0/i_synth/xfft_inst/non_floating_point.arch_d.xfft_inst/pe_gen[3].natural_order_input.PE/FW_1.BF_1/in_commutator_B/no_sclr_lut.depth1_shift_ram.without_sclr.Qsr_reg[27]/D
                            (rising edge-triggered cell FDRE clocked by clk_fpga_0  {rise@0.000ns fall@12.500ns period=25.000ns})
  Path Group:             clk_fpga_0
  Path Type:              Hold (Min at Fast Process Corner)
  Requirement:            0.000ns  (clk_fpga_0 rise@0.000ns - clk_fpga_0 rise@0.000ns)
  Data Path Delay:        0.363ns  (logic 0.141ns (38.880%)  route 0.222ns (61.120%))
  Logic Levels:           0  
  Clock Path Skew:        0.260ns (DCD - SCD - CPR)
    Destination Clock Delay (DCD):    1.272ns
    Source Clock Delay      (SCD):    0.973ns
    Clock Pessimism Removal (CPR):    0.039ns

    Location             Delay type                Incr(ns)  Path(ns)    Netlist Resource(s)
  -------------------------------------------------------------------    -------------------
                         (clock clk_fpga_0 rise edge)
                                                      0.000     0.000 r  
    PS7_X0Y0             PS7                          0.000     0.000 r  comblock_setup_wrapper_inst/comblock_setup_i/processing_system7_0/inst/PS7_i/FCLKCLK[0]
                         net (fo=1, routed)           0.310     0.310    comblock_setup_wrapper_inst/comblock_setup_i/processing_system7_0/inst/FCLK_CLK_unbuffered[0]
    BUFGCTRL_X0Y16       BUFG (Prop_bufg_I_O)         0.026     0.336 r  comblock_setup_wrapper_inst/comblock_setup_i/processing_system7_0/inst/buffer_fclk_clk_0.FCLK_CLK_0_BUFG/O
                         net (fo=31598, routed)       0.637     0.973    pm_top_mux_inst/scd_estimator_inst/pm_second_stage_wrap_inst/p_point_fft/U0/i_synth/xfft_inst/non_floating_point.arch_d.xfft_inst/pe_gen[2].natural_order_input.PE/rounding.ROUND_1/aclk
    SLICE_X48Y104        FDRE                                         r  pm_top_mux_inst/scd_estimator_inst/pm_second_stage_wrap_inst/p_point_fft/U0/i_synth/xfft_inst/non_floating_point.arch_d.xfft_inst/pe_gen[2].natural_order_input.PE/rounding.ROUND_1/gated_incr_regs[27].ff/C
  -------------------------------------------------------------------    -------------------
    SLICE_X48Y104        FDRE (Prop_fdre_C_Q)         0.141     1.114 r  pm_top_mux_inst/scd_estimator_inst/pm_second_stage_wrap_inst/p_point_fft/U0/i_synth/xfft_inst/non_floating_point.arch_d.xfft_inst/pe_gen[2].natural_order_input.PE/rounding.ROUND_1/gated_incr_regs[27].ff/Q
                         net (fo=2, routed)           0.222     1.336    pm_top_mux_inst/scd_estimator_inst/pm_second_stage_wrap_inst/p_point_fft/U0/i_synth/xfft_inst/non_floating_point.arch_d.xfft_inst/pe_gen[3].natural_order_input.PE/FW_1.BF_1/in_commutator_B/no_sclr_lut.depth1_shift_ram.without_sclr.Qsr_reg[31]_0[27]
    SLICE_X51Y106        FDRE                                         r  pm_top_mux_inst/scd_estimator_inst/pm_second_stage_wrap_inst/p_point_fft/U0/i_synth/xfft_inst/non_floating_point.arch_d.xfft_inst/pe_gen[3].natural_order_input.PE/FW_1.BF_1/in_commutator_B/no_sclr_lut.depth1_shift_ram.without_sclr.Qsr_reg[27]/D
  -------------------------------------------------------------------    -------------------

                         (clock clk_fpga_0 rise edge)
                                                      0.000     0.000 r  
    PS7_X0Y0             PS7                          0.000     0.000 r  comblock_setup_wrapper_inst/comblock_setup_i/processing_system7_0/inst/PS7_i/FCLKCLK[0]
                         net (fo=1, routed)           0.337     0.337    comblock_setup_wrapper_inst/comblock_setup_i/processing_system7_0/inst/FCLK_CLK_unbuffered[0]
    BUFGCTRL_X0Y16       BUFG (Prop_bufg_I_O)         0.029     0.366 r  comblock_setup_wrapper_inst/comblock_setup_i/processing_system7_0/inst/buffer_fclk_clk_0.FCLK_CLK_0_BUFG/O
                         net (fo=31598, routed)       0.906     1.272    pm_top_mux_inst/scd_estimator_inst/pm_second_stage_wrap_inst/p_point_fft/U0/i_synth/xfft_inst/non_floating_point.arch_d.xfft_inst/pe_gen[3].natural_order_input.PE/FW_1.BF_1/in_commutator_B/aclk
    SLICE_X51Y106        FDRE                                         r  pm_top_mux_inst/scd_estimator_inst/pm_second_stage_wrap_inst/p_point_fft/U0/i_synth/xfft_inst/non_floating_point.arch_d.xfft_inst/pe_gen[3].natural_order_input.PE/FW_1.BF_1/in_commutator_B/no_sclr_lut.depth1_shift_ram.without_sclr.Qsr_reg[27]/C
                         clock pessimism             -0.039     1.233    
    SLICE_X51Y106        FDRE (Hold_fdre_C_D)         0.076     1.309    pm_top_mux_inst/scd_estimator_inst/pm_second_stage_wrap_inst/p_point_fft/U0/i_synth/xfft_inst/non_floating_point.arch_d.xfft_inst/pe_gen[3].natural_order_input.PE/FW_1.BF_1/in_commutator_B/no_sclr_lut.depth1_shift_ram.without_sclr.Qsr_reg[27]
  -------------------------------------------------------------------
                         required time                         -1.309    
                         arrival time                           1.336    
  -------------------------------------------------------------------
                         slack                                  0.026    

Slack (MET) :             0.027ns  (arrival time - required time)
  Source:                 pm_top_mux_inst/scd_estimator_inst/pm_second_stage_wrap_inst/p_point_fft/U0/i_synth/xfft_inst/non_floating_point.arch_d.xfft_inst/pe_gen[2].natural_order_input.PE/has_scale_pipelining.scale_select.scale_mux_gen[0].reg/C
                            (rising edge-triggered cell FDRE clocked by clk_fpga_0  {rise@0.000ns fall@12.500ns period=25.000ns})
  Destination:            pm_top_mux_inst/scd_estimator_inst/pm_second_stage_wrap_inst/p_point_fft/U0/i_synth/xfft_inst/non_floating_point.arch_d.xfft_inst/pe_gen[2].natural_order_input.PE/has_scale_pipelining.has_tw_scale_reg.tw_scale_reg_gen[0].tw_scale_reg/D
                            (rising edge-triggered cell FDRE clocked by clk_fpga_0  {rise@0.000ns fall@12.500ns period=25.000ns})
  Path Group:             clk_fpga_0
  Path Type:              Hold (Min at Fast Process Corner)
  Requirement:            0.000ns  (clk_fpga_0 rise@0.000ns - clk_fpga_0 rise@0.000ns)
  Data Path Delay:        0.364ns  (logic 0.141ns (38.726%)  route 0.223ns (61.274%))
  Logic Levels:           0  
  Clock Path Skew:        0.267ns (DCD - SCD - CPR)
    Destination Clock Delay (DCD):    1.186ns
    Source Clock Delay      (SCD):    0.884ns
    Clock Pessimism Removal (CPR):    0.035ns

    Location             Delay type                Incr(ns)  Path(ns)    Netlist Resource(s)
  -------------------------------------------------------------------    -------------------
                         (clock clk_fpga_0 rise edge)
                                                      0.000     0.000 r  
    PS7_X0Y0             PS7                          0.000     0.000 r  comblock_setup_wrapper_inst/comblock_setup_i/processing_system7_0/inst/PS7_i/FCLKCLK[0]
                         net (fo=1, routed)           0.310     0.310    comblock_setup_wrapper_inst/comblock_setup_i/processing_system7_0/inst/FCLK_CLK_unbuffered[0]
    BUFGCTRL_X0Y16       BUFG (Prop_bufg_I_O)         0.026     0.336 r  comblock_setup_wrapper_inst/comblock_setup_i/processing_system7_0/inst/buffer_fclk_clk_0.FCLK_CLK_0_BUFG/O
                         net (fo=31598, routed)       0.548     0.884    pm_top_mux_inst/scd_estimator_inst/pm_second_stage_wrap_inst/p_point_fft/U0/i_synth/xfft_inst/non_floating_point.arch_d.xfft_inst/pe_gen[2].natural_order_input.PE/aclk
    SLICE_X53Y85         FDRE                                         r  pm_top_mux_inst/scd_estimator_inst/pm_second_stage_wrap_inst/p_point_fft/U0/i_synth/xfft_inst/non_floating_point.arch_d.xfft_inst/pe_gen[2].natural_order_input.PE/has_scale_pipelining.scale_select.scale_mux_gen[0].reg/C
  -------------------------------------------------------------------    -------------------
    SLICE_X53Y85         FDRE (Prop_fdre_C_Q)         0.141     1.025 r  pm_top_mux_inst/scd_estimator_inst/pm_second_stage_wrap_inst/p_point_fft/U0/i_synth/xfft_inst/non_floating_point.arch_d.xfft_inst/pe_gen[2].natural_order_input.PE/has_scale_pipelining.scale_select.scale_mux_gen[0].reg/Q
                         net (fo=1, routed)           0.223     1.248    pm_top_mux_inst/scd_estimator_inst/pm_second_stage_wrap_inst/p_point_fft/U0/i_synth/xfft_inst/non_floating_point.arch_d.xfft_inst/pe_gen[2].natural_order_input.PE/scale_in_i_0
    SLICE_X48Y87         FDRE                                         r  pm_top_mux_inst/scd_estimator_inst/pm_second_stage_wrap_inst/p_point_fft/U0/i_synth/xfft_inst/non_floating_point.arch_d.xfft_inst/pe_gen[2].natural_order_input.PE/has_scale_pipelining.has_tw_scale_reg.tw_scale_reg_gen[0].tw_scale_reg/D
  -------------------------------------------------------------------    -------------------

                         (clock clk_fpga_0 rise edge)
                                                      0.000     0.000 r  
    PS7_X0Y0             PS7                          0.000     0.000 r  comblock_setup_wrapper_inst/comblock_setup_i/processing_system7_0/inst/PS7_i/FCLKCLK[0]
                         net (fo=1, routed)           0.337     0.337    comblock_setup_wrapper_inst/comblock_setup_i/processing_system7_0/inst/FCLK_CLK_unbuffered[0]
    BUFGCTRL_X0Y16       BUFG (Prop_bufg_I_O)         0.029     0.366 r  comblock_setup_wrapper_inst/comblock_setup_i/processing_system7_0/inst/buffer_fclk_clk_0.FCLK_CLK_0_BUFG/O
                         net (fo=31598, routed)       0.820     1.186    pm_top_mux_inst/scd_estimator_inst/pm_second_stage_wrap_inst/p_point_fft/U0/i_synth/xfft_inst/non_floating_point.arch_d.xfft_inst/pe_gen[2].natural_order_input.PE/aclk
    SLICE_X48Y87         FDRE                                         r  pm_top_mux_inst/scd_estimator_inst/pm_second_stage_wrap_inst/p_point_fft/U0/i_synth/xfft_inst/non_floating_point.arch_d.xfft_inst/pe_gen[2].natural_order_input.PE/has_scale_pipelining.has_tw_scale_reg.tw_scale_reg_gen[0].tw_scale_reg/C
                         clock pessimism             -0.035     1.151    
    SLICE_X48Y87         FDRE (Hold_fdre_C_D)         0.070     1.221    pm_top_mux_inst/scd_estimator_inst/pm_second_stage_wrap_inst/p_point_fft/U0/i_synth/xfft_inst/non_floating_point.arch_d.xfft_inst/pe_gen[2].natural_order_input.PE/has_scale_pipelining.has_tw_scale_reg.tw_scale_reg_gen[0].tw_scale_reg
  -------------------------------------------------------------------
                         required time                         -1.221    
                         arrival time                           1.248    
  -------------------------------------------------------------------
                         slack                                  0.027    

Slack (MET) :             0.027ns  (arrival time - required time)
  Source:                 pm_top_mux_inst/scd_estimator_inst/pm_second_stage_wrap_inst/p_point_fft/U0/i_synth/xfft_inst/non_floating_point.arch_d.xfft_inst/pe_gen[1].natural_order_input.PE/has_scale_pipelining.has_tw_scale_reg.tw_scale_reg_gen[4].tw_scale_reg/C
                            (rising edge-triggered cell FDRE clocked by clk_fpga_0  {rise@0.000ns fall@12.500ns period=25.000ns})
  Destination:            pm_top_mux_inst/scd_estimator_inst/pm_second_stage_wrap_inst/p_point_fft/U0/i_synth/xfft_inst/non_floating_point.arch_d.xfft_inst/pe_gen[1].natural_order_input.PE/has_scale_pipelining.has_scale_out_gen.scale_out_delay/no_sclr_lut.real_shift_ram.use_baseblock.not_use_hlutnm_srls.i_shift_ram/i_bb_inst/f1.only_clb.srl_sig_reg[31][2]_srl32/D
                            (rising edge-triggered cell SRLC32E clocked by clk_fpga_0  {rise@0.000ns fall@12.500ns period=25.000ns})
  Path Group:             clk_fpga_0
  Path Type:              Hold (Min at Fast Process Corner)
  Requirement:            0.000ns  (clk_fpga_0 rise@0.000ns - clk_fpga_0 rise@0.000ns)
  Data Path Delay:        0.349ns  (logic 0.128ns (36.637%)  route 0.221ns (63.363%))
  Logic Levels:           0  
  Clock Path Skew:        0.260ns (DCD - SCD - CPR)
    Destination Clock Delay (DCD):    1.182ns
    Source Clock Delay      (SCD):    0.887ns
    Clock Pessimism Removal (CPR):    0.035ns

    Location             Delay type                Incr(ns)  Path(ns)    Netlist Resource(s)
  -------------------------------------------------------------------    -------------------
                         (clock clk_fpga_0 rise edge)
                                                      0.000     0.000 r  
    PS7_X0Y0             PS7                          0.000     0.000 r  comblock_setup_wrapper_inst/comblock_setup_i/processing_system7_0/inst/PS7_i/FCLKCLK[0]
                         net (fo=1, routed)           0.310     0.310    comblock_setup_wrapper_inst/comblock_setup_i/processing_system7_0/inst/FCLK_CLK_unbuffered[0]
    BUFGCTRL_X0Y16       BUFG (Prop_bufg_I_O)         0.026     0.336 r  comblock_setup_wrapper_inst/comblock_setup_i/processing_system7_0/inst/buffer_fclk_clk_0.FCLK_CLK_0_BUFG/O
                         net (fo=31598, routed)       0.551     0.887    pm_top_mux_inst/scd_estimator_inst/pm_second_stage_wrap_inst/p_point_fft/U0/i_synth/xfft_inst/non_floating_point.arch_d.xfft_inst/pe_gen[1].natural_order_input.PE/aclk
    SLICE_X48Y85         FDRE                                         r  pm_top_mux_inst/scd_estimator_inst/pm_second_stage_wrap_inst/p_point_fft/U0/i_synth/xfft_inst/non_floating_point.arch_d.xfft_inst/pe_gen[1].natural_order_input.PE/has_scale_pipelining.has_tw_scale_reg.tw_scale_reg_gen[4].tw_scale_reg/C
  -------------------------------------------------------------------    -------------------
    SLICE_X48Y85         FDRE (Prop_fdre_C_Q)         0.128     1.015 r  pm_top_mux_inst/scd_estimator_inst/pm_second_stage_wrap_inst/p_point_fft/U0/i_synth/xfft_inst/non_floating_point.arch_d.xfft_inst/pe_gen[1].natural_order_input.PE/has_scale_pipelining.has_tw_scale_reg.tw_scale_reg_gen[4].tw_scale_reg/Q
                         net (fo=1, routed)           0.221     1.236    pm_top_mux_inst/scd_estimator_inst/pm_second_stage_wrap_inst/p_point_fft/U0/i_synth/xfft_inst/non_floating_point.arch_d.xfft_inst/pe_gen[1].natural_order_input.PE/has_scale_pipelining.has_scale_out_gen.scale_out_delay/no_sclr_lut.real_shift_ram.use_baseblock.not_use_hlutnm_srls.i_shift_ram/i_bb_inst/d[2]
    SLICE_X50Y87         SRLC32E                                      r  pm_top_mux_inst/scd_estimator_inst/pm_second_stage_wrap_inst/p_point_fft/U0/i_synth/xfft_inst/non_floating_point.arch_d.xfft_inst/pe_gen[1].natural_order_input.PE/has_scale_pipelining.has_scale_out_gen.scale_out_delay/no_sclr_lut.real_shift_ram.use_baseblock.not_use_hlutnm_srls.i_shift_ram/i_bb_inst/f1.only_clb.srl_sig_reg[31][2]_srl32/D
  -------------------------------------------------------------------    -------------------

                         (clock clk_fpga_0 rise edge)
                                                      0.000     0.000 r  
    PS7_X0Y0             PS7                          0.000     0.000 r  comblock_setup_wrapper_inst/comblock_setup_i/processing_system7_0/inst/PS7_i/FCLKCLK[0]
                         net (fo=1, routed)           0.337     0.337    comblock_setup_wrapper_inst/comblock_setup_i/processing_system7_0/inst/FCLK_CLK_unbuffered[0]
    BUFGCTRL_X0Y16       BUFG (Prop_bufg_I_O)         0.029     0.366 r  comblock_setup_wrapper_inst/comblock_setup_i/processing_system7_0/inst/buffer_fclk_clk_0.FCLK_CLK_0_BUFG/O
                         net (fo=31598, routed)       0.816     1.182    pm_top_mux_inst/scd_estimator_inst/pm_second_stage_wrap_inst/p_point_fft/U0/i_synth/xfft_inst/non_floating_point.arch_d.xfft_inst/pe_gen[1].natural_order_input.PE/has_scale_pipelining.has_scale_out_gen.scale_out_delay/no_sclr_lut.real_shift_ram.use_baseblock.not_use_hlutnm_srls.i_shift_ram/i_bb_inst/clk
    SLICE_X50Y87         SRLC32E                                      r  pm_top_mux_inst/scd_estimator_inst/pm_second_stage_wrap_inst/p_point_fft/U0/i_synth/xfft_inst/non_floating_point.arch_d.xfft_inst/pe_gen[1].natural_order_input.PE/has_scale_pipelining.has_scale_out_gen.scale_out_delay/no_sclr_lut.real_shift_ram.use_baseblock.not_use_hlutnm_srls.i_shift_ram/i_bb_inst/f1.only_clb.srl_sig_reg[31][2]_srl32/CLK
                         clock pessimism             -0.035     1.147    
    SLICE_X50Y87         SRLC32E (Hold_srlc32e_CLK_D)
                                                      0.062     1.209    pm_top_mux_inst/scd_estimator_inst/pm_second_stage_wrap_inst/p_point_fft/U0/i_synth/xfft_inst/non_floating_point.arch_d.xfft_inst/pe_gen[1].natural_order_input.PE/has_scale_pipelining.has_scale_out_gen.scale_out_delay/no_sclr_lut.real_shift_ram.use_baseblock.not_use_hlutnm_srls.i_shift_ram/i_bb_inst/f1.only_clb.srl_sig_reg[31][2]_srl32
  -------------------------------------------------------------------
                         required time                         -1.209    
                         arrival time                           1.236    
  -------------------------------------------------------------------
                         slack                                  0.027    

Slack (MET) :             0.028ns  (arrival time - required time)
  Source:                 pm_top_mux_inst/scd_estimator_inst/pm_second_stage_wrap_inst/p_point_fft/U0/i_synth/axi_wrapper/config_channel_fifo/gen_non_real_time.data_in_fifo_pt1/fifo_wr_data_1_reg[5]/C
                            (rising edge-triggered cell FDRE clocked by clk_fpga_0  {rise@0.000ns fall@12.500ns period=25.000ns})
  Destination:            pm_top_mux_inst/scd_estimator_inst/pm_second_stage_wrap_inst/p_point_fft/U0/i_synth/axi_wrapper/config_channel_fifo/gen_non_real_time.data_in_fifo_pt1/fifo0/fifo_1_reg[15][5]_srl16/D
                            (rising edge-triggered cell SRL16E clocked by clk_fpga_0  {rise@0.000ns fall@12.500ns period=25.000ns})
  Path Group:             clk_fpga_0
  Path Type:              Hold (Min at Fast Process Corner)
  Requirement:            0.000ns  (clk_fpga_0 rise@0.000ns - clk_fpga_0 rise@0.000ns)
  Data Path Delay:        0.338ns  (logic 0.128ns (37.843%)  route 0.210ns (62.157%))
  Logic Levels:           0  
  Clock Path Skew:        0.262ns (DCD - SCD - CPR)
    Destination Clock Delay (DCD):    1.185ns
    Source Clock Delay      (SCD):    0.888ns
    Clock Pessimism Removal (CPR):    0.035ns

    Location             Delay type                Incr(ns)  Path(ns)    Netlist Resource(s)
  -------------------------------------------------------------------    -------------------
                         (clock clk_fpga_0 rise edge)
                                                      0.000     0.000 r  
    PS7_X0Y0             PS7                          0.000     0.000 r  comblock_setup_wrapper_inst/comblock_setup_i/processing_system7_0/inst/PS7_i/FCLKCLK[0]
                         net (fo=1, routed)           0.310     0.310    comblock_setup_wrapper_inst/comblock_setup_i/processing_system7_0/inst/FCLK_CLK_unbuffered[0]
    BUFGCTRL_X0Y16       BUFG (Prop_bufg_I_O)         0.026     0.336 r  comblock_setup_wrapper_inst/comblock_setup_i/processing_system7_0/inst/buffer_fclk_clk_0.FCLK_CLK_0_BUFG/O
                         net (fo=31598, routed)       0.552     0.888    pm_top_mux_inst/scd_estimator_inst/pm_second_stage_wrap_inst/p_point_fft/U0/i_synth/axi_wrapper/config_channel_fifo/gen_non_real_time.data_in_fifo_pt1/aclk
    SLICE_X49Y87         FDRE                                         r  pm_top_mux_inst/scd_estimator_inst/pm_second_stage_wrap_inst/p_point_fft/U0/i_synth/axi_wrapper/config_channel_fifo/gen_non_real_time.data_in_fifo_pt1/fifo_wr_data_1_reg[5]/C
  -------------------------------------------------------------------    -------------------
    SLICE_X49Y87         FDRE (Prop_fdre_C_Q)         0.128     1.016 r  pm_top_mux_inst/scd_estimator_inst/pm_second_stage_wrap_inst/p_point_fft/U0/i_synth/axi_wrapper/config_channel_fifo/gen_non_real_time.data_in_fifo_pt1/fifo_wr_data_1_reg[5]/Q
                         net (fo=1, routed)           0.210     1.226    pm_top_mux_inst/scd_estimator_inst/pm_second_stage_wrap_inst/p_point_fft/U0/i_synth/axi_wrapper/config_channel_fifo/gen_non_real_time.data_in_fifo_pt1/fifo0/wr_data[5]
    SLICE_X50Y90         SRL16E                                       r  pm_top_mux_inst/scd_estimator_inst/pm_second_stage_wrap_inst/p_point_fft/U0/i_synth/axi_wrapper/config_channel_fifo/gen_non_real_time.data_in_fifo_pt1/fifo0/fifo_1_reg[15][5]_srl16/D
  -------------------------------------------------------------------    -------------------

                         (clock clk_fpga_0 rise edge)
                                                      0.000     0.000 r  
    PS7_X0Y0             PS7                          0.000     0.000 r  comblock_setup_wrapper_inst/comblock_setup_i/processing_system7_0/inst/PS7_i/FCLKCLK[0]
                         net (fo=1, routed)           0.337     0.337    comblock_setup_wrapper_inst/comblock_setup_i/processing_system7_0/inst/FCLK_CLK_unbuffered[0]
    BUFGCTRL_X0Y16       BUFG (Prop_bufg_I_O)         0.029     0.366 r  comblock_setup_wrapper_inst/comblock_setup_i/processing_system7_0/inst/buffer_fclk_clk_0.FCLK_CLK_0_BUFG/O
                         net (fo=31598, routed)       0.819     1.185    pm_top_mux_inst/scd_estimator_inst/pm_second_stage_wrap_inst/p_point_fft/U0/i_synth/axi_wrapper/config_channel_fifo/gen_non_real_time.data_in_fifo_pt1/fifo0/aclk
    SLICE_X50Y90         SRL16E                                       r  pm_top_mux_inst/scd_estimator_inst/pm_second_stage_wrap_inst/p_point_fft/U0/i_synth/axi_wrapper/config_channel_fifo/gen_non_real_time.data_in_fifo_pt1/fifo0/fifo_1_reg[15][5]_srl16/CLK
                         clock pessimism             -0.035     1.150    
    SLICE_X50Y90         SRL16E (Hold_srl16e_CLK_D)
                                                      0.048     1.198    pm_top_mux_inst/scd_estimator_inst/pm_second_stage_wrap_inst/p_point_fft/U0/i_synth/axi_wrapper/config_channel_fifo/gen_non_real_time.data_in_fifo_pt1/fifo0/fifo_1_reg[15][5]_srl16
  -------------------------------------------------------------------
                         required time                         -1.198    
                         arrival time                           1.226    
  -------------------------------------------------------------------
                         slack                                  0.028    

Slack (MET) :             0.029ns  (arrival time - required time)
  Source:                 pm_top_mux_inst/scd_estimator_inst/pm_second_stage_wrap_inst/p_point_fft/U0/i_synth/xfft_inst/non_floating_point.arch_d.xfft_inst/pe_gen[2].natural_order_input.PE/rounding.ROUND_1/gated_incr_regs[4].ff/C
                            (rising edge-triggered cell FDRE clocked by clk_fpga_0  {rise@0.000ns fall@12.500ns period=25.000ns})
  Destination:            pm_top_mux_inst/scd_estimator_inst/pm_second_stage_wrap_inst/p_point_fft/U0/i_synth/xfft_inst/non_floating_point.arch_d.xfft_inst/pe_gen[3].natural_order_input.PE/FW_1.BF_1/in_commutator_B/no_sclr_lut.depth1_shift_ram.without_sclr.Qsr_reg[4]/D
                            (rising edge-triggered cell FDRE clocked by clk_fpga_0  {rise@0.000ns fall@12.500ns period=25.000ns})
  Path Group:             clk_fpga_0
  Path Type:              Hold (Min at Fast Process Corner)
  Requirement:            0.000ns  (clk_fpga_0 rise@0.000ns - clk_fpga_0 rise@0.000ns)
  Data Path Delay:        0.362ns  (logic 0.141ns (38.990%)  route 0.221ns (61.010%))
  Logic Levels:           0  
  Clock Path Skew:        0.260ns (DCD - SCD - CPR)
    Destination Clock Delay (DCD):    1.187ns
    Source Clock Delay      (SCD):    0.892ns
    Clock Pessimism Removal (CPR):    0.035ns

    Location             Delay type                Incr(ns)  Path(ns)    Netlist Resource(s)
  -------------------------------------------------------------------    -------------------
                         (clock clk_fpga_0 rise edge)
                                                      0.000     0.000 r  
    PS7_X0Y0             PS7                          0.000     0.000 r  comblock_setup_wrapper_inst/comblock_setup_i/processing_system7_0/inst/PS7_i/FCLKCLK[0]
                         net (fo=1, routed)           0.310     0.310    comblock_setup_wrapper_inst/comblock_setup_i/processing_system7_0/inst/FCLK_CLK_unbuffered[0]
    BUFGCTRL_X0Y16       BUFG (Prop_bufg_I_O)         0.026     0.336 r  comblock_setup_wrapper_inst/comblock_setup_i/processing_system7_0/inst/buffer_fclk_clk_0.FCLK_CLK_0_BUFG/O
                         net (fo=31598, routed)       0.556     0.892    pm_top_mux_inst/scd_estimator_inst/pm_second_stage_wrap_inst/p_point_fft/U0/i_synth/xfft_inst/non_floating_point.arch_d.xfft_inst/pe_gen[2].natural_order_input.PE/rounding.ROUND_1/aclk
    SLICE_X48Y99         FDRE                                         r  pm_top_mux_inst/scd_estimator_inst/pm_second_stage_wrap_inst/p_point_fft/U0/i_synth/xfft_inst/non_floating_point.arch_d.xfft_inst/pe_gen[2].natural_order_input.PE/rounding.ROUND_1/gated_incr_regs[4].ff/C
  -------------------------------------------------------------------    -------------------
    SLICE_X48Y99         FDRE (Prop_fdre_C_Q)         0.141     1.033 r  pm_top_mux_inst/scd_estimator_inst/pm_second_stage_wrap_inst/p_point_fft/U0/i_synth/xfft_inst/non_floating_point.arch_d.xfft_inst/pe_gen[2].natural_order_input.PE/rounding.ROUND_1/gated_incr_regs[4].ff/Q
                         net (fo=2, routed)           0.221     1.253    pm_top_mux_inst/scd_estimator_inst/pm_second_stage_wrap_inst/p_point_fft/U0/i_synth/xfft_inst/non_floating_point.arch_d.xfft_inst/pe_gen[3].natural_order_input.PE/FW_1.BF_1/in_commutator_B/no_sclr_lut.depth1_shift_ram.without_sclr.Qsr_reg[31]_0[4]
    SLICE_X52Y99         FDRE                                         r  pm_top_mux_inst/scd_estimator_inst/pm_second_stage_wrap_inst/p_point_fft/U0/i_synth/xfft_inst/non_floating_point.arch_d.xfft_inst/pe_gen[3].natural_order_input.PE/FW_1.BF_1/in_commutator_B/no_sclr_lut.depth1_shift_ram.without_sclr.Qsr_reg[4]/D
  -------------------------------------------------------------------    -------------------

                         (clock clk_fpga_0 rise edge)
                                                      0.000     0.000 r  
    PS7_X0Y0             PS7                          0.000     0.000 r  comblock_setup_wrapper_inst/comblock_setup_i/processing_system7_0/inst/PS7_i/FCLKCLK[0]
                         net (fo=1, routed)           0.337     0.337    comblock_setup_wrapper_inst/comblock_setup_i/processing_system7_0/inst/FCLK_CLK_unbuffered[0]
    BUFGCTRL_X0Y16       BUFG (Prop_bufg_I_O)         0.029     0.366 r  comblock_setup_wrapper_inst/comblock_setup_i/processing_system7_0/inst/buffer_fclk_clk_0.FCLK_CLK_0_BUFG/O
                         net (fo=31598, routed)       0.821     1.187    pm_top_mux_inst/scd_estimator_inst/pm_second_stage_wrap_inst/p_point_fft/U0/i_synth/xfft_inst/non_floating_point.arch_d.xfft_inst/pe_gen[3].natural_order_input.PE/FW_1.BF_1/in_commutator_B/aclk
    SLICE_X52Y99         FDRE                                         r  pm_top_mux_inst/scd_estimator_inst/pm_second_stage_wrap_inst/p_point_fft/U0/i_synth/xfft_inst/non_floating_point.arch_d.xfft_inst/pe_gen[3].natural_order_input.PE/FW_1.BF_1/in_commutator_B/no_sclr_lut.depth1_shift_ram.without_sclr.Qsr_reg[4]/C
                         clock pessimism             -0.035     1.152    
    SLICE_X52Y99         FDRE (Hold_fdre_C_D)         0.072     1.224    pm_top_mux_inst/scd_estimator_inst/pm_second_stage_wrap_inst/p_point_fft/U0/i_synth/xfft_inst/non_floating_point.arch_d.xfft_inst/pe_gen[3].natural_order_input.PE/FW_1.BF_1/in_commutator_B/no_sclr_lut.depth1_shift_ram.without_sclr.Qsr_reg[4]
  -------------------------------------------------------------------
                         required time                         -1.224    
                         arrival time                           1.253    
  -------------------------------------------------------------------
                         slack                                  0.029    

Slack (MET) :             0.032ns  (arrival time - required time)
  Source:                 pm_top_mux_inst/scd_estimator_inst/pm_second_stage_wrap_inst/p_point_fft/U0/i_synth/xfft_inst/non_floating_point.arch_d.xfft_inst/pe_gen[0].natural_order_input.PE/FB_1.BF_1/BTFLY0/logic_bfly_byp.sub_r/sub/i_baseblox.i_baseblox_addsub/no_pipelining.the_addsub/i_lut6.i_lut6_addsub/i_q.i_simple.qreg/i_no_async_controls.output_reg[29]/C
                            (rising edge-triggered cell FDRE clocked by clk_fpga_0  {rise@0.000ns fall@12.500ns period=25.000ns})
  Destination:            pm_top_mux_inst/scd_estimator_inst/pm_second_stage_wrap_inst/p_point_fft/U0/i_synth/xfft_inst/non_floating_point.arch_d.xfft_inst/pe_gen[0].natural_order_input.PE/FB_1.BF_1/mem_mux_and_reg_upper_re/slicel_slicem_implementation.mux/use_lut6_2.latency1.Q_reg[28]/D
                            (rising edge-triggered cell FDRE clocked by clk_fpga_0  {rise@0.000ns fall@12.500ns period=25.000ns})
  Path Group:             clk_fpga_0
  Path Type:              Hold (Min at Fast Process Corner)
  Requirement:            0.000ns  (clk_fpga_0 rise@0.000ns - clk_fpga_0 rise@0.000ns)
  Data Path Delay:        0.387ns  (logic 0.186ns (48.066%)  route 0.201ns (51.934%))
  Logic Levels:           1  (LUT3=1)
  Clock Path Skew:        0.264ns (DCD - SCD - CPR)
    Destination Clock Delay (DCD):    1.177ns
    Source Clock Delay      (SCD):    0.878ns
    Clock Pessimism Removal (CPR):    0.035ns

    Location             Delay type                Incr(ns)  Path(ns)    Netlist Resource(s)
  -------------------------------------------------------------------    -------------------
                         (clock clk_fpga_0 rise edge)
                                                      0.000     0.000 r  
    PS7_X0Y0             PS7                          0.000     0.000 r  comblock_setup_wrapper_inst/comblock_setup_i/processing_system7_0/inst/PS7_i/FCLKCLK[0]
                         net (fo=1, routed)           0.310     0.310    comblock_setup_wrapper_inst/comblock_setup_i/processing_system7_0/inst/FCLK_CLK_unbuffered[0]
    BUFGCTRL_X0Y16       BUFG (Prop_bufg_I_O)         0.026     0.336 r  comblock_setup_wrapper_inst/comblock_setup_i/processing_system7_0/inst/buffer_fclk_clk_0.FCLK_CLK_0_BUFG/O
                         net (fo=31598, routed)       0.542     0.878    pm_top_mux_inst/scd_estimator_inst/pm_second_stage_wrap_inst/p_point_fft/U0/i_synth/xfft_inst/non_floating_point.arch_d.xfft_inst/pe_gen[0].natural_order_input.PE/FB_1.BF_1/BTFLY0/logic_bfly_byp.sub_r/sub/i_baseblox.i_baseblox_addsub/no_pipelining.the_addsub/i_lut6.i_lut6_addsub/i_q.i_simple.qreg/CLK
    SLICE_X51Y77         FDRE                                         r  pm_top_mux_inst/scd_estimator_inst/pm_second_stage_wrap_inst/p_point_fft/U0/i_synth/xfft_inst/non_floating_point.arch_d.xfft_inst/pe_gen[0].natural_order_input.PE/FB_1.BF_1/BTFLY0/logic_bfly_byp.sub_r/sub/i_baseblox.i_baseblox_addsub/no_pipelining.the_addsub/i_lut6.i_lut6_addsub/i_q.i_simple.qreg/i_no_async_controls.output_reg[29]/C
  -------------------------------------------------------------------    -------------------
    SLICE_X51Y77         FDRE (Prop_fdre_C_Q)         0.141     1.019 r  pm_top_mux_inst/scd_estimator_inst/pm_second_stage_wrap_inst/p_point_fft/U0/i_synth/xfft_inst/non_floating_point.arch_d.xfft_inst/pe_gen[0].natural_order_input.PE/FB_1.BF_1/BTFLY0/logic_bfly_byp.sub_r/sub/i_baseblox.i_baseblox_addsub/no_pipelining.the_addsub/i_lut6.i_lut6_addsub/i_q.i_simple.qreg/i_no_async_controls.output_reg[29]/Q
                         net (fo=1, routed)           0.201     1.220    pm_top_mux_inst/scd_estimator_inst/pm_second_stage_wrap_inst/p_point_fft/U0/i_synth/xfft_inst/non_floating_point.arch_d.xfft_inst/pe_gen[0].natural_order_input.PE/FB_1.BF_1/mem_mux_and_reg_upper_re/slicel_slicem_implementation.mux/out[28]
    SLICE_X47Y77         LUT3 (Prop_lut3_I1_O)        0.045     1.265 r  pm_top_mux_inst/scd_estimator_inst/pm_second_stage_wrap_inst/p_point_fft/U0/i_synth/xfft_inst/non_floating_point.arch_d.xfft_inst/pe_gen[0].natural_order_input.PE/FB_1.BF_1/mem_mux_and_reg_upper_re/slicel_slicem_implementation.mux/use_lut6_2.gen_full_lut6_2s[14].mlut0/O
                         net (fo=1, routed)           0.000     1.265    pm_top_mux_inst/scd_estimator_inst/pm_second_stage_wrap_inst/p_point_fft/U0/i_synth/xfft_inst/non_floating_point.arch_d.xfft_inst/pe_gen[0].natural_order_input.PE/FB_1.BF_1/mem_mux_and_reg_upper_re/slicel_slicem_implementation.mux/use_lut6_2.qi[28]
    SLICE_X47Y77         FDRE                                         r  pm_top_mux_inst/scd_estimator_inst/pm_second_stage_wrap_inst/p_point_fft/U0/i_synth/xfft_inst/non_floating_point.arch_d.xfft_inst/pe_gen[0].natural_order_input.PE/FB_1.BF_1/mem_mux_and_reg_upper_re/slicel_slicem_implementation.mux/use_lut6_2.latency1.Q_reg[28]/D
  -------------------------------------------------------------------    -------------------

                         (clock clk_fpga_0 rise edge)
                                                      0.000     0.000 r  
    PS7_X0Y0             PS7                          0.000     0.000 r  comblock_setup_wrapper_inst/comblock_setup_i/processing_system7_0/inst/PS7_i/FCLKCLK[0]
                         net (fo=1, routed)           0.337     0.337    comblock_setup_wrapper_inst/comblock_setup_i/processing_system7_0/inst/FCLK_CLK_unbuffered[0]
    BUFGCTRL_X0Y16       BUFG (Prop_bufg_I_O)         0.029     0.366 r  comblock_setup_wrapper_inst/comblock_setup_i/processing_system7_0/inst/buffer_fclk_clk_0.FCLK_CLK_0_BUFG/O
                         net (fo=31598, routed)       0.811     1.177    pm_top_mux_inst/scd_estimator_inst/pm_second_stage_wrap_inst/p_point_fft/U0/i_synth/xfft_inst/non_floating_point.arch_d.xfft_inst/pe_gen[0].natural_order_input.PE/FB_1.BF_1/mem_mux_and_reg_upper_re/slicel_slicem_implementation.mux/aclk
    SLICE_X47Y77         FDRE                                         r  pm_top_mux_inst/scd_estimator_inst/pm_second_stage_wrap_inst/p_point_fft/U0/i_synth/xfft_inst/non_floating_point.arch_d.xfft_inst/pe_gen[0].natural_order_input.PE/FB_1.BF_1/mem_mux_and_reg_upper_re/slicel_slicem_implementation.mux/use_lut6_2.latency1.Q_reg[28]/C
                         clock pessimism             -0.035     1.142    
    SLICE_X47Y77         FDRE (Hold_fdre_C_D)         0.091     1.233    pm_top_mux_inst/scd_estimator_inst/pm_second_stage_wrap_inst/p_point_fft/U0/i_synth/xfft_inst/non_floating_point.arch_d.xfft_inst/pe_gen[0].natural_order_input.PE/FB_1.BF_1/mem_mux_and_reg_upper_re/slicel_slicem_implementation.mux/use_lut6_2.latency1.Q_reg[28]
  -------------------------------------------------------------------
                         required time                         -1.233    
                         arrival time                           1.265    
  -------------------------------------------------------------------
                         slack                                  0.032    

Slack (MET) :             0.034ns  (arrival time - required time)
  Source:                 pm_top_mux_inst/scd_estimator_inst/pm_second_stage_wrap_inst/p_point_fft/U0/i_synth/xfft_inst/non_floating_point.arch_d.xfft_inst/pe_gen[2].natural_order_input.PE/rounding.ROUND_1/gated_incr_regs[20].ff/C
                            (rising edge-triggered cell FDRE clocked by clk_fpga_0  {rise@0.000ns fall@12.500ns period=25.000ns})
  Destination:            pm_top_mux_inst/scd_estimator_inst/pm_second_stage_wrap_inst/p_point_fft/U0/i_synth/xfft_inst/non_floating_point.arch_d.xfft_inst/pe_gen[3].natural_order_input.PE/FW_1.BF_1/in_commutator_B/no_sclr_lut.depth1_shift_ram.without_sclr.Qsr_reg[20]/D
                            (rising edge-triggered cell FDRE clocked by clk_fpga_0  {rise@0.000ns fall@12.500ns period=25.000ns})
  Path Group:             clk_fpga_0
  Path Type:              Hold (Min at Fast Process Corner)
  Requirement:            0.000ns  (clk_fpga_0 rise@0.000ns - clk_fpga_0 rise@0.000ns)
  Data Path Delay:        0.365ns  (logic 0.141ns (38.646%)  route 0.224ns (61.354%))
  Logic Levels:           0  
  Clock Path Skew:        0.260ns (DCD - SCD - CPR)
    Destination Clock Delay (DCD):    1.272ns
    Source Clock Delay      (SCD):    0.973ns
    Clock Pessimism Removal (CPR):    0.039ns

    Location             Delay type                Incr(ns)  Path(ns)    Netlist Resource(s)
  -------------------------------------------------------------------    -------------------
                         (clock clk_fpga_0 rise edge)
                                                      0.000     0.000 r  
    PS7_X0Y0             PS7                          0.000     0.000 r  comblock_setup_wrapper_inst/comblock_setup_i/processing_system7_0/inst/PS7_i/FCLKCLK[0]
                         net (fo=1, routed)           0.310     0.310    comblock_setup_wrapper_inst/comblock_setup_i/processing_system7_0/inst/FCLK_CLK_unbuffered[0]
    BUFGCTRL_X0Y16       BUFG (Prop_bufg_I_O)         0.026     0.336 r  comblock_setup_wrapper_inst/comblock_setup_i/processing_system7_0/inst/buffer_fclk_clk_0.FCLK_CLK_0_BUFG/O
                         net (fo=31598, routed)       0.637     0.973    pm_top_mux_inst/scd_estimator_inst/pm_second_stage_wrap_inst/p_point_fft/U0/i_synth/xfft_inst/non_floating_point.arch_d.xfft_inst/pe_gen[2].natural_order_input.PE/rounding.ROUND_1/aclk
    SLICE_X48Y103        FDRE                                         r  pm_top_mux_inst/scd_estimator_inst/pm_second_stage_wrap_inst/p_point_fft/U0/i_synth/xfft_inst/non_floating_point.arch_d.xfft_inst/pe_gen[2].natural_order_input.PE/rounding.ROUND_1/gated_incr_regs[20].ff/C
  -------------------------------------------------------------------    -------------------
    SLICE_X48Y103        FDRE (Prop_fdre_C_Q)         0.141     1.114 r  pm_top_mux_inst/scd_estimator_inst/pm_second_stage_wrap_inst/p_point_fft/U0/i_synth/xfft_inst/non_floating_point.arch_d.xfft_inst/pe_gen[2].natural_order_input.PE/rounding.ROUND_1/gated_incr_regs[20].ff/Q
                         net (fo=2, routed)           0.224     1.338    pm_top_mux_inst/scd_estimator_inst/pm_second_stage_wrap_inst/p_point_fft/U0/i_synth/xfft_inst/non_floating_point.arch_d.xfft_inst/pe_gen[3].natural_order_input.PE/FW_1.BF_1/in_commutator_B/no_sclr_lut.depth1_shift_ram.without_sclr.Qsr_reg[31]_0[20]
    SLICE_X51Y104        FDRE                                         r  pm_top_mux_inst/scd_estimator_inst/pm_second_stage_wrap_inst/p_point_fft/U0/i_synth/xfft_inst/non_floating_point.arch_d.xfft_inst/pe_gen[3].natural_order_input.PE/FW_1.BF_1/in_commutator_B/no_sclr_lut.depth1_shift_ram.without_sclr.Qsr_reg[20]/D
  -------------------------------------------------------------------    -------------------

                         (clock clk_fpga_0 rise edge)
                                                      0.000     0.000 r  
    PS7_X0Y0             PS7                          0.000     0.000 r  comblock_setup_wrapper_inst/comblock_setup_i/processing_system7_0/inst/PS7_i/FCLKCLK[0]
                         net (fo=1, routed)           0.337     0.337    comblock_setup_wrapper_inst/comblock_setup_i/processing_system7_0/inst/FCLK_CLK_unbuffered[0]
    BUFGCTRL_X0Y16       BUFG (Prop_bufg_I_O)         0.029     0.366 r  comblock_setup_wrapper_inst/comblock_setup_i/processing_system7_0/inst/buffer_fclk_clk_0.FCLK_CLK_0_BUFG/O
                         net (fo=31598, routed)       0.906     1.272    pm_top_mux_inst/scd_estimator_inst/pm_second_stage_wrap_inst/p_point_fft/U0/i_synth/xfft_inst/non_floating_point.arch_d.xfft_inst/pe_gen[3].natural_order_input.PE/FW_1.BF_1/in_commutator_B/aclk
    SLICE_X51Y104        FDRE                                         r  pm_top_mux_inst/scd_estimator_inst/pm_second_stage_wrap_inst/p_point_fft/U0/i_synth/xfft_inst/non_floating_point.arch_d.xfft_inst/pe_gen[3].natural_order_input.PE/FW_1.BF_1/in_commutator_B/no_sclr_lut.depth1_shift_ram.without_sclr.Qsr_reg[20]/C
                         clock pessimism             -0.039     1.233    
    SLICE_X51Y104        FDRE (Hold_fdre_C_D)         0.071     1.304    pm_top_mux_inst/scd_estimator_inst/pm_second_stage_wrap_inst/p_point_fft/U0/i_synth/xfft_inst/non_floating_point.arch_d.xfft_inst/pe_gen[3].natural_order_input.PE/FW_1.BF_1/in_commutator_B/no_sclr_lut.depth1_shift_ram.without_sclr.Qsr_reg[20]
  -------------------------------------------------------------------
                         required time                         -1.304    
                         arrival time                           1.338    
  -------------------------------------------------------------------
                         slack                                  0.034    

Slack (MET) :             0.034ns  (arrival time - required time)
  Source:                 pm_top_mux_inst/scd_estimator_inst/pm_second_stage_wrap_inst/p_point_fft/U0/i_synth/xfft_inst/non_floating_point.arch_d.xfft_inst/pe_gen[2].natural_order_input.PE/rounding.ROUND_1/gated_incr_regs[18].ff/C
                            (rising edge-triggered cell FDRE clocked by clk_fpga_0  {rise@0.000ns fall@12.500ns period=25.000ns})
  Destination:            pm_top_mux_inst/scd_estimator_inst/pm_second_stage_wrap_inst/p_point_fft/U0/i_synth/xfft_inst/non_floating_point.arch_d.xfft_inst/pe_gen[3].natural_order_input.PE/FW_1.BF_1/in_commutator_B/no_sclr_lut.depth1_shift_ram.without_sclr.Qsr_reg[18]/D
                            (rising edge-triggered cell FDRE clocked by clk_fpga_0  {rise@0.000ns fall@12.500ns period=25.000ns})
  Path Group:             clk_fpga_0
  Path Type:              Hold (Min at Fast Process Corner)
  Requirement:            0.000ns  (clk_fpga_0 rise@0.000ns - clk_fpga_0 rise@0.000ns)
  Data Path Delay:        0.368ns  (logic 0.141ns (38.314%)  route 0.227ns (61.686%))
  Logic Levels:           0  
  Clock Path Skew:        0.259ns (DCD - SCD - CPR)
    Destination Clock Delay (DCD):    1.272ns
    Source Clock Delay      (SCD):    0.974ns
    Clock Pessimism Removal (CPR):    0.039ns

    Location             Delay type                Incr(ns)  Path(ns)    Netlist Resource(s)
  -------------------------------------------------------------------    -------------------
                         (clock clk_fpga_0 rise edge)
                                                      0.000     0.000 r  
    PS7_X0Y0             PS7                          0.000     0.000 r  comblock_setup_wrapper_inst/comblock_setup_i/processing_system7_0/inst/PS7_i/FCLKCLK[0]
                         net (fo=1, routed)           0.310     0.310    comblock_setup_wrapper_inst/comblock_setup_i/processing_system7_0/inst/FCLK_CLK_unbuffered[0]
    BUFGCTRL_X0Y16       BUFG (Prop_bufg_I_O)         0.026     0.336 r  comblock_setup_wrapper_inst/comblock_setup_i/processing_system7_0/inst/buffer_fclk_clk_0.FCLK_CLK_0_BUFG/O
                         net (fo=31598, routed)       0.638     0.974    pm_top_mux_inst/scd_estimator_inst/pm_second_stage_wrap_inst/p_point_fft/U0/i_synth/xfft_inst/non_floating_point.arch_d.xfft_inst/pe_gen[2].natural_order_input.PE/rounding.ROUND_1/aclk
    SLICE_X48Y102        FDRE                                         r  pm_top_mux_inst/scd_estimator_inst/pm_second_stage_wrap_inst/p_point_fft/U0/i_synth/xfft_inst/non_floating_point.arch_d.xfft_inst/pe_gen[2].natural_order_input.PE/rounding.ROUND_1/gated_incr_regs[18].ff/C
  -------------------------------------------------------------------    -------------------
    SLICE_X48Y102        FDRE (Prop_fdre_C_Q)         0.141     1.115 r  pm_top_mux_inst/scd_estimator_inst/pm_second_stage_wrap_inst/p_point_fft/U0/i_synth/xfft_inst/non_floating_point.arch_d.xfft_inst/pe_gen[2].natural_order_input.PE/rounding.ROUND_1/gated_incr_regs[18].ff/Q
                         net (fo=2, routed)           0.227     1.342    pm_top_mux_inst/scd_estimator_inst/pm_second_stage_wrap_inst/p_point_fft/U0/i_synth/xfft_inst/non_floating_point.arch_d.xfft_inst/pe_gen[3].natural_order_input.PE/FW_1.BF_1/in_commutator_B/no_sclr_lut.depth1_shift_ram.without_sclr.Qsr_reg[31]_0[18]
    SLICE_X51Y104        FDRE                                         r  pm_top_mux_inst/scd_estimator_inst/pm_second_stage_wrap_inst/p_point_fft/U0/i_synth/xfft_inst/non_floating_point.arch_d.xfft_inst/pe_gen[3].natural_order_input.PE/FW_1.BF_1/in_commutator_B/no_sclr_lut.depth1_shift_ram.without_sclr.Qsr_reg[18]/D
  -------------------------------------------------------------------    -------------------

                         (clock clk_fpga_0 rise edge)
                                                      0.000     0.000 r  
    PS7_X0Y0             PS7                          0.000     0.000 r  comblock_setup_wrapper_inst/comblock_setup_i/processing_system7_0/inst/PS7_i/FCLKCLK[0]
                         net (fo=1, routed)           0.337     0.337    comblock_setup_wrapper_inst/comblock_setup_i/processing_system7_0/inst/FCLK_CLK_unbuffered[0]
    BUFGCTRL_X0Y16       BUFG (Prop_bufg_I_O)         0.029     0.366 r  comblock_setup_wrapper_inst/comblock_setup_i/processing_system7_0/inst/buffer_fclk_clk_0.FCLK_CLK_0_BUFG/O
                         net (fo=31598, routed)       0.906     1.272    pm_top_mux_inst/scd_estimator_inst/pm_second_stage_wrap_inst/p_point_fft/U0/i_synth/xfft_inst/non_floating_point.arch_d.xfft_inst/pe_gen[3].natural_order_input.PE/FW_1.BF_1/in_commutator_B/aclk
    SLICE_X51Y104        FDRE                                         r  pm_top_mux_inst/scd_estimator_inst/pm_second_stage_wrap_inst/p_point_fft/U0/i_synth/xfft_inst/non_floating_point.arch_d.xfft_inst/pe_gen[3].natural_order_input.PE/FW_1.BF_1/in_commutator_B/no_sclr_lut.depth1_shift_ram.without_sclr.Qsr_reg[18]/C
                         clock pessimism             -0.039     1.233    
    SLICE_X51Y104        FDRE (Hold_fdre_C_D)         0.075     1.308    pm_top_mux_inst/scd_estimator_inst/pm_second_stage_wrap_inst/p_point_fft/U0/i_synth/xfft_inst/non_floating_point.arch_d.xfft_inst/pe_gen[3].natural_order_input.PE/FW_1.BF_1/in_commutator_B/no_sclr_lut.depth1_shift_ram.without_sclr.Qsr_reg[18]
  -------------------------------------------------------------------
                         required time                         -1.308    
                         arrival time                           1.342    
  -------------------------------------------------------------------
                         slack                                  0.034    

Slack (MET) :             0.034ns  (arrival time - required time)
  Source:                 pm_top_mux_inst/scd_estimator_inst/pm_first_stage_wrap_inst/input_window_real/r_product_reg[4][13]/C
                            (rising edge-triggered cell FDRE clocked by clk_fpga_0  {rise@0.000ns fall@12.500ns period=25.000ns})
  Destination:            pm_top_mux_inst/scd_estimator_inst/pm_first_stage_wrap_inst/real_ram/genblk1[4].mem_reg[4][97]/DIADI[13]
                            (rising edge-triggered cell RAMB18E1 clocked by clk_fpga_0  {rise@0.000ns fall@12.500ns period=25.000ns})
  Path Group:             clk_fpga_0
  Path Type:              Hold (Min at Fast Process Corner)
  Requirement:            0.000ns  (clk_fpga_0 rise@0.000ns - clk_fpga_0 rise@0.000ns)
  Data Path Delay:        0.248ns  (logic 0.141ns (56.898%)  route 0.107ns (43.102%))
  Logic Levels:           0  
  Clock Path Skew:        0.058ns (DCD - SCD - CPR)
    Destination Clock Delay (DCD):    1.319ns
    Source Clock Delay      (SCD):    0.976ns
    Clock Pessimism Removal (CPR):    0.285ns

    Location             Delay type                Incr(ns)  Path(ns)    Netlist Resource(s)
  -------------------------------------------------------------------    -------------------
                         (clock clk_fpga_0 rise edge)
                                                      0.000     0.000 r  
    PS7_X0Y0             PS7                          0.000     0.000 r  comblock_setup_wrapper_inst/comblock_setup_i/processing_system7_0/inst/PS7_i/FCLKCLK[0]
                         net (fo=1, routed)           0.310     0.310    comblock_setup_wrapper_inst/comblock_setup_i/processing_system7_0/inst/FCLK_CLK_unbuffered[0]
    BUFGCTRL_X0Y16       BUFG (Prop_bufg_I_O)         0.026     0.336 r  comblock_setup_wrapper_inst/comblock_setup_i/processing_system7_0/inst/buffer_fclk_clk_0.FCLK_CLK_0_BUFG/O
                         net (fo=31598, routed)       0.640     0.976    pm_top_mux_inst/scd_estimator_inst/pm_first_stage_wrap_inst/input_window_real/PS_CLOCK0
    SLICE_X33Y106        FDRE                                         r  pm_top_mux_inst/scd_estimator_inst/pm_first_stage_wrap_inst/input_window_real/r_product_reg[4][13]/C
  -------------------------------------------------------------------    -------------------
    SLICE_X33Y106        FDRE (Prop_fdre_C_Q)         0.141     1.117 r  pm_top_mux_inst/scd_estimator_inst/pm_first_stage_wrap_inst/input_window_real/r_product_reg[4][13]/Q
                         net (fo=1, routed)           0.107     1.224    pm_top_mux_inst/scd_estimator_inst/pm_first_stage_wrap_inst/real_ram/wr_col_data[4][13]
    RAMB18_X2Y42         RAMB18E1                                     r  pm_top_mux_inst/scd_estimator_inst/pm_first_stage_wrap_inst/real_ram/genblk1[4].mem_reg[4][97]/DIADI[13]
  -------------------------------------------------------------------    -------------------

                         (clock clk_fpga_0 rise edge)
                                                      0.000     0.000 r  
    PS7_X0Y0             PS7                          0.000     0.000 r  comblock_setup_wrapper_inst/comblock_setup_i/processing_system7_0/inst/PS7_i/FCLKCLK[0]
                         net (fo=1, routed)           0.337     0.337    comblock_setup_wrapper_inst/comblock_setup_i/processing_system7_0/inst/FCLK_CLK_unbuffered[0]
    BUFGCTRL_X0Y16       BUFG (Prop_bufg_I_O)         0.029     0.366 r  comblock_setup_wrapper_inst/comblock_setup_i/processing_system7_0/inst/buffer_fclk_clk_0.FCLK_CLK_0_BUFG/O
                         net (fo=31598, routed)       0.953     1.319    pm_top_mux_inst/scd_estimator_inst/pm_first_stage_wrap_inst/real_ram/PS_CLOCK0
    RAMB18_X2Y42         RAMB18E1                                     r  pm_top_mux_inst/scd_estimator_inst/pm_first_stage_wrap_inst/real_ram/genblk1[4].mem_reg[4][97]/CLKBWRCLK
                         clock pessimism             -0.285     1.034    
    RAMB18_X2Y42         RAMB18E1 (Hold_ramb18e1_CLKBWRCLK_DIADI[13])
                                                      0.155     1.189    pm_top_mux_inst/scd_estimator_inst/pm_first_stage_wrap_inst/real_ram/genblk1[4].mem_reg[4][97]
  -------------------------------------------------------------------
                         required time                         -1.189    
                         arrival time                           1.224    
  -------------------------------------------------------------------
                         slack                                  0.034    

Slack (MET) :             0.035ns  (arrival time - required time)
  Source:                 pm_top_mux_inst/scd_estimator_inst/pm_second_stage_wrap_inst/p_point_fft/U0/i_synth/xfft_inst/non_floating_point.arch_d.xfft_inst/pe_gen[2].natural_order_input.PE/rounding.ROUND_1/gated_incr_regs[3].ff/C
                            (rising edge-triggered cell FDRE clocked by clk_fpga_0  {rise@0.000ns fall@12.500ns period=25.000ns})
  Destination:            pm_top_mux_inst/scd_estimator_inst/pm_second_stage_wrap_inst/p_point_fft/U0/i_synth/xfft_inst/non_floating_point.arch_d.xfft_inst/pe_gen[3].natural_order_input.PE/FW_1.BF_1/in_commutator_B/no_sclr_lut.depth1_shift_ram.without_sclr.Qsr_reg[3]/D
                            (rising edge-triggered cell FDRE clocked by clk_fpga_0  {rise@0.000ns fall@12.500ns period=25.000ns})
  Path Group:             clk_fpga_0
  Path Type:              Hold (Min at Fast Process Corner)
  Requirement:            0.000ns  (clk_fpga_0 rise@0.000ns - clk_fpga_0 rise@0.000ns)
  Data Path Delay:        0.373ns  (logic 0.141ns (37.809%)  route 0.232ns (62.191%))
  Logic Levels:           0  
  Clock Path Skew:        0.260ns (DCD - SCD - CPR)
    Destination Clock Delay (DCD):    1.187ns
    Source Clock Delay      (SCD):    0.892ns
    Clock Pessimism Removal (CPR):    0.035ns

    Location             Delay type                Incr(ns)  Path(ns)    Netlist Resource(s)
  -------------------------------------------------------------------    -------------------
                         (clock clk_fpga_0 rise edge)
                                                      0.000     0.000 r  
    PS7_X0Y0             PS7                          0.000     0.000 r  comblock_setup_wrapper_inst/comblock_setup_i/processing_system7_0/inst/PS7_i/FCLKCLK[0]
                         net (fo=1, routed)           0.310     0.310    comblock_setup_wrapper_inst/comblock_setup_i/processing_system7_0/inst/FCLK_CLK_unbuffered[0]
    BUFGCTRL_X0Y16       BUFG (Prop_bufg_I_O)         0.026     0.336 r  comblock_setup_wrapper_inst/comblock_setup_i/processing_system7_0/inst/buffer_fclk_clk_0.FCLK_CLK_0_BUFG/O
                         net (fo=31598, routed)       0.556     0.892    pm_top_mux_inst/scd_estimator_inst/pm_second_stage_wrap_inst/p_point_fft/U0/i_synth/xfft_inst/non_floating_point.arch_d.xfft_inst/pe_gen[2].natural_order_input.PE/rounding.ROUND_1/aclk
    SLICE_X48Y98         FDRE                                         r  pm_top_mux_inst/scd_estimator_inst/pm_second_stage_wrap_inst/p_point_fft/U0/i_synth/xfft_inst/non_floating_point.arch_d.xfft_inst/pe_gen[2].natural_order_input.PE/rounding.ROUND_1/gated_incr_regs[3].ff/C
  -------------------------------------------------------------------    -------------------
    SLICE_X48Y98         FDRE (Prop_fdre_C_Q)         0.141     1.033 r  pm_top_mux_inst/scd_estimator_inst/pm_second_stage_wrap_inst/p_point_fft/U0/i_synth/xfft_inst/non_floating_point.arch_d.xfft_inst/pe_gen[2].natural_order_input.PE/rounding.ROUND_1/gated_incr_regs[3].ff/Q
                         net (fo=2, routed)           0.232     1.265    pm_top_mux_inst/scd_estimator_inst/pm_second_stage_wrap_inst/p_point_fft/U0/i_synth/xfft_inst/non_floating_point.arch_d.xfft_inst/pe_gen[3].natural_order_input.PE/FW_1.BF_1/in_commutator_B/no_sclr_lut.depth1_shift_ram.without_sclr.Qsr_reg[31]_0[3]
    SLICE_X52Y98         FDRE                                         r  pm_top_mux_inst/scd_estimator_inst/pm_second_stage_wrap_inst/p_point_fft/U0/i_synth/xfft_inst/non_floating_point.arch_d.xfft_inst/pe_gen[3].natural_order_input.PE/FW_1.BF_1/in_commutator_B/no_sclr_lut.depth1_shift_ram.without_sclr.Qsr_reg[3]/D
  -------------------------------------------------------------------    -------------------

                         (clock clk_fpga_0 rise edge)
                                                      0.000     0.000 r  
    PS7_X0Y0             PS7                          0.000     0.000 r  comblock_setup_wrapper_inst/comblock_setup_i/processing_system7_0/inst/PS7_i/FCLKCLK[0]
                         net (fo=1, routed)           0.337     0.337    comblock_setup_wrapper_inst/comblock_setup_i/processing_system7_0/inst/FCLK_CLK_unbuffered[0]
    BUFGCTRL_X0Y16       BUFG (Prop_bufg_I_O)         0.029     0.366 r  comblock_setup_wrapper_inst/comblock_setup_i/processing_system7_0/inst/buffer_fclk_clk_0.FCLK_CLK_0_BUFG/O
                         net (fo=31598, routed)       0.821     1.187    pm_top_mux_inst/scd_estimator_inst/pm_second_stage_wrap_inst/p_point_fft/U0/i_synth/xfft_inst/non_floating_point.arch_d.xfft_inst/pe_gen[3].natural_order_input.PE/FW_1.BF_1/in_commutator_B/aclk
    SLICE_X52Y98         FDRE                                         r  pm_top_mux_inst/scd_estimator_inst/pm_second_stage_wrap_inst/p_point_fft/U0/i_synth/xfft_inst/non_floating_point.arch_d.xfft_inst/pe_gen[3].natural_order_input.PE/FW_1.BF_1/in_commutator_B/no_sclr_lut.depth1_shift_ram.without_sclr.Qsr_reg[3]/C
                         clock pessimism             -0.035     1.152    
    SLICE_X52Y98         FDRE (Hold_fdre_C_D)         0.078     1.230    pm_top_mux_inst/scd_estimator_inst/pm_second_stage_wrap_inst/p_point_fft/U0/i_synth/xfft_inst/non_floating_point.arch_d.xfft_inst/pe_gen[3].natural_order_input.PE/FW_1.BF_1/in_commutator_B/no_sclr_lut.depth1_shift_ram.without_sclr.Qsr_reg[3]
  -------------------------------------------------------------------
                         required time                         -1.230    
                         arrival time                           1.265    
  -------------------------------------------------------------------
                         slack                                  0.035    





Pulse Width Checks
--------------------------------------------------------------------------------------
Clock Name:         clk_fpga_0
Waveform(ns):       { 0.000 12.500 }
Period(ns):         25.000
Sources:            { comblock_setup_wrapper_inst/comblock_setup_i/processing_system7_0/inst/PS7_i/FCLKCLK[0] }

Check Type        Corner  Lib Pin             Reference Pin  Required(ns)  Actual(ns)  Slack(ns)  Location      Pin
Min Period        n/a     DSP48E1/CLK         n/a            3.687         25.000      21.313     DSP48_X4Y47   pm_top_mux_inst/theshold_calculator_inst/r_threshold_value_reg/CLK
Min Period        n/a     DSP48E1/CLK         n/a            3.687         25.000      21.313     DSP48_X3Y46   pm_top_mux_inst/theshold_calculator_inst/r_threshold_value_reg__0/CLK
Min Period        n/a     DSP48E1/CLK         n/a            3.687         25.000      21.313     DSP48_X4Y45   pm_top_mux_inst/theshold_calculator_inst/r_threshold_value_reg__1/CLK
Min Period        n/a     DSP48E1/CLK         n/a            3.687         25.000      21.313     DSP48_X4Y41   pm_top_mux_inst/theshold_calculator_inst/r_threshold_value_reg__2/CLK
Min Period        n/a     DSP48E1/CLK         n/a            3.687         25.000      21.313     DSP48_X4Y39   pm_top_mux_inst/theshold_calculator_inst/r_threshold_value_reg__3/CLK
Min Period        n/a     RAMB18E1/CLKARDCLK  n/a            2.944         25.000      22.056     RAMB18_X2Y46  pm_top_mux_inst/scd_estimator_inst/pm_first_stage_wrap_inst/real_ram/genblk1[0].mem_reg[0][97]/CLKARDCLK
Min Period        n/a     RAMB18E1/CLKBWRCLK  n/a            2.944         25.000      22.056     RAMB18_X2Y46  pm_top_mux_inst/scd_estimator_inst/pm_first_stage_wrap_inst/real_ram/genblk1[0].mem_reg[0][97]/CLKBWRCLK
Min Period        n/a     RAMB18E1/CLKARDCLK  n/a            2.944         25.000      22.056     RAMB18_X2Y34  pm_top_mux_inst/scd_estimator_inst/pm_first_stage_wrap_inst/real_ram/genblk1[10].mem_reg[10][97]/CLKARDCLK
Min Period        n/a     RAMB18E1/CLKBWRCLK  n/a            2.944         25.000      22.056     RAMB18_X2Y34  pm_top_mux_inst/scd_estimator_inst/pm_first_stage_wrap_inst/real_ram/genblk1[10].mem_reg[10][97]/CLKBWRCLK
Min Period        n/a     RAMB18E1/CLKARDCLK  n/a            2.944         25.000      22.056     RAMB18_X2Y33  pm_top_mux_inst/scd_estimator_inst/pm_first_stage_wrap_inst/real_ram/genblk1[11].mem_reg[11][97]/CLKARDCLK
Low Pulse Width   Slow    SRLC32E/CLK         n/a            0.980         12.500      11.520     SLICE_X38Y96  comblock_setup_wrapper_inst/comblock_setup_i/ps7_0_axi_periph/s00_couplers/auto_pc/inst/gen_axilite.gen_b2s_conv.axilite_b2s/RD.r_channel_0/rd_data_fifo_0/memory_reg[31][0]_srl32/CLK
Low Pulse Width   Fast    SRLC32E/CLK         n/a            0.980         12.500      11.520     SLICE_X38Y96  comblock_setup_wrapper_inst/comblock_setup_i/ps7_0_axi_periph/s00_couplers/auto_pc/inst/gen_axilite.gen_b2s_conv.axilite_b2s/RD.r_channel_0/rd_data_fifo_0/memory_reg[31][0]_srl32/CLK
Low Pulse Width   Slow    SRLC32E/CLK         n/a            0.980         12.500      11.520     SLICE_X32Y95  comblock_setup_wrapper_inst/comblock_setup_i/ps7_0_axi_periph/s00_couplers/auto_pc/inst/gen_axilite.gen_b2s_conv.axilite_b2s/RD.r_channel_0/rd_data_fifo_0/memory_reg[31][10]_srl32/CLK
Low Pulse Width   Fast    SRLC32E/CLK         n/a            0.980         12.500      11.520     SLICE_X32Y95  comblock_setup_wrapper_inst/comblock_setup_i/ps7_0_axi_periph/s00_couplers/auto_pc/inst/gen_axilite.gen_b2s_conv.axilite_b2s/RD.r_channel_0/rd_data_fifo_0/memory_reg[31][10]_srl32/CLK
Low Pulse Width   Slow    SRLC32E/CLK         n/a            0.980         12.500      11.520     SLICE_X34Y95  comblock_setup_wrapper_inst/comblock_setup_i/ps7_0_axi_periph/s00_couplers/auto_pc/inst/gen_axilite.gen_b2s_conv.axilite_b2s/RD.r_channel_0/rd_data_fifo_0/memory_reg[31][11]_srl32/CLK
Low Pulse Width   Fast    SRLC32E/CLK         n/a            0.980         12.500      11.520     SLICE_X34Y95  comblock_setup_wrapper_inst/comblock_setup_i/ps7_0_axi_periph/s00_couplers/auto_pc/inst/gen_axilite.gen_b2s_conv.axilite_b2s/RD.r_channel_0/rd_data_fifo_0/memory_reg[31][11]_srl32/CLK
Low Pulse Width   Slow    SRLC32E/CLK         n/a            0.980         12.500      11.520     SLICE_X34Y95  comblock_setup_wrapper_inst/comblock_setup_i/ps7_0_axi_periph/s00_couplers/auto_pc/inst/gen_axilite.gen_b2s_conv.axilite_b2s/RD.r_channel_0/rd_data_fifo_0/memory_reg[31][12]_srl32/CLK
Low Pulse Width   Fast    SRLC32E/CLK         n/a            0.980         12.500      11.520     SLICE_X34Y95  comblock_setup_wrapper_inst/comblock_setup_i/ps7_0_axi_periph/s00_couplers/auto_pc/inst/gen_axilite.gen_b2s_conv.axilite_b2s/RD.r_channel_0/rd_data_fifo_0/memory_reg[31][12]_srl32/CLK
Low Pulse Width   Slow    SRLC32E/CLK         n/a            0.980         12.500      11.520     SLICE_X34Y95  comblock_setup_wrapper_inst/comblock_setup_i/ps7_0_axi_periph/s00_couplers/auto_pc/inst/gen_axilite.gen_b2s_conv.axilite_b2s/RD.r_channel_0/rd_data_fifo_0/memory_reg[31][13]_srl32/CLK
Low Pulse Width   Fast    SRLC32E/CLK         n/a            0.980         12.500      11.520     SLICE_X34Y95  comblock_setup_wrapper_inst/comblock_setup_i/ps7_0_axi_periph/s00_couplers/auto_pc/inst/gen_axilite.gen_b2s_conv.axilite_b2s/RD.r_channel_0/rd_data_fifo_0/memory_reg[31][13]_srl32/CLK
High Pulse Width  Slow    SRLC32E/CLK         n/a            0.980         12.500      11.520     SLICE_X38Y96  comblock_setup_wrapper_inst/comblock_setup_i/ps7_0_axi_periph/s00_couplers/auto_pc/inst/gen_axilite.gen_b2s_conv.axilite_b2s/RD.r_channel_0/rd_data_fifo_0/memory_reg[31][0]_srl32/CLK
High Pulse Width  Fast    SRLC32E/CLK         n/a            0.980         12.500      11.520     SLICE_X38Y96  comblock_setup_wrapper_inst/comblock_setup_i/ps7_0_axi_periph/s00_couplers/auto_pc/inst/gen_axilite.gen_b2s_conv.axilite_b2s/RD.r_channel_0/rd_data_fifo_0/memory_reg[31][0]_srl32/CLK
High Pulse Width  Slow    SRLC32E/CLK         n/a            0.980         12.500      11.520     SLICE_X32Y95  comblock_setup_wrapper_inst/comblock_setup_i/ps7_0_axi_periph/s00_couplers/auto_pc/inst/gen_axilite.gen_b2s_conv.axilite_b2s/RD.r_channel_0/rd_data_fifo_0/memory_reg[31][10]_srl32/CLK
High Pulse Width  Fast    SRLC32E/CLK         n/a            0.980         12.500      11.520     SLICE_X32Y95  comblock_setup_wrapper_inst/comblock_setup_i/ps7_0_axi_periph/s00_couplers/auto_pc/inst/gen_axilite.gen_b2s_conv.axilite_b2s/RD.r_channel_0/rd_data_fifo_0/memory_reg[31][10]_srl32/CLK
High Pulse Width  Slow    SRLC32E/CLK         n/a            0.980         12.500      11.520     SLICE_X34Y95  comblock_setup_wrapper_inst/comblock_setup_i/ps7_0_axi_periph/s00_couplers/auto_pc/inst/gen_axilite.gen_b2s_conv.axilite_b2s/RD.r_channel_0/rd_data_fifo_0/memory_reg[31][11]_srl32/CLK
High Pulse Width  Fast    SRLC32E/CLK         n/a            0.980         12.500      11.520     SLICE_X34Y95  comblock_setup_wrapper_inst/comblock_setup_i/ps7_0_axi_periph/s00_couplers/auto_pc/inst/gen_axilite.gen_b2s_conv.axilite_b2s/RD.r_channel_0/rd_data_fifo_0/memory_reg[31][11]_srl32/CLK
High Pulse Width  Slow    SRLC32E/CLK         n/a            0.980         12.500      11.520     SLICE_X34Y95  comblock_setup_wrapper_inst/comblock_setup_i/ps7_0_axi_periph/s00_couplers/auto_pc/inst/gen_axilite.gen_b2s_conv.axilite_b2s/RD.r_channel_0/rd_data_fifo_0/memory_reg[31][12]_srl32/CLK
High Pulse Width  Fast    SRLC32E/CLK         n/a            0.980         12.500      11.520     SLICE_X34Y95  comblock_setup_wrapper_inst/comblock_setup_i/ps7_0_axi_periph/s00_couplers/auto_pc/inst/gen_axilite.gen_b2s_conv.axilite_b2s/RD.r_channel_0/rd_data_fifo_0/memory_reg[31][12]_srl32/CLK
High Pulse Width  Slow    SRLC32E/CLK         n/a            0.980         12.500      11.520     SLICE_X34Y95  comblock_setup_wrapper_inst/comblock_setup_i/ps7_0_axi_periph/s00_couplers/auto_pc/inst/gen_axilite.gen_b2s_conv.axilite_b2s/RD.r_channel_0/rd_data_fifo_0/memory_reg[31][13]_srl32/CLK
High Pulse Width  Fast    SRLC32E/CLK         n/a            0.980         12.500      11.520     SLICE_X34Y95  comblock_setup_wrapper_inst/comblock_setup_i/ps7_0_axi_periph/s00_couplers/auto_pc/inst/gen_axilite.gen_b2s_conv.axilite_b2s/RD.r_channel_0/rd_data_fifo_0/memory_reg[31][13]_srl32/CLK



---------------------------------------------------------------------------------------------------
Path Group:  **async_default**
From Clock:  clk_fpga_0
  To Clock:  clk_fpga_0

Setup :            0  Failing Endpoints,  Worst Slack       18.643ns,  Total Violation        0.000ns
Hold  :            0  Failing Endpoints,  Worst Slack        1.168ns,  Total Violation        0.000ns
---------------------------------------------------------------------------------------------------


Max Delay Paths
--------------------------------------------------------------------------------------
Slack (MET) :             18.643ns  (required time - arrival time)
  Source:                 comblock_adapter_inst/r_top_mux_reset_reg/C
                            (rising edge-triggered cell FDRE clocked by clk_fpga_0  {rise@0.000ns fall@12.500ns period=25.000ns})
  Destination:            pm_top_mux_inst/scd_estimator_inst/pm_first_stage_wrap_inst/first_stage_fsmd_control/r_fft_data_in_reg_reg[17]/CLR
                            (recovery check against rising-edge clock clk_fpga_0  {rise@0.000ns fall@12.500ns period=25.000ns})
  Path Group:             **async_default**
  Path Type:              Recovery (Max at Slow Process Corner)
  Requirement:            25.000ns  (clk_fpga_0 rise@25.000ns - clk_fpga_0 rise@0.000ns)
  Data Path Delay:        5.052ns  (logic 0.667ns (13.203%)  route 4.385ns (86.797%))
  Logic Levels:           1  (LUT3=1)
  Clock Path Skew:        -0.315ns (DCD - SCD + CPR)
    Destination Clock Delay (DCD):    2.692ns = ( 27.692 - 25.000 ) 
    Source Clock Delay      (SCD):    3.136ns
    Clock Pessimism Removal (CPR):    0.129ns
  Clock Uncertainty:      0.377ns  ((TSJ^2 + TIJ^2)^1/2 + DJ) / 2 + PE
    Total System Jitter     (TSJ):    0.071ns
    Total Input Jitter      (TIJ):    0.750ns
    Discrete Jitter          (DJ):    0.000ns
    Phase Error              (PE):    0.000ns

    Location             Delay type                Incr(ns)  Path(ns)    Netlist Resource(s)
  -------------------------------------------------------------------    -------------------
                         (clock clk_fpga_0 rise edge)
                                                      0.000     0.000 r  
    PS7_X0Y0             PS7                          0.000     0.000 r  comblock_setup_wrapper_inst/comblock_setup_i/processing_system7_0/inst/PS7_i/FCLKCLK[0]
                         net (fo=1, routed)           1.193     1.193    comblock_setup_wrapper_inst/comblock_setup_i/processing_system7_0/inst/FCLK_CLK_unbuffered[0]
    BUFGCTRL_X0Y16       BUFG (Prop_bufg_I_O)         0.101     1.294 r  comblock_setup_wrapper_inst/comblock_setup_i/processing_system7_0/inst/buffer_fclk_clk_0.FCLK_CLK_0_BUFG/O
                         net (fo=31598, routed)       1.842     3.136    comblock_adapter_inst/PS_CLOCK0
    SLICE_X36Y109        FDRE                                         r  comblock_adapter_inst/r_top_mux_reset_reg/C
  -------------------------------------------------------------------    -------------------
    SLICE_X36Y109        FDRE (Prop_fdre_C_Q)         0.518     3.654 f  comblock_adapter_inst/r_top_mux_reset_reg/Q
                         net (fo=155, routed)         1.061     4.715    pm_top_mux_inst/pm_top_mux_fsmd_control/FSM_onehot_state_reg_reg[1]_0[0]
    SLICE_X43Y107        LUT3 (Prop_lut3_I0_O)        0.149     4.864 f  pm_top_mux_inst/pm_top_mux_fsmd_control/p_0_out_i_2/O
                         net (fo=18605, routed)       3.324     8.188    pm_top_mux_inst/scd_estimator_inst/pm_first_stage_wrap_inst/first_stage_fsmd_control/i_reset00_out
    SLICE_X31Y78         FDCE                                         f  pm_top_mux_inst/scd_estimator_inst/pm_first_stage_wrap_inst/first_stage_fsmd_control/r_fft_data_in_reg_reg[17]/CLR
  -------------------------------------------------------------------    -------------------

                         (clock clk_fpga_0 rise edge)
                                                     25.000    25.000 r  
    PS7_X0Y0             PS7                          0.000    25.000 r  comblock_setup_wrapper_inst/comblock_setup_i/processing_system7_0/inst/PS7_i/FCLKCLK[0]
                         net (fo=1, routed)           1.088    26.088    comblock_setup_wrapper_inst/comblock_setup_i/processing_system7_0/inst/FCLK_CLK_unbuffered[0]
    BUFGCTRL_X0Y16       BUFG (Prop_bufg_I_O)         0.091    26.179 r  comblock_setup_wrapper_inst/comblock_setup_i/processing_system7_0/inst/buffer_fclk_clk_0.FCLK_CLK_0_BUFG/O
                         net (fo=31598, routed)       1.513    27.692    pm_top_mux_inst/scd_estimator_inst/pm_first_stage_wrap_inst/first_stage_fsmd_control/PS_CLOCK0
    SLICE_X31Y78         FDCE                                         r  pm_top_mux_inst/scd_estimator_inst/pm_first_stage_wrap_inst/first_stage_fsmd_control/r_fft_data_in_reg_reg[17]/C
                         clock pessimism              0.129    27.821    
                         clock uncertainty           -0.377    27.444    
    SLICE_X31Y78         FDCE (Recov_fdce_C_CLR)     -0.613    26.831    pm_top_mux_inst/scd_estimator_inst/pm_first_stage_wrap_inst/first_stage_fsmd_control/r_fft_data_in_reg_reg[17]
  -------------------------------------------------------------------
                         required time                         26.831    
                         arrival time                          -8.188    
  -------------------------------------------------------------------
                         slack                                 18.643    

Slack (MET) :             18.643ns  (required time - arrival time)
  Source:                 comblock_adapter_inst/r_top_mux_reset_reg/C
                            (rising edge-triggered cell FDRE clocked by clk_fpga_0  {rise@0.000ns fall@12.500ns period=25.000ns})
  Destination:            pm_top_mux_inst/scd_estimator_inst/pm_first_stage_wrap_inst/first_stage_fsmd_control/r_fft_data_in_reg_reg[9]/CLR
                            (recovery check against rising-edge clock clk_fpga_0  {rise@0.000ns fall@12.500ns period=25.000ns})
  Path Group:             **async_default**
  Path Type:              Recovery (Max at Slow Process Corner)
  Requirement:            25.000ns  (clk_fpga_0 rise@25.000ns - clk_fpga_0 rise@0.000ns)
  Data Path Delay:        5.052ns  (logic 0.667ns (13.203%)  route 4.385ns (86.797%))
  Logic Levels:           1  (LUT3=1)
  Clock Path Skew:        -0.315ns (DCD - SCD + CPR)
    Destination Clock Delay (DCD):    2.692ns = ( 27.692 - 25.000 ) 
    Source Clock Delay      (SCD):    3.136ns
    Clock Pessimism Removal (CPR):    0.129ns
  Clock Uncertainty:      0.377ns  ((TSJ^2 + TIJ^2)^1/2 + DJ) / 2 + PE
    Total System Jitter     (TSJ):    0.071ns
    Total Input Jitter      (TIJ):    0.750ns
    Discrete Jitter          (DJ):    0.000ns
    Phase Error              (PE):    0.000ns

    Location             Delay type                Incr(ns)  Path(ns)    Netlist Resource(s)
  -------------------------------------------------------------------    -------------------
                         (clock clk_fpga_0 rise edge)
                                                      0.000     0.000 r  
    PS7_X0Y0             PS7                          0.000     0.000 r  comblock_setup_wrapper_inst/comblock_setup_i/processing_system7_0/inst/PS7_i/FCLKCLK[0]
                         net (fo=1, routed)           1.193     1.193    comblock_setup_wrapper_inst/comblock_setup_i/processing_system7_0/inst/FCLK_CLK_unbuffered[0]
    BUFGCTRL_X0Y16       BUFG (Prop_bufg_I_O)         0.101     1.294 r  comblock_setup_wrapper_inst/comblock_setup_i/processing_system7_0/inst/buffer_fclk_clk_0.FCLK_CLK_0_BUFG/O
                         net (fo=31598, routed)       1.842     3.136    comblock_adapter_inst/PS_CLOCK0
    SLICE_X36Y109        FDRE                                         r  comblock_adapter_inst/r_top_mux_reset_reg/C
  -------------------------------------------------------------------    -------------------
    SLICE_X36Y109        FDRE (Prop_fdre_C_Q)         0.518     3.654 f  comblock_adapter_inst/r_top_mux_reset_reg/Q
                         net (fo=155, routed)         1.061     4.715    pm_top_mux_inst/pm_top_mux_fsmd_control/FSM_onehot_state_reg_reg[1]_0[0]
    SLICE_X43Y107        LUT3 (Prop_lut3_I0_O)        0.149     4.864 f  pm_top_mux_inst/pm_top_mux_fsmd_control/p_0_out_i_2/O
                         net (fo=18605, routed)       3.324     8.188    pm_top_mux_inst/scd_estimator_inst/pm_first_stage_wrap_inst/first_stage_fsmd_control/i_reset00_out
    SLICE_X31Y78         FDCE                                         f  pm_top_mux_inst/scd_estimator_inst/pm_first_stage_wrap_inst/first_stage_fsmd_control/r_fft_data_in_reg_reg[9]/CLR
  -------------------------------------------------------------------    -------------------

                         (clock clk_fpga_0 rise edge)
                                                     25.000    25.000 r  
    PS7_X0Y0             PS7                          0.000    25.000 r  comblock_setup_wrapper_inst/comblock_setup_i/processing_system7_0/inst/PS7_i/FCLKCLK[0]
                         net (fo=1, routed)           1.088    26.088    comblock_setup_wrapper_inst/comblock_setup_i/processing_system7_0/inst/FCLK_CLK_unbuffered[0]
    BUFGCTRL_X0Y16       BUFG (Prop_bufg_I_O)         0.091    26.179 r  comblock_setup_wrapper_inst/comblock_setup_i/processing_system7_0/inst/buffer_fclk_clk_0.FCLK_CLK_0_BUFG/O
                         net (fo=31598, routed)       1.513    27.692    pm_top_mux_inst/scd_estimator_inst/pm_first_stage_wrap_inst/first_stage_fsmd_control/PS_CLOCK0
    SLICE_X31Y78         FDCE                                         r  pm_top_mux_inst/scd_estimator_inst/pm_first_stage_wrap_inst/first_stage_fsmd_control/r_fft_data_in_reg_reg[9]/C
                         clock pessimism              0.129    27.821    
                         clock uncertainty           -0.377    27.444    
    SLICE_X31Y78         FDCE (Recov_fdce_C_CLR)     -0.613    26.831    pm_top_mux_inst/scd_estimator_inst/pm_first_stage_wrap_inst/first_stage_fsmd_control/r_fft_data_in_reg_reg[9]
  -------------------------------------------------------------------
                         required time                         26.831    
                         arrival time                          -8.188    
  -------------------------------------------------------------------
                         slack                                 18.643    

Slack (MET) :             18.715ns  (required time - arrival time)
  Source:                 comblock_adapter_inst/r_top_mux_reset_reg/C
                            (rising edge-triggered cell FDRE clocked by clk_fpga_0  {rise@0.000ns fall@12.500ns period=25.000ns})
  Destination:            pm_top_mux_inst/scd_estimator_inst/pm_first_stage_wrap_inst/first_stage_fsmd_control/r_index_reg_reg[0]/CLR
                            (recovery check against rising-edge clock clk_fpga_0  {rise@0.000ns fall@12.500ns period=25.000ns})
  Path Group:             **async_default**
  Path Type:              Recovery (Max at Slow Process Corner)
  Requirement:            25.000ns  (clk_fpga_0 rise@25.000ns - clk_fpga_0 rise@0.000ns)
  Data Path Delay:        4.984ns  (logic 0.667ns (13.382%)  route 4.317ns (86.618%))
  Logic Levels:           1  (LUT3=1)
  Clock Path Skew:        -0.311ns (DCD - SCD + CPR)
    Destination Clock Delay (DCD):    2.696ns = ( 27.696 - 25.000 ) 
    Source Clock Delay      (SCD):    3.136ns
    Clock Pessimism Removal (CPR):    0.129ns
  Clock Uncertainty:      0.377ns  ((TSJ^2 + TIJ^2)^1/2 + DJ) / 2 + PE
    Total System Jitter     (TSJ):    0.071ns
    Total Input Jitter      (TIJ):    0.750ns
    Discrete Jitter          (DJ):    0.000ns
    Phase Error              (PE):    0.000ns

    Location             Delay type                Incr(ns)  Path(ns)    Netlist Resource(s)
  -------------------------------------------------------------------    -------------------
                         (clock clk_fpga_0 rise edge)
                                                      0.000     0.000 r  
    PS7_X0Y0             PS7                          0.000     0.000 r  comblock_setup_wrapper_inst/comblock_setup_i/processing_system7_0/inst/PS7_i/FCLKCLK[0]
                         net (fo=1, routed)           1.193     1.193    comblock_setup_wrapper_inst/comblock_setup_i/processing_system7_0/inst/FCLK_CLK_unbuffered[0]
    BUFGCTRL_X0Y16       BUFG (Prop_bufg_I_O)         0.101     1.294 r  comblock_setup_wrapper_inst/comblock_setup_i/processing_system7_0/inst/buffer_fclk_clk_0.FCLK_CLK_0_BUFG/O
                         net (fo=31598, routed)       1.842     3.136    comblock_adapter_inst/PS_CLOCK0
    SLICE_X36Y109        FDRE                                         r  comblock_adapter_inst/r_top_mux_reset_reg/C
  -------------------------------------------------------------------    -------------------
    SLICE_X36Y109        FDRE (Prop_fdre_C_Q)         0.518     3.654 f  comblock_adapter_inst/r_top_mux_reset_reg/Q
                         net (fo=155, routed)         1.061     4.715    pm_top_mux_inst/pm_top_mux_fsmd_control/FSM_onehot_state_reg_reg[1]_0[0]
    SLICE_X43Y107        LUT3 (Prop_lut3_I0_O)        0.149     4.864 f  pm_top_mux_inst/pm_top_mux_fsmd_control/p_0_out_i_2/O
                         net (fo=18605, routed)       3.256     8.120    pm_top_mux_inst/scd_estimator_inst/pm_first_stage_wrap_inst/first_stage_fsmd_control/i_reset00_out
    SLICE_X27Y87         FDCE                                         f  pm_top_mux_inst/scd_estimator_inst/pm_first_stage_wrap_inst/first_stage_fsmd_control/r_index_reg_reg[0]/CLR
  -------------------------------------------------------------------    -------------------

                         (clock clk_fpga_0 rise edge)
                                                     25.000    25.000 r  
    PS7_X0Y0             PS7                          0.000    25.000 r  comblock_setup_wrapper_inst/comblock_setup_i/processing_system7_0/inst/PS7_i/FCLKCLK[0]
                         net (fo=1, routed)           1.088    26.088    comblock_setup_wrapper_inst/comblock_setup_i/processing_system7_0/inst/FCLK_CLK_unbuffered[0]
    BUFGCTRL_X0Y16       BUFG (Prop_bufg_I_O)         0.091    26.179 r  comblock_setup_wrapper_inst/comblock_setup_i/processing_system7_0/inst/buffer_fclk_clk_0.FCLK_CLK_0_BUFG/O
                         net (fo=31598, routed)       1.517    27.696    pm_top_mux_inst/scd_estimator_inst/pm_first_stage_wrap_inst/first_stage_fsmd_control/PS_CLOCK0
    SLICE_X27Y87         FDCE                                         r  pm_top_mux_inst/scd_estimator_inst/pm_first_stage_wrap_inst/first_stage_fsmd_control/r_index_reg_reg[0]/C
                         clock pessimism              0.129    27.825    
                         clock uncertainty           -0.377    27.448    
    SLICE_X27Y87         FDCE (Recov_fdce_C_CLR)     -0.613    26.835    pm_top_mux_inst/scd_estimator_inst/pm_first_stage_wrap_inst/first_stage_fsmd_control/r_index_reg_reg[0]
  -------------------------------------------------------------------
                         required time                         26.835    
                         arrival time                          -8.120    
  -------------------------------------------------------------------
                         slack                                 18.715    

Slack (MET) :             18.715ns  (required time - arrival time)
  Source:                 comblock_adapter_inst/r_top_mux_reset_reg/C
                            (rising edge-triggered cell FDRE clocked by clk_fpga_0  {rise@0.000ns fall@12.500ns period=25.000ns})
  Destination:            pm_top_mux_inst/scd_estimator_inst/pm_first_stage_wrap_inst/first_stage_fsmd_control/r_index_reg_reg[1]/CLR
                            (recovery check against rising-edge clock clk_fpga_0  {rise@0.000ns fall@12.500ns period=25.000ns})
  Path Group:             **async_default**
  Path Type:              Recovery (Max at Slow Process Corner)
  Requirement:            25.000ns  (clk_fpga_0 rise@25.000ns - clk_fpga_0 rise@0.000ns)
  Data Path Delay:        4.984ns  (logic 0.667ns (13.382%)  route 4.317ns (86.618%))
  Logic Levels:           1  (LUT3=1)
  Clock Path Skew:        -0.311ns (DCD - SCD + CPR)
    Destination Clock Delay (DCD):    2.696ns = ( 27.696 - 25.000 ) 
    Source Clock Delay      (SCD):    3.136ns
    Clock Pessimism Removal (CPR):    0.129ns
  Clock Uncertainty:      0.377ns  ((TSJ^2 + TIJ^2)^1/2 + DJ) / 2 + PE
    Total System Jitter     (TSJ):    0.071ns
    Total Input Jitter      (TIJ):    0.750ns
    Discrete Jitter          (DJ):    0.000ns
    Phase Error              (PE):    0.000ns

    Location             Delay type                Incr(ns)  Path(ns)    Netlist Resource(s)
  -------------------------------------------------------------------    -------------------
                         (clock clk_fpga_0 rise edge)
                                                      0.000     0.000 r  
    PS7_X0Y0             PS7                          0.000     0.000 r  comblock_setup_wrapper_inst/comblock_setup_i/processing_system7_0/inst/PS7_i/FCLKCLK[0]
                         net (fo=1, routed)           1.193     1.193    comblock_setup_wrapper_inst/comblock_setup_i/processing_system7_0/inst/FCLK_CLK_unbuffered[0]
    BUFGCTRL_X0Y16       BUFG (Prop_bufg_I_O)         0.101     1.294 r  comblock_setup_wrapper_inst/comblock_setup_i/processing_system7_0/inst/buffer_fclk_clk_0.FCLK_CLK_0_BUFG/O
                         net (fo=31598, routed)       1.842     3.136    comblock_adapter_inst/PS_CLOCK0
    SLICE_X36Y109        FDRE                                         r  comblock_adapter_inst/r_top_mux_reset_reg/C
  -------------------------------------------------------------------    -------------------
    SLICE_X36Y109        FDRE (Prop_fdre_C_Q)         0.518     3.654 f  comblock_adapter_inst/r_top_mux_reset_reg/Q
                         net (fo=155, routed)         1.061     4.715    pm_top_mux_inst/pm_top_mux_fsmd_control/FSM_onehot_state_reg_reg[1]_0[0]
    SLICE_X43Y107        LUT3 (Prop_lut3_I0_O)        0.149     4.864 f  pm_top_mux_inst/pm_top_mux_fsmd_control/p_0_out_i_2/O
                         net (fo=18605, routed)       3.256     8.120    pm_top_mux_inst/scd_estimator_inst/pm_first_stage_wrap_inst/first_stage_fsmd_control/i_reset00_out
    SLICE_X27Y87         FDCE                                         f  pm_top_mux_inst/scd_estimator_inst/pm_first_stage_wrap_inst/first_stage_fsmd_control/r_index_reg_reg[1]/CLR
  -------------------------------------------------------------------    -------------------

                         (clock clk_fpga_0 rise edge)
                                                     25.000    25.000 r  
    PS7_X0Y0             PS7                          0.000    25.000 r  comblock_setup_wrapper_inst/comblock_setup_i/processing_system7_0/inst/PS7_i/FCLKCLK[0]
                         net (fo=1, routed)           1.088    26.088    comblock_setup_wrapper_inst/comblock_setup_i/processing_system7_0/inst/FCLK_CLK_unbuffered[0]
    BUFGCTRL_X0Y16       BUFG (Prop_bufg_I_O)         0.091    26.179 r  comblock_setup_wrapper_inst/comblock_setup_i/processing_system7_0/inst/buffer_fclk_clk_0.FCLK_CLK_0_BUFG/O
                         net (fo=31598, routed)       1.517    27.696    pm_top_mux_inst/scd_estimator_inst/pm_first_stage_wrap_inst/first_stage_fsmd_control/PS_CLOCK0
    SLICE_X27Y87         FDCE                                         r  pm_top_mux_inst/scd_estimator_inst/pm_first_stage_wrap_inst/first_stage_fsmd_control/r_index_reg_reg[1]/C
                         clock pessimism              0.129    27.825    
                         clock uncertainty           -0.377    27.448    
    SLICE_X27Y87         FDCE (Recov_fdce_C_CLR)     -0.613    26.835    pm_top_mux_inst/scd_estimator_inst/pm_first_stage_wrap_inst/first_stage_fsmd_control/r_index_reg_reg[1]
  -------------------------------------------------------------------
                         required time                         26.835    
                         arrival time                          -8.120    
  -------------------------------------------------------------------
                         slack                                 18.715    

Slack (MET) :             18.715ns  (required time - arrival time)
  Source:                 comblock_adapter_inst/r_top_mux_reset_reg/C
                            (rising edge-triggered cell FDRE clocked by clk_fpga_0  {rise@0.000ns fall@12.500ns period=25.000ns})
  Destination:            pm_top_mux_inst/scd_estimator_inst/pm_first_stage_wrap_inst/first_stage_fsmd_control/r_index_reg_reg[1]_rep__0/CLR
                            (recovery check against rising-edge clock clk_fpga_0  {rise@0.000ns fall@12.500ns period=25.000ns})
  Path Group:             **async_default**
  Path Type:              Recovery (Max at Slow Process Corner)
  Requirement:            25.000ns  (clk_fpga_0 rise@25.000ns - clk_fpga_0 rise@0.000ns)
  Data Path Delay:        4.984ns  (logic 0.667ns (13.382%)  route 4.317ns (86.618%))
  Logic Levels:           1  (LUT3=1)
  Clock Path Skew:        -0.311ns (DCD - SCD + CPR)
    Destination Clock Delay (DCD):    2.696ns = ( 27.696 - 25.000 ) 
    Source Clock Delay      (SCD):    3.136ns
    Clock Pessimism Removal (CPR):    0.129ns
  Clock Uncertainty:      0.377ns  ((TSJ^2 + TIJ^2)^1/2 + DJ) / 2 + PE
    Total System Jitter     (TSJ):    0.071ns
    Total Input Jitter      (TIJ):    0.750ns
    Discrete Jitter          (DJ):    0.000ns
    Phase Error              (PE):    0.000ns

    Location             Delay type                Incr(ns)  Path(ns)    Netlist Resource(s)
  -------------------------------------------------------------------    -------------------
                         (clock clk_fpga_0 rise edge)
                                                      0.000     0.000 r  
    PS7_X0Y0             PS7                          0.000     0.000 r  comblock_setup_wrapper_inst/comblock_setup_i/processing_system7_0/inst/PS7_i/FCLKCLK[0]
                         net (fo=1, routed)           1.193     1.193    comblock_setup_wrapper_inst/comblock_setup_i/processing_system7_0/inst/FCLK_CLK_unbuffered[0]
    BUFGCTRL_X0Y16       BUFG (Prop_bufg_I_O)         0.101     1.294 r  comblock_setup_wrapper_inst/comblock_setup_i/processing_system7_0/inst/buffer_fclk_clk_0.FCLK_CLK_0_BUFG/O
                         net (fo=31598, routed)       1.842     3.136    comblock_adapter_inst/PS_CLOCK0
    SLICE_X36Y109        FDRE                                         r  comblock_adapter_inst/r_top_mux_reset_reg/C
  -------------------------------------------------------------------    -------------------
    SLICE_X36Y109        FDRE (Prop_fdre_C_Q)         0.518     3.654 f  comblock_adapter_inst/r_top_mux_reset_reg/Q
                         net (fo=155, routed)         1.061     4.715    pm_top_mux_inst/pm_top_mux_fsmd_control/FSM_onehot_state_reg_reg[1]_0[0]
    SLICE_X43Y107        LUT3 (Prop_lut3_I0_O)        0.149     4.864 f  pm_top_mux_inst/pm_top_mux_fsmd_control/p_0_out_i_2/O
                         net (fo=18605, routed)       3.256     8.120    pm_top_mux_inst/scd_estimator_inst/pm_first_stage_wrap_inst/first_stage_fsmd_control/i_reset00_out
    SLICE_X27Y87         FDCE                                         f  pm_top_mux_inst/scd_estimator_inst/pm_first_stage_wrap_inst/first_stage_fsmd_control/r_index_reg_reg[1]_rep__0/CLR
  -------------------------------------------------------------------    -------------------

                         (clock clk_fpga_0 rise edge)
                                                     25.000    25.000 r  
    PS7_X0Y0             PS7                          0.000    25.000 r  comblock_setup_wrapper_inst/comblock_setup_i/processing_system7_0/inst/PS7_i/FCLKCLK[0]
                         net (fo=1, routed)           1.088    26.088    comblock_setup_wrapper_inst/comblock_setup_i/processing_system7_0/inst/FCLK_CLK_unbuffered[0]
    BUFGCTRL_X0Y16       BUFG (Prop_bufg_I_O)         0.091    26.179 r  comblock_setup_wrapper_inst/comblock_setup_i/processing_system7_0/inst/buffer_fclk_clk_0.FCLK_CLK_0_BUFG/O
                         net (fo=31598, routed)       1.517    27.696    pm_top_mux_inst/scd_estimator_inst/pm_first_stage_wrap_inst/first_stage_fsmd_control/PS_CLOCK0
    SLICE_X27Y87         FDCE                                         r  pm_top_mux_inst/scd_estimator_inst/pm_first_stage_wrap_inst/first_stage_fsmd_control/r_index_reg_reg[1]_rep__0/C
                         clock pessimism              0.129    27.825    
                         clock uncertainty           -0.377    27.448    
    SLICE_X27Y87         FDCE (Recov_fdce_C_CLR)     -0.613    26.835    pm_top_mux_inst/scd_estimator_inst/pm_first_stage_wrap_inst/first_stage_fsmd_control/r_index_reg_reg[1]_rep__0
  -------------------------------------------------------------------
                         required time                         26.835    
                         arrival time                          -8.120    
  -------------------------------------------------------------------
                         slack                                 18.715    

Slack (MET) :             18.715ns  (required time - arrival time)
  Source:                 comblock_adapter_inst/r_top_mux_reset_reg/C
                            (rising edge-triggered cell FDRE clocked by clk_fpga_0  {rise@0.000ns fall@12.500ns period=25.000ns})
  Destination:            pm_top_mux_inst/scd_estimator_inst/pm_first_stage_wrap_inst/first_stage_fsmd_control/r_index_reg_reg[4]/CLR
                            (recovery check against rising-edge clock clk_fpga_0  {rise@0.000ns fall@12.500ns period=25.000ns})
  Path Group:             **async_default**
  Path Type:              Recovery (Max at Slow Process Corner)
  Requirement:            25.000ns  (clk_fpga_0 rise@25.000ns - clk_fpga_0 rise@0.000ns)
  Data Path Delay:        4.984ns  (logic 0.667ns (13.382%)  route 4.317ns (86.618%))
  Logic Levels:           1  (LUT3=1)
  Clock Path Skew:        -0.311ns (DCD - SCD + CPR)
    Destination Clock Delay (DCD):    2.696ns = ( 27.696 - 25.000 ) 
    Source Clock Delay      (SCD):    3.136ns
    Clock Pessimism Removal (CPR):    0.129ns
  Clock Uncertainty:      0.377ns  ((TSJ^2 + TIJ^2)^1/2 + DJ) / 2 + PE
    Total System Jitter     (TSJ):    0.071ns
    Total Input Jitter      (TIJ):    0.750ns
    Discrete Jitter          (DJ):    0.000ns
    Phase Error              (PE):    0.000ns

    Location             Delay type                Incr(ns)  Path(ns)    Netlist Resource(s)
  -------------------------------------------------------------------    -------------------
                         (clock clk_fpga_0 rise edge)
                                                      0.000     0.000 r  
    PS7_X0Y0             PS7                          0.000     0.000 r  comblock_setup_wrapper_inst/comblock_setup_i/processing_system7_0/inst/PS7_i/FCLKCLK[0]
                         net (fo=1, routed)           1.193     1.193    comblock_setup_wrapper_inst/comblock_setup_i/processing_system7_0/inst/FCLK_CLK_unbuffered[0]
    BUFGCTRL_X0Y16       BUFG (Prop_bufg_I_O)         0.101     1.294 r  comblock_setup_wrapper_inst/comblock_setup_i/processing_system7_0/inst/buffer_fclk_clk_0.FCLK_CLK_0_BUFG/O
                         net (fo=31598, routed)       1.842     3.136    comblock_adapter_inst/PS_CLOCK0
    SLICE_X36Y109        FDRE                                         r  comblock_adapter_inst/r_top_mux_reset_reg/C
  -------------------------------------------------------------------    -------------------
    SLICE_X36Y109        FDRE (Prop_fdre_C_Q)         0.518     3.654 f  comblock_adapter_inst/r_top_mux_reset_reg/Q
                         net (fo=155, routed)         1.061     4.715    pm_top_mux_inst/pm_top_mux_fsmd_control/FSM_onehot_state_reg_reg[1]_0[0]
    SLICE_X43Y107        LUT3 (Prop_lut3_I0_O)        0.149     4.864 f  pm_top_mux_inst/pm_top_mux_fsmd_control/p_0_out_i_2/O
                         net (fo=18605, routed)       3.256     8.120    pm_top_mux_inst/scd_estimator_inst/pm_first_stage_wrap_inst/first_stage_fsmd_control/i_reset00_out
    SLICE_X27Y87         FDCE                                         f  pm_top_mux_inst/scd_estimator_inst/pm_first_stage_wrap_inst/first_stage_fsmd_control/r_index_reg_reg[4]/CLR
  -------------------------------------------------------------------    -------------------

                         (clock clk_fpga_0 rise edge)
                                                     25.000    25.000 r  
    PS7_X0Y0             PS7                          0.000    25.000 r  comblock_setup_wrapper_inst/comblock_setup_i/processing_system7_0/inst/PS7_i/FCLKCLK[0]
                         net (fo=1, routed)           1.088    26.088    comblock_setup_wrapper_inst/comblock_setup_i/processing_system7_0/inst/FCLK_CLK_unbuffered[0]
    BUFGCTRL_X0Y16       BUFG (Prop_bufg_I_O)         0.091    26.179 r  comblock_setup_wrapper_inst/comblock_setup_i/processing_system7_0/inst/buffer_fclk_clk_0.FCLK_CLK_0_BUFG/O
                         net (fo=31598, routed)       1.517    27.696    pm_top_mux_inst/scd_estimator_inst/pm_first_stage_wrap_inst/first_stage_fsmd_control/PS_CLOCK0
    SLICE_X27Y87         FDCE                                         r  pm_top_mux_inst/scd_estimator_inst/pm_first_stage_wrap_inst/first_stage_fsmd_control/r_index_reg_reg[4]/C
                         clock pessimism              0.129    27.825    
                         clock uncertainty           -0.377    27.448    
    SLICE_X27Y87         FDCE (Recov_fdce_C_CLR)     -0.613    26.835    pm_top_mux_inst/scd_estimator_inst/pm_first_stage_wrap_inst/first_stage_fsmd_control/r_index_reg_reg[4]
  -------------------------------------------------------------------
                         required time                         26.835    
                         arrival time                          -8.120    
  -------------------------------------------------------------------
                         slack                                 18.715    

Slack (MET) :             18.729ns  (required time - arrival time)
  Source:                 comblock_adapter_inst/r_top_mux_reset_reg/C
                            (rising edge-triggered cell FDRE clocked by clk_fpga_0  {rise@0.000ns fall@12.500ns period=25.000ns})
  Destination:            pm_top_mux_inst/scd_estimator_inst/pm_first_stage_wrap_inst/first_stage_fsmd_control/r_fft_data_in_reg_reg[16]/CLR
                            (recovery check against rising-edge clock clk_fpga_0  {rise@0.000ns fall@12.500ns period=25.000ns})
  Path Group:             **async_default**
  Path Type:              Recovery (Max at Slow Process Corner)
  Requirement:            25.000ns  (clk_fpga_0 rise@25.000ns - clk_fpga_0 rise@0.000ns)
  Data Path Delay:        5.052ns  (logic 0.667ns (13.203%)  route 4.385ns (86.797%))
  Logic Levels:           1  (LUT3=1)
  Clock Path Skew:        -0.315ns (DCD - SCD + CPR)
    Destination Clock Delay (DCD):    2.692ns = ( 27.692 - 25.000 ) 
    Source Clock Delay      (SCD):    3.136ns
    Clock Pessimism Removal (CPR):    0.129ns
  Clock Uncertainty:      0.377ns  ((TSJ^2 + TIJ^2)^1/2 + DJ) / 2 + PE
    Total System Jitter     (TSJ):    0.071ns
    Total Input Jitter      (TIJ):    0.750ns
    Discrete Jitter          (DJ):    0.000ns
    Phase Error              (PE):    0.000ns

    Location             Delay type                Incr(ns)  Path(ns)    Netlist Resource(s)
  -------------------------------------------------------------------    -------------------
                         (clock clk_fpga_0 rise edge)
                                                      0.000     0.000 r  
    PS7_X0Y0             PS7                          0.000     0.000 r  comblock_setup_wrapper_inst/comblock_setup_i/processing_system7_0/inst/PS7_i/FCLKCLK[0]
                         net (fo=1, routed)           1.193     1.193    comblock_setup_wrapper_inst/comblock_setup_i/processing_system7_0/inst/FCLK_CLK_unbuffered[0]
    BUFGCTRL_X0Y16       BUFG (Prop_bufg_I_O)         0.101     1.294 r  comblock_setup_wrapper_inst/comblock_setup_i/processing_system7_0/inst/buffer_fclk_clk_0.FCLK_CLK_0_BUFG/O
                         net (fo=31598, routed)       1.842     3.136    comblock_adapter_inst/PS_CLOCK0
    SLICE_X36Y109        FDRE                                         r  comblock_adapter_inst/r_top_mux_reset_reg/C
  -------------------------------------------------------------------    -------------------
    SLICE_X36Y109        FDRE (Prop_fdre_C_Q)         0.518     3.654 f  comblock_adapter_inst/r_top_mux_reset_reg/Q
                         net (fo=155, routed)         1.061     4.715    pm_top_mux_inst/pm_top_mux_fsmd_control/FSM_onehot_state_reg_reg[1]_0[0]
    SLICE_X43Y107        LUT3 (Prop_lut3_I0_O)        0.149     4.864 f  pm_top_mux_inst/pm_top_mux_fsmd_control/p_0_out_i_2/O
                         net (fo=18605, routed)       3.324     8.188    pm_top_mux_inst/scd_estimator_inst/pm_first_stage_wrap_inst/first_stage_fsmd_control/i_reset00_out
    SLICE_X30Y78         FDCE                                         f  pm_top_mux_inst/scd_estimator_inst/pm_first_stage_wrap_inst/first_stage_fsmd_control/r_fft_data_in_reg_reg[16]/CLR
  -------------------------------------------------------------------    -------------------

                         (clock clk_fpga_0 rise edge)
                                                     25.000    25.000 r  
    PS7_X0Y0             PS7                          0.000    25.000 r  comblock_setup_wrapper_inst/comblock_setup_i/processing_system7_0/inst/PS7_i/FCLKCLK[0]
                         net (fo=1, routed)           1.088    26.088    comblock_setup_wrapper_inst/comblock_setup_i/processing_system7_0/inst/FCLK_CLK_unbuffered[0]
    BUFGCTRL_X0Y16       BUFG (Prop_bufg_I_O)         0.091    26.179 r  comblock_setup_wrapper_inst/comblock_setup_i/processing_system7_0/inst/buffer_fclk_clk_0.FCLK_CLK_0_BUFG/O
                         net (fo=31598, routed)       1.513    27.692    pm_top_mux_inst/scd_estimator_inst/pm_first_stage_wrap_inst/first_stage_fsmd_control/PS_CLOCK0
    SLICE_X30Y78         FDCE                                         r  pm_top_mux_inst/scd_estimator_inst/pm_first_stage_wrap_inst/first_stage_fsmd_control/r_fft_data_in_reg_reg[16]/C
                         clock pessimism              0.129    27.821    
                         clock uncertainty           -0.377    27.444    
    SLICE_X30Y78         FDCE (Recov_fdce_C_CLR)     -0.527    26.917    pm_top_mux_inst/scd_estimator_inst/pm_first_stage_wrap_inst/first_stage_fsmd_control/r_fft_data_in_reg_reg[16]
  -------------------------------------------------------------------
                         required time                         26.917    
                         arrival time                          -8.188    
  -------------------------------------------------------------------
                         slack                                 18.729    

Slack (MET) :             18.729ns  (required time - arrival time)
  Source:                 comblock_adapter_inst/r_top_mux_reset_reg/C
                            (rising edge-triggered cell FDRE clocked by clk_fpga_0  {rise@0.000ns fall@12.500ns period=25.000ns})
  Destination:            pm_top_mux_inst/scd_estimator_inst/pm_first_stage_wrap_inst/first_stage_fsmd_control/r_fft_data_in_reg_reg[20]/CLR
                            (recovery check against rising-edge clock clk_fpga_0  {rise@0.000ns fall@12.500ns period=25.000ns})
  Path Group:             **async_default**
  Path Type:              Recovery (Max at Slow Process Corner)
  Requirement:            25.000ns  (clk_fpga_0 rise@25.000ns - clk_fpga_0 rise@0.000ns)
  Data Path Delay:        5.052ns  (logic 0.667ns (13.203%)  route 4.385ns (86.797%))
  Logic Levels:           1  (LUT3=1)
  Clock Path Skew:        -0.315ns (DCD - SCD + CPR)
    Destination Clock Delay (DCD):    2.692ns = ( 27.692 - 25.000 ) 
    Source Clock Delay      (SCD):    3.136ns
    Clock Pessimism Removal (CPR):    0.129ns
  Clock Uncertainty:      0.377ns  ((TSJ^2 + TIJ^2)^1/2 + DJ) / 2 + PE
    Total System Jitter     (TSJ):    0.071ns
    Total Input Jitter      (TIJ):    0.750ns
    Discrete Jitter          (DJ):    0.000ns
    Phase Error              (PE):    0.000ns

    Location             Delay type                Incr(ns)  Path(ns)    Netlist Resource(s)
  -------------------------------------------------------------------    -------------------
                         (clock clk_fpga_0 rise edge)
                                                      0.000     0.000 r  
    PS7_X0Y0             PS7                          0.000     0.000 r  comblock_setup_wrapper_inst/comblock_setup_i/processing_system7_0/inst/PS7_i/FCLKCLK[0]
                         net (fo=1, routed)           1.193     1.193    comblock_setup_wrapper_inst/comblock_setup_i/processing_system7_0/inst/FCLK_CLK_unbuffered[0]
    BUFGCTRL_X0Y16       BUFG (Prop_bufg_I_O)         0.101     1.294 r  comblock_setup_wrapper_inst/comblock_setup_i/processing_system7_0/inst/buffer_fclk_clk_0.FCLK_CLK_0_BUFG/O
                         net (fo=31598, routed)       1.842     3.136    comblock_adapter_inst/PS_CLOCK0
    SLICE_X36Y109        FDRE                                         r  comblock_adapter_inst/r_top_mux_reset_reg/C
  -------------------------------------------------------------------    -------------------
    SLICE_X36Y109        FDRE (Prop_fdre_C_Q)         0.518     3.654 f  comblock_adapter_inst/r_top_mux_reset_reg/Q
                         net (fo=155, routed)         1.061     4.715    pm_top_mux_inst/pm_top_mux_fsmd_control/FSM_onehot_state_reg_reg[1]_0[0]
    SLICE_X43Y107        LUT3 (Prop_lut3_I0_O)        0.149     4.864 f  pm_top_mux_inst/pm_top_mux_fsmd_control/p_0_out_i_2/O
                         net (fo=18605, routed)       3.324     8.188    pm_top_mux_inst/scd_estimator_inst/pm_first_stage_wrap_inst/first_stage_fsmd_control/i_reset00_out
    SLICE_X30Y78         FDCE                                         f  pm_top_mux_inst/scd_estimator_inst/pm_first_stage_wrap_inst/first_stage_fsmd_control/r_fft_data_in_reg_reg[20]/CLR
  -------------------------------------------------------------------    -------------------

                         (clock clk_fpga_0 rise edge)
                                                     25.000    25.000 r  
    PS7_X0Y0             PS7                          0.000    25.000 r  comblock_setup_wrapper_inst/comblock_setup_i/processing_system7_0/inst/PS7_i/FCLKCLK[0]
                         net (fo=1, routed)           1.088    26.088    comblock_setup_wrapper_inst/comblock_setup_i/processing_system7_0/inst/FCLK_CLK_unbuffered[0]
    BUFGCTRL_X0Y16       BUFG (Prop_bufg_I_O)         0.091    26.179 r  comblock_setup_wrapper_inst/comblock_setup_i/processing_system7_0/inst/buffer_fclk_clk_0.FCLK_CLK_0_BUFG/O
                         net (fo=31598, routed)       1.513    27.692    pm_top_mux_inst/scd_estimator_inst/pm_first_stage_wrap_inst/first_stage_fsmd_control/PS_CLOCK0
    SLICE_X30Y78         FDCE                                         r  pm_top_mux_inst/scd_estimator_inst/pm_first_stage_wrap_inst/first_stage_fsmd_control/r_fft_data_in_reg_reg[20]/C
                         clock pessimism              0.129    27.821    
                         clock uncertainty           -0.377    27.444    
    SLICE_X30Y78         FDCE (Recov_fdce_C_CLR)     -0.527    26.917    pm_top_mux_inst/scd_estimator_inst/pm_first_stage_wrap_inst/first_stage_fsmd_control/r_fft_data_in_reg_reg[20]
  -------------------------------------------------------------------
                         required time                         26.917    
                         arrival time                          -8.188    
  -------------------------------------------------------------------
                         slack                                 18.729    

Slack (MET) :             18.729ns  (required time - arrival time)
  Source:                 comblock_adapter_inst/r_top_mux_reset_reg/C
                            (rising edge-triggered cell FDRE clocked by clk_fpga_0  {rise@0.000ns fall@12.500ns period=25.000ns})
  Destination:            pm_top_mux_inst/scd_estimator_inst/pm_first_stage_wrap_inst/first_stage_fsmd_control/r_fft_data_in_reg_reg[21]/CLR
                            (recovery check against rising-edge clock clk_fpga_0  {rise@0.000ns fall@12.500ns period=25.000ns})
  Path Group:             **async_default**
  Path Type:              Recovery (Max at Slow Process Corner)
  Requirement:            25.000ns  (clk_fpga_0 rise@25.000ns - clk_fpga_0 rise@0.000ns)
  Data Path Delay:        5.052ns  (logic 0.667ns (13.203%)  route 4.385ns (86.797%))
  Logic Levels:           1  (LUT3=1)
  Clock Path Skew:        -0.315ns (DCD - SCD + CPR)
    Destination Clock Delay (DCD):    2.692ns = ( 27.692 - 25.000 ) 
    Source Clock Delay      (SCD):    3.136ns
    Clock Pessimism Removal (CPR):    0.129ns
  Clock Uncertainty:      0.377ns  ((TSJ^2 + TIJ^2)^1/2 + DJ) / 2 + PE
    Total System Jitter     (TSJ):    0.071ns
    Total Input Jitter      (TIJ):    0.750ns
    Discrete Jitter          (DJ):    0.000ns
    Phase Error              (PE):    0.000ns

    Location             Delay type                Incr(ns)  Path(ns)    Netlist Resource(s)
  -------------------------------------------------------------------    -------------------
                         (clock clk_fpga_0 rise edge)
                                                      0.000     0.000 r  
    PS7_X0Y0             PS7                          0.000     0.000 r  comblock_setup_wrapper_inst/comblock_setup_i/processing_system7_0/inst/PS7_i/FCLKCLK[0]
                         net (fo=1, routed)           1.193     1.193    comblock_setup_wrapper_inst/comblock_setup_i/processing_system7_0/inst/FCLK_CLK_unbuffered[0]
    BUFGCTRL_X0Y16       BUFG (Prop_bufg_I_O)         0.101     1.294 r  comblock_setup_wrapper_inst/comblock_setup_i/processing_system7_0/inst/buffer_fclk_clk_0.FCLK_CLK_0_BUFG/O
                         net (fo=31598, routed)       1.842     3.136    comblock_adapter_inst/PS_CLOCK0
    SLICE_X36Y109        FDRE                                         r  comblock_adapter_inst/r_top_mux_reset_reg/C
  -------------------------------------------------------------------    -------------------
    SLICE_X36Y109        FDRE (Prop_fdre_C_Q)         0.518     3.654 f  comblock_adapter_inst/r_top_mux_reset_reg/Q
                         net (fo=155, routed)         1.061     4.715    pm_top_mux_inst/pm_top_mux_fsmd_control/FSM_onehot_state_reg_reg[1]_0[0]
    SLICE_X43Y107        LUT3 (Prop_lut3_I0_O)        0.149     4.864 f  pm_top_mux_inst/pm_top_mux_fsmd_control/p_0_out_i_2/O
                         net (fo=18605, routed)       3.324     8.188    pm_top_mux_inst/scd_estimator_inst/pm_first_stage_wrap_inst/first_stage_fsmd_control/i_reset00_out
    SLICE_X30Y78         FDCE                                         f  pm_top_mux_inst/scd_estimator_inst/pm_first_stage_wrap_inst/first_stage_fsmd_control/r_fft_data_in_reg_reg[21]/CLR
  -------------------------------------------------------------------    -------------------

                         (clock clk_fpga_0 rise edge)
                                                     25.000    25.000 r  
    PS7_X0Y0             PS7                          0.000    25.000 r  comblock_setup_wrapper_inst/comblock_setup_i/processing_system7_0/inst/PS7_i/FCLKCLK[0]
                         net (fo=1, routed)           1.088    26.088    comblock_setup_wrapper_inst/comblock_setup_i/processing_system7_0/inst/FCLK_CLK_unbuffered[0]
    BUFGCTRL_X0Y16       BUFG (Prop_bufg_I_O)         0.091    26.179 r  comblock_setup_wrapper_inst/comblock_setup_i/processing_system7_0/inst/buffer_fclk_clk_0.FCLK_CLK_0_BUFG/O
                         net (fo=31598, routed)       1.513    27.692    pm_top_mux_inst/scd_estimator_inst/pm_first_stage_wrap_inst/first_stage_fsmd_control/PS_CLOCK0
    SLICE_X30Y78         FDCE                                         r  pm_top_mux_inst/scd_estimator_inst/pm_first_stage_wrap_inst/first_stage_fsmd_control/r_fft_data_in_reg_reg[21]/C
                         clock pessimism              0.129    27.821    
                         clock uncertainty           -0.377    27.444    
    SLICE_X30Y78         FDCE (Recov_fdce_C_CLR)     -0.527    26.917    pm_top_mux_inst/scd_estimator_inst/pm_first_stage_wrap_inst/first_stage_fsmd_control/r_fft_data_in_reg_reg[21]
  -------------------------------------------------------------------
                         required time                         26.917    
                         arrival time                          -8.188    
  -------------------------------------------------------------------
                         slack                                 18.729    

Slack (MET) :             18.729ns  (required time - arrival time)
  Source:                 comblock_adapter_inst/r_top_mux_reset_reg/C
                            (rising edge-triggered cell FDRE clocked by clk_fpga_0  {rise@0.000ns fall@12.500ns period=25.000ns})
  Destination:            pm_top_mux_inst/scd_estimator_inst/pm_first_stage_wrap_inst/first_stage_fsmd_control/r_fft_data_in_reg_reg[28]/CLR
                            (recovery check against rising-edge clock clk_fpga_0  {rise@0.000ns fall@12.500ns period=25.000ns})
  Path Group:             **async_default**
  Path Type:              Recovery (Max at Slow Process Corner)
  Requirement:            25.000ns  (clk_fpga_0 rise@25.000ns - clk_fpga_0 rise@0.000ns)
  Data Path Delay:        5.052ns  (logic 0.667ns (13.203%)  route 4.385ns (86.797%))
  Logic Levels:           1  (LUT3=1)
  Clock Path Skew:        -0.315ns (DCD - SCD + CPR)
    Destination Clock Delay (DCD):    2.692ns = ( 27.692 - 25.000 ) 
    Source Clock Delay      (SCD):    3.136ns
    Clock Pessimism Removal (CPR):    0.129ns
  Clock Uncertainty:      0.377ns  ((TSJ^2 + TIJ^2)^1/2 + DJ) / 2 + PE
    Total System Jitter     (TSJ):    0.071ns
    Total Input Jitter      (TIJ):    0.750ns
    Discrete Jitter          (DJ):    0.000ns
    Phase Error              (PE):    0.000ns

    Location             Delay type                Incr(ns)  Path(ns)    Netlist Resource(s)
  -------------------------------------------------------------------    -------------------
                         (clock clk_fpga_0 rise edge)
                                                      0.000     0.000 r  
    PS7_X0Y0             PS7                          0.000     0.000 r  comblock_setup_wrapper_inst/comblock_setup_i/processing_system7_0/inst/PS7_i/FCLKCLK[0]
                         net (fo=1, routed)           1.193     1.193    comblock_setup_wrapper_inst/comblock_setup_i/processing_system7_0/inst/FCLK_CLK_unbuffered[0]
    BUFGCTRL_X0Y16       BUFG (Prop_bufg_I_O)         0.101     1.294 r  comblock_setup_wrapper_inst/comblock_setup_i/processing_system7_0/inst/buffer_fclk_clk_0.FCLK_CLK_0_BUFG/O
                         net (fo=31598, routed)       1.842     3.136    comblock_adapter_inst/PS_CLOCK0
    SLICE_X36Y109        FDRE                                         r  comblock_adapter_inst/r_top_mux_reset_reg/C
  -------------------------------------------------------------------    -------------------
    SLICE_X36Y109        FDRE (Prop_fdre_C_Q)         0.518     3.654 f  comblock_adapter_inst/r_top_mux_reset_reg/Q
                         net (fo=155, routed)         1.061     4.715    pm_top_mux_inst/pm_top_mux_fsmd_control/FSM_onehot_state_reg_reg[1]_0[0]
    SLICE_X43Y107        LUT3 (Prop_lut3_I0_O)        0.149     4.864 f  pm_top_mux_inst/pm_top_mux_fsmd_control/p_0_out_i_2/O
                         net (fo=18605, routed)       3.324     8.188    pm_top_mux_inst/scd_estimator_inst/pm_first_stage_wrap_inst/first_stage_fsmd_control/i_reset00_out
    SLICE_X30Y78         FDCE                                         f  pm_top_mux_inst/scd_estimator_inst/pm_first_stage_wrap_inst/first_stage_fsmd_control/r_fft_data_in_reg_reg[28]/CLR
  -------------------------------------------------------------------    -------------------

                         (clock clk_fpga_0 rise edge)
                                                     25.000    25.000 r  
    PS7_X0Y0             PS7                          0.000    25.000 r  comblock_setup_wrapper_inst/comblock_setup_i/processing_system7_0/inst/PS7_i/FCLKCLK[0]
                         net (fo=1, routed)           1.088    26.088    comblock_setup_wrapper_inst/comblock_setup_i/processing_system7_0/inst/FCLK_CLK_unbuffered[0]
    BUFGCTRL_X0Y16       BUFG (Prop_bufg_I_O)         0.091    26.179 r  comblock_setup_wrapper_inst/comblock_setup_i/processing_system7_0/inst/buffer_fclk_clk_0.FCLK_CLK_0_BUFG/O
                         net (fo=31598, routed)       1.513    27.692    pm_top_mux_inst/scd_estimator_inst/pm_first_stage_wrap_inst/first_stage_fsmd_control/PS_CLOCK0
    SLICE_X30Y78         FDCE                                         r  pm_top_mux_inst/scd_estimator_inst/pm_first_stage_wrap_inst/first_stage_fsmd_control/r_fft_data_in_reg_reg[28]/C
                         clock pessimism              0.129    27.821    
                         clock uncertainty           -0.377    27.444    
    SLICE_X30Y78         FDCE (Recov_fdce_C_CLR)     -0.527    26.917    pm_top_mux_inst/scd_estimator_inst/pm_first_stage_wrap_inst/first_stage_fsmd_control/r_fft_data_in_reg_reg[28]
  -------------------------------------------------------------------
                         required time                         26.917    
                         arrival time                          -8.188    
  -------------------------------------------------------------------
                         slack                                 18.729    





Min Delay Paths
--------------------------------------------------------------------------------------
Slack (MET) :             1.168ns  (arrival time - required time)
  Source:                 pm_top_mux_inst/pm_top_mux_fsmd_control/FSM_onehot_state_reg_reg[6]/C
                            (rising edge-triggered cell FDRE clocked by clk_fpga_0  {rise@0.000ns fall@12.500ns period=25.000ns})
  Destination:            pm_top_mux_inst/scd_estimator_inst/pm_first_stage_wrap_inst/first_stage_fsmd_control/r_ram_write_addr_reg_reg[4]/CLR
                            (removal check against rising-edge clock clk_fpga_0  {rise@0.000ns fall@12.500ns period=25.000ns})
  Path Group:             **async_default**
  Path Type:              Removal (Min at Fast Process Corner)
  Requirement:            0.000ns  (clk_fpga_0 rise@0.000ns - clk_fpga_0 rise@0.000ns)
  Data Path Delay:        1.209ns  (logic 0.190ns (15.720%)  route 1.019ns (84.280%))
  Logic Levels:           1  (LUT3=1)
  Clock Path Skew:        0.200ns (DCD - SCD - CPR)
    Destination Clock Delay (DCD):    1.208ns
    Source Clock Delay      (SCD):    0.973ns
    Clock Pessimism Removal (CPR):    0.035ns

    Location             Delay type                Incr(ns)  Path(ns)    Netlist Resource(s)
  -------------------------------------------------------------------    -------------------
                         (clock clk_fpga_0 rise edge)
                                                      0.000     0.000 r  
    PS7_X0Y0             PS7                          0.000     0.000 r  comblock_setup_wrapper_inst/comblock_setup_i/processing_system7_0/inst/PS7_i/FCLKCLK[0]
                         net (fo=1, routed)           0.310     0.310    comblock_setup_wrapper_inst/comblock_setup_i/processing_system7_0/inst/FCLK_CLK_unbuffered[0]
    BUFGCTRL_X0Y16       BUFG (Prop_bufg_I_O)         0.026     0.336 r  comblock_setup_wrapper_inst/comblock_setup_i/processing_system7_0/inst/buffer_fclk_clk_0.FCLK_CLK_0_BUFG/O
                         net (fo=31598, routed)       0.637     0.973    pm_top_mux_inst/pm_top_mux_fsmd_control/PS_CLOCK0
    SLICE_X43Y107        FDRE                                         r  pm_top_mux_inst/pm_top_mux_fsmd_control/FSM_onehot_state_reg_reg[6]/C
  -------------------------------------------------------------------    -------------------
    SLICE_X43Y107        FDRE (Prop_fdre_C_Q)         0.141     1.114 f  pm_top_mux_inst/pm_top_mux_fsmd_control/FSM_onehot_state_reg_reg[6]/Q
                         net (fo=3, routed)           0.166     1.280    pm_top_mux_inst/pm_top_mux_fsmd_control/FSM_onehot_state_reg_reg_n_0_[6]
    SLICE_X43Y107        LUT3 (Prop_lut3_I1_O)        0.049     1.329 f  pm_top_mux_inst/pm_top_mux_fsmd_control/p_0_out_i_2/O
                         net (fo=18605, routed)       0.853     2.182    pm_top_mux_inst/scd_estimator_inst/pm_first_stage_wrap_inst/first_stage_fsmd_control/i_reset00_out
    SLICE_X29Y89         FDCE                                         f  pm_top_mux_inst/scd_estimator_inst/pm_first_stage_wrap_inst/first_stage_fsmd_control/r_ram_write_addr_reg_reg[4]/CLR
  -------------------------------------------------------------------    -------------------

                         (clock clk_fpga_0 rise edge)
                                                      0.000     0.000 r  
    PS7_X0Y0             PS7                          0.000     0.000 r  comblock_setup_wrapper_inst/comblock_setup_i/processing_system7_0/inst/PS7_i/FCLKCLK[0]
                         net (fo=1, routed)           0.337     0.337    comblock_setup_wrapper_inst/comblock_setup_i/processing_system7_0/inst/FCLK_CLK_unbuffered[0]
    BUFGCTRL_X0Y16       BUFG (Prop_bufg_I_O)         0.029     0.366 r  comblock_setup_wrapper_inst/comblock_setup_i/processing_system7_0/inst/buffer_fclk_clk_0.FCLK_CLK_0_BUFG/O
                         net (fo=31598, routed)       0.842     1.208    pm_top_mux_inst/scd_estimator_inst/pm_first_stage_wrap_inst/first_stage_fsmd_control/PS_CLOCK0
    SLICE_X29Y89         FDCE                                         r  pm_top_mux_inst/scd_estimator_inst/pm_first_stage_wrap_inst/first_stage_fsmd_control/r_ram_write_addr_reg_reg[4]/C
                         clock pessimism             -0.035     1.173    
    SLICE_X29Y89         FDCE (Remov_fdce_C_CLR)     -0.159     1.014    pm_top_mux_inst/scd_estimator_inst/pm_first_stage_wrap_inst/first_stage_fsmd_control/r_ram_write_addr_reg_reg[4]
  -------------------------------------------------------------------
                         required time                         -1.014    
                         arrival time                           2.182    
  -------------------------------------------------------------------
                         slack                                  1.168    

Slack (MET) :             1.168ns  (arrival time - required time)
  Source:                 pm_top_mux_inst/pm_top_mux_fsmd_control/FSM_onehot_state_reg_reg[6]/C
                            (rising edge-triggered cell FDRE clocked by clk_fpga_0  {rise@0.000ns fall@12.500ns period=25.000ns})
  Destination:            pm_top_mux_inst/scd_estimator_inst/pm_first_stage_wrap_inst/first_stage_fsmd_control/r_ram_write_addr_reg_reg[5]/CLR
                            (removal check against rising-edge clock clk_fpga_0  {rise@0.000ns fall@12.500ns period=25.000ns})
  Path Group:             **async_default**
  Path Type:              Removal (Min at Fast Process Corner)
  Requirement:            0.000ns  (clk_fpga_0 rise@0.000ns - clk_fpga_0 rise@0.000ns)
  Data Path Delay:        1.209ns  (logic 0.190ns (15.720%)  route 1.019ns (84.280%))
  Logic Levels:           1  (LUT3=1)
  Clock Path Skew:        0.200ns (DCD - SCD - CPR)
    Destination Clock Delay (DCD):    1.208ns
    Source Clock Delay      (SCD):    0.973ns
    Clock Pessimism Removal (CPR):    0.035ns

    Location             Delay type                Incr(ns)  Path(ns)    Netlist Resource(s)
  -------------------------------------------------------------------    -------------------
                         (clock clk_fpga_0 rise edge)
                                                      0.000     0.000 r  
    PS7_X0Y0             PS7                          0.000     0.000 r  comblock_setup_wrapper_inst/comblock_setup_i/processing_system7_0/inst/PS7_i/FCLKCLK[0]
                         net (fo=1, routed)           0.310     0.310    comblock_setup_wrapper_inst/comblock_setup_i/processing_system7_0/inst/FCLK_CLK_unbuffered[0]
    BUFGCTRL_X0Y16       BUFG (Prop_bufg_I_O)         0.026     0.336 r  comblock_setup_wrapper_inst/comblock_setup_i/processing_system7_0/inst/buffer_fclk_clk_0.FCLK_CLK_0_BUFG/O
                         net (fo=31598, routed)       0.637     0.973    pm_top_mux_inst/pm_top_mux_fsmd_control/PS_CLOCK0
    SLICE_X43Y107        FDRE                                         r  pm_top_mux_inst/pm_top_mux_fsmd_control/FSM_onehot_state_reg_reg[6]/C
  -------------------------------------------------------------------    -------------------
    SLICE_X43Y107        FDRE (Prop_fdre_C_Q)         0.141     1.114 f  pm_top_mux_inst/pm_top_mux_fsmd_control/FSM_onehot_state_reg_reg[6]/Q
                         net (fo=3, routed)           0.166     1.280    pm_top_mux_inst/pm_top_mux_fsmd_control/FSM_onehot_state_reg_reg_n_0_[6]
    SLICE_X43Y107        LUT3 (Prop_lut3_I1_O)        0.049     1.329 f  pm_top_mux_inst/pm_top_mux_fsmd_control/p_0_out_i_2/O
                         net (fo=18605, routed)       0.853     2.182    pm_top_mux_inst/scd_estimator_inst/pm_first_stage_wrap_inst/first_stage_fsmd_control/i_reset00_out
    SLICE_X29Y89         FDCE                                         f  pm_top_mux_inst/scd_estimator_inst/pm_first_stage_wrap_inst/first_stage_fsmd_control/r_ram_write_addr_reg_reg[5]/CLR
  -------------------------------------------------------------------    -------------------

                         (clock clk_fpga_0 rise edge)
                                                      0.000     0.000 r  
    PS7_X0Y0             PS7                          0.000     0.000 r  comblock_setup_wrapper_inst/comblock_setup_i/processing_system7_0/inst/PS7_i/FCLKCLK[0]
                         net (fo=1, routed)           0.337     0.337    comblock_setup_wrapper_inst/comblock_setup_i/processing_system7_0/inst/FCLK_CLK_unbuffered[0]
    BUFGCTRL_X0Y16       BUFG (Prop_bufg_I_O)         0.029     0.366 r  comblock_setup_wrapper_inst/comblock_setup_i/processing_system7_0/inst/buffer_fclk_clk_0.FCLK_CLK_0_BUFG/O
                         net (fo=31598, routed)       0.842     1.208    pm_top_mux_inst/scd_estimator_inst/pm_first_stage_wrap_inst/first_stage_fsmd_control/PS_CLOCK0
    SLICE_X29Y89         FDCE                                         r  pm_top_mux_inst/scd_estimator_inst/pm_first_stage_wrap_inst/first_stage_fsmd_control/r_ram_write_addr_reg_reg[5]/C
                         clock pessimism             -0.035     1.173    
    SLICE_X29Y89         FDCE (Remov_fdce_C_CLR)     -0.159     1.014    pm_top_mux_inst/scd_estimator_inst/pm_first_stage_wrap_inst/first_stage_fsmd_control/r_ram_write_addr_reg_reg[5]
  -------------------------------------------------------------------
                         required time                         -1.014    
                         arrival time                           2.182    
  -------------------------------------------------------------------
                         slack                                  1.168    

Slack (MET) :             1.172ns  (arrival time - required time)
  Source:                 pm_top_mux_inst/pm_top_mux_fsmd_control/FSM_onehot_state_reg_reg[6]/C
                            (rising edge-triggered cell FDRE clocked by clk_fpga_0  {rise@0.000ns fall@12.500ns period=25.000ns})
  Destination:            pm_top_mux_inst/scd_estimator_inst/pm_first_stage_wrap_inst/first_stage_fsmd_control/r_ram_write_addr_reg_reg[0]/CLR
                            (removal check against rising-edge clock clk_fpga_0  {rise@0.000ns fall@12.500ns period=25.000ns})
  Path Group:             **async_default**
  Path Type:              Removal (Min at Fast Process Corner)
  Requirement:            0.000ns  (clk_fpga_0 rise@0.000ns - clk_fpga_0 rise@0.000ns)
  Data Path Delay:        1.213ns  (logic 0.190ns (15.663%)  route 1.023ns (84.337%))
  Logic Levels:           1  (LUT3=1)
  Clock Path Skew:        0.200ns (DCD - SCD - CPR)
    Destination Clock Delay (DCD):    1.208ns
    Source Clock Delay      (SCD):    0.973ns
    Clock Pessimism Removal (CPR):    0.035ns

    Location             Delay type                Incr(ns)  Path(ns)    Netlist Resource(s)
  -------------------------------------------------------------------    -------------------
                         (clock clk_fpga_0 rise edge)
                                                      0.000     0.000 r  
    PS7_X0Y0             PS7                          0.000     0.000 r  comblock_setup_wrapper_inst/comblock_setup_i/processing_system7_0/inst/PS7_i/FCLKCLK[0]
                         net (fo=1, routed)           0.310     0.310    comblock_setup_wrapper_inst/comblock_setup_i/processing_system7_0/inst/FCLK_CLK_unbuffered[0]
    BUFGCTRL_X0Y16       BUFG (Prop_bufg_I_O)         0.026     0.336 r  comblock_setup_wrapper_inst/comblock_setup_i/processing_system7_0/inst/buffer_fclk_clk_0.FCLK_CLK_0_BUFG/O
                         net (fo=31598, routed)       0.637     0.973    pm_top_mux_inst/pm_top_mux_fsmd_control/PS_CLOCK0
    SLICE_X43Y107        FDRE                                         r  pm_top_mux_inst/pm_top_mux_fsmd_control/FSM_onehot_state_reg_reg[6]/C
  -------------------------------------------------------------------    -------------------
    SLICE_X43Y107        FDRE (Prop_fdre_C_Q)         0.141     1.114 f  pm_top_mux_inst/pm_top_mux_fsmd_control/FSM_onehot_state_reg_reg[6]/Q
                         net (fo=3, routed)           0.166     1.280    pm_top_mux_inst/pm_top_mux_fsmd_control/FSM_onehot_state_reg_reg_n_0_[6]
    SLICE_X43Y107        LUT3 (Prop_lut3_I1_O)        0.049     1.329 f  pm_top_mux_inst/pm_top_mux_fsmd_control/p_0_out_i_2/O
                         net (fo=18605, routed)       0.857     2.186    pm_top_mux_inst/scd_estimator_inst/pm_first_stage_wrap_inst/first_stage_fsmd_control/i_reset00_out
    SLICE_X28Y89         FDCE                                         f  pm_top_mux_inst/scd_estimator_inst/pm_first_stage_wrap_inst/first_stage_fsmd_control/r_ram_write_addr_reg_reg[0]/CLR
  -------------------------------------------------------------------    -------------------

                         (clock clk_fpga_0 rise edge)
                                                      0.000     0.000 r  
    PS7_X0Y0             PS7                          0.000     0.000 r  comblock_setup_wrapper_inst/comblock_setup_i/processing_system7_0/inst/PS7_i/FCLKCLK[0]
                         net (fo=1, routed)           0.337     0.337    comblock_setup_wrapper_inst/comblock_setup_i/processing_system7_0/inst/FCLK_CLK_unbuffered[0]
    BUFGCTRL_X0Y16       BUFG (Prop_bufg_I_O)         0.029     0.366 r  comblock_setup_wrapper_inst/comblock_setup_i/processing_system7_0/inst/buffer_fclk_clk_0.FCLK_CLK_0_BUFG/O
                         net (fo=31598, routed)       0.842     1.208    pm_top_mux_inst/scd_estimator_inst/pm_first_stage_wrap_inst/first_stage_fsmd_control/PS_CLOCK0
    SLICE_X28Y89         FDCE                                         r  pm_top_mux_inst/scd_estimator_inst/pm_first_stage_wrap_inst/first_stage_fsmd_control/r_ram_write_addr_reg_reg[0]/C
                         clock pessimism             -0.035     1.173    
    SLICE_X28Y89         FDCE (Remov_fdce_C_CLR)     -0.159     1.014    pm_top_mux_inst/scd_estimator_inst/pm_first_stage_wrap_inst/first_stage_fsmd_control/r_ram_write_addr_reg_reg[0]
  -------------------------------------------------------------------
                         required time                         -1.014    
                         arrival time                           2.186    
  -------------------------------------------------------------------
                         slack                                  1.172    

Slack (MET) :             1.172ns  (arrival time - required time)
  Source:                 pm_top_mux_inst/pm_top_mux_fsmd_control/FSM_onehot_state_reg_reg[6]/C
                            (rising edge-triggered cell FDRE clocked by clk_fpga_0  {rise@0.000ns fall@12.500ns period=25.000ns})
  Destination:            pm_top_mux_inst/scd_estimator_inst/pm_first_stage_wrap_inst/first_stage_fsmd_control/r_ram_write_addr_reg_reg[2]/CLR
                            (removal check against rising-edge clock clk_fpga_0  {rise@0.000ns fall@12.500ns period=25.000ns})
  Path Group:             **async_default**
  Path Type:              Removal (Min at Fast Process Corner)
  Requirement:            0.000ns  (clk_fpga_0 rise@0.000ns - clk_fpga_0 rise@0.000ns)
  Data Path Delay:        1.213ns  (logic 0.190ns (15.663%)  route 1.023ns (84.337%))
  Logic Levels:           1  (LUT3=1)
  Clock Path Skew:        0.200ns (DCD - SCD - CPR)
    Destination Clock Delay (DCD):    1.208ns
    Source Clock Delay      (SCD):    0.973ns
    Clock Pessimism Removal (CPR):    0.035ns

    Location             Delay type                Incr(ns)  Path(ns)    Netlist Resource(s)
  -------------------------------------------------------------------    -------------------
                         (clock clk_fpga_0 rise edge)
                                                      0.000     0.000 r  
    PS7_X0Y0             PS7                          0.000     0.000 r  comblock_setup_wrapper_inst/comblock_setup_i/processing_system7_0/inst/PS7_i/FCLKCLK[0]
                         net (fo=1, routed)           0.310     0.310    comblock_setup_wrapper_inst/comblock_setup_i/processing_system7_0/inst/FCLK_CLK_unbuffered[0]
    BUFGCTRL_X0Y16       BUFG (Prop_bufg_I_O)         0.026     0.336 r  comblock_setup_wrapper_inst/comblock_setup_i/processing_system7_0/inst/buffer_fclk_clk_0.FCLK_CLK_0_BUFG/O
                         net (fo=31598, routed)       0.637     0.973    pm_top_mux_inst/pm_top_mux_fsmd_control/PS_CLOCK0
    SLICE_X43Y107        FDRE                                         r  pm_top_mux_inst/pm_top_mux_fsmd_control/FSM_onehot_state_reg_reg[6]/C
  -------------------------------------------------------------------    -------------------
    SLICE_X43Y107        FDRE (Prop_fdre_C_Q)         0.141     1.114 f  pm_top_mux_inst/pm_top_mux_fsmd_control/FSM_onehot_state_reg_reg[6]/Q
                         net (fo=3, routed)           0.166     1.280    pm_top_mux_inst/pm_top_mux_fsmd_control/FSM_onehot_state_reg_reg_n_0_[6]
    SLICE_X43Y107        LUT3 (Prop_lut3_I1_O)        0.049     1.329 f  pm_top_mux_inst/pm_top_mux_fsmd_control/p_0_out_i_2/O
                         net (fo=18605, routed)       0.857     2.186    pm_top_mux_inst/scd_estimator_inst/pm_first_stage_wrap_inst/first_stage_fsmd_control/i_reset00_out
    SLICE_X28Y89         FDCE                                         f  pm_top_mux_inst/scd_estimator_inst/pm_first_stage_wrap_inst/first_stage_fsmd_control/r_ram_write_addr_reg_reg[2]/CLR
  -------------------------------------------------------------------    -------------------

                         (clock clk_fpga_0 rise edge)
                                                      0.000     0.000 r  
    PS7_X0Y0             PS7                          0.000     0.000 r  comblock_setup_wrapper_inst/comblock_setup_i/processing_system7_0/inst/PS7_i/FCLKCLK[0]
                         net (fo=1, routed)           0.337     0.337    comblock_setup_wrapper_inst/comblock_setup_i/processing_system7_0/inst/FCLK_CLK_unbuffered[0]
    BUFGCTRL_X0Y16       BUFG (Prop_bufg_I_O)         0.029     0.366 r  comblock_setup_wrapper_inst/comblock_setup_i/processing_system7_0/inst/buffer_fclk_clk_0.FCLK_CLK_0_BUFG/O
                         net (fo=31598, routed)       0.842     1.208    pm_top_mux_inst/scd_estimator_inst/pm_first_stage_wrap_inst/first_stage_fsmd_control/PS_CLOCK0
    SLICE_X28Y89         FDCE                                         r  pm_top_mux_inst/scd_estimator_inst/pm_first_stage_wrap_inst/first_stage_fsmd_control/r_ram_write_addr_reg_reg[2]/C
                         clock pessimism             -0.035     1.173    
    SLICE_X28Y89         FDCE (Remov_fdce_C_CLR)     -0.159     1.014    pm_top_mux_inst/scd_estimator_inst/pm_first_stage_wrap_inst/first_stage_fsmd_control/r_ram_write_addr_reg_reg[2]
  -------------------------------------------------------------------
                         required time                         -1.014    
                         arrival time                           2.186    
  -------------------------------------------------------------------
                         slack                                  1.172    

Slack (MET) :             1.172ns  (arrival time - required time)
  Source:                 pm_top_mux_inst/pm_top_mux_fsmd_control/FSM_onehot_state_reg_reg[6]/C
                            (rising edge-triggered cell FDRE clocked by clk_fpga_0  {rise@0.000ns fall@12.500ns period=25.000ns})
  Destination:            pm_top_mux_inst/scd_estimator_inst/pm_first_stage_wrap_inst/first_stage_fsmd_control/r_ram_write_addr_reg_reg[3]/CLR
                            (removal check against rising-edge clock clk_fpga_0  {rise@0.000ns fall@12.500ns period=25.000ns})
  Path Group:             **async_default**
  Path Type:              Removal (Min at Fast Process Corner)
  Requirement:            0.000ns  (clk_fpga_0 rise@0.000ns - clk_fpga_0 rise@0.000ns)
  Data Path Delay:        1.213ns  (logic 0.190ns (15.663%)  route 1.023ns (84.337%))
  Logic Levels:           1  (LUT3=1)
  Clock Path Skew:        0.200ns (DCD - SCD - CPR)
    Destination Clock Delay (DCD):    1.208ns
    Source Clock Delay      (SCD):    0.973ns
    Clock Pessimism Removal (CPR):    0.035ns

    Location             Delay type                Incr(ns)  Path(ns)    Netlist Resource(s)
  -------------------------------------------------------------------    -------------------
                         (clock clk_fpga_0 rise edge)
                                                      0.000     0.000 r  
    PS7_X0Y0             PS7                          0.000     0.000 r  comblock_setup_wrapper_inst/comblock_setup_i/processing_system7_0/inst/PS7_i/FCLKCLK[0]
                         net (fo=1, routed)           0.310     0.310    comblock_setup_wrapper_inst/comblock_setup_i/processing_system7_0/inst/FCLK_CLK_unbuffered[0]
    BUFGCTRL_X0Y16       BUFG (Prop_bufg_I_O)         0.026     0.336 r  comblock_setup_wrapper_inst/comblock_setup_i/processing_system7_0/inst/buffer_fclk_clk_0.FCLK_CLK_0_BUFG/O
                         net (fo=31598, routed)       0.637     0.973    pm_top_mux_inst/pm_top_mux_fsmd_control/PS_CLOCK0
    SLICE_X43Y107        FDRE                                         r  pm_top_mux_inst/pm_top_mux_fsmd_control/FSM_onehot_state_reg_reg[6]/C
  -------------------------------------------------------------------    -------------------
    SLICE_X43Y107        FDRE (Prop_fdre_C_Q)         0.141     1.114 f  pm_top_mux_inst/pm_top_mux_fsmd_control/FSM_onehot_state_reg_reg[6]/Q
                         net (fo=3, routed)           0.166     1.280    pm_top_mux_inst/pm_top_mux_fsmd_control/FSM_onehot_state_reg_reg_n_0_[6]
    SLICE_X43Y107        LUT3 (Prop_lut3_I1_O)        0.049     1.329 f  pm_top_mux_inst/pm_top_mux_fsmd_control/p_0_out_i_2/O
                         net (fo=18605, routed)       0.857     2.186    pm_top_mux_inst/scd_estimator_inst/pm_first_stage_wrap_inst/first_stage_fsmd_control/i_reset00_out
    SLICE_X28Y89         FDCE                                         f  pm_top_mux_inst/scd_estimator_inst/pm_first_stage_wrap_inst/first_stage_fsmd_control/r_ram_write_addr_reg_reg[3]/CLR
  -------------------------------------------------------------------    -------------------

                         (clock clk_fpga_0 rise edge)
                                                      0.000     0.000 r  
    PS7_X0Y0             PS7                          0.000     0.000 r  comblock_setup_wrapper_inst/comblock_setup_i/processing_system7_0/inst/PS7_i/FCLKCLK[0]
                         net (fo=1, routed)           0.337     0.337    comblock_setup_wrapper_inst/comblock_setup_i/processing_system7_0/inst/FCLK_CLK_unbuffered[0]
    BUFGCTRL_X0Y16       BUFG (Prop_bufg_I_O)         0.029     0.366 r  comblock_setup_wrapper_inst/comblock_setup_i/processing_system7_0/inst/buffer_fclk_clk_0.FCLK_CLK_0_BUFG/O
                         net (fo=31598, routed)       0.842     1.208    pm_top_mux_inst/scd_estimator_inst/pm_first_stage_wrap_inst/first_stage_fsmd_control/PS_CLOCK0
    SLICE_X28Y89         FDCE                                         r  pm_top_mux_inst/scd_estimator_inst/pm_first_stage_wrap_inst/first_stage_fsmd_control/r_ram_write_addr_reg_reg[3]/C
                         clock pessimism             -0.035     1.173    
    SLICE_X28Y89         FDCE (Remov_fdce_C_CLR)     -0.159     1.014    pm_top_mux_inst/scd_estimator_inst/pm_first_stage_wrap_inst/first_stage_fsmd_control/r_ram_write_addr_reg_reg[3]
  -------------------------------------------------------------------
                         required time                         -1.014    
                         arrival time                           2.186    
  -------------------------------------------------------------------
                         slack                                  1.172    

Slack (MET) :             1.220ns  (arrival time - required time)
  Source:                 pm_top_mux_inst/pm_top_mux_fsmd_control/FSM_onehot_state_reg_reg[6]/C
                            (rising edge-triggered cell FDRE clocked by clk_fpga_0  {rise@0.000ns fall@12.500ns period=25.000ns})
  Destination:            pm_top_mux_inst/scd_estimator_inst/pm_first_stage_wrap_inst/first_stage_fsmd_control/r_ram_write_addr_reg_reg[1]/CLR
                            (removal check against rising-edge clock clk_fpga_0  {rise@0.000ns fall@12.500ns period=25.000ns})
  Path Group:             **async_default**
  Path Type:              Removal (Min at Fast Process Corner)
  Requirement:            0.000ns  (clk_fpga_0 rise@0.000ns - clk_fpga_0 rise@0.000ns)
  Data Path Delay:        1.262ns  (logic 0.190ns (15.054%)  route 1.072ns (84.946%))
  Logic Levels:           1  (LUT3=1)
  Clock Path Skew:        0.201ns (DCD - SCD - CPR)
    Destination Clock Delay (DCD):    1.209ns
    Source Clock Delay      (SCD):    0.973ns
    Clock Pessimism Removal (CPR):    0.035ns

    Location             Delay type                Incr(ns)  Path(ns)    Netlist Resource(s)
  -------------------------------------------------------------------    -------------------
                         (clock clk_fpga_0 rise edge)
                                                      0.000     0.000 r  
    PS7_X0Y0             PS7                          0.000     0.000 r  comblock_setup_wrapper_inst/comblock_setup_i/processing_system7_0/inst/PS7_i/FCLKCLK[0]
                         net (fo=1, routed)           0.310     0.310    comblock_setup_wrapper_inst/comblock_setup_i/processing_system7_0/inst/FCLK_CLK_unbuffered[0]
    BUFGCTRL_X0Y16       BUFG (Prop_bufg_I_O)         0.026     0.336 r  comblock_setup_wrapper_inst/comblock_setup_i/processing_system7_0/inst/buffer_fclk_clk_0.FCLK_CLK_0_BUFG/O
                         net (fo=31598, routed)       0.637     0.973    pm_top_mux_inst/pm_top_mux_fsmd_control/PS_CLOCK0
    SLICE_X43Y107        FDRE                                         r  pm_top_mux_inst/pm_top_mux_fsmd_control/FSM_onehot_state_reg_reg[6]/C
  -------------------------------------------------------------------    -------------------
    SLICE_X43Y107        FDRE (Prop_fdre_C_Q)         0.141     1.114 f  pm_top_mux_inst/pm_top_mux_fsmd_control/FSM_onehot_state_reg_reg[6]/Q
                         net (fo=3, routed)           0.166     1.280    pm_top_mux_inst/pm_top_mux_fsmd_control/FSM_onehot_state_reg_reg_n_0_[6]
    SLICE_X43Y107        LUT3 (Prop_lut3_I1_O)        0.049     1.329 f  pm_top_mux_inst/pm_top_mux_fsmd_control/p_0_out_i_2/O
                         net (fo=18605, routed)       0.906     2.235    pm_top_mux_inst/scd_estimator_inst/pm_first_stage_wrap_inst/first_stage_fsmd_control/i_reset00_out
    SLICE_X29Y90         FDCE                                         f  pm_top_mux_inst/scd_estimator_inst/pm_first_stage_wrap_inst/first_stage_fsmd_control/r_ram_write_addr_reg_reg[1]/CLR
  -------------------------------------------------------------------    -------------------

                         (clock clk_fpga_0 rise edge)
                                                      0.000     0.000 r  
    PS7_X0Y0             PS7                          0.000     0.000 r  comblock_setup_wrapper_inst/comblock_setup_i/processing_system7_0/inst/PS7_i/FCLKCLK[0]
                         net (fo=1, routed)           0.337     0.337    comblock_setup_wrapper_inst/comblock_setup_i/processing_system7_0/inst/FCLK_CLK_unbuffered[0]
    BUFGCTRL_X0Y16       BUFG (Prop_bufg_I_O)         0.029     0.366 r  comblock_setup_wrapper_inst/comblock_setup_i/processing_system7_0/inst/buffer_fclk_clk_0.FCLK_CLK_0_BUFG/O
                         net (fo=31598, routed)       0.843     1.209    pm_top_mux_inst/scd_estimator_inst/pm_first_stage_wrap_inst/first_stage_fsmd_control/PS_CLOCK0
    SLICE_X29Y90         FDCE                                         r  pm_top_mux_inst/scd_estimator_inst/pm_first_stage_wrap_inst/first_stage_fsmd_control/r_ram_write_addr_reg_reg[1]/C
                         clock pessimism             -0.035     1.174    
    SLICE_X29Y90         FDCE (Remov_fdce_C_CLR)     -0.159     1.015    pm_top_mux_inst/scd_estimator_inst/pm_first_stage_wrap_inst/first_stage_fsmd_control/r_ram_write_addr_reg_reg[1]
  -------------------------------------------------------------------
                         required time                         -1.015    
                         arrival time                           2.235    
  -------------------------------------------------------------------
                         slack                                  1.220    

Slack (MET) :             1.220ns  (arrival time - required time)
  Source:                 pm_top_mux_inst/pm_top_mux_fsmd_control/FSM_onehot_state_reg_reg[6]/C
                            (rising edge-triggered cell FDRE clocked by clk_fpga_0  {rise@0.000ns fall@12.500ns period=25.000ns})
  Destination:            pm_top_mux_inst/scd_estimator_inst/pm_first_stage_wrap_inst/first_stage_fsmd_control/r_ram_write_addr_reg_reg[6]/CLR
                            (removal check against rising-edge clock clk_fpga_0  {rise@0.000ns fall@12.500ns period=25.000ns})
  Path Group:             **async_default**
  Path Type:              Removal (Min at Fast Process Corner)
  Requirement:            0.000ns  (clk_fpga_0 rise@0.000ns - clk_fpga_0 rise@0.000ns)
  Data Path Delay:        1.262ns  (logic 0.190ns (15.054%)  route 1.072ns (84.946%))
  Logic Levels:           1  (LUT3=1)
  Clock Path Skew:        0.201ns (DCD - SCD - CPR)
    Destination Clock Delay (DCD):    1.209ns
    Source Clock Delay      (SCD):    0.973ns
    Clock Pessimism Removal (CPR):    0.035ns

    Location             Delay type                Incr(ns)  Path(ns)    Netlist Resource(s)
  -------------------------------------------------------------------    -------------------
                         (clock clk_fpga_0 rise edge)
                                                      0.000     0.000 r  
    PS7_X0Y0             PS7                          0.000     0.000 r  comblock_setup_wrapper_inst/comblock_setup_i/processing_system7_0/inst/PS7_i/FCLKCLK[0]
                         net (fo=1, routed)           0.310     0.310    comblock_setup_wrapper_inst/comblock_setup_i/processing_system7_0/inst/FCLK_CLK_unbuffered[0]
    BUFGCTRL_X0Y16       BUFG (Prop_bufg_I_O)         0.026     0.336 r  comblock_setup_wrapper_inst/comblock_setup_i/processing_system7_0/inst/buffer_fclk_clk_0.FCLK_CLK_0_BUFG/O
                         net (fo=31598, routed)       0.637     0.973    pm_top_mux_inst/pm_top_mux_fsmd_control/PS_CLOCK0
    SLICE_X43Y107        FDRE                                         r  pm_top_mux_inst/pm_top_mux_fsmd_control/FSM_onehot_state_reg_reg[6]/C
  -------------------------------------------------------------------    -------------------
    SLICE_X43Y107        FDRE (Prop_fdre_C_Q)         0.141     1.114 f  pm_top_mux_inst/pm_top_mux_fsmd_control/FSM_onehot_state_reg_reg[6]/Q
                         net (fo=3, routed)           0.166     1.280    pm_top_mux_inst/pm_top_mux_fsmd_control/FSM_onehot_state_reg_reg_n_0_[6]
    SLICE_X43Y107        LUT3 (Prop_lut3_I1_O)        0.049     1.329 f  pm_top_mux_inst/pm_top_mux_fsmd_control/p_0_out_i_2/O
                         net (fo=18605, routed)       0.906     2.235    pm_top_mux_inst/scd_estimator_inst/pm_first_stage_wrap_inst/first_stage_fsmd_control/i_reset00_out
    SLICE_X29Y90         FDCE                                         f  pm_top_mux_inst/scd_estimator_inst/pm_first_stage_wrap_inst/first_stage_fsmd_control/r_ram_write_addr_reg_reg[6]/CLR
  -------------------------------------------------------------------    -------------------

                         (clock clk_fpga_0 rise edge)
                                                      0.000     0.000 r  
    PS7_X0Y0             PS7                          0.000     0.000 r  comblock_setup_wrapper_inst/comblock_setup_i/processing_system7_0/inst/PS7_i/FCLKCLK[0]
                         net (fo=1, routed)           0.337     0.337    comblock_setup_wrapper_inst/comblock_setup_i/processing_system7_0/inst/FCLK_CLK_unbuffered[0]
    BUFGCTRL_X0Y16       BUFG (Prop_bufg_I_O)         0.029     0.366 r  comblock_setup_wrapper_inst/comblock_setup_i/processing_system7_0/inst/buffer_fclk_clk_0.FCLK_CLK_0_BUFG/O
                         net (fo=31598, routed)       0.843     1.209    pm_top_mux_inst/scd_estimator_inst/pm_first_stage_wrap_inst/first_stage_fsmd_control/PS_CLOCK0
    SLICE_X29Y90         FDCE                                         r  pm_top_mux_inst/scd_estimator_inst/pm_first_stage_wrap_inst/first_stage_fsmd_control/r_ram_write_addr_reg_reg[6]/C
                         clock pessimism             -0.035     1.174    
    SLICE_X29Y90         FDCE (Remov_fdce_C_CLR)     -0.159     1.015    pm_top_mux_inst/scd_estimator_inst/pm_first_stage_wrap_inst/first_stage_fsmd_control/r_ram_write_addr_reg_reg[6]
  -------------------------------------------------------------------
                         required time                         -1.015    
                         arrival time                           2.235    
  -------------------------------------------------------------------
                         slack                                  1.220    

Slack (MET) :             1.232ns  (arrival time - required time)
  Source:                 pm_top_mux_inst/pm_top_mux_fsmd_control/FSM_onehot_state_reg_reg[6]/C
                            (rising edge-triggered cell FDRE clocked by clk_fpga_0  {rise@0.000ns fall@12.500ns period=25.000ns})
  Destination:            pm_top_mux_inst/scd_estimator_inst/pm_first_stage_wrap_inst/first_stage_fsmd_control/r_fft_data_in_reg_reg[25]/CLR
                            (removal check against rising-edge clock clk_fpga_0  {rise@0.000ns fall@12.500ns period=25.000ns})
  Path Group:             **async_default**
  Path Type:              Removal (Min at Fast Process Corner)
  Requirement:            0.000ns  (clk_fpga_0 rise@0.000ns - clk_fpga_0 rise@0.000ns)
  Data Path Delay:        1.263ns  (logic 0.190ns (15.044%)  route 1.073ns (84.956%))
  Logic Levels:           1  (LUT3=1)
  Clock Path Skew:        0.190ns (DCD - SCD - CPR)
    Destination Clock Delay (DCD):    1.198ns
    Source Clock Delay      (SCD):    0.973ns
    Clock Pessimism Removal (CPR):    0.035ns

    Location             Delay type                Incr(ns)  Path(ns)    Netlist Resource(s)
  -------------------------------------------------------------------    -------------------
                         (clock clk_fpga_0 rise edge)
                                                      0.000     0.000 r  
    PS7_X0Y0             PS7                          0.000     0.000 r  comblock_setup_wrapper_inst/comblock_setup_i/processing_system7_0/inst/PS7_i/FCLKCLK[0]
                         net (fo=1, routed)           0.310     0.310    comblock_setup_wrapper_inst/comblock_setup_i/processing_system7_0/inst/FCLK_CLK_unbuffered[0]
    BUFGCTRL_X0Y16       BUFG (Prop_bufg_I_O)         0.026     0.336 r  comblock_setup_wrapper_inst/comblock_setup_i/processing_system7_0/inst/buffer_fclk_clk_0.FCLK_CLK_0_BUFG/O
                         net (fo=31598, routed)       0.637     0.973    pm_top_mux_inst/pm_top_mux_fsmd_control/PS_CLOCK0
    SLICE_X43Y107        FDRE                                         r  pm_top_mux_inst/pm_top_mux_fsmd_control/FSM_onehot_state_reg_reg[6]/C
  -------------------------------------------------------------------    -------------------
    SLICE_X43Y107        FDRE (Prop_fdre_C_Q)         0.141     1.114 f  pm_top_mux_inst/pm_top_mux_fsmd_control/FSM_onehot_state_reg_reg[6]/Q
                         net (fo=3, routed)           0.166     1.280    pm_top_mux_inst/pm_top_mux_fsmd_control/FSM_onehot_state_reg_reg_n_0_[6]
    SLICE_X43Y107        LUT3 (Prop_lut3_I1_O)        0.049     1.329 f  pm_top_mux_inst/pm_top_mux_fsmd_control/p_0_out_i_2/O
                         net (fo=18605, routed)       0.907     2.236    pm_top_mux_inst/scd_estimator_inst/pm_first_stage_wrap_inst/first_stage_fsmd_control/i_reset00_out
    SLICE_X29Y78         FDCE                                         f  pm_top_mux_inst/scd_estimator_inst/pm_first_stage_wrap_inst/first_stage_fsmd_control/r_fft_data_in_reg_reg[25]/CLR
  -------------------------------------------------------------------    -------------------

                         (clock clk_fpga_0 rise edge)
                                                      0.000     0.000 r  
    PS7_X0Y0             PS7                          0.000     0.000 r  comblock_setup_wrapper_inst/comblock_setup_i/processing_system7_0/inst/PS7_i/FCLKCLK[0]
                         net (fo=1, routed)           0.337     0.337    comblock_setup_wrapper_inst/comblock_setup_i/processing_system7_0/inst/FCLK_CLK_unbuffered[0]
    BUFGCTRL_X0Y16       BUFG (Prop_bufg_I_O)         0.029     0.366 r  comblock_setup_wrapper_inst/comblock_setup_i/processing_system7_0/inst/buffer_fclk_clk_0.FCLK_CLK_0_BUFG/O
                         net (fo=31598, routed)       0.832     1.198    pm_top_mux_inst/scd_estimator_inst/pm_first_stage_wrap_inst/first_stage_fsmd_control/PS_CLOCK0
    SLICE_X29Y78         FDCE                                         r  pm_top_mux_inst/scd_estimator_inst/pm_first_stage_wrap_inst/first_stage_fsmd_control/r_fft_data_in_reg_reg[25]/C
                         clock pessimism             -0.035     1.163    
    SLICE_X29Y78         FDCE (Remov_fdce_C_CLR)     -0.159     1.004    pm_top_mux_inst/scd_estimator_inst/pm_first_stage_wrap_inst/first_stage_fsmd_control/r_fft_data_in_reg_reg[25]
  -------------------------------------------------------------------
                         required time                         -1.004    
                         arrival time                           2.236    
  -------------------------------------------------------------------
                         slack                                  1.232    

Slack (MET) :             1.232ns  (arrival time - required time)
  Source:                 pm_top_mux_inst/pm_top_mux_fsmd_control/FSM_onehot_state_reg_reg[6]/C
                            (rising edge-triggered cell FDRE clocked by clk_fpga_0  {rise@0.000ns fall@12.500ns period=25.000ns})
  Destination:            pm_top_mux_inst/scd_estimator_inst/pm_first_stage_wrap_inst/first_stage_fsmd_control/r_fft_data_in_reg_reg[5]/CLR
                            (removal check against rising-edge clock clk_fpga_0  {rise@0.000ns fall@12.500ns period=25.000ns})
  Path Group:             **async_default**
  Path Type:              Removal (Min at Fast Process Corner)
  Requirement:            0.000ns  (clk_fpga_0 rise@0.000ns - clk_fpga_0 rise@0.000ns)
  Data Path Delay:        1.263ns  (logic 0.190ns (15.044%)  route 1.073ns (84.956%))
  Logic Levels:           1  (LUT3=1)
  Clock Path Skew:        0.190ns (DCD - SCD - CPR)
    Destination Clock Delay (DCD):    1.198ns
    Source Clock Delay      (SCD):    0.973ns
    Clock Pessimism Removal (CPR):    0.035ns

    Location             Delay type                Incr(ns)  Path(ns)    Netlist Resource(s)
  -------------------------------------------------------------------    -------------------
                         (clock clk_fpga_0 rise edge)
                                                      0.000     0.000 r  
    PS7_X0Y0             PS7                          0.000     0.000 r  comblock_setup_wrapper_inst/comblock_setup_i/processing_system7_0/inst/PS7_i/FCLKCLK[0]
                         net (fo=1, routed)           0.310     0.310    comblock_setup_wrapper_inst/comblock_setup_i/processing_system7_0/inst/FCLK_CLK_unbuffered[0]
    BUFGCTRL_X0Y16       BUFG (Prop_bufg_I_O)         0.026     0.336 r  comblock_setup_wrapper_inst/comblock_setup_i/processing_system7_0/inst/buffer_fclk_clk_0.FCLK_CLK_0_BUFG/O
                         net (fo=31598, routed)       0.637     0.973    pm_top_mux_inst/pm_top_mux_fsmd_control/PS_CLOCK0
    SLICE_X43Y107        FDRE                                         r  pm_top_mux_inst/pm_top_mux_fsmd_control/FSM_onehot_state_reg_reg[6]/C
  -------------------------------------------------------------------    -------------------
    SLICE_X43Y107        FDRE (Prop_fdre_C_Q)         0.141     1.114 f  pm_top_mux_inst/pm_top_mux_fsmd_control/FSM_onehot_state_reg_reg[6]/Q
                         net (fo=3, routed)           0.166     1.280    pm_top_mux_inst/pm_top_mux_fsmd_control/FSM_onehot_state_reg_reg_n_0_[6]
    SLICE_X43Y107        LUT3 (Prop_lut3_I1_O)        0.049     1.329 f  pm_top_mux_inst/pm_top_mux_fsmd_control/p_0_out_i_2/O
                         net (fo=18605, routed)       0.907     2.236    pm_top_mux_inst/scd_estimator_inst/pm_first_stage_wrap_inst/first_stage_fsmd_control/i_reset00_out
    SLICE_X29Y78         FDCE                                         f  pm_top_mux_inst/scd_estimator_inst/pm_first_stage_wrap_inst/first_stage_fsmd_control/r_fft_data_in_reg_reg[5]/CLR
  -------------------------------------------------------------------    -------------------

                         (clock clk_fpga_0 rise edge)
                                                      0.000     0.000 r  
    PS7_X0Y0             PS7                          0.000     0.000 r  comblock_setup_wrapper_inst/comblock_setup_i/processing_system7_0/inst/PS7_i/FCLKCLK[0]
                         net (fo=1, routed)           0.337     0.337    comblock_setup_wrapper_inst/comblock_setup_i/processing_system7_0/inst/FCLK_CLK_unbuffered[0]
    BUFGCTRL_X0Y16       BUFG (Prop_bufg_I_O)         0.029     0.366 r  comblock_setup_wrapper_inst/comblock_setup_i/processing_system7_0/inst/buffer_fclk_clk_0.FCLK_CLK_0_BUFG/O
                         net (fo=31598, routed)       0.832     1.198    pm_top_mux_inst/scd_estimator_inst/pm_first_stage_wrap_inst/first_stage_fsmd_control/PS_CLOCK0
    SLICE_X29Y78         FDCE                                         r  pm_top_mux_inst/scd_estimator_inst/pm_first_stage_wrap_inst/first_stage_fsmd_control/r_fft_data_in_reg_reg[5]/C
                         clock pessimism             -0.035     1.163    
    SLICE_X29Y78         FDCE (Remov_fdce_C_CLR)     -0.159     1.004    pm_top_mux_inst/scd_estimator_inst/pm_first_stage_wrap_inst/first_stage_fsmd_control/r_fft_data_in_reg_reg[5]
  -------------------------------------------------------------------
                         required time                         -1.004    
                         arrival time                           2.236    
  -------------------------------------------------------------------
                         slack                                  1.232    

Slack (MET) :             1.256ns  (arrival time - required time)
  Source:                 pm_top_mux_inst/pm_top_mux_fsmd_control/FSM_onehot_state_reg_reg[6]/C
                            (rising edge-triggered cell FDRE clocked by clk_fpga_0  {rise@0.000ns fall@12.500ns period=25.000ns})
  Destination:            pm_top_mux_inst/scd_estimator_inst/pm_first_stage_wrap_inst/first_stage_fsmd_control/r_fft_data_in_reg_reg[10]/CLR
                            (removal check against rising-edge clock clk_fpga_0  {rise@0.000ns fall@12.500ns period=25.000ns})
  Path Group:             **async_default**
  Path Type:              Removal (Min at Fast Process Corner)
  Requirement:            0.000ns  (clk_fpga_0 rise@0.000ns - clk_fpga_0 rise@0.000ns)
  Data Path Delay:        1.313ns  (logic 0.190ns (14.476%)  route 1.123ns (85.524%))
  Logic Levels:           1  (LUT3=1)
  Clock Path Skew:        0.191ns (DCD - SCD - CPR)
    Destination Clock Delay (DCD):    1.199ns
    Source Clock Delay      (SCD):    0.973ns
    Clock Pessimism Removal (CPR):    0.035ns

    Location             Delay type                Incr(ns)  Path(ns)    Netlist Resource(s)
  -------------------------------------------------------------------    -------------------
                         (clock clk_fpga_0 rise edge)
                                                      0.000     0.000 r  
    PS7_X0Y0             PS7                          0.000     0.000 r  comblock_setup_wrapper_inst/comblock_setup_i/processing_system7_0/inst/PS7_i/FCLKCLK[0]
                         net (fo=1, routed)           0.310     0.310    comblock_setup_wrapper_inst/comblock_setup_i/processing_system7_0/inst/FCLK_CLK_unbuffered[0]
    BUFGCTRL_X0Y16       BUFG (Prop_bufg_I_O)         0.026     0.336 r  comblock_setup_wrapper_inst/comblock_setup_i/processing_system7_0/inst/buffer_fclk_clk_0.FCLK_CLK_0_BUFG/O
                         net (fo=31598, routed)       0.637     0.973    pm_top_mux_inst/pm_top_mux_fsmd_control/PS_CLOCK0
    SLICE_X43Y107        FDRE                                         r  pm_top_mux_inst/pm_top_mux_fsmd_control/FSM_onehot_state_reg_reg[6]/C
  -------------------------------------------------------------------    -------------------
    SLICE_X43Y107        FDRE (Prop_fdre_C_Q)         0.141     1.114 f  pm_top_mux_inst/pm_top_mux_fsmd_control/FSM_onehot_state_reg_reg[6]/Q
                         net (fo=3, routed)           0.166     1.280    pm_top_mux_inst/pm_top_mux_fsmd_control/FSM_onehot_state_reg_reg_n_0_[6]
    SLICE_X43Y107        LUT3 (Prop_lut3_I1_O)        0.049     1.329 f  pm_top_mux_inst/pm_top_mux_fsmd_control/p_0_out_i_2/O
                         net (fo=18605, routed)       0.957     2.286    pm_top_mux_inst/scd_estimator_inst/pm_first_stage_wrap_inst/first_stage_fsmd_control/i_reset00_out
    SLICE_X30Y79         FDCE                                         f  pm_top_mux_inst/scd_estimator_inst/pm_first_stage_wrap_inst/first_stage_fsmd_control/r_fft_data_in_reg_reg[10]/CLR
  -------------------------------------------------------------------    -------------------

                         (clock clk_fpga_0 rise edge)
                                                      0.000     0.000 r  
    PS7_X0Y0             PS7                          0.000     0.000 r  comblock_setup_wrapper_inst/comblock_setup_i/processing_system7_0/inst/PS7_i/FCLKCLK[0]
                         net (fo=1, routed)           0.337     0.337    comblock_setup_wrapper_inst/comblock_setup_i/processing_system7_0/inst/FCLK_CLK_unbuffered[0]
    BUFGCTRL_X0Y16       BUFG (Prop_bufg_I_O)         0.029     0.366 r  comblock_setup_wrapper_inst/comblock_setup_i/processing_system7_0/inst/buffer_fclk_clk_0.FCLK_CLK_0_BUFG/O
                         net (fo=31598, routed)       0.833     1.199    pm_top_mux_inst/scd_estimator_inst/pm_first_stage_wrap_inst/first_stage_fsmd_control/PS_CLOCK0
    SLICE_X30Y79         FDCE                                         r  pm_top_mux_inst/scd_estimator_inst/pm_first_stage_wrap_inst/first_stage_fsmd_control/r_fft_data_in_reg_reg[10]/C
                         clock pessimism             -0.035     1.164    
    SLICE_X30Y79         FDCE (Remov_fdce_C_CLR)     -0.134     1.030    pm_top_mux_inst/scd_estimator_inst/pm_first_stage_wrap_inst/first_stage_fsmd_control/r_fft_data_in_reg_reg[10]
  -------------------------------------------------------------------
                         required time                         -1.030    
                         arrival time                           2.286    
  -------------------------------------------------------------------
                         slack                                  1.256    





--------------------------------------------------------------------------------------
Path Group:  (none)
From Clock:  
  To Clock:  clk_fpga_0

Max Delay             1 Endpoint
Min Delay             1 Endpoint
--------------------------------------------------------------------------------------


Max Delay Paths
--------------------------------------------------------------------------------------
Slack:                    inf
  Source:                 comblock_setup_wrapper_inst/comblock_setup_i/processing_system7_0/inst/PS7_i/FCLKRESETN[0]
                            (internal pin)
  Destination:            comblock_setup_wrapper_inst/comblock_setup_i/rst_ps7_0_100M/U0/EXT_LPF/ACTIVE_LOW_EXT.ACT_LO_EXT/GENERATE_LEVEL_P_S_CDC.SINGLE_BIT.CROSS_PLEVEL_IN2SCNDRY_IN_cdc_to/D
                            (rising edge-triggered cell FDRE clocked by clk_fpga_0  {rise@0.000ns fall@12.500ns period=25.000ns})
  Path Group:             (none)
  Path Type:              Setup (Max at Slow Process Corner)
  Data Path Delay:        1.894ns  (logic 0.124ns (6.548%)  route 1.770ns (93.452%))
  Logic Levels:           1  (LUT1=1)
  Clock Uncertainty:      0.376ns  ((TSJ^2 + TIJ^2)^1/2 + DJ) / 2 + PE
    Total System Jitter     (TSJ):    0.050ns
    Total Input Jitter      (TIJ):    0.750ns
    Discrete Jitter          (DJ):    0.000ns
    Phase Error              (PE):    0.000ns
  Timing Exception:       False Path

    Location             Delay type                Incr(ns)  Path(ns)    Netlist Resource(s)
  -------------------------------------------------------------------    -------------------
    PS7_X0Y0             PS7                          0.000     0.000 f  comblock_setup_wrapper_inst/comblock_setup_i/processing_system7_0/inst/PS7_i/FCLKRESETN[0]
                         net (fo=1, routed)           0.752     0.752    comblock_setup_wrapper_inst/comblock_setup_i/rst_ps7_0_100M/U0/EXT_LPF/ACTIVE_LOW_EXT.ACT_LO_EXT/ext_reset_in
    SLICE_X27Y90         LUT1 (Prop_lut1_I0_O)        0.124     0.876 r  comblock_setup_wrapper_inst/comblock_setup_i/rst_ps7_0_100M/U0/EXT_LPF/ACTIVE_LOW_EXT.ACT_LO_EXT/GENERATE_LEVEL_P_S_CDC.SINGLE_BIT.CROSS_PLEVEL_IN2SCNDRY_IN_cdc_to_i_1/O
                         net (fo=1, routed)           1.018     1.894    comblock_setup_wrapper_inst/comblock_setup_i/rst_ps7_0_100M/U0/EXT_LPF/ACTIVE_LOW_EXT.ACT_LO_EXT/exr_d1
    SLICE_X27Y104        FDRE                                         r  comblock_setup_wrapper_inst/comblock_setup_i/rst_ps7_0_100M/U0/EXT_LPF/ACTIVE_LOW_EXT.ACT_LO_EXT/GENERATE_LEVEL_P_S_CDC.SINGLE_BIT.CROSS_PLEVEL_IN2SCNDRY_IN_cdc_to/D
  -------------------------------------------------------------------    -------------------

                         (clock clk_fpga_0 rise edge)
                                                      0.000     0.000 r  
    PS7_X0Y0             PS7                          0.000     0.000 r  comblock_setup_wrapper_inst/comblock_setup_i/processing_system7_0/inst/PS7_i/FCLKCLK[0]
                         net (fo=1, routed)           1.088     1.088    comblock_setup_wrapper_inst/comblock_setup_i/processing_system7_0/inst/FCLK_CLK_unbuffered[0]
    BUFGCTRL_X0Y16       BUFG (Prop_bufg_I_O)         0.091     1.179 r  comblock_setup_wrapper_inst/comblock_setup_i/processing_system7_0/inst/buffer_fclk_clk_0.FCLK_CLK_0_BUFG/O
                         net (fo=31598, routed)       1.695     2.874    comblock_setup_wrapper_inst/comblock_setup_i/rst_ps7_0_100M/U0/EXT_LPF/ACTIVE_LOW_EXT.ACT_LO_EXT/slowest_sync_clk
    SLICE_X27Y104        FDRE                                         r  comblock_setup_wrapper_inst/comblock_setup_i/rst_ps7_0_100M/U0/EXT_LPF/ACTIVE_LOW_EXT.ACT_LO_EXT/GENERATE_LEVEL_P_S_CDC.SINGLE_BIT.CROSS_PLEVEL_IN2SCNDRY_IN_cdc_to/C





Min Delay Paths
--------------------------------------------------------------------------------------
Slack:                    inf
  Source:                 comblock_setup_wrapper_inst/comblock_setup_i/processing_system7_0/inst/PS7_i/FCLKRESETN[0]
                            (internal pin)
  Destination:            comblock_setup_wrapper_inst/comblock_setup_i/rst_ps7_0_100M/U0/EXT_LPF/ACTIVE_LOW_EXT.ACT_LO_EXT/GENERATE_LEVEL_P_S_CDC.SINGLE_BIT.CROSS_PLEVEL_IN2SCNDRY_IN_cdc_to/D
                            (rising edge-triggered cell FDRE clocked by clk_fpga_0  {rise@0.000ns fall@12.500ns period=25.000ns})
  Path Group:             (none)
  Path Type:              Hold (Min at Fast Process Corner)
  Data Path Delay:        0.674ns  (logic 0.045ns (6.678%)  route 0.629ns (93.322%))
  Logic Levels:           1  (LUT1=1)
  Clock Uncertainty:      0.376ns  ((TSJ^2 + TIJ^2)^1/2 + DJ) / 2 + PE
    Total System Jitter     (TSJ):    0.050ns
    Total Input Jitter      (TIJ):    0.750ns
    Discrete Jitter          (DJ):    0.000ns
    Phase Error              (PE):    0.000ns
  Timing Exception:       False Path

    Location             Delay type                Incr(ns)  Path(ns)    Netlist Resource(s)
  -------------------------------------------------------------------    -------------------
    PS7_X0Y0             PS7                          0.000     0.000 f  comblock_setup_wrapper_inst/comblock_setup_i/processing_system7_0/inst/PS7_i/FCLKRESETN[0]
                         net (fo=1, routed)           0.237     0.237    comblock_setup_wrapper_inst/comblock_setup_i/rst_ps7_0_100M/U0/EXT_LPF/ACTIVE_LOW_EXT.ACT_LO_EXT/ext_reset_in
    SLICE_X27Y90         LUT1 (Prop_lut1_I0_O)        0.045     0.282 r  comblock_setup_wrapper_inst/comblock_setup_i/rst_ps7_0_100M/U0/EXT_LPF/ACTIVE_LOW_EXT.ACT_LO_EXT/GENERATE_LEVEL_P_S_CDC.SINGLE_BIT.CROSS_PLEVEL_IN2SCNDRY_IN_cdc_to_i_1/O
                         net (fo=1, routed)           0.392     0.674    comblock_setup_wrapper_inst/comblock_setup_i/rst_ps7_0_100M/U0/EXT_LPF/ACTIVE_LOW_EXT.ACT_LO_EXT/exr_d1
    SLICE_X27Y104        FDRE                                         r  comblock_setup_wrapper_inst/comblock_setup_i/rst_ps7_0_100M/U0/EXT_LPF/ACTIVE_LOW_EXT.ACT_LO_EXT/GENERATE_LEVEL_P_S_CDC.SINGLE_BIT.CROSS_PLEVEL_IN2SCNDRY_IN_cdc_to/D
  -------------------------------------------------------------------    -------------------

                         (clock clk_fpga_0 rise edge)
                                                      0.000     0.000 r  
    PS7_X0Y0             PS7                          0.000     0.000 r  comblock_setup_wrapper_inst/comblock_setup_i/processing_system7_0/inst/PS7_i/FCLKCLK[0]
                         net (fo=1, routed)           0.337     0.337    comblock_setup_wrapper_inst/comblock_setup_i/processing_system7_0/inst/FCLK_CLK_unbuffered[0]
    BUFGCTRL_X0Y16       BUFG (Prop_bufg_I_O)         0.029     0.366 r  comblock_setup_wrapper_inst/comblock_setup_i/processing_system7_0/inst/buffer_fclk_clk_0.FCLK_CLK_0_BUFG/O
                         net (fo=31598, routed)       0.929     1.295    comblock_setup_wrapper_inst/comblock_setup_i/rst_ps7_0_100M/U0/EXT_LPF/ACTIVE_LOW_EXT.ACT_LO_EXT/slowest_sync_clk
    SLICE_X27Y104        FDRE                                         r  comblock_setup_wrapper_inst/comblock_setup_i/rst_ps7_0_100M/U0/EXT_LPF/ACTIVE_LOW_EXT.ACT_LO_EXT/GENERATE_LEVEL_P_S_CDC.SINGLE_BIT.CROSS_PLEVEL_IN2SCNDRY_IN_cdc_to/C





--------------------------------------------------------------------------------------
Path Group:  (none)
From Clock:  
  To Clock:  clk_fpga_0

Max Delay           470 Endpoints
Min Delay           470 Endpoints
--------------------------------------------------------------------------------------


Max Delay Paths
--------------------------------------------------------------------------------------
Slack:                    inf
  Source:                 pm_top_mux_inst/theshold_calculator_inst/r_threshold_value1__1/ACOUT[29]
                            (internal pin)
  Destination:            pm_top_mux_inst/theshold_calculator_inst/r_threshold_value_reg[10]/D
                            (rising edge-triggered cell FDRE clocked by clk_fpga_0  {rise@0.000ns fall@12.500ns period=25.000ns})
  Path Group:             (none)
  Path Type:              Setup (Max at Slow Process Corner)
  Data Path Delay:        13.885ns  (logic 10.389ns (74.822%)  route 3.496ns (25.178%))
  Logic Levels:           18  (CARRY4=14 DSP48E1=2 LUT3=1 LUT4=1)
  Clock Uncertainty:      0.376ns  ((TSJ^2 + TIJ^2)^1/2 + DJ) / 2 + PE
    Total System Jitter     (TSJ):    0.050ns
    Total Input Jitter      (TIJ):    0.750ns
    Discrete Jitter          (DJ):    0.000ns
    Phase Error              (PE):    0.000ns

    Location             Delay type                Incr(ns)  Path(ns)    Netlist Resource(s)
  -------------------------------------------------------------------    -------------------
    DSP48_X3Y43          DSP48E1                      0.000     0.000 r  pm_top_mux_inst/theshold_calculator_inst/r_threshold_value1__1/ACOUT[29]
                         net (fo=1, routed)           0.002     0.002    pm_top_mux_inst/theshold_calculator_inst/r_threshold_value1__1_n_24
    DSP48_X3Y44          DSP48E1 (Prop_dsp48e1_ACIN[29]_P[2])
                                                      3.639     3.641 r  pm_top_mux_inst/theshold_calculator_inst/r_threshold_value1__2/P[2]
                         net (fo=2, routed)           1.302     4.943    pm_top_mux_inst/theshold_calculator_inst/r_threshold_value1__2_n_103
    SLICE_X97Y106        LUT3 (Prop_lut3_I1_O)        0.152     5.095 r  pm_top_mux_inst/theshold_calculator_inst/r_threshold_value0__1_i_23/O
                         net (fo=2, routed)           0.469     5.563    pm_top_mux_inst/theshold_calculator_inst/r_threshold_value1_1[1]
    SLICE_X97Y106        LUT4 (Prop_lut4_I3_O)        0.326     5.889 r  pm_top_mux_inst/theshold_calculator_inst/r_threshold_value0__1_i_27/O
                         net (fo=1, routed)           0.000     5.889    pm_top_mux_inst_n_267
    SLICE_X97Y106        CARRY4 (Prop_carry4_S[1]_CO[3])
                                                      0.550     6.439 r  theshold_calculator_inst/r_threshold_value0__1_i_3/CO[3]
                         net (fo=1, routed)           0.000     6.439    theshold_calculator_inst/r_threshold_value0__1_i_3_n_0
    SLICE_X97Y107        CARRY4 (Prop_carry4_CI_CO[3])
                                                      0.114     6.553 r  theshold_calculator_inst/r_threshold_value0__1_i_2/CO[3]
                         net (fo=1, routed)           0.000     6.553    theshold_calculator_inst/r_threshold_value0__1_i_2_n_0
    SLICE_X97Y108        CARRY4 (Prop_carry4_CI_CO[3])
                                                      0.114     6.667 r  theshold_calculator_inst/r_threshold_value0__1_i_1/CO[3]
                         net (fo=1, routed)           0.000     6.667    theshold_calculator_inst/r_threshold_value0__1_i_1_n_0
    SLICE_X97Y109        CARRY4 (Prop_carry4_CI_CO[3])
                                                      0.114     6.781 r  theshold_calculator_inst/r_threshold_value0__0_i_5/CO[3]
                         net (fo=1, routed)           0.000     6.781    theshold_calculator_inst/r_threshold_value0__0_i_5_n_0
    SLICE_X97Y110        CARRY4 (Prop_carry4_CI_CO[3])
                                                      0.114     6.895 r  theshold_calculator_inst/r_threshold_value0__0_i_4/CO[3]
                         net (fo=1, routed)           0.000     6.895    theshold_calculator_inst/r_threshold_value0__0_i_4_n_0
    SLICE_X97Y111        CARRY4 (Prop_carry4_CI_CO[3])
                                                      0.114     7.009 r  theshold_calculator_inst/r_threshold_value0__0_i_3/CO[3]
                         net (fo=1, routed)           0.000     7.009    theshold_calculator_inst/r_threshold_value0__0_i_3_n_0
    SLICE_X97Y112        CARRY4 (Prop_carry4_CI_CO[3])
                                                      0.114     7.123 r  theshold_calculator_inst/r_threshold_value0__0_i_2/CO[3]
                         net (fo=1, routed)           0.000     7.123    theshold_calculator_inst/r_threshold_value0__0_i_2_n_0
    SLICE_X97Y113        CARRY4 (Prop_carry4_CI_CO[3])
                                                      0.114     7.237 r  theshold_calculator_inst/r_threshold_value0__0_i_1/CO[3]
                         net (fo=1, routed)           0.000     7.237    theshold_calculator_inst/r_threshold_value0__0_i_1_n_0
    SLICE_X97Y114        CARRY4 (Prop_carry4_CI_CO[3])
                                                      0.114     7.351 r  theshold_calculator_inst/r_threshold_value0_i_6/CO[3]
                         net (fo=1, routed)           0.000     7.351    theshold_calculator_inst/r_threshold_value0_i_6_n_0
    SLICE_X97Y115        CARRY4 (Prop_carry4_CI_CO[3])
                                                      0.114     7.465 r  theshold_calculator_inst/r_threshold_value0_i_5/CO[3]
                         net (fo=1, routed)           0.000     7.465    theshold_calculator_inst/r_threshold_value0_i_5_n_0
    SLICE_X97Y116        CARRY4 (Prop_carry4_CI_CO[3])
                                                      0.114     7.579 r  theshold_calculator_inst/r_threshold_value0_i_4/CO[3]
                         net (fo=1, routed)           0.000     7.579    theshold_calculator_inst/r_threshold_value0_i_4_n_0
    SLICE_X97Y117        CARRY4 (Prop_carry4_CI_CO[3])
                                                      0.114     7.693 r  theshold_calculator_inst/r_threshold_value0_i_3/CO[3]
                         net (fo=1, routed)           0.000     7.693    theshold_calculator_inst/r_threshold_value0_i_3_n_0
    SLICE_X97Y118        CARRY4 (Prop_carry4_CI_CO[3])
                                                      0.114     7.807 r  theshold_calculator_inst/r_threshold_value0_i_2/CO[3]
                         net (fo=1, routed)           0.000     7.807    pm_top_mux_inst/theshold_calculator_inst/r_threshold_value_reg_0[0]
    SLICE_X97Y119        CARRY4 (Prop_carry4_CI_O[1])
                                                      0.334     8.141 r  pm_top_mux_inst/theshold_calculator_inst/r_threshold_value0_i_1/O[1]
                         net (fo=18, routed)          0.887     9.028    pm_top_mux_inst/theshold_calculator_inst/r_threshold_value0_i_1_n_6
    DSP48_X4Y46          DSP48E1 (Prop_dsp48e1_A[23]_P[10])
                                                      4.020    13.048 r  pm_top_mux_inst/theshold_calculator_inst/r_threshold_value0/P[10]
                         net (fo=1, routed)           0.837    13.885    pm_top_mux_inst/theshold_calculator_inst/r_threshold_value0_n_95
    SLICE_X95Y116        FDRE                                         r  pm_top_mux_inst/theshold_calculator_inst/r_threshold_value_reg[10]/D
  -------------------------------------------------------------------    -------------------

                         (clock clk_fpga_0 rise edge)
                                                      0.000     0.000 r  
    PS7_X0Y0             PS7                          0.000     0.000 r  comblock_setup_wrapper_inst/comblock_setup_i/processing_system7_0/inst/PS7_i/FCLKCLK[0]
                         net (fo=1, routed)           1.088     1.088    comblock_setup_wrapper_inst/comblock_setup_i/processing_system7_0/inst/FCLK_CLK_unbuffered[0]
    BUFGCTRL_X0Y16       BUFG (Prop_bufg_I_O)         0.091     1.179 r  comblock_setup_wrapper_inst/comblock_setup_i/processing_system7_0/inst/buffer_fclk_clk_0.FCLK_CLK_0_BUFG/O
                         net (fo=31598, routed)       1.775     2.954    pm_top_mux_inst/theshold_calculator_inst/PS_CLOCK0
    SLICE_X95Y116        FDRE                                         r  pm_top_mux_inst/theshold_calculator_inst/r_threshold_value_reg[10]/C

Slack:                    inf
  Source:                 pm_top_mux_inst/theshold_calculator_inst/r_threshold_value1__1/ACOUT[29]
                            (internal pin)
  Destination:            pm_top_mux_inst/theshold_calculator_inst/r_threshold_value_reg[1]/D
                            (rising edge-triggered cell FDRE clocked by clk_fpga_0  {rise@0.000ns fall@12.500ns period=25.000ns})
  Path Group:             (none)
  Path Type:              Setup (Max at Slow Process Corner)
  Data Path Delay:        13.885ns  (logic 10.389ns (74.824%)  route 3.496ns (25.176%))
  Logic Levels:           18  (CARRY4=14 DSP48E1=2 LUT3=1 LUT4=1)
  Clock Uncertainty:      0.376ns  ((TSJ^2 + TIJ^2)^1/2 + DJ) / 2 + PE
    Total System Jitter     (TSJ):    0.050ns
    Total Input Jitter      (TIJ):    0.750ns
    Discrete Jitter          (DJ):    0.000ns
    Phase Error              (PE):    0.000ns

    Location             Delay type                Incr(ns)  Path(ns)    Netlist Resource(s)
  -------------------------------------------------------------------    -------------------
    DSP48_X3Y43          DSP48E1                      0.000     0.000 r  pm_top_mux_inst/theshold_calculator_inst/r_threshold_value1__1/ACOUT[29]
                         net (fo=1, routed)           0.002     0.002    pm_top_mux_inst/theshold_calculator_inst/r_threshold_value1__1_n_24
    DSP48_X3Y44          DSP48E1 (Prop_dsp48e1_ACIN[29]_P[2])
                                                      3.639     3.641 r  pm_top_mux_inst/theshold_calculator_inst/r_threshold_value1__2/P[2]
                         net (fo=2, routed)           1.302     4.943    pm_top_mux_inst/theshold_calculator_inst/r_threshold_value1__2_n_103
    SLICE_X97Y106        LUT3 (Prop_lut3_I1_O)        0.152     5.095 r  pm_top_mux_inst/theshold_calculator_inst/r_threshold_value0__1_i_23/O
                         net (fo=2, routed)           0.469     5.563    pm_top_mux_inst/theshold_calculator_inst/r_threshold_value1_1[1]
    SLICE_X97Y106        LUT4 (Prop_lut4_I3_O)        0.326     5.889 r  pm_top_mux_inst/theshold_calculator_inst/r_threshold_value0__1_i_27/O
                         net (fo=1, routed)           0.000     5.889    pm_top_mux_inst_n_267
    SLICE_X97Y106        CARRY4 (Prop_carry4_S[1]_CO[3])
                                                      0.550     6.439 r  theshold_calculator_inst/r_threshold_value0__1_i_3/CO[3]
                         net (fo=1, routed)           0.000     6.439    theshold_calculator_inst/r_threshold_value0__1_i_3_n_0
    SLICE_X97Y107        CARRY4 (Prop_carry4_CI_CO[3])
                                                      0.114     6.553 r  theshold_calculator_inst/r_threshold_value0__1_i_2/CO[3]
                         net (fo=1, routed)           0.000     6.553    theshold_calculator_inst/r_threshold_value0__1_i_2_n_0
    SLICE_X97Y108        CARRY4 (Prop_carry4_CI_CO[3])
                                                      0.114     6.667 r  theshold_calculator_inst/r_threshold_value0__1_i_1/CO[3]
                         net (fo=1, routed)           0.000     6.667    theshold_calculator_inst/r_threshold_value0__1_i_1_n_0
    SLICE_X97Y109        CARRY4 (Prop_carry4_CI_CO[3])
                                                      0.114     6.781 r  theshold_calculator_inst/r_threshold_value0__0_i_5/CO[3]
                         net (fo=1, routed)           0.000     6.781    theshold_calculator_inst/r_threshold_value0__0_i_5_n_0
    SLICE_X97Y110        CARRY4 (Prop_carry4_CI_CO[3])
                                                      0.114     6.895 r  theshold_calculator_inst/r_threshold_value0__0_i_4/CO[3]
                         net (fo=1, routed)           0.000     6.895    theshold_calculator_inst/r_threshold_value0__0_i_4_n_0
    SLICE_X97Y111        CARRY4 (Prop_carry4_CI_CO[3])
                                                      0.114     7.009 r  theshold_calculator_inst/r_threshold_value0__0_i_3/CO[3]
                         net (fo=1, routed)           0.000     7.009    theshold_calculator_inst/r_threshold_value0__0_i_3_n_0
    SLICE_X97Y112        CARRY4 (Prop_carry4_CI_CO[3])
                                                      0.114     7.123 r  theshold_calculator_inst/r_threshold_value0__0_i_2/CO[3]
                         net (fo=1, routed)           0.000     7.123    theshold_calculator_inst/r_threshold_value0__0_i_2_n_0
    SLICE_X97Y113        CARRY4 (Prop_carry4_CI_CO[3])
                                                      0.114     7.237 r  theshold_calculator_inst/r_threshold_value0__0_i_1/CO[3]
                         net (fo=1, routed)           0.000     7.237    theshold_calculator_inst/r_threshold_value0__0_i_1_n_0
    SLICE_X97Y114        CARRY4 (Prop_carry4_CI_CO[3])
                                                      0.114     7.351 r  theshold_calculator_inst/r_threshold_value0_i_6/CO[3]
                         net (fo=1, routed)           0.000     7.351    theshold_calculator_inst/r_threshold_value0_i_6_n_0
    SLICE_X97Y115        CARRY4 (Prop_carry4_CI_CO[3])
                                                      0.114     7.465 r  theshold_calculator_inst/r_threshold_value0_i_5/CO[3]
                         net (fo=1, routed)           0.000     7.465    theshold_calculator_inst/r_threshold_value0_i_5_n_0
    SLICE_X97Y116        CARRY4 (Prop_carry4_CI_CO[3])
                                                      0.114     7.579 r  theshold_calculator_inst/r_threshold_value0_i_4/CO[3]
                         net (fo=1, routed)           0.000     7.579    theshold_calculator_inst/r_threshold_value0_i_4_n_0
    SLICE_X97Y117        CARRY4 (Prop_carry4_CI_CO[3])
                                                      0.114     7.693 r  theshold_calculator_inst/r_threshold_value0_i_3/CO[3]
                         net (fo=1, routed)           0.000     7.693    theshold_calculator_inst/r_threshold_value0_i_3_n_0
    SLICE_X97Y118        CARRY4 (Prop_carry4_CI_CO[3])
                                                      0.114     7.807 r  theshold_calculator_inst/r_threshold_value0_i_2/CO[3]
                         net (fo=1, routed)           0.000     7.807    pm_top_mux_inst/theshold_calculator_inst/r_threshold_value_reg_0[0]
    SLICE_X97Y119        CARRY4 (Prop_carry4_CI_O[1])
                                                      0.334     8.141 r  pm_top_mux_inst/theshold_calculator_inst/r_threshold_value0_i_1/O[1]
                         net (fo=18, routed)          0.887     9.028    pm_top_mux_inst/theshold_calculator_inst/r_threshold_value0_i_1_n_6
    DSP48_X4Y46          DSP48E1 (Prop_dsp48e1_A[23]_P[1])
                                                      4.020    13.048 r  pm_top_mux_inst/theshold_calculator_inst/r_threshold_value0/P[1]
                         net (fo=1, routed)           0.837    13.885    pm_top_mux_inst/theshold_calculator_inst/r_threshold_value0_n_104
    SLICE_X98Y111        FDRE                                         r  pm_top_mux_inst/theshold_calculator_inst/r_threshold_value_reg[1]/D
  -------------------------------------------------------------------    -------------------

                         (clock clk_fpga_0 rise edge)
                                                      0.000     0.000 r  
    PS7_X0Y0             PS7                          0.000     0.000 r  comblock_setup_wrapper_inst/comblock_setup_i/processing_system7_0/inst/PS7_i/FCLKCLK[0]
                         net (fo=1, routed)           1.088     1.088    comblock_setup_wrapper_inst/comblock_setup_i/processing_system7_0/inst/FCLK_CLK_unbuffered[0]
    BUFGCTRL_X0Y16       BUFG (Prop_bufg_I_O)         0.091     1.179 r  comblock_setup_wrapper_inst/comblock_setup_i/processing_system7_0/inst/buffer_fclk_clk_0.FCLK_CLK_0_BUFG/O
                         net (fo=31598, routed)       1.779     2.958    pm_top_mux_inst/theshold_calculator_inst/PS_CLOCK0
    SLICE_X98Y111        FDRE                                         r  pm_top_mux_inst/theshold_calculator_inst/r_threshold_value_reg[1]/C

Slack:                    inf
  Source:                 pm_top_mux_inst/theshold_calculator_inst/r_threshold_value1__1/ACOUT[29]
                            (internal pin)
  Destination:            pm_top_mux_inst/theshold_calculator_inst/r_threshold_value_reg[16]/D
                            (rising edge-triggered cell FDRE clocked by clk_fpga_0  {rise@0.000ns fall@12.500ns period=25.000ns})
  Path Group:             (none)
  Path Type:              Setup (Max at Slow Process Corner)
  Data Path Delay:        13.883ns  (logic 10.389ns (74.831%)  route 3.494ns (25.169%))
  Logic Levels:           18  (CARRY4=14 DSP48E1=2 LUT3=1 LUT4=1)
  Clock Uncertainty:      0.376ns  ((TSJ^2 + TIJ^2)^1/2 + DJ) / 2 + PE
    Total System Jitter     (TSJ):    0.050ns
    Total Input Jitter      (TIJ):    0.750ns
    Discrete Jitter          (DJ):    0.000ns
    Phase Error              (PE):    0.000ns

    Location             Delay type                Incr(ns)  Path(ns)    Netlist Resource(s)
  -------------------------------------------------------------------    -------------------
    DSP48_X3Y43          DSP48E1                      0.000     0.000 r  pm_top_mux_inst/theshold_calculator_inst/r_threshold_value1__1/ACOUT[29]
                         net (fo=1, routed)           0.002     0.002    pm_top_mux_inst/theshold_calculator_inst/r_threshold_value1__1_n_24
    DSP48_X3Y44          DSP48E1 (Prop_dsp48e1_ACIN[29]_P[2])
                                                      3.639     3.641 r  pm_top_mux_inst/theshold_calculator_inst/r_threshold_value1__2/P[2]
                         net (fo=2, routed)           1.302     4.943    pm_top_mux_inst/theshold_calculator_inst/r_threshold_value1__2_n_103
    SLICE_X97Y106        LUT3 (Prop_lut3_I1_O)        0.152     5.095 r  pm_top_mux_inst/theshold_calculator_inst/r_threshold_value0__1_i_23/O
                         net (fo=2, routed)           0.469     5.563    pm_top_mux_inst/theshold_calculator_inst/r_threshold_value1_1[1]
    SLICE_X97Y106        LUT4 (Prop_lut4_I3_O)        0.326     5.889 r  pm_top_mux_inst/theshold_calculator_inst/r_threshold_value0__1_i_27/O
                         net (fo=1, routed)           0.000     5.889    pm_top_mux_inst_n_267
    SLICE_X97Y106        CARRY4 (Prop_carry4_S[1]_CO[3])
                                                      0.550     6.439 r  theshold_calculator_inst/r_threshold_value0__1_i_3/CO[3]
                         net (fo=1, routed)           0.000     6.439    theshold_calculator_inst/r_threshold_value0__1_i_3_n_0
    SLICE_X97Y107        CARRY4 (Prop_carry4_CI_CO[3])
                                                      0.114     6.553 r  theshold_calculator_inst/r_threshold_value0__1_i_2/CO[3]
                         net (fo=1, routed)           0.000     6.553    theshold_calculator_inst/r_threshold_value0__1_i_2_n_0
    SLICE_X97Y108        CARRY4 (Prop_carry4_CI_CO[3])
                                                      0.114     6.667 r  theshold_calculator_inst/r_threshold_value0__1_i_1/CO[3]
                         net (fo=1, routed)           0.000     6.667    theshold_calculator_inst/r_threshold_value0__1_i_1_n_0
    SLICE_X97Y109        CARRY4 (Prop_carry4_CI_CO[3])
                                                      0.114     6.781 r  theshold_calculator_inst/r_threshold_value0__0_i_5/CO[3]
                         net (fo=1, routed)           0.000     6.781    theshold_calculator_inst/r_threshold_value0__0_i_5_n_0
    SLICE_X97Y110        CARRY4 (Prop_carry4_CI_CO[3])
                                                      0.114     6.895 r  theshold_calculator_inst/r_threshold_value0__0_i_4/CO[3]
                         net (fo=1, routed)           0.000     6.895    theshold_calculator_inst/r_threshold_value0__0_i_4_n_0
    SLICE_X97Y111        CARRY4 (Prop_carry4_CI_CO[3])
                                                      0.114     7.009 r  theshold_calculator_inst/r_threshold_value0__0_i_3/CO[3]
                         net (fo=1, routed)           0.000     7.009    theshold_calculator_inst/r_threshold_value0__0_i_3_n_0
    SLICE_X97Y112        CARRY4 (Prop_carry4_CI_CO[3])
                                                      0.114     7.123 r  theshold_calculator_inst/r_threshold_value0__0_i_2/CO[3]
                         net (fo=1, routed)           0.000     7.123    theshold_calculator_inst/r_threshold_value0__0_i_2_n_0
    SLICE_X97Y113        CARRY4 (Prop_carry4_CI_CO[3])
                                                      0.114     7.237 r  theshold_calculator_inst/r_threshold_value0__0_i_1/CO[3]
                         net (fo=1, routed)           0.000     7.237    theshold_calculator_inst/r_threshold_value0__0_i_1_n_0
    SLICE_X97Y114        CARRY4 (Prop_carry4_CI_CO[3])
                                                      0.114     7.351 r  theshold_calculator_inst/r_threshold_value0_i_6/CO[3]
                         net (fo=1, routed)           0.000     7.351    theshold_calculator_inst/r_threshold_value0_i_6_n_0
    SLICE_X97Y115        CARRY4 (Prop_carry4_CI_CO[3])
                                                      0.114     7.465 r  theshold_calculator_inst/r_threshold_value0_i_5/CO[3]
                         net (fo=1, routed)           0.000     7.465    theshold_calculator_inst/r_threshold_value0_i_5_n_0
    SLICE_X97Y116        CARRY4 (Prop_carry4_CI_CO[3])
                                                      0.114     7.579 r  theshold_calculator_inst/r_threshold_value0_i_4/CO[3]
                         net (fo=1, routed)           0.000     7.579    theshold_calculator_inst/r_threshold_value0_i_4_n_0
    SLICE_X97Y117        CARRY4 (Prop_carry4_CI_CO[3])
                                                      0.114     7.693 r  theshold_calculator_inst/r_threshold_value0_i_3/CO[3]
                         net (fo=1, routed)           0.000     7.693    theshold_calculator_inst/r_threshold_value0_i_3_n_0
    SLICE_X97Y118        CARRY4 (Prop_carry4_CI_CO[3])
                                                      0.114     7.807 r  theshold_calculator_inst/r_threshold_value0_i_2/CO[3]
                         net (fo=1, routed)           0.000     7.807    pm_top_mux_inst/theshold_calculator_inst/r_threshold_value_reg_0[0]
    SLICE_X97Y119        CARRY4 (Prop_carry4_CI_O[1])
                                                      0.334     8.141 r  pm_top_mux_inst/theshold_calculator_inst/r_threshold_value0_i_1/O[1]
                         net (fo=18, routed)          0.887     9.028    pm_top_mux_inst/theshold_calculator_inst/r_threshold_value0_i_1_n_6
    DSP48_X4Y46          DSP48E1 (Prop_dsp48e1_A[23]_P[16])
                                                      4.020    13.048 r  pm_top_mux_inst/theshold_calculator_inst/r_threshold_value0/P[16]
                         net (fo=1, routed)           0.835    13.883    pm_top_mux_inst/theshold_calculator_inst/r_threshold_value0_n_89
    SLICE_X98Y117        FDRE                                         r  pm_top_mux_inst/theshold_calculator_inst/r_threshold_value_reg[16]/D
  -------------------------------------------------------------------    -------------------

                         (clock clk_fpga_0 rise edge)
                                                      0.000     0.000 r  
    PS7_X0Y0             PS7                          0.000     0.000 r  comblock_setup_wrapper_inst/comblock_setup_i/processing_system7_0/inst/PS7_i/FCLKCLK[0]
                         net (fo=1, routed)           1.088     1.088    comblock_setup_wrapper_inst/comblock_setup_i/processing_system7_0/inst/FCLK_CLK_unbuffered[0]
    BUFGCTRL_X0Y16       BUFG (Prop_bufg_I_O)         0.091     1.179 r  comblock_setup_wrapper_inst/comblock_setup_i/processing_system7_0/inst/buffer_fclk_clk_0.FCLK_CLK_0_BUFG/O
                         net (fo=31598, routed)       1.774     2.953    pm_top_mux_inst/theshold_calculator_inst/PS_CLOCK0
    SLICE_X98Y117        FDRE                                         r  pm_top_mux_inst/theshold_calculator_inst/r_threshold_value_reg[16]/C

Slack:                    inf
  Source:                 pm_top_mux_inst/theshold_calculator_inst/r_threshold_value1__1/ACOUT[29]
                            (internal pin)
  Destination:            pm_top_mux_inst/theshold_calculator_inst/r_threshold_value_reg[2]/D
                            (rising edge-triggered cell FDRE clocked by clk_fpga_0  {rise@0.000ns fall@12.500ns period=25.000ns})
  Path Group:             (none)
  Path Type:              Setup (Max at Slow Process Corner)
  Data Path Delay:        13.882ns  (logic 10.389ns (74.836%)  route 3.493ns (25.164%))
  Logic Levels:           18  (CARRY4=14 DSP48E1=2 LUT3=1 LUT4=1)
  Clock Uncertainty:      0.376ns  ((TSJ^2 + TIJ^2)^1/2 + DJ) / 2 + PE
    Total System Jitter     (TSJ):    0.050ns
    Total Input Jitter      (TIJ):    0.750ns
    Discrete Jitter          (DJ):    0.000ns
    Phase Error              (PE):    0.000ns

    Location             Delay type                Incr(ns)  Path(ns)    Netlist Resource(s)
  -------------------------------------------------------------------    -------------------
    DSP48_X3Y43          DSP48E1                      0.000     0.000 r  pm_top_mux_inst/theshold_calculator_inst/r_threshold_value1__1/ACOUT[29]
                         net (fo=1, routed)           0.002     0.002    pm_top_mux_inst/theshold_calculator_inst/r_threshold_value1__1_n_24
    DSP48_X3Y44          DSP48E1 (Prop_dsp48e1_ACIN[29]_P[2])
                                                      3.639     3.641 r  pm_top_mux_inst/theshold_calculator_inst/r_threshold_value1__2/P[2]
                         net (fo=2, routed)           1.302     4.943    pm_top_mux_inst/theshold_calculator_inst/r_threshold_value1__2_n_103
    SLICE_X97Y106        LUT3 (Prop_lut3_I1_O)        0.152     5.095 r  pm_top_mux_inst/theshold_calculator_inst/r_threshold_value0__1_i_23/O
                         net (fo=2, routed)           0.469     5.563    pm_top_mux_inst/theshold_calculator_inst/r_threshold_value1_1[1]
    SLICE_X97Y106        LUT4 (Prop_lut4_I3_O)        0.326     5.889 r  pm_top_mux_inst/theshold_calculator_inst/r_threshold_value0__1_i_27/O
                         net (fo=1, routed)           0.000     5.889    pm_top_mux_inst_n_267
    SLICE_X97Y106        CARRY4 (Prop_carry4_S[1]_CO[3])
                                                      0.550     6.439 r  theshold_calculator_inst/r_threshold_value0__1_i_3/CO[3]
                         net (fo=1, routed)           0.000     6.439    theshold_calculator_inst/r_threshold_value0__1_i_3_n_0
    SLICE_X97Y107        CARRY4 (Prop_carry4_CI_CO[3])
                                                      0.114     6.553 r  theshold_calculator_inst/r_threshold_value0__1_i_2/CO[3]
                         net (fo=1, routed)           0.000     6.553    theshold_calculator_inst/r_threshold_value0__1_i_2_n_0
    SLICE_X97Y108        CARRY4 (Prop_carry4_CI_CO[3])
                                                      0.114     6.667 r  theshold_calculator_inst/r_threshold_value0__1_i_1/CO[3]
                         net (fo=1, routed)           0.000     6.667    theshold_calculator_inst/r_threshold_value0__1_i_1_n_0
    SLICE_X97Y109        CARRY4 (Prop_carry4_CI_CO[3])
                                                      0.114     6.781 r  theshold_calculator_inst/r_threshold_value0__0_i_5/CO[3]
                         net (fo=1, routed)           0.000     6.781    theshold_calculator_inst/r_threshold_value0__0_i_5_n_0
    SLICE_X97Y110        CARRY4 (Prop_carry4_CI_CO[3])
                                                      0.114     6.895 r  theshold_calculator_inst/r_threshold_value0__0_i_4/CO[3]
                         net (fo=1, routed)           0.000     6.895    theshold_calculator_inst/r_threshold_value0__0_i_4_n_0
    SLICE_X97Y111        CARRY4 (Prop_carry4_CI_CO[3])
                                                      0.114     7.009 r  theshold_calculator_inst/r_threshold_value0__0_i_3/CO[3]
                         net (fo=1, routed)           0.000     7.009    theshold_calculator_inst/r_threshold_value0__0_i_3_n_0
    SLICE_X97Y112        CARRY4 (Prop_carry4_CI_CO[3])
                                                      0.114     7.123 r  theshold_calculator_inst/r_threshold_value0__0_i_2/CO[3]
                         net (fo=1, routed)           0.000     7.123    theshold_calculator_inst/r_threshold_value0__0_i_2_n_0
    SLICE_X97Y113        CARRY4 (Prop_carry4_CI_CO[3])
                                                      0.114     7.237 r  theshold_calculator_inst/r_threshold_value0__0_i_1/CO[3]
                         net (fo=1, routed)           0.000     7.237    theshold_calculator_inst/r_threshold_value0__0_i_1_n_0
    SLICE_X97Y114        CARRY4 (Prop_carry4_CI_CO[3])
                                                      0.114     7.351 r  theshold_calculator_inst/r_threshold_value0_i_6/CO[3]
                         net (fo=1, routed)           0.000     7.351    theshold_calculator_inst/r_threshold_value0_i_6_n_0
    SLICE_X97Y115        CARRY4 (Prop_carry4_CI_CO[3])
                                                      0.114     7.465 r  theshold_calculator_inst/r_threshold_value0_i_5/CO[3]
                         net (fo=1, routed)           0.000     7.465    theshold_calculator_inst/r_threshold_value0_i_5_n_0
    SLICE_X97Y116        CARRY4 (Prop_carry4_CI_CO[3])
                                                      0.114     7.579 r  theshold_calculator_inst/r_threshold_value0_i_4/CO[3]
                         net (fo=1, routed)           0.000     7.579    theshold_calculator_inst/r_threshold_value0_i_4_n_0
    SLICE_X97Y117        CARRY4 (Prop_carry4_CI_CO[3])
                                                      0.114     7.693 r  theshold_calculator_inst/r_threshold_value0_i_3/CO[3]
                         net (fo=1, routed)           0.000     7.693    theshold_calculator_inst/r_threshold_value0_i_3_n_0
    SLICE_X97Y118        CARRY4 (Prop_carry4_CI_CO[3])
                                                      0.114     7.807 r  theshold_calculator_inst/r_threshold_value0_i_2/CO[3]
                         net (fo=1, routed)           0.000     7.807    pm_top_mux_inst/theshold_calculator_inst/r_threshold_value_reg_0[0]
    SLICE_X97Y119        CARRY4 (Prop_carry4_CI_O[1])
                                                      0.334     8.141 r  pm_top_mux_inst/theshold_calculator_inst/r_threshold_value0_i_1/O[1]
                         net (fo=18, routed)          0.887     9.028    pm_top_mux_inst/theshold_calculator_inst/r_threshold_value0_i_1_n_6
    DSP48_X4Y46          DSP48E1 (Prop_dsp48e1_A[23]_P[2])
                                                      4.020    13.048 r  pm_top_mux_inst/theshold_calculator_inst/r_threshold_value0/P[2]
                         net (fo=1, routed)           0.834    13.882    pm_top_mux_inst/theshold_calculator_inst/r_threshold_value0_n_103
    SLICE_X98Y111        FDRE                                         r  pm_top_mux_inst/theshold_calculator_inst/r_threshold_value_reg[2]/D
  -------------------------------------------------------------------    -------------------

                         (clock clk_fpga_0 rise edge)
                                                      0.000     0.000 r  
    PS7_X0Y0             PS7                          0.000     0.000 r  comblock_setup_wrapper_inst/comblock_setup_i/processing_system7_0/inst/PS7_i/FCLKCLK[0]
                         net (fo=1, routed)           1.088     1.088    comblock_setup_wrapper_inst/comblock_setup_i/processing_system7_0/inst/FCLK_CLK_unbuffered[0]
    BUFGCTRL_X0Y16       BUFG (Prop_bufg_I_O)         0.091     1.179 r  comblock_setup_wrapper_inst/comblock_setup_i/processing_system7_0/inst/buffer_fclk_clk_0.FCLK_CLK_0_BUFG/O
                         net (fo=31598, routed)       1.779     2.958    pm_top_mux_inst/theshold_calculator_inst/PS_CLOCK0
    SLICE_X98Y111        FDRE                                         r  pm_top_mux_inst/theshold_calculator_inst/r_threshold_value_reg[2]/C

Slack:                    inf
  Source:                 pm_top_mux_inst/theshold_calculator_inst/r_threshold_value1__1/ACOUT[29]
                            (internal pin)
  Destination:            pm_top_mux_inst/theshold_calculator_inst/r_threshold_value_reg[12]/D
                            (rising edge-triggered cell FDRE clocked by clk_fpga_0  {rise@0.000ns fall@12.500ns period=25.000ns})
  Path Group:             (none)
  Path Type:              Setup (Max at Slow Process Corner)
  Data Path Delay:        13.865ns  (logic 10.389ns (74.932%)  route 3.476ns (25.068%))
  Logic Levels:           18  (CARRY4=14 DSP48E1=2 LUT3=1 LUT4=1)
  Clock Uncertainty:      0.376ns  ((TSJ^2 + TIJ^2)^1/2 + DJ) / 2 + PE
    Total System Jitter     (TSJ):    0.050ns
    Total Input Jitter      (TIJ):    0.750ns
    Discrete Jitter          (DJ):    0.000ns
    Phase Error              (PE):    0.000ns

    Location             Delay type                Incr(ns)  Path(ns)    Netlist Resource(s)
  -------------------------------------------------------------------    -------------------
    DSP48_X3Y43          DSP48E1                      0.000     0.000 r  pm_top_mux_inst/theshold_calculator_inst/r_threshold_value1__1/ACOUT[29]
                         net (fo=1, routed)           0.002     0.002    pm_top_mux_inst/theshold_calculator_inst/r_threshold_value1__1_n_24
    DSP48_X3Y44          DSP48E1 (Prop_dsp48e1_ACIN[29]_P[2])
                                                      3.639     3.641 r  pm_top_mux_inst/theshold_calculator_inst/r_threshold_value1__2/P[2]
                         net (fo=2, routed)           1.302     4.943    pm_top_mux_inst/theshold_calculator_inst/r_threshold_value1__2_n_103
    SLICE_X97Y106        LUT3 (Prop_lut3_I1_O)        0.152     5.095 r  pm_top_mux_inst/theshold_calculator_inst/r_threshold_value0__1_i_23/O
                         net (fo=2, routed)           0.469     5.563    pm_top_mux_inst/theshold_calculator_inst/r_threshold_value1_1[1]
    SLICE_X97Y106        LUT4 (Prop_lut4_I3_O)        0.326     5.889 r  pm_top_mux_inst/theshold_calculator_inst/r_threshold_value0__1_i_27/O
                         net (fo=1, routed)           0.000     5.889    pm_top_mux_inst_n_267
    SLICE_X97Y106        CARRY4 (Prop_carry4_S[1]_CO[3])
                                                      0.550     6.439 r  theshold_calculator_inst/r_threshold_value0__1_i_3/CO[3]
                         net (fo=1, routed)           0.000     6.439    theshold_calculator_inst/r_threshold_value0__1_i_3_n_0
    SLICE_X97Y107        CARRY4 (Prop_carry4_CI_CO[3])
                                                      0.114     6.553 r  theshold_calculator_inst/r_threshold_value0__1_i_2/CO[3]
                         net (fo=1, routed)           0.000     6.553    theshold_calculator_inst/r_threshold_value0__1_i_2_n_0
    SLICE_X97Y108        CARRY4 (Prop_carry4_CI_CO[3])
                                                      0.114     6.667 r  theshold_calculator_inst/r_threshold_value0__1_i_1/CO[3]
                         net (fo=1, routed)           0.000     6.667    theshold_calculator_inst/r_threshold_value0__1_i_1_n_0
    SLICE_X97Y109        CARRY4 (Prop_carry4_CI_CO[3])
                                                      0.114     6.781 r  theshold_calculator_inst/r_threshold_value0__0_i_5/CO[3]
                         net (fo=1, routed)           0.000     6.781    theshold_calculator_inst/r_threshold_value0__0_i_5_n_0
    SLICE_X97Y110        CARRY4 (Prop_carry4_CI_CO[3])
                                                      0.114     6.895 r  theshold_calculator_inst/r_threshold_value0__0_i_4/CO[3]
                         net (fo=1, routed)           0.000     6.895    theshold_calculator_inst/r_threshold_value0__0_i_4_n_0
    SLICE_X97Y111        CARRY4 (Prop_carry4_CI_CO[3])
                                                      0.114     7.009 r  theshold_calculator_inst/r_threshold_value0__0_i_3/CO[3]
                         net (fo=1, routed)           0.000     7.009    theshold_calculator_inst/r_threshold_value0__0_i_3_n_0
    SLICE_X97Y112        CARRY4 (Prop_carry4_CI_CO[3])
                                                      0.114     7.123 r  theshold_calculator_inst/r_threshold_value0__0_i_2/CO[3]
                         net (fo=1, routed)           0.000     7.123    theshold_calculator_inst/r_threshold_value0__0_i_2_n_0
    SLICE_X97Y113        CARRY4 (Prop_carry4_CI_CO[3])
                                                      0.114     7.237 r  theshold_calculator_inst/r_threshold_value0__0_i_1/CO[3]
                         net (fo=1, routed)           0.000     7.237    theshold_calculator_inst/r_threshold_value0__0_i_1_n_0
    SLICE_X97Y114        CARRY4 (Prop_carry4_CI_CO[3])
                                                      0.114     7.351 r  theshold_calculator_inst/r_threshold_value0_i_6/CO[3]
                         net (fo=1, routed)           0.000     7.351    theshold_calculator_inst/r_threshold_value0_i_6_n_0
    SLICE_X97Y115        CARRY4 (Prop_carry4_CI_CO[3])
                                                      0.114     7.465 r  theshold_calculator_inst/r_threshold_value0_i_5/CO[3]
                         net (fo=1, routed)           0.000     7.465    theshold_calculator_inst/r_threshold_value0_i_5_n_0
    SLICE_X97Y116        CARRY4 (Prop_carry4_CI_CO[3])
                                                      0.114     7.579 r  theshold_calculator_inst/r_threshold_value0_i_4/CO[3]
                         net (fo=1, routed)           0.000     7.579    theshold_calculator_inst/r_threshold_value0_i_4_n_0
    SLICE_X97Y117        CARRY4 (Prop_carry4_CI_CO[3])
                                                      0.114     7.693 r  theshold_calculator_inst/r_threshold_value0_i_3/CO[3]
                         net (fo=1, routed)           0.000     7.693    theshold_calculator_inst/r_threshold_value0_i_3_n_0
    SLICE_X97Y118        CARRY4 (Prop_carry4_CI_CO[3])
                                                      0.114     7.807 r  theshold_calculator_inst/r_threshold_value0_i_2/CO[3]
                         net (fo=1, routed)           0.000     7.807    pm_top_mux_inst/theshold_calculator_inst/r_threshold_value_reg_0[0]
    SLICE_X97Y119        CARRY4 (Prop_carry4_CI_O[1])
                                                      0.334     8.141 r  pm_top_mux_inst/theshold_calculator_inst/r_threshold_value0_i_1/O[1]
                         net (fo=18, routed)          0.887     9.028    pm_top_mux_inst/theshold_calculator_inst/r_threshold_value0_i_1_n_6
    DSP48_X4Y46          DSP48E1 (Prop_dsp48e1_A[23]_P[12])
                                                      4.020    13.048 r  pm_top_mux_inst/theshold_calculator_inst/r_threshold_value0/P[12]
                         net (fo=1, routed)           0.816    13.865    pm_top_mux_inst/theshold_calculator_inst/r_threshold_value0_n_93
    SLICE_X99Y117        FDRE                                         r  pm_top_mux_inst/theshold_calculator_inst/r_threshold_value_reg[12]/D
  -------------------------------------------------------------------    -------------------

                         (clock clk_fpga_0 rise edge)
                                                      0.000     0.000 r  
    PS7_X0Y0             PS7                          0.000     0.000 r  comblock_setup_wrapper_inst/comblock_setup_i/processing_system7_0/inst/PS7_i/FCLKCLK[0]
                         net (fo=1, routed)           1.088     1.088    comblock_setup_wrapper_inst/comblock_setup_i/processing_system7_0/inst/FCLK_CLK_unbuffered[0]
    BUFGCTRL_X0Y16       BUFG (Prop_bufg_I_O)         0.091     1.179 r  comblock_setup_wrapper_inst/comblock_setup_i/processing_system7_0/inst/buffer_fclk_clk_0.FCLK_CLK_0_BUFG/O
                         net (fo=31598, routed)       1.774     2.953    pm_top_mux_inst/theshold_calculator_inst/PS_CLOCK0
    SLICE_X99Y117        FDRE                                         r  pm_top_mux_inst/theshold_calculator_inst/r_threshold_value_reg[12]/C

Slack:                    inf
  Source:                 pm_top_mux_inst/theshold_calculator_inst/r_threshold_value1__1/ACOUT[29]
                            (internal pin)
  Destination:            pm_top_mux_inst/theshold_calculator_inst/r_threshold_value_reg[0]/D
                            (rising edge-triggered cell FDRE clocked by clk_fpga_0  {rise@0.000ns fall@12.500ns period=25.000ns})
  Path Group:             (none)
  Path Type:              Setup (Max at Slow Process Corner)
  Data Path Delay:        13.791ns  (logic 10.389ns (75.334%)  route 3.402ns (24.666%))
  Logic Levels:           18  (CARRY4=14 DSP48E1=2 LUT3=1 LUT4=1)
  Clock Uncertainty:      0.376ns  ((TSJ^2 + TIJ^2)^1/2 + DJ) / 2 + PE
    Total System Jitter     (TSJ):    0.050ns
    Total Input Jitter      (TIJ):    0.750ns
    Discrete Jitter          (DJ):    0.000ns
    Phase Error              (PE):    0.000ns

    Location             Delay type                Incr(ns)  Path(ns)    Netlist Resource(s)
  -------------------------------------------------------------------    -------------------
    DSP48_X3Y43          DSP48E1                      0.000     0.000 r  pm_top_mux_inst/theshold_calculator_inst/r_threshold_value1__1/ACOUT[29]
                         net (fo=1, routed)           0.002     0.002    pm_top_mux_inst/theshold_calculator_inst/r_threshold_value1__1_n_24
    DSP48_X3Y44          DSP48E1 (Prop_dsp48e1_ACIN[29]_P[2])
                                                      3.639     3.641 r  pm_top_mux_inst/theshold_calculator_inst/r_threshold_value1__2/P[2]
                         net (fo=2, routed)           1.302     4.943    pm_top_mux_inst/theshold_calculator_inst/r_threshold_value1__2_n_103
    SLICE_X97Y106        LUT3 (Prop_lut3_I1_O)        0.152     5.095 r  pm_top_mux_inst/theshold_calculator_inst/r_threshold_value0__1_i_23/O
                         net (fo=2, routed)           0.469     5.563    pm_top_mux_inst/theshold_calculator_inst/r_threshold_value1_1[1]
    SLICE_X97Y106        LUT4 (Prop_lut4_I3_O)        0.326     5.889 r  pm_top_mux_inst/theshold_calculator_inst/r_threshold_value0__1_i_27/O
                         net (fo=1, routed)           0.000     5.889    pm_top_mux_inst_n_267
    SLICE_X97Y106        CARRY4 (Prop_carry4_S[1]_CO[3])
                                                      0.550     6.439 r  theshold_calculator_inst/r_threshold_value0__1_i_3/CO[3]
                         net (fo=1, routed)           0.000     6.439    theshold_calculator_inst/r_threshold_value0__1_i_3_n_0
    SLICE_X97Y107        CARRY4 (Prop_carry4_CI_CO[3])
                                                      0.114     6.553 r  theshold_calculator_inst/r_threshold_value0__1_i_2/CO[3]
                         net (fo=1, routed)           0.000     6.553    theshold_calculator_inst/r_threshold_value0__1_i_2_n_0
    SLICE_X97Y108        CARRY4 (Prop_carry4_CI_CO[3])
                                                      0.114     6.667 r  theshold_calculator_inst/r_threshold_value0__1_i_1/CO[3]
                         net (fo=1, routed)           0.000     6.667    theshold_calculator_inst/r_threshold_value0__1_i_1_n_0
    SLICE_X97Y109        CARRY4 (Prop_carry4_CI_CO[3])
                                                      0.114     6.781 r  theshold_calculator_inst/r_threshold_value0__0_i_5/CO[3]
                         net (fo=1, routed)           0.000     6.781    theshold_calculator_inst/r_threshold_value0__0_i_5_n_0
    SLICE_X97Y110        CARRY4 (Prop_carry4_CI_CO[3])
                                                      0.114     6.895 r  theshold_calculator_inst/r_threshold_value0__0_i_4/CO[3]
                         net (fo=1, routed)           0.000     6.895    theshold_calculator_inst/r_threshold_value0__0_i_4_n_0
    SLICE_X97Y111        CARRY4 (Prop_carry4_CI_CO[3])
                                                      0.114     7.009 r  theshold_calculator_inst/r_threshold_value0__0_i_3/CO[3]
                         net (fo=1, routed)           0.000     7.009    theshold_calculator_inst/r_threshold_value0__0_i_3_n_0
    SLICE_X97Y112        CARRY4 (Prop_carry4_CI_CO[3])
                                                      0.114     7.123 r  theshold_calculator_inst/r_threshold_value0__0_i_2/CO[3]
                         net (fo=1, routed)           0.000     7.123    theshold_calculator_inst/r_threshold_value0__0_i_2_n_0
    SLICE_X97Y113        CARRY4 (Prop_carry4_CI_CO[3])
                                                      0.114     7.237 r  theshold_calculator_inst/r_threshold_value0__0_i_1/CO[3]
                         net (fo=1, routed)           0.000     7.237    theshold_calculator_inst/r_threshold_value0__0_i_1_n_0
    SLICE_X97Y114        CARRY4 (Prop_carry4_CI_CO[3])
                                                      0.114     7.351 r  theshold_calculator_inst/r_threshold_value0_i_6/CO[3]
                         net (fo=1, routed)           0.000     7.351    theshold_calculator_inst/r_threshold_value0_i_6_n_0
    SLICE_X97Y115        CARRY4 (Prop_carry4_CI_CO[3])
                                                      0.114     7.465 r  theshold_calculator_inst/r_threshold_value0_i_5/CO[3]
                         net (fo=1, routed)           0.000     7.465    theshold_calculator_inst/r_threshold_value0_i_5_n_0
    SLICE_X97Y116        CARRY4 (Prop_carry4_CI_CO[3])
                                                      0.114     7.579 r  theshold_calculator_inst/r_threshold_value0_i_4/CO[3]
                         net (fo=1, routed)           0.000     7.579    theshold_calculator_inst/r_threshold_value0_i_4_n_0
    SLICE_X97Y117        CARRY4 (Prop_carry4_CI_CO[3])
                                                      0.114     7.693 r  theshold_calculator_inst/r_threshold_value0_i_3/CO[3]
                         net (fo=1, routed)           0.000     7.693    theshold_calculator_inst/r_threshold_value0_i_3_n_0
    SLICE_X97Y118        CARRY4 (Prop_carry4_CI_CO[3])
                                                      0.114     7.807 r  theshold_calculator_inst/r_threshold_value0_i_2/CO[3]
                         net (fo=1, routed)           0.000     7.807    pm_top_mux_inst/theshold_calculator_inst/r_threshold_value_reg_0[0]
    SLICE_X97Y119        CARRY4 (Prop_carry4_CI_O[1])
                                                      0.334     8.141 r  pm_top_mux_inst/theshold_calculator_inst/r_threshold_value0_i_1/O[1]
                         net (fo=18, routed)          0.887     9.028    pm_top_mux_inst/theshold_calculator_inst/r_threshold_value0_i_1_n_6
    DSP48_X4Y46          DSP48E1 (Prop_dsp48e1_A[23]_P[0])
                                                      4.020    13.048 r  pm_top_mux_inst/theshold_calculator_inst/r_threshold_value0/P[0]
                         net (fo=1, routed)           0.743    13.791    pm_top_mux_inst/theshold_calculator_inst/r_threshold_value0_n_105
    SLICE_X98Y111        FDRE                                         r  pm_top_mux_inst/theshold_calculator_inst/r_threshold_value_reg[0]/D
  -------------------------------------------------------------------    -------------------

                         (clock clk_fpga_0 rise edge)
                                                      0.000     0.000 r  
    PS7_X0Y0             PS7                          0.000     0.000 r  comblock_setup_wrapper_inst/comblock_setup_i/processing_system7_0/inst/PS7_i/FCLKCLK[0]
                         net (fo=1, routed)           1.088     1.088    comblock_setup_wrapper_inst/comblock_setup_i/processing_system7_0/inst/FCLK_CLK_unbuffered[0]
    BUFGCTRL_X0Y16       BUFG (Prop_bufg_I_O)         0.091     1.179 r  comblock_setup_wrapper_inst/comblock_setup_i/processing_system7_0/inst/buffer_fclk_clk_0.FCLK_CLK_0_BUFG/O
                         net (fo=31598, routed)       1.779     2.958    pm_top_mux_inst/theshold_calculator_inst/PS_CLOCK0
    SLICE_X98Y111        FDRE                                         r  pm_top_mux_inst/theshold_calculator_inst/r_threshold_value_reg[0]/C

Slack:                    inf
  Source:                 pm_top_mux_inst/theshold_calculator_inst/r_threshold_value1__1/ACOUT[29]
                            (internal pin)
  Destination:            pm_top_mux_inst/theshold_calculator_inst/r_threshold_value_reg[11]/D
                            (rising edge-triggered cell FDRE clocked by clk_fpga_0  {rise@0.000ns fall@12.500ns period=25.000ns})
  Path Group:             (none)
  Path Type:              Setup (Max at Slow Process Corner)
  Data Path Delay:        13.790ns  (logic 10.389ns (75.335%)  route 3.401ns (24.665%))
  Logic Levels:           18  (CARRY4=14 DSP48E1=2 LUT3=1 LUT4=1)
  Clock Uncertainty:      0.376ns  ((TSJ^2 + TIJ^2)^1/2 + DJ) / 2 + PE
    Total System Jitter     (TSJ):    0.050ns
    Total Input Jitter      (TIJ):    0.750ns
    Discrete Jitter          (DJ):    0.000ns
    Phase Error              (PE):    0.000ns

    Location             Delay type                Incr(ns)  Path(ns)    Netlist Resource(s)
  -------------------------------------------------------------------    -------------------
    DSP48_X3Y43          DSP48E1                      0.000     0.000 r  pm_top_mux_inst/theshold_calculator_inst/r_threshold_value1__1/ACOUT[29]
                         net (fo=1, routed)           0.002     0.002    pm_top_mux_inst/theshold_calculator_inst/r_threshold_value1__1_n_24
    DSP48_X3Y44          DSP48E1 (Prop_dsp48e1_ACIN[29]_P[2])
                                                      3.639     3.641 r  pm_top_mux_inst/theshold_calculator_inst/r_threshold_value1__2/P[2]
                         net (fo=2, routed)           1.302     4.943    pm_top_mux_inst/theshold_calculator_inst/r_threshold_value1__2_n_103
    SLICE_X97Y106        LUT3 (Prop_lut3_I1_O)        0.152     5.095 r  pm_top_mux_inst/theshold_calculator_inst/r_threshold_value0__1_i_23/O
                         net (fo=2, routed)           0.469     5.563    pm_top_mux_inst/theshold_calculator_inst/r_threshold_value1_1[1]
    SLICE_X97Y106        LUT4 (Prop_lut4_I3_O)        0.326     5.889 r  pm_top_mux_inst/theshold_calculator_inst/r_threshold_value0__1_i_27/O
                         net (fo=1, routed)           0.000     5.889    pm_top_mux_inst_n_267
    SLICE_X97Y106        CARRY4 (Prop_carry4_S[1]_CO[3])
                                                      0.550     6.439 r  theshold_calculator_inst/r_threshold_value0__1_i_3/CO[3]
                         net (fo=1, routed)           0.000     6.439    theshold_calculator_inst/r_threshold_value0__1_i_3_n_0
    SLICE_X97Y107        CARRY4 (Prop_carry4_CI_CO[3])
                                                      0.114     6.553 r  theshold_calculator_inst/r_threshold_value0__1_i_2/CO[3]
                         net (fo=1, routed)           0.000     6.553    theshold_calculator_inst/r_threshold_value0__1_i_2_n_0
    SLICE_X97Y108        CARRY4 (Prop_carry4_CI_CO[3])
                                                      0.114     6.667 r  theshold_calculator_inst/r_threshold_value0__1_i_1/CO[3]
                         net (fo=1, routed)           0.000     6.667    theshold_calculator_inst/r_threshold_value0__1_i_1_n_0
    SLICE_X97Y109        CARRY4 (Prop_carry4_CI_CO[3])
                                                      0.114     6.781 r  theshold_calculator_inst/r_threshold_value0__0_i_5/CO[3]
                         net (fo=1, routed)           0.000     6.781    theshold_calculator_inst/r_threshold_value0__0_i_5_n_0
    SLICE_X97Y110        CARRY4 (Prop_carry4_CI_CO[3])
                                                      0.114     6.895 r  theshold_calculator_inst/r_threshold_value0__0_i_4/CO[3]
                         net (fo=1, routed)           0.000     6.895    theshold_calculator_inst/r_threshold_value0__0_i_4_n_0
    SLICE_X97Y111        CARRY4 (Prop_carry4_CI_CO[3])
                                                      0.114     7.009 r  theshold_calculator_inst/r_threshold_value0__0_i_3/CO[3]
                         net (fo=1, routed)           0.000     7.009    theshold_calculator_inst/r_threshold_value0__0_i_3_n_0
    SLICE_X97Y112        CARRY4 (Prop_carry4_CI_CO[3])
                                                      0.114     7.123 r  theshold_calculator_inst/r_threshold_value0__0_i_2/CO[3]
                         net (fo=1, routed)           0.000     7.123    theshold_calculator_inst/r_threshold_value0__0_i_2_n_0
    SLICE_X97Y113        CARRY4 (Prop_carry4_CI_CO[3])
                                                      0.114     7.237 r  theshold_calculator_inst/r_threshold_value0__0_i_1/CO[3]
                         net (fo=1, routed)           0.000     7.237    theshold_calculator_inst/r_threshold_value0__0_i_1_n_0
    SLICE_X97Y114        CARRY4 (Prop_carry4_CI_CO[3])
                                                      0.114     7.351 r  theshold_calculator_inst/r_threshold_value0_i_6/CO[3]
                         net (fo=1, routed)           0.000     7.351    theshold_calculator_inst/r_threshold_value0_i_6_n_0
    SLICE_X97Y115        CARRY4 (Prop_carry4_CI_CO[3])
                                                      0.114     7.465 r  theshold_calculator_inst/r_threshold_value0_i_5/CO[3]
                         net (fo=1, routed)           0.000     7.465    theshold_calculator_inst/r_threshold_value0_i_5_n_0
    SLICE_X97Y116        CARRY4 (Prop_carry4_CI_CO[3])
                                                      0.114     7.579 r  theshold_calculator_inst/r_threshold_value0_i_4/CO[3]
                         net (fo=1, routed)           0.000     7.579    theshold_calculator_inst/r_threshold_value0_i_4_n_0
    SLICE_X97Y117        CARRY4 (Prop_carry4_CI_CO[3])
                                                      0.114     7.693 r  theshold_calculator_inst/r_threshold_value0_i_3/CO[3]
                         net (fo=1, routed)           0.000     7.693    theshold_calculator_inst/r_threshold_value0_i_3_n_0
    SLICE_X97Y118        CARRY4 (Prop_carry4_CI_CO[3])
                                                      0.114     7.807 r  theshold_calculator_inst/r_threshold_value0_i_2/CO[3]
                         net (fo=1, routed)           0.000     7.807    pm_top_mux_inst/theshold_calculator_inst/r_threshold_value_reg_0[0]
    SLICE_X97Y119        CARRY4 (Prop_carry4_CI_O[1])
                                                      0.334     8.141 r  pm_top_mux_inst/theshold_calculator_inst/r_threshold_value0_i_1/O[1]
                         net (fo=18, routed)          0.887     9.028    pm_top_mux_inst/theshold_calculator_inst/r_threshold_value0_i_1_n_6
    DSP48_X4Y46          DSP48E1 (Prop_dsp48e1_A[23]_P[11])
                                                      4.020    13.048 r  pm_top_mux_inst/theshold_calculator_inst/r_threshold_value0/P[11]
                         net (fo=1, routed)           0.742    13.790    pm_top_mux_inst/theshold_calculator_inst/r_threshold_value0_n_94
    SLICE_X99Y117        FDRE                                         r  pm_top_mux_inst/theshold_calculator_inst/r_threshold_value_reg[11]/D
  -------------------------------------------------------------------    -------------------

                         (clock clk_fpga_0 rise edge)
                                                      0.000     0.000 r  
    PS7_X0Y0             PS7                          0.000     0.000 r  comblock_setup_wrapper_inst/comblock_setup_i/processing_system7_0/inst/PS7_i/FCLKCLK[0]
                         net (fo=1, routed)           1.088     1.088    comblock_setup_wrapper_inst/comblock_setup_i/processing_system7_0/inst/FCLK_CLK_unbuffered[0]
    BUFGCTRL_X0Y16       BUFG (Prop_bufg_I_O)         0.091     1.179 r  comblock_setup_wrapper_inst/comblock_setup_i/processing_system7_0/inst/buffer_fclk_clk_0.FCLK_CLK_0_BUFG/O
                         net (fo=31598, routed)       1.774     2.953    pm_top_mux_inst/theshold_calculator_inst/PS_CLOCK0
    SLICE_X99Y117        FDRE                                         r  pm_top_mux_inst/theshold_calculator_inst/r_threshold_value_reg[11]/C

Slack:                    inf
  Source:                 pm_top_mux_inst/theshold_calculator_inst/r_threshold_value1__1/ACOUT[29]
                            (internal pin)
  Destination:            pm_top_mux_inst/theshold_calculator_inst/r_threshold_value_reg[4]/D
                            (rising edge-triggered cell FDRE clocked by clk_fpga_0  {rise@0.000ns fall@12.500ns period=25.000ns})
  Path Group:             (none)
  Path Type:              Setup (Max at Slow Process Corner)
  Data Path Delay:        13.790ns  (logic 10.389ns (75.339%)  route 3.401ns (24.661%))
  Logic Levels:           18  (CARRY4=14 DSP48E1=2 LUT3=1 LUT4=1)
  Clock Uncertainty:      0.376ns  ((TSJ^2 + TIJ^2)^1/2 + DJ) / 2 + PE
    Total System Jitter     (TSJ):    0.050ns
    Total Input Jitter      (TIJ):    0.750ns
    Discrete Jitter          (DJ):    0.000ns
    Phase Error              (PE):    0.000ns

    Location             Delay type                Incr(ns)  Path(ns)    Netlist Resource(s)
  -------------------------------------------------------------------    -------------------
    DSP48_X3Y43          DSP48E1                      0.000     0.000 r  pm_top_mux_inst/theshold_calculator_inst/r_threshold_value1__1/ACOUT[29]
                         net (fo=1, routed)           0.002     0.002    pm_top_mux_inst/theshold_calculator_inst/r_threshold_value1__1_n_24
    DSP48_X3Y44          DSP48E1 (Prop_dsp48e1_ACIN[29]_P[2])
                                                      3.639     3.641 r  pm_top_mux_inst/theshold_calculator_inst/r_threshold_value1__2/P[2]
                         net (fo=2, routed)           1.302     4.943    pm_top_mux_inst/theshold_calculator_inst/r_threshold_value1__2_n_103
    SLICE_X97Y106        LUT3 (Prop_lut3_I1_O)        0.152     5.095 r  pm_top_mux_inst/theshold_calculator_inst/r_threshold_value0__1_i_23/O
                         net (fo=2, routed)           0.469     5.563    pm_top_mux_inst/theshold_calculator_inst/r_threshold_value1_1[1]
    SLICE_X97Y106        LUT4 (Prop_lut4_I3_O)        0.326     5.889 r  pm_top_mux_inst/theshold_calculator_inst/r_threshold_value0__1_i_27/O
                         net (fo=1, routed)           0.000     5.889    pm_top_mux_inst_n_267
    SLICE_X97Y106        CARRY4 (Prop_carry4_S[1]_CO[3])
                                                      0.550     6.439 r  theshold_calculator_inst/r_threshold_value0__1_i_3/CO[3]
                         net (fo=1, routed)           0.000     6.439    theshold_calculator_inst/r_threshold_value0__1_i_3_n_0
    SLICE_X97Y107        CARRY4 (Prop_carry4_CI_CO[3])
                                                      0.114     6.553 r  theshold_calculator_inst/r_threshold_value0__1_i_2/CO[3]
                         net (fo=1, routed)           0.000     6.553    theshold_calculator_inst/r_threshold_value0__1_i_2_n_0
    SLICE_X97Y108        CARRY4 (Prop_carry4_CI_CO[3])
                                                      0.114     6.667 r  theshold_calculator_inst/r_threshold_value0__1_i_1/CO[3]
                         net (fo=1, routed)           0.000     6.667    theshold_calculator_inst/r_threshold_value0__1_i_1_n_0
    SLICE_X97Y109        CARRY4 (Prop_carry4_CI_CO[3])
                                                      0.114     6.781 r  theshold_calculator_inst/r_threshold_value0__0_i_5/CO[3]
                         net (fo=1, routed)           0.000     6.781    theshold_calculator_inst/r_threshold_value0__0_i_5_n_0
    SLICE_X97Y110        CARRY4 (Prop_carry4_CI_CO[3])
                                                      0.114     6.895 r  theshold_calculator_inst/r_threshold_value0__0_i_4/CO[3]
                         net (fo=1, routed)           0.000     6.895    theshold_calculator_inst/r_threshold_value0__0_i_4_n_0
    SLICE_X97Y111        CARRY4 (Prop_carry4_CI_CO[3])
                                                      0.114     7.009 r  theshold_calculator_inst/r_threshold_value0__0_i_3/CO[3]
                         net (fo=1, routed)           0.000     7.009    theshold_calculator_inst/r_threshold_value0__0_i_3_n_0
    SLICE_X97Y112        CARRY4 (Prop_carry4_CI_CO[3])
                                                      0.114     7.123 r  theshold_calculator_inst/r_threshold_value0__0_i_2/CO[3]
                         net (fo=1, routed)           0.000     7.123    theshold_calculator_inst/r_threshold_value0__0_i_2_n_0
    SLICE_X97Y113        CARRY4 (Prop_carry4_CI_CO[3])
                                                      0.114     7.237 r  theshold_calculator_inst/r_threshold_value0__0_i_1/CO[3]
                         net (fo=1, routed)           0.000     7.237    theshold_calculator_inst/r_threshold_value0__0_i_1_n_0
    SLICE_X97Y114        CARRY4 (Prop_carry4_CI_CO[3])
                                                      0.114     7.351 r  theshold_calculator_inst/r_threshold_value0_i_6/CO[3]
                         net (fo=1, routed)           0.000     7.351    theshold_calculator_inst/r_threshold_value0_i_6_n_0
    SLICE_X97Y115        CARRY4 (Prop_carry4_CI_CO[3])
                                                      0.114     7.465 r  theshold_calculator_inst/r_threshold_value0_i_5/CO[3]
                         net (fo=1, routed)           0.000     7.465    theshold_calculator_inst/r_threshold_value0_i_5_n_0
    SLICE_X97Y116        CARRY4 (Prop_carry4_CI_CO[3])
                                                      0.114     7.579 r  theshold_calculator_inst/r_threshold_value0_i_4/CO[3]
                         net (fo=1, routed)           0.000     7.579    theshold_calculator_inst/r_threshold_value0_i_4_n_0
    SLICE_X97Y117        CARRY4 (Prop_carry4_CI_CO[3])
                                                      0.114     7.693 r  theshold_calculator_inst/r_threshold_value0_i_3/CO[3]
                         net (fo=1, routed)           0.000     7.693    theshold_calculator_inst/r_threshold_value0_i_3_n_0
    SLICE_X97Y118        CARRY4 (Prop_carry4_CI_CO[3])
                                                      0.114     7.807 r  theshold_calculator_inst/r_threshold_value0_i_2/CO[3]
                         net (fo=1, routed)           0.000     7.807    pm_top_mux_inst/theshold_calculator_inst/r_threshold_value_reg_0[0]
    SLICE_X97Y119        CARRY4 (Prop_carry4_CI_O[1])
                                                      0.334     8.141 r  pm_top_mux_inst/theshold_calculator_inst/r_threshold_value0_i_1/O[1]
                         net (fo=18, routed)          0.887     9.028    pm_top_mux_inst/theshold_calculator_inst/r_threshold_value0_i_1_n_6
    DSP48_X4Y46          DSP48E1 (Prop_dsp48e1_A[23]_P[4])
                                                      4.020    13.048 r  pm_top_mux_inst/theshold_calculator_inst/r_threshold_value0/P[4]
                         net (fo=1, routed)           0.742    13.790    pm_top_mux_inst/theshold_calculator_inst/r_threshold_value0_n_101
    SLICE_X98Y111        FDRE                                         r  pm_top_mux_inst/theshold_calculator_inst/r_threshold_value_reg[4]/D
  -------------------------------------------------------------------    -------------------

                         (clock clk_fpga_0 rise edge)
                                                      0.000     0.000 r  
    PS7_X0Y0             PS7                          0.000     0.000 r  comblock_setup_wrapper_inst/comblock_setup_i/processing_system7_0/inst/PS7_i/FCLKCLK[0]
                         net (fo=1, routed)           1.088     1.088    comblock_setup_wrapper_inst/comblock_setup_i/processing_system7_0/inst/FCLK_CLK_unbuffered[0]
    BUFGCTRL_X0Y16       BUFG (Prop_bufg_I_O)         0.091     1.179 r  comblock_setup_wrapper_inst/comblock_setup_i/processing_system7_0/inst/buffer_fclk_clk_0.FCLK_CLK_0_BUFG/O
                         net (fo=31598, routed)       1.779     2.958    pm_top_mux_inst/theshold_calculator_inst/PS_CLOCK0
    SLICE_X98Y111        FDRE                                         r  pm_top_mux_inst/theshold_calculator_inst/r_threshold_value_reg[4]/C

Slack:                    inf
  Source:                 pm_top_mux_inst/theshold_calculator_inst/r_threshold_value1__1/ACOUT[29]
                            (internal pin)
  Destination:            pm_top_mux_inst/theshold_calculator_inst/r_threshold_value_reg[14]/D
                            (rising edge-triggered cell FDRE clocked by clk_fpga_0  {rise@0.000ns fall@12.500ns period=25.000ns})
  Path Group:             (none)
  Path Type:              Setup (Max at Slow Process Corner)
  Data Path Delay:        13.750ns  (logic 10.389ns (75.556%)  route 3.361ns (24.444%))
  Logic Levels:           18  (CARRY4=14 DSP48E1=2 LUT3=1 LUT4=1)
  Clock Uncertainty:      0.376ns  ((TSJ^2 + TIJ^2)^1/2 + DJ) / 2 + PE
    Total System Jitter     (TSJ):    0.050ns
    Total Input Jitter      (TIJ):    0.750ns
    Discrete Jitter          (DJ):    0.000ns
    Phase Error              (PE):    0.000ns

    Location             Delay type                Incr(ns)  Path(ns)    Netlist Resource(s)
  -------------------------------------------------------------------    -------------------
    DSP48_X3Y43          DSP48E1                      0.000     0.000 r  pm_top_mux_inst/theshold_calculator_inst/r_threshold_value1__1/ACOUT[29]
                         net (fo=1, routed)           0.002     0.002    pm_top_mux_inst/theshold_calculator_inst/r_threshold_value1__1_n_24
    DSP48_X3Y44          DSP48E1 (Prop_dsp48e1_ACIN[29]_P[2])
                                                      3.639     3.641 r  pm_top_mux_inst/theshold_calculator_inst/r_threshold_value1__2/P[2]
                         net (fo=2, routed)           1.302     4.943    pm_top_mux_inst/theshold_calculator_inst/r_threshold_value1__2_n_103
    SLICE_X97Y106        LUT3 (Prop_lut3_I1_O)        0.152     5.095 r  pm_top_mux_inst/theshold_calculator_inst/r_threshold_value0__1_i_23/O
                         net (fo=2, routed)           0.469     5.563    pm_top_mux_inst/theshold_calculator_inst/r_threshold_value1_1[1]
    SLICE_X97Y106        LUT4 (Prop_lut4_I3_O)        0.326     5.889 r  pm_top_mux_inst/theshold_calculator_inst/r_threshold_value0__1_i_27/O
                         net (fo=1, routed)           0.000     5.889    pm_top_mux_inst_n_267
    SLICE_X97Y106        CARRY4 (Prop_carry4_S[1]_CO[3])
                                                      0.550     6.439 r  theshold_calculator_inst/r_threshold_value0__1_i_3/CO[3]
                         net (fo=1, routed)           0.000     6.439    theshold_calculator_inst/r_threshold_value0__1_i_3_n_0
    SLICE_X97Y107        CARRY4 (Prop_carry4_CI_CO[3])
                                                      0.114     6.553 r  theshold_calculator_inst/r_threshold_value0__1_i_2/CO[3]
                         net (fo=1, routed)           0.000     6.553    theshold_calculator_inst/r_threshold_value0__1_i_2_n_0
    SLICE_X97Y108        CARRY4 (Prop_carry4_CI_CO[3])
                                                      0.114     6.667 r  theshold_calculator_inst/r_threshold_value0__1_i_1/CO[3]
                         net (fo=1, routed)           0.000     6.667    theshold_calculator_inst/r_threshold_value0__1_i_1_n_0
    SLICE_X97Y109        CARRY4 (Prop_carry4_CI_CO[3])
                                                      0.114     6.781 r  theshold_calculator_inst/r_threshold_value0__0_i_5/CO[3]
                         net (fo=1, routed)           0.000     6.781    theshold_calculator_inst/r_threshold_value0__0_i_5_n_0
    SLICE_X97Y110        CARRY4 (Prop_carry4_CI_CO[3])
                                                      0.114     6.895 r  theshold_calculator_inst/r_threshold_value0__0_i_4/CO[3]
                         net (fo=1, routed)           0.000     6.895    theshold_calculator_inst/r_threshold_value0__0_i_4_n_0
    SLICE_X97Y111        CARRY4 (Prop_carry4_CI_CO[3])
                                                      0.114     7.009 r  theshold_calculator_inst/r_threshold_value0__0_i_3/CO[3]
                         net (fo=1, routed)           0.000     7.009    theshold_calculator_inst/r_threshold_value0__0_i_3_n_0
    SLICE_X97Y112        CARRY4 (Prop_carry4_CI_CO[3])
                                                      0.114     7.123 r  theshold_calculator_inst/r_threshold_value0__0_i_2/CO[3]
                         net (fo=1, routed)           0.000     7.123    theshold_calculator_inst/r_threshold_value0__0_i_2_n_0
    SLICE_X97Y113        CARRY4 (Prop_carry4_CI_CO[3])
                                                      0.114     7.237 r  theshold_calculator_inst/r_threshold_value0__0_i_1/CO[3]
                         net (fo=1, routed)           0.000     7.237    theshold_calculator_inst/r_threshold_value0__0_i_1_n_0
    SLICE_X97Y114        CARRY4 (Prop_carry4_CI_CO[3])
                                                      0.114     7.351 r  theshold_calculator_inst/r_threshold_value0_i_6/CO[3]
                         net (fo=1, routed)           0.000     7.351    theshold_calculator_inst/r_threshold_value0_i_6_n_0
    SLICE_X97Y115        CARRY4 (Prop_carry4_CI_CO[3])
                                                      0.114     7.465 r  theshold_calculator_inst/r_threshold_value0_i_5/CO[3]
                         net (fo=1, routed)           0.000     7.465    theshold_calculator_inst/r_threshold_value0_i_5_n_0
    SLICE_X97Y116        CARRY4 (Prop_carry4_CI_CO[3])
                                                      0.114     7.579 r  theshold_calculator_inst/r_threshold_value0_i_4/CO[3]
                         net (fo=1, routed)           0.000     7.579    theshold_calculator_inst/r_threshold_value0_i_4_n_0
    SLICE_X97Y117        CARRY4 (Prop_carry4_CI_CO[3])
                                                      0.114     7.693 r  theshold_calculator_inst/r_threshold_value0_i_3/CO[3]
                         net (fo=1, routed)           0.000     7.693    theshold_calculator_inst/r_threshold_value0_i_3_n_0
    SLICE_X97Y118        CARRY4 (Prop_carry4_CI_CO[3])
                                                      0.114     7.807 r  theshold_calculator_inst/r_threshold_value0_i_2/CO[3]
                         net (fo=1, routed)           0.000     7.807    pm_top_mux_inst/theshold_calculator_inst/r_threshold_value_reg_0[0]
    SLICE_X97Y119        CARRY4 (Prop_carry4_CI_O[1])
                                                      0.334     8.141 r  pm_top_mux_inst/theshold_calculator_inst/r_threshold_value0_i_1/O[1]
                         net (fo=18, routed)          0.887     9.028    pm_top_mux_inst/theshold_calculator_inst/r_threshold_value0_i_1_n_6
    DSP48_X4Y46          DSP48E1 (Prop_dsp48e1_A[23]_P[14])
                                                      4.020    13.048 r  pm_top_mux_inst/theshold_calculator_inst/r_threshold_value0/P[14]
                         net (fo=1, routed)           0.702    13.750    pm_top_mux_inst/theshold_calculator_inst/r_threshold_value0_n_91
    SLICE_X99Y117        FDRE                                         r  pm_top_mux_inst/theshold_calculator_inst/r_threshold_value_reg[14]/D
  -------------------------------------------------------------------    -------------------

                         (clock clk_fpga_0 rise edge)
                                                      0.000     0.000 r  
    PS7_X0Y0             PS7                          0.000     0.000 r  comblock_setup_wrapper_inst/comblock_setup_i/processing_system7_0/inst/PS7_i/FCLKCLK[0]
                         net (fo=1, routed)           1.088     1.088    comblock_setup_wrapper_inst/comblock_setup_i/processing_system7_0/inst/FCLK_CLK_unbuffered[0]
    BUFGCTRL_X0Y16       BUFG (Prop_bufg_I_O)         0.091     1.179 r  comblock_setup_wrapper_inst/comblock_setup_i/processing_system7_0/inst/buffer_fclk_clk_0.FCLK_CLK_0_BUFG/O
                         net (fo=31598, routed)       1.774     2.953    pm_top_mux_inst/theshold_calculator_inst/PS_CLOCK0
    SLICE_X99Y117        FDRE                                         r  pm_top_mux_inst/theshold_calculator_inst/r_threshold_value_reg[14]/C

Slack:                    inf
  Source:                 pm_top_mux_inst/theshold_calculator_inst/r_threshold_value1__1/ACOUT[29]
                            (internal pin)
  Destination:            pm_top_mux_inst/theshold_calculator_inst/r_threshold_value_reg[13]/D
                            (rising edge-triggered cell FDRE clocked by clk_fpga_0  {rise@0.000ns fall@12.500ns period=25.000ns})
  Path Group:             (none)
  Path Type:              Setup (Max at Slow Process Corner)
  Data Path Delay:        13.742ns  (logic 10.389ns (75.600%)  route 3.353ns (24.400%))
  Logic Levels:           18  (CARRY4=14 DSP48E1=2 LUT3=1 LUT4=1)
  Clock Uncertainty:      0.376ns  ((TSJ^2 + TIJ^2)^1/2 + DJ) / 2 + PE
    Total System Jitter     (TSJ):    0.050ns
    Total Input Jitter      (TIJ):    0.750ns
    Discrete Jitter          (DJ):    0.000ns
    Phase Error              (PE):    0.000ns

    Location             Delay type                Incr(ns)  Path(ns)    Netlist Resource(s)
  -------------------------------------------------------------------    -------------------
    DSP48_X3Y43          DSP48E1                      0.000     0.000 r  pm_top_mux_inst/theshold_calculator_inst/r_threshold_value1__1/ACOUT[29]
                         net (fo=1, routed)           0.002     0.002    pm_top_mux_inst/theshold_calculator_inst/r_threshold_value1__1_n_24
    DSP48_X3Y44          DSP48E1 (Prop_dsp48e1_ACIN[29]_P[2])
                                                      3.639     3.641 r  pm_top_mux_inst/theshold_calculator_inst/r_threshold_value1__2/P[2]
                         net (fo=2, routed)           1.302     4.943    pm_top_mux_inst/theshold_calculator_inst/r_threshold_value1__2_n_103
    SLICE_X97Y106        LUT3 (Prop_lut3_I1_O)        0.152     5.095 r  pm_top_mux_inst/theshold_calculator_inst/r_threshold_value0__1_i_23/O
                         net (fo=2, routed)           0.469     5.563    pm_top_mux_inst/theshold_calculator_inst/r_threshold_value1_1[1]
    SLICE_X97Y106        LUT4 (Prop_lut4_I3_O)        0.326     5.889 r  pm_top_mux_inst/theshold_calculator_inst/r_threshold_value0__1_i_27/O
                         net (fo=1, routed)           0.000     5.889    pm_top_mux_inst_n_267
    SLICE_X97Y106        CARRY4 (Prop_carry4_S[1]_CO[3])
                                                      0.550     6.439 r  theshold_calculator_inst/r_threshold_value0__1_i_3/CO[3]
                         net (fo=1, routed)           0.000     6.439    theshold_calculator_inst/r_threshold_value0__1_i_3_n_0
    SLICE_X97Y107        CARRY4 (Prop_carry4_CI_CO[3])
                                                      0.114     6.553 r  theshold_calculator_inst/r_threshold_value0__1_i_2/CO[3]
                         net (fo=1, routed)           0.000     6.553    theshold_calculator_inst/r_threshold_value0__1_i_2_n_0
    SLICE_X97Y108        CARRY4 (Prop_carry4_CI_CO[3])
                                                      0.114     6.667 r  theshold_calculator_inst/r_threshold_value0__1_i_1/CO[3]
                         net (fo=1, routed)           0.000     6.667    theshold_calculator_inst/r_threshold_value0__1_i_1_n_0
    SLICE_X97Y109        CARRY4 (Prop_carry4_CI_CO[3])
                                                      0.114     6.781 r  theshold_calculator_inst/r_threshold_value0__0_i_5/CO[3]
                         net (fo=1, routed)           0.000     6.781    theshold_calculator_inst/r_threshold_value0__0_i_5_n_0
    SLICE_X97Y110        CARRY4 (Prop_carry4_CI_CO[3])
                                                      0.114     6.895 r  theshold_calculator_inst/r_threshold_value0__0_i_4/CO[3]
                         net (fo=1, routed)           0.000     6.895    theshold_calculator_inst/r_threshold_value0__0_i_4_n_0
    SLICE_X97Y111        CARRY4 (Prop_carry4_CI_CO[3])
                                                      0.114     7.009 r  theshold_calculator_inst/r_threshold_value0__0_i_3/CO[3]
                         net (fo=1, routed)           0.000     7.009    theshold_calculator_inst/r_threshold_value0__0_i_3_n_0
    SLICE_X97Y112        CARRY4 (Prop_carry4_CI_CO[3])
                                                      0.114     7.123 r  theshold_calculator_inst/r_threshold_value0__0_i_2/CO[3]
                         net (fo=1, routed)           0.000     7.123    theshold_calculator_inst/r_threshold_value0__0_i_2_n_0
    SLICE_X97Y113        CARRY4 (Prop_carry4_CI_CO[3])
                                                      0.114     7.237 r  theshold_calculator_inst/r_threshold_value0__0_i_1/CO[3]
                         net (fo=1, routed)           0.000     7.237    theshold_calculator_inst/r_threshold_value0__0_i_1_n_0
    SLICE_X97Y114        CARRY4 (Prop_carry4_CI_CO[3])
                                                      0.114     7.351 r  theshold_calculator_inst/r_threshold_value0_i_6/CO[3]
                         net (fo=1, routed)           0.000     7.351    theshold_calculator_inst/r_threshold_value0_i_6_n_0
    SLICE_X97Y115        CARRY4 (Prop_carry4_CI_CO[3])
                                                      0.114     7.465 r  theshold_calculator_inst/r_threshold_value0_i_5/CO[3]
                         net (fo=1, routed)           0.000     7.465    theshold_calculator_inst/r_threshold_value0_i_5_n_0
    SLICE_X97Y116        CARRY4 (Prop_carry4_CI_CO[3])
                                                      0.114     7.579 r  theshold_calculator_inst/r_threshold_value0_i_4/CO[3]
                         net (fo=1, routed)           0.000     7.579    theshold_calculator_inst/r_threshold_value0_i_4_n_0
    SLICE_X97Y117        CARRY4 (Prop_carry4_CI_CO[3])
                                                      0.114     7.693 r  theshold_calculator_inst/r_threshold_value0_i_3/CO[3]
                         net (fo=1, routed)           0.000     7.693    theshold_calculator_inst/r_threshold_value0_i_3_n_0
    SLICE_X97Y118        CARRY4 (Prop_carry4_CI_CO[3])
                                                      0.114     7.807 r  theshold_calculator_inst/r_threshold_value0_i_2/CO[3]
                         net (fo=1, routed)           0.000     7.807    pm_top_mux_inst/theshold_calculator_inst/r_threshold_value_reg_0[0]
    SLICE_X97Y119        CARRY4 (Prop_carry4_CI_O[1])
                                                      0.334     8.141 r  pm_top_mux_inst/theshold_calculator_inst/r_threshold_value0_i_1/O[1]
                         net (fo=18, routed)          0.887     9.028    pm_top_mux_inst/theshold_calculator_inst/r_threshold_value0_i_1_n_6
    DSP48_X4Y46          DSP48E1 (Prop_dsp48e1_A[23]_P[13])
                                                      4.020    13.048 r  pm_top_mux_inst/theshold_calculator_inst/r_threshold_value0/P[13]
                         net (fo=1, routed)           0.694    13.742    pm_top_mux_inst/theshold_calculator_inst/r_threshold_value0_n_92
    SLICE_X99Y117        FDRE                                         r  pm_top_mux_inst/theshold_calculator_inst/r_threshold_value_reg[13]/D
  -------------------------------------------------------------------    -------------------

                         (clock clk_fpga_0 rise edge)
                                                      0.000     0.000 r  
    PS7_X0Y0             PS7                          0.000     0.000 r  comblock_setup_wrapper_inst/comblock_setup_i/processing_system7_0/inst/PS7_i/FCLKCLK[0]
                         net (fo=1, routed)           1.088     1.088    comblock_setup_wrapper_inst/comblock_setup_i/processing_system7_0/inst/FCLK_CLK_unbuffered[0]
    BUFGCTRL_X0Y16       BUFG (Prop_bufg_I_O)         0.091     1.179 r  comblock_setup_wrapper_inst/comblock_setup_i/processing_system7_0/inst/buffer_fclk_clk_0.FCLK_CLK_0_BUFG/O
                         net (fo=31598, routed)       1.774     2.953    pm_top_mux_inst/theshold_calculator_inst/PS_CLOCK0
    SLICE_X99Y117        FDRE                                         r  pm_top_mux_inst/theshold_calculator_inst/r_threshold_value_reg[13]/C





Min Delay Paths
--------------------------------------------------------------------------------------
Slack:                    inf
  Source:                 pm_top_mux_inst/scd_estimator_inst/pm_first_stage_wrap_inst/input_window_imag/p_0_out__0/ACOUT[0]
                            (internal pin)
  Destination:            pm_top_mux_inst/scd_estimator_inst/pm_first_stage_wrap_inst/input_window_imag/p_0_out__1/ACIN[0]
                            (rising edge-triggered cell DSP48E1 clocked by clk_fpga_0  {rise@0.000ns fall@12.500ns period=25.000ns})
  Path Group:             (none)
  Path Type:              Hold (Min at Slow Process Corner)
  Data Path Delay:        0.002ns  (logic 0.000ns (0.000%)  route 0.002ns (100.000%))
  Logic Levels:           0  
  Clock Uncertainty:      0.376ns  ((TSJ^2 + TIJ^2)^1/2 + DJ) / 2 + PE
    Total System Jitter     (TSJ):    0.050ns
    Total Input Jitter      (TIJ):    0.750ns
    Discrete Jitter          (DJ):    0.000ns
    Phase Error              (PE):    0.000ns

    Location             Delay type                Incr(ns)  Path(ns)    Netlist Resource(s)
  -------------------------------------------------------------------    -------------------
    DSP48_X3Y10          DSP48E1                      0.000     0.000 r  pm_top_mux_inst/scd_estimator_inst/pm_first_stage_wrap_inst/input_window_imag/p_0_out__0/ACOUT[0]
                         net (fo=1, routed)           0.002     0.002    pm_top_mux_inst/scd_estimator_inst/pm_first_stage_wrap_inst/input_window_imag/p_0_out__0_n_53
    DSP48_X3Y11          DSP48E1                                      r  pm_top_mux_inst/scd_estimator_inst/pm_first_stage_wrap_inst/input_window_imag/p_0_out__1/ACIN[0]
  -------------------------------------------------------------------    -------------------

                         (clock clk_fpga_0 rise edge)
                                                      0.000     0.000 r  
    PS7_X0Y0             PS7                          0.000     0.000 r  comblock_setup_wrapper_inst/comblock_setup_i/processing_system7_0/inst/PS7_i/FCLKCLK[0]
                         net (fo=1, routed)           1.193     1.193    comblock_setup_wrapper_inst/comblock_setup_i/processing_system7_0/inst/FCLK_CLK_unbuffered[0]
    BUFGCTRL_X0Y16       BUFG (Prop_bufg_I_O)         0.101     1.294 r  comblock_setup_wrapper_inst/comblock_setup_i/processing_system7_0/inst/buffer_fclk_clk_0.FCLK_CLK_0_BUFG/O
                         net (fo=31598, routed)       1.876     3.170    pm_top_mux_inst/scd_estimator_inst/pm_first_stage_wrap_inst/input_window_imag/PS_CLOCK0
    DSP48_X3Y11          DSP48E1                                      r  pm_top_mux_inst/scd_estimator_inst/pm_first_stage_wrap_inst/input_window_imag/p_0_out__1/CLK

Slack:                    inf
  Source:                 pm_top_mux_inst/scd_estimator_inst/pm_first_stage_wrap_inst/input_window_imag/p_0_out__0/ACOUT[10]
                            (internal pin)
  Destination:            pm_top_mux_inst/scd_estimator_inst/pm_first_stage_wrap_inst/input_window_imag/p_0_out__1/ACIN[10]
                            (rising edge-triggered cell DSP48E1 clocked by clk_fpga_0  {rise@0.000ns fall@12.500ns period=25.000ns})
  Path Group:             (none)
  Path Type:              Hold (Min at Slow Process Corner)
  Data Path Delay:        0.002ns  (logic 0.000ns (0.000%)  route 0.002ns (100.000%))
  Logic Levels:           0  
  Clock Uncertainty:      0.376ns  ((TSJ^2 + TIJ^2)^1/2 + DJ) / 2 + PE
    Total System Jitter     (TSJ):    0.050ns
    Total Input Jitter      (TIJ):    0.750ns
    Discrete Jitter          (DJ):    0.000ns
    Phase Error              (PE):    0.000ns

    Location             Delay type                Incr(ns)  Path(ns)    Netlist Resource(s)
  -------------------------------------------------------------------    -------------------
    DSP48_X3Y10          DSP48E1                      0.000     0.000 r  pm_top_mux_inst/scd_estimator_inst/pm_first_stage_wrap_inst/input_window_imag/p_0_out__0/ACOUT[10]
                         net (fo=1, routed)           0.002     0.002    pm_top_mux_inst/scd_estimator_inst/pm_first_stage_wrap_inst/input_window_imag/p_0_out__0_n_43
    DSP48_X3Y11          DSP48E1                                      r  pm_top_mux_inst/scd_estimator_inst/pm_first_stage_wrap_inst/input_window_imag/p_0_out__1/ACIN[10]
  -------------------------------------------------------------------    -------------------

                         (clock clk_fpga_0 rise edge)
                                                      0.000     0.000 r  
    PS7_X0Y0             PS7                          0.000     0.000 r  comblock_setup_wrapper_inst/comblock_setup_i/processing_system7_0/inst/PS7_i/FCLKCLK[0]
                         net (fo=1, routed)           1.193     1.193    comblock_setup_wrapper_inst/comblock_setup_i/processing_system7_0/inst/FCLK_CLK_unbuffered[0]
    BUFGCTRL_X0Y16       BUFG (Prop_bufg_I_O)         0.101     1.294 r  comblock_setup_wrapper_inst/comblock_setup_i/processing_system7_0/inst/buffer_fclk_clk_0.FCLK_CLK_0_BUFG/O
                         net (fo=31598, routed)       1.876     3.170    pm_top_mux_inst/scd_estimator_inst/pm_first_stage_wrap_inst/input_window_imag/PS_CLOCK0
    DSP48_X3Y11          DSP48E1                                      r  pm_top_mux_inst/scd_estimator_inst/pm_first_stage_wrap_inst/input_window_imag/p_0_out__1/CLK

Slack:                    inf
  Source:                 pm_top_mux_inst/scd_estimator_inst/pm_first_stage_wrap_inst/input_window_imag/p_0_out__0/ACOUT[11]
                            (internal pin)
  Destination:            pm_top_mux_inst/scd_estimator_inst/pm_first_stage_wrap_inst/input_window_imag/p_0_out__1/ACIN[11]
                            (rising edge-triggered cell DSP48E1 clocked by clk_fpga_0  {rise@0.000ns fall@12.500ns period=25.000ns})
  Path Group:             (none)
  Path Type:              Hold (Min at Slow Process Corner)
  Data Path Delay:        0.002ns  (logic 0.000ns (0.000%)  route 0.002ns (100.000%))
  Logic Levels:           0  
  Clock Uncertainty:      0.376ns  ((TSJ^2 + TIJ^2)^1/2 + DJ) / 2 + PE
    Total System Jitter     (TSJ):    0.050ns
    Total Input Jitter      (TIJ):    0.750ns
    Discrete Jitter          (DJ):    0.000ns
    Phase Error              (PE):    0.000ns

    Location             Delay type                Incr(ns)  Path(ns)    Netlist Resource(s)
  -------------------------------------------------------------------    -------------------
    DSP48_X3Y10          DSP48E1                      0.000     0.000 r  pm_top_mux_inst/scd_estimator_inst/pm_first_stage_wrap_inst/input_window_imag/p_0_out__0/ACOUT[11]
                         net (fo=1, routed)           0.002     0.002    pm_top_mux_inst/scd_estimator_inst/pm_first_stage_wrap_inst/input_window_imag/p_0_out__0_n_42
    DSP48_X3Y11          DSP48E1                                      r  pm_top_mux_inst/scd_estimator_inst/pm_first_stage_wrap_inst/input_window_imag/p_0_out__1/ACIN[11]
  -------------------------------------------------------------------    -------------------

                         (clock clk_fpga_0 rise edge)
                                                      0.000     0.000 r  
    PS7_X0Y0             PS7                          0.000     0.000 r  comblock_setup_wrapper_inst/comblock_setup_i/processing_system7_0/inst/PS7_i/FCLKCLK[0]
                         net (fo=1, routed)           1.193     1.193    comblock_setup_wrapper_inst/comblock_setup_i/processing_system7_0/inst/FCLK_CLK_unbuffered[0]
    BUFGCTRL_X0Y16       BUFG (Prop_bufg_I_O)         0.101     1.294 r  comblock_setup_wrapper_inst/comblock_setup_i/processing_system7_0/inst/buffer_fclk_clk_0.FCLK_CLK_0_BUFG/O
                         net (fo=31598, routed)       1.876     3.170    pm_top_mux_inst/scd_estimator_inst/pm_first_stage_wrap_inst/input_window_imag/PS_CLOCK0
    DSP48_X3Y11          DSP48E1                                      r  pm_top_mux_inst/scd_estimator_inst/pm_first_stage_wrap_inst/input_window_imag/p_0_out__1/CLK

Slack:                    inf
  Source:                 pm_top_mux_inst/scd_estimator_inst/pm_first_stage_wrap_inst/input_window_imag/p_0_out__0/ACOUT[12]
                            (internal pin)
  Destination:            pm_top_mux_inst/scd_estimator_inst/pm_first_stage_wrap_inst/input_window_imag/p_0_out__1/ACIN[12]
                            (rising edge-triggered cell DSP48E1 clocked by clk_fpga_0  {rise@0.000ns fall@12.500ns period=25.000ns})
  Path Group:             (none)
  Path Type:              Hold (Min at Slow Process Corner)
  Data Path Delay:        0.002ns  (logic 0.000ns (0.000%)  route 0.002ns (100.000%))
  Logic Levels:           0  
  Clock Uncertainty:      0.376ns  ((TSJ^2 + TIJ^2)^1/2 + DJ) / 2 + PE
    Total System Jitter     (TSJ):    0.050ns
    Total Input Jitter      (TIJ):    0.750ns
    Discrete Jitter          (DJ):    0.000ns
    Phase Error              (PE):    0.000ns

    Location             Delay type                Incr(ns)  Path(ns)    Netlist Resource(s)
  -------------------------------------------------------------------    -------------------
    DSP48_X3Y10          DSP48E1                      0.000     0.000 r  pm_top_mux_inst/scd_estimator_inst/pm_first_stage_wrap_inst/input_window_imag/p_0_out__0/ACOUT[12]
                         net (fo=1, routed)           0.002     0.002    pm_top_mux_inst/scd_estimator_inst/pm_first_stage_wrap_inst/input_window_imag/p_0_out__0_n_41
    DSP48_X3Y11          DSP48E1                                      r  pm_top_mux_inst/scd_estimator_inst/pm_first_stage_wrap_inst/input_window_imag/p_0_out__1/ACIN[12]
  -------------------------------------------------------------------    -------------------

                         (clock clk_fpga_0 rise edge)
                                                      0.000     0.000 r  
    PS7_X0Y0             PS7                          0.000     0.000 r  comblock_setup_wrapper_inst/comblock_setup_i/processing_system7_0/inst/PS7_i/FCLKCLK[0]
                         net (fo=1, routed)           1.193     1.193    comblock_setup_wrapper_inst/comblock_setup_i/processing_system7_0/inst/FCLK_CLK_unbuffered[0]
    BUFGCTRL_X0Y16       BUFG (Prop_bufg_I_O)         0.101     1.294 r  comblock_setup_wrapper_inst/comblock_setup_i/processing_system7_0/inst/buffer_fclk_clk_0.FCLK_CLK_0_BUFG/O
                         net (fo=31598, routed)       1.876     3.170    pm_top_mux_inst/scd_estimator_inst/pm_first_stage_wrap_inst/input_window_imag/PS_CLOCK0
    DSP48_X3Y11          DSP48E1                                      r  pm_top_mux_inst/scd_estimator_inst/pm_first_stage_wrap_inst/input_window_imag/p_0_out__1/CLK

Slack:                    inf
  Source:                 pm_top_mux_inst/scd_estimator_inst/pm_first_stage_wrap_inst/input_window_imag/p_0_out__0/ACOUT[13]
                            (internal pin)
  Destination:            pm_top_mux_inst/scd_estimator_inst/pm_first_stage_wrap_inst/input_window_imag/p_0_out__1/ACIN[13]
                            (rising edge-triggered cell DSP48E1 clocked by clk_fpga_0  {rise@0.000ns fall@12.500ns period=25.000ns})
  Path Group:             (none)
  Path Type:              Hold (Min at Slow Process Corner)
  Data Path Delay:        0.002ns  (logic 0.000ns (0.000%)  route 0.002ns (100.000%))
  Logic Levels:           0  
  Clock Uncertainty:      0.376ns  ((TSJ^2 + TIJ^2)^1/2 + DJ) / 2 + PE
    Total System Jitter     (TSJ):    0.050ns
    Total Input Jitter      (TIJ):    0.750ns
    Discrete Jitter          (DJ):    0.000ns
    Phase Error              (PE):    0.000ns

    Location             Delay type                Incr(ns)  Path(ns)    Netlist Resource(s)
  -------------------------------------------------------------------    -------------------
    DSP48_X3Y10          DSP48E1                      0.000     0.000 r  pm_top_mux_inst/scd_estimator_inst/pm_first_stage_wrap_inst/input_window_imag/p_0_out__0/ACOUT[13]
                         net (fo=1, routed)           0.002     0.002    pm_top_mux_inst/scd_estimator_inst/pm_first_stage_wrap_inst/input_window_imag/p_0_out__0_n_40
    DSP48_X3Y11          DSP48E1                                      r  pm_top_mux_inst/scd_estimator_inst/pm_first_stage_wrap_inst/input_window_imag/p_0_out__1/ACIN[13]
  -------------------------------------------------------------------    -------------------

                         (clock clk_fpga_0 rise edge)
                                                      0.000     0.000 r  
    PS7_X0Y0             PS7                          0.000     0.000 r  comblock_setup_wrapper_inst/comblock_setup_i/processing_system7_0/inst/PS7_i/FCLKCLK[0]
                         net (fo=1, routed)           1.193     1.193    comblock_setup_wrapper_inst/comblock_setup_i/processing_system7_0/inst/FCLK_CLK_unbuffered[0]
    BUFGCTRL_X0Y16       BUFG (Prop_bufg_I_O)         0.101     1.294 r  comblock_setup_wrapper_inst/comblock_setup_i/processing_system7_0/inst/buffer_fclk_clk_0.FCLK_CLK_0_BUFG/O
                         net (fo=31598, routed)       1.876     3.170    pm_top_mux_inst/scd_estimator_inst/pm_first_stage_wrap_inst/input_window_imag/PS_CLOCK0
    DSP48_X3Y11          DSP48E1                                      r  pm_top_mux_inst/scd_estimator_inst/pm_first_stage_wrap_inst/input_window_imag/p_0_out__1/CLK

Slack:                    inf
  Source:                 pm_top_mux_inst/scd_estimator_inst/pm_first_stage_wrap_inst/input_window_imag/p_0_out__0/ACOUT[14]
                            (internal pin)
  Destination:            pm_top_mux_inst/scd_estimator_inst/pm_first_stage_wrap_inst/input_window_imag/p_0_out__1/ACIN[14]
                            (rising edge-triggered cell DSP48E1 clocked by clk_fpga_0  {rise@0.000ns fall@12.500ns period=25.000ns})
  Path Group:             (none)
  Path Type:              Hold (Min at Slow Process Corner)
  Data Path Delay:        0.002ns  (logic 0.000ns (0.000%)  route 0.002ns (100.000%))
  Logic Levels:           0  
  Clock Uncertainty:      0.376ns  ((TSJ^2 + TIJ^2)^1/2 + DJ) / 2 + PE
    Total System Jitter     (TSJ):    0.050ns
    Total Input Jitter      (TIJ):    0.750ns
    Discrete Jitter          (DJ):    0.000ns
    Phase Error              (PE):    0.000ns

    Location             Delay type                Incr(ns)  Path(ns)    Netlist Resource(s)
  -------------------------------------------------------------------    -------------------
    DSP48_X3Y10          DSP48E1                      0.000     0.000 r  pm_top_mux_inst/scd_estimator_inst/pm_first_stage_wrap_inst/input_window_imag/p_0_out__0/ACOUT[14]
                         net (fo=1, routed)           0.002     0.002    pm_top_mux_inst/scd_estimator_inst/pm_first_stage_wrap_inst/input_window_imag/p_0_out__0_n_39
    DSP48_X3Y11          DSP48E1                                      r  pm_top_mux_inst/scd_estimator_inst/pm_first_stage_wrap_inst/input_window_imag/p_0_out__1/ACIN[14]
  -------------------------------------------------------------------    -------------------

                         (clock clk_fpga_0 rise edge)
                                                      0.000     0.000 r  
    PS7_X0Y0             PS7                          0.000     0.000 r  comblock_setup_wrapper_inst/comblock_setup_i/processing_system7_0/inst/PS7_i/FCLKCLK[0]
                         net (fo=1, routed)           1.193     1.193    comblock_setup_wrapper_inst/comblock_setup_i/processing_system7_0/inst/FCLK_CLK_unbuffered[0]
    BUFGCTRL_X0Y16       BUFG (Prop_bufg_I_O)         0.101     1.294 r  comblock_setup_wrapper_inst/comblock_setup_i/processing_system7_0/inst/buffer_fclk_clk_0.FCLK_CLK_0_BUFG/O
                         net (fo=31598, routed)       1.876     3.170    pm_top_mux_inst/scd_estimator_inst/pm_first_stage_wrap_inst/input_window_imag/PS_CLOCK0
    DSP48_X3Y11          DSP48E1                                      r  pm_top_mux_inst/scd_estimator_inst/pm_first_stage_wrap_inst/input_window_imag/p_0_out__1/CLK

Slack:                    inf
  Source:                 pm_top_mux_inst/scd_estimator_inst/pm_first_stage_wrap_inst/input_window_imag/p_0_out__0/ACOUT[15]
                            (internal pin)
  Destination:            pm_top_mux_inst/scd_estimator_inst/pm_first_stage_wrap_inst/input_window_imag/p_0_out__1/ACIN[15]
                            (rising edge-triggered cell DSP48E1 clocked by clk_fpga_0  {rise@0.000ns fall@12.500ns period=25.000ns})
  Path Group:             (none)
  Path Type:              Hold (Min at Slow Process Corner)
  Data Path Delay:        0.002ns  (logic 0.000ns (0.000%)  route 0.002ns (100.000%))
  Logic Levels:           0  
  Clock Uncertainty:      0.376ns  ((TSJ^2 + TIJ^2)^1/2 + DJ) / 2 + PE
    Total System Jitter     (TSJ):    0.050ns
    Total Input Jitter      (TIJ):    0.750ns
    Discrete Jitter          (DJ):    0.000ns
    Phase Error              (PE):    0.000ns

    Location             Delay type                Incr(ns)  Path(ns)    Netlist Resource(s)
  -------------------------------------------------------------------    -------------------
    DSP48_X3Y10          DSP48E1                      0.000     0.000 r  pm_top_mux_inst/scd_estimator_inst/pm_first_stage_wrap_inst/input_window_imag/p_0_out__0/ACOUT[15]
                         net (fo=1, routed)           0.002     0.002    pm_top_mux_inst/scd_estimator_inst/pm_first_stage_wrap_inst/input_window_imag/p_0_out__0_n_38
    DSP48_X3Y11          DSP48E1                                      r  pm_top_mux_inst/scd_estimator_inst/pm_first_stage_wrap_inst/input_window_imag/p_0_out__1/ACIN[15]
  -------------------------------------------------------------------    -------------------

                         (clock clk_fpga_0 rise edge)
                                                      0.000     0.000 r  
    PS7_X0Y0             PS7                          0.000     0.000 r  comblock_setup_wrapper_inst/comblock_setup_i/processing_system7_0/inst/PS7_i/FCLKCLK[0]
                         net (fo=1, routed)           1.193     1.193    comblock_setup_wrapper_inst/comblock_setup_i/processing_system7_0/inst/FCLK_CLK_unbuffered[0]
    BUFGCTRL_X0Y16       BUFG (Prop_bufg_I_O)         0.101     1.294 r  comblock_setup_wrapper_inst/comblock_setup_i/processing_system7_0/inst/buffer_fclk_clk_0.FCLK_CLK_0_BUFG/O
                         net (fo=31598, routed)       1.876     3.170    pm_top_mux_inst/scd_estimator_inst/pm_first_stage_wrap_inst/input_window_imag/PS_CLOCK0
    DSP48_X3Y11          DSP48E1                                      r  pm_top_mux_inst/scd_estimator_inst/pm_first_stage_wrap_inst/input_window_imag/p_0_out__1/CLK

Slack:                    inf
  Source:                 pm_top_mux_inst/scd_estimator_inst/pm_first_stage_wrap_inst/input_window_imag/p_0_out__0/ACOUT[16]
                            (internal pin)
  Destination:            pm_top_mux_inst/scd_estimator_inst/pm_first_stage_wrap_inst/input_window_imag/p_0_out__1/ACIN[16]
                            (rising edge-triggered cell DSP48E1 clocked by clk_fpga_0  {rise@0.000ns fall@12.500ns period=25.000ns})
  Path Group:             (none)
  Path Type:              Hold (Min at Slow Process Corner)
  Data Path Delay:        0.002ns  (logic 0.000ns (0.000%)  route 0.002ns (100.000%))
  Logic Levels:           0  
  Clock Uncertainty:      0.376ns  ((TSJ^2 + TIJ^2)^1/2 + DJ) / 2 + PE
    Total System Jitter     (TSJ):    0.050ns
    Total Input Jitter      (TIJ):    0.750ns
    Discrete Jitter          (DJ):    0.000ns
    Phase Error              (PE):    0.000ns

    Location             Delay type                Incr(ns)  Path(ns)    Netlist Resource(s)
  -------------------------------------------------------------------    -------------------
    DSP48_X3Y10          DSP48E1                      0.000     0.000 r  pm_top_mux_inst/scd_estimator_inst/pm_first_stage_wrap_inst/input_window_imag/p_0_out__0/ACOUT[16]
                         net (fo=1, routed)           0.002     0.002    pm_top_mux_inst/scd_estimator_inst/pm_first_stage_wrap_inst/input_window_imag/p_0_out__0_n_37
    DSP48_X3Y11          DSP48E1                                      r  pm_top_mux_inst/scd_estimator_inst/pm_first_stage_wrap_inst/input_window_imag/p_0_out__1/ACIN[16]
  -------------------------------------------------------------------    -------------------

                         (clock clk_fpga_0 rise edge)
                                                      0.000     0.000 r  
    PS7_X0Y0             PS7                          0.000     0.000 r  comblock_setup_wrapper_inst/comblock_setup_i/processing_system7_0/inst/PS7_i/FCLKCLK[0]
                         net (fo=1, routed)           1.193     1.193    comblock_setup_wrapper_inst/comblock_setup_i/processing_system7_0/inst/FCLK_CLK_unbuffered[0]
    BUFGCTRL_X0Y16       BUFG (Prop_bufg_I_O)         0.101     1.294 r  comblock_setup_wrapper_inst/comblock_setup_i/processing_system7_0/inst/buffer_fclk_clk_0.FCLK_CLK_0_BUFG/O
                         net (fo=31598, routed)       1.876     3.170    pm_top_mux_inst/scd_estimator_inst/pm_first_stage_wrap_inst/input_window_imag/PS_CLOCK0
    DSP48_X3Y11          DSP48E1                                      r  pm_top_mux_inst/scd_estimator_inst/pm_first_stage_wrap_inst/input_window_imag/p_0_out__1/CLK

Slack:                    inf
  Source:                 pm_top_mux_inst/scd_estimator_inst/pm_first_stage_wrap_inst/input_window_imag/p_0_out__0/ACOUT[17]
                            (internal pin)
  Destination:            pm_top_mux_inst/scd_estimator_inst/pm_first_stage_wrap_inst/input_window_imag/p_0_out__1/ACIN[17]
                            (rising edge-triggered cell DSP48E1 clocked by clk_fpga_0  {rise@0.000ns fall@12.500ns period=25.000ns})
  Path Group:             (none)
  Path Type:              Hold (Min at Slow Process Corner)
  Data Path Delay:        0.002ns  (logic 0.000ns (0.000%)  route 0.002ns (100.000%))
  Logic Levels:           0  
  Clock Uncertainty:      0.376ns  ((TSJ^2 + TIJ^2)^1/2 + DJ) / 2 + PE
    Total System Jitter     (TSJ):    0.050ns
    Total Input Jitter      (TIJ):    0.750ns
    Discrete Jitter          (DJ):    0.000ns
    Phase Error              (PE):    0.000ns

    Location             Delay type                Incr(ns)  Path(ns)    Netlist Resource(s)
  -------------------------------------------------------------------    -------------------
    DSP48_X3Y10          DSP48E1                      0.000     0.000 r  pm_top_mux_inst/scd_estimator_inst/pm_first_stage_wrap_inst/input_window_imag/p_0_out__0/ACOUT[17]
                         net (fo=1, routed)           0.002     0.002    pm_top_mux_inst/scd_estimator_inst/pm_first_stage_wrap_inst/input_window_imag/p_0_out__0_n_36
    DSP48_X3Y11          DSP48E1                                      r  pm_top_mux_inst/scd_estimator_inst/pm_first_stage_wrap_inst/input_window_imag/p_0_out__1/ACIN[17]
  -------------------------------------------------------------------    -------------------

                         (clock clk_fpga_0 rise edge)
                                                      0.000     0.000 r  
    PS7_X0Y0             PS7                          0.000     0.000 r  comblock_setup_wrapper_inst/comblock_setup_i/processing_system7_0/inst/PS7_i/FCLKCLK[0]
                         net (fo=1, routed)           1.193     1.193    comblock_setup_wrapper_inst/comblock_setup_i/processing_system7_0/inst/FCLK_CLK_unbuffered[0]
    BUFGCTRL_X0Y16       BUFG (Prop_bufg_I_O)         0.101     1.294 r  comblock_setup_wrapper_inst/comblock_setup_i/processing_system7_0/inst/buffer_fclk_clk_0.FCLK_CLK_0_BUFG/O
                         net (fo=31598, routed)       1.876     3.170    pm_top_mux_inst/scd_estimator_inst/pm_first_stage_wrap_inst/input_window_imag/PS_CLOCK0
    DSP48_X3Y11          DSP48E1                                      r  pm_top_mux_inst/scd_estimator_inst/pm_first_stage_wrap_inst/input_window_imag/p_0_out__1/CLK

Slack:                    inf
  Source:                 pm_top_mux_inst/scd_estimator_inst/pm_first_stage_wrap_inst/input_window_imag/p_0_out__0/ACOUT[18]
                            (internal pin)
  Destination:            pm_top_mux_inst/scd_estimator_inst/pm_first_stage_wrap_inst/input_window_imag/p_0_out__1/ACIN[18]
                            (rising edge-triggered cell DSP48E1 clocked by clk_fpga_0  {rise@0.000ns fall@12.500ns period=25.000ns})
  Path Group:             (none)
  Path Type:              Hold (Min at Slow Process Corner)
  Data Path Delay:        0.002ns  (logic 0.000ns (0.000%)  route 0.002ns (100.000%))
  Logic Levels:           0  
  Clock Uncertainty:      0.376ns  ((TSJ^2 + TIJ^2)^1/2 + DJ) / 2 + PE
    Total System Jitter     (TSJ):    0.050ns
    Total Input Jitter      (TIJ):    0.750ns
    Discrete Jitter          (DJ):    0.000ns
    Phase Error              (PE):    0.000ns

    Location             Delay type                Incr(ns)  Path(ns)    Netlist Resource(s)
  -------------------------------------------------------------------    -------------------
    DSP48_X3Y10          DSP48E1                      0.000     0.000 r  pm_top_mux_inst/scd_estimator_inst/pm_first_stage_wrap_inst/input_window_imag/p_0_out__0/ACOUT[18]
                         net (fo=1, routed)           0.002     0.002    pm_top_mux_inst/scd_estimator_inst/pm_first_stage_wrap_inst/input_window_imag/p_0_out__0_n_35
    DSP48_X3Y11          DSP48E1                                      r  pm_top_mux_inst/scd_estimator_inst/pm_first_stage_wrap_inst/input_window_imag/p_0_out__1/ACIN[18]
  -------------------------------------------------------------------    -------------------

                         (clock clk_fpga_0 rise edge)
                                                      0.000     0.000 r  
    PS7_X0Y0             PS7                          0.000     0.000 r  comblock_setup_wrapper_inst/comblock_setup_i/processing_system7_0/inst/PS7_i/FCLKCLK[0]
                         net (fo=1, routed)           1.193     1.193    comblock_setup_wrapper_inst/comblock_setup_i/processing_system7_0/inst/FCLK_CLK_unbuffered[0]
    BUFGCTRL_X0Y16       BUFG (Prop_bufg_I_O)         0.101     1.294 r  comblock_setup_wrapper_inst/comblock_setup_i/processing_system7_0/inst/buffer_fclk_clk_0.FCLK_CLK_0_BUFG/O
                         net (fo=31598, routed)       1.876     3.170    pm_top_mux_inst/scd_estimator_inst/pm_first_stage_wrap_inst/input_window_imag/PS_CLOCK0
    DSP48_X3Y11          DSP48E1                                      r  pm_top_mux_inst/scd_estimator_inst/pm_first_stage_wrap_inst/input_window_imag/p_0_out__1/CLK





