Copyright 1986-2022 Xilinx, Inc. All Rights Reserved. Copyright 2022-2023 Advanced Micro Devices, Inc. All Rights Reserved.
------------------------------------------------------------------------------------------------------------------------------------------------------------------------------------------------------
| Tool Version : Vivado v.2023.1 (win64) Build 3865809 Sun May  7 15:05:29 MDT 2023
| Date         : Thu Aug 13 23:10:37 2026
| Host         : Geronimo running 64-bit major release  (build 9200)
| Command      : report_timing_summary -max_paths 10 -report_unconstrained -file top_timing_summary_routed.rpt -pb top_timing_summary_routed.pb -rpx top_timing_summary_routed.rpx -warn_on_violation
| Design       : top
| Device       : 7z020-clg484
| Speed File   : -1  PRODUCTION 1.12 2019-11-22
| Design State : Routed
------------------------------------------------------------------------------------------------------------------------------------------------------------------------------------------------------

Timing Summary Report

------------------------------------------------------------------------------------------------
| Timer Settings
| --------------
------------------------------------------------------------------------------------------------

  Enable Multi Corner Analysis               :  Yes
  Enable Pessimism Removal                   :  Yes
  Pessimism Removal Resolution               :  Nearest Common Node
  Enable Input Delay Default Clock           :  No
  Enable Preset / Clear Arcs                 :  No
  Disable Flight Delays                      :  No
  Ignore I/O Paths                           :  No
  Timing Early Launch at Borrowing Latches   :  No
  Borrow Time for Max Delay Exceptions       :  Yes
  Merge Timing Exceptions                    :  Yes

  Corner  Analyze    Analyze    
  Name    Max Paths  Min Paths  
  ------  ---------  ---------  
  Slow    Yes        Yes        
  Fast    Yes        Yes        


------------------------------------------------------------------------------------------------
| Report Methodology
| ------------------
------------------------------------------------------------------------------------------------

Rule       Severity  Description                   Violations  
---------  --------  ----------------------------  ----------  
LUTAR-1    Warning   LUT drives async reset alert  1           
SYNTH-10   Warning   Wide multiplier               24          
TIMING-23  Warning   Combinational loop found      1           

Note: This report is based on the most recent report_methodology run and may not be up-to-date. Run report_methodology on the current design for the latest report.



check_timing report

Table of Contents
-----------------
1. checking no_clock (0)
2. checking constant_clock (0)
3. checking pulse_width_clock (0)
4. checking unconstrained_internal_endpoints (0)
5. checking no_input_delay (0)
6. checking no_output_delay (0)
7. checking multiple_clock (0)
8. checking generated_clocks (0)
9. checking loops (16)
10. checking partial_input_delay (0)
11. checking partial_output_delay (0)
12. checking latch_loops (0)

1. checking no_clock (0)
------------------------
 There are 0 register/latch pins with no clock.


2. checking constant_clock (0)
------------------------------
 There are 0 register/latch pins with constant_clock.


3. checking pulse_width_clock (0)
---------------------------------
 There are 0 register/latch pins which need pulse_width check


4. checking unconstrained_internal_endpoints (0)
------------------------------------------------
 There are 0 pins that are not constrained for maximum delay.

 There are 0 pins that are not constrained for maximum delay due to constant clock.


5. checking no_input_delay (0)
------------------------------
 There are 0 input ports with no input delay specified.

 There are 0 input ports with no input delay but user has a false path constraint.


6. checking no_output_delay (0)
-------------------------------
 There are 0 ports with no output delay specified.

 There are 0 ports with no output delay but user has a false path constraint

 There are 0 ports with no output delay but with a timing clock defined on it or propagating through it


7. checking multiple_clock (0)
------------------------------
 There are 0 register/latch pins with multiple clocks.


8. checking generated_clocks (0)
--------------------------------
 There are 0 generated clocks that are not connected to a clock source.


9. checking loops (16)
----------------------
 There are 16 combinational loops in the design. (HIGH)


10. checking partial_input_delay (0)
------------------------------------
 There are 0 input ports with partial input delay specified.


11. checking partial_output_delay (0)
-------------------------------------
 There are 0 ports with partial output delay specified.


12. checking latch_loops (0)
----------------------------
 There are 0 combinational latch loops in the design through latch input



------------------------------------------------------------------------------------------------
| Design Timing Summary
| ---------------------
------------------------------------------------------------------------------------------------

    WNS(ns)      TNS(ns)  TNS Failing Endpoints  TNS Total Endpoints      WHS(ns)      THS(ns)  THS Failing Endpoints  THS Total Endpoints     WPWS(ns)     TPWS(ns)  TPWS Failing Endpoints  TPWS Total Endpoints  
    -------      -------  ---------------------  -------------------      -------      -------  ---------------------  -------------------     --------     --------  ----------------------  --------------------  
      3.935        0.000                      0                89314        0.011        0.000                      0                89314       11.520        0.000                       0                 31430  


All user specified timing constraints are met.


------------------------------------------------------------------------------------------------
| Clock Summary
| -------------
------------------------------------------------------------------------------------------------

Clock       Waveform(ns)       Period(ns)      Frequency(MHz)
-----       ------------       ----------      --------------
clk_fpga_0  {0.000 12.500}     25.000          40.000          


------------------------------------------------------------------------------------------------
| Intra Clock Table
| -----------------
------------------------------------------------------------------------------------------------

Clock             WNS(ns)      TNS(ns)  TNS Failing Endpoints  TNS Total Endpoints      WHS(ns)      THS(ns)  THS Failing Endpoints  THS Total Endpoints     WPWS(ns)     TPWS(ns)  TPWS Failing Endpoints  TPWS Total Endpoints  
-----             -------      -------  ---------------------  -------------------      -------      -------  ---------------------  -------------------     --------     --------  ----------------------  --------------------  
clk_fpga_0          3.935        0.000                      0                89251        0.011        0.000                      0                89251       11.520        0.000                       0                 31430  


------------------------------------------------------------------------------------------------
| Inter Clock Table
| -----------------
------------------------------------------------------------------------------------------------

From Clock    To Clock          WNS(ns)      TNS(ns)  TNS Failing Endpoints  TNS Total Endpoints      WHS(ns)      THS(ns)  THS Failing Endpoints  THS Total Endpoints  
----------    --------          -------      -------  ---------------------  -------------------      -------      -------  ---------------------  -------------------  


------------------------------------------------------------------------------------------------
| Other Path Groups Table
| -----------------------
------------------------------------------------------------------------------------------------

Path Group         From Clock         To Clock               WNS(ns)      TNS(ns)  TNS Failing Endpoints  TNS Total Endpoints      WHS(ns)      THS(ns)  THS Failing Endpoints  THS Total Endpoints  
----------         ----------         --------               -------      -------  ---------------------  -------------------      -------      -------  ---------------------  -------------------  
**async_default**  clk_fpga_0         clk_fpga_0              19.501        0.000                      0                   63        1.243        0.000                      0                   63  


------------------------------------------------------------------------------------------------
| User Ignored Path Table
| -----------------------
------------------------------------------------------------------------------------------------

Path Group    From Clock    To Clock    
----------    ----------    --------    
(none)                      clk_fpga_0    


------------------------------------------------------------------------------------------------
| Unconstrained Path Table
| ------------------------
------------------------------------------------------------------------------------------------

Path Group    From Clock    To Clock    
----------    ----------    --------    
(none)                      clk_fpga_0    


------------------------------------------------------------------------------------------------
| Timing Details
| --------------
------------------------------------------------------------------------------------------------


---------------------------------------------------------------------------------------------------
From Clock:  clk_fpga_0
  To Clock:  clk_fpga_0

Setup :            0  Failing Endpoints,  Worst Slack        3.935ns,  Total Violation        0.000ns
Hold  :            0  Failing Endpoints,  Worst Slack        0.011ns,  Total Violation        0.000ns
PW    :            0  Failing Endpoints,  Worst Slack       11.520ns,  Total Violation        0.000ns
---------------------------------------------------------------------------------------------------


Max Delay Paths
--------------------------------------------------------------------------------------
Slack (MET) :             3.935ns  (required time - arrival time)
  Source:                 pm_top_mux_inst/theshold_calculator_inst/threshold_rom_inst/r_threshold_reg/CLKARDCLK
                            (rising edge-triggered cell RAMB36E1 clocked by clk_fpga_0  {rise@0.000ns fall@12.500ns period=25.000ns})
  Destination:            pm_top_mux_inst/theshold_calculator_inst/r_threshold_value_reg/PCIN[0]
                            (rising edge-triggered cell DSP48E1 clocked by clk_fpga_0  {rise@0.000ns fall@12.500ns period=25.000ns})
  Path Group:             clk_fpga_0
  Path Type:              Setup (Max at Slow Process Corner)
  Requirement:            25.000ns  (clk_fpga_0 rise@25.000ns - clk_fpga_0 rise@0.000ns)
  Data Path Delay:        19.267ns  (logic 14.881ns (77.234%)  route 4.386ns (22.766%))
  Logic Levels:           19  (CARRY4=14 DSP48E1=3 LUT3=1 LUT4=1)
  Clock Path Skew:        -0.021ns (DCD - SCD + CPR)
    Destination Clock Delay (DCD):    3.034ns = ( 28.034 - 25.000 ) 
    Source Clock Delay      (SCD):    3.301ns
    Clock Pessimism Removal (CPR):    0.247ns
  Clock Uncertainty:      0.377ns  ((TSJ^2 + TIJ^2)^1/2 + DJ) / 2 + PE
    Total System Jitter     (TSJ):    0.071ns
    Total Input Jitter      (TIJ):    0.750ns
    Discrete Jitter          (DJ):    0.000ns
    Phase Error              (PE):    0.000ns

    Location             Delay type                Incr(ns)  Path(ns)    Netlist Resource(s)
  -------------------------------------------------------------------    -------------------
                         (clock clk_fpga_0 rise edge)
                                                      0.000     0.000 r  
    PS7_X0Y0             PS7                          0.000     0.000 r  comblock_setup_wrapper_inst/comblock_setup_i/processing_system7_0/inst/PS7_i/FCLKCLK[0]
                         net (fo=1, routed)           1.193     1.193    comblock_setup_wrapper_inst/comblock_setup_i/processing_system7_0/inst/FCLK_CLK_unbuffered[0]
    BUFGCTRL_X0Y16       BUFG (Prop_bufg_I_O)         0.101     1.294 r  comblock_setup_wrapper_inst/comblock_setup_i/processing_system7_0/inst/buffer_fclk_clk_0.FCLK_CLK_0_BUFG/O
                         net (fo=31501, routed)       2.007     3.301    pm_top_mux_inst/theshold_calculator_inst/threshold_rom_inst/PS_CLOCK0
    RAMB36_X4Y26         RAMB36E1                                     r  pm_top_mux_inst/theshold_calculator_inst/threshold_rom_inst/r_threshold_reg/CLKARDCLK
  -------------------------------------------------------------------    -------------------
    RAMB36_X4Y26         RAMB36E1 (Prop_ramb36e1_CLKARDCLK_DOPADOP[0])
                                                      2.454     5.755 r  pm_top_mux_inst/theshold_calculator_inst/threshold_rom_inst/r_threshold_reg/DOPADOP[0]
                         net (fo=1, routed)           1.075     6.831    pm_top_mux_inst/theshold_calculator_inst/threshold_rom_inst_n_56
    DSP48_X3Y54          DSP48E1 (Prop_dsp48e1_A[15]_PCOUT[47])
                                                      4.036    10.867 r  pm_top_mux_inst/theshold_calculator_inst/r_threshold_value1__1/PCOUT[47]
                         net (fo=1, routed)           0.002    10.869    pm_top_mux_inst/theshold_calculator_inst/r_threshold_value1__1_n_106
    DSP48_X3Y55          DSP48E1 (Prop_dsp48e1_PCIN[47]_P[1])
                                                      1.518    12.387 r  pm_top_mux_inst/theshold_calculator_inst/r_threshold_value1__2/P[1]
                         net (fo=3, routed)           1.340    13.727    pm_top_mux_inst/theshold_calculator_inst/r_threshold_value1__2_n_104
    SLICE_X94Y125        LUT3 (Prop_lut3_I1_O)        0.149    13.876 r  pm_top_mux_inst/theshold_calculator_inst/r_threshold_value0__1_i_24/O
                         net (fo=2, routed)           0.607    14.482    pm_top_mux_inst/theshold_calculator_inst/r_threshold_value1_1[0]
    SLICE_X94Y126        LUT4 (Prop_lut4_I3_O)        0.355    14.837 r  pm_top_mux_inst/theshold_calculator_inst/r_threshold_value0__1_i_28/O
                         net (fo=1, routed)           0.000    14.837    pm_top_mux_inst_n_183
    SLICE_X94Y126        CARRY4 (Prop_carry4_S[0]_CO[3])
                                                      0.513    15.350 r  theshold_calculator_inst/r_threshold_value0__1_i_3/CO[3]
                         net (fo=1, routed)           0.000    15.350    theshold_calculator_inst/r_threshold_value0__1_i_3_n_0
    SLICE_X94Y127        CARRY4 (Prop_carry4_CI_CO[3])
                                                      0.117    15.467 r  theshold_calculator_inst/r_threshold_value0__1_i_2/CO[3]
                         net (fo=1, routed)           0.000    15.467    theshold_calculator_inst/r_threshold_value0__1_i_2_n_0
    SLICE_X94Y128        CARRY4 (Prop_carry4_CI_CO[3])
                                                      0.117    15.584 r  theshold_calculator_inst/r_threshold_value0__1_i_1/CO[3]
                         net (fo=1, routed)           0.000    15.584    theshold_calculator_inst/r_threshold_value0__1_i_1_n_0
    SLICE_X94Y129        CARRY4 (Prop_carry4_CI_CO[3])
                                                      0.117    15.701 r  theshold_calculator_inst/r_threshold_value0__0_i_5/CO[3]
                         net (fo=1, routed)           0.000    15.701    theshold_calculator_inst/r_threshold_value0__0_i_5_n_0
    SLICE_X94Y130        CARRY4 (Prop_carry4_CI_CO[3])
                                                      0.117    15.818 r  theshold_calculator_inst/r_threshold_value0__0_i_4/CO[3]
                         net (fo=1, routed)           0.000    15.818    theshold_calculator_inst/r_threshold_value0__0_i_4_n_0
    SLICE_X94Y131        CARRY4 (Prop_carry4_CI_CO[3])
                                                      0.117    15.935 r  theshold_calculator_inst/r_threshold_value0__0_i_3/CO[3]
                         net (fo=1, routed)           0.000    15.935    theshold_calculator_inst/r_threshold_value0__0_i_3_n_0
    SLICE_X94Y132        CARRY4 (Prop_carry4_CI_CO[3])
                                                      0.117    16.052 r  theshold_calculator_inst/r_threshold_value0__0_i_2/CO[3]
                         net (fo=1, routed)           0.000    16.052    theshold_calculator_inst/r_threshold_value0__0_i_2_n_0
    SLICE_X94Y133        CARRY4 (Prop_carry4_CI_CO[3])
                                                      0.117    16.169 r  theshold_calculator_inst/r_threshold_value0__0_i_1/CO[3]
                         net (fo=1, routed)           0.000    16.169    theshold_calculator_inst/r_threshold_value0__0_i_1_n_0
    SLICE_X94Y134        CARRY4 (Prop_carry4_CI_CO[3])
                                                      0.117    16.286 r  theshold_calculator_inst/r_threshold_value0_i_6/CO[3]
                         net (fo=1, routed)           0.000    16.286    theshold_calculator_inst/r_threshold_value0_i_6_n_0
    SLICE_X94Y135        CARRY4 (Prop_carry4_CI_CO[3])
                                                      0.117    16.403 r  theshold_calculator_inst/r_threshold_value0_i_5/CO[3]
                         net (fo=1, routed)           0.000    16.403    theshold_calculator_inst/r_threshold_value0_i_5_n_0
    SLICE_X94Y136        CARRY4 (Prop_carry4_CI_CO[3])
                                                      0.117    16.520 r  theshold_calculator_inst/r_threshold_value0_i_4/CO[3]
                         net (fo=1, routed)           0.000    16.520    theshold_calculator_inst/r_threshold_value0_i_4_n_0
    SLICE_X94Y137        CARRY4 (Prop_carry4_CI_CO[3])
                                                      0.117    16.637 r  theshold_calculator_inst/r_threshold_value0_i_3/CO[3]
                         net (fo=1, routed)           0.000    16.637    theshold_calculator_inst/r_threshold_value0_i_3_n_0
    SLICE_X94Y138        CARRY4 (Prop_carry4_CI_CO[3])
                                                      0.117    16.754 r  theshold_calculator_inst/r_threshold_value0_i_2/CO[3]
                         net (fo=1, routed)           0.000    16.754    pm_top_mux_inst/theshold_calculator_inst/r_threshold_value_reg_0[0]
    SLICE_X94Y139        CARRY4 (Prop_carry4_CI_O[2])
                                                      0.239    16.993 r  pm_top_mux_inst/theshold_calculator_inst/r_threshold_value0_i_1/O[2]
                         net (fo=16, routed)          1.360    18.354    pm_top_mux_inst/theshold_calculator_inst/r_threshold_value0_i_1_n_5
    DSP48_X3Y48          DSP48E1 (Prop_dsp48e1_A[27]_PCOUT[0])
                                                      4.213    22.567 r  pm_top_mux_inst/theshold_calculator_inst/r_threshold_value0/PCOUT[0]
                         net (fo=1, routed)           0.002    22.569    pm_top_mux_inst/theshold_calculator_inst/r_threshold_value0_n_153
    DSP48_X3Y49          DSP48E1                                      r  pm_top_mux_inst/theshold_calculator_inst/r_threshold_value_reg/PCIN[0]
  -------------------------------------------------------------------    -------------------

                         (clock clk_fpga_0 rise edge)
                                                     25.000    25.000 r  
    PS7_X0Y0             PS7                          0.000    25.000 r  comblock_setup_wrapper_inst/comblock_setup_i/processing_system7_0/inst/PS7_i/FCLKCLK[0]
                         net (fo=1, routed)           1.088    26.088    comblock_setup_wrapper_inst/comblock_setup_i/processing_system7_0/inst/FCLK_CLK_unbuffered[0]
    BUFGCTRL_X0Y16       BUFG (Prop_bufg_I_O)         0.091    26.179 r  comblock_setup_wrapper_inst/comblock_setup_i/processing_system7_0/inst/buffer_fclk_clk_0.FCLK_CLK_0_BUFG/O
                         net (fo=31501, routed)       1.855    28.034    pm_top_mux_inst/theshold_calculator_inst/PS_CLOCK0
    DSP48_X3Y49          DSP48E1                                      r  pm_top_mux_inst/theshold_calculator_inst/r_threshold_value_reg/CLK
                         clock pessimism              0.247    28.281    
                         clock uncertainty           -0.377    27.904    
    DSP48_X3Y49          DSP48E1 (Setup_dsp48e1_CLK_PCIN[0])
                                                     -1.400    26.504    pm_top_mux_inst/theshold_calculator_inst/r_threshold_value_reg
  -------------------------------------------------------------------
                         required time                         26.504    
                         arrival time                         -22.569    
  -------------------------------------------------------------------
                         slack                                  3.935    

Slack (MET) :             3.935ns  (required time - arrival time)
  Source:                 pm_top_mux_inst/theshold_calculator_inst/threshold_rom_inst/r_threshold_reg/CLKARDCLK
                            (rising edge-triggered cell RAMB36E1 clocked by clk_fpga_0  {rise@0.000ns fall@12.500ns period=25.000ns})
  Destination:            pm_top_mux_inst/theshold_calculator_inst/r_threshold_value_reg/PCIN[10]
                            (rising edge-triggered cell DSP48E1 clocked by clk_fpga_0  {rise@0.000ns fall@12.500ns period=25.000ns})
  Path Group:             clk_fpga_0
  Path Type:              Setup (Max at Slow Process Corner)
  Requirement:            25.000ns  (clk_fpga_0 rise@25.000ns - clk_fpga_0 rise@0.000ns)
  Data Path Delay:        19.267ns  (logic 14.881ns (77.234%)  route 4.386ns (22.766%))
  Logic Levels:           19  (CARRY4=14 DSP48E1=3 LUT3=1 LUT4=1)
  Clock Path Skew:        -0.021ns (DCD - SCD + CPR)
    Destination Clock Delay (DCD):    3.034ns = ( 28.034 - 25.000 ) 
    Source Clock Delay      (SCD):    3.301ns
    Clock Pessimism Removal (CPR):    0.247ns
  Clock Uncertainty:      0.377ns  ((TSJ^2 + TIJ^2)^1/2 + DJ) / 2 + PE
    Total System Jitter     (TSJ):    0.071ns
    Total Input Jitter      (TIJ):    0.750ns
    Discrete Jitter          (DJ):    0.000ns
    Phase Error              (PE):    0.000ns

    Location             Delay type                Incr(ns)  Path(ns)    Netlist Resource(s)
  -------------------------------------------------------------------    -------------------
                         (clock clk_fpga_0 rise edge)
                                                      0.000     0.000 r  
    PS7_X0Y0             PS7                          0.000     0.000 r  comblock_setup_wrapper_inst/comblock_setup_i/processing_system7_0/inst/PS7_i/FCLKCLK[0]
                         net (fo=1, routed)           1.193     1.193    comblock_setup_wrapper_inst/comblock_setup_i/processing_system7_0/inst/FCLK_CLK_unbuffered[0]
    BUFGCTRL_X0Y16       BUFG (Prop_bufg_I_O)         0.101     1.294 r  comblock_setup_wrapper_inst/comblock_setup_i/processing_system7_0/inst/buffer_fclk_clk_0.FCLK_CLK_0_BUFG/O
                         net (fo=31501, routed)       2.007     3.301    pm_top_mux_inst/theshold_calculator_inst/threshold_rom_inst/PS_CLOCK0
    RAMB36_X4Y26         RAMB36E1                                     r  pm_top_mux_inst/theshold_calculator_inst/threshold_rom_inst/r_threshold_reg/CLKARDCLK
  -------------------------------------------------------------------    -------------------
    RAMB36_X4Y26         RAMB36E1 (Prop_ramb36e1_CLKARDCLK_DOPADOP[0])
                                                      2.454     5.755 r  pm_top_mux_inst/theshold_calculator_inst/threshold_rom_inst/r_threshold_reg/DOPADOP[0]
                         net (fo=1, routed)           1.075     6.831    pm_top_mux_inst/theshold_calculator_inst/threshold_rom_inst_n_56
    DSP48_X3Y54          DSP48E1 (Prop_dsp48e1_A[15]_PCOUT[47])
                                                      4.036    10.867 r  pm_top_mux_inst/theshold_calculator_inst/r_threshold_value1__1/PCOUT[47]
                         net (fo=1, routed)           0.002    10.869    pm_top_mux_inst/theshold_calculator_inst/r_threshold_value1__1_n_106
    DSP48_X3Y55          DSP48E1 (Prop_dsp48e1_PCIN[47]_P[1])
                                                      1.518    12.387 r  pm_top_mux_inst/theshold_calculator_inst/r_threshold_value1__2/P[1]
                         net (fo=3, routed)           1.340    13.727    pm_top_mux_inst/theshold_calculator_inst/r_threshold_value1__2_n_104
    SLICE_X94Y125        LUT3 (Prop_lut3_I1_O)        0.149    13.876 r  pm_top_mux_inst/theshold_calculator_inst/r_threshold_value0__1_i_24/O
                         net (fo=2, routed)           0.607    14.482    pm_top_mux_inst/theshold_calculator_inst/r_threshold_value1_1[0]
    SLICE_X94Y126        LUT4 (Prop_lut4_I3_O)        0.355    14.837 r  pm_top_mux_inst/theshold_calculator_inst/r_threshold_value0__1_i_28/O
                         net (fo=1, routed)           0.000    14.837    pm_top_mux_inst_n_183
    SLICE_X94Y126        CARRY4 (Prop_carry4_S[0]_CO[3])
                                                      0.513    15.350 r  theshold_calculator_inst/r_threshold_value0__1_i_3/CO[3]
                         net (fo=1, routed)           0.000    15.350    theshold_calculator_inst/r_threshold_value0__1_i_3_n_0
    SLICE_X94Y127        CARRY4 (Prop_carry4_CI_CO[3])
                                                      0.117    15.467 r  theshold_calculator_inst/r_threshold_value0__1_i_2/CO[3]
                         net (fo=1, routed)           0.000    15.467    theshold_calculator_inst/r_threshold_value0__1_i_2_n_0
    SLICE_X94Y128        CARRY4 (Prop_carry4_CI_CO[3])
                                                      0.117    15.584 r  theshold_calculator_inst/r_threshold_value0__1_i_1/CO[3]
                         net (fo=1, routed)           0.000    15.584    theshold_calculator_inst/r_threshold_value0__1_i_1_n_0
    SLICE_X94Y129        CARRY4 (Prop_carry4_CI_CO[3])
                                                      0.117    15.701 r  theshold_calculator_inst/r_threshold_value0__0_i_5/CO[3]
                         net (fo=1, routed)           0.000    15.701    theshold_calculator_inst/r_threshold_value0__0_i_5_n_0
    SLICE_X94Y130        CARRY4 (Prop_carry4_CI_CO[3])
                                                      0.117    15.818 r  theshold_calculator_inst/r_threshold_value0__0_i_4/CO[3]
                         net (fo=1, routed)           0.000    15.818    theshold_calculator_inst/r_threshold_value0__0_i_4_n_0
    SLICE_X94Y131        CARRY4 (Prop_carry4_CI_CO[3])
                                                      0.117    15.935 r  theshold_calculator_inst/r_threshold_value0__0_i_3/CO[3]
                         net (fo=1, routed)           0.000    15.935    theshold_calculator_inst/r_threshold_value0__0_i_3_n_0
    SLICE_X94Y132        CARRY4 (Prop_carry4_CI_CO[3])
                                                      0.117    16.052 r  theshold_calculator_inst/r_threshold_value0__0_i_2/CO[3]
                         net (fo=1, routed)           0.000    16.052    theshold_calculator_inst/r_threshold_value0__0_i_2_n_0
    SLICE_X94Y133        CARRY4 (Prop_carry4_CI_CO[3])
                                                      0.117    16.169 r  theshold_calculator_inst/r_threshold_value0__0_i_1/CO[3]
                         net (fo=1, routed)           0.000    16.169    theshold_calculator_inst/r_threshold_value0__0_i_1_n_0
    SLICE_X94Y134        CARRY4 (Prop_carry4_CI_CO[3])
                                                      0.117    16.286 r  theshold_calculator_inst/r_threshold_value0_i_6/CO[3]
                         net (fo=1, routed)           0.000    16.286    theshold_calculator_inst/r_threshold_value0_i_6_n_0
    SLICE_X94Y135        CARRY4 (Prop_carry4_CI_CO[3])
                                                      0.117    16.403 r  theshold_calculator_inst/r_threshold_value0_i_5/CO[3]
                         net (fo=1, routed)           0.000    16.403    theshold_calculator_inst/r_threshold_value0_i_5_n_0
    SLICE_X94Y136        CARRY4 (Prop_carry4_CI_CO[3])
                                                      0.117    16.520 r  theshold_calculator_inst/r_threshold_value0_i_4/CO[3]
                         net (fo=1, routed)           0.000    16.520    theshold_calculator_inst/r_threshold_value0_i_4_n_0
    SLICE_X94Y137        CARRY4 (Prop_carry4_CI_CO[3])
                                                      0.117    16.637 r  theshold_calculator_inst/r_threshold_value0_i_3/CO[3]
                         net (fo=1, routed)           0.000    16.637    theshold_calculator_inst/r_threshold_value0_i_3_n_0
    SLICE_X94Y138        CARRY4 (Prop_carry4_CI_CO[3])
                                                      0.117    16.754 r  theshold_calculator_inst/r_threshold_value0_i_2/CO[3]
                         net (fo=1, routed)           0.000    16.754    pm_top_mux_inst/theshold_calculator_inst/r_threshold_value_reg_0[0]
    SLICE_X94Y139        CARRY4 (Prop_carry4_CI_O[2])
                                                      0.239    16.993 r  pm_top_mux_inst/theshold_calculator_inst/r_threshold_value0_i_1/O[2]
                         net (fo=16, routed)          1.360    18.354    pm_top_mux_inst/theshold_calculator_inst/r_threshold_value0_i_1_n_5
    DSP48_X3Y48          DSP48E1 (Prop_dsp48e1_A[27]_PCOUT[10])
                                                      4.213    22.567 r  pm_top_mux_inst/theshold_calculator_inst/r_threshold_value0/PCOUT[10]
                         net (fo=1, routed)           0.002    22.569    pm_top_mux_inst/theshold_calculator_inst/r_threshold_value0_n_143
    DSP48_X3Y49          DSP48E1                                      r  pm_top_mux_inst/theshold_calculator_inst/r_threshold_value_reg/PCIN[10]
  -------------------------------------------------------------------    -------------------

                         (clock clk_fpga_0 rise edge)
                                                     25.000    25.000 r  
    PS7_X0Y0             PS7                          0.000    25.000 r  comblock_setup_wrapper_inst/comblock_setup_i/processing_system7_0/inst/PS7_i/FCLKCLK[0]
                         net (fo=1, routed)           1.088    26.088    comblock_setup_wrapper_inst/comblock_setup_i/processing_system7_0/inst/FCLK_CLK_unbuffered[0]
    BUFGCTRL_X0Y16       BUFG (Prop_bufg_I_O)         0.091    26.179 r  comblock_setup_wrapper_inst/comblock_setup_i/processing_system7_0/inst/buffer_fclk_clk_0.FCLK_CLK_0_BUFG/O
                         net (fo=31501, routed)       1.855    28.034    pm_top_mux_inst/theshold_calculator_inst/PS_CLOCK0
    DSP48_X3Y49          DSP48E1                                      r  pm_top_mux_inst/theshold_calculator_inst/r_threshold_value_reg/CLK
                         clock pessimism              0.247    28.281    
                         clock uncertainty           -0.377    27.904    
    DSP48_X3Y49          DSP48E1 (Setup_dsp48e1_CLK_PCIN[10])
                                                     -1.400    26.504    pm_top_mux_inst/theshold_calculator_inst/r_threshold_value_reg
  -------------------------------------------------------------------
                         required time                         26.504    
                         arrival time                         -22.569    
  -------------------------------------------------------------------
                         slack                                  3.935    

Slack (MET) :             3.935ns  (required time - arrival time)
  Source:                 pm_top_mux_inst/theshold_calculator_inst/threshold_rom_inst/r_threshold_reg/CLKARDCLK
                            (rising edge-triggered cell RAMB36E1 clocked by clk_fpga_0  {rise@0.000ns fall@12.500ns period=25.000ns})
  Destination:            pm_top_mux_inst/theshold_calculator_inst/r_threshold_value_reg/PCIN[11]
                            (rising edge-triggered cell DSP48E1 clocked by clk_fpga_0  {rise@0.000ns fall@12.500ns period=25.000ns})
  Path Group:             clk_fpga_0
  Path Type:              Setup (Max at Slow Process Corner)
  Requirement:            25.000ns  (clk_fpga_0 rise@25.000ns - clk_fpga_0 rise@0.000ns)
  Data Path Delay:        19.267ns  (logic 14.881ns (77.234%)  route 4.386ns (22.766%))
  Logic Levels:           19  (CARRY4=14 DSP48E1=3 LUT3=1 LUT4=1)
  Clock Path Skew:        -0.021ns (DCD - SCD + CPR)
    Destination Clock Delay (DCD):    3.034ns = ( 28.034 - 25.000 ) 
    Source Clock Delay      (SCD):    3.301ns
    Clock Pessimism Removal (CPR):    0.247ns
  Clock Uncertainty:      0.377ns  ((TSJ^2 + TIJ^2)^1/2 + DJ) / 2 + PE
    Total System Jitter     (TSJ):    0.071ns
    Total Input Jitter      (TIJ):    0.750ns
    Discrete Jitter          (DJ):    0.000ns
    Phase Error              (PE):    0.000ns

    Location             Delay type                Incr(ns)  Path(ns)    Netlist Resource(s)
  -------------------------------------------------------------------    -------------------
                         (clock clk_fpga_0 rise edge)
                                                      0.000     0.000 r  
    PS7_X0Y0             PS7                          0.000     0.000 r  comblock_setup_wrapper_inst/comblock_setup_i/processing_system7_0/inst/PS7_i/FCLKCLK[0]
                         net (fo=1, routed)           1.193     1.193    comblock_setup_wrapper_inst/comblock_setup_i/processing_system7_0/inst/FCLK_CLK_unbuffered[0]
    BUFGCTRL_X0Y16       BUFG (Prop_bufg_I_O)         0.101     1.294 r  comblock_setup_wrapper_inst/comblock_setup_i/processing_system7_0/inst/buffer_fclk_clk_0.FCLK_CLK_0_BUFG/O
                         net (fo=31501, routed)       2.007     3.301    pm_top_mux_inst/theshold_calculator_inst/threshold_rom_inst/PS_CLOCK0
    RAMB36_X4Y26         RAMB36E1                                     r  pm_top_mux_inst/theshold_calculator_inst/threshold_rom_inst/r_threshold_reg/CLKARDCLK
  -------------------------------------------------------------------    -------------------
    RAMB36_X4Y26         RAMB36E1 (Prop_ramb36e1_CLKARDCLK_DOPADOP[0])
                                                      2.454     5.755 r  pm_top_mux_inst/theshold_calculator_inst/threshold_rom_inst/r_threshold_reg/DOPADOP[0]
                         net (fo=1, routed)           1.075     6.831    pm_top_mux_inst/theshold_calculator_inst/threshold_rom_inst_n_56
    DSP48_X3Y54          DSP48E1 (Prop_dsp48e1_A[15]_PCOUT[47])
                                                      4.036    10.867 r  pm_top_mux_inst/theshold_calculator_inst/r_threshold_value1__1/PCOUT[47]
                         net (fo=1, routed)           0.002    10.869    pm_top_mux_inst/theshold_calculator_inst/r_threshold_value1__1_n_106
    DSP48_X3Y55          DSP48E1 (Prop_dsp48e1_PCIN[47]_P[1])
                                                      1.518    12.387 r  pm_top_mux_inst/theshold_calculator_inst/r_threshold_value1__2/P[1]
                         net (fo=3, routed)           1.340    13.727    pm_top_mux_inst/theshold_calculator_inst/r_threshold_value1__2_n_104
    SLICE_X94Y125        LUT3 (Prop_lut3_I1_O)        0.149    13.876 r  pm_top_mux_inst/theshold_calculator_inst/r_threshold_value0__1_i_24/O
                         net (fo=2, routed)           0.607    14.482    pm_top_mux_inst/theshold_calculator_inst/r_threshold_value1_1[0]
    SLICE_X94Y126        LUT4 (Prop_lut4_I3_O)        0.355    14.837 r  pm_top_mux_inst/theshold_calculator_inst/r_threshold_value0__1_i_28/O
                         net (fo=1, routed)           0.000    14.837    pm_top_mux_inst_n_183
    SLICE_X94Y126        CARRY4 (Prop_carry4_S[0]_CO[3])
                                                      0.513    15.350 r  theshold_calculator_inst/r_threshold_value0__1_i_3/CO[3]
                         net (fo=1, routed)           0.000    15.350    theshold_calculator_inst/r_threshold_value0__1_i_3_n_0
    SLICE_X94Y127        CARRY4 (Prop_carry4_CI_CO[3])
                                                      0.117    15.467 r  theshold_calculator_inst/r_threshold_value0__1_i_2/CO[3]
                         net (fo=1, routed)           0.000    15.467    theshold_calculator_inst/r_threshold_value0__1_i_2_n_0
    SLICE_X94Y128        CARRY4 (Prop_carry4_CI_CO[3])
                                                      0.117    15.584 r  theshold_calculator_inst/r_threshold_value0__1_i_1/CO[3]
                         net (fo=1, routed)           0.000    15.584    theshold_calculator_inst/r_threshold_value0__1_i_1_n_0
    SLICE_X94Y129        CARRY4 (Prop_carry4_CI_CO[3])
                                                      0.117    15.701 r  theshold_calculator_inst/r_threshold_value0__0_i_5/CO[3]
                         net (fo=1, routed)           0.000    15.701    theshold_calculator_inst/r_threshold_value0__0_i_5_n_0
    SLICE_X94Y130        CARRY4 (Prop_carry4_CI_CO[3])
                                                      0.117    15.818 r  theshold_calculator_inst/r_threshold_value0__0_i_4/CO[3]
                         net (fo=1, routed)           0.000    15.818    theshold_calculator_inst/r_threshold_value0__0_i_4_n_0
    SLICE_X94Y131        CARRY4 (Prop_carry4_CI_CO[3])
                                                      0.117    15.935 r  theshold_calculator_inst/r_threshold_value0__0_i_3/CO[3]
                         net (fo=1, routed)           0.000    15.935    theshold_calculator_inst/r_threshold_value0__0_i_3_n_0
    SLICE_X94Y132        CARRY4 (Prop_carry4_CI_CO[3])
                                                      0.117    16.052 r  theshold_calculator_inst/r_threshold_value0__0_i_2/CO[3]
                         net (fo=1, routed)           0.000    16.052    theshold_calculator_inst/r_threshold_value0__0_i_2_n_0
    SLICE_X94Y133        CARRY4 (Prop_carry4_CI_CO[3])
                                                      0.117    16.169 r  theshold_calculator_inst/r_threshold_value0__0_i_1/CO[3]
                         net (fo=1, routed)           0.000    16.169    theshold_calculator_inst/r_threshold_value0__0_i_1_n_0
    SLICE_X94Y134        CARRY4 (Prop_carry4_CI_CO[3])
                                                      0.117    16.286 r  theshold_calculator_inst/r_threshold_value0_i_6/CO[3]
                         net (fo=1, routed)           0.000    16.286    theshold_calculator_inst/r_threshold_value0_i_6_n_0
    SLICE_X94Y135        CARRY4 (Prop_carry4_CI_CO[3])
                                                      0.117    16.403 r  theshold_calculator_inst/r_threshold_value0_i_5/CO[3]
                         net (fo=1, routed)           0.000    16.403    theshold_calculator_inst/r_threshold_value0_i_5_n_0
    SLICE_X94Y136        CARRY4 (Prop_carry4_CI_CO[3])
                                                      0.117    16.520 r  theshold_calculator_inst/r_threshold_value0_i_4/CO[3]
                         net (fo=1, routed)           0.000    16.520    theshold_calculator_inst/r_threshold_value0_i_4_n_0
    SLICE_X94Y137        CARRY4 (Prop_carry4_CI_CO[3])
                                                      0.117    16.637 r  theshold_calculator_inst/r_threshold_value0_i_3/CO[3]
                         net (fo=1, routed)           0.000    16.637    theshold_calculator_inst/r_threshold_value0_i_3_n_0
    SLICE_X94Y138        CARRY4 (Prop_carry4_CI_CO[3])
                                                      0.117    16.754 r  theshold_calculator_inst/r_threshold_value0_i_2/CO[3]
                         net (fo=1, routed)           0.000    16.754    pm_top_mux_inst/theshold_calculator_inst/r_threshold_value_reg_0[0]
    SLICE_X94Y139        CARRY4 (Prop_carry4_CI_O[2])
                                                      0.239    16.993 r  pm_top_mux_inst/theshold_calculator_inst/r_threshold_value0_i_1/O[2]
                         net (fo=16, routed)          1.360    18.354    pm_top_mux_inst/theshold_calculator_inst/r_threshold_value0_i_1_n_5
    DSP48_X3Y48          DSP48E1 (Prop_dsp48e1_A[27]_PCOUT[11])
                                                      4.213    22.567 r  pm_top_mux_inst/theshold_calculator_inst/r_threshold_value0/PCOUT[11]
                         net (fo=1, routed)           0.002    22.569    pm_top_mux_inst/theshold_calculator_inst/r_threshold_value0_n_142
    DSP48_X3Y49          DSP48E1                                      r  pm_top_mux_inst/theshold_calculator_inst/r_threshold_value_reg/PCIN[11]
  -------------------------------------------------------------------    -------------------

                         (clock clk_fpga_0 rise edge)
                                                     25.000    25.000 r  
    PS7_X0Y0             PS7                          0.000    25.000 r  comblock_setup_wrapper_inst/comblock_setup_i/processing_system7_0/inst/PS7_i/FCLKCLK[0]
                         net (fo=1, routed)           1.088    26.088    comblock_setup_wrapper_inst/comblock_setup_i/processing_system7_0/inst/FCLK_CLK_unbuffered[0]
    BUFGCTRL_X0Y16       BUFG (Prop_bufg_I_O)         0.091    26.179 r  comblock_setup_wrapper_inst/comblock_setup_i/processing_system7_0/inst/buffer_fclk_clk_0.FCLK_CLK_0_BUFG/O
                         net (fo=31501, routed)       1.855    28.034    pm_top_mux_inst/theshold_calculator_inst/PS_CLOCK0
    DSP48_X3Y49          DSP48E1                                      r  pm_top_mux_inst/theshold_calculator_inst/r_threshold_value_reg/CLK
                         clock pessimism              0.247    28.281    
                         clock uncertainty           -0.377    27.904    
    DSP48_X3Y49          DSP48E1 (Setup_dsp48e1_CLK_PCIN[11])
                                                     -1.400    26.504    pm_top_mux_inst/theshold_calculator_inst/r_threshold_value_reg
  -------------------------------------------------------------------
                         required time                         26.504    
                         arrival time                         -22.569    
  -------------------------------------------------------------------
                         slack                                  3.935    

Slack (MET) :             3.935ns  (required time - arrival time)
  Source:                 pm_top_mux_inst/theshold_calculator_inst/threshold_rom_inst/r_threshold_reg/CLKARDCLK
                            (rising edge-triggered cell RAMB36E1 clocked by clk_fpga_0  {rise@0.000ns fall@12.500ns period=25.000ns})
  Destination:            pm_top_mux_inst/theshold_calculator_inst/r_threshold_value_reg/PCIN[12]
                            (rising edge-triggered cell DSP48E1 clocked by clk_fpga_0  {rise@0.000ns fall@12.500ns period=25.000ns})
  Path Group:             clk_fpga_0
  Path Type:              Setup (Max at Slow Process Corner)
  Requirement:            25.000ns  (clk_fpga_0 rise@25.000ns - clk_fpga_0 rise@0.000ns)
  Data Path Delay:        19.267ns  (logic 14.881ns (77.234%)  route 4.386ns (22.766%))
  Logic Levels:           19  (CARRY4=14 DSP48E1=3 LUT3=1 LUT4=1)
  Clock Path Skew:        -0.021ns (DCD - SCD + CPR)
    Destination Clock Delay (DCD):    3.034ns = ( 28.034 - 25.000 ) 
    Source Clock Delay      (SCD):    3.301ns
    Clock Pessimism Removal (CPR):    0.247ns
  Clock Uncertainty:      0.377ns  ((TSJ^2 + TIJ^2)^1/2 + DJ) / 2 + PE
    Total System Jitter     (TSJ):    0.071ns
    Total Input Jitter      (TIJ):    0.750ns
    Discrete Jitter          (DJ):    0.000ns
    Phase Error              (PE):    0.000ns

    Location             Delay type                Incr(ns)  Path(ns)    Netlist Resource(s)
  -------------------------------------------------------------------    -------------------
                         (clock clk_fpga_0 rise edge)
                                                      0.000     0.000 r  
    PS7_X0Y0             PS7                          0.000     0.000 r  comblock_setup_wrapper_inst/comblock_setup_i/processing_system7_0/inst/PS7_i/FCLKCLK[0]
                         net (fo=1, routed)           1.193     1.193    comblock_setup_wrapper_inst/comblock_setup_i/processing_system7_0/inst/FCLK_CLK_unbuffered[0]
    BUFGCTRL_X0Y16       BUFG (Prop_bufg_I_O)         0.101     1.294 r  comblock_setup_wrapper_inst/comblock_setup_i/processing_system7_0/inst/buffer_fclk_clk_0.FCLK_CLK_0_BUFG/O
                         net (fo=31501, routed)       2.007     3.301    pm_top_mux_inst/theshold_calculator_inst/threshold_rom_inst/PS_CLOCK0
    RAMB36_X4Y26         RAMB36E1                                     r  pm_top_mux_inst/theshold_calculator_inst/threshold_rom_inst/r_threshold_reg/CLKARDCLK
  -------------------------------------------------------------------    -------------------
    RAMB36_X4Y26         RAMB36E1 (Prop_ramb36e1_CLKARDCLK_DOPADOP[0])
                                                      2.454     5.755 r  pm_top_mux_inst/theshold_calculator_inst/threshold_rom_inst/r_threshold_reg/DOPADOP[0]
                         net (fo=1, routed)           1.075     6.831    pm_top_mux_inst/theshold_calculator_inst/threshold_rom_inst_n_56
    DSP48_X3Y54          DSP48E1 (Prop_dsp48e1_A[15]_PCOUT[47])
                                                      4.036    10.867 r  pm_top_mux_inst/theshold_calculator_inst/r_threshold_value1__1/PCOUT[47]
                         net (fo=1, routed)           0.002    10.869    pm_top_mux_inst/theshold_calculator_inst/r_threshold_value1__1_n_106
    DSP48_X3Y55          DSP48E1 (Prop_dsp48e1_PCIN[47]_P[1])
                                                      1.518    12.387 r  pm_top_mux_inst/theshold_calculator_inst/r_threshold_value1__2/P[1]
                         net (fo=3, routed)           1.340    13.727    pm_top_mux_inst/theshold_calculator_inst/r_threshold_value1__2_n_104
    SLICE_X94Y125        LUT3 (Prop_lut3_I1_O)        0.149    13.876 r  pm_top_mux_inst/theshold_calculator_inst/r_threshold_value0__1_i_24/O
                         net (fo=2, routed)           0.607    14.482    pm_top_mux_inst/theshold_calculator_inst/r_threshold_value1_1[0]
    SLICE_X94Y126        LUT4 (Prop_lut4_I3_O)        0.355    14.837 r  pm_top_mux_inst/theshold_calculator_inst/r_threshold_value0__1_i_28/O
                         net (fo=1, routed)           0.000    14.837    pm_top_mux_inst_n_183
    SLICE_X94Y126        CARRY4 (Prop_carry4_S[0]_CO[3])
                                                      0.513    15.350 r  theshold_calculator_inst/r_threshold_value0__1_i_3/CO[3]
                         net (fo=1, routed)           0.000    15.350    theshold_calculator_inst/r_threshold_value0__1_i_3_n_0
    SLICE_X94Y127        CARRY4 (Prop_carry4_CI_CO[3])
                                                      0.117    15.467 r  theshold_calculator_inst/r_threshold_value0__1_i_2/CO[3]
                         net (fo=1, routed)           0.000    15.467    theshold_calculator_inst/r_threshold_value0__1_i_2_n_0
    SLICE_X94Y128        CARRY4 (Prop_carry4_CI_CO[3])
                                                      0.117    15.584 r  theshold_calculator_inst/r_threshold_value0__1_i_1/CO[3]
                         net (fo=1, routed)           0.000    15.584    theshold_calculator_inst/r_threshold_value0__1_i_1_n_0
    SLICE_X94Y129        CARRY4 (Prop_carry4_CI_CO[3])
                                                      0.117    15.701 r  theshold_calculator_inst/r_threshold_value0__0_i_5/CO[3]
                         net (fo=1, routed)           0.000    15.701    theshold_calculator_inst/r_threshold_value0__0_i_5_n_0
    SLICE_X94Y130        CARRY4 (Prop_carry4_CI_CO[3])
                                                      0.117    15.818 r  theshold_calculator_inst/r_threshold_value0__0_i_4/CO[3]
                         net (fo=1, routed)           0.000    15.818    theshold_calculator_inst/r_threshold_value0__0_i_4_n_0
    SLICE_X94Y131        CARRY4 (Prop_carry4_CI_CO[3])
                                                      0.117    15.935 r  theshold_calculator_inst/r_threshold_value0__0_i_3/CO[3]
                         net (fo=1, routed)           0.000    15.935    theshold_calculator_inst/r_threshold_value0__0_i_3_n_0
    SLICE_X94Y132        CARRY4 (Prop_carry4_CI_CO[3])
                                                      0.117    16.052 r  theshold_calculator_inst/r_threshold_value0__0_i_2/CO[3]
                         net (fo=1, routed)           0.000    16.052    theshold_calculator_inst/r_threshold_value0__0_i_2_n_0
    SLICE_X94Y133        CARRY4 (Prop_carry4_CI_CO[3])
                                                      0.117    16.169 r  theshold_calculator_inst/r_threshold_value0__0_i_1/CO[3]
                         net (fo=1, routed)           0.000    16.169    theshold_calculator_inst/r_threshold_value0__0_i_1_n_0
    SLICE_X94Y134        CARRY4 (Prop_carry4_CI_CO[3])
                                                      0.117    16.286 r  theshold_calculator_inst/r_threshold_value0_i_6/CO[3]
                         net (fo=1, routed)           0.000    16.286    theshold_calculator_inst/r_threshold_value0_i_6_n_0
    SLICE_X94Y135        CARRY4 (Prop_carry4_CI_CO[3])
                                                      0.117    16.403 r  theshold_calculator_inst/r_threshold_value0_i_5/CO[3]
                         net (fo=1, routed)           0.000    16.403    theshold_calculator_inst/r_threshold_value0_i_5_n_0
    SLICE_X94Y136        CARRY4 (Prop_carry4_CI_CO[3])
                                                      0.117    16.520 r  theshold_calculator_inst/r_threshold_value0_i_4/CO[3]
                         net (fo=1, routed)           0.000    16.520    theshold_calculator_inst/r_threshold_value0_i_4_n_0
    SLICE_X94Y137        CARRY4 (Prop_carry4_CI_CO[3])
                                                      0.117    16.637 r  theshold_calculator_inst/r_threshold_value0_i_3/CO[3]
                         net (fo=1, routed)           0.000    16.637    theshold_calculator_inst/r_threshold_value0_i_3_n_0
    SLICE_X94Y138        CARRY4 (Prop_carry4_CI_CO[3])
                                                      0.117    16.754 r  theshold_calculator_inst/r_threshold_value0_i_2/CO[3]
                         net (fo=1, routed)           0.000    16.754    pm_top_mux_inst/theshold_calculator_inst/r_threshold_value_reg_0[0]
    SLICE_X94Y139        CARRY4 (Prop_carry4_CI_O[2])
                                                      0.239    16.993 r  pm_top_mux_inst/theshold_calculator_inst/r_threshold_value0_i_1/O[2]
                         net (fo=16, routed)          1.360    18.354    pm_top_mux_inst/theshold_calculator_inst/r_threshold_value0_i_1_n_5
    DSP48_X3Y48          DSP48E1 (Prop_dsp48e1_A[27]_PCOUT[12])
                                                      4.213    22.567 r  pm_top_mux_inst/theshold_calculator_inst/r_threshold_value0/PCOUT[12]
                         net (fo=1, routed)           0.002    22.569    pm_top_mux_inst/theshold_calculator_inst/r_threshold_value0_n_141
    DSP48_X3Y49          DSP48E1                                      r  pm_top_mux_inst/theshold_calculator_inst/r_threshold_value_reg/PCIN[12]
  -------------------------------------------------------------------    -------------------

                         (clock clk_fpga_0 rise edge)
                                                     25.000    25.000 r  
    PS7_X0Y0             PS7                          0.000    25.000 r  comblock_setup_wrapper_inst/comblock_setup_i/processing_system7_0/inst/PS7_i/FCLKCLK[0]
                         net (fo=1, routed)           1.088    26.088    comblock_setup_wrapper_inst/comblock_setup_i/processing_system7_0/inst/FCLK_CLK_unbuffered[0]
    BUFGCTRL_X0Y16       BUFG (Prop_bufg_I_O)         0.091    26.179 r  comblock_setup_wrapper_inst/comblock_setup_i/processing_system7_0/inst/buffer_fclk_clk_0.FCLK_CLK_0_BUFG/O
                         net (fo=31501, routed)       1.855    28.034    pm_top_mux_inst/theshold_calculator_inst/PS_CLOCK0
    DSP48_X3Y49          DSP48E1                                      r  pm_top_mux_inst/theshold_calculator_inst/r_threshold_value_reg/CLK
                         clock pessimism              0.247    28.281    
                         clock uncertainty           -0.377    27.904    
    DSP48_X3Y49          DSP48E1 (Setup_dsp48e1_CLK_PCIN[12])
                                                     -1.400    26.504    pm_top_mux_inst/theshold_calculator_inst/r_threshold_value_reg
  -------------------------------------------------------------------
                         required time                         26.504    
                         arrival time                         -22.569    
  -------------------------------------------------------------------
                         slack                                  3.935    

Slack (MET) :             3.935ns  (required time - arrival time)
  Source:                 pm_top_mux_inst/theshold_calculator_inst/threshold_rom_inst/r_threshold_reg/CLKARDCLK
                            (rising edge-triggered cell RAMB36E1 clocked by clk_fpga_0  {rise@0.000ns fall@12.500ns period=25.000ns})
  Destination:            pm_top_mux_inst/theshold_calculator_inst/r_threshold_value_reg/PCIN[13]
                            (rising edge-triggered cell DSP48E1 clocked by clk_fpga_0  {rise@0.000ns fall@12.500ns period=25.000ns})
  Path Group:             clk_fpga_0
  Path Type:              Setup (Max at Slow Process Corner)
  Requirement:            25.000ns  (clk_fpga_0 rise@25.000ns - clk_fpga_0 rise@0.000ns)
  Data Path Delay:        19.267ns  (logic 14.881ns (77.234%)  route 4.386ns (22.766%))
  Logic Levels:           19  (CARRY4=14 DSP48E1=3 LUT3=1 LUT4=1)
  Clock Path Skew:        -0.021ns (DCD - SCD + CPR)
    Destination Clock Delay (DCD):    3.034ns = ( 28.034 - 25.000 ) 
    Source Clock Delay      (SCD):    3.301ns
    Clock Pessimism Removal (CPR):    0.247ns
  Clock Uncertainty:      0.377ns  ((TSJ^2 + TIJ^2)^1/2 + DJ) / 2 + PE
    Total System Jitter     (TSJ):    0.071ns
    Total Input Jitter      (TIJ):    0.750ns
    Discrete Jitter          (DJ):    0.000ns
    Phase Error              (PE):    0.000ns

    Location             Delay type                Incr(ns)  Path(ns)    Netlist Resource(s)
  -------------------------------------------------------------------    -------------------
                         (clock clk_fpga_0 rise edge)
                                                      0.000     0.000 r  
    PS7_X0Y0             PS7                          0.000     0.000 r  comblock_setup_wrapper_inst/comblock_setup_i/processing_system7_0/inst/PS7_i/FCLKCLK[0]
                         net (fo=1, routed)           1.193     1.193    comblock_setup_wrapper_inst/comblock_setup_i/processing_system7_0/inst/FCLK_CLK_unbuffered[0]
    BUFGCTRL_X0Y16       BUFG (Prop_bufg_I_O)         0.101     1.294 r  comblock_setup_wrapper_inst/comblock_setup_i/processing_system7_0/inst/buffer_fclk_clk_0.FCLK_CLK_0_BUFG/O
                         net (fo=31501, routed)       2.007     3.301    pm_top_mux_inst/theshold_calculator_inst/threshold_rom_inst/PS_CLOCK0
    RAMB36_X4Y26         RAMB36E1                                     r  pm_top_mux_inst/theshold_calculator_inst/threshold_rom_inst/r_threshold_reg/CLKARDCLK
  -------------------------------------------------------------------    -------------------
    RAMB36_X4Y26         RAMB36E1 (Prop_ramb36e1_CLKARDCLK_DOPADOP[0])
                                                      2.454     5.755 r  pm_top_mux_inst/theshold_calculator_inst/threshold_rom_inst/r_threshold_reg/DOPADOP[0]
                         net (fo=1, routed)           1.075     6.831    pm_top_mux_inst/theshold_calculator_inst/threshold_rom_inst_n_56
    DSP48_X3Y54          DSP48E1 (Prop_dsp48e1_A[15]_PCOUT[47])
                                                      4.036    10.867 r  pm_top_mux_inst/theshold_calculator_inst/r_threshold_value1__1/PCOUT[47]
                         net (fo=1, routed)           0.002    10.869    pm_top_mux_inst/theshold_calculator_inst/r_threshold_value1__1_n_106
    DSP48_X3Y55          DSP48E1 (Prop_dsp48e1_PCIN[47]_P[1])
                                                      1.518    12.387 r  pm_top_mux_inst/theshold_calculator_inst/r_threshold_value1__2/P[1]
                         net (fo=3, routed)           1.340    13.727    pm_top_mux_inst/theshold_calculator_inst/r_threshold_value1__2_n_104
    SLICE_X94Y125        LUT3 (Prop_lut3_I1_O)        0.149    13.876 r  pm_top_mux_inst/theshold_calculator_inst/r_threshold_value0__1_i_24/O
                         net (fo=2, routed)           0.607    14.482    pm_top_mux_inst/theshold_calculator_inst/r_threshold_value1_1[0]
    SLICE_X94Y126        LUT4 (Prop_lut4_I3_O)        0.355    14.837 r  pm_top_mux_inst/theshold_calculator_inst/r_threshold_value0__1_i_28/O
                         net (fo=1, routed)           0.000    14.837    pm_top_mux_inst_n_183
    SLICE_X94Y126        CARRY4 (Prop_carry4_S[0]_CO[3])
                                                      0.513    15.350 r  theshold_calculator_inst/r_threshold_value0__1_i_3/CO[3]
                         net (fo=1, routed)           0.000    15.350    theshold_calculator_inst/r_threshold_value0__1_i_3_n_0
    SLICE_X94Y127        CARRY4 (Prop_carry4_CI_CO[3])
                                                      0.117    15.467 r  theshold_calculator_inst/r_threshold_value0__1_i_2/CO[3]
                         net (fo=1, routed)           0.000    15.467    theshold_calculator_inst/r_threshold_value0__1_i_2_n_0
    SLICE_X94Y128        CARRY4 (Prop_carry4_CI_CO[3])
                                                      0.117    15.584 r  theshold_calculator_inst/r_threshold_value0__1_i_1/CO[3]
                         net (fo=1, routed)           0.000    15.584    theshold_calculator_inst/r_threshold_value0__1_i_1_n_0
    SLICE_X94Y129        CARRY4 (Prop_carry4_CI_CO[3])
                                                      0.117    15.701 r  theshold_calculator_inst/r_threshold_value0__0_i_5/CO[3]
                         net (fo=1, routed)           0.000    15.701    theshold_calculator_inst/r_threshold_value0__0_i_5_n_0
    SLICE_X94Y130        CARRY4 (Prop_carry4_CI_CO[3])
                                                      0.117    15.818 r  theshold_calculator_inst/r_threshold_value0__0_i_4/CO[3]
                         net (fo=1, routed)           0.000    15.818    theshold_calculator_inst/r_threshold_value0__0_i_4_n_0
    SLICE_X94Y131        CARRY4 (Prop_carry4_CI_CO[3])
                                                      0.117    15.935 r  theshold_calculator_inst/r_threshold_value0__0_i_3/CO[3]
                         net (fo=1, routed)           0.000    15.935    theshold_calculator_inst/r_threshold_value0__0_i_3_n_0
    SLICE_X94Y132        CARRY4 (Prop_carry4_CI_CO[3])
                                                      0.117    16.052 r  theshold_calculator_inst/r_threshold_value0__0_i_2/CO[3]
                         net (fo=1, routed)           0.000    16.052    theshold_calculator_inst/r_threshold_value0__0_i_2_n_0
    SLICE_X94Y133        CARRY4 (Prop_carry4_CI_CO[3])
                                                      0.117    16.169 r  theshold_calculator_inst/r_threshold_value0__0_i_1/CO[3]
                         net (fo=1, routed)           0.000    16.169    theshold_calculator_inst/r_threshold_value0__0_i_1_n_0
    SLICE_X94Y134        CARRY4 (Prop_carry4_CI_CO[3])
                                                      0.117    16.286 r  theshold_calculator_inst/r_threshold_value0_i_6/CO[3]
                         net (fo=1, routed)           0.000    16.286    theshold_calculator_inst/r_threshold_value0_i_6_n_0
    SLICE_X94Y135        CARRY4 (Prop_carry4_CI_CO[3])
                                                      0.117    16.403 r  theshold_calculator_inst/r_threshold_value0_i_5/CO[3]
                         net (fo=1, routed)           0.000    16.403    theshold_calculator_inst/r_threshold_value0_i_5_n_0
    SLICE_X94Y136        CARRY4 (Prop_carry4_CI_CO[3])
                                                      0.117    16.520 r  theshold_calculator_inst/r_threshold_value0_i_4/CO[3]
                         net (fo=1, routed)           0.000    16.520    theshold_calculator_inst/r_threshold_value0_i_4_n_0
    SLICE_X94Y137        CARRY4 (Prop_carry4_CI_CO[3])
                                                      0.117    16.637 r  theshold_calculator_inst/r_threshold_value0_i_3/CO[3]
                         net (fo=1, routed)           0.000    16.637    theshold_calculator_inst/r_threshold_value0_i_3_n_0
    SLICE_X94Y138        CARRY4 (Prop_carry4_CI_CO[3])
                                                      0.117    16.754 r  theshold_calculator_inst/r_threshold_value0_i_2/CO[3]
                         net (fo=1, routed)           0.000    16.754    pm_top_mux_inst/theshold_calculator_inst/r_threshold_value_reg_0[0]
    SLICE_X94Y139        CARRY4 (Prop_carry4_CI_O[2])
                                                      0.239    16.993 r  pm_top_mux_inst/theshold_calculator_inst/r_threshold_value0_i_1/O[2]
                         net (fo=16, routed)          1.360    18.354    pm_top_mux_inst/theshold_calculator_inst/r_threshold_value0_i_1_n_5
    DSP48_X3Y48          DSP48E1 (Prop_dsp48e1_A[27]_PCOUT[13])
                                                      4.213    22.567 r  pm_top_mux_inst/theshold_calculator_inst/r_threshold_value0/PCOUT[13]
                         net (fo=1, routed)           0.002    22.569    pm_top_mux_inst/theshold_calculator_inst/r_threshold_value0_n_140
    DSP48_X3Y49          DSP48E1                                      r  pm_top_mux_inst/theshold_calculator_inst/r_threshold_value_reg/PCIN[13]
  -------------------------------------------------------------------    -------------------

                         (clock clk_fpga_0 rise edge)
                                                     25.000    25.000 r  
    PS7_X0Y0             PS7                          0.000    25.000 r  comblock_setup_wrapper_inst/comblock_setup_i/processing_system7_0/inst/PS7_i/FCLKCLK[0]
                         net (fo=1, routed)           1.088    26.088    comblock_setup_wrapper_inst/comblock_setup_i/processing_system7_0/inst/FCLK_CLK_unbuffered[0]
    BUFGCTRL_X0Y16       BUFG (Prop_bufg_I_O)         0.091    26.179 r  comblock_setup_wrapper_inst/comblock_setup_i/processing_system7_0/inst/buffer_fclk_clk_0.FCLK_CLK_0_BUFG/O
                         net (fo=31501, routed)       1.855    28.034    pm_top_mux_inst/theshold_calculator_inst/PS_CLOCK0
    DSP48_X3Y49          DSP48E1                                      r  pm_top_mux_inst/theshold_calculator_inst/r_threshold_value_reg/CLK
                         clock pessimism              0.247    28.281    
                         clock uncertainty           -0.377    27.904    
    DSP48_X3Y49          DSP48E1 (Setup_dsp48e1_CLK_PCIN[13])
                                                     -1.400    26.504    pm_top_mux_inst/theshold_calculator_inst/r_threshold_value_reg
  -------------------------------------------------------------------
                         required time                         26.504    
                         arrival time                         -22.569    
  -------------------------------------------------------------------
                         slack                                  3.935    

Slack (MET) :             3.935ns  (required time - arrival time)
  Source:                 pm_top_mux_inst/theshold_calculator_inst/threshold_rom_inst/r_threshold_reg/CLKARDCLK
                            (rising edge-triggered cell RAMB36E1 clocked by clk_fpga_0  {rise@0.000ns fall@12.500ns period=25.000ns})
  Destination:            pm_top_mux_inst/theshold_calculator_inst/r_threshold_value_reg/PCIN[14]
                            (rising edge-triggered cell DSP48E1 clocked by clk_fpga_0  {rise@0.000ns fall@12.500ns period=25.000ns})
  Path Group:             clk_fpga_0
  Path Type:              Setup (Max at Slow Process Corner)
  Requirement:            25.000ns  (clk_fpga_0 rise@25.000ns - clk_fpga_0 rise@0.000ns)
  Data Path Delay:        19.267ns  (logic 14.881ns (77.234%)  route 4.386ns (22.766%))
  Logic Levels:           19  (CARRY4=14 DSP48E1=3 LUT3=1 LUT4=1)
  Clock Path Skew:        -0.021ns (DCD - SCD + CPR)
    Destination Clock Delay (DCD):    3.034ns = ( 28.034 - 25.000 ) 
    Source Clock Delay      (SCD):    3.301ns
    Clock Pessimism Removal (CPR):    0.247ns
  Clock Uncertainty:      0.377ns  ((TSJ^2 + TIJ^2)^1/2 + DJ) / 2 + PE
    Total System Jitter     (TSJ):    0.071ns
    Total Input Jitter      (TIJ):    0.750ns
    Discrete Jitter          (DJ):    0.000ns
    Phase Error              (PE):    0.000ns

    Location             Delay type                Incr(ns)  Path(ns)    Netlist Resource(s)
  -------------------------------------------------------------------    -------------------
                         (clock clk_fpga_0 rise edge)
                                                      0.000     0.000 r  
    PS7_X0Y0             PS7                          0.000     0.000 r  comblock_setup_wrapper_inst/comblock_setup_i/processing_system7_0/inst/PS7_i/FCLKCLK[0]
                         net (fo=1, routed)           1.193     1.193    comblock_setup_wrapper_inst/comblock_setup_i/processing_system7_0/inst/FCLK_CLK_unbuffered[0]
    BUFGCTRL_X0Y16       BUFG (Prop_bufg_I_O)         0.101     1.294 r  comblock_setup_wrapper_inst/comblock_setup_i/processing_system7_0/inst/buffer_fclk_clk_0.FCLK_CLK_0_BUFG/O
                         net (fo=31501, routed)       2.007     3.301    pm_top_mux_inst/theshold_calculator_inst/threshold_rom_inst/PS_CLOCK0
    RAMB36_X4Y26         RAMB36E1                                     r  pm_top_mux_inst/theshold_calculator_inst/threshold_rom_inst/r_threshold_reg/CLKARDCLK
  -------------------------------------------------------------------    -------------------
    RAMB36_X4Y26         RAMB36E1 (Prop_ramb36e1_CLKARDCLK_DOPADOP[0])
                                                      2.454     5.755 r  pm_top_mux_inst/theshold_calculator_inst/threshold_rom_inst/r_threshold_reg/DOPADOP[0]
                         net (fo=1, routed)           1.075     6.831    pm_top_mux_inst/theshold_calculator_inst/threshold_rom_inst_n_56
    DSP48_X3Y54          DSP48E1 (Prop_dsp48e1_A[15]_PCOUT[47])
                                                      4.036    10.867 r  pm_top_mux_inst/theshold_calculator_inst/r_threshold_value1__1/PCOUT[47]
                         net (fo=1, routed)           0.002    10.869    pm_top_mux_inst/theshold_calculator_inst/r_threshold_value1__1_n_106
    DSP48_X3Y55          DSP48E1 (Prop_dsp48e1_PCIN[47]_P[1])
                                                      1.518    12.387 r  pm_top_mux_inst/theshold_calculator_inst/r_threshold_value1__2/P[1]
                         net (fo=3, routed)           1.340    13.727    pm_top_mux_inst/theshold_calculator_inst/r_threshold_value1__2_n_104
    SLICE_X94Y125        LUT3 (Prop_lut3_I1_O)        0.149    13.876 r  pm_top_mux_inst/theshold_calculator_inst/r_threshold_value0__1_i_24/O
                         net (fo=2, routed)           0.607    14.482    pm_top_mux_inst/theshold_calculator_inst/r_threshold_value1_1[0]
    SLICE_X94Y126        LUT4 (Prop_lut4_I3_O)        0.355    14.837 r  pm_top_mux_inst/theshold_calculator_inst/r_threshold_value0__1_i_28/O
                         net (fo=1, routed)           0.000    14.837    pm_top_mux_inst_n_183
    SLICE_X94Y126        CARRY4 (Prop_carry4_S[0]_CO[3])
                                                      0.513    15.350 r  theshold_calculator_inst/r_threshold_value0__1_i_3/CO[3]
                         net (fo=1, routed)           0.000    15.350    theshold_calculator_inst/r_threshold_value0__1_i_3_n_0
    SLICE_X94Y127        CARRY4 (Prop_carry4_CI_CO[3])
                                                      0.117    15.467 r  theshold_calculator_inst/r_threshold_value0__1_i_2/CO[3]
                         net (fo=1, routed)           0.000    15.467    theshold_calculator_inst/r_threshold_value0__1_i_2_n_0
    SLICE_X94Y128        CARRY4 (Prop_carry4_CI_CO[3])
                                                      0.117    15.584 r  theshold_calculator_inst/r_threshold_value0__1_i_1/CO[3]
                         net (fo=1, routed)           0.000    15.584    theshold_calculator_inst/r_threshold_value0__1_i_1_n_0
    SLICE_X94Y129        CARRY4 (Prop_carry4_CI_CO[3])
                                                      0.117    15.701 r  theshold_calculator_inst/r_threshold_value0__0_i_5/CO[3]
                         net (fo=1, routed)           0.000    15.701    theshold_calculator_inst/r_threshold_value0__0_i_5_n_0
    SLICE_X94Y130        CARRY4 (Prop_carry4_CI_CO[3])
                                                      0.117    15.818 r  theshold_calculator_inst/r_threshold_value0__0_i_4/CO[3]
                         net (fo=1, routed)           0.000    15.818    theshold_calculator_inst/r_threshold_value0__0_i_4_n_0
    SLICE_X94Y131        CARRY4 (Prop_carry4_CI_CO[3])
                                                      0.117    15.935 r  theshold_calculator_inst/r_threshold_value0__0_i_3/CO[3]
                         net (fo=1, routed)           0.000    15.935    theshold_calculator_inst/r_threshold_value0__0_i_3_n_0
    SLICE_X94Y132        CARRY4 (Prop_carry4_CI_CO[3])
                                                      0.117    16.052 r  theshold_calculator_inst/r_threshold_value0__0_i_2/CO[3]
                         net (fo=1, routed)           0.000    16.052    theshold_calculator_inst/r_threshold_value0__0_i_2_n_0
    SLICE_X94Y133        CARRY4 (Prop_carry4_CI_CO[3])
                                                      0.117    16.169 r  theshold_calculator_inst/r_threshold_value0__0_i_1/CO[3]
                         net (fo=1, routed)           0.000    16.169    theshold_calculator_inst/r_threshold_value0__0_i_1_n_0
    SLICE_X94Y134        CARRY4 (Prop_carry4_CI_CO[3])
                                                      0.117    16.286 r  theshold_calculator_inst/r_threshold_value0_i_6/CO[3]
                         net (fo=1, routed)           0.000    16.286    theshold_calculator_inst/r_threshold_value0_i_6_n_0
    SLICE_X94Y135        CARRY4 (Prop_carry4_CI_CO[3])
                                                      0.117    16.403 r  theshold_calculator_inst/r_threshold_value0_i_5/CO[3]
                         net (fo=1, routed)           0.000    16.403    theshold_calculator_inst/r_threshold_value0_i_5_n_0
    SLICE_X94Y136        CARRY4 (Prop_carry4_CI_CO[3])
                                                      0.117    16.520 r  theshold_calculator_inst/r_threshold_value0_i_4/CO[3]
                         net (fo=1, routed)           0.000    16.520    theshold_calculator_inst/r_threshold_value0_i_4_n_0
    SLICE_X94Y137        CARRY4 (Prop_carry4_CI_CO[3])
                                                      0.117    16.637 r  theshold_calculator_inst/r_threshold_value0_i_3/CO[3]
                         net (fo=1, routed)           0.000    16.637    theshold_calculator_inst/r_threshold_value0_i_3_n_0
    SLICE_X94Y138        CARRY4 (Prop_carry4_CI_CO[3])
                                                      0.117    16.754 r  theshold_calculator_inst/r_threshold_value0_i_2/CO[3]
                         net (fo=1, routed)           0.000    16.754    pm_top_mux_inst/theshold_calculator_inst/r_threshold_value_reg_0[0]
    SLICE_X94Y139        CARRY4 (Prop_carry4_CI_O[2])
                                                      0.239    16.993 r  pm_top_mux_inst/theshold_calculator_inst/r_threshold_value0_i_1/O[2]
                         net (fo=16, routed)          1.360    18.354    pm_top_mux_inst/theshold_calculator_inst/r_threshold_value0_i_1_n_5
    DSP48_X3Y48          DSP48E1 (Prop_dsp48e1_A[27]_PCOUT[14])
                                                      4.213    22.567 r  pm_top_mux_inst/theshold_calculator_inst/r_threshold_value0/PCOUT[14]
                         net (fo=1, routed)           0.002    22.569    pm_top_mux_inst/theshold_calculator_inst/r_threshold_value0_n_139
    DSP48_X3Y49          DSP48E1                                      r  pm_top_mux_inst/theshold_calculator_inst/r_threshold_value_reg/PCIN[14]
  -------------------------------------------------------------------    -------------------

                         (clock clk_fpga_0 rise edge)
                                                     25.000    25.000 r  
    PS7_X0Y0             PS7                          0.000    25.000 r  comblock_setup_wrapper_inst/comblock_setup_i/processing_system7_0/inst/PS7_i/FCLKCLK[0]
                         net (fo=1, routed)           1.088    26.088    comblock_setup_wrapper_inst/comblock_setup_i/processing_system7_0/inst/FCLK_CLK_unbuffered[0]
    BUFGCTRL_X0Y16       BUFG (Prop_bufg_I_O)         0.091    26.179 r  comblock_setup_wrapper_inst/comblock_setup_i/processing_system7_0/inst/buffer_fclk_clk_0.FCLK_CLK_0_BUFG/O
                         net (fo=31501, routed)       1.855    28.034    pm_top_mux_inst/theshold_calculator_inst/PS_CLOCK0
    DSP48_X3Y49          DSP48E1                                      r  pm_top_mux_inst/theshold_calculator_inst/r_threshold_value_reg/CLK
                         clock pessimism              0.247    28.281    
                         clock uncertainty           -0.377    27.904    
    DSP48_X3Y49          DSP48E1 (Setup_dsp48e1_CLK_PCIN[14])
                                                     -1.400    26.504    pm_top_mux_inst/theshold_calculator_inst/r_threshold_value_reg
  -------------------------------------------------------------------
                         required time                         26.504    
                         arrival time                         -22.569    
  -------------------------------------------------------------------
                         slack                                  3.935    

Slack (MET) :             3.935ns  (required time - arrival time)
  Source:                 pm_top_mux_inst/theshold_calculator_inst/threshold_rom_inst/r_threshold_reg/CLKARDCLK
                            (rising edge-triggered cell RAMB36E1 clocked by clk_fpga_0  {rise@0.000ns fall@12.500ns period=25.000ns})
  Destination:            pm_top_mux_inst/theshold_calculator_inst/r_threshold_value_reg/PCIN[15]
                            (rising edge-triggered cell DSP48E1 clocked by clk_fpga_0  {rise@0.000ns fall@12.500ns period=25.000ns})
  Path Group:             clk_fpga_0
  Path Type:              Setup (Max at Slow Process Corner)
  Requirement:            25.000ns  (clk_fpga_0 rise@25.000ns - clk_fpga_0 rise@0.000ns)
  Data Path Delay:        19.267ns  (logic 14.881ns (77.234%)  route 4.386ns (22.766%))
  Logic Levels:           19  (CARRY4=14 DSP48E1=3 LUT3=1 LUT4=1)
  Clock Path Skew:        -0.021ns (DCD - SCD + CPR)
    Destination Clock Delay (DCD):    3.034ns = ( 28.034 - 25.000 ) 
    Source Clock Delay      (SCD):    3.301ns
    Clock Pessimism Removal (CPR):    0.247ns
  Clock Uncertainty:      0.377ns  ((TSJ^2 + TIJ^2)^1/2 + DJ) / 2 + PE
    Total System Jitter     (TSJ):    0.071ns
    Total Input Jitter      (TIJ):    0.750ns
    Discrete Jitter          (DJ):    0.000ns
    Phase Error              (PE):    0.000ns

    Location             Delay type                Incr(ns)  Path(ns)    Netlist Resource(s)
  -------------------------------------------------------------------    -------------------
                         (clock clk_fpga_0 rise edge)
                                                      0.000     0.000 r  
    PS7_X0Y0             PS7                          0.000     0.000 r  comblock_setup_wrapper_inst/comblock_setup_i/processing_system7_0/inst/PS7_i/FCLKCLK[0]
                         net (fo=1, routed)           1.193     1.193    comblock_setup_wrapper_inst/comblock_setup_i/processing_system7_0/inst/FCLK_CLK_unbuffered[0]
    BUFGCTRL_X0Y16       BUFG (Prop_bufg_I_O)         0.101     1.294 r  comblock_setup_wrapper_inst/comblock_setup_i/processing_system7_0/inst/buffer_fclk_clk_0.FCLK_CLK_0_BUFG/O
                         net (fo=31501, routed)       2.007     3.301    pm_top_mux_inst/theshold_calculator_inst/threshold_rom_inst/PS_CLOCK0
    RAMB36_X4Y26         RAMB36E1                                     r  pm_top_mux_inst/theshold_calculator_inst/threshold_rom_inst/r_threshold_reg/CLKARDCLK
  -------------------------------------------------------------------    -------------------
    RAMB36_X4Y26         RAMB36E1 (Prop_ramb36e1_CLKARDCLK_DOPADOP[0])
                                                      2.454     5.755 r  pm_top_mux_inst/theshold_calculator_inst/threshold_rom_inst/r_threshold_reg/DOPADOP[0]
                         net (fo=1, routed)           1.075     6.831    pm_top_mux_inst/theshold_calculator_inst/threshold_rom_inst_n_56
    DSP48_X3Y54          DSP48E1 (Prop_dsp48e1_A[15]_PCOUT[47])
                                                      4.036    10.867 r  pm_top_mux_inst/theshold_calculator_inst/r_threshold_value1__1/PCOUT[47]
                         net (fo=1, routed)           0.002    10.869    pm_top_mux_inst/theshold_calculator_inst/r_threshold_value1__1_n_106
    DSP48_X3Y55          DSP48E1 (Prop_dsp48e1_PCIN[47]_P[1])
                                                      1.518    12.387 r  pm_top_mux_inst/theshold_calculator_inst/r_threshold_value1__2/P[1]
                         net (fo=3, routed)           1.340    13.727    pm_top_mux_inst/theshold_calculator_inst/r_threshold_value1__2_n_104
    SLICE_X94Y125        LUT3 (Prop_lut3_I1_O)        0.149    13.876 r  pm_top_mux_inst/theshold_calculator_inst/r_threshold_value0__1_i_24/O
                         net (fo=2, routed)           0.607    14.482    pm_top_mux_inst/theshold_calculator_inst/r_threshold_value1_1[0]
    SLICE_X94Y126        LUT4 (Prop_lut4_I3_O)        0.355    14.837 r  pm_top_mux_inst/theshold_calculator_inst/r_threshold_value0__1_i_28/O
                         net (fo=1, routed)           0.000    14.837    pm_top_mux_inst_n_183
    SLICE_X94Y126        CARRY4 (Prop_carry4_S[0]_CO[3])
                                                      0.513    15.350 r  theshold_calculator_inst/r_threshold_value0__1_i_3/CO[3]
                         net (fo=1, routed)           0.000    15.350    theshold_calculator_inst/r_threshold_value0__1_i_3_n_0
    SLICE_X94Y127        CARRY4 (Prop_carry4_CI_CO[3])
                                                      0.117    15.467 r  theshold_calculator_inst/r_threshold_value0__1_i_2/CO[3]
                         net (fo=1, routed)           0.000    15.467    theshold_calculator_inst/r_threshold_value0__1_i_2_n_0
    SLICE_X94Y128        CARRY4 (Prop_carry4_CI_CO[3])
                                                      0.117    15.584 r  theshold_calculator_inst/r_threshold_value0__1_i_1/CO[3]
                         net (fo=1, routed)           0.000    15.584    theshold_calculator_inst/r_threshold_value0__1_i_1_n_0
    SLICE_X94Y129        CARRY4 (Prop_carry4_CI_CO[3])
                                                      0.117    15.701 r  theshold_calculator_inst/r_threshold_value0__0_i_5/CO[3]
                         net (fo=1, routed)           0.000    15.701    theshold_calculator_inst/r_threshold_value0__0_i_5_n_0
    SLICE_X94Y130        CARRY4 (Prop_carry4_CI_CO[3])
                                                      0.117    15.818 r  theshold_calculator_inst/r_threshold_value0__0_i_4/CO[3]
                         net (fo=1, routed)           0.000    15.818    theshold_calculator_inst/r_threshold_value0__0_i_4_n_0
    SLICE_X94Y131        CARRY4 (Prop_carry4_CI_CO[3])
                                                      0.117    15.935 r  theshold_calculator_inst/r_threshold_value0__0_i_3/CO[3]
                         net (fo=1, routed)           0.000    15.935    theshold_calculator_inst/r_threshold_value0__0_i_3_n_0
    SLICE_X94Y132        CARRY4 (Prop_carry4_CI_CO[3])
                                                      0.117    16.052 r  theshold_calculator_inst/r_threshold_value0__0_i_2/CO[3]
                         net (fo=1, routed)           0.000    16.052    theshold_calculator_inst/r_threshold_value0__0_i_2_n_0
    SLICE_X94Y133        CARRY4 (Prop_carry4_CI_CO[3])
                                                      0.117    16.169 r  theshold_calculator_inst/r_threshold_value0__0_i_1/CO[3]
                         net (fo=1, routed)           0.000    16.169    theshold_calculator_inst/r_threshold_value0__0_i_1_n_0
    SLICE_X94Y134        CARRY4 (Prop_carry4_CI_CO[3])
                                                      0.117    16.286 r  theshold_calculator_inst/r_threshold_value0_i_6/CO[3]
                         net (fo=1, routed)           0.000    16.286    theshold_calculator_inst/r_threshold_value0_i_6_n_0
    SLICE_X94Y135        CARRY4 (Prop_carry4_CI_CO[3])
                                                      0.117    16.403 r  theshold_calculator_inst/r_threshold_value0_i_5/CO[3]
                         net (fo=1, routed)           0.000    16.403    theshold_calculator_inst/r_threshold_value0_i_5_n_0
    SLICE_X94Y136        CARRY4 (Prop_carry4_CI_CO[3])
                                                      0.117    16.520 r  theshold_calculator_inst/r_threshold_value0_i_4/CO[3]
                         net (fo=1, routed)           0.000    16.520    theshold_calculator_inst/r_threshold_value0_i_4_n_0
    SLICE_X94Y137        CARRY4 (Prop_carry4_CI_CO[3])
                                                      0.117    16.637 r  theshold_calculator_inst/r_threshold_value0_i_3/CO[3]
                         net (fo=1, routed)           0.000    16.637    theshold_calculator_inst/r_threshold_value0_i_3_n_0
    SLICE_X94Y138        CARRY4 (Prop_carry4_CI_CO[3])
                                                      0.117    16.754 r  theshold_calculator_inst/r_threshold_value0_i_2/CO[3]
                         net (fo=1, routed)           0.000    16.754    pm_top_mux_inst/theshold_calculator_inst/r_threshold_value_reg_0[0]
    SLICE_X94Y139        CARRY4 (Prop_carry4_CI_O[2])
                                                      0.239    16.993 r  pm_top_mux_inst/theshold_calculator_inst/r_threshold_value0_i_1/O[2]
                         net (fo=16, routed)          1.360    18.354    pm_top_mux_inst/theshold_calculator_inst/r_threshold_value0_i_1_n_5
    DSP48_X3Y48          DSP48E1 (Prop_dsp48e1_A[27]_PCOUT[15])
                                                      4.213    22.567 r  pm_top_mux_inst/theshold_calculator_inst/r_threshold_value0/PCOUT[15]
                         net (fo=1, routed)           0.002    22.569    pm_top_mux_inst/theshold_calculator_inst/r_threshold_value0_n_138
    DSP48_X3Y49          DSP48E1                                      r  pm_top_mux_inst/theshold_calculator_inst/r_threshold_value_reg/PCIN[15]
  -------------------------------------------------------------------    -------------------

                         (clock clk_fpga_0 rise edge)
                                                     25.000    25.000 r  
    PS7_X0Y0             PS7                          0.000    25.000 r  comblock_setup_wrapper_inst/comblock_setup_i/processing_system7_0/inst/PS7_i/FCLKCLK[0]
                         net (fo=1, routed)           1.088    26.088    comblock_setup_wrapper_inst/comblock_setup_i/processing_system7_0/inst/FCLK_CLK_unbuffered[0]
    BUFGCTRL_X0Y16       BUFG (Prop_bufg_I_O)         0.091    26.179 r  comblock_setup_wrapper_inst/comblock_setup_i/processing_system7_0/inst/buffer_fclk_clk_0.FCLK_CLK_0_BUFG/O
                         net (fo=31501, routed)       1.855    28.034    pm_top_mux_inst/theshold_calculator_inst/PS_CLOCK0
    DSP48_X3Y49          DSP48E1                                      r  pm_top_mux_inst/theshold_calculator_inst/r_threshold_value_reg/CLK
                         clock pessimism              0.247    28.281    
                         clock uncertainty           -0.377    27.904    
    DSP48_X3Y49          DSP48E1 (Setup_dsp48e1_CLK_PCIN[15])
                                                     -1.400    26.504    pm_top_mux_inst/theshold_calculator_inst/r_threshold_value_reg
  -------------------------------------------------------------------
                         required time                         26.504    
                         arrival time                         -22.569    
  -------------------------------------------------------------------
                         slack                                  3.935    

Slack (MET) :             3.935ns  (required time - arrival time)
  Source:                 pm_top_mux_inst/theshold_calculator_inst/threshold_rom_inst/r_threshold_reg/CLKARDCLK
                            (rising edge-triggered cell RAMB36E1 clocked by clk_fpga_0  {rise@0.000ns fall@12.500ns period=25.000ns})
  Destination:            pm_top_mux_inst/theshold_calculator_inst/r_threshold_value_reg/PCIN[16]
                            (rising edge-triggered cell DSP48E1 clocked by clk_fpga_0  {rise@0.000ns fall@12.500ns period=25.000ns})
  Path Group:             clk_fpga_0
  Path Type:              Setup (Max at Slow Process Corner)
  Requirement:            25.000ns  (clk_fpga_0 rise@25.000ns - clk_fpga_0 rise@0.000ns)
  Data Path Delay:        19.267ns  (logic 14.881ns (77.234%)  route 4.386ns (22.766%))
  Logic Levels:           19  (CARRY4=14 DSP48E1=3 LUT3=1 LUT4=1)
  Clock Path Skew:        -0.021ns (DCD - SCD + CPR)
    Destination Clock Delay (DCD):    3.034ns = ( 28.034 - 25.000 ) 
    Source Clock Delay      (SCD):    3.301ns
    Clock Pessimism Removal (CPR):    0.247ns
  Clock Uncertainty:      0.377ns  ((TSJ^2 + TIJ^2)^1/2 + DJ) / 2 + PE
    Total System Jitter     (TSJ):    0.071ns
    Total Input Jitter      (TIJ):    0.750ns
    Discrete Jitter          (DJ):    0.000ns
    Phase Error              (PE):    0.000ns

    Location             Delay type                Incr(ns)  Path(ns)    Netlist Resource(s)
  -------------------------------------------------------------------    -------------------
                         (clock clk_fpga_0 rise edge)
                                                      0.000     0.000 r  
    PS7_X0Y0             PS7                          0.000     0.000 r  comblock_setup_wrapper_inst/comblock_setup_i/processing_system7_0/inst/PS7_i/FCLKCLK[0]
                         net (fo=1, routed)           1.193     1.193    comblock_setup_wrapper_inst/comblock_setup_i/processing_system7_0/inst/FCLK_CLK_unbuffered[0]
    BUFGCTRL_X0Y16       BUFG (Prop_bufg_I_O)         0.101     1.294 r  comblock_setup_wrapper_inst/comblock_setup_i/processing_system7_0/inst/buffer_fclk_clk_0.FCLK_CLK_0_BUFG/O
                         net (fo=31501, routed)       2.007     3.301    pm_top_mux_inst/theshold_calculator_inst/threshold_rom_inst/PS_CLOCK0
    RAMB36_X4Y26         RAMB36E1                                     r  pm_top_mux_inst/theshold_calculator_inst/threshold_rom_inst/r_threshold_reg/CLKARDCLK
  -------------------------------------------------------------------    -------------------
    RAMB36_X4Y26         RAMB36E1 (Prop_ramb36e1_CLKARDCLK_DOPADOP[0])
                                                      2.454     5.755 r  pm_top_mux_inst/theshold_calculator_inst/threshold_rom_inst/r_threshold_reg/DOPADOP[0]
                         net (fo=1, routed)           1.075     6.831    pm_top_mux_inst/theshold_calculator_inst/threshold_rom_inst_n_56
    DSP48_X3Y54          DSP48E1 (Prop_dsp48e1_A[15]_PCOUT[47])
                                                      4.036    10.867 r  pm_top_mux_inst/theshold_calculator_inst/r_threshold_value1__1/PCOUT[47]
                         net (fo=1, routed)           0.002    10.869    pm_top_mux_inst/theshold_calculator_inst/r_threshold_value1__1_n_106
    DSP48_X3Y55          DSP48E1 (Prop_dsp48e1_PCIN[47]_P[1])
                                                      1.518    12.387 r  pm_top_mux_inst/theshold_calculator_inst/r_threshold_value1__2/P[1]
                         net (fo=3, routed)           1.340    13.727    pm_top_mux_inst/theshold_calculator_inst/r_threshold_value1__2_n_104
    SLICE_X94Y125        LUT3 (Prop_lut3_I1_O)        0.149    13.876 r  pm_top_mux_inst/theshold_calculator_inst/r_threshold_value0__1_i_24/O
                         net (fo=2, routed)           0.607    14.482    pm_top_mux_inst/theshold_calculator_inst/r_threshold_value1_1[0]
    SLICE_X94Y126        LUT4 (Prop_lut4_I3_O)        0.355    14.837 r  pm_top_mux_inst/theshold_calculator_inst/r_threshold_value0__1_i_28/O
                         net (fo=1, routed)           0.000    14.837    pm_top_mux_inst_n_183
    SLICE_X94Y126        CARRY4 (Prop_carry4_S[0]_CO[3])
                                                      0.513    15.350 r  theshold_calculator_inst/r_threshold_value0__1_i_3/CO[3]
                         net (fo=1, routed)           0.000    15.350    theshold_calculator_inst/r_threshold_value0__1_i_3_n_0
    SLICE_X94Y127        CARRY4 (Prop_carry4_CI_CO[3])
                                                      0.117    15.467 r  theshold_calculator_inst/r_threshold_value0__1_i_2/CO[3]
                         net (fo=1, routed)           0.000    15.467    theshold_calculator_inst/r_threshold_value0__1_i_2_n_0
    SLICE_X94Y128        CARRY4 (Prop_carry4_CI_CO[3])
                                                      0.117    15.584 r  theshold_calculator_inst/r_threshold_value0__1_i_1/CO[3]
                         net (fo=1, routed)           0.000    15.584    theshold_calculator_inst/r_threshold_value0__1_i_1_n_0
    SLICE_X94Y129        CARRY4 (Prop_carry4_CI_CO[3])
                                                      0.117    15.701 r  theshold_calculator_inst/r_threshold_value0__0_i_5/CO[3]
                         net (fo=1, routed)           0.000    15.701    theshold_calculator_inst/r_threshold_value0__0_i_5_n_0
    SLICE_X94Y130        CARRY4 (Prop_carry4_CI_CO[3])
                                                      0.117    15.818 r  theshold_calculator_inst/r_threshold_value0__0_i_4/CO[3]
                         net (fo=1, routed)           0.000    15.818    theshold_calculator_inst/r_threshold_value0__0_i_4_n_0
    SLICE_X94Y131        CARRY4 (Prop_carry4_CI_CO[3])
                                                      0.117    15.935 r  theshold_calculator_inst/r_threshold_value0__0_i_3/CO[3]
                         net (fo=1, routed)           0.000    15.935    theshold_calculator_inst/r_threshold_value0__0_i_3_n_0
    SLICE_X94Y132        CARRY4 (Prop_carry4_CI_CO[3])
                                                      0.117    16.052 r  theshold_calculator_inst/r_threshold_value0__0_i_2/CO[3]
                         net (fo=1, routed)           0.000    16.052    theshold_calculator_inst/r_threshold_value0__0_i_2_n_0
    SLICE_X94Y133        CARRY4 (Prop_carry4_CI_CO[3])
                                                      0.117    16.169 r  theshold_calculator_inst/r_threshold_value0__0_i_1/CO[3]
                         net (fo=1, routed)           0.000    16.169    theshold_calculator_inst/r_threshold_value0__0_i_1_n_0
    SLICE_X94Y134        CARRY4 (Prop_carry4_CI_CO[3])
                                                      0.117    16.286 r  theshold_calculator_inst/r_threshold_value0_i_6/CO[3]
                         net (fo=1, routed)           0.000    16.286    theshold_calculator_inst/r_threshold_value0_i_6_n_0
    SLICE_X94Y135        CARRY4 (Prop_carry4_CI_CO[3])
                                                      0.117    16.403 r  theshold_calculator_inst/r_threshold_value0_i_5/CO[3]
                         net (fo=1, routed)           0.000    16.403    theshold_calculator_inst/r_threshold_value0_i_5_n_0
    SLICE_X94Y136        CARRY4 (Prop_carry4_CI_CO[3])
                                                      0.117    16.520 r  theshold_calculator_inst/r_threshold_value0_i_4/CO[3]
                         net (fo=1, routed)           0.000    16.520    theshold_calculator_inst/r_threshold_value0_i_4_n_0
    SLICE_X94Y137        CARRY4 (Prop_carry4_CI_CO[3])
                                                      0.117    16.637 r  theshold_calculator_inst/r_threshold_value0_i_3/CO[3]
                         net (fo=1, routed)           0.000    16.637    theshold_calculator_inst/r_threshold_value0_i_3_n_0
    SLICE_X94Y138        CARRY4 (Prop_carry4_CI_CO[3])
                                                      0.117    16.754 r  theshold_calculator_inst/r_threshold_value0_i_2/CO[3]
                         net (fo=1, routed)           0.000    16.754    pm_top_mux_inst/theshold_calculator_inst/r_threshold_value_reg_0[0]
    SLICE_X94Y139        CARRY4 (Prop_carry4_CI_O[2])
                                                      0.239    16.993 r  pm_top_mux_inst/theshold_calculator_inst/r_threshold_value0_i_1/O[2]
                         net (fo=16, routed)          1.360    18.354    pm_top_mux_inst/theshold_calculator_inst/r_threshold_value0_i_1_n_5
    DSP48_X3Y48          DSP48E1 (Prop_dsp48e1_A[27]_PCOUT[16])
                                                      4.213    22.567 r  pm_top_mux_inst/theshold_calculator_inst/r_threshold_value0/PCOUT[16]
                         net (fo=1, routed)           0.002    22.569    pm_top_mux_inst/theshold_calculator_inst/r_threshold_value0_n_137
    DSP48_X3Y49          DSP48E1                                      r  pm_top_mux_inst/theshold_calculator_inst/r_threshold_value_reg/PCIN[16]
  -------------------------------------------------------------------    -------------------

                         (clock clk_fpga_0 rise edge)
                                                     25.000    25.000 r  
    PS7_X0Y0             PS7                          0.000    25.000 r  comblock_setup_wrapper_inst/comblock_setup_i/processing_system7_0/inst/PS7_i/FCLKCLK[0]
                         net (fo=1, routed)           1.088    26.088    comblock_setup_wrapper_inst/comblock_setup_i/processing_system7_0/inst/FCLK_CLK_unbuffered[0]
    BUFGCTRL_X0Y16       BUFG (Prop_bufg_I_O)         0.091    26.179 r  comblock_setup_wrapper_inst/comblock_setup_i/processing_system7_0/inst/buffer_fclk_clk_0.FCLK_CLK_0_BUFG/O
                         net (fo=31501, routed)       1.855    28.034    pm_top_mux_inst/theshold_calculator_inst/PS_CLOCK0
    DSP48_X3Y49          DSP48E1                                      r  pm_top_mux_inst/theshold_calculator_inst/r_threshold_value_reg/CLK
                         clock pessimism              0.247    28.281    
                         clock uncertainty           -0.377    27.904    
    DSP48_X3Y49          DSP48E1 (Setup_dsp48e1_CLK_PCIN[16])
                                                     -1.400    26.504    pm_top_mux_inst/theshold_calculator_inst/r_threshold_value_reg
  -------------------------------------------------------------------
                         required time                         26.504    
                         arrival time                         -22.569    
  -------------------------------------------------------------------
                         slack                                  3.935    

Slack (MET) :             3.935ns  (required time - arrival time)
  Source:                 pm_top_mux_inst/theshold_calculator_inst/threshold_rom_inst/r_threshold_reg/CLKARDCLK
                            (rising edge-triggered cell RAMB36E1 clocked by clk_fpga_0  {rise@0.000ns fall@12.500ns period=25.000ns})
  Destination:            pm_top_mux_inst/theshold_calculator_inst/r_threshold_value_reg/PCIN[17]
                            (rising edge-triggered cell DSP48E1 clocked by clk_fpga_0  {rise@0.000ns fall@12.500ns period=25.000ns})
  Path Group:             clk_fpga_0
  Path Type:              Setup (Max at Slow Process Corner)
  Requirement:            25.000ns  (clk_fpga_0 rise@25.000ns - clk_fpga_0 rise@0.000ns)
  Data Path Delay:        19.267ns  (logic 14.881ns (77.234%)  route 4.386ns (22.766%))
  Logic Levels:           19  (CARRY4=14 DSP48E1=3 LUT3=1 LUT4=1)
  Clock Path Skew:        -0.021ns (DCD - SCD + CPR)
    Destination Clock Delay (DCD):    3.034ns = ( 28.034 - 25.000 ) 
    Source Clock Delay      (SCD):    3.301ns
    Clock Pessimism Removal (CPR):    0.247ns
  Clock Uncertainty:      0.377ns  ((TSJ^2 + TIJ^2)^1/2 + DJ) / 2 + PE
    Total System Jitter     (TSJ):    0.071ns
    Total Input Jitter      (TIJ):    0.750ns
    Discrete Jitter          (DJ):    0.000ns
    Phase Error              (PE):    0.000ns

    Location             Delay type                Incr(ns)  Path(ns)    Netlist Resource(s)
  -------------------------------------------------------------------    -------------------
                         (clock clk_fpga_0 rise edge)
                                                      0.000     0.000 r  
    PS7_X0Y0             PS7                          0.000     0.000 r  comblock_setup_wrapper_inst/comblock_setup_i/processing_system7_0/inst/PS7_i/FCLKCLK[0]
                         net (fo=1, routed)           1.193     1.193    comblock_setup_wrapper_inst/comblock_setup_i/processing_system7_0/inst/FCLK_CLK_unbuffered[0]
    BUFGCTRL_X0Y16       BUFG (Prop_bufg_I_O)         0.101     1.294 r  comblock_setup_wrapper_inst/comblock_setup_i/processing_system7_0/inst/buffer_fclk_clk_0.FCLK_CLK_0_BUFG/O
                         net (fo=31501, routed)       2.007     3.301    pm_top_mux_inst/theshold_calculator_inst/threshold_rom_inst/PS_CLOCK0
    RAMB36_X4Y26         RAMB36E1                                     r  pm_top_mux_inst/theshold_calculator_inst/threshold_rom_inst/r_threshold_reg/CLKARDCLK
  -------------------------------------------------------------------    -------------------
    RAMB36_X4Y26         RAMB36E1 (Prop_ramb36e1_CLKARDCLK_DOPADOP[0])
                                                      2.454     5.755 r  pm_top_mux_inst/theshold_calculator_inst/threshold_rom_inst/r_threshold_reg/DOPADOP[0]
                         net (fo=1, routed)           1.075     6.831    pm_top_mux_inst/theshold_calculator_inst/threshold_rom_inst_n_56
    DSP48_X3Y54          DSP48E1 (Prop_dsp48e1_A[15]_PCOUT[47])
                                                      4.036    10.867 r  pm_top_mux_inst/theshold_calculator_inst/r_threshold_value1__1/PCOUT[47]
                         net (fo=1, routed)           0.002    10.869    pm_top_mux_inst/theshold_calculator_inst/r_threshold_value1__1_n_106
    DSP48_X3Y55          DSP48E1 (Prop_dsp48e1_PCIN[47]_P[1])
                                                      1.518    12.387 r  pm_top_mux_inst/theshold_calculator_inst/r_threshold_value1__2/P[1]
                         net (fo=3, routed)           1.340    13.727    pm_top_mux_inst/theshold_calculator_inst/r_threshold_value1__2_n_104
    SLICE_X94Y125        LUT3 (Prop_lut3_I1_O)        0.149    13.876 r  pm_top_mux_inst/theshold_calculator_inst/r_threshold_value0__1_i_24/O
                         net (fo=2, routed)           0.607    14.482    pm_top_mux_inst/theshold_calculator_inst/r_threshold_value1_1[0]
    SLICE_X94Y126        LUT4 (Prop_lut4_I3_O)        0.355    14.837 r  pm_top_mux_inst/theshold_calculator_inst/r_threshold_value0__1_i_28/O
                         net (fo=1, routed)           0.000    14.837    pm_top_mux_inst_n_183
    SLICE_X94Y126        CARRY4 (Prop_carry4_S[0]_CO[3])
                                                      0.513    15.350 r  theshold_calculator_inst/r_threshold_value0__1_i_3/CO[3]
                         net (fo=1, routed)           0.000    15.350    theshold_calculator_inst/r_threshold_value0__1_i_3_n_0
    SLICE_X94Y127        CARRY4 (Prop_carry4_CI_CO[3])
                                                      0.117    15.467 r  theshold_calculator_inst/r_threshold_value0__1_i_2/CO[3]
                         net (fo=1, routed)           0.000    15.467    theshold_calculator_inst/r_threshold_value0__1_i_2_n_0
    SLICE_X94Y128        CARRY4 (Prop_carry4_CI_CO[3])
                                                      0.117    15.584 r  theshold_calculator_inst/r_threshold_value0__1_i_1/CO[3]
                         net (fo=1, routed)           0.000    15.584    theshold_calculator_inst/r_threshold_value0__1_i_1_n_0
    SLICE_X94Y129        CARRY4 (Prop_carry4_CI_CO[3])
                                                      0.117    15.701 r  theshold_calculator_inst/r_threshold_value0__0_i_5/CO[3]
                         net (fo=1, routed)           0.000    15.701    theshold_calculator_inst/r_threshold_value0__0_i_5_n_0
    SLICE_X94Y130        CARRY4 (Prop_carry4_CI_CO[3])
                                                      0.117    15.818 r  theshold_calculator_inst/r_threshold_value0__0_i_4/CO[3]
                         net (fo=1, routed)           0.000    15.818    theshold_calculator_inst/r_threshold_value0__0_i_4_n_0
    SLICE_X94Y131        CARRY4 (Prop_carry4_CI_CO[3])
                                                      0.117    15.935 r  theshold_calculator_inst/r_threshold_value0__0_i_3/CO[3]
                         net (fo=1, routed)           0.000    15.935    theshold_calculator_inst/r_threshold_value0__0_i_3_n_0
    SLICE_X94Y132        CARRY4 (Prop_carry4_CI_CO[3])
                                                      0.117    16.052 r  theshold_calculator_inst/r_threshold_value0__0_i_2/CO[3]
                         net (fo=1, routed)           0.000    16.052    theshold_calculator_inst/r_threshold_value0__0_i_2_n_0
    SLICE_X94Y133        CARRY4 (Prop_carry4_CI_CO[3])
                                                      0.117    16.169 r  theshold_calculator_inst/r_threshold_value0__0_i_1/CO[3]
                         net (fo=1, routed)           0.000    16.169    theshold_calculator_inst/r_threshold_value0__0_i_1_n_0
    SLICE_X94Y134        CARRY4 (Prop_carry4_CI_CO[3])
                                                      0.117    16.286 r  theshold_calculator_inst/r_threshold_value0_i_6/CO[3]
                         net (fo=1, routed)           0.000    16.286    theshold_calculator_inst/r_threshold_value0_i_6_n_0
    SLICE_X94Y135        CARRY4 (Prop_carry4_CI_CO[3])
                                                      0.117    16.403 r  theshold_calculator_inst/r_threshold_value0_i_5/CO[3]
                         net (fo=1, routed)           0.000    16.403    theshold_calculator_inst/r_threshold_value0_i_5_n_0
    SLICE_X94Y136        CARRY4 (Prop_carry4_CI_CO[3])
                                                      0.117    16.520 r  theshold_calculator_inst/r_threshold_value0_i_4/CO[3]
                         net (fo=1, routed)           0.000    16.520    theshold_calculator_inst/r_threshold_value0_i_4_n_0
    SLICE_X94Y137        CARRY4 (Prop_carry4_CI_CO[3])
                                                      0.117    16.637 r  theshold_calculator_inst/r_threshold_value0_i_3/CO[3]
                         net (fo=1, routed)           0.000    16.637    theshold_calculator_inst/r_threshold_value0_i_3_n_0
    SLICE_X94Y138        CARRY4 (Prop_carry4_CI_CO[3])
                                                      0.117    16.754 r  theshold_calculator_inst/r_threshold_value0_i_2/CO[3]
                         net (fo=1, routed)           0.000    16.754    pm_top_mux_inst/theshold_calculator_inst/r_threshold_value_reg_0[0]
    SLICE_X94Y139        CARRY4 (Prop_carry4_CI_O[2])
                                                      0.239    16.993 r  pm_top_mux_inst/theshold_calculator_inst/r_threshold_value0_i_1/O[2]
                         net (fo=16, routed)          1.360    18.354    pm_top_mux_inst/theshold_calculator_inst/r_threshold_value0_i_1_n_5
    DSP48_X3Y48          DSP48E1 (Prop_dsp48e1_A[27]_PCOUT[17])
                                                      4.213    22.567 r  pm_top_mux_inst/theshold_calculator_inst/r_threshold_value0/PCOUT[17]
                         net (fo=1, routed)           0.002    22.569    pm_top_mux_inst/theshold_calculator_inst/r_threshold_value0_n_136
    DSP48_X3Y49          DSP48E1                                      r  pm_top_mux_inst/theshold_calculator_inst/r_threshold_value_reg/PCIN[17]
  -------------------------------------------------------------------    -------------------

                         (clock clk_fpga_0 rise edge)
                                                     25.000    25.000 r  
    PS7_X0Y0             PS7                          0.000    25.000 r  comblock_setup_wrapper_inst/comblock_setup_i/processing_system7_0/inst/PS7_i/FCLKCLK[0]
                         net (fo=1, routed)           1.088    26.088    comblock_setup_wrapper_inst/comblock_setup_i/processing_system7_0/inst/FCLK_CLK_unbuffered[0]
    BUFGCTRL_X0Y16       BUFG (Prop_bufg_I_O)         0.091    26.179 r  comblock_setup_wrapper_inst/comblock_setup_i/processing_system7_0/inst/buffer_fclk_clk_0.FCLK_CLK_0_BUFG/O
                         net (fo=31501, routed)       1.855    28.034    pm_top_mux_inst/theshold_calculator_inst/PS_CLOCK0
    DSP48_X3Y49          DSP48E1                                      r  pm_top_mux_inst/theshold_calculator_inst/r_threshold_value_reg/CLK
                         clock pessimism              0.247    28.281    
                         clock uncertainty           -0.377    27.904    
    DSP48_X3Y49          DSP48E1 (Setup_dsp48e1_CLK_PCIN[17])
                                                     -1.400    26.504    pm_top_mux_inst/theshold_calculator_inst/r_threshold_value_reg
  -------------------------------------------------------------------
                         required time                         26.504    
                         arrival time                         -22.569    
  -------------------------------------------------------------------
                         slack                                  3.935    

Slack (MET) :             3.935ns  (required time - arrival time)
  Source:                 pm_top_mux_inst/theshold_calculator_inst/threshold_rom_inst/r_threshold_reg/CLKARDCLK
                            (rising edge-triggered cell RAMB36E1 clocked by clk_fpga_0  {rise@0.000ns fall@12.500ns period=25.000ns})
  Destination:            pm_top_mux_inst/theshold_calculator_inst/r_threshold_value_reg/PCIN[18]
                            (rising edge-triggered cell DSP48E1 clocked by clk_fpga_0  {rise@0.000ns fall@12.500ns period=25.000ns})
  Path Group:             clk_fpga_0
  Path Type:              Setup (Max at Slow Process Corner)
  Requirement:            25.000ns  (clk_fpga_0 rise@25.000ns - clk_fpga_0 rise@0.000ns)
  Data Path Delay:        19.267ns  (logic 14.881ns (77.234%)  route 4.386ns (22.766%))
  Logic Levels:           19  (CARRY4=14 DSP48E1=3 LUT3=1 LUT4=1)
  Clock Path Skew:        -0.021ns (DCD - SCD + CPR)
    Destination Clock Delay (DCD):    3.034ns = ( 28.034 - 25.000 ) 
    Source Clock Delay      (SCD):    3.301ns
    Clock Pessimism Removal (CPR):    0.247ns
  Clock Uncertainty:      0.377ns  ((TSJ^2 + TIJ^2)^1/2 + DJ) / 2 + PE
    Total System Jitter     (TSJ):    0.071ns
    Total Input Jitter      (TIJ):    0.750ns
    Discrete Jitter          (DJ):    0.000ns
    Phase Error              (PE):    0.000ns

    Location             Delay type                Incr(ns)  Path(ns)    Netlist Resource(s)
  -------------------------------------------------------------------    -------------------
                         (clock clk_fpga_0 rise edge)
                                                      0.000     0.000 r  
    PS7_X0Y0             PS7                          0.000     0.000 r  comblock_setup_wrapper_inst/comblock_setup_i/processing_system7_0/inst/PS7_i/FCLKCLK[0]
                         net (fo=1, routed)           1.193     1.193    comblock_setup_wrapper_inst/comblock_setup_i/processing_system7_0/inst/FCLK_CLK_unbuffered[0]
    BUFGCTRL_X0Y16       BUFG (Prop_bufg_I_O)         0.101     1.294 r  comblock_setup_wrapper_inst/comblock_setup_i/processing_system7_0/inst/buffer_fclk_clk_0.FCLK_CLK_0_BUFG/O
                         net (fo=31501, routed)       2.007     3.301    pm_top_mux_inst/theshold_calculator_inst/threshold_rom_inst/PS_CLOCK0
    RAMB36_X4Y26         RAMB36E1                                     r  pm_top_mux_inst/theshold_calculator_inst/threshold_rom_inst/r_threshold_reg/CLKARDCLK
  -------------------------------------------------------------------    -------------------
    RAMB36_X4Y26         RAMB36E1 (Prop_ramb36e1_CLKARDCLK_DOPADOP[0])
                                                      2.454     5.755 r  pm_top_mux_inst/theshold_calculator_inst/threshold_rom_inst/r_threshold_reg/DOPADOP[0]
                         net (fo=1, routed)           1.075     6.831    pm_top_mux_inst/theshold_calculator_inst/threshold_rom_inst_n_56
    DSP48_X3Y54          DSP48E1 (Prop_dsp48e1_A[15]_PCOUT[47])
                                                      4.036    10.867 r  pm_top_mux_inst/theshold_calculator_inst/r_threshold_value1__1/PCOUT[47]
                         net (fo=1, routed)           0.002    10.869    pm_top_mux_inst/theshold_calculator_inst/r_threshold_value1__1_n_106
    DSP48_X3Y55          DSP48E1 (Prop_dsp48e1_PCIN[47]_P[1])
                                                      1.518    12.387 r  pm_top_mux_inst/theshold_calculator_inst/r_threshold_value1__2/P[1]
                         net (fo=3, routed)           1.340    13.727    pm_top_mux_inst/theshold_calculator_inst/r_threshold_value1__2_n_104
    SLICE_X94Y125        LUT3 (Prop_lut3_I1_O)        0.149    13.876 r  pm_top_mux_inst/theshold_calculator_inst/r_threshold_value0__1_i_24/O
                         net (fo=2, routed)           0.607    14.482    pm_top_mux_inst/theshold_calculator_inst/r_threshold_value1_1[0]
    SLICE_X94Y126        LUT4 (Prop_lut4_I3_O)        0.355    14.837 r  pm_top_mux_inst/theshold_calculator_inst/r_threshold_value0__1_i_28/O
                         net (fo=1, routed)           0.000    14.837    pm_top_mux_inst_n_183
    SLICE_X94Y126        CARRY4 (Prop_carry4_S[0]_CO[3])
                                                      0.513    15.350 r  theshold_calculator_inst/r_threshold_value0__1_i_3/CO[3]
                         net (fo=1, routed)           0.000    15.350    theshold_calculator_inst/r_threshold_value0__1_i_3_n_0
    SLICE_X94Y127        CARRY4 (Prop_carry4_CI_CO[3])
                                                      0.117    15.467 r  theshold_calculator_inst/r_threshold_value0__1_i_2/CO[3]
                         net (fo=1, routed)           0.000    15.467    theshold_calculator_inst/r_threshold_value0__1_i_2_n_0
    SLICE_X94Y128        CARRY4 (Prop_carry4_CI_CO[3])
                                                      0.117    15.584 r  theshold_calculator_inst/r_threshold_value0__1_i_1/CO[3]
                         net (fo=1, routed)           0.000    15.584    theshold_calculator_inst/r_threshold_value0__1_i_1_n_0
    SLICE_X94Y129        CARRY4 (Prop_carry4_CI_CO[3])
                                                      0.117    15.701 r  theshold_calculator_inst/r_threshold_value0__0_i_5/CO[3]
                         net (fo=1, routed)           0.000    15.701    theshold_calculator_inst/r_threshold_value0__0_i_5_n_0
    SLICE_X94Y130        CARRY4 (Prop_carry4_CI_CO[3])
                                                      0.117    15.818 r  theshold_calculator_inst/r_threshold_value0__0_i_4/CO[3]
                         net (fo=1, routed)           0.000    15.818    theshold_calculator_inst/r_threshold_value0__0_i_4_n_0
    SLICE_X94Y131        CARRY4 (Prop_carry4_CI_CO[3])
                                                      0.117    15.935 r  theshold_calculator_inst/r_threshold_value0__0_i_3/CO[3]
                         net (fo=1, routed)           0.000    15.935    theshold_calculator_inst/r_threshold_value0__0_i_3_n_0
    SLICE_X94Y132        CARRY4 (Prop_carry4_CI_CO[3])
                                                      0.117    16.052 r  theshold_calculator_inst/r_threshold_value0__0_i_2/CO[3]
                         net (fo=1, routed)           0.000    16.052    theshold_calculator_inst/r_threshold_value0__0_i_2_n_0
    SLICE_X94Y133        CARRY4 (Prop_carry4_CI_CO[3])
                                                      0.117    16.169 r  theshold_calculator_inst/r_threshold_value0__0_i_1/CO[3]
                         net (fo=1, routed)           0.000    16.169    theshold_calculator_inst/r_threshold_value0__0_i_1_n_0
    SLICE_X94Y134        CARRY4 (Prop_carry4_CI_CO[3])
                                                      0.117    16.286 r  theshold_calculator_inst/r_threshold_value0_i_6/CO[3]
                         net (fo=1, routed)           0.000    16.286    theshold_calculator_inst/r_threshold_value0_i_6_n_0
    SLICE_X94Y135        CARRY4 (Prop_carry4_CI_CO[3])
                                                      0.117    16.403 r  theshold_calculator_inst/r_threshold_value0_i_5/CO[3]
                         net (fo=1, routed)           0.000    16.403    theshold_calculator_inst/r_threshold_value0_i_5_n_0
    SLICE_X94Y136        CARRY4 (Prop_carry4_CI_CO[3])
                                                      0.117    16.520 r  theshold_calculator_inst/r_threshold_value0_i_4/CO[3]
                         net (fo=1, routed)           0.000    16.520    theshold_calculator_inst/r_threshold_value0_i_4_n_0
    SLICE_X94Y137        CARRY4 (Prop_carry4_CI_CO[3])
                                                      0.117    16.637 r  theshold_calculator_inst/r_threshold_value0_i_3/CO[3]
                         net (fo=1, routed)           0.000    16.637    theshold_calculator_inst/r_threshold_value0_i_3_n_0
    SLICE_X94Y138        CARRY4 (Prop_carry4_CI_CO[3])
                                                      0.117    16.754 r  theshold_calculator_inst/r_threshold_value0_i_2/CO[3]
                         net (fo=1, routed)           0.000    16.754    pm_top_mux_inst/theshold_calculator_inst/r_threshold_value_reg_0[0]
    SLICE_X94Y139        CARRY4 (Prop_carry4_CI_O[2])
                                                      0.239    16.993 r  pm_top_mux_inst/theshold_calculator_inst/r_threshold_value0_i_1/O[2]
                         net (fo=16, routed)          1.360    18.354    pm_top_mux_inst/theshold_calculator_inst/r_threshold_value0_i_1_n_5
    DSP48_X3Y48          DSP48E1 (Prop_dsp48e1_A[27]_PCOUT[18])
                                                      4.213    22.567 r  pm_top_mux_inst/theshold_calculator_inst/r_threshold_value0/PCOUT[18]
                         net (fo=1, routed)           0.002    22.569    pm_top_mux_inst/theshold_calculator_inst/r_threshold_value0_n_135
    DSP48_X3Y49          DSP48E1                                      r  pm_top_mux_inst/theshold_calculator_inst/r_threshold_value_reg/PCIN[18]
  -------------------------------------------------------------------    -------------------

                         (clock clk_fpga_0 rise edge)
                                                     25.000    25.000 r  
    PS7_X0Y0             PS7                          0.000    25.000 r  comblock_setup_wrapper_inst/comblock_setup_i/processing_system7_0/inst/PS7_i/FCLKCLK[0]
                         net (fo=1, routed)           1.088    26.088    comblock_setup_wrapper_inst/comblock_setup_i/processing_system7_0/inst/FCLK_CLK_unbuffered[0]
    BUFGCTRL_X0Y16       BUFG (Prop_bufg_I_O)         0.091    26.179 r  comblock_setup_wrapper_inst/comblock_setup_i/processing_system7_0/inst/buffer_fclk_clk_0.FCLK_CLK_0_BUFG/O
                         net (fo=31501, routed)       1.855    28.034    pm_top_mux_inst/theshold_calculator_inst/PS_CLOCK0
    DSP48_X3Y49          DSP48E1                                      r  pm_top_mux_inst/theshold_calculator_inst/r_threshold_value_reg/CLK
                         clock pessimism              0.247    28.281    
                         clock uncertainty           -0.377    27.904    
    DSP48_X3Y49          DSP48E1 (Setup_dsp48e1_CLK_PCIN[18])
                                                     -1.400    26.504    pm_top_mux_inst/theshold_calculator_inst/r_threshold_value_reg
  -------------------------------------------------------------------
                         required time                         26.504    
                         arrival time                         -22.569    
  -------------------------------------------------------------------
                         slack                                  3.935    





Min Delay Paths
--------------------------------------------------------------------------------------
Slack (MET) :             0.011ns  (arrival time - required time)
  Source:                 comblock_setup_wrapper_inst/comblock_setup_i/ps7_0_axi_periph/s00_couplers/auto_pc/inst/gen_axilite.gen_b2s_conv.axilite_b2s/WR.aw_channel_0/s_awid_r_reg[6]/C
                            (rising edge-triggered cell FDRE clocked by clk_fpga_0  {rise@0.000ns fall@12.500ns period=25.000ns})
  Destination:            comblock_setup_wrapper_inst/comblock_setup_i/ps7_0_axi_periph/s00_couplers/auto_pc/inst/gen_axilite.gen_b2s_conv.axilite_b2s/WR.b_channel_0/bid_fifo_0/memory_reg[3][14]_srl4/D
                            (rising edge-triggered cell SRL16E clocked by clk_fpga_0  {rise@0.000ns fall@12.500ns period=25.000ns})
  Path Group:             clk_fpga_0
  Path Type:              Hold (Min at Fast Process Corner)
  Requirement:            0.000ns  (clk_fpga_0 rise@0.000ns - clk_fpga_0 rise@0.000ns)
  Data Path Delay:        0.300ns  (logic 0.141ns (46.939%)  route 0.159ns (53.061%))
  Logic Levels:           0  
  Clock Path Skew:        0.180ns (DCD - SCD - CPR)
    Destination Clock Delay (DCD):    1.210ns
    Source Clock Delay      (SCD):    0.995ns
    Clock Pessimism Removal (CPR):    0.035ns

    Location             Delay type                Incr(ns)  Path(ns)    Netlist Resource(s)
  -------------------------------------------------------------------    -------------------
                         (clock clk_fpga_0 rise edge)
                                                      0.000     0.000 r  
    PS7_X0Y0             PS7                          0.000     0.000 r  comblock_setup_wrapper_inst/comblock_setup_i/processing_system7_0/inst/PS7_i/FCLKCLK[0]
                         net (fo=1, routed)           0.310     0.310    comblock_setup_wrapper_inst/comblock_setup_i/processing_system7_0/inst/FCLK_CLK_unbuffered[0]
    BUFGCTRL_X0Y16       BUFG (Prop_bufg_I_O)         0.026     0.336 r  comblock_setup_wrapper_inst/comblock_setup_i/processing_system7_0/inst/buffer_fclk_clk_0.FCLK_CLK_0_BUFG/O
                         net (fo=31501, routed)       0.659     0.995    comblock_setup_wrapper_inst/comblock_setup_i/ps7_0_axi_periph/s00_couplers/auto_pc/inst/gen_axilite.gen_b2s_conv.axilite_b2s/WR.aw_channel_0/aclk
    SLICE_X31Y100        FDRE                                         r  comblock_setup_wrapper_inst/comblock_setup_i/ps7_0_axi_periph/s00_couplers/auto_pc/inst/gen_axilite.gen_b2s_conv.axilite_b2s/WR.aw_channel_0/s_awid_r_reg[6]/C
  -------------------------------------------------------------------    -------------------
    SLICE_X31Y100        FDRE (Prop_fdre_C_Q)         0.141     1.136 r  comblock_setup_wrapper_inst/comblock_setup_i/ps7_0_axi_periph/s00_couplers/auto_pc/inst/gen_axilite.gen_b2s_conv.axilite_b2s/WR.aw_channel_0/s_awid_r_reg[6]/Q
                         net (fo=1, routed)           0.159     1.295    comblock_setup_wrapper_inst/comblock_setup_i/ps7_0_axi_periph/s00_couplers/auto_pc/inst/gen_axilite.gen_b2s_conv.axilite_b2s/WR.b_channel_0/bid_fifo_0/in[10]
    SLICE_X26Y98         SRL16E                                       r  comblock_setup_wrapper_inst/comblock_setup_i/ps7_0_axi_periph/s00_couplers/auto_pc/inst/gen_axilite.gen_b2s_conv.axilite_b2s/WR.b_channel_0/bid_fifo_0/memory_reg[3][14]_srl4/D
  -------------------------------------------------------------------    -------------------

                         (clock clk_fpga_0 rise edge)
                                                      0.000     0.000 r  
    PS7_X0Y0             PS7                          0.000     0.000 r  comblock_setup_wrapper_inst/comblock_setup_i/processing_system7_0/inst/PS7_i/FCLKCLK[0]
                         net (fo=1, routed)           0.337     0.337    comblock_setup_wrapper_inst/comblock_setup_i/processing_system7_0/inst/FCLK_CLK_unbuffered[0]
    BUFGCTRL_X0Y16       BUFG (Prop_bufg_I_O)         0.029     0.366 r  comblock_setup_wrapper_inst/comblock_setup_i/processing_system7_0/inst/buffer_fclk_clk_0.FCLK_CLK_0_BUFG/O
                         net (fo=31501, routed)       0.844     1.210    comblock_setup_wrapper_inst/comblock_setup_i/ps7_0_axi_periph/s00_couplers/auto_pc/inst/gen_axilite.gen_b2s_conv.axilite_b2s/WR.b_channel_0/bid_fifo_0/aclk
    SLICE_X26Y98         SRL16E                                       r  comblock_setup_wrapper_inst/comblock_setup_i/ps7_0_axi_periph/s00_couplers/auto_pc/inst/gen_axilite.gen_b2s_conv.axilite_b2s/WR.b_channel_0/bid_fifo_0/memory_reg[3][14]_srl4/CLK
                         clock pessimism             -0.035     1.175    
    SLICE_X26Y98         SRL16E (Hold_srl16e_CLK_D)
                                                      0.109     1.284    comblock_setup_wrapper_inst/comblock_setup_i/ps7_0_axi_periph/s00_couplers/auto_pc/inst/gen_axilite.gen_b2s_conv.axilite_b2s/WR.b_channel_0/bid_fifo_0/memory_reg[3][14]_srl4
  -------------------------------------------------------------------
                         required time                         -1.284    
                         arrival time                           1.295    
  -------------------------------------------------------------------
                         slack                                  0.011    

Slack (MET) :             0.014ns  (arrival time - required time)
  Source:                 pm_top_mux_inst/scd_estimator_inst/pm_first_stage_wrap_inst/np_point_fft/U0/i_synth/xfft_inst/non_floating_point.arch_d.xfft_inst/pe_gen[1].natural_order_input.PE/rounding.ROUND_1/gated_incr_regs[2].ff/C
                            (rising edge-triggered cell FDRE clocked by clk_fpga_0  {rise@0.000ns fall@12.500ns period=25.000ns})
  Destination:            pm_top_mux_inst/scd_estimator_inst/pm_first_stage_wrap_inst/np_point_fft/U0/i_synth/xfft_inst/non_floating_point.arch_d.xfft_inst/pe_gen[2].natural_order_input.PE/FW_1.BF_1/in_commutator_B/no_sclr_lut.depth1_shift_ram.without_sclr.Qsr_reg[2]/D
                            (rising edge-triggered cell FDRE clocked by clk_fpga_0  {rise@0.000ns fall@12.500ns period=25.000ns})
  Path Group:             clk_fpga_0
  Path Type:              Hold (Min at Fast Process Corner)
  Requirement:            0.000ns  (clk_fpga_0 rise@0.000ns - clk_fpga_0 rise@0.000ns)
  Data Path Delay:        0.356ns  (logic 0.141ns (39.620%)  route 0.215ns (60.380%))
  Logic Levels:           0  
  Clock Path Skew:        0.266ns (DCD - SCD - CPR)
    Destination Clock Delay (DCD):    1.179ns
    Source Clock Delay      (SCD):    0.878ns
    Clock Pessimism Removal (CPR):    0.035ns

    Location             Delay type                Incr(ns)  Path(ns)    Netlist Resource(s)
  -------------------------------------------------------------------    -------------------
                         (clock clk_fpga_0 rise edge)
                                                      0.000     0.000 r  
    PS7_X0Y0             PS7                          0.000     0.000 r  comblock_setup_wrapper_inst/comblock_setup_i/processing_system7_0/inst/PS7_i/FCLKCLK[0]
                         net (fo=1, routed)           0.310     0.310    comblock_setup_wrapper_inst/comblock_setup_i/processing_system7_0/inst/FCLK_CLK_unbuffered[0]
    BUFGCTRL_X0Y16       BUFG (Prop_bufg_I_O)         0.026     0.336 r  comblock_setup_wrapper_inst/comblock_setup_i/processing_system7_0/inst/buffer_fclk_clk_0.FCLK_CLK_0_BUFG/O
                         net (fo=31501, routed)       0.542     0.878    pm_top_mux_inst/scd_estimator_inst/pm_first_stage_wrap_inst/np_point_fft/U0/i_synth/xfft_inst/non_floating_point.arch_d.xfft_inst/pe_gen[1].natural_order_input.PE/rounding.ROUND_1/aclk
    SLICE_X51Y72         FDRE                                         r  pm_top_mux_inst/scd_estimator_inst/pm_first_stage_wrap_inst/np_point_fft/U0/i_synth/xfft_inst/non_floating_point.arch_d.xfft_inst/pe_gen[1].natural_order_input.PE/rounding.ROUND_1/gated_incr_regs[2].ff/C
  -------------------------------------------------------------------    -------------------
    SLICE_X51Y72         FDRE (Prop_fdre_C_Q)         0.141     1.019 r  pm_top_mux_inst/scd_estimator_inst/pm_first_stage_wrap_inst/np_point_fft/U0/i_synth/xfft_inst/non_floating_point.arch_d.xfft_inst/pe_gen[1].natural_order_input.PE/rounding.ROUND_1/gated_incr_regs[2].ff/Q
                         net (fo=1, routed)           0.215     1.233    pm_top_mux_inst/scd_estimator_inst/pm_first_stage_wrap_inst/np_point_fft/U0/i_synth/xfft_inst/non_floating_point.arch_d.xfft_inst/pe_gen[2].natural_order_input.PE/FW_1.BF_1/in_commutator_B/no_sclr_lut.depth1_shift_ram.without_sclr.Qsr_reg[15]_0[2]
    SLICE_X47Y70         FDRE                                         r  pm_top_mux_inst/scd_estimator_inst/pm_first_stage_wrap_inst/np_point_fft/U0/i_synth/xfft_inst/non_floating_point.arch_d.xfft_inst/pe_gen[2].natural_order_input.PE/FW_1.BF_1/in_commutator_B/no_sclr_lut.depth1_shift_ram.without_sclr.Qsr_reg[2]/D
  -------------------------------------------------------------------    -------------------

                         (clock clk_fpga_0 rise edge)
                                                      0.000     0.000 r  
    PS7_X0Y0             PS7                          0.000     0.000 r  comblock_setup_wrapper_inst/comblock_setup_i/processing_system7_0/inst/PS7_i/FCLKCLK[0]
                         net (fo=1, routed)           0.337     0.337    comblock_setup_wrapper_inst/comblock_setup_i/processing_system7_0/inst/FCLK_CLK_unbuffered[0]
    BUFGCTRL_X0Y16       BUFG (Prop_bufg_I_O)         0.029     0.366 r  comblock_setup_wrapper_inst/comblock_setup_i/processing_system7_0/inst/buffer_fclk_clk_0.FCLK_CLK_0_BUFG/O
                         net (fo=31501, routed)       0.813     1.179    pm_top_mux_inst/scd_estimator_inst/pm_first_stage_wrap_inst/np_point_fft/U0/i_synth/xfft_inst/non_floating_point.arch_d.xfft_inst/pe_gen[2].natural_order_input.PE/FW_1.BF_1/in_commutator_B/aclk
    SLICE_X47Y70         FDRE                                         r  pm_top_mux_inst/scd_estimator_inst/pm_first_stage_wrap_inst/np_point_fft/U0/i_synth/xfft_inst/non_floating_point.arch_d.xfft_inst/pe_gen[2].natural_order_input.PE/FW_1.BF_1/in_commutator_B/no_sclr_lut.depth1_shift_ram.without_sclr.Qsr_reg[2]/C
                         clock pessimism             -0.035     1.144    
    SLICE_X47Y70         FDRE (Hold_fdre_C_D)         0.076     1.220    pm_top_mux_inst/scd_estimator_inst/pm_first_stage_wrap_inst/np_point_fft/U0/i_synth/xfft_inst/non_floating_point.arch_d.xfft_inst/pe_gen[2].natural_order_input.PE/FW_1.BF_1/in_commutator_B/no_sclr_lut.depth1_shift_ram.without_sclr.Qsr_reg[2]
  -------------------------------------------------------------------
                         required time                         -1.220    
                         arrival time                           1.233    
  -------------------------------------------------------------------
                         slack                                  0.014    

Slack (MET) :             0.015ns  (arrival time - required time)
  Source:                 pm_top_mux_inst/scd_estimator_inst/pm_first_stage_wrap_inst/np_point_fft/U0/i_synth/xfft_inst/non_floating_point.arch_d.xfft_inst/pe_gen[1].natural_order_input.PE/hasbf2.FW_2.BF_2/logic_twoscomp.re_cmp/comp_gen[14].ff/C
                            (rising edge-triggered cell FDRE clocked by clk_fpga_0  {rise@0.000ns fall@12.500ns period=25.000ns})
  Destination:            pm_top_mux_inst/scd_estimator_inst/pm_first_stage_wrap_inst/np_point_fft/U0/i_synth/xfft_inst/non_floating_point.arch_d.xfft_inst/pe_gen[1].natural_order_input.PE/hasbf2.FW_2.BF_2/logic_twoscomp.din_re_cor_reg[14]/D
                            (rising edge-triggered cell FDRE clocked by clk_fpga_0  {rise@0.000ns fall@12.500ns period=25.000ns})
  Path Group:             clk_fpga_0
  Path Type:              Hold (Min at Fast Process Corner)
  Requirement:            0.000ns  (clk_fpga_0 rise@0.000ns - clk_fpga_0 rise@0.000ns)
  Data Path Delay:        0.338ns  (logic 0.141ns (41.726%)  route 0.197ns (58.274%))
  Logic Levels:           0  
  Clock Path Skew:        0.257ns (DCD - SCD - CPR)
    Destination Clock Delay (DCD):    1.175ns
    Source Clock Delay      (SCD):    0.883ns
    Clock Pessimism Removal (CPR):    0.035ns

    Location             Delay type                Incr(ns)  Path(ns)    Netlist Resource(s)
  -------------------------------------------------------------------    -------------------
                         (clock clk_fpga_0 rise edge)
                                                      0.000     0.000 r  
    PS7_X0Y0             PS7                          0.000     0.000 r  comblock_setup_wrapper_inst/comblock_setup_i/processing_system7_0/inst/PS7_i/FCLKCLK[0]
                         net (fo=1, routed)           0.310     0.310    comblock_setup_wrapper_inst/comblock_setup_i/processing_system7_0/inst/FCLK_CLK_unbuffered[0]
    BUFGCTRL_X0Y16       BUFG (Prop_bufg_I_O)         0.026     0.336 r  comblock_setup_wrapper_inst/comblock_setup_i/processing_system7_0/inst/buffer_fclk_clk_0.FCLK_CLK_0_BUFG/O
                         net (fo=31501, routed)       0.547     0.883    pm_top_mux_inst/scd_estimator_inst/pm_first_stage_wrap_inst/np_point_fft/U0/i_synth/xfft_inst/non_floating_point.arch_d.xfft_inst/pe_gen[1].natural_order_input.PE/hasbf2.FW_2.BF_2/logic_twoscomp.re_cmp/aclk
    SLICE_X49Y80         FDRE                                         r  pm_top_mux_inst/scd_estimator_inst/pm_first_stage_wrap_inst/np_point_fft/U0/i_synth/xfft_inst/non_floating_point.arch_d.xfft_inst/pe_gen[1].natural_order_input.PE/hasbf2.FW_2.BF_2/logic_twoscomp.re_cmp/comp_gen[14].ff/C
  -------------------------------------------------------------------    -------------------
    SLICE_X49Y80         FDRE (Prop_fdre_C_Q)         0.141     1.024 r  pm_top_mux_inst/scd_estimator_inst/pm_first_stage_wrap_inst/np_point_fft/U0/i_synth/xfft_inst/non_floating_point.arch_d.xfft_inst/pe_gen[1].natural_order_input.PE/hasbf2.FW_2.BF_2/logic_twoscomp.re_cmp/comp_gen[14].ff/Q
                         net (fo=1, routed)           0.197     1.221    pm_top_mux_inst/scd_estimator_inst/pm_first_stage_wrap_inst/np_point_fft/U0/i_synth/xfft_inst/non_floating_point.arch_d.xfft_inst/pe_gen[1].natural_order_input.PE/hasbf2.FW_2.BF_2/logic_twoscomp.din_re_cor_tmp[14]
    SLICE_X53Y79         FDRE                                         r  pm_top_mux_inst/scd_estimator_inst/pm_first_stage_wrap_inst/np_point_fft/U0/i_synth/xfft_inst/non_floating_point.arch_d.xfft_inst/pe_gen[1].natural_order_input.PE/hasbf2.FW_2.BF_2/logic_twoscomp.din_re_cor_reg[14]/D
  -------------------------------------------------------------------    -------------------

                         (clock clk_fpga_0 rise edge)
                                                      0.000     0.000 r  
    PS7_X0Y0             PS7                          0.000     0.000 r  comblock_setup_wrapper_inst/comblock_setup_i/processing_system7_0/inst/PS7_i/FCLKCLK[0]
                         net (fo=1, routed)           0.337     0.337    comblock_setup_wrapper_inst/comblock_setup_i/processing_system7_0/inst/FCLK_CLK_unbuffered[0]
    BUFGCTRL_X0Y16       BUFG (Prop_bufg_I_O)         0.029     0.366 r  comblock_setup_wrapper_inst/comblock_setup_i/processing_system7_0/inst/buffer_fclk_clk_0.FCLK_CLK_0_BUFG/O
                         net (fo=31501, routed)       0.809     1.175    pm_top_mux_inst/scd_estimator_inst/pm_first_stage_wrap_inst/np_point_fft/U0/i_synth/xfft_inst/non_floating_point.arch_d.xfft_inst/pe_gen[1].natural_order_input.PE/hasbf2.FW_2.BF_2/aclk
    SLICE_X53Y79         FDRE                                         r  pm_top_mux_inst/scd_estimator_inst/pm_first_stage_wrap_inst/np_point_fft/U0/i_synth/xfft_inst/non_floating_point.arch_d.xfft_inst/pe_gen[1].natural_order_input.PE/hasbf2.FW_2.BF_2/logic_twoscomp.din_re_cor_reg[14]/C
                         clock pessimism             -0.035     1.140    
    SLICE_X53Y79         FDRE (Hold_fdre_C_D)         0.066     1.206    pm_top_mux_inst/scd_estimator_inst/pm_first_stage_wrap_inst/np_point_fft/U0/i_synth/xfft_inst/non_floating_point.arch_d.xfft_inst/pe_gen[1].natural_order_input.PE/hasbf2.FW_2.BF_2/logic_twoscomp.din_re_cor_reg[14]
  -------------------------------------------------------------------
                         required time                         -1.206    
                         arrival time                           1.221    
  -------------------------------------------------------------------
                         slack                                  0.015    

Slack (MET) :             0.015ns  (arrival time - required time)
  Source:                 pm_top_mux_inst/scd_estimator_inst/pm_first_stage_wrap_inst/np_point_fft/U0/i_synth/xfft_inst/non_floating_point.arch_d.xfft_inst/pe_gen[1].natural_order_input.PE/hasbf2.FW_2.BF_2/logic_twoscomp.im_cmp/comp_gen[14].ff/C
                            (rising edge-triggered cell FDRE clocked by clk_fpga_0  {rise@0.000ns fall@12.500ns period=25.000ns})
  Destination:            pm_top_mux_inst/scd_estimator_inst/pm_first_stage_wrap_inst/np_point_fft/U0/i_synth/xfft_inst/non_floating_point.arch_d.xfft_inst/pe_gen[1].natural_order_input.PE/hasbf2.FW_2.BF_2/logic_twoscomp.din_im_cor_reg[14]/D
                            (rising edge-triggered cell FDRE clocked by clk_fpga_0  {rise@0.000ns fall@12.500ns period=25.000ns})
  Path Group:             clk_fpga_0
  Path Type:              Hold (Min at Fast Process Corner)
  Requirement:            0.000ns  (clk_fpga_0 rise@0.000ns - clk_fpga_0 rise@0.000ns)
  Data Path Delay:        0.344ns  (logic 0.141ns (40.974%)  route 0.203ns (59.026%))
  Logic Levels:           0  
  Clock Path Skew:        0.258ns (DCD - SCD - CPR)
    Destination Clock Delay (DCD):    1.176ns
    Source Clock Delay      (SCD):    0.883ns
    Clock Pessimism Removal (CPR):    0.035ns

    Location             Delay type                Incr(ns)  Path(ns)    Netlist Resource(s)
  -------------------------------------------------------------------    -------------------
                         (clock clk_fpga_0 rise edge)
                                                      0.000     0.000 r  
    PS7_X0Y0             PS7                          0.000     0.000 r  comblock_setup_wrapper_inst/comblock_setup_i/processing_system7_0/inst/PS7_i/FCLKCLK[0]
                         net (fo=1, routed)           0.310     0.310    comblock_setup_wrapper_inst/comblock_setup_i/processing_system7_0/inst/FCLK_CLK_unbuffered[0]
    BUFGCTRL_X0Y16       BUFG (Prop_bufg_I_O)         0.026     0.336 r  comblock_setup_wrapper_inst/comblock_setup_i/processing_system7_0/inst/buffer_fclk_clk_0.FCLK_CLK_0_BUFG/O
                         net (fo=31501, routed)       0.547     0.883    pm_top_mux_inst/scd_estimator_inst/pm_first_stage_wrap_inst/np_point_fft/U0/i_synth/xfft_inst/non_floating_point.arch_d.xfft_inst/pe_gen[1].natural_order_input.PE/hasbf2.FW_2.BF_2/logic_twoscomp.im_cmp/aclk
    SLICE_X48Y80         FDRE                                         r  pm_top_mux_inst/scd_estimator_inst/pm_first_stage_wrap_inst/np_point_fft/U0/i_synth/xfft_inst/non_floating_point.arch_d.xfft_inst/pe_gen[1].natural_order_input.PE/hasbf2.FW_2.BF_2/logic_twoscomp.im_cmp/comp_gen[14].ff/C
  -------------------------------------------------------------------    -------------------
    SLICE_X48Y80         FDRE (Prop_fdre_C_Q)         0.141     1.024 r  pm_top_mux_inst/scd_estimator_inst/pm_first_stage_wrap_inst/np_point_fft/U0/i_synth/xfft_inst/non_floating_point.arch_d.xfft_inst/pe_gen[1].natural_order_input.PE/hasbf2.FW_2.BF_2/logic_twoscomp.im_cmp/comp_gen[14].ff/Q
                         net (fo=1, routed)           0.203     1.227    pm_top_mux_inst/scd_estimator_inst/pm_first_stage_wrap_inst/np_point_fft/U0/i_synth/xfft_inst/non_floating_point.arch_d.xfft_inst/pe_gen[1].natural_order_input.PE/hasbf2.FW_2.BF_2/logic_twoscomp.din_im_cor_tmp[14]
    SLICE_X52Y80         FDRE                                         r  pm_top_mux_inst/scd_estimator_inst/pm_first_stage_wrap_inst/np_point_fft/U0/i_synth/xfft_inst/non_floating_point.arch_d.xfft_inst/pe_gen[1].natural_order_input.PE/hasbf2.FW_2.BF_2/logic_twoscomp.din_im_cor_reg[14]/D
  -------------------------------------------------------------------    -------------------

                         (clock clk_fpga_0 rise edge)
                                                      0.000     0.000 r  
    PS7_X0Y0             PS7                          0.000     0.000 r  comblock_setup_wrapper_inst/comblock_setup_i/processing_system7_0/inst/PS7_i/FCLKCLK[0]
                         net (fo=1, routed)           0.337     0.337    comblock_setup_wrapper_inst/comblock_setup_i/processing_system7_0/inst/FCLK_CLK_unbuffered[0]
    BUFGCTRL_X0Y16       BUFG (Prop_bufg_I_O)         0.029     0.366 r  comblock_setup_wrapper_inst/comblock_setup_i/processing_system7_0/inst/buffer_fclk_clk_0.FCLK_CLK_0_BUFG/O
                         net (fo=31501, routed)       0.810     1.176    pm_top_mux_inst/scd_estimator_inst/pm_first_stage_wrap_inst/np_point_fft/U0/i_synth/xfft_inst/non_floating_point.arch_d.xfft_inst/pe_gen[1].natural_order_input.PE/hasbf2.FW_2.BF_2/aclk
    SLICE_X52Y80         FDRE                                         r  pm_top_mux_inst/scd_estimator_inst/pm_first_stage_wrap_inst/np_point_fft/U0/i_synth/xfft_inst/non_floating_point.arch_d.xfft_inst/pe_gen[1].natural_order_input.PE/hasbf2.FW_2.BF_2/logic_twoscomp.din_im_cor_reg[14]/C
                         clock pessimism             -0.035     1.141    
    SLICE_X52Y80         FDRE (Hold_fdre_C_D)         0.071     1.212    pm_top_mux_inst/scd_estimator_inst/pm_first_stage_wrap_inst/np_point_fft/U0/i_synth/xfft_inst/non_floating_point.arch_d.xfft_inst/pe_gen[1].natural_order_input.PE/hasbf2.FW_2.BF_2/logic_twoscomp.din_im_cor_reg[14]
  -------------------------------------------------------------------
                         required time                         -1.212    
                         arrival time                           1.227    
  -------------------------------------------------------------------
                         slack                                  0.015    

Slack (MET) :             0.018ns  (arrival time - required time)
  Source:                 pm_top_mux_inst/scd_estimator_inst/pm_second_stage_wrap_inst/p_point_fft/U0/i_synth/xfft_inst/non_floating_point.arch_d.xfft_inst/pe_gen[1].natural_order_input.PE/FW_1.BF_1/out_comm_ctr_del_1_fde_and_srl.out_comm_ctr_del_1/no_sclr_lut.depth1_shift_ram.without_sclr.Qsr_reg[0]/C
                            (rising edge-triggered cell FDRE clocked by clk_fpga_0  {rise@0.000ns fall@12.500ns period=25.000ns})
  Destination:            pm_top_mux_inst/scd_estimator_inst/pm_second_stage_wrap_inst/p_point_fft/U0/i_synth/xfft_inst/non_floating_point.arch_d.xfft_inst/pe_gen[1].natural_order_input.PE/FW_1.BF_1/out_comm_ctr_del_2/no_sclr_lut.real_shift_ram.use_baseblock.not_use_hlutnm_srls.i_shift_ram/i_bb_inst/lls_area.depth_lteq_1srl.gen_srl[0].i_lls_only/nocarry.shreg/D
                            (rising edge-triggered cell SRL16E clocked by clk_fpga_0  {rise@0.000ns fall@12.500ns period=25.000ns})
  Path Group:             clk_fpga_0
  Path Type:              Hold (Min at Fast Process Corner)
  Requirement:            0.000ns  (clk_fpga_0 rise@0.000ns - clk_fpga_0 rise@0.000ns)
  Data Path Delay:        0.339ns  (logic 0.128ns (37.724%)  route 0.211ns (62.276%))
  Logic Levels:           0  
  Clock Path Skew:        0.258ns (DCD - SCD - CPR)
    Destination Clock Delay (DCD):    1.181ns
    Source Clock Delay      (SCD):    0.888ns
    Clock Pessimism Removal (CPR):    0.035ns

    Location             Delay type                Incr(ns)  Path(ns)    Netlist Resource(s)
  -------------------------------------------------------------------    -------------------
                         (clock clk_fpga_0 rise edge)
                                                      0.000     0.000 r  
    PS7_X0Y0             PS7                          0.000     0.000 r  comblock_setup_wrapper_inst/comblock_setup_i/processing_system7_0/inst/PS7_i/FCLKCLK[0]
                         net (fo=1, routed)           0.310     0.310    comblock_setup_wrapper_inst/comblock_setup_i/processing_system7_0/inst/FCLK_CLK_unbuffered[0]
    BUFGCTRL_X0Y16       BUFG (Prop_bufg_I_O)         0.026     0.336 r  comblock_setup_wrapper_inst/comblock_setup_i/processing_system7_0/inst/buffer_fclk_clk_0.FCLK_CLK_0_BUFG/O
                         net (fo=31501, routed)       0.552     0.888    pm_top_mux_inst/scd_estimator_inst/pm_second_stage_wrap_inst/p_point_fft/U0/i_synth/xfft_inst/non_floating_point.arch_d.xfft_inst/pe_gen[1].natural_order_input.PE/FW_1.BF_1/out_comm_ctr_del_1_fde_and_srl.out_comm_ctr_del_1/aclk
    SLICE_X48Y87         FDRE                                         r  pm_top_mux_inst/scd_estimator_inst/pm_second_stage_wrap_inst/p_point_fft/U0/i_synth/xfft_inst/non_floating_point.arch_d.xfft_inst/pe_gen[1].natural_order_input.PE/FW_1.BF_1/out_comm_ctr_del_1_fde_and_srl.out_comm_ctr_del_1/no_sclr_lut.depth1_shift_ram.without_sclr.Qsr_reg[0]/C
  -------------------------------------------------------------------    -------------------
    SLICE_X48Y87         FDRE (Prop_fdre_C_Q)         0.128     1.016 r  pm_top_mux_inst/scd_estimator_inst/pm_second_stage_wrap_inst/p_point_fft/U0/i_synth/xfft_inst/non_floating_point.arch_d.xfft_inst/pe_gen[1].natural_order_input.PE/FW_1.BF_1/out_comm_ctr_del_1_fde_and_srl.out_comm_ctr_del_1/no_sclr_lut.depth1_shift_ram.without_sclr.Qsr_reg[0]/Q
                         net (fo=1, routed)           0.211     1.227    pm_top_mux_inst/scd_estimator_inst/pm_second_stage_wrap_inst/p_point_fft/U0/i_synth/xfft_inst/non_floating_point.arch_d.xfft_inst/pe_gen[1].natural_order_input.PE/FW_1.BF_1/out_comm_ctr_del_2/no_sclr_lut.real_shift_ram.use_baseblock.not_use_hlutnm_srls.i_shift_ram/i_bb_inst/lls_area.depth_lteq_1srl.gen_srl[0].i_lls_only/d[0]
    SLICE_X50Y86         SRL16E                                       r  pm_top_mux_inst/scd_estimator_inst/pm_second_stage_wrap_inst/p_point_fft/U0/i_synth/xfft_inst/non_floating_point.arch_d.xfft_inst/pe_gen[1].natural_order_input.PE/FW_1.BF_1/out_comm_ctr_del_2/no_sclr_lut.real_shift_ram.use_baseblock.not_use_hlutnm_srls.i_shift_ram/i_bb_inst/lls_area.depth_lteq_1srl.gen_srl[0].i_lls_only/nocarry.shreg/D
  -------------------------------------------------------------------    -------------------

                         (clock clk_fpga_0 rise edge)
                                                      0.000     0.000 r  
    PS7_X0Y0             PS7                          0.000     0.000 r  comblock_setup_wrapper_inst/comblock_setup_i/processing_system7_0/inst/PS7_i/FCLKCLK[0]
                         net (fo=1, routed)           0.337     0.337    comblock_setup_wrapper_inst/comblock_setup_i/processing_system7_0/inst/FCLK_CLK_unbuffered[0]
    BUFGCTRL_X0Y16       BUFG (Prop_bufg_I_O)         0.029     0.366 r  comblock_setup_wrapper_inst/comblock_setup_i/processing_system7_0/inst/buffer_fclk_clk_0.FCLK_CLK_0_BUFG/O
                         net (fo=31501, routed)       0.815     1.181    pm_top_mux_inst/scd_estimator_inst/pm_second_stage_wrap_inst/p_point_fft/U0/i_synth/xfft_inst/non_floating_point.arch_d.xfft_inst/pe_gen[1].natural_order_input.PE/FW_1.BF_1/out_comm_ctr_del_2/no_sclr_lut.real_shift_ram.use_baseblock.not_use_hlutnm_srls.i_shift_ram/i_bb_inst/lls_area.depth_lteq_1srl.gen_srl[0].i_lls_only/clk
    SLICE_X50Y86         SRL16E                                       r  pm_top_mux_inst/scd_estimator_inst/pm_second_stage_wrap_inst/p_point_fft/U0/i_synth/xfft_inst/non_floating_point.arch_d.xfft_inst/pe_gen[1].natural_order_input.PE/FW_1.BF_1/out_comm_ctr_del_2/no_sclr_lut.real_shift_ram.use_baseblock.not_use_hlutnm_srls.i_shift_ram/i_bb_inst/lls_area.depth_lteq_1srl.gen_srl[0].i_lls_only/nocarry.shreg/CLK
                         clock pessimism             -0.035     1.146    
    SLICE_X50Y86         SRL16E (Hold_srl16e_CLK_D)
                                                      0.063     1.209    pm_top_mux_inst/scd_estimator_inst/pm_second_stage_wrap_inst/p_point_fft/U0/i_synth/xfft_inst/non_floating_point.arch_d.xfft_inst/pe_gen[1].natural_order_input.PE/FW_1.BF_1/out_comm_ctr_del_2/no_sclr_lut.real_shift_ram.use_baseblock.not_use_hlutnm_srls.i_shift_ram/i_bb_inst/lls_area.depth_lteq_1srl.gen_srl[0].i_lls_only/nocarry.shreg
  -------------------------------------------------------------------
                         required time                         -1.209    
                         arrival time                           1.227    
  -------------------------------------------------------------------
                         slack                                  0.018    

Slack (MET) :             0.024ns  (arrival time - required time)
  Source:                 pm_top_mux_inst/scd_estimator_inst/pm_second_stage_wrap_inst/p_point_fft/U0/i_synth/xfft_inst/non_floating_point.arch_d.xfft_inst/pe_gen[1].natural_order_input.PE/FW_1.BF_1/add_subs.add_i/adder/i_baseblox.i_baseblox_addsub/no_pipelining.the_addsub/i_lut6.i_lut6_addsub/i_q.i_simple.qreg/i_no_async_controls.output_reg[25]/C
                            (rising edge-triggered cell FDRE clocked by clk_fpga_0  {rise@0.000ns fall@12.500ns period=25.000ns})
  Destination:            pm_top_mux_inst/scd_estimator_inst/pm_second_stage_wrap_inst/p_point_fft/U0/i_synth/xfft_inst/non_floating_point.arch_d.xfft_inst/pe_gen[1].natural_order_input.PE/FW_1.BF_1/out_commutator_A/no_sclr_lut.real_shift_ram.use_baseblock.not_use_hlutnm_srls.i_shift_ram/i_bb_inst/lls_area.depth_lteq_1srl.gen_srl[24].i_lls_only/nocarry.shreg/D
                            (rising edge-triggered cell SRL16E clocked by clk_fpga_0  {rise@0.000ns fall@12.500ns period=25.000ns})
  Path Group:             clk_fpga_0
  Path Type:              Hold (Min at Fast Process Corner)
  Requirement:            0.000ns  (clk_fpga_0 rise@0.000ns - clk_fpga_0 rise@0.000ns)
  Data Path Delay:        0.320ns  (logic 0.141ns (44.123%)  route 0.179ns (55.877%))
  Logic Levels:           0  
  Clock Path Skew:        0.181ns (DCD - SCD - CPR)
    Destination Clock Delay (DCD):    1.191ns
    Source Clock Delay      (SCD):    0.975ns
    Clock Pessimism Removal (CPR):    0.035ns

    Location             Delay type                Incr(ns)  Path(ns)    Netlist Resource(s)
  -------------------------------------------------------------------    -------------------
                         (clock clk_fpga_0 rise edge)
                                                      0.000     0.000 r  
    PS7_X0Y0             PS7                          0.000     0.000 r  comblock_setup_wrapper_inst/comblock_setup_i/processing_system7_0/inst/PS7_i/FCLKCLK[0]
                         net (fo=1, routed)           0.310     0.310    comblock_setup_wrapper_inst/comblock_setup_i/processing_system7_0/inst/FCLK_CLK_unbuffered[0]
    BUFGCTRL_X0Y16       BUFG (Prop_bufg_I_O)         0.026     0.336 r  comblock_setup_wrapper_inst/comblock_setup_i/processing_system7_0/inst/buffer_fclk_clk_0.FCLK_CLK_0_BUFG/O
                         net (fo=31501, routed)       0.639     0.975    pm_top_mux_inst/scd_estimator_inst/pm_second_stage_wrap_inst/p_point_fft/U0/i_synth/xfft_inst/non_floating_point.arch_d.xfft_inst/pe_gen[1].natural_order_input.PE/FW_1.BF_1/add_subs.add_i/adder/i_baseblox.i_baseblox_addsub/no_pipelining.the_addsub/i_lut6.i_lut6_addsub/i_q.i_simple.qreg/CLK
    SLICE_X45Y100        FDRE                                         r  pm_top_mux_inst/scd_estimator_inst/pm_second_stage_wrap_inst/p_point_fft/U0/i_synth/xfft_inst/non_floating_point.arch_d.xfft_inst/pe_gen[1].natural_order_input.PE/FW_1.BF_1/add_subs.add_i/adder/i_baseblox.i_baseblox_addsub/no_pipelining.the_addsub/i_lut6.i_lut6_addsub/i_q.i_simple.qreg/i_no_async_controls.output_reg[25]/C
  -------------------------------------------------------------------    -------------------
    SLICE_X45Y100        FDRE (Prop_fdre_C_Q)         0.141     1.116 r  pm_top_mux_inst/scd_estimator_inst/pm_second_stage_wrap_inst/p_point_fft/U0/i_synth/xfft_inst/non_floating_point.arch_d.xfft_inst/pe_gen[1].natural_order_input.PE/FW_1.BF_1/add_subs.add_i/adder/i_baseblox.i_baseblox_addsub/no_pipelining.the_addsub/i_lut6.i_lut6_addsub/i_q.i_simple.qreg/i_no_async_controls.output_reg[25]/Q
                         net (fo=1, routed)           0.179     1.295    pm_top_mux_inst/scd_estimator_inst/pm_second_stage_wrap_inst/p_point_fft/U0/i_synth/xfft_inst/non_floating_point.arch_d.xfft_inst/pe_gen[1].natural_order_input.PE/FW_1.BF_1/out_commutator_A/no_sclr_lut.real_shift_ram.use_baseblock.not_use_hlutnm_srls.i_shift_ram/i_bb_inst/lls_area.depth_lteq_1srl.gen_srl[24].i_lls_only/d[0]
    SLICE_X38Y99         SRL16E                                       r  pm_top_mux_inst/scd_estimator_inst/pm_second_stage_wrap_inst/p_point_fft/U0/i_synth/xfft_inst/non_floating_point.arch_d.xfft_inst/pe_gen[1].natural_order_input.PE/FW_1.BF_1/out_commutator_A/no_sclr_lut.real_shift_ram.use_baseblock.not_use_hlutnm_srls.i_shift_ram/i_bb_inst/lls_area.depth_lteq_1srl.gen_srl[24].i_lls_only/nocarry.shreg/D
  -------------------------------------------------------------------    -------------------

                         (clock clk_fpga_0 rise edge)
                                                      0.000     0.000 r  
    PS7_X0Y0             PS7                          0.000     0.000 r  comblock_setup_wrapper_inst/comblock_setup_i/processing_system7_0/inst/PS7_i/FCLKCLK[0]
                         net (fo=1, routed)           0.337     0.337    comblock_setup_wrapper_inst/comblock_setup_i/processing_system7_0/inst/FCLK_CLK_unbuffered[0]
    BUFGCTRL_X0Y16       BUFG (Prop_bufg_I_O)         0.029     0.366 r  comblock_setup_wrapper_inst/comblock_setup_i/processing_system7_0/inst/buffer_fclk_clk_0.FCLK_CLK_0_BUFG/O
                         net (fo=31501, routed)       0.825     1.191    pm_top_mux_inst/scd_estimator_inst/pm_second_stage_wrap_inst/p_point_fft/U0/i_synth/xfft_inst/non_floating_point.arch_d.xfft_inst/pe_gen[1].natural_order_input.PE/FW_1.BF_1/out_commutator_A/no_sclr_lut.real_shift_ram.use_baseblock.not_use_hlutnm_srls.i_shift_ram/i_bb_inst/lls_area.depth_lteq_1srl.gen_srl[24].i_lls_only/clk
    SLICE_X38Y99         SRL16E                                       r  pm_top_mux_inst/scd_estimator_inst/pm_second_stage_wrap_inst/p_point_fft/U0/i_synth/xfft_inst/non_floating_point.arch_d.xfft_inst/pe_gen[1].natural_order_input.PE/FW_1.BF_1/out_commutator_A/no_sclr_lut.real_shift_ram.use_baseblock.not_use_hlutnm_srls.i_shift_ram/i_bb_inst/lls_area.depth_lteq_1srl.gen_srl[24].i_lls_only/nocarry.shreg/CLK
                         clock pessimism             -0.035     1.156    
    SLICE_X38Y99         SRL16E (Hold_srl16e_CLK_D)
                                                      0.115     1.271    pm_top_mux_inst/scd_estimator_inst/pm_second_stage_wrap_inst/p_point_fft/U0/i_synth/xfft_inst/non_floating_point.arch_d.xfft_inst/pe_gen[1].natural_order_input.PE/FW_1.BF_1/out_commutator_A/no_sclr_lut.real_shift_ram.use_baseblock.not_use_hlutnm_srls.i_shift_ram/i_bb_inst/lls_area.depth_lteq_1srl.gen_srl[24].i_lls_only/nocarry.shreg
  -------------------------------------------------------------------
                         required time                         -1.271    
                         arrival time                           1.295    
  -------------------------------------------------------------------
                         slack                                  0.024    

Slack (MET) :             0.027ns  (arrival time - required time)
  Source:                 pm_top_mux_inst/scd_estimator_inst/pm_second_stage_wrap_inst/p_point_fft/U0/i_synth/xfft_inst/non_floating_point.arch_d.xfft_inst/pe_gen[0].natural_order_input.PE/hasbf2.FB_2.BF_2/yes_nfft.bypass_asy_reg/C
                            (rising edge-triggered cell FDRE clocked by clk_fpga_0  {rise@0.000ns fall@12.500ns period=25.000ns})
  Destination:            pm_top_mux_inst/scd_estimator_inst/pm_second_stage_wrap_inst/p_point_fft/U0/i_synth/xfft_inst/non_floating_point.arch_d.xfft_inst/pe_gen[0].natural_order_input.PE/hasbf2.FB_2.BF_2/yes_nfft.bypass_reg/no_sclr_lut.real_shift_ram.use_baseblock.not_use_hlutnm_srls.i_shift_ram/i_bb_inst/f0.srl_sig_reg[0][0]/D
                            (rising edge-triggered cell FDRE clocked by clk_fpga_0  {rise@0.000ns fall@12.500ns period=25.000ns})
  Path Group:             clk_fpga_0
  Path Type:              Hold (Min at Fast Process Corner)
  Requirement:            0.000ns  (clk_fpga_0 rise@0.000ns - clk_fpga_0 rise@0.000ns)
  Data Path Delay:        0.303ns  (logic 0.128ns (42.272%)  route 0.175ns (57.728%))
  Logic Levels:           0  
  Clock Path Skew:        0.260ns (DCD - SCD - CPR)
    Destination Clock Delay (DCD):    1.272ns
    Source Clock Delay      (SCD):    0.973ns
    Clock Pessimism Removal (CPR):    0.039ns

    Location             Delay type                Incr(ns)  Path(ns)    Netlist Resource(s)
  -------------------------------------------------------------------    -------------------
                         (clock clk_fpga_0 rise edge)
                                                      0.000     0.000 r  
    PS7_X0Y0             PS7                          0.000     0.000 r  comblock_setup_wrapper_inst/comblock_setup_i/processing_system7_0/inst/PS7_i/FCLKCLK[0]
                         net (fo=1, routed)           0.310     0.310    comblock_setup_wrapper_inst/comblock_setup_i/processing_system7_0/inst/FCLK_CLK_unbuffered[0]
    BUFGCTRL_X0Y16       BUFG (Prop_bufg_I_O)         0.026     0.336 r  comblock_setup_wrapper_inst/comblock_setup_i/processing_system7_0/inst/buffer_fclk_clk_0.FCLK_CLK_0_BUFG/O
                         net (fo=31501, routed)       0.637     0.973    pm_top_mux_inst/scd_estimator_inst/pm_second_stage_wrap_inst/p_point_fft/U0/i_synth/xfft_inst/non_floating_point.arch_d.xfft_inst/pe_gen[0].natural_order_input.PE/hasbf2.FB_2.BF_2/aclk
    SLICE_X47Y107        FDRE                                         r  pm_top_mux_inst/scd_estimator_inst/pm_second_stage_wrap_inst/p_point_fft/U0/i_synth/xfft_inst/non_floating_point.arch_d.xfft_inst/pe_gen[0].natural_order_input.PE/hasbf2.FB_2.BF_2/yes_nfft.bypass_asy_reg/C
  -------------------------------------------------------------------    -------------------
    SLICE_X47Y107        FDRE (Prop_fdre_C_Q)         0.128     1.101 r  pm_top_mux_inst/scd_estimator_inst/pm_second_stage_wrap_inst/p_point_fft/U0/i_synth/xfft_inst/non_floating_point.arch_d.xfft_inst/pe_gen[0].natural_order_input.PE/hasbf2.FB_2.BF_2/yes_nfft.bypass_asy_reg/Q
                         net (fo=1, routed)           0.175     1.276    pm_top_mux_inst/scd_estimator_inst/pm_second_stage_wrap_inst/p_point_fft/U0/i_synth/xfft_inst/non_floating_point.arch_d.xfft_inst/pe_gen[0].natural_order_input.PE/hasbf2.FB_2.BF_2/yes_nfft.bypass_reg/no_sclr_lut.real_shift_ram.use_baseblock.not_use_hlutnm_srls.i_shift_ram/i_bb_inst/d[0]
    SLICE_X51Y106        FDRE                                         r  pm_top_mux_inst/scd_estimator_inst/pm_second_stage_wrap_inst/p_point_fft/U0/i_synth/xfft_inst/non_floating_point.arch_d.xfft_inst/pe_gen[0].natural_order_input.PE/hasbf2.FB_2.BF_2/yes_nfft.bypass_reg/no_sclr_lut.real_shift_ram.use_baseblock.not_use_hlutnm_srls.i_shift_ram/i_bb_inst/f0.srl_sig_reg[0][0]/D
  -------------------------------------------------------------------    -------------------

                         (clock clk_fpga_0 rise edge)
                                                      0.000     0.000 r  
    PS7_X0Y0             PS7                          0.000     0.000 r  comblock_setup_wrapper_inst/comblock_setup_i/processing_system7_0/inst/PS7_i/FCLKCLK[0]
                         net (fo=1, routed)           0.337     0.337    comblock_setup_wrapper_inst/comblock_setup_i/processing_system7_0/inst/FCLK_CLK_unbuffered[0]
    BUFGCTRL_X0Y16       BUFG (Prop_bufg_I_O)         0.029     0.366 r  comblock_setup_wrapper_inst/comblock_setup_i/processing_system7_0/inst/buffer_fclk_clk_0.FCLK_CLK_0_BUFG/O
                         net (fo=31501, routed)       0.906     1.272    pm_top_mux_inst/scd_estimator_inst/pm_second_stage_wrap_inst/p_point_fft/U0/i_synth/xfft_inst/non_floating_point.arch_d.xfft_inst/pe_gen[0].natural_order_input.PE/hasbf2.FB_2.BF_2/yes_nfft.bypass_reg/no_sclr_lut.real_shift_ram.use_baseblock.not_use_hlutnm_srls.i_shift_ram/i_bb_inst/clk
    SLICE_X51Y106        FDRE                                         r  pm_top_mux_inst/scd_estimator_inst/pm_second_stage_wrap_inst/p_point_fft/U0/i_synth/xfft_inst/non_floating_point.arch_d.xfft_inst/pe_gen[0].natural_order_input.PE/hasbf2.FB_2.BF_2/yes_nfft.bypass_reg/no_sclr_lut.real_shift_ram.use_baseblock.not_use_hlutnm_srls.i_shift_ram/i_bb_inst/f0.srl_sig_reg[0][0]/C
                         clock pessimism             -0.039     1.233    
    SLICE_X51Y106        FDRE (Hold_fdre_C_D)         0.016     1.249    pm_top_mux_inst/scd_estimator_inst/pm_second_stage_wrap_inst/p_point_fft/U0/i_synth/xfft_inst/non_floating_point.arch_d.xfft_inst/pe_gen[0].natural_order_input.PE/hasbf2.FB_2.BF_2/yes_nfft.bypass_reg/no_sclr_lut.real_shift_ram.use_baseblock.not_use_hlutnm_srls.i_shift_ram/i_bb_inst/f0.srl_sig_reg[0][0]
  -------------------------------------------------------------------
                         required time                         -1.249    
                         arrival time                           1.276    
  -------------------------------------------------------------------
                         slack                                  0.027    

Slack (MET) :             0.027ns  (arrival time - required time)
  Source:                 pm_top_mux_inst/scd_estimator_inst/pm_second_stage_wrap_inst/p_point_fft/U0/i_synth/xfft_inst/non_floating_point.arch_d.xfft_inst/pe_gen[1].natural_order_input.PE/FW_1.BF_1/mux_in_A/use_lut6_2.latency1.Q_reg[1]/C
                            (rising edge-triggered cell FDRE clocked by clk_fpga_0  {rise@0.000ns fall@12.500ns period=25.000ns})
  Destination:            pm_top_mux_inst/scd_estimator_inst/pm_second_stage_wrap_inst/p_point_fft/U0/i_synth/xfft_inst/non_floating_point.arch_d.xfft_inst/pe_gen[1].natural_order_input.PE/FW_1.BF_1/in_commutator_A/no_sclr_lut.real_shift_ram.use_baseblock.not_use_hlutnm_srls.i_shift_ram/i_bb_inst/lls_area.depth_lteq_1srl.gen_srl[1].i_lls_only/nocarry.shreg/D
                            (rising edge-triggered cell SRL16E clocked by clk_fpga_0  {rise@0.000ns fall@12.500ns period=25.000ns})
  Path Group:             clk_fpga_0
  Path Type:              Hold (Min at Fast Process Corner)
  Requirement:            0.000ns  (clk_fpga_0 rise@0.000ns - clk_fpga_0 rise@0.000ns)
  Data Path Delay:        0.357ns  (logic 0.128ns (35.812%)  route 0.229ns (64.188%))
  Logic Levels:           0  
  Clock Path Skew:        0.267ns (DCD - SCD - CPR)
    Destination Clock Delay (DCD):    1.190ns
    Source Clock Delay      (SCD):    0.888ns
    Clock Pessimism Removal (CPR):    0.035ns

    Location             Delay type                Incr(ns)  Path(ns)    Netlist Resource(s)
  -------------------------------------------------------------------    -------------------
                         (clock clk_fpga_0 rise edge)
                                                      0.000     0.000 r  
    PS7_X0Y0             PS7                          0.000     0.000 r  comblock_setup_wrapper_inst/comblock_setup_i/processing_system7_0/inst/PS7_i/FCLKCLK[0]
                         net (fo=1, routed)           0.310     0.310    comblock_setup_wrapper_inst/comblock_setup_i/processing_system7_0/inst/FCLK_CLK_unbuffered[0]
    BUFGCTRL_X0Y16       BUFG (Prop_bufg_I_O)         0.026     0.336 r  comblock_setup_wrapper_inst/comblock_setup_i/processing_system7_0/inst/buffer_fclk_clk_0.FCLK_CLK_0_BUFG/O
                         net (fo=31501, routed)       0.552     0.888    pm_top_mux_inst/scd_estimator_inst/pm_second_stage_wrap_inst/p_point_fft/U0/i_synth/xfft_inst/non_floating_point.arch_d.xfft_inst/pe_gen[1].natural_order_input.PE/FW_1.BF_1/mux_in_A/aclk
    SLICE_X52Y93         FDRE                                         r  pm_top_mux_inst/scd_estimator_inst/pm_second_stage_wrap_inst/p_point_fft/U0/i_synth/xfft_inst/non_floating_point.arch_d.xfft_inst/pe_gen[1].natural_order_input.PE/FW_1.BF_1/mux_in_A/use_lut6_2.latency1.Q_reg[1]/C
  -------------------------------------------------------------------    -------------------
    SLICE_X52Y93         FDRE (Prop_fdre_C_Q)         0.128     1.016 r  pm_top_mux_inst/scd_estimator_inst/pm_second_stage_wrap_inst/p_point_fft/U0/i_synth/xfft_inst/non_floating_point.arch_d.xfft_inst/pe_gen[1].natural_order_input.PE/FW_1.BF_1/mux_in_A/use_lut6_2.latency1.Q_reg[1]/Q
                         net (fo=1, routed)           0.229     1.245    pm_top_mux_inst/scd_estimator_inst/pm_second_stage_wrap_inst/p_point_fft/U0/i_synth/xfft_inst/non_floating_point.arch_d.xfft_inst/pe_gen[1].natural_order_input.PE/FW_1.BF_1/in_commutator_A/no_sclr_lut.real_shift_ram.use_baseblock.not_use_hlutnm_srls.i_shift_ram/i_bb_inst/lls_area.depth_lteq_1srl.gen_srl[1].i_lls_only/d[0]
    SLICE_X46Y93         SRL16E                                       r  pm_top_mux_inst/scd_estimator_inst/pm_second_stage_wrap_inst/p_point_fft/U0/i_synth/xfft_inst/non_floating_point.arch_d.xfft_inst/pe_gen[1].natural_order_input.PE/FW_1.BF_1/in_commutator_A/no_sclr_lut.real_shift_ram.use_baseblock.not_use_hlutnm_srls.i_shift_ram/i_bb_inst/lls_area.depth_lteq_1srl.gen_srl[1].i_lls_only/nocarry.shreg/D
  -------------------------------------------------------------------    -------------------

                         (clock clk_fpga_0 rise edge)
                                                      0.000     0.000 r  
    PS7_X0Y0             PS7                          0.000     0.000 r  comblock_setup_wrapper_inst/comblock_setup_i/processing_system7_0/inst/PS7_i/FCLKCLK[0]
                         net (fo=1, routed)           0.337     0.337    comblock_setup_wrapper_inst/comblock_setup_i/processing_system7_0/inst/FCLK_CLK_unbuffered[0]
    BUFGCTRL_X0Y16       BUFG (Prop_bufg_I_O)         0.029     0.366 r  comblock_setup_wrapper_inst/comblock_setup_i/processing_system7_0/inst/buffer_fclk_clk_0.FCLK_CLK_0_BUFG/O
                         net (fo=31501, routed)       0.824     1.190    pm_top_mux_inst/scd_estimator_inst/pm_second_stage_wrap_inst/p_point_fft/U0/i_synth/xfft_inst/non_floating_point.arch_d.xfft_inst/pe_gen[1].natural_order_input.PE/FW_1.BF_1/in_commutator_A/no_sclr_lut.real_shift_ram.use_baseblock.not_use_hlutnm_srls.i_shift_ram/i_bb_inst/lls_area.depth_lteq_1srl.gen_srl[1].i_lls_only/clk
    SLICE_X46Y93         SRL16E                                       r  pm_top_mux_inst/scd_estimator_inst/pm_second_stage_wrap_inst/p_point_fft/U0/i_synth/xfft_inst/non_floating_point.arch_d.xfft_inst/pe_gen[1].natural_order_input.PE/FW_1.BF_1/in_commutator_A/no_sclr_lut.real_shift_ram.use_baseblock.not_use_hlutnm_srls.i_shift_ram/i_bb_inst/lls_area.depth_lteq_1srl.gen_srl[1].i_lls_only/nocarry.shreg/CLK
                         clock pessimism             -0.035     1.155    
    SLICE_X46Y93         SRL16E (Hold_srl16e_CLK_D)
                                                      0.063     1.218    pm_top_mux_inst/scd_estimator_inst/pm_second_stage_wrap_inst/p_point_fft/U0/i_synth/xfft_inst/non_floating_point.arch_d.xfft_inst/pe_gen[1].natural_order_input.PE/FW_1.BF_1/in_commutator_A/no_sclr_lut.real_shift_ram.use_baseblock.not_use_hlutnm_srls.i_shift_ram/i_bb_inst/lls_area.depth_lteq_1srl.gen_srl[1].i_lls_only/nocarry.shreg
  -------------------------------------------------------------------
                         required time                         -1.218    
                         arrival time                           1.245    
  -------------------------------------------------------------------
                         slack                                  0.027    

Slack (MET) :             0.029ns  (arrival time - required time)
  Source:                 pm_top_mux_inst/scd_estimator_inst/pm_first_stage_wrap_inst/np_point_fft/U0/i_synth/xfft_inst/non_floating_point.arch_d.xfft_inst/pe_gen[1].natural_order_input.PE/FW_1.BF_1/mux_out_A/use_lut6_2.latency1.Q_reg[15]/C
                            (rising edge-triggered cell FDRE clocked by clk_fpga_0  {rise@0.000ns fall@12.500ns period=25.000ns})
  Destination:            pm_top_mux_inst/scd_estimator_inst/pm_first_stage_wrap_inst/np_point_fft/U0/i_synth/xfft_inst/non_floating_point.arch_d.xfft_inst/pe_gen[1].natural_order_input.PE/FW_1.BF_1/out_commutator_B/no_sclr_lut.real_shift_ram.use_baseblock.use_hlutnm_srls.srl_loop[7].i_srl16e1/D
                            (rising edge-triggered cell SRL16E clocked by clk_fpga_0  {rise@0.000ns fall@12.500ns period=25.000ns})
  Path Group:             clk_fpga_0
  Path Type:              Hold (Min at Fast Process Corner)
  Requirement:            0.000ns  (clk_fpga_0 rise@0.000ns - clk_fpga_0 rise@0.000ns)
  Data Path Delay:        0.346ns  (logic 0.128ns (37.028%)  route 0.218ns (62.972%))
  Logic Levels:           0  
  Clock Path Skew:        0.260ns (DCD - SCD - CPR)
    Destination Clock Delay (DCD):    1.180ns
    Source Clock Delay      (SCD):    0.885ns
    Clock Pessimism Removal (CPR):    0.035ns

    Location             Delay type                Incr(ns)  Path(ns)    Netlist Resource(s)
  -------------------------------------------------------------------    -------------------
                         (clock clk_fpga_0 rise edge)
                                                      0.000     0.000 r  
    PS7_X0Y0             PS7                          0.000     0.000 r  comblock_setup_wrapper_inst/comblock_setup_i/processing_system7_0/inst/PS7_i/FCLKCLK[0]
                         net (fo=1, routed)           0.310     0.310    comblock_setup_wrapper_inst/comblock_setup_i/processing_system7_0/inst/FCLK_CLK_unbuffered[0]
    BUFGCTRL_X0Y16       BUFG (Prop_bufg_I_O)         0.026     0.336 r  comblock_setup_wrapper_inst/comblock_setup_i/processing_system7_0/inst/buffer_fclk_clk_0.FCLK_CLK_0_BUFG/O
                         net (fo=31501, routed)       0.549     0.885    pm_top_mux_inst/scd_estimator_inst/pm_first_stage_wrap_inst/np_point_fft/U0/i_synth/xfft_inst/non_floating_point.arch_d.xfft_inst/pe_gen[1].natural_order_input.PE/FW_1.BF_1/mux_out_A/aclk
    SLICE_X49Y82         FDRE                                         r  pm_top_mux_inst/scd_estimator_inst/pm_first_stage_wrap_inst/np_point_fft/U0/i_synth/xfft_inst/non_floating_point.arch_d.xfft_inst/pe_gen[1].natural_order_input.PE/FW_1.BF_1/mux_out_A/use_lut6_2.latency1.Q_reg[15]/C
  -------------------------------------------------------------------    -------------------
    SLICE_X49Y82         FDRE (Prop_fdre_C_Q)         0.128     1.013 r  pm_top_mux_inst/scd_estimator_inst/pm_first_stage_wrap_inst/np_point_fft/U0/i_synth/xfft_inst/non_floating_point.arch_d.xfft_inst/pe_gen[1].natural_order_input.PE/FW_1.BF_1/mux_out_A/use_lut6_2.latency1.Q_reg[15]/Q
                         net (fo=1, routed)           0.218     1.230    pm_top_mux_inst/scd_estimator_inst/pm_first_stage_wrap_inst/np_point_fft/U0/i_synth/xfft_inst/non_floating_point.arch_d.xfft_inst/pe_gen[1].natural_order_input.PE/FW_1.BF_1/out_commutator_B/D[15]
    SLICE_X50Y84         SRL16E                                       r  pm_top_mux_inst/scd_estimator_inst/pm_first_stage_wrap_inst/np_point_fft/U0/i_synth/xfft_inst/non_floating_point.arch_d.xfft_inst/pe_gen[1].natural_order_input.PE/FW_1.BF_1/out_commutator_B/no_sclr_lut.real_shift_ram.use_baseblock.use_hlutnm_srls.srl_loop[7].i_srl16e1/D
  -------------------------------------------------------------------    -------------------

                         (clock clk_fpga_0 rise edge)
                                                      0.000     0.000 r  
    PS7_X0Y0             PS7                          0.000     0.000 r  comblock_setup_wrapper_inst/comblock_setup_i/processing_system7_0/inst/PS7_i/FCLKCLK[0]
                         net (fo=1, routed)           0.337     0.337    comblock_setup_wrapper_inst/comblock_setup_i/processing_system7_0/inst/FCLK_CLK_unbuffered[0]
    BUFGCTRL_X0Y16       BUFG (Prop_bufg_I_O)         0.029     0.366 r  comblock_setup_wrapper_inst/comblock_setup_i/processing_system7_0/inst/buffer_fclk_clk_0.FCLK_CLK_0_BUFG/O
                         net (fo=31501, routed)       0.814     1.180    pm_top_mux_inst/scd_estimator_inst/pm_first_stage_wrap_inst/np_point_fft/U0/i_synth/xfft_inst/non_floating_point.arch_d.xfft_inst/pe_gen[1].natural_order_input.PE/FW_1.BF_1/out_commutator_B/aclk
    SLICE_X50Y84         SRL16E                                       r  pm_top_mux_inst/scd_estimator_inst/pm_first_stage_wrap_inst/np_point_fft/U0/i_synth/xfft_inst/non_floating_point.arch_d.xfft_inst/pe_gen[1].natural_order_input.PE/FW_1.BF_1/out_commutator_B/no_sclr_lut.real_shift_ram.use_baseblock.use_hlutnm_srls.srl_loop[7].i_srl16e1/CLK
                         clock pessimism             -0.035     1.145    
    SLICE_X50Y84         SRL16E (Hold_srl16e_CLK_D)
                                                      0.056     1.201    pm_top_mux_inst/scd_estimator_inst/pm_first_stage_wrap_inst/np_point_fft/U0/i_synth/xfft_inst/non_floating_point.arch_d.xfft_inst/pe_gen[1].natural_order_input.PE/FW_1.BF_1/out_commutator_B/no_sclr_lut.real_shift_ram.use_baseblock.use_hlutnm_srls.srl_loop[7].i_srl16e1
  -------------------------------------------------------------------
                         required time                         -1.201    
                         arrival time                           1.230    
  -------------------------------------------------------------------
                         slack                                  0.029    

Slack (MET) :             0.030ns  (arrival time - required time)
  Source:                 pm_top_mux_inst/scd_estimator_inst/pm_second_stage_wrap_inst/p_point_fft/U0/i_synth/xfft_inst/non_floating_point.arch_d.xfft_inst/pe_gen[2].natural_order_input.PE/FW_1.BF_1/mux_in_A/use_lut6_2.latency1.Q_reg[0]/C
                            (rising edge-triggered cell FDRE clocked by clk_fpga_0  {rise@0.000ns fall@12.500ns period=25.000ns})
  Destination:            pm_top_mux_inst/scd_estimator_inst/pm_second_stage_wrap_inst/p_point_fft/U0/i_synth/xfft_inst/non_floating_point.arch_d.xfft_inst/pe_gen[2].natural_order_input.PE/FW_1.BF_1/in_commutator_A/no_sclr_lut.real_shift_ram.use_baseblock.not_use_hlutnm_srls.i_shift_ram/i_bb_inst/lls_area.depth_lteq_1srl.gen_srl[0].i_lls_only/nocarry.shreg/D
                            (rising edge-triggered cell SRL16E clocked by clk_fpga_0  {rise@0.000ns fall@12.500ns period=25.000ns})
  Path Group:             clk_fpga_0
  Path Type:              Hold (Min at Fast Process Corner)
  Requirement:            0.000ns  (clk_fpga_0 rise@0.000ns - clk_fpga_0 rise@0.000ns)
  Data Path Delay:        0.314ns  (logic 0.141ns (44.852%)  route 0.173ns (55.148%))
  Logic Levels:           0  
  Clock Path Skew:        0.182ns (DCD - SCD - CPR)
    Destination Clock Delay (DCD):    1.212ns
    Source Clock Delay      (SCD):    0.995ns
    Clock Pessimism Removal (CPR):    0.035ns

    Location             Delay type                Incr(ns)  Path(ns)    Netlist Resource(s)
  -------------------------------------------------------------------    -------------------
                         (clock clk_fpga_0 rise edge)
                                                      0.000     0.000 r  
    PS7_X0Y0             PS7                          0.000     0.000 r  comblock_setup_wrapper_inst/comblock_setup_i/processing_system7_0/inst/PS7_i/FCLKCLK[0]
                         net (fo=1, routed)           0.310     0.310    comblock_setup_wrapper_inst/comblock_setup_i/processing_system7_0/inst/FCLK_CLK_unbuffered[0]
    BUFGCTRL_X0Y16       BUFG (Prop_bufg_I_O)         0.026     0.336 r  comblock_setup_wrapper_inst/comblock_setup_i/processing_system7_0/inst/buffer_fclk_clk_0.FCLK_CLK_0_BUFG/O
                         net (fo=31501, routed)       0.659     0.995    pm_top_mux_inst/scd_estimator_inst/pm_second_stage_wrap_inst/p_point_fft/U0/i_synth/xfft_inst/non_floating_point.arch_d.xfft_inst/pe_gen[2].natural_order_input.PE/FW_1.BF_1/mux_in_A/aclk
    SLICE_X55Y100        FDRE                                         r  pm_top_mux_inst/scd_estimator_inst/pm_second_stage_wrap_inst/p_point_fft/U0/i_synth/xfft_inst/non_floating_point.arch_d.xfft_inst/pe_gen[2].natural_order_input.PE/FW_1.BF_1/mux_in_A/use_lut6_2.latency1.Q_reg[0]/C
  -------------------------------------------------------------------    -------------------
    SLICE_X55Y100        FDRE (Prop_fdre_C_Q)         0.141     1.136 r  pm_top_mux_inst/scd_estimator_inst/pm_second_stage_wrap_inst/p_point_fft/U0/i_synth/xfft_inst/non_floating_point.arch_d.xfft_inst/pe_gen[2].natural_order_input.PE/FW_1.BF_1/mux_in_A/use_lut6_2.latency1.Q_reg[0]/Q
                         net (fo=1, routed)           0.173     1.309    pm_top_mux_inst/scd_estimator_inst/pm_second_stage_wrap_inst/p_point_fft/U0/i_synth/xfft_inst/non_floating_point.arch_d.xfft_inst/pe_gen[2].natural_order_input.PE/FW_1.BF_1/in_commutator_A/no_sclr_lut.real_shift_ram.use_baseblock.not_use_hlutnm_srls.i_shift_ram/i_bb_inst/lls_area.depth_lteq_1srl.gen_srl[0].i_lls_only/d[0]
    SLICE_X54Y99         SRL16E                                       r  pm_top_mux_inst/scd_estimator_inst/pm_second_stage_wrap_inst/p_point_fft/U0/i_synth/xfft_inst/non_floating_point.arch_d.xfft_inst/pe_gen[2].natural_order_input.PE/FW_1.BF_1/in_commutator_A/no_sclr_lut.real_shift_ram.use_baseblock.not_use_hlutnm_srls.i_shift_ram/i_bb_inst/lls_area.depth_lteq_1srl.gen_srl[0].i_lls_only/nocarry.shreg/D
  -------------------------------------------------------------------    -------------------

                         (clock clk_fpga_0 rise edge)
                                                      0.000     0.000 r  
    PS7_X0Y0             PS7                          0.000     0.000 r  comblock_setup_wrapper_inst/comblock_setup_i/processing_system7_0/inst/PS7_i/FCLKCLK[0]
                         net (fo=1, routed)           0.337     0.337    comblock_setup_wrapper_inst/comblock_setup_i/processing_system7_0/inst/FCLK_CLK_unbuffered[0]
    BUFGCTRL_X0Y16       BUFG (Prop_bufg_I_O)         0.029     0.366 r  comblock_setup_wrapper_inst/comblock_setup_i/processing_system7_0/inst/buffer_fclk_clk_0.FCLK_CLK_0_BUFG/O
                         net (fo=31501, routed)       0.846     1.212    pm_top_mux_inst/scd_estimator_inst/pm_second_stage_wrap_inst/p_point_fft/U0/i_synth/xfft_inst/non_floating_point.arch_d.xfft_inst/pe_gen[2].natural_order_input.PE/FW_1.BF_1/in_commutator_A/no_sclr_lut.real_shift_ram.use_baseblock.not_use_hlutnm_srls.i_shift_ram/i_bb_inst/lls_area.depth_lteq_1srl.gen_srl[0].i_lls_only/clk
    SLICE_X54Y99         SRL16E                                       r  pm_top_mux_inst/scd_estimator_inst/pm_second_stage_wrap_inst/p_point_fft/U0/i_synth/xfft_inst/non_floating_point.arch_d.xfft_inst/pe_gen[2].natural_order_input.PE/FW_1.BF_1/in_commutator_A/no_sclr_lut.real_shift_ram.use_baseblock.not_use_hlutnm_srls.i_shift_ram/i_bb_inst/lls_area.depth_lteq_1srl.gen_srl[0].i_lls_only/nocarry.shreg/CLK
                         clock pessimism             -0.035     1.177    
    SLICE_X54Y99         SRL16E (Hold_srl16e_CLK_D)
                                                      0.102     1.279    pm_top_mux_inst/scd_estimator_inst/pm_second_stage_wrap_inst/p_point_fft/U0/i_synth/xfft_inst/non_floating_point.arch_d.xfft_inst/pe_gen[2].natural_order_input.PE/FW_1.BF_1/in_commutator_A/no_sclr_lut.real_shift_ram.use_baseblock.not_use_hlutnm_srls.i_shift_ram/i_bb_inst/lls_area.depth_lteq_1srl.gen_srl[0].i_lls_only/nocarry.shreg
  -------------------------------------------------------------------
                         required time                         -1.279    
                         arrival time                           1.309    
  -------------------------------------------------------------------
                         slack                                  0.030    





Pulse Width Checks
--------------------------------------------------------------------------------------
Clock Name:         clk_fpga_0
Waveform(ns):       { 0.000 12.500 }
Period(ns):         25.000
Sources:            { comblock_setup_wrapper_inst/comblock_setup_i/processing_system7_0/inst/PS7_i/FCLKCLK[0] }

Check Type        Corner  Lib Pin             Reference Pin  Required(ns)  Actual(ns)  Slack(ns)  Location      Pin
Min Period        n/a     DSP48E1/CLK         n/a            3.687         25.000      21.313     DSP48_X3Y49   pm_top_mux_inst/theshold_calculator_inst/r_threshold_value_reg/CLK
Min Period        n/a     DSP48E1/CLK         n/a            3.687         25.000      21.313     DSP48_X3Y47   pm_top_mux_inst/theshold_calculator_inst/r_threshold_value_reg__0/CLK
Min Period        n/a     DSP48E1/CLK         n/a            3.687         25.000      21.313     DSP48_X3Y44   pm_top_mux_inst/theshold_calculator_inst/r_threshold_value_reg__1/CLK
Min Period        n/a     DSP48E1/CLK         n/a            3.687         25.000      21.313     DSP48_X4Y46   pm_top_mux_inst/theshold_calculator_inst/r_threshold_value_reg__2/CLK
Min Period        n/a     DSP48E1/CLK         n/a            3.687         25.000      21.313     DSP48_X4Y44   pm_top_mux_inst/theshold_calculator_inst/r_threshold_value_reg__3/CLK
Min Period        n/a     RAMB18E1/CLKARDCLK  n/a            2.944         25.000      22.056     RAMB18_X2Y46  pm_top_mux_inst/scd_estimator_inst/pm_first_stage_wrap_inst/real_ram/genblk1[0].mem_reg[0][97]/CLKARDCLK
Min Period        n/a     RAMB18E1/CLKBWRCLK  n/a            2.944         25.000      22.056     RAMB18_X2Y46  pm_top_mux_inst/scd_estimator_inst/pm_first_stage_wrap_inst/real_ram/genblk1[0].mem_reg[0][97]/CLKBWRCLK
Min Period        n/a     RAMB18E1/CLKARDCLK  n/a            2.944         25.000      22.056     RAMB18_X2Y37  pm_top_mux_inst/scd_estimator_inst/pm_first_stage_wrap_inst/real_ram/genblk1[10].mem_reg[10][97]/CLKARDCLK
Min Period        n/a     RAMB18E1/CLKBWRCLK  n/a            2.944         25.000      22.056     RAMB18_X2Y37  pm_top_mux_inst/scd_estimator_inst/pm_first_stage_wrap_inst/real_ram/genblk1[10].mem_reg[10][97]/CLKBWRCLK
Min Period        n/a     RAMB18E1/CLKARDCLK  n/a            2.944         25.000      22.056     RAMB18_X2Y36  pm_top_mux_inst/scd_estimator_inst/pm_first_stage_wrap_inst/real_ram/genblk1[11].mem_reg[11][97]/CLKARDCLK
Low Pulse Width   Slow    SRLC32E/CLK         n/a            0.980         12.500      11.520     SLICE_X30Y91  comblock_setup_wrapper_inst/comblock_setup_i/ps7_0_axi_periph/s00_couplers/auto_pc/inst/gen_axilite.gen_b2s_conv.axilite_b2s/RD.r_channel_0/rd_data_fifo_0/memory_reg[31][0]_srl32/CLK
Low Pulse Width   Fast    SRLC32E/CLK         n/a            0.980         12.500      11.520     SLICE_X30Y91  comblock_setup_wrapper_inst/comblock_setup_i/ps7_0_axi_periph/s00_couplers/auto_pc/inst/gen_axilite.gen_b2s_conv.axilite_b2s/RD.r_channel_0/rd_data_fifo_0/memory_reg[31][0]_srl32/CLK
Low Pulse Width   Slow    SRLC32E/CLK         n/a            0.980         12.500      11.520     SLICE_X30Y92  comblock_setup_wrapper_inst/comblock_setup_i/ps7_0_axi_periph/s00_couplers/auto_pc/inst/gen_axilite.gen_b2s_conv.axilite_b2s/RD.r_channel_0/rd_data_fifo_0/memory_reg[31][10]_srl32/CLK
Low Pulse Width   Fast    SRLC32E/CLK         n/a            0.980         12.500      11.520     SLICE_X30Y92  comblock_setup_wrapper_inst/comblock_setup_i/ps7_0_axi_periph/s00_couplers/auto_pc/inst/gen_axilite.gen_b2s_conv.axilite_b2s/RD.r_channel_0/rd_data_fifo_0/memory_reg[31][10]_srl32/CLK
Low Pulse Width   Slow    SRLC32E/CLK         n/a            0.980         12.500      11.520     SLICE_X34Y91  comblock_setup_wrapper_inst/comblock_setup_i/ps7_0_axi_periph/s00_couplers/auto_pc/inst/gen_axilite.gen_b2s_conv.axilite_b2s/RD.r_channel_0/rd_data_fifo_0/memory_reg[31][11]_srl32/CLK
Low Pulse Width   Fast    SRLC32E/CLK         n/a            0.980         12.500      11.520     SLICE_X34Y91  comblock_setup_wrapper_inst/comblock_setup_i/ps7_0_axi_periph/s00_couplers/auto_pc/inst/gen_axilite.gen_b2s_conv.axilite_b2s/RD.r_channel_0/rd_data_fifo_0/memory_reg[31][11]_srl32/CLK
Low Pulse Width   Slow    SRLC32E/CLK         n/a            0.980         12.500      11.520     SLICE_X30Y94  comblock_setup_wrapper_inst/comblock_setup_i/ps7_0_axi_periph/s00_couplers/auto_pc/inst/gen_axilite.gen_b2s_conv.axilite_b2s/RD.r_channel_0/rd_data_fifo_0/memory_reg[31][12]_srl32/CLK
Low Pulse Width   Fast    SRLC32E/CLK         n/a            0.980         12.500      11.520     SLICE_X30Y94  comblock_setup_wrapper_inst/comblock_setup_i/ps7_0_axi_periph/s00_couplers/auto_pc/inst/gen_axilite.gen_b2s_conv.axilite_b2s/RD.r_channel_0/rd_data_fifo_0/memory_reg[31][12]_srl32/CLK
Low Pulse Width   Slow    SRLC32E/CLK         n/a            0.980         12.500      11.520     SLICE_X30Y93  comblock_setup_wrapper_inst/comblock_setup_i/ps7_0_axi_periph/s00_couplers/auto_pc/inst/gen_axilite.gen_b2s_conv.axilite_b2s/RD.r_channel_0/rd_data_fifo_0/memory_reg[31][13]_srl32/CLK
Low Pulse Width   Fast    SRLC32E/CLK         n/a            0.980         12.500      11.520     SLICE_X30Y93  comblock_setup_wrapper_inst/comblock_setup_i/ps7_0_axi_periph/s00_couplers/auto_pc/inst/gen_axilite.gen_b2s_conv.axilite_b2s/RD.r_channel_0/rd_data_fifo_0/memory_reg[31][13]_srl32/CLK
High Pulse Width  Slow    SRLC32E/CLK         n/a            0.980         12.500      11.520     SLICE_X30Y91  comblock_setup_wrapper_inst/comblock_setup_i/ps7_0_axi_periph/s00_couplers/auto_pc/inst/gen_axilite.gen_b2s_conv.axilite_b2s/RD.r_channel_0/rd_data_fifo_0/memory_reg[31][0]_srl32/CLK
High Pulse Width  Fast    SRLC32E/CLK         n/a            0.980         12.500      11.520     SLICE_X30Y91  comblock_setup_wrapper_inst/comblock_setup_i/ps7_0_axi_periph/s00_couplers/auto_pc/inst/gen_axilite.gen_b2s_conv.axilite_b2s/RD.r_channel_0/rd_data_fifo_0/memory_reg[31][0]_srl32/CLK
High Pulse Width  Slow    SRLC32E/CLK         n/a            0.980         12.500      11.520     SLICE_X30Y92  comblock_setup_wrapper_inst/comblock_setup_i/ps7_0_axi_periph/s00_couplers/auto_pc/inst/gen_axilite.gen_b2s_conv.axilite_b2s/RD.r_channel_0/rd_data_fifo_0/memory_reg[31][10]_srl32/CLK
High Pulse Width  Fast    SRLC32E/CLK         n/a            0.980         12.500      11.520     SLICE_X30Y92  comblock_setup_wrapper_inst/comblock_setup_i/ps7_0_axi_periph/s00_couplers/auto_pc/inst/gen_axilite.gen_b2s_conv.axilite_b2s/RD.r_channel_0/rd_data_fifo_0/memory_reg[31][10]_srl32/CLK
High Pulse Width  Slow    SRLC32E/CLK         n/a            0.980         12.500      11.520     SLICE_X34Y91  comblock_setup_wrapper_inst/comblock_setup_i/ps7_0_axi_periph/s00_couplers/auto_pc/inst/gen_axilite.gen_b2s_conv.axilite_b2s/RD.r_channel_0/rd_data_fifo_0/memory_reg[31][11]_srl32/CLK
High Pulse Width  Fast    SRLC32E/CLK         n/a            0.980         12.500      11.520     SLICE_X34Y91  comblock_setup_wrapper_inst/comblock_setup_i/ps7_0_axi_periph/s00_couplers/auto_pc/inst/gen_axilite.gen_b2s_conv.axilite_b2s/RD.r_channel_0/rd_data_fifo_0/memory_reg[31][11]_srl32/CLK
High Pulse Width  Slow    SRLC32E/CLK         n/a            0.980         12.500      11.520     SLICE_X30Y94  comblock_setup_wrapper_inst/comblock_setup_i/ps7_0_axi_periph/s00_couplers/auto_pc/inst/gen_axilite.gen_b2s_conv.axilite_b2s/RD.r_channel_0/rd_data_fifo_0/memory_reg[31][12]_srl32/CLK
High Pulse Width  Fast    SRLC32E/CLK         n/a            0.980         12.500      11.520     SLICE_X30Y94  comblock_setup_wrapper_inst/comblock_setup_i/ps7_0_axi_periph/s00_couplers/auto_pc/inst/gen_axilite.gen_b2s_conv.axilite_b2s/RD.r_channel_0/rd_data_fifo_0/memory_reg[31][12]_srl32/CLK
High Pulse Width  Slow    SRLC32E/CLK         n/a            0.980         12.500      11.520     SLICE_X30Y93  comblock_setup_wrapper_inst/comblock_setup_i/ps7_0_axi_periph/s00_couplers/auto_pc/inst/gen_axilite.gen_b2s_conv.axilite_b2s/RD.r_channel_0/rd_data_fifo_0/memory_reg[31][13]_srl32/CLK
High Pulse Width  Fast    SRLC32E/CLK         n/a            0.980         12.500      11.520     SLICE_X30Y93  comblock_setup_wrapper_inst/comblock_setup_i/ps7_0_axi_periph/s00_couplers/auto_pc/inst/gen_axilite.gen_b2s_conv.axilite_b2s/RD.r_channel_0/rd_data_fifo_0/memory_reg[31][13]_srl32/CLK



---------------------------------------------------------------------------------------------------
Path Group:  **async_default**
From Clock:  clk_fpga_0
  To Clock:  clk_fpga_0

Setup :            0  Failing Endpoints,  Worst Slack       19.501ns,  Total Violation        0.000ns
Hold  :            0  Failing Endpoints,  Worst Slack        1.243ns,  Total Violation        0.000ns
---------------------------------------------------------------------------------------------------


Max Delay Paths
--------------------------------------------------------------------------------------
Slack (MET) :             19.501ns  (required time - arrival time)
  Source:                 comblock_adapter_inst/r_top_mux_reset_reg/C
                            (rising edge-triggered cell FDRE clocked by clk_fpga_0  {rise@0.000ns fall@12.500ns period=25.000ns})
  Destination:            pm_top_mux_inst/scd_estimator_inst/pm_first_stage_wrap_inst/first_stage_fsmd_control/r_fft_data_in_reg_reg[0]/CLR
                            (recovery check against rising-edge clock clk_fpga_0  {rise@0.000ns fall@12.500ns period=25.000ns})
  Path Group:             **async_default**
  Path Type:              Recovery (Max at Slow Process Corner)
  Requirement:            25.000ns  (clk_fpga_0 rise@25.000ns - clk_fpga_0 rise@0.000ns)
  Data Path Delay:        4.143ns  (logic 0.606ns (14.628%)  route 3.537ns (85.372%))
  Logic Levels:           1  (LUT3=1)
  Clock Path Skew:        -0.366ns (DCD - SCD + CPR)
    Destination Clock Delay (DCD):    2.641ns = ( 27.641 - 25.000 ) 
    Source Clock Delay      (SCD):    3.136ns
    Clock Pessimism Removal (CPR):    0.129ns
  Clock Uncertainty:      0.377ns  ((TSJ^2 + TIJ^2)^1/2 + DJ) / 2 + PE
    Total System Jitter     (TSJ):    0.071ns
    Total Input Jitter      (TIJ):    0.750ns
    Discrete Jitter          (DJ):    0.000ns
    Phase Error              (PE):    0.000ns

    Location             Delay type                Incr(ns)  Path(ns)    Netlist Resource(s)
  -------------------------------------------------------------------    -------------------
                         (clock clk_fpga_0 rise edge)
                                                      0.000     0.000 r  
    PS7_X0Y0             PS7                          0.000     0.000 r  comblock_setup_wrapper_inst/comblock_setup_i/processing_system7_0/inst/PS7_i/FCLKCLK[0]
                         net (fo=1, routed)           1.193     1.193    comblock_setup_wrapper_inst/comblock_setup_i/processing_system7_0/inst/FCLK_CLK_unbuffered[0]
    BUFGCTRL_X0Y16       BUFG (Prop_bufg_I_O)         0.101     1.294 r  comblock_setup_wrapper_inst/comblock_setup_i/processing_system7_0/inst/buffer_fclk_clk_0.FCLK_CLK_0_BUFG/O
                         net (fo=31501, routed)       1.842     3.136    comblock_adapter_inst/PS_CLOCK0
    SLICE_X37Y110        FDRE                                         r  comblock_adapter_inst/r_top_mux_reset_reg/C
  -------------------------------------------------------------------    -------------------
    SLICE_X37Y110        FDRE (Prop_fdre_C_Q)         0.456     3.592 f  comblock_adapter_inst/r_top_mux_reset_reg/Q
                         net (fo=126, routed)         1.031     4.623    pm_top_mux_inst/pm_top_mux_fsmd_control/FSM_onehot_state_reg_reg[0]_0[0]
    SLICE_X35Y98         LUT3 (Prop_lut3_I0_O)        0.150     4.773 f  pm_top_mux_inst/pm_top_mux_fsmd_control/p_0_out_i_2/O
                         net (fo=18605, routed)       2.506     7.279    pm_top_mux_inst/scd_estimator_inst/pm_first_stage_wrap_inst/first_stage_fsmd_control/i_reset0
    SLICE_X33Y74         FDCE                                         f  pm_top_mux_inst/scd_estimator_inst/pm_first_stage_wrap_inst/first_stage_fsmd_control/r_fft_data_in_reg_reg[0]/CLR
  -------------------------------------------------------------------    -------------------

                         (clock clk_fpga_0 rise edge)
                                                     25.000    25.000 r  
    PS7_X0Y0             PS7                          0.000    25.000 r  comblock_setup_wrapper_inst/comblock_setup_i/processing_system7_0/inst/PS7_i/FCLKCLK[0]
                         net (fo=1, routed)           1.088    26.088    comblock_setup_wrapper_inst/comblock_setup_i/processing_system7_0/inst/FCLK_CLK_unbuffered[0]
    BUFGCTRL_X0Y16       BUFG (Prop_bufg_I_O)         0.091    26.179 r  comblock_setup_wrapper_inst/comblock_setup_i/processing_system7_0/inst/buffer_fclk_clk_0.FCLK_CLK_0_BUFG/O
                         net (fo=31501, routed)       1.462    27.641    pm_top_mux_inst/scd_estimator_inst/pm_first_stage_wrap_inst/first_stage_fsmd_control/PS_CLOCK0
    SLICE_X33Y74         FDCE                                         r  pm_top_mux_inst/scd_estimator_inst/pm_first_stage_wrap_inst/first_stage_fsmd_control/r_fft_data_in_reg_reg[0]/C
                         clock pessimism              0.129    27.770    
                         clock uncertainty           -0.377    27.393    
    SLICE_X33Y74         FDCE (Recov_fdce_C_CLR)     -0.613    26.780    pm_top_mux_inst/scd_estimator_inst/pm_first_stage_wrap_inst/first_stage_fsmd_control/r_fft_data_in_reg_reg[0]
  -------------------------------------------------------------------
                         required time                         26.780    
                         arrival time                          -7.279    
  -------------------------------------------------------------------
                         slack                                 19.501    

Slack (MET) :             19.501ns  (required time - arrival time)
  Source:                 comblock_adapter_inst/r_top_mux_reset_reg/C
                            (rising edge-triggered cell FDRE clocked by clk_fpga_0  {rise@0.000ns fall@12.500ns period=25.000ns})
  Destination:            pm_top_mux_inst/scd_estimator_inst/pm_first_stage_wrap_inst/first_stage_fsmd_control/r_fft_data_in_reg_reg[17]/CLR
                            (recovery check against rising-edge clock clk_fpga_0  {rise@0.000ns fall@12.500ns period=25.000ns})
  Path Group:             **async_default**
  Path Type:              Recovery (Max at Slow Process Corner)
  Requirement:            25.000ns  (clk_fpga_0 rise@25.000ns - clk_fpga_0 rise@0.000ns)
  Data Path Delay:        4.143ns  (logic 0.606ns (14.628%)  route 3.537ns (85.372%))
  Logic Levels:           1  (LUT3=1)
  Clock Path Skew:        -0.366ns (DCD - SCD + CPR)
    Destination Clock Delay (DCD):    2.641ns = ( 27.641 - 25.000 ) 
    Source Clock Delay      (SCD):    3.136ns
    Clock Pessimism Removal (CPR):    0.129ns
  Clock Uncertainty:      0.377ns  ((TSJ^2 + TIJ^2)^1/2 + DJ) / 2 + PE
    Total System Jitter     (TSJ):    0.071ns
    Total Input Jitter      (TIJ):    0.750ns
    Discrete Jitter          (DJ):    0.000ns
    Phase Error              (PE):    0.000ns

    Location             Delay type                Incr(ns)  Path(ns)    Netlist Resource(s)
  -------------------------------------------------------------------    -------------------
                         (clock clk_fpga_0 rise edge)
                                                      0.000     0.000 r  
    PS7_X0Y0             PS7                          0.000     0.000 r  comblock_setup_wrapper_inst/comblock_setup_i/processing_system7_0/inst/PS7_i/FCLKCLK[0]
                         net (fo=1, routed)           1.193     1.193    comblock_setup_wrapper_inst/comblock_setup_i/processing_system7_0/inst/FCLK_CLK_unbuffered[0]
    BUFGCTRL_X0Y16       BUFG (Prop_bufg_I_O)         0.101     1.294 r  comblock_setup_wrapper_inst/comblock_setup_i/processing_system7_0/inst/buffer_fclk_clk_0.FCLK_CLK_0_BUFG/O
                         net (fo=31501, routed)       1.842     3.136    comblock_adapter_inst/PS_CLOCK0
    SLICE_X37Y110        FDRE                                         r  comblock_adapter_inst/r_top_mux_reset_reg/C
  -------------------------------------------------------------------    -------------------
    SLICE_X37Y110        FDRE (Prop_fdre_C_Q)         0.456     3.592 f  comblock_adapter_inst/r_top_mux_reset_reg/Q
                         net (fo=126, routed)         1.031     4.623    pm_top_mux_inst/pm_top_mux_fsmd_control/FSM_onehot_state_reg_reg[0]_0[0]
    SLICE_X35Y98         LUT3 (Prop_lut3_I0_O)        0.150     4.773 f  pm_top_mux_inst/pm_top_mux_fsmd_control/p_0_out_i_2/O
                         net (fo=18605, routed)       2.506     7.279    pm_top_mux_inst/scd_estimator_inst/pm_first_stage_wrap_inst/first_stage_fsmd_control/i_reset0
    SLICE_X33Y74         FDCE                                         f  pm_top_mux_inst/scd_estimator_inst/pm_first_stage_wrap_inst/first_stage_fsmd_control/r_fft_data_in_reg_reg[17]/CLR
  -------------------------------------------------------------------    -------------------

                         (clock clk_fpga_0 rise edge)
                                                     25.000    25.000 r  
    PS7_X0Y0             PS7                          0.000    25.000 r  comblock_setup_wrapper_inst/comblock_setup_i/processing_system7_0/inst/PS7_i/FCLKCLK[0]
                         net (fo=1, routed)           1.088    26.088    comblock_setup_wrapper_inst/comblock_setup_i/processing_system7_0/inst/FCLK_CLK_unbuffered[0]
    BUFGCTRL_X0Y16       BUFG (Prop_bufg_I_O)         0.091    26.179 r  comblock_setup_wrapper_inst/comblock_setup_i/processing_system7_0/inst/buffer_fclk_clk_0.FCLK_CLK_0_BUFG/O
                         net (fo=31501, routed)       1.462    27.641    pm_top_mux_inst/scd_estimator_inst/pm_first_stage_wrap_inst/first_stage_fsmd_control/PS_CLOCK0
    SLICE_X33Y74         FDCE                                         r  pm_top_mux_inst/scd_estimator_inst/pm_first_stage_wrap_inst/first_stage_fsmd_control/r_fft_data_in_reg_reg[17]/C
                         clock pessimism              0.129    27.770    
                         clock uncertainty           -0.377    27.393    
    SLICE_X33Y74         FDCE (Recov_fdce_C_CLR)     -0.613    26.780    pm_top_mux_inst/scd_estimator_inst/pm_first_stage_wrap_inst/first_stage_fsmd_control/r_fft_data_in_reg_reg[17]
  -------------------------------------------------------------------
                         required time                         26.780    
                         arrival time                          -7.279    
  -------------------------------------------------------------------
                         slack                                 19.501    

Slack (MET) :             19.501ns  (required time - arrival time)
  Source:                 comblock_adapter_inst/r_top_mux_reset_reg/C
                            (rising edge-triggered cell FDRE clocked by clk_fpga_0  {rise@0.000ns fall@12.500ns period=25.000ns})
  Destination:            pm_top_mux_inst/scd_estimator_inst/pm_first_stage_wrap_inst/first_stage_fsmd_control/r_fft_data_in_reg_reg[19]/CLR
                            (recovery check against rising-edge clock clk_fpga_0  {rise@0.000ns fall@12.500ns period=25.000ns})
  Path Group:             **async_default**
  Path Type:              Recovery (Max at Slow Process Corner)
  Requirement:            25.000ns  (clk_fpga_0 rise@25.000ns - clk_fpga_0 rise@0.000ns)
  Data Path Delay:        4.143ns  (logic 0.606ns (14.628%)  route 3.537ns (85.372%))
  Logic Levels:           1  (LUT3=1)
  Clock Path Skew:        -0.366ns (DCD - SCD + CPR)
    Destination Clock Delay (DCD):    2.641ns = ( 27.641 - 25.000 ) 
    Source Clock Delay      (SCD):    3.136ns
    Clock Pessimism Removal (CPR):    0.129ns
  Clock Uncertainty:      0.377ns  ((TSJ^2 + TIJ^2)^1/2 + DJ) / 2 + PE
    Total System Jitter     (TSJ):    0.071ns
    Total Input Jitter      (TIJ):    0.750ns
    Discrete Jitter          (DJ):    0.000ns
    Phase Error              (PE):    0.000ns

    Location             Delay type                Incr(ns)  Path(ns)    Netlist Resource(s)
  -------------------------------------------------------------------    -------------------
                         (clock clk_fpga_0 rise edge)
                                                      0.000     0.000 r  
    PS7_X0Y0             PS7                          0.000     0.000 r  comblock_setup_wrapper_inst/comblock_setup_i/processing_system7_0/inst/PS7_i/FCLKCLK[0]
                         net (fo=1, routed)           1.193     1.193    comblock_setup_wrapper_inst/comblock_setup_i/processing_system7_0/inst/FCLK_CLK_unbuffered[0]
    BUFGCTRL_X0Y16       BUFG (Prop_bufg_I_O)         0.101     1.294 r  comblock_setup_wrapper_inst/comblock_setup_i/processing_system7_0/inst/buffer_fclk_clk_0.FCLK_CLK_0_BUFG/O
                         net (fo=31501, routed)       1.842     3.136    comblock_adapter_inst/PS_CLOCK0
    SLICE_X37Y110        FDRE                                         r  comblock_adapter_inst/r_top_mux_reset_reg/C
  -------------------------------------------------------------------    -------------------
    SLICE_X37Y110        FDRE (Prop_fdre_C_Q)         0.456     3.592 f  comblock_adapter_inst/r_top_mux_reset_reg/Q
                         net (fo=126, routed)         1.031     4.623    pm_top_mux_inst/pm_top_mux_fsmd_control/FSM_onehot_state_reg_reg[0]_0[0]
    SLICE_X35Y98         LUT3 (Prop_lut3_I0_O)        0.150     4.773 f  pm_top_mux_inst/pm_top_mux_fsmd_control/p_0_out_i_2/O
                         net (fo=18605, routed)       2.506     7.279    pm_top_mux_inst/scd_estimator_inst/pm_first_stage_wrap_inst/first_stage_fsmd_control/i_reset0
    SLICE_X33Y74         FDCE                                         f  pm_top_mux_inst/scd_estimator_inst/pm_first_stage_wrap_inst/first_stage_fsmd_control/r_fft_data_in_reg_reg[19]/CLR
  -------------------------------------------------------------------    -------------------

                         (clock clk_fpga_0 rise edge)
                                                     25.000    25.000 r  
    PS7_X0Y0             PS7                          0.000    25.000 r  comblock_setup_wrapper_inst/comblock_setup_i/processing_system7_0/inst/PS7_i/FCLKCLK[0]
                         net (fo=1, routed)           1.088    26.088    comblock_setup_wrapper_inst/comblock_setup_i/processing_system7_0/inst/FCLK_CLK_unbuffered[0]
    BUFGCTRL_X0Y16       BUFG (Prop_bufg_I_O)         0.091    26.179 r  comblock_setup_wrapper_inst/comblock_setup_i/processing_system7_0/inst/buffer_fclk_clk_0.FCLK_CLK_0_BUFG/O
                         net (fo=31501, routed)       1.462    27.641    pm_top_mux_inst/scd_estimator_inst/pm_first_stage_wrap_inst/first_stage_fsmd_control/PS_CLOCK0
    SLICE_X33Y74         FDCE                                         r  pm_top_mux_inst/scd_estimator_inst/pm_first_stage_wrap_inst/first_stage_fsmd_control/r_fft_data_in_reg_reg[19]/C
                         clock pessimism              0.129    27.770    
                         clock uncertainty           -0.377    27.393    
    SLICE_X33Y74         FDCE (Recov_fdce_C_CLR)     -0.613    26.780    pm_top_mux_inst/scd_estimator_inst/pm_first_stage_wrap_inst/first_stage_fsmd_control/r_fft_data_in_reg_reg[19]
  -------------------------------------------------------------------
                         required time                         26.780    
                         arrival time                          -7.279    
  -------------------------------------------------------------------
                         slack                                 19.501    

Slack (MET) :             19.501ns  (required time - arrival time)
  Source:                 comblock_adapter_inst/r_top_mux_reset_reg/C
                            (rising edge-triggered cell FDRE clocked by clk_fpga_0  {rise@0.000ns fall@12.500ns period=25.000ns})
  Destination:            pm_top_mux_inst/scd_estimator_inst/pm_first_stage_wrap_inst/first_stage_fsmd_control/r_fft_data_in_reg_reg[20]/CLR
                            (recovery check against rising-edge clock clk_fpga_0  {rise@0.000ns fall@12.500ns period=25.000ns})
  Path Group:             **async_default**
  Path Type:              Recovery (Max at Slow Process Corner)
  Requirement:            25.000ns  (clk_fpga_0 rise@25.000ns - clk_fpga_0 rise@0.000ns)
  Data Path Delay:        4.143ns  (logic 0.606ns (14.628%)  route 3.537ns (85.372%))
  Logic Levels:           1  (LUT3=1)
  Clock Path Skew:        -0.366ns (DCD - SCD + CPR)
    Destination Clock Delay (DCD):    2.641ns = ( 27.641 - 25.000 ) 
    Source Clock Delay      (SCD):    3.136ns
    Clock Pessimism Removal (CPR):    0.129ns
  Clock Uncertainty:      0.377ns  ((TSJ^2 + TIJ^2)^1/2 + DJ) / 2 + PE
    Total System Jitter     (TSJ):    0.071ns
    Total Input Jitter      (TIJ):    0.750ns
    Discrete Jitter          (DJ):    0.000ns
    Phase Error              (PE):    0.000ns

    Location             Delay type                Incr(ns)  Path(ns)    Netlist Resource(s)
  -------------------------------------------------------------------    -------------------
                         (clock clk_fpga_0 rise edge)
                                                      0.000     0.000 r  
    PS7_X0Y0             PS7                          0.000     0.000 r  comblock_setup_wrapper_inst/comblock_setup_i/processing_system7_0/inst/PS7_i/FCLKCLK[0]
                         net (fo=1, routed)           1.193     1.193    comblock_setup_wrapper_inst/comblock_setup_i/processing_system7_0/inst/FCLK_CLK_unbuffered[0]
    BUFGCTRL_X0Y16       BUFG (Prop_bufg_I_O)         0.101     1.294 r  comblock_setup_wrapper_inst/comblock_setup_i/processing_system7_0/inst/buffer_fclk_clk_0.FCLK_CLK_0_BUFG/O
                         net (fo=31501, routed)       1.842     3.136    comblock_adapter_inst/PS_CLOCK0
    SLICE_X37Y110        FDRE                                         r  comblock_adapter_inst/r_top_mux_reset_reg/C
  -------------------------------------------------------------------    -------------------
    SLICE_X37Y110        FDRE (Prop_fdre_C_Q)         0.456     3.592 f  comblock_adapter_inst/r_top_mux_reset_reg/Q
                         net (fo=126, routed)         1.031     4.623    pm_top_mux_inst/pm_top_mux_fsmd_control/FSM_onehot_state_reg_reg[0]_0[0]
    SLICE_X35Y98         LUT3 (Prop_lut3_I0_O)        0.150     4.773 f  pm_top_mux_inst/pm_top_mux_fsmd_control/p_0_out_i_2/O
                         net (fo=18605, routed)       2.506     7.279    pm_top_mux_inst/scd_estimator_inst/pm_first_stage_wrap_inst/first_stage_fsmd_control/i_reset0
    SLICE_X33Y74         FDCE                                         f  pm_top_mux_inst/scd_estimator_inst/pm_first_stage_wrap_inst/first_stage_fsmd_control/r_fft_data_in_reg_reg[20]/CLR
  -------------------------------------------------------------------    -------------------

                         (clock clk_fpga_0 rise edge)
                                                     25.000    25.000 r  
    PS7_X0Y0             PS7                          0.000    25.000 r  comblock_setup_wrapper_inst/comblock_setup_i/processing_system7_0/inst/PS7_i/FCLKCLK[0]
                         net (fo=1, routed)           1.088    26.088    comblock_setup_wrapper_inst/comblock_setup_i/processing_system7_0/inst/FCLK_CLK_unbuffered[0]
    BUFGCTRL_X0Y16       BUFG (Prop_bufg_I_O)         0.091    26.179 r  comblock_setup_wrapper_inst/comblock_setup_i/processing_system7_0/inst/buffer_fclk_clk_0.FCLK_CLK_0_BUFG/O
                         net (fo=31501, routed)       1.462    27.641    pm_top_mux_inst/scd_estimator_inst/pm_first_stage_wrap_inst/first_stage_fsmd_control/PS_CLOCK0
    SLICE_X33Y74         FDCE                                         r  pm_top_mux_inst/scd_estimator_inst/pm_first_stage_wrap_inst/first_stage_fsmd_control/r_fft_data_in_reg_reg[20]/C
                         clock pessimism              0.129    27.770    
                         clock uncertainty           -0.377    27.393    
    SLICE_X33Y74         FDCE (Recov_fdce_C_CLR)     -0.613    26.780    pm_top_mux_inst/scd_estimator_inst/pm_first_stage_wrap_inst/first_stage_fsmd_control/r_fft_data_in_reg_reg[20]
  -------------------------------------------------------------------
                         required time                         26.780    
                         arrival time                          -7.279    
  -------------------------------------------------------------------
                         slack                                 19.501    

Slack (MET) :             19.542ns  (required time - arrival time)
  Source:                 comblock_adapter_inst/r_top_mux_reset_reg/C
                            (rising edge-triggered cell FDRE clocked by clk_fpga_0  {rise@0.000ns fall@12.500ns period=25.000ns})
  Destination:            pm_top_mux_inst/scd_estimator_inst/pm_first_stage_wrap_inst/first_stage_fsmd_control/r_fft_data_in_reg_reg[18]/CLR
                            (recovery check against rising-edge clock clk_fpga_0  {rise@0.000ns fall@12.500ns period=25.000ns})
  Path Group:             **async_default**
  Path Type:              Recovery (Max at Slow Process Corner)
  Requirement:            25.000ns  (clk_fpga_0 rise@25.000ns - clk_fpga_0 rise@0.000ns)
  Data Path Delay:        4.102ns  (logic 0.606ns (14.775%)  route 3.496ns (85.225%))
  Logic Levels:           1  (LUT3=1)
  Clock Path Skew:        -0.366ns (DCD - SCD + CPR)
    Destination Clock Delay (DCD):    2.641ns = ( 27.641 - 25.000 ) 
    Source Clock Delay      (SCD):    3.136ns
    Clock Pessimism Removal (CPR):    0.129ns
  Clock Uncertainty:      0.377ns  ((TSJ^2 + TIJ^2)^1/2 + DJ) / 2 + PE
    Total System Jitter     (TSJ):    0.071ns
    Total Input Jitter      (TIJ):    0.750ns
    Discrete Jitter          (DJ):    0.000ns
    Phase Error              (PE):    0.000ns

    Location             Delay type                Incr(ns)  Path(ns)    Netlist Resource(s)
  -------------------------------------------------------------------    -------------------
                         (clock clk_fpga_0 rise edge)
                                                      0.000     0.000 r  
    PS7_X0Y0             PS7                          0.000     0.000 r  comblock_setup_wrapper_inst/comblock_setup_i/processing_system7_0/inst/PS7_i/FCLKCLK[0]
                         net (fo=1, routed)           1.193     1.193    comblock_setup_wrapper_inst/comblock_setup_i/processing_system7_0/inst/FCLK_CLK_unbuffered[0]
    BUFGCTRL_X0Y16       BUFG (Prop_bufg_I_O)         0.101     1.294 r  comblock_setup_wrapper_inst/comblock_setup_i/processing_system7_0/inst/buffer_fclk_clk_0.FCLK_CLK_0_BUFG/O
                         net (fo=31501, routed)       1.842     3.136    comblock_adapter_inst/PS_CLOCK0
    SLICE_X37Y110        FDRE                                         r  comblock_adapter_inst/r_top_mux_reset_reg/C
  -------------------------------------------------------------------    -------------------
    SLICE_X37Y110        FDRE (Prop_fdre_C_Q)         0.456     3.592 f  comblock_adapter_inst/r_top_mux_reset_reg/Q
                         net (fo=126, routed)         1.031     4.623    pm_top_mux_inst/pm_top_mux_fsmd_control/FSM_onehot_state_reg_reg[0]_0[0]
    SLICE_X35Y98         LUT3 (Prop_lut3_I0_O)        0.150     4.773 f  pm_top_mux_inst/pm_top_mux_fsmd_control/p_0_out_i_2/O
                         net (fo=18605, routed)       2.465     7.238    pm_top_mux_inst/scd_estimator_inst/pm_first_stage_wrap_inst/first_stage_fsmd_control/i_reset0
    SLICE_X33Y75         FDCE                                         f  pm_top_mux_inst/scd_estimator_inst/pm_first_stage_wrap_inst/first_stage_fsmd_control/r_fft_data_in_reg_reg[18]/CLR
  -------------------------------------------------------------------    -------------------

                         (clock clk_fpga_0 rise edge)
                                                     25.000    25.000 r  
    PS7_X0Y0             PS7                          0.000    25.000 r  comblock_setup_wrapper_inst/comblock_setup_i/processing_system7_0/inst/PS7_i/FCLKCLK[0]
                         net (fo=1, routed)           1.088    26.088    comblock_setup_wrapper_inst/comblock_setup_i/processing_system7_0/inst/FCLK_CLK_unbuffered[0]
    BUFGCTRL_X0Y16       BUFG (Prop_bufg_I_O)         0.091    26.179 r  comblock_setup_wrapper_inst/comblock_setup_i/processing_system7_0/inst/buffer_fclk_clk_0.FCLK_CLK_0_BUFG/O
                         net (fo=31501, routed)       1.462    27.641    pm_top_mux_inst/scd_estimator_inst/pm_first_stage_wrap_inst/first_stage_fsmd_control/PS_CLOCK0
    SLICE_X33Y75         FDCE                                         r  pm_top_mux_inst/scd_estimator_inst/pm_first_stage_wrap_inst/first_stage_fsmd_control/r_fft_data_in_reg_reg[18]/C
                         clock pessimism              0.129    27.770    
                         clock uncertainty           -0.377    27.393    
    SLICE_X33Y75         FDCE (Recov_fdce_C_CLR)     -0.613    26.780    pm_top_mux_inst/scd_estimator_inst/pm_first_stage_wrap_inst/first_stage_fsmd_control/r_fft_data_in_reg_reg[18]
  -------------------------------------------------------------------
                         required time                         26.780    
                         arrival time                          -7.238    
  -------------------------------------------------------------------
                         slack                                 19.542    

Slack (MET) :             19.542ns  (required time - arrival time)
  Source:                 comblock_adapter_inst/r_top_mux_reset_reg/C
                            (rising edge-triggered cell FDRE clocked by clk_fpga_0  {rise@0.000ns fall@12.500ns period=25.000ns})
  Destination:            pm_top_mux_inst/scd_estimator_inst/pm_first_stage_wrap_inst/first_stage_fsmd_control/r_fft_data_in_reg_reg[4]/CLR
                            (recovery check against rising-edge clock clk_fpga_0  {rise@0.000ns fall@12.500ns period=25.000ns})
  Path Group:             **async_default**
  Path Type:              Recovery (Max at Slow Process Corner)
  Requirement:            25.000ns  (clk_fpga_0 rise@25.000ns - clk_fpga_0 rise@0.000ns)
  Data Path Delay:        4.102ns  (logic 0.606ns (14.775%)  route 3.496ns (85.225%))
  Logic Levels:           1  (LUT3=1)
  Clock Path Skew:        -0.366ns (DCD - SCD + CPR)
    Destination Clock Delay (DCD):    2.641ns = ( 27.641 - 25.000 ) 
    Source Clock Delay      (SCD):    3.136ns
    Clock Pessimism Removal (CPR):    0.129ns
  Clock Uncertainty:      0.377ns  ((TSJ^2 + TIJ^2)^1/2 + DJ) / 2 + PE
    Total System Jitter     (TSJ):    0.071ns
    Total Input Jitter      (TIJ):    0.750ns
    Discrete Jitter          (DJ):    0.000ns
    Phase Error              (PE):    0.000ns

    Location             Delay type                Incr(ns)  Path(ns)    Netlist Resource(s)
  -------------------------------------------------------------------    -------------------
                         (clock clk_fpga_0 rise edge)
                                                      0.000     0.000 r  
    PS7_X0Y0             PS7                          0.000     0.000 r  comblock_setup_wrapper_inst/comblock_setup_i/processing_system7_0/inst/PS7_i/FCLKCLK[0]
                         net (fo=1, routed)           1.193     1.193    comblock_setup_wrapper_inst/comblock_setup_i/processing_system7_0/inst/FCLK_CLK_unbuffered[0]
    BUFGCTRL_X0Y16       BUFG (Prop_bufg_I_O)         0.101     1.294 r  comblock_setup_wrapper_inst/comblock_setup_i/processing_system7_0/inst/buffer_fclk_clk_0.FCLK_CLK_0_BUFG/O
                         net (fo=31501, routed)       1.842     3.136    comblock_adapter_inst/PS_CLOCK0
    SLICE_X37Y110        FDRE                                         r  comblock_adapter_inst/r_top_mux_reset_reg/C
  -------------------------------------------------------------------    -------------------
    SLICE_X37Y110        FDRE (Prop_fdre_C_Q)         0.456     3.592 f  comblock_adapter_inst/r_top_mux_reset_reg/Q
                         net (fo=126, routed)         1.031     4.623    pm_top_mux_inst/pm_top_mux_fsmd_control/FSM_onehot_state_reg_reg[0]_0[0]
    SLICE_X35Y98         LUT3 (Prop_lut3_I0_O)        0.150     4.773 f  pm_top_mux_inst/pm_top_mux_fsmd_control/p_0_out_i_2/O
                         net (fo=18605, routed)       2.465     7.238    pm_top_mux_inst/scd_estimator_inst/pm_first_stage_wrap_inst/first_stage_fsmd_control/i_reset0
    SLICE_X33Y75         FDCE                                         f  pm_top_mux_inst/scd_estimator_inst/pm_first_stage_wrap_inst/first_stage_fsmd_control/r_fft_data_in_reg_reg[4]/CLR
  -------------------------------------------------------------------    -------------------

                         (clock clk_fpga_0 rise edge)
                                                     25.000    25.000 r  
    PS7_X0Y0             PS7                          0.000    25.000 r  comblock_setup_wrapper_inst/comblock_setup_i/processing_system7_0/inst/PS7_i/FCLKCLK[0]
                         net (fo=1, routed)           1.088    26.088    comblock_setup_wrapper_inst/comblock_setup_i/processing_system7_0/inst/FCLK_CLK_unbuffered[0]
    BUFGCTRL_X0Y16       BUFG (Prop_bufg_I_O)         0.091    26.179 r  comblock_setup_wrapper_inst/comblock_setup_i/processing_system7_0/inst/buffer_fclk_clk_0.FCLK_CLK_0_BUFG/O
                         net (fo=31501, routed)       1.462    27.641    pm_top_mux_inst/scd_estimator_inst/pm_first_stage_wrap_inst/first_stage_fsmd_control/PS_CLOCK0
    SLICE_X33Y75         FDCE                                         r  pm_top_mux_inst/scd_estimator_inst/pm_first_stage_wrap_inst/first_stage_fsmd_control/r_fft_data_in_reg_reg[4]/C
                         clock pessimism              0.129    27.770    
                         clock uncertainty           -0.377    27.393    
    SLICE_X33Y75         FDCE (Recov_fdce_C_CLR)     -0.613    26.780    pm_top_mux_inst/scd_estimator_inst/pm_first_stage_wrap_inst/first_stage_fsmd_control/r_fft_data_in_reg_reg[4]
  -------------------------------------------------------------------
                         required time                         26.780    
                         arrival time                          -7.238    
  -------------------------------------------------------------------
                         slack                                 19.542    

Slack (MET) :             19.542ns  (required time - arrival time)
  Source:                 comblock_adapter_inst/r_top_mux_reset_reg/C
                            (rising edge-triggered cell FDRE clocked by clk_fpga_0  {rise@0.000ns fall@12.500ns period=25.000ns})
  Destination:            pm_top_mux_inst/scd_estimator_inst/pm_first_stage_wrap_inst/first_stage_fsmd_control/r_fft_data_in_reg_reg[5]/CLR
                            (recovery check against rising-edge clock clk_fpga_0  {rise@0.000ns fall@12.500ns period=25.000ns})
  Path Group:             **async_default**
  Path Type:              Recovery (Max at Slow Process Corner)
  Requirement:            25.000ns  (clk_fpga_0 rise@25.000ns - clk_fpga_0 rise@0.000ns)
  Data Path Delay:        4.102ns  (logic 0.606ns (14.775%)  route 3.496ns (85.225%))
  Logic Levels:           1  (LUT3=1)
  Clock Path Skew:        -0.366ns (DCD - SCD + CPR)
    Destination Clock Delay (DCD):    2.641ns = ( 27.641 - 25.000 ) 
    Source Clock Delay      (SCD):    3.136ns
    Clock Pessimism Removal (CPR):    0.129ns
  Clock Uncertainty:      0.377ns  ((TSJ^2 + TIJ^2)^1/2 + DJ) / 2 + PE
    Total System Jitter     (TSJ):    0.071ns
    Total Input Jitter      (TIJ):    0.750ns
    Discrete Jitter          (DJ):    0.000ns
    Phase Error              (PE):    0.000ns

    Location             Delay type                Incr(ns)  Path(ns)    Netlist Resource(s)
  -------------------------------------------------------------------    -------------------
                         (clock clk_fpga_0 rise edge)
                                                      0.000     0.000 r  
    PS7_X0Y0             PS7                          0.000     0.000 r  comblock_setup_wrapper_inst/comblock_setup_i/processing_system7_0/inst/PS7_i/FCLKCLK[0]
                         net (fo=1, routed)           1.193     1.193    comblock_setup_wrapper_inst/comblock_setup_i/processing_system7_0/inst/FCLK_CLK_unbuffered[0]
    BUFGCTRL_X0Y16       BUFG (Prop_bufg_I_O)         0.101     1.294 r  comblock_setup_wrapper_inst/comblock_setup_i/processing_system7_0/inst/buffer_fclk_clk_0.FCLK_CLK_0_BUFG/O
                         net (fo=31501, routed)       1.842     3.136    comblock_adapter_inst/PS_CLOCK0
    SLICE_X37Y110        FDRE                                         r  comblock_adapter_inst/r_top_mux_reset_reg/C
  -------------------------------------------------------------------    -------------------
    SLICE_X37Y110        FDRE (Prop_fdre_C_Q)         0.456     3.592 f  comblock_adapter_inst/r_top_mux_reset_reg/Q
                         net (fo=126, routed)         1.031     4.623    pm_top_mux_inst/pm_top_mux_fsmd_control/FSM_onehot_state_reg_reg[0]_0[0]
    SLICE_X35Y98         LUT3 (Prop_lut3_I0_O)        0.150     4.773 f  pm_top_mux_inst/pm_top_mux_fsmd_control/p_0_out_i_2/O
                         net (fo=18605, routed)       2.465     7.238    pm_top_mux_inst/scd_estimator_inst/pm_first_stage_wrap_inst/first_stage_fsmd_control/i_reset0
    SLICE_X33Y75         FDCE                                         f  pm_top_mux_inst/scd_estimator_inst/pm_first_stage_wrap_inst/first_stage_fsmd_control/r_fft_data_in_reg_reg[5]/CLR
  -------------------------------------------------------------------    -------------------

                         (clock clk_fpga_0 rise edge)
                                                     25.000    25.000 r  
    PS7_X0Y0             PS7                          0.000    25.000 r  comblock_setup_wrapper_inst/comblock_setup_i/processing_system7_0/inst/PS7_i/FCLKCLK[0]
                         net (fo=1, routed)           1.088    26.088    comblock_setup_wrapper_inst/comblock_setup_i/processing_system7_0/inst/FCLK_CLK_unbuffered[0]
    BUFGCTRL_X0Y16       BUFG (Prop_bufg_I_O)         0.091    26.179 r  comblock_setup_wrapper_inst/comblock_setup_i/processing_system7_0/inst/buffer_fclk_clk_0.FCLK_CLK_0_BUFG/O
                         net (fo=31501, routed)       1.462    27.641    pm_top_mux_inst/scd_estimator_inst/pm_first_stage_wrap_inst/first_stage_fsmd_control/PS_CLOCK0
    SLICE_X33Y75         FDCE                                         r  pm_top_mux_inst/scd_estimator_inst/pm_first_stage_wrap_inst/first_stage_fsmd_control/r_fft_data_in_reg_reg[5]/C
                         clock pessimism              0.129    27.770    
                         clock uncertainty           -0.377    27.393    
    SLICE_X33Y75         FDCE (Recov_fdce_C_CLR)     -0.613    26.780    pm_top_mux_inst/scd_estimator_inst/pm_first_stage_wrap_inst/first_stage_fsmd_control/r_fft_data_in_reg_reg[5]
  -------------------------------------------------------------------
                         required time                         26.780    
                         arrival time                          -7.238    
  -------------------------------------------------------------------
                         slack                                 19.542    

Slack (MET) :             19.542ns  (required time - arrival time)
  Source:                 comblock_adapter_inst/r_top_mux_reset_reg/C
                            (rising edge-triggered cell FDRE clocked by clk_fpga_0  {rise@0.000ns fall@12.500ns period=25.000ns})
  Destination:            pm_top_mux_inst/scd_estimator_inst/pm_first_stage_wrap_inst/first_stage_fsmd_control/r_fft_data_in_reg_reg[6]/CLR
                            (recovery check against rising-edge clock clk_fpga_0  {rise@0.000ns fall@12.500ns period=25.000ns})
  Path Group:             **async_default**
  Path Type:              Recovery (Max at Slow Process Corner)
  Requirement:            25.000ns  (clk_fpga_0 rise@25.000ns - clk_fpga_0 rise@0.000ns)
  Data Path Delay:        4.102ns  (logic 0.606ns (14.775%)  route 3.496ns (85.225%))
  Logic Levels:           1  (LUT3=1)
  Clock Path Skew:        -0.366ns (DCD - SCD + CPR)
    Destination Clock Delay (DCD):    2.641ns = ( 27.641 - 25.000 ) 
    Source Clock Delay      (SCD):    3.136ns
    Clock Pessimism Removal (CPR):    0.129ns
  Clock Uncertainty:      0.377ns  ((TSJ^2 + TIJ^2)^1/2 + DJ) / 2 + PE
    Total System Jitter     (TSJ):    0.071ns
    Total Input Jitter      (TIJ):    0.750ns
    Discrete Jitter          (DJ):    0.000ns
    Phase Error              (PE):    0.000ns

    Location             Delay type                Incr(ns)  Path(ns)    Netlist Resource(s)
  -------------------------------------------------------------------    -------------------
                         (clock clk_fpga_0 rise edge)
                                                      0.000     0.000 r  
    PS7_X0Y0             PS7                          0.000     0.000 r  comblock_setup_wrapper_inst/comblock_setup_i/processing_system7_0/inst/PS7_i/FCLKCLK[0]
                         net (fo=1, routed)           1.193     1.193    comblock_setup_wrapper_inst/comblock_setup_i/processing_system7_0/inst/FCLK_CLK_unbuffered[0]
    BUFGCTRL_X0Y16       BUFG (Prop_bufg_I_O)         0.101     1.294 r  comblock_setup_wrapper_inst/comblock_setup_i/processing_system7_0/inst/buffer_fclk_clk_0.FCLK_CLK_0_BUFG/O
                         net (fo=31501, routed)       1.842     3.136    comblock_adapter_inst/PS_CLOCK0
    SLICE_X37Y110        FDRE                                         r  comblock_adapter_inst/r_top_mux_reset_reg/C
  -------------------------------------------------------------------    -------------------
    SLICE_X37Y110        FDRE (Prop_fdre_C_Q)         0.456     3.592 f  comblock_adapter_inst/r_top_mux_reset_reg/Q
                         net (fo=126, routed)         1.031     4.623    pm_top_mux_inst/pm_top_mux_fsmd_control/FSM_onehot_state_reg_reg[0]_0[0]
    SLICE_X35Y98         LUT3 (Prop_lut3_I0_O)        0.150     4.773 f  pm_top_mux_inst/pm_top_mux_fsmd_control/p_0_out_i_2/O
                         net (fo=18605, routed)       2.465     7.238    pm_top_mux_inst/scd_estimator_inst/pm_first_stage_wrap_inst/first_stage_fsmd_control/i_reset0
    SLICE_X33Y75         FDCE                                         f  pm_top_mux_inst/scd_estimator_inst/pm_first_stage_wrap_inst/first_stage_fsmd_control/r_fft_data_in_reg_reg[6]/CLR
  -------------------------------------------------------------------    -------------------

                         (clock clk_fpga_0 rise edge)
                                                     25.000    25.000 r  
    PS7_X0Y0             PS7                          0.000    25.000 r  comblock_setup_wrapper_inst/comblock_setup_i/processing_system7_0/inst/PS7_i/FCLKCLK[0]
                         net (fo=1, routed)           1.088    26.088    comblock_setup_wrapper_inst/comblock_setup_i/processing_system7_0/inst/FCLK_CLK_unbuffered[0]
    BUFGCTRL_X0Y16       BUFG (Prop_bufg_I_O)         0.091    26.179 r  comblock_setup_wrapper_inst/comblock_setup_i/processing_system7_0/inst/buffer_fclk_clk_0.FCLK_CLK_0_BUFG/O
                         net (fo=31501, routed)       1.462    27.641    pm_top_mux_inst/scd_estimator_inst/pm_first_stage_wrap_inst/first_stage_fsmd_control/PS_CLOCK0
    SLICE_X33Y75         FDCE                                         r  pm_top_mux_inst/scd_estimator_inst/pm_first_stage_wrap_inst/first_stage_fsmd_control/r_fft_data_in_reg_reg[6]/C
                         clock pessimism              0.129    27.770    
                         clock uncertainty           -0.377    27.393    
    SLICE_X33Y75         FDCE (Recov_fdce_C_CLR)     -0.613    26.780    pm_top_mux_inst/scd_estimator_inst/pm_first_stage_wrap_inst/first_stage_fsmd_control/r_fft_data_in_reg_reg[6]
  -------------------------------------------------------------------
                         required time                         26.780    
                         arrival time                          -7.238    
  -------------------------------------------------------------------
                         slack                                 19.542    

Slack (MET) :             19.677ns  (required time - arrival time)
  Source:                 comblock_adapter_inst/r_top_mux_reset_reg/C
                            (rising edge-triggered cell FDRE clocked by clk_fpga_0  {rise@0.000ns fall@12.500ns period=25.000ns})
  Destination:            pm_top_mux_inst/scd_estimator_inst/pm_first_stage_wrap_inst/first_stage_fsmd_control/FSM_onehot_state_reg_reg[4]/CLR
                            (recovery check against rising-edge clock clk_fpga_0  {rise@0.000ns fall@12.500ns period=25.000ns})
  Path Group:             **async_default**
  Path Type:              Recovery (Max at Slow Process Corner)
  Requirement:            25.000ns  (clk_fpga_0 rise@25.000ns - clk_fpga_0 rise@0.000ns)
  Data Path Delay:        4.022ns  (logic 0.606ns (15.067%)  route 3.416ns (84.933%))
  Logic Levels:           1  (LUT3=1)
  Clock Path Skew:        -0.311ns (DCD - SCD + CPR)
    Destination Clock Delay (DCD):    2.696ns = ( 27.696 - 25.000 ) 
    Source Clock Delay      (SCD):    3.136ns
    Clock Pessimism Removal (CPR):    0.129ns
  Clock Uncertainty:      0.377ns  ((TSJ^2 + TIJ^2)^1/2 + DJ) / 2 + PE
    Total System Jitter     (TSJ):    0.071ns
    Total Input Jitter      (TIJ):    0.750ns
    Discrete Jitter          (DJ):    0.000ns
    Phase Error              (PE):    0.000ns

    Location             Delay type                Incr(ns)  Path(ns)    Netlist Resource(s)
  -------------------------------------------------------------------    -------------------
                         (clock clk_fpga_0 rise edge)
                                                      0.000     0.000 r  
    PS7_X0Y0             PS7                          0.000     0.000 r  comblock_setup_wrapper_inst/comblock_setup_i/processing_system7_0/inst/PS7_i/FCLKCLK[0]
                         net (fo=1, routed)           1.193     1.193    comblock_setup_wrapper_inst/comblock_setup_i/processing_system7_0/inst/FCLK_CLK_unbuffered[0]
    BUFGCTRL_X0Y16       BUFG (Prop_bufg_I_O)         0.101     1.294 r  comblock_setup_wrapper_inst/comblock_setup_i/processing_system7_0/inst/buffer_fclk_clk_0.FCLK_CLK_0_BUFG/O
                         net (fo=31501, routed)       1.842     3.136    comblock_adapter_inst/PS_CLOCK0
    SLICE_X37Y110        FDRE                                         r  comblock_adapter_inst/r_top_mux_reset_reg/C
  -------------------------------------------------------------------    -------------------
    SLICE_X37Y110        FDRE (Prop_fdre_C_Q)         0.456     3.592 f  comblock_adapter_inst/r_top_mux_reset_reg/Q
                         net (fo=126, routed)         1.031     4.623    pm_top_mux_inst/pm_top_mux_fsmd_control/FSM_onehot_state_reg_reg[0]_0[0]
    SLICE_X35Y98         LUT3 (Prop_lut3_I0_O)        0.150     4.773 f  pm_top_mux_inst/pm_top_mux_fsmd_control/p_0_out_i_2/O
                         net (fo=18605, routed)       2.385     7.158    pm_top_mux_inst/scd_estimator_inst/pm_first_stage_wrap_inst/first_stage_fsmd_control/i_reset0
    SLICE_X29Y82         FDCE                                         f  pm_top_mux_inst/scd_estimator_inst/pm_first_stage_wrap_inst/first_stage_fsmd_control/FSM_onehot_state_reg_reg[4]/CLR
  -------------------------------------------------------------------    -------------------

                         (clock clk_fpga_0 rise edge)
                                                     25.000    25.000 r  
    PS7_X0Y0             PS7                          0.000    25.000 r  comblock_setup_wrapper_inst/comblock_setup_i/processing_system7_0/inst/PS7_i/FCLKCLK[0]
                         net (fo=1, routed)           1.088    26.088    comblock_setup_wrapper_inst/comblock_setup_i/processing_system7_0/inst/FCLK_CLK_unbuffered[0]
    BUFGCTRL_X0Y16       BUFG (Prop_bufg_I_O)         0.091    26.179 r  comblock_setup_wrapper_inst/comblock_setup_i/processing_system7_0/inst/buffer_fclk_clk_0.FCLK_CLK_0_BUFG/O
                         net (fo=31501, routed)       1.517    27.696    pm_top_mux_inst/scd_estimator_inst/pm_first_stage_wrap_inst/first_stage_fsmd_control/PS_CLOCK0
    SLICE_X29Y82         FDCE                                         r  pm_top_mux_inst/scd_estimator_inst/pm_first_stage_wrap_inst/first_stage_fsmd_control/FSM_onehot_state_reg_reg[4]/C
                         clock pessimism              0.129    27.825    
                         clock uncertainty           -0.377    27.448    
    SLICE_X29Y82         FDCE (Recov_fdce_C_CLR)     -0.613    26.835    pm_top_mux_inst/scd_estimator_inst/pm_first_stage_wrap_inst/first_stage_fsmd_control/FSM_onehot_state_reg_reg[4]
  -------------------------------------------------------------------
                         required time                         26.835    
                         arrival time                          -7.158    
  -------------------------------------------------------------------
                         slack                                 19.677    

Slack (MET) :             19.677ns  (required time - arrival time)
  Source:                 comblock_adapter_inst/r_top_mux_reset_reg/C
                            (rising edge-triggered cell FDRE clocked by clk_fpga_0  {rise@0.000ns fall@12.500ns period=25.000ns})
  Destination:            pm_top_mux_inst/scd_estimator_inst/pm_first_stage_wrap_inst/first_stage_fsmd_control/FSM_onehot_state_reg_reg[5]/CLR
                            (recovery check against rising-edge clock clk_fpga_0  {rise@0.000ns fall@12.500ns period=25.000ns})
  Path Group:             **async_default**
  Path Type:              Recovery (Max at Slow Process Corner)
  Requirement:            25.000ns  (clk_fpga_0 rise@25.000ns - clk_fpga_0 rise@0.000ns)
  Data Path Delay:        4.022ns  (logic 0.606ns (15.067%)  route 3.416ns (84.933%))
  Logic Levels:           1  (LUT3=1)
  Clock Path Skew:        -0.311ns (DCD - SCD + CPR)
    Destination Clock Delay (DCD):    2.696ns = ( 27.696 - 25.000 ) 
    Source Clock Delay      (SCD):    3.136ns
    Clock Pessimism Removal (CPR):    0.129ns
  Clock Uncertainty:      0.377ns  ((TSJ^2 + TIJ^2)^1/2 + DJ) / 2 + PE
    Total System Jitter     (TSJ):    0.071ns
    Total Input Jitter      (TIJ):    0.750ns
    Discrete Jitter          (DJ):    0.000ns
    Phase Error              (PE):    0.000ns

    Location             Delay type                Incr(ns)  Path(ns)    Netlist Resource(s)
  -------------------------------------------------------------------    -------------------
                         (clock clk_fpga_0 rise edge)
                                                      0.000     0.000 r  
    PS7_X0Y0             PS7                          0.000     0.000 r  comblock_setup_wrapper_inst/comblock_setup_i/processing_system7_0/inst/PS7_i/FCLKCLK[0]
                         net (fo=1, routed)           1.193     1.193    comblock_setup_wrapper_inst/comblock_setup_i/processing_system7_0/inst/FCLK_CLK_unbuffered[0]
    BUFGCTRL_X0Y16       BUFG (Prop_bufg_I_O)         0.101     1.294 r  comblock_setup_wrapper_inst/comblock_setup_i/processing_system7_0/inst/buffer_fclk_clk_0.FCLK_CLK_0_BUFG/O
                         net (fo=31501, routed)       1.842     3.136    comblock_adapter_inst/PS_CLOCK0
    SLICE_X37Y110        FDRE                                         r  comblock_adapter_inst/r_top_mux_reset_reg/C
  -------------------------------------------------------------------    -------------------
    SLICE_X37Y110        FDRE (Prop_fdre_C_Q)         0.456     3.592 f  comblock_adapter_inst/r_top_mux_reset_reg/Q
                         net (fo=126, routed)         1.031     4.623    pm_top_mux_inst/pm_top_mux_fsmd_control/FSM_onehot_state_reg_reg[0]_0[0]
    SLICE_X35Y98         LUT3 (Prop_lut3_I0_O)        0.150     4.773 f  pm_top_mux_inst/pm_top_mux_fsmd_control/p_0_out_i_2/O
                         net (fo=18605, routed)       2.385     7.158    pm_top_mux_inst/scd_estimator_inst/pm_first_stage_wrap_inst/first_stage_fsmd_control/i_reset0
    SLICE_X29Y82         FDCE                                         f  pm_top_mux_inst/scd_estimator_inst/pm_first_stage_wrap_inst/first_stage_fsmd_control/FSM_onehot_state_reg_reg[5]/CLR
  -------------------------------------------------------------------    -------------------

                         (clock clk_fpga_0 rise edge)
                                                     25.000    25.000 r  
    PS7_X0Y0             PS7                          0.000    25.000 r  comblock_setup_wrapper_inst/comblock_setup_i/processing_system7_0/inst/PS7_i/FCLKCLK[0]
                         net (fo=1, routed)           1.088    26.088    comblock_setup_wrapper_inst/comblock_setup_i/processing_system7_0/inst/FCLK_CLK_unbuffered[0]
    BUFGCTRL_X0Y16       BUFG (Prop_bufg_I_O)         0.091    26.179 r  comblock_setup_wrapper_inst/comblock_setup_i/processing_system7_0/inst/buffer_fclk_clk_0.FCLK_CLK_0_BUFG/O
                         net (fo=31501, routed)       1.517    27.696    pm_top_mux_inst/scd_estimator_inst/pm_first_stage_wrap_inst/first_stage_fsmd_control/PS_CLOCK0
    SLICE_X29Y82         FDCE                                         r  pm_top_mux_inst/scd_estimator_inst/pm_first_stage_wrap_inst/first_stage_fsmd_control/FSM_onehot_state_reg_reg[5]/C
                         clock pessimism              0.129    27.825    
                         clock uncertainty           -0.377    27.448    
    SLICE_X29Y82         FDCE (Recov_fdce_C_CLR)     -0.613    26.835    pm_top_mux_inst/scd_estimator_inst/pm_first_stage_wrap_inst/first_stage_fsmd_control/FSM_onehot_state_reg_reg[5]
  -------------------------------------------------------------------
                         required time                         26.835    
                         arrival time                          -7.158    
  -------------------------------------------------------------------
                         slack                                 19.677    





Min Delay Paths
--------------------------------------------------------------------------------------
Slack (MET) :             1.243ns  (arrival time - required time)
  Source:                 comblock_adapter_inst/r_top_mux_reset_reg/C
                            (rising edge-triggered cell FDRE clocked by clk_fpga_0  {rise@0.000ns fall@12.500ns period=25.000ns})
  Destination:            pm_top_mux_inst/scd_estimator_inst/pm_first_stage_wrap_inst/first_stage_fsmd_control/FSM_onehot_state_reg_reg[1]/CLR
                            (removal check against rising-edge clock clk_fpga_0  {rise@0.000ns fall@12.500ns period=25.000ns})
  Path Group:             **async_default**
  Path Type:              Removal (Min at Fast Process Corner)
  Requirement:            0.000ns  (clk_fpga_0 rise@0.000ns - clk_fpga_0 rise@0.000ns)
  Data Path Delay:        1.279ns  (logic 0.186ns (14.545%)  route 1.093ns (85.455%))
  Logic Levels:           1  (LUT3=1)
  Clock Path Skew:        0.195ns (DCD - SCD - CPR)
    Destination Clock Delay (DCD):    1.202ns
    Source Clock Delay      (SCD):    0.972ns
    Clock Pessimism Removal (CPR):    0.035ns

    Location             Delay type                Incr(ns)  Path(ns)    Netlist Resource(s)
  -------------------------------------------------------------------    -------------------
                         (clock clk_fpga_0 rise edge)
                                                      0.000     0.000 r  
    PS7_X0Y0             PS7                          0.000     0.000 r  comblock_setup_wrapper_inst/comblock_setup_i/processing_system7_0/inst/PS7_i/FCLKCLK[0]
                         net (fo=1, routed)           0.310     0.310    comblock_setup_wrapper_inst/comblock_setup_i/processing_system7_0/inst/FCLK_CLK_unbuffered[0]
    BUFGCTRL_X0Y16       BUFG (Prop_bufg_I_O)         0.026     0.336 r  comblock_setup_wrapper_inst/comblock_setup_i/processing_system7_0/inst/buffer_fclk_clk_0.FCLK_CLK_0_BUFG/O
                         net (fo=31501, routed)       0.636     0.972    comblock_adapter_inst/PS_CLOCK0
    SLICE_X37Y110        FDRE                                         r  comblock_adapter_inst/r_top_mux_reset_reg/C
  -------------------------------------------------------------------    -------------------
    SLICE_X37Y110        FDRE (Prop_fdre_C_Q)         0.141     1.113 f  comblock_adapter_inst/r_top_mux_reset_reg/Q
                         net (fo=126, routed)         0.419     1.532    pm_top_mux_inst/pm_top_mux_fsmd_control/FSM_onehot_state_reg_reg[0]_0[0]
    SLICE_X35Y98         LUT3 (Prop_lut3_I0_O)        0.045     1.577 f  pm_top_mux_inst/pm_top_mux_fsmd_control/p_0_out_i_2/O
                         net (fo=18605, routed)       0.674     2.251    pm_top_mux_inst/scd_estimator_inst/pm_first_stage_wrap_inst/first_stage_fsmd_control/i_reset0
    SLICE_X31Y82         FDCE                                         f  pm_top_mux_inst/scd_estimator_inst/pm_first_stage_wrap_inst/first_stage_fsmd_control/FSM_onehot_state_reg_reg[1]/CLR
  -------------------------------------------------------------------    -------------------

                         (clock clk_fpga_0 rise edge)
                                                      0.000     0.000 r  
    PS7_X0Y0             PS7                          0.000     0.000 r  comblock_setup_wrapper_inst/comblock_setup_i/processing_system7_0/inst/PS7_i/FCLKCLK[0]
                         net (fo=1, routed)           0.337     0.337    comblock_setup_wrapper_inst/comblock_setup_i/processing_system7_0/inst/FCLK_CLK_unbuffered[0]
    BUFGCTRL_X0Y16       BUFG (Prop_bufg_I_O)         0.029     0.366 r  comblock_setup_wrapper_inst/comblock_setup_i/processing_system7_0/inst/buffer_fclk_clk_0.FCLK_CLK_0_BUFG/O
                         net (fo=31501, routed)       0.836     1.202    pm_top_mux_inst/scd_estimator_inst/pm_first_stage_wrap_inst/first_stage_fsmd_control/PS_CLOCK0
    SLICE_X31Y82         FDCE                                         r  pm_top_mux_inst/scd_estimator_inst/pm_first_stage_wrap_inst/first_stage_fsmd_control/FSM_onehot_state_reg_reg[1]/C
                         clock pessimism             -0.035     1.167    
    SLICE_X31Y82         FDCE (Remov_fdce_C_CLR)     -0.159     1.008    pm_top_mux_inst/scd_estimator_inst/pm_first_stage_wrap_inst/first_stage_fsmd_control/FSM_onehot_state_reg_reg[1]
  -------------------------------------------------------------------
                         required time                         -1.008    
                         arrival time                           2.251    
  -------------------------------------------------------------------
                         slack                                  1.243    

Slack (MET) :             1.246ns  (arrival time - required time)
  Source:                 comblock_adapter_inst/r_top_mux_reset_reg/C
                            (rising edge-triggered cell FDRE clocked by clk_fpga_0  {rise@0.000ns fall@12.500ns period=25.000ns})
  Destination:            pm_top_mux_inst/scd_estimator_inst/pm_first_stage_wrap_inst/first_stage_fsmd_control/FSM_onehot_state_reg_reg[0]/PRE
                            (removal check against rising-edge clock clk_fpga_0  {rise@0.000ns fall@12.500ns period=25.000ns})
  Path Group:             **async_default**
  Path Type:              Removal (Min at Fast Process Corner)
  Requirement:            0.000ns  (clk_fpga_0 rise@0.000ns - clk_fpga_0 rise@0.000ns)
  Data Path Delay:        1.279ns  (logic 0.186ns (14.545%)  route 1.093ns (85.455%))
  Logic Levels:           1  (LUT3=1)
  Clock Path Skew:        0.195ns (DCD - SCD - CPR)
    Destination Clock Delay (DCD):    1.202ns
    Source Clock Delay      (SCD):    0.972ns
    Clock Pessimism Removal (CPR):    0.035ns

    Location             Delay type                Incr(ns)  Path(ns)    Netlist Resource(s)
  -------------------------------------------------------------------    -------------------
                         (clock clk_fpga_0 rise edge)
                                                      0.000     0.000 r  
    PS7_X0Y0             PS7                          0.000     0.000 r  comblock_setup_wrapper_inst/comblock_setup_i/processing_system7_0/inst/PS7_i/FCLKCLK[0]
                         net (fo=1, routed)           0.310     0.310    comblock_setup_wrapper_inst/comblock_setup_i/processing_system7_0/inst/FCLK_CLK_unbuffered[0]
    BUFGCTRL_X0Y16       BUFG (Prop_bufg_I_O)         0.026     0.336 r  comblock_setup_wrapper_inst/comblock_setup_i/processing_system7_0/inst/buffer_fclk_clk_0.FCLK_CLK_0_BUFG/O
                         net (fo=31501, routed)       0.636     0.972    comblock_adapter_inst/PS_CLOCK0
    SLICE_X37Y110        FDRE                                         r  comblock_adapter_inst/r_top_mux_reset_reg/C
  -------------------------------------------------------------------    -------------------
    SLICE_X37Y110        FDRE (Prop_fdre_C_Q)         0.141     1.113 f  comblock_adapter_inst/r_top_mux_reset_reg/Q
                         net (fo=126, routed)         0.419     1.532    pm_top_mux_inst/pm_top_mux_fsmd_control/FSM_onehot_state_reg_reg[0]_0[0]
    SLICE_X35Y98         LUT3 (Prop_lut3_I0_O)        0.045     1.577 f  pm_top_mux_inst/pm_top_mux_fsmd_control/p_0_out_i_2/O
                         net (fo=18605, routed)       0.674     2.251    pm_top_mux_inst/scd_estimator_inst/pm_first_stage_wrap_inst/first_stage_fsmd_control/i_reset0
    SLICE_X31Y82         FDPE                                         f  pm_top_mux_inst/scd_estimator_inst/pm_first_stage_wrap_inst/first_stage_fsmd_control/FSM_onehot_state_reg_reg[0]/PRE
  -------------------------------------------------------------------    -------------------

                         (clock clk_fpga_0 rise edge)
                                                      0.000     0.000 r  
    PS7_X0Y0             PS7                          0.000     0.000 r  comblock_setup_wrapper_inst/comblock_setup_i/processing_system7_0/inst/PS7_i/FCLKCLK[0]
                         net (fo=1, routed)           0.337     0.337    comblock_setup_wrapper_inst/comblock_setup_i/processing_system7_0/inst/FCLK_CLK_unbuffered[0]
    BUFGCTRL_X0Y16       BUFG (Prop_bufg_I_O)         0.029     0.366 r  comblock_setup_wrapper_inst/comblock_setup_i/processing_system7_0/inst/buffer_fclk_clk_0.FCLK_CLK_0_BUFG/O
                         net (fo=31501, routed)       0.836     1.202    pm_top_mux_inst/scd_estimator_inst/pm_first_stage_wrap_inst/first_stage_fsmd_control/PS_CLOCK0
    SLICE_X31Y82         FDPE                                         r  pm_top_mux_inst/scd_estimator_inst/pm_first_stage_wrap_inst/first_stage_fsmd_control/FSM_onehot_state_reg_reg[0]/C
                         clock pessimism             -0.035     1.167    
    SLICE_X31Y82         FDPE (Remov_fdpe_C_PRE)     -0.162     1.005    pm_top_mux_inst/scd_estimator_inst/pm_first_stage_wrap_inst/first_stage_fsmd_control/FSM_onehot_state_reg_reg[0]
  -------------------------------------------------------------------
                         required time                         -1.005    
                         arrival time                           2.251    
  -------------------------------------------------------------------
                         slack                                  1.246    

Slack (MET) :             1.298ns  (arrival time - required time)
  Source:                 comblock_adapter_inst/r_top_mux_reset_reg/C
                            (rising edge-triggered cell FDRE clocked by clk_fpga_0  {rise@0.000ns fall@12.500ns period=25.000ns})
  Destination:            pm_top_mux_inst/scd_estimator_inst/pm_first_stage_wrap_inst/first_stage_fsmd_control/r_fft_data_in_reg_reg[11]/CLR
                            (removal check against rising-edge clock clk_fpga_0  {rise@0.000ns fall@12.500ns period=25.000ns})
  Path Group:             **async_default**
  Path Type:              Removal (Min at Fast Process Corner)
  Requirement:            0.000ns  (clk_fpga_0 rise@0.000ns - clk_fpga_0 rise@0.000ns)
  Data Path Delay:        1.333ns  (logic 0.186ns (13.951%)  route 1.147ns (86.049%))
  Logic Levels:           1  (LUT3=1)
  Clock Path Skew:        0.194ns (DCD - SCD - CPR)
    Destination Clock Delay (DCD):    1.201ns
    Source Clock Delay      (SCD):    0.972ns
    Clock Pessimism Removal (CPR):    0.035ns

    Location             Delay type                Incr(ns)  Path(ns)    Netlist Resource(s)
  -------------------------------------------------------------------    -------------------
                         (clock clk_fpga_0 rise edge)
                                                      0.000     0.000 r  
    PS7_X0Y0             PS7                          0.000     0.000 r  comblock_setup_wrapper_inst/comblock_setup_i/processing_system7_0/inst/PS7_i/FCLKCLK[0]
                         net (fo=1, routed)           0.310     0.310    comblock_setup_wrapper_inst/comblock_setup_i/processing_system7_0/inst/FCLK_CLK_unbuffered[0]
    BUFGCTRL_X0Y16       BUFG (Prop_bufg_I_O)         0.026     0.336 r  comblock_setup_wrapper_inst/comblock_setup_i/processing_system7_0/inst/buffer_fclk_clk_0.FCLK_CLK_0_BUFG/O
                         net (fo=31501, routed)       0.636     0.972    comblock_adapter_inst/PS_CLOCK0
    SLICE_X37Y110        FDRE                                         r  comblock_adapter_inst/r_top_mux_reset_reg/C
  -------------------------------------------------------------------    -------------------
    SLICE_X37Y110        FDRE (Prop_fdre_C_Q)         0.141     1.113 f  comblock_adapter_inst/r_top_mux_reset_reg/Q
                         net (fo=126, routed)         0.419     1.532    pm_top_mux_inst/pm_top_mux_fsmd_control/FSM_onehot_state_reg_reg[0]_0[0]
    SLICE_X35Y98         LUT3 (Prop_lut3_I0_O)        0.045     1.577 f  pm_top_mux_inst/pm_top_mux_fsmd_control/p_0_out_i_2/O
                         net (fo=18605, routed)       0.728     2.305    pm_top_mux_inst/scd_estimator_inst/pm_first_stage_wrap_inst/first_stage_fsmd_control/i_reset0
    SLICE_X31Y81         FDCE                                         f  pm_top_mux_inst/scd_estimator_inst/pm_first_stage_wrap_inst/first_stage_fsmd_control/r_fft_data_in_reg_reg[11]/CLR
  -------------------------------------------------------------------    -------------------

                         (clock clk_fpga_0 rise edge)
                                                      0.000     0.000 r  
    PS7_X0Y0             PS7                          0.000     0.000 r  comblock_setup_wrapper_inst/comblock_setup_i/processing_system7_0/inst/PS7_i/FCLKCLK[0]
                         net (fo=1, routed)           0.337     0.337    comblock_setup_wrapper_inst/comblock_setup_i/processing_system7_0/inst/FCLK_CLK_unbuffered[0]
    BUFGCTRL_X0Y16       BUFG (Prop_bufg_I_O)         0.029     0.366 r  comblock_setup_wrapper_inst/comblock_setup_i/processing_system7_0/inst/buffer_fclk_clk_0.FCLK_CLK_0_BUFG/O
                         net (fo=31501, routed)       0.835     1.201    pm_top_mux_inst/scd_estimator_inst/pm_first_stage_wrap_inst/first_stage_fsmd_control/PS_CLOCK0
    SLICE_X31Y81         FDCE                                         r  pm_top_mux_inst/scd_estimator_inst/pm_first_stage_wrap_inst/first_stage_fsmd_control/r_fft_data_in_reg_reg[11]/C
                         clock pessimism             -0.035     1.166    
    SLICE_X31Y81         FDCE (Remov_fdce_C_CLR)     -0.159     1.007    pm_top_mux_inst/scd_estimator_inst/pm_first_stage_wrap_inst/first_stage_fsmd_control/r_fft_data_in_reg_reg[11]
  -------------------------------------------------------------------
                         required time                         -1.007    
                         arrival time                           2.305    
  -------------------------------------------------------------------
                         slack                                  1.298    

Slack (MET) :             1.298ns  (arrival time - required time)
  Source:                 comblock_adapter_inst/r_top_mux_reset_reg/C
                            (rising edge-triggered cell FDRE clocked by clk_fpga_0  {rise@0.000ns fall@12.500ns period=25.000ns})
  Destination:            pm_top_mux_inst/scd_estimator_inst/pm_first_stage_wrap_inst/first_stage_fsmd_control/r_fft_data_in_reg_reg[12]/CLR
                            (removal check against rising-edge clock clk_fpga_0  {rise@0.000ns fall@12.500ns period=25.000ns})
  Path Group:             **async_default**
  Path Type:              Removal (Min at Fast Process Corner)
  Requirement:            0.000ns  (clk_fpga_0 rise@0.000ns - clk_fpga_0 rise@0.000ns)
  Data Path Delay:        1.333ns  (logic 0.186ns (13.951%)  route 1.147ns (86.049%))
  Logic Levels:           1  (LUT3=1)
  Clock Path Skew:        0.194ns (DCD - SCD - CPR)
    Destination Clock Delay (DCD):    1.201ns
    Source Clock Delay      (SCD):    0.972ns
    Clock Pessimism Removal (CPR):    0.035ns

    Location             Delay type                Incr(ns)  Path(ns)    Netlist Resource(s)
  -------------------------------------------------------------------    -------------------
                         (clock clk_fpga_0 rise edge)
                                                      0.000     0.000 r  
    PS7_X0Y0             PS7                          0.000     0.000 r  comblock_setup_wrapper_inst/comblock_setup_i/processing_system7_0/inst/PS7_i/FCLKCLK[0]
                         net (fo=1, routed)           0.310     0.310    comblock_setup_wrapper_inst/comblock_setup_i/processing_system7_0/inst/FCLK_CLK_unbuffered[0]
    BUFGCTRL_X0Y16       BUFG (Prop_bufg_I_O)         0.026     0.336 r  comblock_setup_wrapper_inst/comblock_setup_i/processing_system7_0/inst/buffer_fclk_clk_0.FCLK_CLK_0_BUFG/O
                         net (fo=31501, routed)       0.636     0.972    comblock_adapter_inst/PS_CLOCK0
    SLICE_X37Y110        FDRE                                         r  comblock_adapter_inst/r_top_mux_reset_reg/C
  -------------------------------------------------------------------    -------------------
    SLICE_X37Y110        FDRE (Prop_fdre_C_Q)         0.141     1.113 f  comblock_adapter_inst/r_top_mux_reset_reg/Q
                         net (fo=126, routed)         0.419     1.532    pm_top_mux_inst/pm_top_mux_fsmd_control/FSM_onehot_state_reg_reg[0]_0[0]
    SLICE_X35Y98         LUT3 (Prop_lut3_I0_O)        0.045     1.577 f  pm_top_mux_inst/pm_top_mux_fsmd_control/p_0_out_i_2/O
                         net (fo=18605, routed)       0.728     2.305    pm_top_mux_inst/scd_estimator_inst/pm_first_stage_wrap_inst/first_stage_fsmd_control/i_reset0
    SLICE_X31Y81         FDCE                                         f  pm_top_mux_inst/scd_estimator_inst/pm_first_stage_wrap_inst/first_stage_fsmd_control/r_fft_data_in_reg_reg[12]/CLR
  -------------------------------------------------------------------    -------------------

                         (clock clk_fpga_0 rise edge)
                                                      0.000     0.000 r  
    PS7_X0Y0             PS7                          0.000     0.000 r  comblock_setup_wrapper_inst/comblock_setup_i/processing_system7_0/inst/PS7_i/FCLKCLK[0]
                         net (fo=1, routed)           0.337     0.337    comblock_setup_wrapper_inst/comblock_setup_i/processing_system7_0/inst/FCLK_CLK_unbuffered[0]
    BUFGCTRL_X0Y16       BUFG (Prop_bufg_I_O)         0.029     0.366 r  comblock_setup_wrapper_inst/comblock_setup_i/processing_system7_0/inst/buffer_fclk_clk_0.FCLK_CLK_0_BUFG/O
                         net (fo=31501, routed)       0.835     1.201    pm_top_mux_inst/scd_estimator_inst/pm_first_stage_wrap_inst/first_stage_fsmd_control/PS_CLOCK0
    SLICE_X31Y81         FDCE                                         r  pm_top_mux_inst/scd_estimator_inst/pm_first_stage_wrap_inst/first_stage_fsmd_control/r_fft_data_in_reg_reg[12]/C
                         clock pessimism             -0.035     1.166    
    SLICE_X31Y81         FDCE (Remov_fdce_C_CLR)     -0.159     1.007    pm_top_mux_inst/scd_estimator_inst/pm_first_stage_wrap_inst/first_stage_fsmd_control/r_fft_data_in_reg_reg[12]
  -------------------------------------------------------------------
                         required time                         -1.007    
                         arrival time                           2.305    
  -------------------------------------------------------------------
                         slack                                  1.298    

Slack (MET) :             1.298ns  (arrival time - required time)
  Source:                 comblock_adapter_inst/r_top_mux_reset_reg/C
                            (rising edge-triggered cell FDRE clocked by clk_fpga_0  {rise@0.000ns fall@12.500ns period=25.000ns})
  Destination:            pm_top_mux_inst/scd_estimator_inst/pm_first_stage_wrap_inst/first_stage_fsmd_control/r_fft_data_in_reg_reg[14]/CLR
                            (removal check against rising-edge clock clk_fpga_0  {rise@0.000ns fall@12.500ns period=25.000ns})
  Path Group:             **async_default**
  Path Type:              Removal (Min at Fast Process Corner)
  Requirement:            0.000ns  (clk_fpga_0 rise@0.000ns - clk_fpga_0 rise@0.000ns)
  Data Path Delay:        1.333ns  (logic 0.186ns (13.951%)  route 1.147ns (86.049%))
  Logic Levels:           1  (LUT3=1)
  Clock Path Skew:        0.194ns (DCD - SCD - CPR)
    Destination Clock Delay (DCD):    1.201ns
    Source Clock Delay      (SCD):    0.972ns
    Clock Pessimism Removal (CPR):    0.035ns

    Location             Delay type                Incr(ns)  Path(ns)    Netlist Resource(s)
  -------------------------------------------------------------------    -------------------
                         (clock clk_fpga_0 rise edge)
                                                      0.000     0.000 r  
    PS7_X0Y0             PS7                          0.000     0.000 r  comblock_setup_wrapper_inst/comblock_setup_i/processing_system7_0/inst/PS7_i/FCLKCLK[0]
                         net (fo=1, routed)           0.310     0.310    comblock_setup_wrapper_inst/comblock_setup_i/processing_system7_0/inst/FCLK_CLK_unbuffered[0]
    BUFGCTRL_X0Y16       BUFG (Prop_bufg_I_O)         0.026     0.336 r  comblock_setup_wrapper_inst/comblock_setup_i/processing_system7_0/inst/buffer_fclk_clk_0.FCLK_CLK_0_BUFG/O
                         net (fo=31501, routed)       0.636     0.972    comblock_adapter_inst/PS_CLOCK0
    SLICE_X37Y110        FDRE                                         r  comblock_adapter_inst/r_top_mux_reset_reg/C
  -------------------------------------------------------------------    -------------------
    SLICE_X37Y110        FDRE (Prop_fdre_C_Q)         0.141     1.113 f  comblock_adapter_inst/r_top_mux_reset_reg/Q
                         net (fo=126, routed)         0.419     1.532    pm_top_mux_inst/pm_top_mux_fsmd_control/FSM_onehot_state_reg_reg[0]_0[0]
    SLICE_X35Y98         LUT3 (Prop_lut3_I0_O)        0.045     1.577 f  pm_top_mux_inst/pm_top_mux_fsmd_control/p_0_out_i_2/O
                         net (fo=18605, routed)       0.728     2.305    pm_top_mux_inst/scd_estimator_inst/pm_first_stage_wrap_inst/first_stage_fsmd_control/i_reset0
    SLICE_X31Y81         FDCE                                         f  pm_top_mux_inst/scd_estimator_inst/pm_first_stage_wrap_inst/first_stage_fsmd_control/r_fft_data_in_reg_reg[14]/CLR
  -------------------------------------------------------------------    -------------------

                         (clock clk_fpga_0 rise edge)
                                                      0.000     0.000 r  
    PS7_X0Y0             PS7                          0.000     0.000 r  comblock_setup_wrapper_inst/comblock_setup_i/processing_system7_0/inst/PS7_i/FCLKCLK[0]
                         net (fo=1, routed)           0.337     0.337    comblock_setup_wrapper_inst/comblock_setup_i/processing_system7_0/inst/FCLK_CLK_unbuffered[0]
    BUFGCTRL_X0Y16       BUFG (Prop_bufg_I_O)         0.029     0.366 r  comblock_setup_wrapper_inst/comblock_setup_i/processing_system7_0/inst/buffer_fclk_clk_0.FCLK_CLK_0_BUFG/O
                         net (fo=31501, routed)       0.835     1.201    pm_top_mux_inst/scd_estimator_inst/pm_first_stage_wrap_inst/first_stage_fsmd_control/PS_CLOCK0
    SLICE_X31Y81         FDCE                                         r  pm_top_mux_inst/scd_estimator_inst/pm_first_stage_wrap_inst/first_stage_fsmd_control/r_fft_data_in_reg_reg[14]/C
                         clock pessimism             -0.035     1.166    
    SLICE_X31Y81         FDCE (Remov_fdce_C_CLR)     -0.159     1.007    pm_top_mux_inst/scd_estimator_inst/pm_first_stage_wrap_inst/first_stage_fsmd_control/r_fft_data_in_reg_reg[14]
  -------------------------------------------------------------------
                         required time                         -1.007    
                         arrival time                           2.305    
  -------------------------------------------------------------------
                         slack                                  1.298    

Slack (MET) :             1.298ns  (arrival time - required time)
  Source:                 comblock_adapter_inst/r_top_mux_reset_reg/C
                            (rising edge-triggered cell FDRE clocked by clk_fpga_0  {rise@0.000ns fall@12.500ns period=25.000ns})
  Destination:            pm_top_mux_inst/scd_estimator_inst/pm_first_stage_wrap_inst/first_stage_fsmd_control/r_fft_data_in_reg_reg[15]/CLR
                            (removal check against rising-edge clock clk_fpga_0  {rise@0.000ns fall@12.500ns period=25.000ns})
  Path Group:             **async_default**
  Path Type:              Removal (Min at Fast Process Corner)
  Requirement:            0.000ns  (clk_fpga_0 rise@0.000ns - clk_fpga_0 rise@0.000ns)
  Data Path Delay:        1.333ns  (logic 0.186ns (13.951%)  route 1.147ns (86.049%))
  Logic Levels:           1  (LUT3=1)
  Clock Path Skew:        0.194ns (DCD - SCD - CPR)
    Destination Clock Delay (DCD):    1.201ns
    Source Clock Delay      (SCD):    0.972ns
    Clock Pessimism Removal (CPR):    0.035ns

    Location             Delay type                Incr(ns)  Path(ns)    Netlist Resource(s)
  -------------------------------------------------------------------    -------------------
                         (clock clk_fpga_0 rise edge)
                                                      0.000     0.000 r  
    PS7_X0Y0             PS7                          0.000     0.000 r  comblock_setup_wrapper_inst/comblock_setup_i/processing_system7_0/inst/PS7_i/FCLKCLK[0]
                         net (fo=1, routed)           0.310     0.310    comblock_setup_wrapper_inst/comblock_setup_i/processing_system7_0/inst/FCLK_CLK_unbuffered[0]
    BUFGCTRL_X0Y16       BUFG (Prop_bufg_I_O)         0.026     0.336 r  comblock_setup_wrapper_inst/comblock_setup_i/processing_system7_0/inst/buffer_fclk_clk_0.FCLK_CLK_0_BUFG/O
                         net (fo=31501, routed)       0.636     0.972    comblock_adapter_inst/PS_CLOCK0
    SLICE_X37Y110        FDRE                                         r  comblock_adapter_inst/r_top_mux_reset_reg/C
  -------------------------------------------------------------------    -------------------
    SLICE_X37Y110        FDRE (Prop_fdre_C_Q)         0.141     1.113 f  comblock_adapter_inst/r_top_mux_reset_reg/Q
                         net (fo=126, routed)         0.419     1.532    pm_top_mux_inst/pm_top_mux_fsmd_control/FSM_onehot_state_reg_reg[0]_0[0]
    SLICE_X35Y98         LUT3 (Prop_lut3_I0_O)        0.045     1.577 f  pm_top_mux_inst/pm_top_mux_fsmd_control/p_0_out_i_2/O
                         net (fo=18605, routed)       0.728     2.305    pm_top_mux_inst/scd_estimator_inst/pm_first_stage_wrap_inst/first_stage_fsmd_control/i_reset0
    SLICE_X31Y81         FDCE                                         f  pm_top_mux_inst/scd_estimator_inst/pm_first_stage_wrap_inst/first_stage_fsmd_control/r_fft_data_in_reg_reg[15]/CLR
  -------------------------------------------------------------------    -------------------

                         (clock clk_fpga_0 rise edge)
                                                      0.000     0.000 r  
    PS7_X0Y0             PS7                          0.000     0.000 r  comblock_setup_wrapper_inst/comblock_setup_i/processing_system7_0/inst/PS7_i/FCLKCLK[0]
                         net (fo=1, routed)           0.337     0.337    comblock_setup_wrapper_inst/comblock_setup_i/processing_system7_0/inst/FCLK_CLK_unbuffered[0]
    BUFGCTRL_X0Y16       BUFG (Prop_bufg_I_O)         0.029     0.366 r  comblock_setup_wrapper_inst/comblock_setup_i/processing_system7_0/inst/buffer_fclk_clk_0.FCLK_CLK_0_BUFG/O
                         net (fo=31501, routed)       0.835     1.201    pm_top_mux_inst/scd_estimator_inst/pm_first_stage_wrap_inst/first_stage_fsmd_control/PS_CLOCK0
    SLICE_X31Y81         FDCE                                         r  pm_top_mux_inst/scd_estimator_inst/pm_first_stage_wrap_inst/first_stage_fsmd_control/r_fft_data_in_reg_reg[15]/C
                         clock pessimism             -0.035     1.166    
    SLICE_X31Y81         FDCE (Remov_fdce_C_CLR)     -0.159     1.007    pm_top_mux_inst/scd_estimator_inst/pm_first_stage_wrap_inst/first_stage_fsmd_control/r_fft_data_in_reg_reg[15]
  -------------------------------------------------------------------
                         required time                         -1.007    
                         arrival time                           2.305    
  -------------------------------------------------------------------
                         slack                                  1.298    

Slack (MET) :             1.336ns  (arrival time - required time)
  Source:                 comblock_adapter_inst/r_top_mux_reset_reg/C
                            (rising edge-triggered cell FDRE clocked by clk_fpga_0  {rise@0.000ns fall@12.500ns period=25.000ns})
  Destination:            pm_top_mux_inst/scd_estimator_inst/pm_first_stage_wrap_inst/first_stage_fsmd_control/r_fft_data_in_reg_reg[16]/CLR
                            (removal check against rising-edge clock clk_fpga_0  {rise@0.000ns fall@12.500ns period=25.000ns})
  Path Group:             **async_default**
  Path Type:              Removal (Min at Fast Process Corner)
  Requirement:            0.000ns  (clk_fpga_0 rise@0.000ns - clk_fpga_0 rise@0.000ns)
  Data Path Delay:        1.365ns  (logic 0.186ns (13.628%)  route 1.179ns (86.372%))
  Logic Levels:           1  (LUT3=1)
  Clock Path Skew:        0.188ns (DCD - SCD - CPR)
    Destination Clock Delay (DCD):    1.195ns
    Source Clock Delay      (SCD):    0.972ns
    Clock Pessimism Removal (CPR):    0.035ns

    Location             Delay type                Incr(ns)  Path(ns)    Netlist Resource(s)
  -------------------------------------------------------------------    -------------------
                         (clock clk_fpga_0 rise edge)
                                                      0.000     0.000 r  
    PS7_X0Y0             PS7                          0.000     0.000 r  comblock_setup_wrapper_inst/comblock_setup_i/processing_system7_0/inst/PS7_i/FCLKCLK[0]
                         net (fo=1, routed)           0.310     0.310    comblock_setup_wrapper_inst/comblock_setup_i/processing_system7_0/inst/FCLK_CLK_unbuffered[0]
    BUFGCTRL_X0Y16       BUFG (Prop_bufg_I_O)         0.026     0.336 r  comblock_setup_wrapper_inst/comblock_setup_i/processing_system7_0/inst/buffer_fclk_clk_0.FCLK_CLK_0_BUFG/O
                         net (fo=31501, routed)       0.636     0.972    comblock_adapter_inst/PS_CLOCK0
    SLICE_X37Y110        FDRE                                         r  comblock_adapter_inst/r_top_mux_reset_reg/C
  -------------------------------------------------------------------    -------------------
    SLICE_X37Y110        FDRE (Prop_fdre_C_Q)         0.141     1.113 f  comblock_adapter_inst/r_top_mux_reset_reg/Q
                         net (fo=126, routed)         0.419     1.532    pm_top_mux_inst/pm_top_mux_fsmd_control/FSM_onehot_state_reg_reg[0]_0[0]
    SLICE_X35Y98         LUT3 (Prop_lut3_I0_O)        0.045     1.577 f  pm_top_mux_inst/pm_top_mux_fsmd_control/p_0_out_i_2/O
                         net (fo=18605, routed)       0.760     2.337    pm_top_mux_inst/scd_estimator_inst/pm_first_stage_wrap_inst/first_stage_fsmd_control/i_reset0
    SLICE_X31Y76         FDCE                                         f  pm_top_mux_inst/scd_estimator_inst/pm_first_stage_wrap_inst/first_stage_fsmd_control/r_fft_data_in_reg_reg[16]/CLR
  -------------------------------------------------------------------    -------------------

                         (clock clk_fpga_0 rise edge)
                                                      0.000     0.000 r  
    PS7_X0Y0             PS7                          0.000     0.000 r  comblock_setup_wrapper_inst/comblock_setup_i/processing_system7_0/inst/PS7_i/FCLKCLK[0]
                         net (fo=1, routed)           0.337     0.337    comblock_setup_wrapper_inst/comblock_setup_i/processing_system7_0/inst/FCLK_CLK_unbuffered[0]
    BUFGCTRL_X0Y16       BUFG (Prop_bufg_I_O)         0.029     0.366 r  comblock_setup_wrapper_inst/comblock_setup_i/processing_system7_0/inst/buffer_fclk_clk_0.FCLK_CLK_0_BUFG/O
                         net (fo=31501, routed)       0.829     1.195    pm_top_mux_inst/scd_estimator_inst/pm_first_stage_wrap_inst/first_stage_fsmd_control/PS_CLOCK0
    SLICE_X31Y76         FDCE                                         r  pm_top_mux_inst/scd_estimator_inst/pm_first_stage_wrap_inst/first_stage_fsmd_control/r_fft_data_in_reg_reg[16]/C
                         clock pessimism             -0.035     1.160    
    SLICE_X31Y76         FDCE (Remov_fdce_C_CLR)     -0.159     1.001    pm_top_mux_inst/scd_estimator_inst/pm_first_stage_wrap_inst/first_stage_fsmd_control/r_fft_data_in_reg_reg[16]
  -------------------------------------------------------------------
                         required time                         -1.001    
                         arrival time                           2.337    
  -------------------------------------------------------------------
                         slack                                  1.336    

Slack (MET) :             1.336ns  (arrival time - required time)
  Source:                 comblock_adapter_inst/r_top_mux_reset_reg/C
                            (rising edge-triggered cell FDRE clocked by clk_fpga_0  {rise@0.000ns fall@12.500ns period=25.000ns})
  Destination:            pm_top_mux_inst/scd_estimator_inst/pm_first_stage_wrap_inst/first_stage_fsmd_control/r_fft_data_in_reg_reg[1]/CLR
                            (removal check against rising-edge clock clk_fpga_0  {rise@0.000ns fall@12.500ns period=25.000ns})
  Path Group:             **async_default**
  Path Type:              Removal (Min at Fast Process Corner)
  Requirement:            0.000ns  (clk_fpga_0 rise@0.000ns - clk_fpga_0 rise@0.000ns)
  Data Path Delay:        1.365ns  (logic 0.186ns (13.628%)  route 1.179ns (86.372%))
  Logic Levels:           1  (LUT3=1)
  Clock Path Skew:        0.188ns (DCD - SCD - CPR)
    Destination Clock Delay (DCD):    1.195ns
    Source Clock Delay      (SCD):    0.972ns
    Clock Pessimism Removal (CPR):    0.035ns

    Location             Delay type                Incr(ns)  Path(ns)    Netlist Resource(s)
  -------------------------------------------------------------------    -------------------
                         (clock clk_fpga_0 rise edge)
                                                      0.000     0.000 r  
    PS7_X0Y0             PS7                          0.000     0.000 r  comblock_setup_wrapper_inst/comblock_setup_i/processing_system7_0/inst/PS7_i/FCLKCLK[0]
                         net (fo=1, routed)           0.310     0.310    comblock_setup_wrapper_inst/comblock_setup_i/processing_system7_0/inst/FCLK_CLK_unbuffered[0]
    BUFGCTRL_X0Y16       BUFG (Prop_bufg_I_O)         0.026     0.336 r  comblock_setup_wrapper_inst/comblock_setup_i/processing_system7_0/inst/buffer_fclk_clk_0.FCLK_CLK_0_BUFG/O
                         net (fo=31501, routed)       0.636     0.972    comblock_adapter_inst/PS_CLOCK0
    SLICE_X37Y110        FDRE                                         r  comblock_adapter_inst/r_top_mux_reset_reg/C
  -------------------------------------------------------------------    -------------------
    SLICE_X37Y110        FDRE (Prop_fdre_C_Q)         0.141     1.113 f  comblock_adapter_inst/r_top_mux_reset_reg/Q
                         net (fo=126, routed)         0.419     1.532    pm_top_mux_inst/pm_top_mux_fsmd_control/FSM_onehot_state_reg_reg[0]_0[0]
    SLICE_X35Y98         LUT3 (Prop_lut3_I0_O)        0.045     1.577 f  pm_top_mux_inst/pm_top_mux_fsmd_control/p_0_out_i_2/O
                         net (fo=18605, routed)       0.760     2.337    pm_top_mux_inst/scd_estimator_inst/pm_first_stage_wrap_inst/first_stage_fsmd_control/i_reset0
    SLICE_X31Y76         FDCE                                         f  pm_top_mux_inst/scd_estimator_inst/pm_first_stage_wrap_inst/first_stage_fsmd_control/r_fft_data_in_reg_reg[1]/CLR
  -------------------------------------------------------------------    -------------------

                         (clock clk_fpga_0 rise edge)
                                                      0.000     0.000 r  
    PS7_X0Y0             PS7                          0.000     0.000 r  comblock_setup_wrapper_inst/comblock_setup_i/processing_system7_0/inst/PS7_i/FCLKCLK[0]
                         net (fo=1, routed)           0.337     0.337    comblock_setup_wrapper_inst/comblock_setup_i/processing_system7_0/inst/FCLK_CLK_unbuffered[0]
    BUFGCTRL_X0Y16       BUFG (Prop_bufg_I_O)         0.029     0.366 r  comblock_setup_wrapper_inst/comblock_setup_i/processing_system7_0/inst/buffer_fclk_clk_0.FCLK_CLK_0_BUFG/O
                         net (fo=31501, routed)       0.829     1.195    pm_top_mux_inst/scd_estimator_inst/pm_first_stage_wrap_inst/first_stage_fsmd_control/PS_CLOCK0
    SLICE_X31Y76         FDCE                                         r  pm_top_mux_inst/scd_estimator_inst/pm_first_stage_wrap_inst/first_stage_fsmd_control/r_fft_data_in_reg_reg[1]/C
                         clock pessimism             -0.035     1.160    
    SLICE_X31Y76         FDCE (Remov_fdce_C_CLR)     -0.159     1.001    pm_top_mux_inst/scd_estimator_inst/pm_first_stage_wrap_inst/first_stage_fsmd_control/r_fft_data_in_reg_reg[1]
  -------------------------------------------------------------------
                         required time                         -1.001    
                         arrival time                           2.337    
  -------------------------------------------------------------------
                         slack                                  1.336    

Slack (MET) :             1.336ns  (arrival time - required time)
  Source:                 comblock_adapter_inst/r_top_mux_reset_reg/C
                            (rising edge-triggered cell FDRE clocked by clk_fpga_0  {rise@0.000ns fall@12.500ns period=25.000ns})
  Destination:            pm_top_mux_inst/scd_estimator_inst/pm_first_stage_wrap_inst/first_stage_fsmd_control/r_fft_data_in_reg_reg[21]/CLR
                            (removal check against rising-edge clock clk_fpga_0  {rise@0.000ns fall@12.500ns period=25.000ns})
  Path Group:             **async_default**
  Path Type:              Removal (Min at Fast Process Corner)
  Requirement:            0.000ns  (clk_fpga_0 rise@0.000ns - clk_fpga_0 rise@0.000ns)
  Data Path Delay:        1.365ns  (logic 0.186ns (13.628%)  route 1.179ns (86.372%))
  Logic Levels:           1  (LUT3=1)
  Clock Path Skew:        0.188ns (DCD - SCD - CPR)
    Destination Clock Delay (DCD):    1.195ns
    Source Clock Delay      (SCD):    0.972ns
    Clock Pessimism Removal (CPR):    0.035ns

    Location             Delay type                Incr(ns)  Path(ns)    Netlist Resource(s)
  -------------------------------------------------------------------    -------------------
                         (clock clk_fpga_0 rise edge)
                                                      0.000     0.000 r  
    PS7_X0Y0             PS7                          0.000     0.000 r  comblock_setup_wrapper_inst/comblock_setup_i/processing_system7_0/inst/PS7_i/FCLKCLK[0]
                         net (fo=1, routed)           0.310     0.310    comblock_setup_wrapper_inst/comblock_setup_i/processing_system7_0/inst/FCLK_CLK_unbuffered[0]
    BUFGCTRL_X0Y16       BUFG (Prop_bufg_I_O)         0.026     0.336 r  comblock_setup_wrapper_inst/comblock_setup_i/processing_system7_0/inst/buffer_fclk_clk_0.FCLK_CLK_0_BUFG/O
                         net (fo=31501, routed)       0.636     0.972    comblock_adapter_inst/PS_CLOCK0
    SLICE_X37Y110        FDRE                                         r  comblock_adapter_inst/r_top_mux_reset_reg/C
  -------------------------------------------------------------------    -------------------
    SLICE_X37Y110        FDRE (Prop_fdre_C_Q)         0.141     1.113 f  comblock_adapter_inst/r_top_mux_reset_reg/Q
                         net (fo=126, routed)         0.419     1.532    pm_top_mux_inst/pm_top_mux_fsmd_control/FSM_onehot_state_reg_reg[0]_0[0]
    SLICE_X35Y98         LUT3 (Prop_lut3_I0_O)        0.045     1.577 f  pm_top_mux_inst/pm_top_mux_fsmd_control/p_0_out_i_2/O
                         net (fo=18605, routed)       0.760     2.337    pm_top_mux_inst/scd_estimator_inst/pm_first_stage_wrap_inst/first_stage_fsmd_control/i_reset0
    SLICE_X31Y76         FDCE                                         f  pm_top_mux_inst/scd_estimator_inst/pm_first_stage_wrap_inst/first_stage_fsmd_control/r_fft_data_in_reg_reg[21]/CLR
  -------------------------------------------------------------------    -------------------

                         (clock clk_fpga_0 rise edge)
                                                      0.000     0.000 r  
    PS7_X0Y0             PS7                          0.000     0.000 r  comblock_setup_wrapper_inst/comblock_setup_i/processing_system7_0/inst/PS7_i/FCLKCLK[0]
                         net (fo=1, routed)           0.337     0.337    comblock_setup_wrapper_inst/comblock_setup_i/processing_system7_0/inst/FCLK_CLK_unbuffered[0]
    BUFGCTRL_X0Y16       BUFG (Prop_bufg_I_O)         0.029     0.366 r  comblock_setup_wrapper_inst/comblock_setup_i/processing_system7_0/inst/buffer_fclk_clk_0.FCLK_CLK_0_BUFG/O
                         net (fo=31501, routed)       0.829     1.195    pm_top_mux_inst/scd_estimator_inst/pm_first_stage_wrap_inst/first_stage_fsmd_control/PS_CLOCK0
    SLICE_X31Y76         FDCE                                         r  pm_top_mux_inst/scd_estimator_inst/pm_first_stage_wrap_inst/first_stage_fsmd_control/r_fft_data_in_reg_reg[21]/C
                         clock pessimism             -0.035     1.160    
    SLICE_X31Y76         FDCE (Remov_fdce_C_CLR)     -0.159     1.001    pm_top_mux_inst/scd_estimator_inst/pm_first_stage_wrap_inst/first_stage_fsmd_control/r_fft_data_in_reg_reg[21]
  -------------------------------------------------------------------
                         required time                         -1.001    
                         arrival time                           2.337    
  -------------------------------------------------------------------
                         slack                                  1.336    

Slack (MET) :             1.336ns  (arrival time - required time)
  Source:                 comblock_adapter_inst/r_top_mux_reset_reg/C
                            (rising edge-triggered cell FDRE clocked by clk_fpga_0  {rise@0.000ns fall@12.500ns period=25.000ns})
  Destination:            pm_top_mux_inst/scd_estimator_inst/pm_first_stage_wrap_inst/first_stage_fsmd_control/r_fft_data_in_reg_reg[2]/CLR
                            (removal check against rising-edge clock clk_fpga_0  {rise@0.000ns fall@12.500ns period=25.000ns})
  Path Group:             **async_default**
  Path Type:              Removal (Min at Fast Process Corner)
  Requirement:            0.000ns  (clk_fpga_0 rise@0.000ns - clk_fpga_0 rise@0.000ns)
  Data Path Delay:        1.365ns  (logic 0.186ns (13.628%)  route 1.179ns (86.372%))
  Logic Levels:           1  (LUT3=1)
  Clock Path Skew:        0.188ns (DCD - SCD - CPR)
    Destination Clock Delay (DCD):    1.195ns
    Source Clock Delay      (SCD):    0.972ns
    Clock Pessimism Removal (CPR):    0.035ns

    Location             Delay type                Incr(ns)  Path(ns)    Netlist Resource(s)
  -------------------------------------------------------------------    -------------------
                         (clock clk_fpga_0 rise edge)
                                                      0.000     0.000 r  
    PS7_X0Y0             PS7                          0.000     0.000 r  comblock_setup_wrapper_inst/comblock_setup_i/processing_system7_0/inst/PS7_i/FCLKCLK[0]
                         net (fo=1, routed)           0.310     0.310    comblock_setup_wrapper_inst/comblock_setup_i/processing_system7_0/inst/FCLK_CLK_unbuffered[0]
    BUFGCTRL_X0Y16       BUFG (Prop_bufg_I_O)         0.026     0.336 r  comblock_setup_wrapper_inst/comblock_setup_i/processing_system7_0/inst/buffer_fclk_clk_0.FCLK_CLK_0_BUFG/O
                         net (fo=31501, routed)       0.636     0.972    comblock_adapter_inst/PS_CLOCK0
    SLICE_X37Y110        FDRE                                         r  comblock_adapter_inst/r_top_mux_reset_reg/C
  -------------------------------------------------------------------    -------------------
    SLICE_X37Y110        FDRE (Prop_fdre_C_Q)         0.141     1.113 f  comblock_adapter_inst/r_top_mux_reset_reg/Q
                         net (fo=126, routed)         0.419     1.532    pm_top_mux_inst/pm_top_mux_fsmd_control/FSM_onehot_state_reg_reg[0]_0[0]
    SLICE_X35Y98         LUT3 (Prop_lut3_I0_O)        0.045     1.577 f  pm_top_mux_inst/pm_top_mux_fsmd_control/p_0_out_i_2/O
                         net (fo=18605, routed)       0.760     2.337    pm_top_mux_inst/scd_estimator_inst/pm_first_stage_wrap_inst/first_stage_fsmd_control/i_reset0
    SLICE_X31Y76         FDCE                                         f  pm_top_mux_inst/scd_estimator_inst/pm_first_stage_wrap_inst/first_stage_fsmd_control/r_fft_data_in_reg_reg[2]/CLR
  -------------------------------------------------------------------    -------------------

                         (clock clk_fpga_0 rise edge)
                                                      0.000     0.000 r  
    PS7_X0Y0             PS7                          0.000     0.000 r  comblock_setup_wrapper_inst/comblock_setup_i/processing_system7_0/inst/PS7_i/FCLKCLK[0]
                         net (fo=1, routed)           0.337     0.337    comblock_setup_wrapper_inst/comblock_setup_i/processing_system7_0/inst/FCLK_CLK_unbuffered[0]
    BUFGCTRL_X0Y16       BUFG (Prop_bufg_I_O)         0.029     0.366 r  comblock_setup_wrapper_inst/comblock_setup_i/processing_system7_0/inst/buffer_fclk_clk_0.FCLK_CLK_0_BUFG/O
                         net (fo=31501, routed)       0.829     1.195    pm_top_mux_inst/scd_estimator_inst/pm_first_stage_wrap_inst/first_stage_fsmd_control/PS_CLOCK0
    SLICE_X31Y76         FDCE                                         r  pm_top_mux_inst/scd_estimator_inst/pm_first_stage_wrap_inst/first_stage_fsmd_control/r_fft_data_in_reg_reg[2]/C
                         clock pessimism             -0.035     1.160    
    SLICE_X31Y76         FDCE (Remov_fdce_C_CLR)     -0.159     1.001    pm_top_mux_inst/scd_estimator_inst/pm_first_stage_wrap_inst/first_stage_fsmd_control/r_fft_data_in_reg_reg[2]
  -------------------------------------------------------------------
                         required time                         -1.001    
                         arrival time                           2.337    
  -------------------------------------------------------------------
                         slack                                  1.336    





--------------------------------------------------------------------------------------
Path Group:  (none)
From Clock:  
  To Clock:  clk_fpga_0

Max Delay             1 Endpoint
Min Delay             1 Endpoint
--------------------------------------------------------------------------------------


Max Delay Paths
--------------------------------------------------------------------------------------
Slack:                    inf
  Source:                 comblock_setup_wrapper_inst/comblock_setup_i/processing_system7_0/inst/PS7_i/FCLKRESETN[0]
                            (internal pin)
  Destination:            comblock_setup_wrapper_inst/comblock_setup_i/rst_ps7_0_100M/U0/EXT_LPF/ACTIVE_LOW_EXT.ACT_LO_EXT/GENERATE_LEVEL_P_S_CDC.SINGLE_BIT.CROSS_PLEVEL_IN2SCNDRY_IN_cdc_to/D
                            (rising edge-triggered cell FDRE clocked by clk_fpga_0  {rise@0.000ns fall@12.500ns period=25.000ns})
  Path Group:             (none)
  Path Type:              Setup (Max at Slow Process Corner)
  Data Path Delay:        2.627ns  (logic 0.124ns (4.719%)  route 2.503ns (95.281%))
  Logic Levels:           1  (LUT1=1)
  Clock Uncertainty:      0.376ns  ((TSJ^2 + TIJ^2)^1/2 + DJ) / 2 + PE
    Total System Jitter     (TSJ):    0.050ns
    Total Input Jitter      (TIJ):    0.750ns
    Discrete Jitter          (DJ):    0.000ns
    Phase Error              (PE):    0.000ns
  Timing Exception:       False Path

    Location             Delay type                Incr(ns)  Path(ns)    Netlist Resource(s)
  -------------------------------------------------------------------    -------------------
    PS7_X0Y0             PS7                          0.000     0.000 f  comblock_setup_wrapper_inst/comblock_setup_i/processing_system7_0/inst/PS7_i/FCLKRESETN[0]
                         net (fo=1, routed)           1.927     1.927    comblock_setup_wrapper_inst/comblock_setup_i/rst_ps7_0_100M/U0/EXT_LPF/ACTIVE_LOW_EXT.ACT_LO_EXT/ext_reset_in
    SLICE_X26Y111        LUT1 (Prop_lut1_I0_O)        0.124     2.051 r  comblock_setup_wrapper_inst/comblock_setup_i/rst_ps7_0_100M/U0/EXT_LPF/ACTIVE_LOW_EXT.ACT_LO_EXT/GENERATE_LEVEL_P_S_CDC.SINGLE_BIT.CROSS_PLEVEL_IN2SCNDRY_IN_cdc_to_i_1/O
                         net (fo=1, routed)           0.577     2.627    comblock_setup_wrapper_inst/comblock_setup_i/rst_ps7_0_100M/U0/EXT_LPF/ACTIVE_LOW_EXT.ACT_LO_EXT/exr_d1
    SLICE_X27Y113        FDRE                                         r  comblock_setup_wrapper_inst/comblock_setup_i/rst_ps7_0_100M/U0/EXT_LPF/ACTIVE_LOW_EXT.ACT_LO_EXT/GENERATE_LEVEL_P_S_CDC.SINGLE_BIT.CROSS_PLEVEL_IN2SCNDRY_IN_cdc_to/D
  -------------------------------------------------------------------    -------------------

                         (clock clk_fpga_0 rise edge)
                                                      0.000     0.000 r  
    PS7_X0Y0             PS7                          0.000     0.000 r  comblock_setup_wrapper_inst/comblock_setup_i/processing_system7_0/inst/PS7_i/FCLKCLK[0]
                         net (fo=1, routed)           1.088     1.088    comblock_setup_wrapper_inst/comblock_setup_i/processing_system7_0/inst/FCLK_CLK_unbuffered[0]
    BUFGCTRL_X0Y16       BUFG (Prop_bufg_I_O)         0.091     1.179 r  comblock_setup_wrapper_inst/comblock_setup_i/processing_system7_0/inst/buffer_fclk_clk_0.FCLK_CLK_0_BUFG/O
                         net (fo=31501, routed)       1.690     2.869    comblock_setup_wrapper_inst/comblock_setup_i/rst_ps7_0_100M/U0/EXT_LPF/ACTIVE_LOW_EXT.ACT_LO_EXT/slowest_sync_clk
    SLICE_X27Y113        FDRE                                         r  comblock_setup_wrapper_inst/comblock_setup_i/rst_ps7_0_100M/U0/EXT_LPF/ACTIVE_LOW_EXT.ACT_LO_EXT/GENERATE_LEVEL_P_S_CDC.SINGLE_BIT.CROSS_PLEVEL_IN2SCNDRY_IN_cdc_to/C





Min Delay Paths
--------------------------------------------------------------------------------------
Slack:                    inf
  Source:                 comblock_setup_wrapper_inst/comblock_setup_i/processing_system7_0/inst/PS7_i/FCLKRESETN[0]
                            (internal pin)
  Destination:            comblock_setup_wrapper_inst/comblock_setup_i/rst_ps7_0_100M/U0/EXT_LPF/ACTIVE_LOW_EXT.ACT_LO_EXT/GENERATE_LEVEL_P_S_CDC.SINGLE_BIT.CROSS_PLEVEL_IN2SCNDRY_IN_cdc_to/D
                            (rising edge-triggered cell FDRE clocked by clk_fpga_0  {rise@0.000ns fall@12.500ns period=25.000ns})
  Path Group:             (none)
  Path Type:              Hold (Min at Fast Process Corner)
  Data Path Delay:        0.989ns  (logic 0.045ns (4.548%)  route 0.944ns (95.452%))
  Logic Levels:           1  (LUT1=1)
  Clock Uncertainty:      0.376ns  ((TSJ^2 + TIJ^2)^1/2 + DJ) / 2 + PE
    Total System Jitter     (TSJ):    0.050ns
    Total Input Jitter      (TIJ):    0.750ns
    Discrete Jitter          (DJ):    0.000ns
    Phase Error              (PE):    0.000ns
  Timing Exception:       False Path

    Location             Delay type                Incr(ns)  Path(ns)    Netlist Resource(s)
  -------------------------------------------------------------------    -------------------
    PS7_X0Y0             PS7                          0.000     0.000 f  comblock_setup_wrapper_inst/comblock_setup_i/processing_system7_0/inst/PS7_i/FCLKRESETN[0]
                         net (fo=1, routed)           0.730     0.730    comblock_setup_wrapper_inst/comblock_setup_i/rst_ps7_0_100M/U0/EXT_LPF/ACTIVE_LOW_EXT.ACT_LO_EXT/ext_reset_in
    SLICE_X26Y111        LUT1 (Prop_lut1_I0_O)        0.045     0.775 r  comblock_setup_wrapper_inst/comblock_setup_i/rst_ps7_0_100M/U0/EXT_LPF/ACTIVE_LOW_EXT.ACT_LO_EXT/GENERATE_LEVEL_P_S_CDC.SINGLE_BIT.CROSS_PLEVEL_IN2SCNDRY_IN_cdc_to_i_1/O
                         net (fo=1, routed)           0.215     0.989    comblock_setup_wrapper_inst/comblock_setup_i/rst_ps7_0_100M/U0/EXT_LPF/ACTIVE_LOW_EXT.ACT_LO_EXT/exr_d1
    SLICE_X27Y113        FDRE                                         r  comblock_setup_wrapper_inst/comblock_setup_i/rst_ps7_0_100M/U0/EXT_LPF/ACTIVE_LOW_EXT.ACT_LO_EXT/GENERATE_LEVEL_P_S_CDC.SINGLE_BIT.CROSS_PLEVEL_IN2SCNDRY_IN_cdc_to/D
  -------------------------------------------------------------------    -------------------

                         (clock clk_fpga_0 rise edge)
                                                      0.000     0.000 r  
    PS7_X0Y0             PS7                          0.000     0.000 r  comblock_setup_wrapper_inst/comblock_setup_i/processing_system7_0/inst/PS7_i/FCLKCLK[0]
                         net (fo=1, routed)           0.337     0.337    comblock_setup_wrapper_inst/comblock_setup_i/processing_system7_0/inst/FCLK_CLK_unbuffered[0]
    BUFGCTRL_X0Y16       BUFG (Prop_bufg_I_O)         0.029     0.366 r  comblock_setup_wrapper_inst/comblock_setup_i/processing_system7_0/inst/buffer_fclk_clk_0.FCLK_CLK_0_BUFG/O
                         net (fo=31501, routed)       0.924     1.290    comblock_setup_wrapper_inst/comblock_setup_i/rst_ps7_0_100M/U0/EXT_LPF/ACTIVE_LOW_EXT.ACT_LO_EXT/slowest_sync_clk
    SLICE_X27Y113        FDRE                                         r  comblock_setup_wrapper_inst/comblock_setup_i/rst_ps7_0_100M/U0/EXT_LPF/ACTIVE_LOW_EXT.ACT_LO_EXT/GENERATE_LEVEL_P_S_CDC.SINGLE_BIT.CROSS_PLEVEL_IN2SCNDRY_IN_cdc_to/C





--------------------------------------------------------------------------------------
Path Group:  (none)
From Clock:  
  To Clock:  clk_fpga_0

Max Delay           470 Endpoints
Min Delay           470 Endpoints
--------------------------------------------------------------------------------------


Max Delay Paths
--------------------------------------------------------------------------------------
Slack:                    inf
  Source:                 pm_top_mux_inst/theshold_calculator_inst/r_threshold_value1__1/ACOUT[29]
                            (internal pin)
  Destination:            pm_top_mux_inst/theshold_calculator_inst/r_threshold_value_reg[16]/D
                            (rising edge-triggered cell FDRE clocked by clk_fpga_0  {rise@0.000ns fall@12.500ns period=25.000ns})
  Path Group:             (none)
  Path Type:              Setup (Max at Slow Process Corner)
  Data Path Delay:        14.633ns  (logic 10.317ns (70.506%)  route 4.316ns (29.494%))
  Logic Levels:           18  (CARRY4=14 DSP48E1=2 LUT3=1 LUT4=1)
  Clock Uncertainty:      0.376ns  ((TSJ^2 + TIJ^2)^1/2 + DJ) / 2 + PE
    Total System Jitter     (TSJ):    0.050ns
    Total Input Jitter      (TIJ):    0.750ns
    Discrete Jitter          (DJ):    0.000ns
    Phase Error              (PE):    0.000ns

    Location             Delay type                Incr(ns)  Path(ns)    Netlist Resource(s)
  -------------------------------------------------------------------    -------------------
    DSP48_X3Y54          DSP48E1                      0.000     0.000 r  pm_top_mux_inst/theshold_calculator_inst/r_threshold_value1__1/ACOUT[29]
                         net (fo=1, routed)           0.002     0.002    pm_top_mux_inst/theshold_calculator_inst/r_threshold_value1__1_n_24
    DSP48_X3Y55          DSP48E1 (Prop_dsp48e1_ACIN[29]_P[1])
                                                      3.639     3.641 r  pm_top_mux_inst/theshold_calculator_inst/r_threshold_value1__2/P[1]
                         net (fo=3, routed)           1.340     4.981    pm_top_mux_inst/theshold_calculator_inst/r_threshold_value1__2_n_104
    SLICE_X94Y125        LUT3 (Prop_lut3_I1_O)        0.149     5.130 r  pm_top_mux_inst/theshold_calculator_inst/r_threshold_value0__1_i_24/O
                         net (fo=2, routed)           0.607     5.737    pm_top_mux_inst/theshold_calculator_inst/r_threshold_value1_1[0]
    SLICE_X94Y126        LUT4 (Prop_lut4_I3_O)        0.355     6.092 r  pm_top_mux_inst/theshold_calculator_inst/r_threshold_value0__1_i_28/O
                         net (fo=1, routed)           0.000     6.092    pm_top_mux_inst_n_183
    SLICE_X94Y126        CARRY4 (Prop_carry4_S[0]_CO[3])
                                                      0.513     6.605 r  theshold_calculator_inst/r_threshold_value0__1_i_3/CO[3]
                         net (fo=1, routed)           0.000     6.605    theshold_calculator_inst/r_threshold_value0__1_i_3_n_0
    SLICE_X94Y127        CARRY4 (Prop_carry4_CI_CO[3])
                                                      0.117     6.722 r  theshold_calculator_inst/r_threshold_value0__1_i_2/CO[3]
                         net (fo=1, routed)           0.000     6.722    theshold_calculator_inst/r_threshold_value0__1_i_2_n_0
    SLICE_X94Y128        CARRY4 (Prop_carry4_CI_CO[3])
                                                      0.117     6.839 r  theshold_calculator_inst/r_threshold_value0__1_i_1/CO[3]
                         net (fo=1, routed)           0.000     6.839    theshold_calculator_inst/r_threshold_value0__1_i_1_n_0
    SLICE_X94Y129        CARRY4 (Prop_carry4_CI_CO[3])
                                                      0.117     6.956 r  theshold_calculator_inst/r_threshold_value0__0_i_5/CO[3]
                         net (fo=1, routed)           0.000     6.956    theshold_calculator_inst/r_threshold_value0__0_i_5_n_0
    SLICE_X94Y130        CARRY4 (Prop_carry4_CI_CO[3])
                                                      0.117     7.073 r  theshold_calculator_inst/r_threshold_value0__0_i_4/CO[3]
                         net (fo=1, routed)           0.000     7.073    theshold_calculator_inst/r_threshold_value0__0_i_4_n_0
    SLICE_X94Y131        CARRY4 (Prop_carry4_CI_CO[3])
                                                      0.117     7.190 r  theshold_calculator_inst/r_threshold_value0__0_i_3/CO[3]
                         net (fo=1, routed)           0.000     7.190    theshold_calculator_inst/r_threshold_value0__0_i_3_n_0
    SLICE_X94Y132        CARRY4 (Prop_carry4_CI_CO[3])
                                                      0.117     7.307 r  theshold_calculator_inst/r_threshold_value0__0_i_2/CO[3]
                         net (fo=1, routed)           0.000     7.307    theshold_calculator_inst/r_threshold_value0__0_i_2_n_0
    SLICE_X94Y133        CARRY4 (Prop_carry4_CI_CO[3])
                                                      0.117     7.424 r  theshold_calculator_inst/r_threshold_value0__0_i_1/CO[3]
                         net (fo=1, routed)           0.000     7.424    theshold_calculator_inst/r_threshold_value0__0_i_1_n_0
    SLICE_X94Y134        CARRY4 (Prop_carry4_CI_CO[3])
                                                      0.117     7.541 r  theshold_calculator_inst/r_threshold_value0_i_6/CO[3]
                         net (fo=1, routed)           0.000     7.541    theshold_calculator_inst/r_threshold_value0_i_6_n_0
    SLICE_X94Y135        CARRY4 (Prop_carry4_CI_CO[3])
                                                      0.117     7.658 r  theshold_calculator_inst/r_threshold_value0_i_5/CO[3]
                         net (fo=1, routed)           0.000     7.658    theshold_calculator_inst/r_threshold_value0_i_5_n_0
    SLICE_X94Y136        CARRY4 (Prop_carry4_CI_CO[3])
                                                      0.117     7.775 r  theshold_calculator_inst/r_threshold_value0_i_4/CO[3]
                         net (fo=1, routed)           0.000     7.775    theshold_calculator_inst/r_threshold_value0_i_4_n_0
    SLICE_X94Y137        CARRY4 (Prop_carry4_CI_CO[3])
                                                      0.117     7.892 r  theshold_calculator_inst/r_threshold_value0_i_3/CO[3]
                         net (fo=1, routed)           0.000     7.892    theshold_calculator_inst/r_threshold_value0_i_3_n_0
    SLICE_X94Y138        CARRY4 (Prop_carry4_CI_CO[3])
                                                      0.117     8.009 r  theshold_calculator_inst/r_threshold_value0_i_2/CO[3]
                         net (fo=1, routed)           0.000     8.009    pm_top_mux_inst/theshold_calculator_inst/r_threshold_value_reg_0[0]
    SLICE_X94Y139        CARRY4 (Prop_carry4_CI_O[2])
                                                      0.239     8.248 r  pm_top_mux_inst/theshold_calculator_inst/r_threshold_value0_i_1/O[2]
                         net (fo=16, routed)          1.360     9.608    pm_top_mux_inst/theshold_calculator_inst/r_threshold_value0_i_1_n_5
    DSP48_X3Y48          DSP48E1 (Prop_dsp48e1_A[27]_P[16])
                                                      4.018    13.626 r  pm_top_mux_inst/theshold_calculator_inst/r_threshold_value0/P[16]
                         net (fo=1, routed)           1.007    14.633    pm_top_mux_inst/theshold_calculator_inst/r_threshold_value0_n_89
    SLICE_X94Y123        FDRE                                         r  pm_top_mux_inst/theshold_calculator_inst/r_threshold_value_reg[16]/D
  -------------------------------------------------------------------    -------------------

                         (clock clk_fpga_0 rise edge)
                                                      0.000     0.000 r  
    PS7_X0Y0             PS7                          0.000     0.000 r  comblock_setup_wrapper_inst/comblock_setup_i/processing_system7_0/inst/PS7_i/FCLKCLK[0]
                         net (fo=1, routed)           1.088     1.088    comblock_setup_wrapper_inst/comblock_setup_i/processing_system7_0/inst/FCLK_CLK_unbuffered[0]
    BUFGCTRL_X0Y16       BUFG (Prop_bufg_I_O)         0.091     1.179 r  comblock_setup_wrapper_inst/comblock_setup_i/processing_system7_0/inst/buffer_fclk_clk_0.FCLK_CLK_0_BUFG/O
                         net (fo=31501, routed)       1.767     2.946    pm_top_mux_inst/theshold_calculator_inst/PS_CLOCK0
    SLICE_X94Y123        FDRE                                         r  pm_top_mux_inst/theshold_calculator_inst/r_threshold_value_reg[16]/C

Slack:                    inf
  Source:                 pm_top_mux_inst/theshold_calculator_inst/r_threshold_value1__1/ACOUT[29]
                            (internal pin)
  Destination:            pm_top_mux_inst/theshold_calculator_inst/r_threshold_value_reg[14]/D
                            (rising edge-triggered cell FDRE clocked by clk_fpga_0  {rise@0.000ns fall@12.500ns period=25.000ns})
  Path Group:             (none)
  Path Type:              Setup (Max at Slow Process Corner)
  Data Path Delay:        14.473ns  (logic 10.317ns (71.283%)  route 4.156ns (28.717%))
  Logic Levels:           18  (CARRY4=14 DSP48E1=2 LUT3=1 LUT4=1)
  Clock Uncertainty:      0.376ns  ((TSJ^2 + TIJ^2)^1/2 + DJ) / 2 + PE
    Total System Jitter     (TSJ):    0.050ns
    Total Input Jitter      (TIJ):    0.750ns
    Discrete Jitter          (DJ):    0.000ns
    Phase Error              (PE):    0.000ns

    Location             Delay type                Incr(ns)  Path(ns)    Netlist Resource(s)
  -------------------------------------------------------------------    -------------------
    DSP48_X3Y54          DSP48E1                      0.000     0.000 r  pm_top_mux_inst/theshold_calculator_inst/r_threshold_value1__1/ACOUT[29]
                         net (fo=1, routed)           0.002     0.002    pm_top_mux_inst/theshold_calculator_inst/r_threshold_value1__1_n_24
    DSP48_X3Y55          DSP48E1 (Prop_dsp48e1_ACIN[29]_P[1])
                                                      3.639     3.641 r  pm_top_mux_inst/theshold_calculator_inst/r_threshold_value1__2/P[1]
                         net (fo=3, routed)           1.340     4.981    pm_top_mux_inst/theshold_calculator_inst/r_threshold_value1__2_n_104
    SLICE_X94Y125        LUT3 (Prop_lut3_I1_O)        0.149     5.130 r  pm_top_mux_inst/theshold_calculator_inst/r_threshold_value0__1_i_24/O
                         net (fo=2, routed)           0.607     5.737    pm_top_mux_inst/theshold_calculator_inst/r_threshold_value1_1[0]
    SLICE_X94Y126        LUT4 (Prop_lut4_I3_O)        0.355     6.092 r  pm_top_mux_inst/theshold_calculator_inst/r_threshold_value0__1_i_28/O
                         net (fo=1, routed)           0.000     6.092    pm_top_mux_inst_n_183
    SLICE_X94Y126        CARRY4 (Prop_carry4_S[0]_CO[3])
                                                      0.513     6.605 r  theshold_calculator_inst/r_threshold_value0__1_i_3/CO[3]
                         net (fo=1, routed)           0.000     6.605    theshold_calculator_inst/r_threshold_value0__1_i_3_n_0
    SLICE_X94Y127        CARRY4 (Prop_carry4_CI_CO[3])
                                                      0.117     6.722 r  theshold_calculator_inst/r_threshold_value0__1_i_2/CO[3]
                         net (fo=1, routed)           0.000     6.722    theshold_calculator_inst/r_threshold_value0__1_i_2_n_0
    SLICE_X94Y128        CARRY4 (Prop_carry4_CI_CO[3])
                                                      0.117     6.839 r  theshold_calculator_inst/r_threshold_value0__1_i_1/CO[3]
                         net (fo=1, routed)           0.000     6.839    theshold_calculator_inst/r_threshold_value0__1_i_1_n_0
    SLICE_X94Y129        CARRY4 (Prop_carry4_CI_CO[3])
                                                      0.117     6.956 r  theshold_calculator_inst/r_threshold_value0__0_i_5/CO[3]
                         net (fo=1, routed)           0.000     6.956    theshold_calculator_inst/r_threshold_value0__0_i_5_n_0
    SLICE_X94Y130        CARRY4 (Prop_carry4_CI_CO[3])
                                                      0.117     7.073 r  theshold_calculator_inst/r_threshold_value0__0_i_4/CO[3]
                         net (fo=1, routed)           0.000     7.073    theshold_calculator_inst/r_threshold_value0__0_i_4_n_0
    SLICE_X94Y131        CARRY4 (Prop_carry4_CI_CO[3])
                                                      0.117     7.190 r  theshold_calculator_inst/r_threshold_value0__0_i_3/CO[3]
                         net (fo=1, routed)           0.000     7.190    theshold_calculator_inst/r_threshold_value0__0_i_3_n_0
    SLICE_X94Y132        CARRY4 (Prop_carry4_CI_CO[3])
                                                      0.117     7.307 r  theshold_calculator_inst/r_threshold_value0__0_i_2/CO[3]
                         net (fo=1, routed)           0.000     7.307    theshold_calculator_inst/r_threshold_value0__0_i_2_n_0
    SLICE_X94Y133        CARRY4 (Prop_carry4_CI_CO[3])
                                                      0.117     7.424 r  theshold_calculator_inst/r_threshold_value0__0_i_1/CO[3]
                         net (fo=1, routed)           0.000     7.424    theshold_calculator_inst/r_threshold_value0__0_i_1_n_0
    SLICE_X94Y134        CARRY4 (Prop_carry4_CI_CO[3])
                                                      0.117     7.541 r  theshold_calculator_inst/r_threshold_value0_i_6/CO[3]
                         net (fo=1, routed)           0.000     7.541    theshold_calculator_inst/r_threshold_value0_i_6_n_0
    SLICE_X94Y135        CARRY4 (Prop_carry4_CI_CO[3])
                                                      0.117     7.658 r  theshold_calculator_inst/r_threshold_value0_i_5/CO[3]
                         net (fo=1, routed)           0.000     7.658    theshold_calculator_inst/r_threshold_value0_i_5_n_0
    SLICE_X94Y136        CARRY4 (Prop_carry4_CI_CO[3])
                                                      0.117     7.775 r  theshold_calculator_inst/r_threshold_value0_i_4/CO[3]
                         net (fo=1, routed)           0.000     7.775    theshold_calculator_inst/r_threshold_value0_i_4_n_0
    SLICE_X94Y137        CARRY4 (Prop_carry4_CI_CO[3])
                                                      0.117     7.892 r  theshold_calculator_inst/r_threshold_value0_i_3/CO[3]
                         net (fo=1, routed)           0.000     7.892    theshold_calculator_inst/r_threshold_value0_i_3_n_0
    SLICE_X94Y138        CARRY4 (Prop_carry4_CI_CO[3])
                                                      0.117     8.009 r  theshold_calculator_inst/r_threshold_value0_i_2/CO[3]
                         net (fo=1, routed)           0.000     8.009    pm_top_mux_inst/theshold_calculator_inst/r_threshold_value_reg_0[0]
    SLICE_X94Y139        CARRY4 (Prop_carry4_CI_O[2])
                                                      0.239     8.248 r  pm_top_mux_inst/theshold_calculator_inst/r_threshold_value0_i_1/O[2]
                         net (fo=16, routed)          1.360     9.608    pm_top_mux_inst/theshold_calculator_inst/r_threshold_value0_i_1_n_5
    DSP48_X3Y48          DSP48E1 (Prop_dsp48e1_A[27]_P[14])
                                                      4.018    13.626 r  pm_top_mux_inst/theshold_calculator_inst/r_threshold_value0/P[14]
                         net (fo=1, routed)           0.847    14.473    pm_top_mux_inst/theshold_calculator_inst/r_threshold_value0_n_91
    SLICE_X92Y122        FDRE                                         r  pm_top_mux_inst/theshold_calculator_inst/r_threshold_value_reg[14]/D
  -------------------------------------------------------------------    -------------------

                         (clock clk_fpga_0 rise edge)
                                                      0.000     0.000 r  
    PS7_X0Y0             PS7                          0.000     0.000 r  comblock_setup_wrapper_inst/comblock_setup_i/processing_system7_0/inst/PS7_i/FCLKCLK[0]
                         net (fo=1, routed)           1.088     1.088    comblock_setup_wrapper_inst/comblock_setup_i/processing_system7_0/inst/FCLK_CLK_unbuffered[0]
    BUFGCTRL_X0Y16       BUFG (Prop_bufg_I_O)         0.091     1.179 r  comblock_setup_wrapper_inst/comblock_setup_i/processing_system7_0/inst/buffer_fclk_clk_0.FCLK_CLK_0_BUFG/O
                         net (fo=31501, routed)       1.766     2.945    pm_top_mux_inst/theshold_calculator_inst/PS_CLOCK0
    SLICE_X92Y122        FDRE                                         r  pm_top_mux_inst/theshold_calculator_inst/r_threshold_value_reg[14]/C

Slack:                    inf
  Source:                 pm_top_mux_inst/theshold_calculator_inst/r_threshold_value1__1/ACOUT[29]
                            (internal pin)
  Destination:            pm_top_mux_inst/theshold_calculator_inst/r_threshold_value_reg[5]/D
                            (rising edge-triggered cell FDRE clocked by clk_fpga_0  {rise@0.000ns fall@12.500ns period=25.000ns})
  Path Group:             (none)
  Path Type:              Setup (Max at Slow Process Corner)
  Data Path Delay:        14.342ns  (logic 10.317ns (71.937%)  route 4.025ns (28.063%))
  Logic Levels:           18  (CARRY4=14 DSP48E1=2 LUT3=1 LUT4=1)
  Clock Uncertainty:      0.376ns  ((TSJ^2 + TIJ^2)^1/2 + DJ) / 2 + PE
    Total System Jitter     (TSJ):    0.050ns
    Total Input Jitter      (TIJ):    0.750ns
    Discrete Jitter          (DJ):    0.000ns
    Phase Error              (PE):    0.000ns

    Location             Delay type                Incr(ns)  Path(ns)    Netlist Resource(s)
  -------------------------------------------------------------------    -------------------
    DSP48_X3Y54          DSP48E1                      0.000     0.000 r  pm_top_mux_inst/theshold_calculator_inst/r_threshold_value1__1/ACOUT[29]
                         net (fo=1, routed)           0.002     0.002    pm_top_mux_inst/theshold_calculator_inst/r_threshold_value1__1_n_24
    DSP48_X3Y55          DSP48E1 (Prop_dsp48e1_ACIN[29]_P[1])
                                                      3.639     3.641 r  pm_top_mux_inst/theshold_calculator_inst/r_threshold_value1__2/P[1]
                         net (fo=3, routed)           1.340     4.981    pm_top_mux_inst/theshold_calculator_inst/r_threshold_value1__2_n_104
    SLICE_X94Y125        LUT3 (Prop_lut3_I1_O)        0.149     5.130 r  pm_top_mux_inst/theshold_calculator_inst/r_threshold_value0__1_i_24/O
                         net (fo=2, routed)           0.607     5.737    pm_top_mux_inst/theshold_calculator_inst/r_threshold_value1_1[0]
    SLICE_X94Y126        LUT4 (Prop_lut4_I3_O)        0.355     6.092 r  pm_top_mux_inst/theshold_calculator_inst/r_threshold_value0__1_i_28/O
                         net (fo=1, routed)           0.000     6.092    pm_top_mux_inst_n_183
    SLICE_X94Y126        CARRY4 (Prop_carry4_S[0]_CO[3])
                                                      0.513     6.605 r  theshold_calculator_inst/r_threshold_value0__1_i_3/CO[3]
                         net (fo=1, routed)           0.000     6.605    theshold_calculator_inst/r_threshold_value0__1_i_3_n_0
    SLICE_X94Y127        CARRY4 (Prop_carry4_CI_CO[3])
                                                      0.117     6.722 r  theshold_calculator_inst/r_threshold_value0__1_i_2/CO[3]
                         net (fo=1, routed)           0.000     6.722    theshold_calculator_inst/r_threshold_value0__1_i_2_n_0
    SLICE_X94Y128        CARRY4 (Prop_carry4_CI_CO[3])
                                                      0.117     6.839 r  theshold_calculator_inst/r_threshold_value0__1_i_1/CO[3]
                         net (fo=1, routed)           0.000     6.839    theshold_calculator_inst/r_threshold_value0__1_i_1_n_0
    SLICE_X94Y129        CARRY4 (Prop_carry4_CI_CO[3])
                                                      0.117     6.956 r  theshold_calculator_inst/r_threshold_value0__0_i_5/CO[3]
                         net (fo=1, routed)           0.000     6.956    theshold_calculator_inst/r_threshold_value0__0_i_5_n_0
    SLICE_X94Y130        CARRY4 (Prop_carry4_CI_CO[3])
                                                      0.117     7.073 r  theshold_calculator_inst/r_threshold_value0__0_i_4/CO[3]
                         net (fo=1, routed)           0.000     7.073    theshold_calculator_inst/r_threshold_value0__0_i_4_n_0
    SLICE_X94Y131        CARRY4 (Prop_carry4_CI_CO[3])
                                                      0.117     7.190 r  theshold_calculator_inst/r_threshold_value0__0_i_3/CO[3]
                         net (fo=1, routed)           0.000     7.190    theshold_calculator_inst/r_threshold_value0__0_i_3_n_0
    SLICE_X94Y132        CARRY4 (Prop_carry4_CI_CO[3])
                                                      0.117     7.307 r  theshold_calculator_inst/r_threshold_value0__0_i_2/CO[3]
                         net (fo=1, routed)           0.000     7.307    theshold_calculator_inst/r_threshold_value0__0_i_2_n_0
    SLICE_X94Y133        CARRY4 (Prop_carry4_CI_CO[3])
                                                      0.117     7.424 r  theshold_calculator_inst/r_threshold_value0__0_i_1/CO[3]
                         net (fo=1, routed)           0.000     7.424    theshold_calculator_inst/r_threshold_value0__0_i_1_n_0
    SLICE_X94Y134        CARRY4 (Prop_carry4_CI_CO[3])
                                                      0.117     7.541 r  theshold_calculator_inst/r_threshold_value0_i_6/CO[3]
                         net (fo=1, routed)           0.000     7.541    theshold_calculator_inst/r_threshold_value0_i_6_n_0
    SLICE_X94Y135        CARRY4 (Prop_carry4_CI_CO[3])
                                                      0.117     7.658 r  theshold_calculator_inst/r_threshold_value0_i_5/CO[3]
                         net (fo=1, routed)           0.000     7.658    theshold_calculator_inst/r_threshold_value0_i_5_n_0
    SLICE_X94Y136        CARRY4 (Prop_carry4_CI_CO[3])
                                                      0.117     7.775 r  theshold_calculator_inst/r_threshold_value0_i_4/CO[3]
                         net (fo=1, routed)           0.000     7.775    theshold_calculator_inst/r_threshold_value0_i_4_n_0
    SLICE_X94Y137        CARRY4 (Prop_carry4_CI_CO[3])
                                                      0.117     7.892 r  theshold_calculator_inst/r_threshold_value0_i_3/CO[3]
                         net (fo=1, routed)           0.000     7.892    theshold_calculator_inst/r_threshold_value0_i_3_n_0
    SLICE_X94Y138        CARRY4 (Prop_carry4_CI_CO[3])
                                                      0.117     8.009 r  theshold_calculator_inst/r_threshold_value0_i_2/CO[3]
                         net (fo=1, routed)           0.000     8.009    pm_top_mux_inst/theshold_calculator_inst/r_threshold_value_reg_0[0]
    SLICE_X94Y139        CARRY4 (Prop_carry4_CI_O[2])
                                                      0.239     8.248 r  pm_top_mux_inst/theshold_calculator_inst/r_threshold_value0_i_1/O[2]
                         net (fo=16, routed)          1.360     9.608    pm_top_mux_inst/theshold_calculator_inst/r_threshold_value0_i_1_n_5
    DSP48_X3Y48          DSP48E1 (Prop_dsp48e1_A[27]_P[5])
                                                      4.018    13.626 r  pm_top_mux_inst/theshold_calculator_inst/r_threshold_value0/P[5]
                         net (fo=1, routed)           0.716    14.342    pm_top_mux_inst/theshold_calculator_inst/r_threshold_value0_n_100
    SLICE_X92Y120        FDRE                                         r  pm_top_mux_inst/theshold_calculator_inst/r_threshold_value_reg[5]/D
  -------------------------------------------------------------------    -------------------

                         (clock clk_fpga_0 rise edge)
                                                      0.000     0.000 r  
    PS7_X0Y0             PS7                          0.000     0.000 r  comblock_setup_wrapper_inst/comblock_setup_i/processing_system7_0/inst/PS7_i/FCLKCLK[0]
                         net (fo=1, routed)           1.088     1.088    comblock_setup_wrapper_inst/comblock_setup_i/processing_system7_0/inst/FCLK_CLK_unbuffered[0]
    BUFGCTRL_X0Y16       BUFG (Prop_bufg_I_O)         0.091     1.179 r  comblock_setup_wrapper_inst/comblock_setup_i/processing_system7_0/inst/buffer_fclk_clk_0.FCLK_CLK_0_BUFG/O
                         net (fo=31501, routed)       1.769     2.948    pm_top_mux_inst/theshold_calculator_inst/PS_CLOCK0
    SLICE_X92Y120        FDRE                                         r  pm_top_mux_inst/theshold_calculator_inst/r_threshold_value_reg[5]/C

Slack:                    inf
  Source:                 pm_top_mux_inst/theshold_calculator_inst/r_threshold_value1__1/ACOUT[29]
                            (internal pin)
  Destination:            pm_top_mux_inst/theshold_calculator_inst/r_threshold_value_reg[7]/D
                            (rising edge-triggered cell FDRE clocked by clk_fpga_0  {rise@0.000ns fall@12.500ns period=25.000ns})
  Path Group:             (none)
  Path Type:              Setup (Max at Slow Process Corner)
  Data Path Delay:        14.334ns  (logic 10.317ns (71.978%)  route 4.017ns (28.022%))
  Logic Levels:           18  (CARRY4=14 DSP48E1=2 LUT3=1 LUT4=1)
  Clock Uncertainty:      0.376ns  ((TSJ^2 + TIJ^2)^1/2 + DJ) / 2 + PE
    Total System Jitter     (TSJ):    0.050ns
    Total Input Jitter      (TIJ):    0.750ns
    Discrete Jitter          (DJ):    0.000ns
    Phase Error              (PE):    0.000ns

    Location             Delay type                Incr(ns)  Path(ns)    Netlist Resource(s)
  -------------------------------------------------------------------    -------------------
    DSP48_X3Y54          DSP48E1                      0.000     0.000 r  pm_top_mux_inst/theshold_calculator_inst/r_threshold_value1__1/ACOUT[29]
                         net (fo=1, routed)           0.002     0.002    pm_top_mux_inst/theshold_calculator_inst/r_threshold_value1__1_n_24
    DSP48_X3Y55          DSP48E1 (Prop_dsp48e1_ACIN[29]_P[1])
                                                      3.639     3.641 r  pm_top_mux_inst/theshold_calculator_inst/r_threshold_value1__2/P[1]
                         net (fo=3, routed)           1.340     4.981    pm_top_mux_inst/theshold_calculator_inst/r_threshold_value1__2_n_104
    SLICE_X94Y125        LUT3 (Prop_lut3_I1_O)        0.149     5.130 r  pm_top_mux_inst/theshold_calculator_inst/r_threshold_value0__1_i_24/O
                         net (fo=2, routed)           0.607     5.737    pm_top_mux_inst/theshold_calculator_inst/r_threshold_value1_1[0]
    SLICE_X94Y126        LUT4 (Prop_lut4_I3_O)        0.355     6.092 r  pm_top_mux_inst/theshold_calculator_inst/r_threshold_value0__1_i_28/O
                         net (fo=1, routed)           0.000     6.092    pm_top_mux_inst_n_183
    SLICE_X94Y126        CARRY4 (Prop_carry4_S[0]_CO[3])
                                                      0.513     6.605 r  theshold_calculator_inst/r_threshold_value0__1_i_3/CO[3]
                         net (fo=1, routed)           0.000     6.605    theshold_calculator_inst/r_threshold_value0__1_i_3_n_0
    SLICE_X94Y127        CARRY4 (Prop_carry4_CI_CO[3])
                                                      0.117     6.722 r  theshold_calculator_inst/r_threshold_value0__1_i_2/CO[3]
                         net (fo=1, routed)           0.000     6.722    theshold_calculator_inst/r_threshold_value0__1_i_2_n_0
    SLICE_X94Y128        CARRY4 (Prop_carry4_CI_CO[3])
                                                      0.117     6.839 r  theshold_calculator_inst/r_threshold_value0__1_i_1/CO[3]
                         net (fo=1, routed)           0.000     6.839    theshold_calculator_inst/r_threshold_value0__1_i_1_n_0
    SLICE_X94Y129        CARRY4 (Prop_carry4_CI_CO[3])
                                                      0.117     6.956 r  theshold_calculator_inst/r_threshold_value0__0_i_5/CO[3]
                         net (fo=1, routed)           0.000     6.956    theshold_calculator_inst/r_threshold_value0__0_i_5_n_0
    SLICE_X94Y130        CARRY4 (Prop_carry4_CI_CO[3])
                                                      0.117     7.073 r  theshold_calculator_inst/r_threshold_value0__0_i_4/CO[3]
                         net (fo=1, routed)           0.000     7.073    theshold_calculator_inst/r_threshold_value0__0_i_4_n_0
    SLICE_X94Y131        CARRY4 (Prop_carry4_CI_CO[3])
                                                      0.117     7.190 r  theshold_calculator_inst/r_threshold_value0__0_i_3/CO[3]
                         net (fo=1, routed)           0.000     7.190    theshold_calculator_inst/r_threshold_value0__0_i_3_n_0
    SLICE_X94Y132        CARRY4 (Prop_carry4_CI_CO[3])
                                                      0.117     7.307 r  theshold_calculator_inst/r_threshold_value0__0_i_2/CO[3]
                         net (fo=1, routed)           0.000     7.307    theshold_calculator_inst/r_threshold_value0__0_i_2_n_0
    SLICE_X94Y133        CARRY4 (Prop_carry4_CI_CO[3])
                                                      0.117     7.424 r  theshold_calculator_inst/r_threshold_value0__0_i_1/CO[3]
                         net (fo=1, routed)           0.000     7.424    theshold_calculator_inst/r_threshold_value0__0_i_1_n_0
    SLICE_X94Y134        CARRY4 (Prop_carry4_CI_CO[3])
                                                      0.117     7.541 r  theshold_calculator_inst/r_threshold_value0_i_6/CO[3]
                         net (fo=1, routed)           0.000     7.541    theshold_calculator_inst/r_threshold_value0_i_6_n_0
    SLICE_X94Y135        CARRY4 (Prop_carry4_CI_CO[3])
                                                      0.117     7.658 r  theshold_calculator_inst/r_threshold_value0_i_5/CO[3]
                         net (fo=1, routed)           0.000     7.658    theshold_calculator_inst/r_threshold_value0_i_5_n_0
    SLICE_X94Y136        CARRY4 (Prop_carry4_CI_CO[3])
                                                      0.117     7.775 r  theshold_calculator_inst/r_threshold_value0_i_4/CO[3]
                         net (fo=1, routed)           0.000     7.775    theshold_calculator_inst/r_threshold_value0_i_4_n_0
    SLICE_X94Y137        CARRY4 (Prop_carry4_CI_CO[3])
                                                      0.117     7.892 r  theshold_calculator_inst/r_threshold_value0_i_3/CO[3]
                         net (fo=1, routed)           0.000     7.892    theshold_calculator_inst/r_threshold_value0_i_3_n_0
    SLICE_X94Y138        CARRY4 (Prop_carry4_CI_CO[3])
                                                      0.117     8.009 r  theshold_calculator_inst/r_threshold_value0_i_2/CO[3]
                         net (fo=1, routed)           0.000     8.009    pm_top_mux_inst/theshold_calculator_inst/r_threshold_value_reg_0[0]
    SLICE_X94Y139        CARRY4 (Prop_carry4_CI_O[2])
                                                      0.239     8.248 r  pm_top_mux_inst/theshold_calculator_inst/r_threshold_value0_i_1/O[2]
                         net (fo=16, routed)          1.360     9.608    pm_top_mux_inst/theshold_calculator_inst/r_threshold_value0_i_1_n_5
    DSP48_X3Y48          DSP48E1 (Prop_dsp48e1_A[27]_P[7])
                                                      4.018    13.626 r  pm_top_mux_inst/theshold_calculator_inst/r_threshold_value0/P[7]
                         net (fo=1, routed)           0.707    14.334    pm_top_mux_inst/theshold_calculator_inst/r_threshold_value0_n_98
    SLICE_X92Y120        FDRE                                         r  pm_top_mux_inst/theshold_calculator_inst/r_threshold_value_reg[7]/D
  -------------------------------------------------------------------    -------------------

                         (clock clk_fpga_0 rise edge)
                                                      0.000     0.000 r  
    PS7_X0Y0             PS7                          0.000     0.000 r  comblock_setup_wrapper_inst/comblock_setup_i/processing_system7_0/inst/PS7_i/FCLKCLK[0]
                         net (fo=1, routed)           1.088     1.088    comblock_setup_wrapper_inst/comblock_setup_i/processing_system7_0/inst/FCLK_CLK_unbuffered[0]
    BUFGCTRL_X0Y16       BUFG (Prop_bufg_I_O)         0.091     1.179 r  comblock_setup_wrapper_inst/comblock_setup_i/processing_system7_0/inst/buffer_fclk_clk_0.FCLK_CLK_0_BUFG/O
                         net (fo=31501, routed)       1.769     2.948    pm_top_mux_inst/theshold_calculator_inst/PS_CLOCK0
    SLICE_X92Y120        FDRE                                         r  pm_top_mux_inst/theshold_calculator_inst/r_threshold_value_reg[7]/C

Slack:                    inf
  Source:                 pm_top_mux_inst/theshold_calculator_inst/r_threshold_value1__1/ACOUT[29]
                            (internal pin)
  Destination:            pm_top_mux_inst/theshold_calculator_inst/r_threshold_value_reg[13]/D
                            (rising edge-triggered cell FDRE clocked by clk_fpga_0  {rise@0.000ns fall@12.500ns period=25.000ns})
  Path Group:             (none)
  Path Type:              Setup (Max at Slow Process Corner)
  Data Path Delay:        14.302ns  (logic 10.317ns (72.135%)  route 3.985ns (27.865%))
  Logic Levels:           18  (CARRY4=14 DSP48E1=2 LUT3=1 LUT4=1)
  Clock Uncertainty:      0.376ns  ((TSJ^2 + TIJ^2)^1/2 + DJ) / 2 + PE
    Total System Jitter     (TSJ):    0.050ns
    Total Input Jitter      (TIJ):    0.750ns
    Discrete Jitter          (DJ):    0.000ns
    Phase Error              (PE):    0.000ns

    Location             Delay type                Incr(ns)  Path(ns)    Netlist Resource(s)
  -------------------------------------------------------------------    -------------------
    DSP48_X3Y54          DSP48E1                      0.000     0.000 r  pm_top_mux_inst/theshold_calculator_inst/r_threshold_value1__1/ACOUT[29]
                         net (fo=1, routed)           0.002     0.002    pm_top_mux_inst/theshold_calculator_inst/r_threshold_value1__1_n_24
    DSP48_X3Y55          DSP48E1 (Prop_dsp48e1_ACIN[29]_P[1])
                                                      3.639     3.641 r  pm_top_mux_inst/theshold_calculator_inst/r_threshold_value1__2/P[1]
                         net (fo=3, routed)           1.340     4.981    pm_top_mux_inst/theshold_calculator_inst/r_threshold_value1__2_n_104
    SLICE_X94Y125        LUT3 (Prop_lut3_I1_O)        0.149     5.130 r  pm_top_mux_inst/theshold_calculator_inst/r_threshold_value0__1_i_24/O
                         net (fo=2, routed)           0.607     5.737    pm_top_mux_inst/theshold_calculator_inst/r_threshold_value1_1[0]
    SLICE_X94Y126        LUT4 (Prop_lut4_I3_O)        0.355     6.092 r  pm_top_mux_inst/theshold_calculator_inst/r_threshold_value0__1_i_28/O
                         net (fo=1, routed)           0.000     6.092    pm_top_mux_inst_n_183
    SLICE_X94Y126        CARRY4 (Prop_carry4_S[0]_CO[3])
                                                      0.513     6.605 r  theshold_calculator_inst/r_threshold_value0__1_i_3/CO[3]
                         net (fo=1, routed)           0.000     6.605    theshold_calculator_inst/r_threshold_value0__1_i_3_n_0
    SLICE_X94Y127        CARRY4 (Prop_carry4_CI_CO[3])
                                                      0.117     6.722 r  theshold_calculator_inst/r_threshold_value0__1_i_2/CO[3]
                         net (fo=1, routed)           0.000     6.722    theshold_calculator_inst/r_threshold_value0__1_i_2_n_0
    SLICE_X94Y128        CARRY4 (Prop_carry4_CI_CO[3])
                                                      0.117     6.839 r  theshold_calculator_inst/r_threshold_value0__1_i_1/CO[3]
                         net (fo=1, routed)           0.000     6.839    theshold_calculator_inst/r_threshold_value0__1_i_1_n_0
    SLICE_X94Y129        CARRY4 (Prop_carry4_CI_CO[3])
                                                      0.117     6.956 r  theshold_calculator_inst/r_threshold_value0__0_i_5/CO[3]
                         net (fo=1, routed)           0.000     6.956    theshold_calculator_inst/r_threshold_value0__0_i_5_n_0
    SLICE_X94Y130        CARRY4 (Prop_carry4_CI_CO[3])
                                                      0.117     7.073 r  theshold_calculator_inst/r_threshold_value0__0_i_4/CO[3]
                         net (fo=1, routed)           0.000     7.073    theshold_calculator_inst/r_threshold_value0__0_i_4_n_0
    SLICE_X94Y131        CARRY4 (Prop_carry4_CI_CO[3])
                                                      0.117     7.190 r  theshold_calculator_inst/r_threshold_value0__0_i_3/CO[3]
                         net (fo=1, routed)           0.000     7.190    theshold_calculator_inst/r_threshold_value0__0_i_3_n_0
    SLICE_X94Y132        CARRY4 (Prop_carry4_CI_CO[3])
                                                      0.117     7.307 r  theshold_calculator_inst/r_threshold_value0__0_i_2/CO[3]
                         net (fo=1, routed)           0.000     7.307    theshold_calculator_inst/r_threshold_value0__0_i_2_n_0
    SLICE_X94Y133        CARRY4 (Prop_carry4_CI_CO[3])
                                                      0.117     7.424 r  theshold_calculator_inst/r_threshold_value0__0_i_1/CO[3]
                         net (fo=1, routed)           0.000     7.424    theshold_calculator_inst/r_threshold_value0__0_i_1_n_0
    SLICE_X94Y134        CARRY4 (Prop_carry4_CI_CO[3])
                                                      0.117     7.541 r  theshold_calculator_inst/r_threshold_value0_i_6/CO[3]
                         net (fo=1, routed)           0.000     7.541    theshold_calculator_inst/r_threshold_value0_i_6_n_0
    SLICE_X94Y135        CARRY4 (Prop_carry4_CI_CO[3])
                                                      0.117     7.658 r  theshold_calculator_inst/r_threshold_value0_i_5/CO[3]
                         net (fo=1, routed)           0.000     7.658    theshold_calculator_inst/r_threshold_value0_i_5_n_0
    SLICE_X94Y136        CARRY4 (Prop_carry4_CI_CO[3])
                                                      0.117     7.775 r  theshold_calculator_inst/r_threshold_value0_i_4/CO[3]
                         net (fo=1, routed)           0.000     7.775    theshold_calculator_inst/r_threshold_value0_i_4_n_0
    SLICE_X94Y137        CARRY4 (Prop_carry4_CI_CO[3])
                                                      0.117     7.892 r  theshold_calculator_inst/r_threshold_value0_i_3/CO[3]
                         net (fo=1, routed)           0.000     7.892    theshold_calculator_inst/r_threshold_value0_i_3_n_0
    SLICE_X94Y138        CARRY4 (Prop_carry4_CI_CO[3])
                                                      0.117     8.009 r  theshold_calculator_inst/r_threshold_value0_i_2/CO[3]
                         net (fo=1, routed)           0.000     8.009    pm_top_mux_inst/theshold_calculator_inst/r_threshold_value_reg_0[0]
    SLICE_X94Y139        CARRY4 (Prop_carry4_CI_O[2])
                                                      0.239     8.248 r  pm_top_mux_inst/theshold_calculator_inst/r_threshold_value0_i_1/O[2]
                         net (fo=16, routed)          1.360     9.608    pm_top_mux_inst/theshold_calculator_inst/r_threshold_value0_i_1_n_5
    DSP48_X3Y48          DSP48E1 (Prop_dsp48e1_A[27]_P[13])
                                                      4.018    13.626 r  pm_top_mux_inst/theshold_calculator_inst/r_threshold_value0/P[13]
                         net (fo=1, routed)           0.676    14.302    pm_top_mux_inst/theshold_calculator_inst/r_threshold_value0_n_92
    SLICE_X92Y121        FDRE                                         r  pm_top_mux_inst/theshold_calculator_inst/r_threshold_value_reg[13]/D
  -------------------------------------------------------------------    -------------------

                         (clock clk_fpga_0 rise edge)
                                                      0.000     0.000 r  
    PS7_X0Y0             PS7                          0.000     0.000 r  comblock_setup_wrapper_inst/comblock_setup_i/processing_system7_0/inst/PS7_i/FCLKCLK[0]
                         net (fo=1, routed)           1.088     1.088    comblock_setup_wrapper_inst/comblock_setup_i/processing_system7_0/inst/FCLK_CLK_unbuffered[0]
    BUFGCTRL_X0Y16       BUFG (Prop_bufg_I_O)         0.091     1.179 r  comblock_setup_wrapper_inst/comblock_setup_i/processing_system7_0/inst/buffer_fclk_clk_0.FCLK_CLK_0_BUFG/O
                         net (fo=31501, routed)       1.768     2.947    pm_top_mux_inst/theshold_calculator_inst/PS_CLOCK0
    SLICE_X92Y121        FDRE                                         r  pm_top_mux_inst/theshold_calculator_inst/r_threshold_value_reg[13]/C

Slack:                    inf
  Source:                 pm_top_mux_inst/theshold_calculator_inst/r_threshold_value1__1/ACOUT[29]
                            (internal pin)
  Destination:            pm_top_mux_inst/theshold_calculator_inst/r_threshold_value_reg[0]/D
                            (rising edge-triggered cell FDRE clocked by clk_fpga_0  {rise@0.000ns fall@12.500ns period=25.000ns})
  Path Group:             (none)
  Path Type:              Setup (Max at Slow Process Corner)
  Data Path Delay:        14.299ns  (logic 10.317ns (72.150%)  route 3.982ns (27.850%))
  Logic Levels:           18  (CARRY4=14 DSP48E1=2 LUT3=1 LUT4=1)
  Clock Uncertainty:      0.376ns  ((TSJ^2 + TIJ^2)^1/2 + DJ) / 2 + PE
    Total System Jitter     (TSJ):    0.050ns
    Total Input Jitter      (TIJ):    0.750ns
    Discrete Jitter          (DJ):    0.000ns
    Phase Error              (PE):    0.000ns

    Location             Delay type                Incr(ns)  Path(ns)    Netlist Resource(s)
  -------------------------------------------------------------------    -------------------
    DSP48_X3Y54          DSP48E1                      0.000     0.000 r  pm_top_mux_inst/theshold_calculator_inst/r_threshold_value1__1/ACOUT[29]
                         net (fo=1, routed)           0.002     0.002    pm_top_mux_inst/theshold_calculator_inst/r_threshold_value1__1_n_24
    DSP48_X3Y55          DSP48E1 (Prop_dsp48e1_ACIN[29]_P[1])
                                                      3.639     3.641 r  pm_top_mux_inst/theshold_calculator_inst/r_threshold_value1__2/P[1]
                         net (fo=3, routed)           1.340     4.981    pm_top_mux_inst/theshold_calculator_inst/r_threshold_value1__2_n_104
    SLICE_X94Y125        LUT3 (Prop_lut3_I1_O)        0.149     5.130 r  pm_top_mux_inst/theshold_calculator_inst/r_threshold_value0__1_i_24/O
                         net (fo=2, routed)           0.607     5.737    pm_top_mux_inst/theshold_calculator_inst/r_threshold_value1_1[0]
    SLICE_X94Y126        LUT4 (Prop_lut4_I3_O)        0.355     6.092 r  pm_top_mux_inst/theshold_calculator_inst/r_threshold_value0__1_i_28/O
                         net (fo=1, routed)           0.000     6.092    pm_top_mux_inst_n_183
    SLICE_X94Y126        CARRY4 (Prop_carry4_S[0]_CO[3])
                                                      0.513     6.605 r  theshold_calculator_inst/r_threshold_value0__1_i_3/CO[3]
                         net (fo=1, routed)           0.000     6.605    theshold_calculator_inst/r_threshold_value0__1_i_3_n_0
    SLICE_X94Y127        CARRY4 (Prop_carry4_CI_CO[3])
                                                      0.117     6.722 r  theshold_calculator_inst/r_threshold_value0__1_i_2/CO[3]
                         net (fo=1, routed)           0.000     6.722    theshold_calculator_inst/r_threshold_value0__1_i_2_n_0
    SLICE_X94Y128        CARRY4 (Prop_carry4_CI_CO[3])
                                                      0.117     6.839 r  theshold_calculator_inst/r_threshold_value0__1_i_1/CO[3]
                         net (fo=1, routed)           0.000     6.839    theshold_calculator_inst/r_threshold_value0__1_i_1_n_0
    SLICE_X94Y129        CARRY4 (Prop_carry4_CI_CO[3])
                                                      0.117     6.956 r  theshold_calculator_inst/r_threshold_value0__0_i_5/CO[3]
                         net (fo=1, routed)           0.000     6.956    theshold_calculator_inst/r_threshold_value0__0_i_5_n_0
    SLICE_X94Y130        CARRY4 (Prop_carry4_CI_CO[3])
                                                      0.117     7.073 r  theshold_calculator_inst/r_threshold_value0__0_i_4/CO[3]
                         net (fo=1, routed)           0.000     7.073    theshold_calculator_inst/r_threshold_value0__0_i_4_n_0
    SLICE_X94Y131        CARRY4 (Prop_carry4_CI_CO[3])
                                                      0.117     7.190 r  theshold_calculator_inst/r_threshold_value0__0_i_3/CO[3]
                         net (fo=1, routed)           0.000     7.190    theshold_calculator_inst/r_threshold_value0__0_i_3_n_0
    SLICE_X94Y132        CARRY4 (Prop_carry4_CI_CO[3])
                                                      0.117     7.307 r  theshold_calculator_inst/r_threshold_value0__0_i_2/CO[3]
                         net (fo=1, routed)           0.000     7.307    theshold_calculator_inst/r_threshold_value0__0_i_2_n_0
    SLICE_X94Y133        CARRY4 (Prop_carry4_CI_CO[3])
                                                      0.117     7.424 r  theshold_calculator_inst/r_threshold_value0__0_i_1/CO[3]
                         net (fo=1, routed)           0.000     7.424    theshold_calculator_inst/r_threshold_value0__0_i_1_n_0
    SLICE_X94Y134        CARRY4 (Prop_carry4_CI_CO[3])
                                                      0.117     7.541 r  theshold_calculator_inst/r_threshold_value0_i_6/CO[3]
                         net (fo=1, routed)           0.000     7.541    theshold_calculator_inst/r_threshold_value0_i_6_n_0
    SLICE_X94Y135        CARRY4 (Prop_carry4_CI_CO[3])
                                                      0.117     7.658 r  theshold_calculator_inst/r_threshold_value0_i_5/CO[3]
                         net (fo=1, routed)           0.000     7.658    theshold_calculator_inst/r_threshold_value0_i_5_n_0
    SLICE_X94Y136        CARRY4 (Prop_carry4_CI_CO[3])
                                                      0.117     7.775 r  theshold_calculator_inst/r_threshold_value0_i_4/CO[3]
                         net (fo=1, routed)           0.000     7.775    theshold_calculator_inst/r_threshold_value0_i_4_n_0
    SLICE_X94Y137        CARRY4 (Prop_carry4_CI_CO[3])
                                                      0.117     7.892 r  theshold_calculator_inst/r_threshold_value0_i_3/CO[3]
                         net (fo=1, routed)           0.000     7.892    theshold_calculator_inst/r_threshold_value0_i_3_n_0
    SLICE_X94Y138        CARRY4 (Prop_carry4_CI_CO[3])
                                                      0.117     8.009 r  theshold_calculator_inst/r_threshold_value0_i_2/CO[3]
                         net (fo=1, routed)           0.000     8.009    pm_top_mux_inst/theshold_calculator_inst/r_threshold_value_reg_0[0]
    SLICE_X94Y139        CARRY4 (Prop_carry4_CI_O[2])
                                                      0.239     8.248 r  pm_top_mux_inst/theshold_calculator_inst/r_threshold_value0_i_1/O[2]
                         net (fo=16, routed)          1.360     9.608    pm_top_mux_inst/theshold_calculator_inst/r_threshold_value0_i_1_n_5
    DSP48_X3Y48          DSP48E1 (Prop_dsp48e1_A[27]_P[0])
                                                      4.018    13.626 r  pm_top_mux_inst/theshold_calculator_inst/r_threshold_value0/P[0]
                         net (fo=1, routed)           0.673    14.299    pm_top_mux_inst/theshold_calculator_inst/r_threshold_value0_n_105
    SLICE_X92Y119        FDRE                                         r  pm_top_mux_inst/theshold_calculator_inst/r_threshold_value_reg[0]/D
  -------------------------------------------------------------------    -------------------

                         (clock clk_fpga_0 rise edge)
                                                      0.000     0.000 r  
    PS7_X0Y0             PS7                          0.000     0.000 r  comblock_setup_wrapper_inst/comblock_setup_i/processing_system7_0/inst/PS7_i/FCLKCLK[0]
                         net (fo=1, routed)           1.088     1.088    comblock_setup_wrapper_inst/comblock_setup_i/processing_system7_0/inst/FCLK_CLK_unbuffered[0]
    BUFGCTRL_X0Y16       BUFG (Prop_bufg_I_O)         0.091     1.179 r  comblock_setup_wrapper_inst/comblock_setup_i/processing_system7_0/inst/buffer_fclk_clk_0.FCLK_CLK_0_BUFG/O
                         net (fo=31501, routed)       1.769     2.948    pm_top_mux_inst/theshold_calculator_inst/PS_CLOCK0
    SLICE_X92Y119        FDRE                                         r  pm_top_mux_inst/theshold_calculator_inst/r_threshold_value_reg[0]/C

Slack:                    inf
  Source:                 pm_top_mux_inst/theshold_calculator_inst/r_threshold_value1__1/ACOUT[29]
                            (internal pin)
  Destination:            pm_top_mux_inst/theshold_calculator_inst/r_threshold_value_reg[15]/D
                            (rising edge-triggered cell FDRE clocked by clk_fpga_0  {rise@0.000ns fall@12.500ns period=25.000ns})
  Path Group:             (none)
  Path Type:              Setup (Max at Slow Process Corner)
  Data Path Delay:        14.286ns  (logic 10.317ns (72.217%)  route 3.969ns (27.783%))
  Logic Levels:           18  (CARRY4=14 DSP48E1=2 LUT3=1 LUT4=1)
  Clock Uncertainty:      0.376ns  ((TSJ^2 + TIJ^2)^1/2 + DJ) / 2 + PE
    Total System Jitter     (TSJ):    0.050ns
    Total Input Jitter      (TIJ):    0.750ns
    Discrete Jitter          (DJ):    0.000ns
    Phase Error              (PE):    0.000ns

    Location             Delay type                Incr(ns)  Path(ns)    Netlist Resource(s)
  -------------------------------------------------------------------    -------------------
    DSP48_X3Y54          DSP48E1                      0.000     0.000 r  pm_top_mux_inst/theshold_calculator_inst/r_threshold_value1__1/ACOUT[29]
                         net (fo=1, routed)           0.002     0.002    pm_top_mux_inst/theshold_calculator_inst/r_threshold_value1__1_n_24
    DSP48_X3Y55          DSP48E1 (Prop_dsp48e1_ACIN[29]_P[1])
                                                      3.639     3.641 r  pm_top_mux_inst/theshold_calculator_inst/r_threshold_value1__2/P[1]
                         net (fo=3, routed)           1.340     4.981    pm_top_mux_inst/theshold_calculator_inst/r_threshold_value1__2_n_104
    SLICE_X94Y125        LUT3 (Prop_lut3_I1_O)        0.149     5.130 r  pm_top_mux_inst/theshold_calculator_inst/r_threshold_value0__1_i_24/O
                         net (fo=2, routed)           0.607     5.737    pm_top_mux_inst/theshold_calculator_inst/r_threshold_value1_1[0]
    SLICE_X94Y126        LUT4 (Prop_lut4_I3_O)        0.355     6.092 r  pm_top_mux_inst/theshold_calculator_inst/r_threshold_value0__1_i_28/O
                         net (fo=1, routed)           0.000     6.092    pm_top_mux_inst_n_183
    SLICE_X94Y126        CARRY4 (Prop_carry4_S[0]_CO[3])
                                                      0.513     6.605 r  theshold_calculator_inst/r_threshold_value0__1_i_3/CO[3]
                         net (fo=1, routed)           0.000     6.605    theshold_calculator_inst/r_threshold_value0__1_i_3_n_0
    SLICE_X94Y127        CARRY4 (Prop_carry4_CI_CO[3])
                                                      0.117     6.722 r  theshold_calculator_inst/r_threshold_value0__1_i_2/CO[3]
                         net (fo=1, routed)           0.000     6.722    theshold_calculator_inst/r_threshold_value0__1_i_2_n_0
    SLICE_X94Y128        CARRY4 (Prop_carry4_CI_CO[3])
                                                      0.117     6.839 r  theshold_calculator_inst/r_threshold_value0__1_i_1/CO[3]
                         net (fo=1, routed)           0.000     6.839    theshold_calculator_inst/r_threshold_value0__1_i_1_n_0
    SLICE_X94Y129        CARRY4 (Prop_carry4_CI_CO[3])
                                                      0.117     6.956 r  theshold_calculator_inst/r_threshold_value0__0_i_5/CO[3]
                         net (fo=1, routed)           0.000     6.956    theshold_calculator_inst/r_threshold_value0__0_i_5_n_0
    SLICE_X94Y130        CARRY4 (Prop_carry4_CI_CO[3])
                                                      0.117     7.073 r  theshold_calculator_inst/r_threshold_value0__0_i_4/CO[3]
                         net (fo=1, routed)           0.000     7.073    theshold_calculator_inst/r_threshold_value0__0_i_4_n_0
    SLICE_X94Y131        CARRY4 (Prop_carry4_CI_CO[3])
                                                      0.117     7.190 r  theshold_calculator_inst/r_threshold_value0__0_i_3/CO[3]
                         net (fo=1, routed)           0.000     7.190    theshold_calculator_inst/r_threshold_value0__0_i_3_n_0
    SLICE_X94Y132        CARRY4 (Prop_carry4_CI_CO[3])
                                                      0.117     7.307 r  theshold_calculator_inst/r_threshold_value0__0_i_2/CO[3]
                         net (fo=1, routed)           0.000     7.307    theshold_calculator_inst/r_threshold_value0__0_i_2_n_0
    SLICE_X94Y133        CARRY4 (Prop_carry4_CI_CO[3])
                                                      0.117     7.424 r  theshold_calculator_inst/r_threshold_value0__0_i_1/CO[3]
                         net (fo=1, routed)           0.000     7.424    theshold_calculator_inst/r_threshold_value0__0_i_1_n_0
    SLICE_X94Y134        CARRY4 (Prop_carry4_CI_CO[3])
                                                      0.117     7.541 r  theshold_calculator_inst/r_threshold_value0_i_6/CO[3]
                         net (fo=1, routed)           0.000     7.541    theshold_calculator_inst/r_threshold_value0_i_6_n_0
    SLICE_X94Y135        CARRY4 (Prop_carry4_CI_CO[3])
                                                      0.117     7.658 r  theshold_calculator_inst/r_threshold_value0_i_5/CO[3]
                         net (fo=1, routed)           0.000     7.658    theshold_calculator_inst/r_threshold_value0_i_5_n_0
    SLICE_X94Y136        CARRY4 (Prop_carry4_CI_CO[3])
                                                      0.117     7.775 r  theshold_calculator_inst/r_threshold_value0_i_4/CO[3]
                         net (fo=1, routed)           0.000     7.775    theshold_calculator_inst/r_threshold_value0_i_4_n_0
    SLICE_X94Y137        CARRY4 (Prop_carry4_CI_CO[3])
                                                      0.117     7.892 r  theshold_calculator_inst/r_threshold_value0_i_3/CO[3]
                         net (fo=1, routed)           0.000     7.892    theshold_calculator_inst/r_threshold_value0_i_3_n_0
    SLICE_X94Y138        CARRY4 (Prop_carry4_CI_CO[3])
                                                      0.117     8.009 r  theshold_calculator_inst/r_threshold_value0_i_2/CO[3]
                         net (fo=1, routed)           0.000     8.009    pm_top_mux_inst/theshold_calculator_inst/r_threshold_value_reg_0[0]
    SLICE_X94Y139        CARRY4 (Prop_carry4_CI_O[2])
                                                      0.239     8.248 r  pm_top_mux_inst/theshold_calculator_inst/r_threshold_value0_i_1/O[2]
                         net (fo=16, routed)          1.360     9.608    pm_top_mux_inst/theshold_calculator_inst/r_threshold_value0_i_1_n_5
    DSP48_X3Y48          DSP48E1 (Prop_dsp48e1_A[27]_P[15])
                                                      4.018    13.626 r  pm_top_mux_inst/theshold_calculator_inst/r_threshold_value0/P[15]
                         net (fo=1, routed)           0.660    14.286    pm_top_mux_inst/theshold_calculator_inst/r_threshold_value0_n_90
    SLICE_X92Y122        FDRE                                         r  pm_top_mux_inst/theshold_calculator_inst/r_threshold_value_reg[15]/D
  -------------------------------------------------------------------    -------------------

                         (clock clk_fpga_0 rise edge)
                                                      0.000     0.000 r  
    PS7_X0Y0             PS7                          0.000     0.000 r  comblock_setup_wrapper_inst/comblock_setup_i/processing_system7_0/inst/PS7_i/FCLKCLK[0]
                         net (fo=1, routed)           1.088     1.088    comblock_setup_wrapper_inst/comblock_setup_i/processing_system7_0/inst/FCLK_CLK_unbuffered[0]
    BUFGCTRL_X0Y16       BUFG (Prop_bufg_I_O)         0.091     1.179 r  comblock_setup_wrapper_inst/comblock_setup_i/processing_system7_0/inst/buffer_fclk_clk_0.FCLK_CLK_0_BUFG/O
                         net (fo=31501, routed)       1.766     2.945    pm_top_mux_inst/theshold_calculator_inst/PS_CLOCK0
    SLICE_X92Y122        FDRE                                         r  pm_top_mux_inst/theshold_calculator_inst/r_threshold_value_reg[15]/C

Slack:                    inf
  Source:                 pm_top_mux_inst/theshold_calculator_inst/r_threshold_value1__1/ACOUT[29]
                            (internal pin)
  Destination:            pm_top_mux_inst/theshold_calculator_inst/r_threshold_value_reg[4]/D
                            (rising edge-triggered cell FDRE clocked by clk_fpga_0  {rise@0.000ns fall@12.500ns period=25.000ns})
  Path Group:             (none)
  Path Type:              Setup (Max at Slow Process Corner)
  Data Path Delay:        14.286ns  (logic 10.317ns (72.217%)  route 3.969ns (27.783%))
  Logic Levels:           18  (CARRY4=14 DSP48E1=2 LUT3=1 LUT4=1)
  Clock Uncertainty:      0.376ns  ((TSJ^2 + TIJ^2)^1/2 + DJ) / 2 + PE
    Total System Jitter     (TSJ):    0.050ns
    Total Input Jitter      (TIJ):    0.750ns
    Discrete Jitter          (DJ):    0.000ns
    Phase Error              (PE):    0.000ns

    Location             Delay type                Incr(ns)  Path(ns)    Netlist Resource(s)
  -------------------------------------------------------------------    -------------------
    DSP48_X3Y54          DSP48E1                      0.000     0.000 r  pm_top_mux_inst/theshold_calculator_inst/r_threshold_value1__1/ACOUT[29]
                         net (fo=1, routed)           0.002     0.002    pm_top_mux_inst/theshold_calculator_inst/r_threshold_value1__1_n_24
    DSP48_X3Y55          DSP48E1 (Prop_dsp48e1_ACIN[29]_P[1])
                                                      3.639     3.641 r  pm_top_mux_inst/theshold_calculator_inst/r_threshold_value1__2/P[1]
                         net (fo=3, routed)           1.340     4.981    pm_top_mux_inst/theshold_calculator_inst/r_threshold_value1__2_n_104
    SLICE_X94Y125        LUT3 (Prop_lut3_I1_O)        0.149     5.130 r  pm_top_mux_inst/theshold_calculator_inst/r_threshold_value0__1_i_24/O
                         net (fo=2, routed)           0.607     5.737    pm_top_mux_inst/theshold_calculator_inst/r_threshold_value1_1[0]
    SLICE_X94Y126        LUT4 (Prop_lut4_I3_O)        0.355     6.092 r  pm_top_mux_inst/theshold_calculator_inst/r_threshold_value0__1_i_28/O
                         net (fo=1, routed)           0.000     6.092    pm_top_mux_inst_n_183
    SLICE_X94Y126        CARRY4 (Prop_carry4_S[0]_CO[3])
                                                      0.513     6.605 r  theshold_calculator_inst/r_threshold_value0__1_i_3/CO[3]
                         net (fo=1, routed)           0.000     6.605    theshold_calculator_inst/r_threshold_value0__1_i_3_n_0
    SLICE_X94Y127        CARRY4 (Prop_carry4_CI_CO[3])
                                                      0.117     6.722 r  theshold_calculator_inst/r_threshold_value0__1_i_2/CO[3]
                         net (fo=1, routed)           0.000     6.722    theshold_calculator_inst/r_threshold_value0__1_i_2_n_0
    SLICE_X94Y128        CARRY4 (Prop_carry4_CI_CO[3])
                                                      0.117     6.839 r  theshold_calculator_inst/r_threshold_value0__1_i_1/CO[3]
                         net (fo=1, routed)           0.000     6.839    theshold_calculator_inst/r_threshold_value0__1_i_1_n_0
    SLICE_X94Y129        CARRY4 (Prop_carry4_CI_CO[3])
                                                      0.117     6.956 r  theshold_calculator_inst/r_threshold_value0__0_i_5/CO[3]
                         net (fo=1, routed)           0.000     6.956    theshold_calculator_inst/r_threshold_value0__0_i_5_n_0
    SLICE_X94Y130        CARRY4 (Prop_carry4_CI_CO[3])
                                                      0.117     7.073 r  theshold_calculator_inst/r_threshold_value0__0_i_4/CO[3]
                         net (fo=1, routed)           0.000     7.073    theshold_calculator_inst/r_threshold_value0__0_i_4_n_0
    SLICE_X94Y131        CARRY4 (Prop_carry4_CI_CO[3])
                                                      0.117     7.190 r  theshold_calculator_inst/r_threshold_value0__0_i_3/CO[3]
                         net (fo=1, routed)           0.000     7.190    theshold_calculator_inst/r_threshold_value0__0_i_3_n_0
    SLICE_X94Y132        CARRY4 (Prop_carry4_CI_CO[3])
                                                      0.117     7.307 r  theshold_calculator_inst/r_threshold_value0__0_i_2/CO[3]
                         net (fo=1, routed)           0.000     7.307    theshold_calculator_inst/r_threshold_value0__0_i_2_n_0
    SLICE_X94Y133        CARRY4 (Prop_carry4_CI_CO[3])
                                                      0.117     7.424 r  theshold_calculator_inst/r_threshold_value0__0_i_1/CO[3]
                         net (fo=1, routed)           0.000     7.424    theshold_calculator_inst/r_threshold_value0__0_i_1_n_0
    SLICE_X94Y134        CARRY4 (Prop_carry4_CI_CO[3])
                                                      0.117     7.541 r  theshold_calculator_inst/r_threshold_value0_i_6/CO[3]
                         net (fo=1, routed)           0.000     7.541    theshold_calculator_inst/r_threshold_value0_i_6_n_0
    SLICE_X94Y135        CARRY4 (Prop_carry4_CI_CO[3])
                                                      0.117     7.658 r  theshold_calculator_inst/r_threshold_value0_i_5/CO[3]
                         net (fo=1, routed)           0.000     7.658    theshold_calculator_inst/r_threshold_value0_i_5_n_0
    SLICE_X94Y136        CARRY4 (Prop_carry4_CI_CO[3])
                                                      0.117     7.775 r  theshold_calculator_inst/r_threshold_value0_i_4/CO[3]
                         net (fo=1, routed)           0.000     7.775    theshold_calculator_inst/r_threshold_value0_i_4_n_0
    SLICE_X94Y137        CARRY4 (Prop_carry4_CI_CO[3])
                                                      0.117     7.892 r  theshold_calculator_inst/r_threshold_value0_i_3/CO[3]
                         net (fo=1, routed)           0.000     7.892    theshold_calculator_inst/r_threshold_value0_i_3_n_0
    SLICE_X94Y138        CARRY4 (Prop_carry4_CI_CO[3])
                                                      0.117     8.009 r  theshold_calculator_inst/r_threshold_value0_i_2/CO[3]
                         net (fo=1, routed)           0.000     8.009    pm_top_mux_inst/theshold_calculator_inst/r_threshold_value_reg_0[0]
    SLICE_X94Y139        CARRY4 (Prop_carry4_CI_O[2])
                                                      0.239     8.248 r  pm_top_mux_inst/theshold_calculator_inst/r_threshold_value0_i_1/O[2]
                         net (fo=16, routed)          1.360     9.608    pm_top_mux_inst/theshold_calculator_inst/r_threshold_value0_i_1_n_5
    DSP48_X3Y48          DSP48E1 (Prop_dsp48e1_A[27]_P[4])
                                                      4.018    13.626 r  pm_top_mux_inst/theshold_calculator_inst/r_threshold_value0/P[4]
                         net (fo=1, routed)           0.660    14.286    pm_top_mux_inst/theshold_calculator_inst/r_threshold_value0_n_101
    SLICE_X92Y121        FDRE                                         r  pm_top_mux_inst/theshold_calculator_inst/r_threshold_value_reg[4]/D
  -------------------------------------------------------------------    -------------------

                         (clock clk_fpga_0 rise edge)
                                                      0.000     0.000 r  
    PS7_X0Y0             PS7                          0.000     0.000 r  comblock_setup_wrapper_inst/comblock_setup_i/processing_system7_0/inst/PS7_i/FCLKCLK[0]
                         net (fo=1, routed)           1.088     1.088    comblock_setup_wrapper_inst/comblock_setup_i/processing_system7_0/inst/FCLK_CLK_unbuffered[0]
    BUFGCTRL_X0Y16       BUFG (Prop_bufg_I_O)         0.091     1.179 r  comblock_setup_wrapper_inst/comblock_setup_i/processing_system7_0/inst/buffer_fclk_clk_0.FCLK_CLK_0_BUFG/O
                         net (fo=31501, routed)       1.768     2.947    pm_top_mux_inst/theshold_calculator_inst/PS_CLOCK0
    SLICE_X92Y121        FDRE                                         r  pm_top_mux_inst/theshold_calculator_inst/r_threshold_value_reg[4]/C

Slack:                    inf
  Source:                 pm_top_mux_inst/theshold_calculator_inst/r_threshold_value1__1/ACOUT[29]
                            (internal pin)
  Destination:            pm_top_mux_inst/theshold_calculator_inst/r_threshold_value_reg[12]/D
                            (rising edge-triggered cell FDRE clocked by clk_fpga_0  {rise@0.000ns fall@12.500ns period=25.000ns})
  Path Group:             (none)
  Path Type:              Setup (Max at Slow Process Corner)
  Data Path Delay:        14.285ns  (logic 10.317ns (72.221%)  route 3.968ns (27.779%))
  Logic Levels:           18  (CARRY4=14 DSP48E1=2 LUT3=1 LUT4=1)
  Clock Uncertainty:      0.376ns  ((TSJ^2 + TIJ^2)^1/2 + DJ) / 2 + PE
    Total System Jitter     (TSJ):    0.050ns
    Total Input Jitter      (TIJ):    0.750ns
    Discrete Jitter          (DJ):    0.000ns
    Phase Error              (PE):    0.000ns

    Location             Delay type                Incr(ns)  Path(ns)    Netlist Resource(s)
  -------------------------------------------------------------------    -------------------
    DSP48_X3Y54          DSP48E1                      0.000     0.000 r  pm_top_mux_inst/theshold_calculator_inst/r_threshold_value1__1/ACOUT[29]
                         net (fo=1, routed)           0.002     0.002    pm_top_mux_inst/theshold_calculator_inst/r_threshold_value1__1_n_24
    DSP48_X3Y55          DSP48E1 (Prop_dsp48e1_ACIN[29]_P[1])
                                                      3.639     3.641 r  pm_top_mux_inst/theshold_calculator_inst/r_threshold_value1__2/P[1]
                         net (fo=3, routed)           1.340     4.981    pm_top_mux_inst/theshold_calculator_inst/r_threshold_value1__2_n_104
    SLICE_X94Y125        LUT3 (Prop_lut3_I1_O)        0.149     5.130 r  pm_top_mux_inst/theshold_calculator_inst/r_threshold_value0__1_i_24/O
                         net (fo=2, routed)           0.607     5.737    pm_top_mux_inst/theshold_calculator_inst/r_threshold_value1_1[0]
    SLICE_X94Y126        LUT4 (Prop_lut4_I3_O)        0.355     6.092 r  pm_top_mux_inst/theshold_calculator_inst/r_threshold_value0__1_i_28/O
                         net (fo=1, routed)           0.000     6.092    pm_top_mux_inst_n_183
    SLICE_X94Y126        CARRY4 (Prop_carry4_S[0]_CO[3])
                                                      0.513     6.605 r  theshold_calculator_inst/r_threshold_value0__1_i_3/CO[3]
                         net (fo=1, routed)           0.000     6.605    theshold_calculator_inst/r_threshold_value0__1_i_3_n_0
    SLICE_X94Y127        CARRY4 (Prop_carry4_CI_CO[3])
                                                      0.117     6.722 r  theshold_calculator_inst/r_threshold_value0__1_i_2/CO[3]
                         net (fo=1, routed)           0.000     6.722    theshold_calculator_inst/r_threshold_value0__1_i_2_n_0
    SLICE_X94Y128        CARRY4 (Prop_carry4_CI_CO[3])
                                                      0.117     6.839 r  theshold_calculator_inst/r_threshold_value0__1_i_1/CO[3]
                         net (fo=1, routed)           0.000     6.839    theshold_calculator_inst/r_threshold_value0__1_i_1_n_0
    SLICE_X94Y129        CARRY4 (Prop_carry4_CI_CO[3])
                                                      0.117     6.956 r  theshold_calculator_inst/r_threshold_value0__0_i_5/CO[3]
                         net (fo=1, routed)           0.000     6.956    theshold_calculator_inst/r_threshold_value0__0_i_5_n_0
    SLICE_X94Y130        CARRY4 (Prop_carry4_CI_CO[3])
                                                      0.117     7.073 r  theshold_calculator_inst/r_threshold_value0__0_i_4/CO[3]
                         net (fo=1, routed)           0.000     7.073    theshold_calculator_inst/r_threshold_value0__0_i_4_n_0
    SLICE_X94Y131        CARRY4 (Prop_carry4_CI_CO[3])
                                                      0.117     7.190 r  theshold_calculator_inst/r_threshold_value0__0_i_3/CO[3]
                         net (fo=1, routed)           0.000     7.190    theshold_calculator_inst/r_threshold_value0__0_i_3_n_0
    SLICE_X94Y132        CARRY4 (Prop_carry4_CI_CO[3])
                                                      0.117     7.307 r  theshold_calculator_inst/r_threshold_value0__0_i_2/CO[3]
                         net (fo=1, routed)           0.000     7.307    theshold_calculator_inst/r_threshold_value0__0_i_2_n_0
    SLICE_X94Y133        CARRY4 (Prop_carry4_CI_CO[3])
                                                      0.117     7.424 r  theshold_calculator_inst/r_threshold_value0__0_i_1/CO[3]
                         net (fo=1, routed)           0.000     7.424    theshold_calculator_inst/r_threshold_value0__0_i_1_n_0
    SLICE_X94Y134        CARRY4 (Prop_carry4_CI_CO[3])
                                                      0.117     7.541 r  theshold_calculator_inst/r_threshold_value0_i_6/CO[3]
                         net (fo=1, routed)           0.000     7.541    theshold_calculator_inst/r_threshold_value0_i_6_n_0
    SLICE_X94Y135        CARRY4 (Prop_carry4_CI_CO[3])
                                                      0.117     7.658 r  theshold_calculator_inst/r_threshold_value0_i_5/CO[3]
                         net (fo=1, routed)           0.000     7.658    theshold_calculator_inst/r_threshold_value0_i_5_n_0
    SLICE_X94Y136        CARRY4 (Prop_carry4_CI_CO[3])
                                                      0.117     7.775 r  theshold_calculator_inst/r_threshold_value0_i_4/CO[3]
                         net (fo=1, routed)           0.000     7.775    theshold_calculator_inst/r_threshold_value0_i_4_n_0
    SLICE_X94Y137        CARRY4 (Prop_carry4_CI_CO[3])
                                                      0.117     7.892 r  theshold_calculator_inst/r_threshold_value0_i_3/CO[3]
                         net (fo=1, routed)           0.000     7.892    theshold_calculator_inst/r_threshold_value0_i_3_n_0
    SLICE_X94Y138        CARRY4 (Prop_carry4_CI_CO[3])
                                                      0.117     8.009 r  theshold_calculator_inst/r_threshold_value0_i_2/CO[3]
                         net (fo=1, routed)           0.000     8.009    pm_top_mux_inst/theshold_calculator_inst/r_threshold_value_reg_0[0]
    SLICE_X94Y139        CARRY4 (Prop_carry4_CI_O[2])
                                                      0.239     8.248 r  pm_top_mux_inst/theshold_calculator_inst/r_threshold_value0_i_1/O[2]
                         net (fo=16, routed)          1.360     9.608    pm_top_mux_inst/theshold_calculator_inst/r_threshold_value0_i_1_n_5
    DSP48_X3Y48          DSP48E1 (Prop_dsp48e1_A[27]_P[12])
                                                      4.018    13.626 r  pm_top_mux_inst/theshold_calculator_inst/r_threshold_value0/P[12]
                         net (fo=1, routed)           0.659    14.285    pm_top_mux_inst/theshold_calculator_inst/r_threshold_value0_n_93
    SLICE_X92Y121        FDRE                                         r  pm_top_mux_inst/theshold_calculator_inst/r_threshold_value_reg[12]/D
  -------------------------------------------------------------------    -------------------

                         (clock clk_fpga_0 rise edge)
                                                      0.000     0.000 r  
    PS7_X0Y0             PS7                          0.000     0.000 r  comblock_setup_wrapper_inst/comblock_setup_i/processing_system7_0/inst/PS7_i/FCLKCLK[0]
                         net (fo=1, routed)           1.088     1.088    comblock_setup_wrapper_inst/comblock_setup_i/processing_system7_0/inst/FCLK_CLK_unbuffered[0]
    BUFGCTRL_X0Y16       BUFG (Prop_bufg_I_O)         0.091     1.179 r  comblock_setup_wrapper_inst/comblock_setup_i/processing_system7_0/inst/buffer_fclk_clk_0.FCLK_CLK_0_BUFG/O
                         net (fo=31501, routed)       1.768     2.947    pm_top_mux_inst/theshold_calculator_inst/PS_CLOCK0
    SLICE_X92Y121        FDRE                                         r  pm_top_mux_inst/theshold_calculator_inst/r_threshold_value_reg[12]/C

Slack:                    inf
  Source:                 pm_top_mux_inst/theshold_calculator_inst/r_threshold_value1__1/ACOUT[29]
                            (internal pin)
  Destination:            pm_top_mux_inst/theshold_calculator_inst/r_threshold_value_reg[6]/D
                            (rising edge-triggered cell FDRE clocked by clk_fpga_0  {rise@0.000ns fall@12.500ns period=25.000ns})
  Path Group:             (none)
  Path Type:              Setup (Max at Slow Process Corner)
  Data Path Delay:        14.284ns  (logic 10.317ns (72.227%)  route 3.967ns (27.773%))
  Logic Levels:           18  (CARRY4=14 DSP48E1=2 LUT3=1 LUT4=1)
  Clock Uncertainty:      0.376ns  ((TSJ^2 + TIJ^2)^1/2 + DJ) / 2 + PE
    Total System Jitter     (TSJ):    0.050ns
    Total Input Jitter      (TIJ):    0.750ns
    Discrete Jitter          (DJ):    0.000ns
    Phase Error              (PE):    0.000ns

    Location             Delay type                Incr(ns)  Path(ns)    Netlist Resource(s)
  -------------------------------------------------------------------    -------------------
    DSP48_X3Y54          DSP48E1                      0.000     0.000 r  pm_top_mux_inst/theshold_calculator_inst/r_threshold_value1__1/ACOUT[29]
                         net (fo=1, routed)           0.002     0.002    pm_top_mux_inst/theshold_calculator_inst/r_threshold_value1__1_n_24
    DSP48_X3Y55          DSP48E1 (Prop_dsp48e1_ACIN[29]_P[1])
                                                      3.639     3.641 r  pm_top_mux_inst/theshold_calculator_inst/r_threshold_value1__2/P[1]
                         net (fo=3, routed)           1.340     4.981    pm_top_mux_inst/theshold_calculator_inst/r_threshold_value1__2_n_104
    SLICE_X94Y125        LUT3 (Prop_lut3_I1_O)        0.149     5.130 r  pm_top_mux_inst/theshold_calculator_inst/r_threshold_value0__1_i_24/O
                         net (fo=2, routed)           0.607     5.737    pm_top_mux_inst/theshold_calculator_inst/r_threshold_value1_1[0]
    SLICE_X94Y126        LUT4 (Prop_lut4_I3_O)        0.355     6.092 r  pm_top_mux_inst/theshold_calculator_inst/r_threshold_value0__1_i_28/O
                         net (fo=1, routed)           0.000     6.092    pm_top_mux_inst_n_183
    SLICE_X94Y126        CARRY4 (Prop_carry4_S[0]_CO[3])
                                                      0.513     6.605 r  theshold_calculator_inst/r_threshold_value0__1_i_3/CO[3]
                         net (fo=1, routed)           0.000     6.605    theshold_calculator_inst/r_threshold_value0__1_i_3_n_0
    SLICE_X94Y127        CARRY4 (Prop_carry4_CI_CO[3])
                                                      0.117     6.722 r  theshold_calculator_inst/r_threshold_value0__1_i_2/CO[3]
                         net (fo=1, routed)           0.000     6.722    theshold_calculator_inst/r_threshold_value0__1_i_2_n_0
    SLICE_X94Y128        CARRY4 (Prop_carry4_CI_CO[3])
                                                      0.117     6.839 r  theshold_calculator_inst/r_threshold_value0__1_i_1/CO[3]
                         net (fo=1, routed)           0.000     6.839    theshold_calculator_inst/r_threshold_value0__1_i_1_n_0
    SLICE_X94Y129        CARRY4 (Prop_carry4_CI_CO[3])
                                                      0.117     6.956 r  theshold_calculator_inst/r_threshold_value0__0_i_5/CO[3]
                         net (fo=1, routed)           0.000     6.956    theshold_calculator_inst/r_threshold_value0__0_i_5_n_0
    SLICE_X94Y130        CARRY4 (Prop_carry4_CI_CO[3])
                                                      0.117     7.073 r  theshold_calculator_inst/r_threshold_value0__0_i_4/CO[3]
                         net (fo=1, routed)           0.000     7.073    theshold_calculator_inst/r_threshold_value0__0_i_4_n_0
    SLICE_X94Y131        CARRY4 (Prop_carry4_CI_CO[3])
                                                      0.117     7.190 r  theshold_calculator_inst/r_threshold_value0__0_i_3/CO[3]
                         net (fo=1, routed)           0.000     7.190    theshold_calculator_inst/r_threshold_value0__0_i_3_n_0
    SLICE_X94Y132        CARRY4 (Prop_carry4_CI_CO[3])
                                                      0.117     7.307 r  theshold_calculator_inst/r_threshold_value0__0_i_2/CO[3]
                         net (fo=1, routed)           0.000     7.307    theshold_calculator_inst/r_threshold_value0__0_i_2_n_0
    SLICE_X94Y133        CARRY4 (Prop_carry4_CI_CO[3])
                                                      0.117     7.424 r  theshold_calculator_inst/r_threshold_value0__0_i_1/CO[3]
                         net (fo=1, routed)           0.000     7.424    theshold_calculator_inst/r_threshold_value0__0_i_1_n_0
    SLICE_X94Y134        CARRY4 (Prop_carry4_CI_CO[3])
                                                      0.117     7.541 r  theshold_calculator_inst/r_threshold_value0_i_6/CO[3]
                         net (fo=1, routed)           0.000     7.541    theshold_calculator_inst/r_threshold_value0_i_6_n_0
    SLICE_X94Y135        CARRY4 (Prop_carry4_CI_CO[3])
                                                      0.117     7.658 r  theshold_calculator_inst/r_threshold_value0_i_5/CO[3]
                         net (fo=1, routed)           0.000     7.658    theshold_calculator_inst/r_threshold_value0_i_5_n_0
    SLICE_X94Y136        CARRY4 (Prop_carry4_CI_CO[3])
                                                      0.117     7.775 r  theshold_calculator_inst/r_threshold_value0_i_4/CO[3]
                         net (fo=1, routed)           0.000     7.775    theshold_calculator_inst/r_threshold_value0_i_4_n_0
    SLICE_X94Y137        CARRY4 (Prop_carry4_CI_CO[3])
                                                      0.117     7.892 r  theshold_calculator_inst/r_threshold_value0_i_3/CO[3]
                         net (fo=1, routed)           0.000     7.892    theshold_calculator_inst/r_threshold_value0_i_3_n_0
    SLICE_X94Y138        CARRY4 (Prop_carry4_CI_CO[3])
                                                      0.117     8.009 r  theshold_calculator_inst/r_threshold_value0_i_2/CO[3]
                         net (fo=1, routed)           0.000     8.009    pm_top_mux_inst/theshold_calculator_inst/r_threshold_value_reg_0[0]
    SLICE_X94Y139        CARRY4 (Prop_carry4_CI_O[2])
                                                      0.239     8.248 r  pm_top_mux_inst/theshold_calculator_inst/r_threshold_value0_i_1/O[2]
                         net (fo=16, routed)          1.360     9.608    pm_top_mux_inst/theshold_calculator_inst/r_threshold_value0_i_1_n_5
    DSP48_X3Y48          DSP48E1 (Prop_dsp48e1_A[27]_P[6])
                                                      4.018    13.626 r  pm_top_mux_inst/theshold_calculator_inst/r_threshold_value0/P[6]
                         net (fo=1, routed)           0.658    14.284    pm_top_mux_inst/theshold_calculator_inst/r_threshold_value0_n_99
    SLICE_X92Y120        FDRE                                         r  pm_top_mux_inst/theshold_calculator_inst/r_threshold_value_reg[6]/D
  -------------------------------------------------------------------    -------------------

                         (clock clk_fpga_0 rise edge)
                                                      0.000     0.000 r  
    PS7_X0Y0             PS7                          0.000     0.000 r  comblock_setup_wrapper_inst/comblock_setup_i/processing_system7_0/inst/PS7_i/FCLKCLK[0]
                         net (fo=1, routed)           1.088     1.088    comblock_setup_wrapper_inst/comblock_setup_i/processing_system7_0/inst/FCLK_CLK_unbuffered[0]
    BUFGCTRL_X0Y16       BUFG (Prop_bufg_I_O)         0.091     1.179 r  comblock_setup_wrapper_inst/comblock_setup_i/processing_system7_0/inst/buffer_fclk_clk_0.FCLK_CLK_0_BUFG/O
                         net (fo=31501, routed)       1.769     2.948    pm_top_mux_inst/theshold_calculator_inst/PS_CLOCK0
    SLICE_X92Y120        FDRE                                         r  pm_top_mux_inst/theshold_calculator_inst/r_threshold_value_reg[6]/C





Min Delay Paths
--------------------------------------------------------------------------------------
Slack:                    inf
  Source:                 pm_top_mux_inst/scd_estimator_inst/pm_first_stage_wrap_inst/input_window_imag/p_0_out__0/ACOUT[0]
                            (internal pin)
  Destination:            pm_top_mux_inst/scd_estimator_inst/pm_first_stage_wrap_inst/input_window_imag/p_0_out__1/ACIN[0]
                            (rising edge-triggered cell DSP48E1 clocked by clk_fpga_0  {rise@0.000ns fall@12.500ns period=25.000ns})
  Path Group:             (none)
  Path Type:              Hold (Min at Slow Process Corner)
  Data Path Delay:        0.002ns  (logic 0.000ns (0.000%)  route 0.002ns (100.000%))
  Logic Levels:           0  
  Clock Uncertainty:      0.376ns  ((TSJ^2 + TIJ^2)^1/2 + DJ) / 2 + PE
    Total System Jitter     (TSJ):    0.050ns
    Total Input Jitter      (TIJ):    0.750ns
    Discrete Jitter          (DJ):    0.000ns
    Phase Error              (PE):    0.000ns

    Location             Delay type                Incr(ns)  Path(ns)    Netlist Resource(s)
  -------------------------------------------------------------------    -------------------
    DSP48_X2Y17          DSP48E1                      0.000     0.000 r  pm_top_mux_inst/scd_estimator_inst/pm_first_stage_wrap_inst/input_window_imag/p_0_out__0/ACOUT[0]
                         net (fo=1, routed)           0.002     0.002    pm_top_mux_inst/scd_estimator_inst/pm_first_stage_wrap_inst/input_window_imag/p_0_out__0_n_53
    DSP48_X2Y18          DSP48E1                                      r  pm_top_mux_inst/scd_estimator_inst/pm_first_stage_wrap_inst/input_window_imag/p_0_out__1/ACIN[0]
  -------------------------------------------------------------------    -------------------

                         (clock clk_fpga_0 rise edge)
                                                      0.000     0.000 r  
    PS7_X0Y0             PS7                          0.000     0.000 r  comblock_setup_wrapper_inst/comblock_setup_i/processing_system7_0/inst/PS7_i/FCLKCLK[0]
                         net (fo=1, routed)           1.193     1.193    comblock_setup_wrapper_inst/comblock_setup_i/processing_system7_0/inst/FCLK_CLK_unbuffered[0]
    BUFGCTRL_X0Y16       BUFG (Prop_bufg_I_O)         0.101     1.294 r  comblock_setup_wrapper_inst/comblock_setup_i/processing_system7_0/inst/buffer_fclk_clk_0.FCLK_CLK_0_BUFG/O
                         net (fo=31501, routed)       1.759     3.053    pm_top_mux_inst/scd_estimator_inst/pm_first_stage_wrap_inst/input_window_imag/PS_CLOCK0
    DSP48_X2Y18          DSP48E1                                      r  pm_top_mux_inst/scd_estimator_inst/pm_first_stage_wrap_inst/input_window_imag/p_0_out__1/CLK

Slack:                    inf
  Source:                 pm_top_mux_inst/scd_estimator_inst/pm_first_stage_wrap_inst/input_window_imag/p_0_out__0/ACOUT[10]
                            (internal pin)
  Destination:            pm_top_mux_inst/scd_estimator_inst/pm_first_stage_wrap_inst/input_window_imag/p_0_out__1/ACIN[10]
                            (rising edge-triggered cell DSP48E1 clocked by clk_fpga_0  {rise@0.000ns fall@12.500ns period=25.000ns})
  Path Group:             (none)
  Path Type:              Hold (Min at Slow Process Corner)
  Data Path Delay:        0.002ns  (logic 0.000ns (0.000%)  route 0.002ns (100.000%))
  Logic Levels:           0  
  Clock Uncertainty:      0.376ns  ((TSJ^2 + TIJ^2)^1/2 + DJ) / 2 + PE
    Total System Jitter     (TSJ):    0.050ns
    Total Input Jitter      (TIJ):    0.750ns
    Discrete Jitter          (DJ):    0.000ns
    Phase Error              (PE):    0.000ns

    Location             Delay type                Incr(ns)  Path(ns)    Netlist Resource(s)
  -------------------------------------------------------------------    -------------------
    DSP48_X2Y17          DSP48E1                      0.000     0.000 r  pm_top_mux_inst/scd_estimator_inst/pm_first_stage_wrap_inst/input_window_imag/p_0_out__0/ACOUT[10]
                         net (fo=1, routed)           0.002     0.002    pm_top_mux_inst/scd_estimator_inst/pm_first_stage_wrap_inst/input_window_imag/p_0_out__0_n_43
    DSP48_X2Y18          DSP48E1                                      r  pm_top_mux_inst/scd_estimator_inst/pm_first_stage_wrap_inst/input_window_imag/p_0_out__1/ACIN[10]
  -------------------------------------------------------------------    -------------------

                         (clock clk_fpga_0 rise edge)
                                                      0.000     0.000 r  
    PS7_X0Y0             PS7                          0.000     0.000 r  comblock_setup_wrapper_inst/comblock_setup_i/processing_system7_0/inst/PS7_i/FCLKCLK[0]
                         net (fo=1, routed)           1.193     1.193    comblock_setup_wrapper_inst/comblock_setup_i/processing_system7_0/inst/FCLK_CLK_unbuffered[0]
    BUFGCTRL_X0Y16       BUFG (Prop_bufg_I_O)         0.101     1.294 r  comblock_setup_wrapper_inst/comblock_setup_i/processing_system7_0/inst/buffer_fclk_clk_0.FCLK_CLK_0_BUFG/O
                         net (fo=31501, routed)       1.759     3.053    pm_top_mux_inst/scd_estimator_inst/pm_first_stage_wrap_inst/input_window_imag/PS_CLOCK0
    DSP48_X2Y18          DSP48E1                                      r  pm_top_mux_inst/scd_estimator_inst/pm_first_stage_wrap_inst/input_window_imag/p_0_out__1/CLK

Slack:                    inf
  Source:                 pm_top_mux_inst/scd_estimator_inst/pm_first_stage_wrap_inst/input_window_imag/p_0_out__0/ACOUT[11]
                            (internal pin)
  Destination:            pm_top_mux_inst/scd_estimator_inst/pm_first_stage_wrap_inst/input_window_imag/p_0_out__1/ACIN[11]
                            (rising edge-triggered cell DSP48E1 clocked by clk_fpga_0  {rise@0.000ns fall@12.500ns period=25.000ns})
  Path Group:             (none)
  Path Type:              Hold (Min at Slow Process Corner)
  Data Path Delay:        0.002ns  (logic 0.000ns (0.000%)  route 0.002ns (100.000%))
  Logic Levels:           0  
  Clock Uncertainty:      0.376ns  ((TSJ^2 + TIJ^2)^1/2 + DJ) / 2 + PE
    Total System Jitter     (TSJ):    0.050ns
    Total Input Jitter      (TIJ):    0.750ns
    Discrete Jitter          (DJ):    0.000ns
    Phase Error              (PE):    0.000ns

    Location             Delay type                Incr(ns)  Path(ns)    Netlist Resource(s)
  -------------------------------------------------------------------    -------------------
    DSP48_X2Y17          DSP48E1                      0.000     0.000 r  pm_top_mux_inst/scd_estimator_inst/pm_first_stage_wrap_inst/input_window_imag/p_0_out__0/ACOUT[11]
                         net (fo=1, routed)           0.002     0.002    pm_top_mux_inst/scd_estimator_inst/pm_first_stage_wrap_inst/input_window_imag/p_0_out__0_n_42
    DSP48_X2Y18          DSP48E1                                      r  pm_top_mux_inst/scd_estimator_inst/pm_first_stage_wrap_inst/input_window_imag/p_0_out__1/ACIN[11]
  -------------------------------------------------------------------    -------------------

                         (clock clk_fpga_0 rise edge)
                                                      0.000     0.000 r  
    PS7_X0Y0             PS7                          0.000     0.000 r  comblock_setup_wrapper_inst/comblock_setup_i/processing_system7_0/inst/PS7_i/FCLKCLK[0]
                         net (fo=1, routed)           1.193     1.193    comblock_setup_wrapper_inst/comblock_setup_i/processing_system7_0/inst/FCLK_CLK_unbuffered[0]
    BUFGCTRL_X0Y16       BUFG (Prop_bufg_I_O)         0.101     1.294 r  comblock_setup_wrapper_inst/comblock_setup_i/processing_system7_0/inst/buffer_fclk_clk_0.FCLK_CLK_0_BUFG/O
                         net (fo=31501, routed)       1.759     3.053    pm_top_mux_inst/scd_estimator_inst/pm_first_stage_wrap_inst/input_window_imag/PS_CLOCK0
    DSP48_X2Y18          DSP48E1                                      r  pm_top_mux_inst/scd_estimator_inst/pm_first_stage_wrap_inst/input_window_imag/p_0_out__1/CLK

Slack:                    inf
  Source:                 pm_top_mux_inst/scd_estimator_inst/pm_first_stage_wrap_inst/input_window_imag/p_0_out__0/ACOUT[12]
                            (internal pin)
  Destination:            pm_top_mux_inst/scd_estimator_inst/pm_first_stage_wrap_inst/input_window_imag/p_0_out__1/ACIN[12]
                            (rising edge-triggered cell DSP48E1 clocked by clk_fpga_0  {rise@0.000ns fall@12.500ns period=25.000ns})
  Path Group:             (none)
  Path Type:              Hold (Min at Slow Process Corner)
  Data Path Delay:        0.002ns  (logic 0.000ns (0.000%)  route 0.002ns (100.000%))
  Logic Levels:           0  
  Clock Uncertainty:      0.376ns  ((TSJ^2 + TIJ^2)^1/2 + DJ) / 2 + PE
    Total System Jitter     (TSJ):    0.050ns
    Total Input Jitter      (TIJ):    0.750ns
    Discrete Jitter          (DJ):    0.000ns
    Phase Error              (PE):    0.000ns

    Location             Delay type                Incr(ns)  Path(ns)    Netlist Resource(s)
  -------------------------------------------------------------------    -------------------
    DSP48_X2Y17          DSP48E1                      0.000     0.000 r  pm_top_mux_inst/scd_estimator_inst/pm_first_stage_wrap_inst/input_window_imag/p_0_out__0/ACOUT[12]
                         net (fo=1, routed)           0.002     0.002    pm_top_mux_inst/scd_estimator_inst/pm_first_stage_wrap_inst/input_window_imag/p_0_out__0_n_41
    DSP48_X2Y18          DSP48E1                                      r  pm_top_mux_inst/scd_estimator_inst/pm_first_stage_wrap_inst/input_window_imag/p_0_out__1/ACIN[12]
  -------------------------------------------------------------------    -------------------

                         (clock clk_fpga_0 rise edge)
                                                      0.000     0.000 r  
    PS7_X0Y0             PS7                          0.000     0.000 r  comblock_setup_wrapper_inst/comblock_setup_i/processing_system7_0/inst/PS7_i/FCLKCLK[0]
                         net (fo=1, routed)           1.193     1.193    comblock_setup_wrapper_inst/comblock_setup_i/processing_system7_0/inst/FCLK_CLK_unbuffered[0]
    BUFGCTRL_X0Y16       BUFG (Prop_bufg_I_O)         0.101     1.294 r  comblock_setup_wrapper_inst/comblock_setup_i/processing_system7_0/inst/buffer_fclk_clk_0.FCLK_CLK_0_BUFG/O
                         net (fo=31501, routed)       1.759     3.053    pm_top_mux_inst/scd_estimator_inst/pm_first_stage_wrap_inst/input_window_imag/PS_CLOCK0
    DSP48_X2Y18          DSP48E1                                      r  pm_top_mux_inst/scd_estimator_inst/pm_first_stage_wrap_inst/input_window_imag/p_0_out__1/CLK

Slack:                    inf
  Source:                 pm_top_mux_inst/scd_estimator_inst/pm_first_stage_wrap_inst/input_window_imag/p_0_out__0/ACOUT[13]
                            (internal pin)
  Destination:            pm_top_mux_inst/scd_estimator_inst/pm_first_stage_wrap_inst/input_window_imag/p_0_out__1/ACIN[13]
                            (rising edge-triggered cell DSP48E1 clocked by clk_fpga_0  {rise@0.000ns fall@12.500ns period=25.000ns})
  Path Group:             (none)
  Path Type:              Hold (Min at Slow Process Corner)
  Data Path Delay:        0.002ns  (logic 0.000ns (0.000%)  route 0.002ns (100.000%))
  Logic Levels:           0  
  Clock Uncertainty:      0.376ns  ((TSJ^2 + TIJ^2)^1/2 + DJ) / 2 + PE
    Total System Jitter     (TSJ):    0.050ns
    Total Input Jitter      (TIJ):    0.750ns
    Discrete Jitter          (DJ):    0.000ns
    Phase Error              (PE):    0.000ns

    Location             Delay type                Incr(ns)  Path(ns)    Netlist Resource(s)
  -------------------------------------------------------------------    -------------------
    DSP48_X2Y17          DSP48E1                      0.000     0.000 r  pm_top_mux_inst/scd_estimator_inst/pm_first_stage_wrap_inst/input_window_imag/p_0_out__0/ACOUT[13]
                         net (fo=1, routed)           0.002     0.002    pm_top_mux_inst/scd_estimator_inst/pm_first_stage_wrap_inst/input_window_imag/p_0_out__0_n_40
    DSP48_X2Y18          DSP48E1                                      r  pm_top_mux_inst/scd_estimator_inst/pm_first_stage_wrap_inst/input_window_imag/p_0_out__1/ACIN[13]
  -------------------------------------------------------------------    -------------------

                         (clock clk_fpga_0 rise edge)
                                                      0.000     0.000 r  
    PS7_X0Y0             PS7                          0.000     0.000 r  comblock_setup_wrapper_inst/comblock_setup_i/processing_system7_0/inst/PS7_i/FCLKCLK[0]
                         net (fo=1, routed)           1.193     1.193    comblock_setup_wrapper_inst/comblock_setup_i/processing_system7_0/inst/FCLK_CLK_unbuffered[0]
    BUFGCTRL_X0Y16       BUFG (Prop_bufg_I_O)         0.101     1.294 r  comblock_setup_wrapper_inst/comblock_setup_i/processing_system7_0/inst/buffer_fclk_clk_0.FCLK_CLK_0_BUFG/O
                         net (fo=31501, routed)       1.759     3.053    pm_top_mux_inst/scd_estimator_inst/pm_first_stage_wrap_inst/input_window_imag/PS_CLOCK0
    DSP48_X2Y18          DSP48E1                                      r  pm_top_mux_inst/scd_estimator_inst/pm_first_stage_wrap_inst/input_window_imag/p_0_out__1/CLK

Slack:                    inf
  Source:                 pm_top_mux_inst/scd_estimator_inst/pm_first_stage_wrap_inst/input_window_imag/p_0_out__0/ACOUT[14]
                            (internal pin)
  Destination:            pm_top_mux_inst/scd_estimator_inst/pm_first_stage_wrap_inst/input_window_imag/p_0_out__1/ACIN[14]
                            (rising edge-triggered cell DSP48E1 clocked by clk_fpga_0  {rise@0.000ns fall@12.500ns period=25.000ns})
  Path Group:             (none)
  Path Type:              Hold (Min at Slow Process Corner)
  Data Path Delay:        0.002ns  (logic 0.000ns (0.000%)  route 0.002ns (100.000%))
  Logic Levels:           0  
  Clock Uncertainty:      0.376ns  ((TSJ^2 + TIJ^2)^1/2 + DJ) / 2 + PE
    Total System Jitter     (TSJ):    0.050ns
    Total Input Jitter      (TIJ):    0.750ns
    Discrete Jitter          (DJ):    0.000ns
    Phase Error              (PE):    0.000ns

    Location             Delay type                Incr(ns)  Path(ns)    Netlist Resource(s)
  -------------------------------------------------------------------    -------------------
    DSP48_X2Y17          DSP48E1                      0.000     0.000 r  pm_top_mux_inst/scd_estimator_inst/pm_first_stage_wrap_inst/input_window_imag/p_0_out__0/ACOUT[14]
                         net (fo=1, routed)           0.002     0.002    pm_top_mux_inst/scd_estimator_inst/pm_first_stage_wrap_inst/input_window_imag/p_0_out__0_n_39
    DSP48_X2Y18          DSP48E1                                      r  pm_top_mux_inst/scd_estimator_inst/pm_first_stage_wrap_inst/input_window_imag/p_0_out__1/ACIN[14]
  -------------------------------------------------------------------    -------------------

                         (clock clk_fpga_0 rise edge)
                                                      0.000     0.000 r  
    PS7_X0Y0             PS7                          0.000     0.000 r  comblock_setup_wrapper_inst/comblock_setup_i/processing_system7_0/inst/PS7_i/FCLKCLK[0]
                         net (fo=1, routed)           1.193     1.193    comblock_setup_wrapper_inst/comblock_setup_i/processing_system7_0/inst/FCLK_CLK_unbuffered[0]
    BUFGCTRL_X0Y16       BUFG (Prop_bufg_I_O)         0.101     1.294 r  comblock_setup_wrapper_inst/comblock_setup_i/processing_system7_0/inst/buffer_fclk_clk_0.FCLK_CLK_0_BUFG/O
                         net (fo=31501, routed)       1.759     3.053    pm_top_mux_inst/scd_estimator_inst/pm_first_stage_wrap_inst/input_window_imag/PS_CLOCK0
    DSP48_X2Y18          DSP48E1                                      r  pm_top_mux_inst/scd_estimator_inst/pm_first_stage_wrap_inst/input_window_imag/p_0_out__1/CLK

Slack:                    inf
  Source:                 pm_top_mux_inst/scd_estimator_inst/pm_first_stage_wrap_inst/input_window_imag/p_0_out__0/ACOUT[15]
                            (internal pin)
  Destination:            pm_top_mux_inst/scd_estimator_inst/pm_first_stage_wrap_inst/input_window_imag/p_0_out__1/ACIN[15]
                            (rising edge-triggered cell DSP48E1 clocked by clk_fpga_0  {rise@0.000ns fall@12.500ns period=25.000ns})
  Path Group:             (none)
  Path Type:              Hold (Min at Slow Process Corner)
  Data Path Delay:        0.002ns  (logic 0.000ns (0.000%)  route 0.002ns (100.000%))
  Logic Levels:           0  
  Clock Uncertainty:      0.376ns  ((TSJ^2 + TIJ^2)^1/2 + DJ) / 2 + PE
    Total System Jitter     (TSJ):    0.050ns
    Total Input Jitter      (TIJ):    0.750ns
    Discrete Jitter          (DJ):    0.000ns
    Phase Error              (PE):    0.000ns

    Location             Delay type                Incr(ns)  Path(ns)    Netlist Resource(s)
  -------------------------------------------------------------------    -------------------
    DSP48_X2Y17          DSP48E1                      0.000     0.000 r  pm_top_mux_inst/scd_estimator_inst/pm_first_stage_wrap_inst/input_window_imag/p_0_out__0/ACOUT[15]
                         net (fo=1, routed)           0.002     0.002    pm_top_mux_inst/scd_estimator_inst/pm_first_stage_wrap_inst/input_window_imag/p_0_out__0_n_38
    DSP48_X2Y18          DSP48E1                                      r  pm_top_mux_inst/scd_estimator_inst/pm_first_stage_wrap_inst/input_window_imag/p_0_out__1/ACIN[15]
  -------------------------------------------------------------------    -------------------

                         (clock clk_fpga_0 rise edge)
                                                      0.000     0.000 r  
    PS7_X0Y0             PS7                          0.000     0.000 r  comblock_setup_wrapper_inst/comblock_setup_i/processing_system7_0/inst/PS7_i/FCLKCLK[0]
                         net (fo=1, routed)           1.193     1.193    comblock_setup_wrapper_inst/comblock_setup_i/processing_system7_0/inst/FCLK_CLK_unbuffered[0]
    BUFGCTRL_X0Y16       BUFG (Prop_bufg_I_O)         0.101     1.294 r  comblock_setup_wrapper_inst/comblock_setup_i/processing_system7_0/inst/buffer_fclk_clk_0.FCLK_CLK_0_BUFG/O
                         net (fo=31501, routed)       1.759     3.053    pm_top_mux_inst/scd_estimator_inst/pm_first_stage_wrap_inst/input_window_imag/PS_CLOCK0
    DSP48_X2Y18          DSP48E1                                      r  pm_top_mux_inst/scd_estimator_inst/pm_first_stage_wrap_inst/input_window_imag/p_0_out__1/CLK

Slack:                    inf
  Source:                 pm_top_mux_inst/scd_estimator_inst/pm_first_stage_wrap_inst/input_window_imag/p_0_out__0/ACOUT[16]
                            (internal pin)
  Destination:            pm_top_mux_inst/scd_estimator_inst/pm_first_stage_wrap_inst/input_window_imag/p_0_out__1/ACIN[16]
                            (rising edge-triggered cell DSP48E1 clocked by clk_fpga_0  {rise@0.000ns fall@12.500ns period=25.000ns})
  Path Group:             (none)
  Path Type:              Hold (Min at Slow Process Corner)
  Data Path Delay:        0.002ns  (logic 0.000ns (0.000%)  route 0.002ns (100.000%))
  Logic Levels:           0  
  Clock Uncertainty:      0.376ns  ((TSJ^2 + TIJ^2)^1/2 + DJ) / 2 + PE
    Total System Jitter     (TSJ):    0.050ns
    Total Input Jitter      (TIJ):    0.750ns
    Discrete Jitter          (DJ):    0.000ns
    Phase Error              (PE):    0.000ns

    Location             Delay type                Incr(ns)  Path(ns)    Netlist Resource(s)
  -------------------------------------------------------------------    -------------------
    DSP48_X2Y17          DSP48E1                      0.000     0.000 r  pm_top_mux_inst/scd_estimator_inst/pm_first_stage_wrap_inst/input_window_imag/p_0_out__0/ACOUT[16]
                         net (fo=1, routed)           0.002     0.002    pm_top_mux_inst/scd_estimator_inst/pm_first_stage_wrap_inst/input_window_imag/p_0_out__0_n_37
    DSP48_X2Y18          DSP48E1                                      r  pm_top_mux_inst/scd_estimator_inst/pm_first_stage_wrap_inst/input_window_imag/p_0_out__1/ACIN[16]
  -------------------------------------------------------------------    -------------------

                         (clock clk_fpga_0 rise edge)
                                                      0.000     0.000 r  
    PS7_X0Y0             PS7                          0.000     0.000 r  comblock_setup_wrapper_inst/comblock_setup_i/processing_system7_0/inst/PS7_i/FCLKCLK[0]
                         net (fo=1, routed)           1.193     1.193    comblock_setup_wrapper_inst/comblock_setup_i/processing_system7_0/inst/FCLK_CLK_unbuffered[0]
    BUFGCTRL_X0Y16       BUFG (Prop_bufg_I_O)         0.101     1.294 r  comblock_setup_wrapper_inst/comblock_setup_i/processing_system7_0/inst/buffer_fclk_clk_0.FCLK_CLK_0_BUFG/O
                         net (fo=31501, routed)       1.759     3.053    pm_top_mux_inst/scd_estimator_inst/pm_first_stage_wrap_inst/input_window_imag/PS_CLOCK0
    DSP48_X2Y18          DSP48E1                                      r  pm_top_mux_inst/scd_estimator_inst/pm_first_stage_wrap_inst/input_window_imag/p_0_out__1/CLK

Slack:                    inf
  Source:                 pm_top_mux_inst/scd_estimator_inst/pm_first_stage_wrap_inst/input_window_imag/p_0_out__0/ACOUT[17]
                            (internal pin)
  Destination:            pm_top_mux_inst/scd_estimator_inst/pm_first_stage_wrap_inst/input_window_imag/p_0_out__1/ACIN[17]
                            (rising edge-triggered cell DSP48E1 clocked by clk_fpga_0  {rise@0.000ns fall@12.500ns period=25.000ns})
  Path Group:             (none)
  Path Type:              Hold (Min at Slow Process Corner)
  Data Path Delay:        0.002ns  (logic 0.000ns (0.000%)  route 0.002ns (100.000%))
  Logic Levels:           0  
  Clock Uncertainty:      0.376ns  ((TSJ^2 + TIJ^2)^1/2 + DJ) / 2 + PE
    Total System Jitter     (TSJ):    0.050ns
    Total Input Jitter      (TIJ):    0.750ns
    Discrete Jitter          (DJ):    0.000ns
    Phase Error              (PE):    0.000ns

    Location             Delay type                Incr(ns)  Path(ns)    Netlist Resource(s)
  -------------------------------------------------------------------    -------------------
    DSP48_X2Y17          DSP48E1                      0.000     0.000 r  pm_top_mux_inst/scd_estimator_inst/pm_first_stage_wrap_inst/input_window_imag/p_0_out__0/ACOUT[17]
                         net (fo=1, routed)           0.002     0.002    pm_top_mux_inst/scd_estimator_inst/pm_first_stage_wrap_inst/input_window_imag/p_0_out__0_n_36
    DSP48_X2Y18          DSP48E1                                      r  pm_top_mux_inst/scd_estimator_inst/pm_first_stage_wrap_inst/input_window_imag/p_0_out__1/ACIN[17]
  -------------------------------------------------------------------    -------------------

                         (clock clk_fpga_0 rise edge)
                                                      0.000     0.000 r  
    PS7_X0Y0             PS7                          0.000     0.000 r  comblock_setup_wrapper_inst/comblock_setup_i/processing_system7_0/inst/PS7_i/FCLKCLK[0]
                         net (fo=1, routed)           1.193     1.193    comblock_setup_wrapper_inst/comblock_setup_i/processing_system7_0/inst/FCLK_CLK_unbuffered[0]
    BUFGCTRL_X0Y16       BUFG (Prop_bufg_I_O)         0.101     1.294 r  comblock_setup_wrapper_inst/comblock_setup_i/processing_system7_0/inst/buffer_fclk_clk_0.FCLK_CLK_0_BUFG/O
                         net (fo=31501, routed)       1.759     3.053    pm_top_mux_inst/scd_estimator_inst/pm_first_stage_wrap_inst/input_window_imag/PS_CLOCK0
    DSP48_X2Y18          DSP48E1                                      r  pm_top_mux_inst/scd_estimator_inst/pm_first_stage_wrap_inst/input_window_imag/p_0_out__1/CLK

Slack:                    inf
  Source:                 pm_top_mux_inst/scd_estimator_inst/pm_first_stage_wrap_inst/input_window_imag/p_0_out__0/ACOUT[18]
                            (internal pin)
  Destination:            pm_top_mux_inst/scd_estimator_inst/pm_first_stage_wrap_inst/input_window_imag/p_0_out__1/ACIN[18]
                            (rising edge-triggered cell DSP48E1 clocked by clk_fpga_0  {rise@0.000ns fall@12.500ns period=25.000ns})
  Path Group:             (none)
  Path Type:              Hold (Min at Slow Process Corner)
  Data Path Delay:        0.002ns  (logic 0.000ns (0.000%)  route 0.002ns (100.000%))
  Logic Levels:           0  
  Clock Uncertainty:      0.376ns  ((TSJ^2 + TIJ^2)^1/2 + DJ) / 2 + PE
    Total System Jitter     (TSJ):    0.050ns
    Total Input Jitter      (TIJ):    0.750ns
    Discrete Jitter          (DJ):    0.000ns
    Phase Error              (PE):    0.000ns

    Location             Delay type                Incr(ns)  Path(ns)    Netlist Resource(s)
  -------------------------------------------------------------------    -------------------
    DSP48_X2Y17          DSP48E1                      0.000     0.000 r  pm_top_mux_inst/scd_estimator_inst/pm_first_stage_wrap_inst/input_window_imag/p_0_out__0/ACOUT[18]
                         net (fo=1, routed)           0.002     0.002    pm_top_mux_inst/scd_estimator_inst/pm_first_stage_wrap_inst/input_window_imag/p_0_out__0_n_35
    DSP48_X2Y18          DSP48E1                                      r  pm_top_mux_inst/scd_estimator_inst/pm_first_stage_wrap_inst/input_window_imag/p_0_out__1/ACIN[18]
  -------------------------------------------------------------------    -------------------

                         (clock clk_fpga_0 rise edge)
                                                      0.000     0.000 r  
    PS7_X0Y0             PS7                          0.000     0.000 r  comblock_setup_wrapper_inst/comblock_setup_i/processing_system7_0/inst/PS7_i/FCLKCLK[0]
                         net (fo=1, routed)           1.193     1.193    comblock_setup_wrapper_inst/comblock_setup_i/processing_system7_0/inst/FCLK_CLK_unbuffered[0]
    BUFGCTRL_X0Y16       BUFG (Prop_bufg_I_O)         0.101     1.294 r  comblock_setup_wrapper_inst/comblock_setup_i/processing_system7_0/inst/buffer_fclk_clk_0.FCLK_CLK_0_BUFG/O
                         net (fo=31501, routed)       1.759     3.053    pm_top_mux_inst/scd_estimator_inst/pm_first_stage_wrap_inst/input_window_imag/PS_CLOCK0
    DSP48_X2Y18          DSP48E1                                      r  pm_top_mux_inst/scd_estimator_inst/pm_first_stage_wrap_inst/input_window_imag/p_0_out__1/CLK





