Copyright 1986-2022 Xilinx, Inc. All Rights Reserved. Copyright 2022-2023 Advanced Micro Devices, Inc. All Rights Reserved.
---------------------------------------------------------------------------------------------------------------------------------------------------------------------------------------------------------------------------
| Tool Version : Vivado v.2023.1 (win64) Build 3865809 Sun May  7 15:05:29 MDT 2023
| Date         : Wed Jul  8 14:26:00 2026
| Host         : Geronimo running 64-bit major release  (build 9200)
| Command      : report_timing_summary -max_paths 10 -report_unconstrained -file pm_top_mux_timing_summary_routed.rpt -pb pm_top_mux_timing_summary_routed.pb -rpx pm_top_mux_timing_summary_routed.rpx -warn_on_violation
| Design       : pm_top_mux
| Device       : 7z020-clg484
| Speed File   : -1  PRODUCTION 1.12 2019-11-22
| Design State : Routed
---------------------------------------------------------------------------------------------------------------------------------------------------------------------------------------------------------------------------

Timing Summary Report

------------------------------------------------------------------------------------------------
| Timer Settings
| --------------
------------------------------------------------------------------------------------------------

  Enable Multi Corner Analysis               :  Yes
  Enable Pessimism Removal                   :  Yes
  Pessimism Removal Resolution               :  Nearest Common Node
  Enable Input Delay Default Clock           :  No
  Enable Preset / Clear Arcs                 :  No
  Disable Flight Delays                      :  No
  Ignore I/O Paths                           :  No
  Timing Early Launch at Borrowing Latches   :  No
  Borrow Time for Max Delay Exceptions       :  Yes
  Merge Timing Exceptions                    :  Yes

  Corner  Analyze    Analyze    
  Name    Max Paths  Min Paths  
  ------  ---------  ---------  
  Slow    Yes        Yes        
  Fast    Yes        Yes        


------------------------------------------------------------------------------------------------
| Report Methodology
| ------------------
------------------------------------------------------------------------------------------------

Rule       Severity  Description                    Violations  
---------  --------  -----------------------------  ----------  
LUTAR-1    Warning   LUT drives async reset alert   1           
SYNTH-10   Warning   Wide multiplier                28          
TIMING-18  Warning   Missing input or output delay  73          

Note: This report is based on the most recent report_methodology run and may not be up-to-date. Run report_methodology on the current design for the latest report.



check_timing report

Table of Contents
-----------------
1. checking no_clock (0)
2. checking constant_clock (0)
3. checking pulse_width_clock (0)
4. checking unconstrained_internal_endpoints (0)
5. checking no_input_delay (54)
6. checking no_output_delay (19)
7. checking multiple_clock (0)
8. checking generated_clocks (0)
9. checking loops (0)
10. checking partial_input_delay (0)
11. checking partial_output_delay (0)
12. checking latch_loops (0)

1. checking no_clock (0)
------------------------
 There are 0 register/latch pins with no clock.


2. checking constant_clock (0)
------------------------------
 There are 0 register/latch pins with constant_clock.


3. checking pulse_width_clock (0)
---------------------------------
 There are 0 register/latch pins which need pulse_width check


4. checking unconstrained_internal_endpoints (0)
------------------------------------------------
 There are 0 pins that are not constrained for maximum delay.

 There are 0 pins that are not constrained for maximum delay due to constant clock.


5. checking no_input_delay (54)
-------------------------------
 There are 54 input ports with no input delay specified. (HIGH)

 There are 0 input ports with no input delay but user has a false path constraint.


6. checking no_output_delay (19)
--------------------------------
 There are 19 ports with no output delay specified. (HIGH)

 There are 0 ports with no output delay but user has a false path constraint

 There are 0 ports with no output delay but with a timing clock defined on it or propagating through it


7. checking multiple_clock (0)
------------------------------
 There are 0 register/latch pins with multiple clocks.


8. checking generated_clocks (0)
--------------------------------
 There are 0 generated clocks that are not connected to a clock source.


9. checking loops (0)
---------------------
 There are 0 combinational loops in the design.


10. checking partial_input_delay (0)
------------------------------------
 There are 0 input ports with partial input delay specified.


11. checking partial_output_delay (0)
-------------------------------------
 There are 0 ports with partial output delay specified.


12. checking latch_loops (0)
----------------------------
 There are 0 combinational latch loops in the design through latch input



------------------------------------------------------------------------------------------------
| Design Timing Summary
| ---------------------
------------------------------------------------------------------------------------------------

    WNS(ns)      TNS(ns)  TNS Failing Endpoints  TNS Total Endpoints      WHS(ns)      THS(ns)  THS Failing Endpoints  THS Total Endpoints     WPWS(ns)     TPWS(ns)  TPWS Failing Endpoints  TPWS Total Endpoints  
    -------      -------  ---------------------  -------------------      -------      -------  ---------------------  -------------------     --------     --------  ----------------------  --------------------  
      5.372        0.000                      0                54110        0.020        0.000                      0                54110       11.520        0.000                       0                 22968  


All user specified timing constraints are met.


------------------------------------------------------------------------------------------------
| Clock Summary
| -------------
------------------------------------------------------------------------------------------------

Clock    Waveform(ns)       Period(ns)      Frequency(MHz)
-----    ------------       ----------      --------------
sys_clk  {0.000 12.500}     25.000          40.000          


------------------------------------------------------------------------------------------------
| Intra Clock Table
| -----------------
------------------------------------------------------------------------------------------------

Clock             WNS(ns)      TNS(ns)  TNS Failing Endpoints  TNS Total Endpoints      WHS(ns)      THS(ns)  THS Failing Endpoints  THS Total Endpoints     WPWS(ns)     TPWS(ns)  TPWS Failing Endpoints  TPWS Total Endpoints  
-----             -------      -------  ---------------------  -------------------      -------      -------  ---------------------  -------------------     --------     --------  ----------------------  --------------------  
sys_clk             5.372        0.000                      0                54047        0.020        0.000                      0                54047       11.520        0.000                       0                 22968  


------------------------------------------------------------------------------------------------
| Inter Clock Table
| -----------------
------------------------------------------------------------------------------------------------

From Clock    To Clock          WNS(ns)      TNS(ns)  TNS Failing Endpoints  TNS Total Endpoints      WHS(ns)      THS(ns)  THS Failing Endpoints  THS Total Endpoints  
----------    --------          -------      -------  ---------------------  -------------------      -------      -------  ---------------------  -------------------  


------------------------------------------------------------------------------------------------
| Other Path Groups Table
| -----------------------
------------------------------------------------------------------------------------------------

Path Group         From Clock         To Clock               WNS(ns)      TNS(ns)  TNS Failing Endpoints  TNS Total Endpoints      WHS(ns)      THS(ns)  THS Failing Endpoints  THS Total Endpoints  
----------         ----------         --------               -------      -------  ---------------------  -------------------      -------      -------  ---------------------  -------------------  
**async_default**  sys_clk            sys_clk                  7.912        0.000                      0                   63        6.570        0.000                      0                   63  


------------------------------------------------------------------------------------------------
| User Ignored Path Table
| -----------------------
------------------------------------------------------------------------------------------------

Path Group    From Clock    To Clock    
----------    ----------    --------    


------------------------------------------------------------------------------------------------
| Unconstrained Path Table
| ------------------------
------------------------------------------------------------------------------------------------

Path Group    From Clock    To Clock    
----------    ----------    --------    
(none)        sys_clk                     
(none)                      sys_clk       


------------------------------------------------------------------------------------------------
| Timing Details
| --------------
------------------------------------------------------------------------------------------------


---------------------------------------------------------------------------------------------------
From Clock:  sys_clk
  To Clock:  sys_clk

Setup :            0  Failing Endpoints,  Worst Slack        5.372ns,  Total Violation        0.000ns
Hold  :            0  Failing Endpoints,  Worst Slack        0.020ns,  Total Violation        0.000ns
PW    :            0  Failing Endpoints,  Worst Slack       11.520ns,  Total Violation        0.000ns
---------------------------------------------------------------------------------------------------


Max Delay Paths
--------------------------------------------------------------------------------------
Slack (MET) :             5.372ns  (required time - arrival time)
  Source:                 scd_estimator_inst/pm_second_stage_wrap_inst/p_point_fft/U0/i_synth/axi_wrapper/data_out_channel/gen_non_real_time.fifo/fifo0/fifo_2_reg[47]/C
                            (rising edge-triggered cell FDRE clocked by sys_clk  {rise@0.000ns fall@12.500ns period=25.000ns})
  Destination:            detection_compare_inst/r_detect_counter_reg[12]/CE
                            (rising edge-triggered cell FDRE clocked by sys_clk  {rise@0.000ns fall@12.500ns period=25.000ns})
  Path Group:             sys_clk
  Path Type:              Setup (Max at Slow Process Corner)
  Requirement:            25.000ns  (sys_clk rise@25.000ns - sys_clk rise@0.000ns)
  Data Path Delay:        19.298ns  (logic 10.749ns (55.699%)  route 8.549ns (44.301%))
  Logic Levels:           21  (CARRY4=15 DSP48E1=2 LUT2=3 LUT6=1)
  Clock Path Skew:        -0.090ns (DCD - SCD + CPR)
    Destination Clock Delay (DCD):    5.181ns = ( 30.181 - 25.000 ) 
    Source Clock Delay      (SCD):    5.550ns
    Clock Pessimism Removal (CPR):    0.280ns
  Clock Uncertainty:      0.035ns  ((TSJ^2 + TIJ^2)^1/2 + DJ) / 2 + PE
    Total System Jitter     (TSJ):    0.071ns
    Total Input Jitter      (TIJ):    0.000ns
    Discrete Jitter          (DJ):    0.000ns
    Phase Error              (PE):    0.000ns

    Location             Delay type                Incr(ns)  Path(ns)    Netlist Resource(s)
  -------------------------------------------------------------------    -------------------
                         (clock sys_clk rise edge)    0.000     0.000 r  
    Y9                                                0.000     0.000 r  clock (IN)
                         net (fo=0)                   0.000     0.000    clock
    Y9                   IBUF (Prop_ibuf_I_O)         1.490     1.490 r  clock_IBUF_inst/O
                         net (fo=1, routed)           2.171     3.661    clock_IBUF
    BUFGCTRL_X0Y0        BUFG (Prop_bufg_I_O)         0.101     3.762 r  clock_IBUF_BUFG_inst/O
                         net (fo=23041, routed)       1.788     5.550    scd_estimator_inst/pm_second_stage_wrap_inst/p_point_fft/U0/i_synth/axi_wrapper/data_out_channel/gen_non_real_time.fifo/fifo0/aclk
    SLICE_X100Y93        FDRE                                         r  scd_estimator_inst/pm_second_stage_wrap_inst/p_point_fft/U0/i_synth/axi_wrapper/data_out_channel/gen_non_real_time.fifo/fifo0/fifo_2_reg[47]/C
  -------------------------------------------------------------------    -------------------
    SLICE_X100Y93        FDRE (Prop_fdre_C_Q)         0.478     6.028 r  scd_estimator_inst/pm_second_stage_wrap_inst/p_point_fft/U0/i_synth/axi_wrapper/data_out_channel/gen_non_real_time.fifo/fifo0/fifo_2_reg[47]/Q
                         net (fo=4, routed)           1.569     7.597    detection_compare_inst/m_axis_data_tdata[46]
    DSP48_X4Y46          DSP48E1 (Prop_dsp48e1_A[14]_PCOUT[47])
                                                      4.210    11.807 r  detection_compare_inst/r_comparison1__5/PCOUT[47]
                         net (fo=1, routed)           0.002    11.809    detection_compare_inst/r_comparison1__5_n_106
    DSP48_X4Y47          DSP48E1 (Prop_dsp48e1_PCIN[47]_P[0])
                                                      1.518    13.327 r  detection_compare_inst/r_comparison1__6/P[0]
                         net (fo=2, routed)           0.908    14.235    detection_compare_inst/r_comparison1__6_n_105
    SLICE_X102Y112       LUT2 (Prop_lut2_I0_O)        0.124    14.359 r  detection_compare_inst/i__carry_i_3__1/O
                         net (fo=1, routed)           0.000    14.359    detection_compare_inst/i__carry_i_3__1_n_0
    SLICE_X102Y112       CARRY4 (Prop_carry4_S[1]_CO[3])
                                                      0.533    14.892 r  detection_compare_inst/r_comparison1_inferred__1/i__carry/CO[3]
                         net (fo=1, routed)           0.000    14.892    detection_compare_inst/r_comparison1_inferred__1/i__carry_n_0
    SLICE_X102Y113       CARRY4 (Prop_carry4_CI_CO[3])
                                                      0.117    15.009 r  detection_compare_inst/r_comparison1_inferred__1/i__carry__0/CO[3]
                         net (fo=1, routed)           0.000    15.009    detection_compare_inst/r_comparison1_inferred__1/i__carry__0_n_0
    SLICE_X102Y114       CARRY4 (Prop_carry4_CI_CO[3])
                                                      0.117    15.126 r  detection_compare_inst/r_comparison1_inferred__1/i__carry__1/CO[3]
                         net (fo=1, routed)           0.000    15.126    detection_compare_inst/r_comparison1_inferred__1/i__carry__1_n_0
    SLICE_X102Y115       CARRY4 (Prop_carry4_CI_CO[3])
                                                      0.117    15.243 r  detection_compare_inst/r_comparison1_inferred__1/i__carry__2/CO[3]
                         net (fo=1, routed)           0.000    15.243    detection_compare_inst/r_comparison1_inferred__1/i__carry__2_n_0
    SLICE_X102Y116       CARRY4 (Prop_carry4_CI_CO[3])
                                                      0.117    15.360 r  detection_compare_inst/r_comparison1_inferred__1/i__carry__3/CO[3]
                         net (fo=1, routed)           0.000    15.360    detection_compare_inst/r_comparison1_inferred__1/i__carry__3_n_0
    SLICE_X102Y117       CARRY4 (Prop_carry4_CI_CO[3])
                                                      0.117    15.477 r  detection_compare_inst/r_comparison1_inferred__1/i__carry__4/CO[3]
                         net (fo=1, routed)           0.000    15.477    detection_compare_inst/r_comparison1_inferred__1/i__carry__4_n_0
    SLICE_X102Y118       CARRY4 (Prop_carry4_CI_CO[3])
                                                      0.117    15.594 r  detection_compare_inst/r_comparison1_inferred__1/i__carry__5/CO[3]
                         net (fo=1, routed)           0.000    15.594    detection_compare_inst/r_comparison1_inferred__1/i__carry__5_n_0
    SLICE_X102Y119       CARRY4 (Prop_carry4_CI_O[1])
                                                      0.323    15.917 r  detection_compare_inst/r_comparison1_inferred__1/i__carry__6/O[1]
                         net (fo=2, routed)           1.141    17.058    detection_compare_inst/r_comparison1_inferred__1/i__carry__6_n_6
    SLICE_X102Y106       LUT2 (Prop_lut2_I0_O)        0.306    17.364 r  detection_compare_inst/r_comparison0_carry__10_i_3/O
                         net (fo=1, routed)           0.000    17.364    detection_compare_inst/r_comparison0_carry__10_i_3_n_0
    SLICE_X102Y106       CARRY4 (Prop_carry4_S[1]_CO[3])
                                                      0.533    17.897 r  detection_compare_inst/r_comparison0_carry__10/CO[3]
                         net (fo=1, routed)           0.000    17.897    detection_compare_inst/r_comparison0_carry__10_n_0
    SLICE_X102Y107       CARRY4 (Prop_carry4_CI_CO[3])
                                                      0.117    18.014 r  detection_compare_inst/r_comparison0_carry__11/CO[3]
                         net (fo=1, routed)           0.000    18.014    detection_compare_inst/r_comparison0_carry__11_n_0
    SLICE_X102Y108       CARRY4 (Prop_carry4_CI_CO[3])
                                                      0.117    18.131 r  detection_compare_inst/r_comparison0_carry__12/CO[3]
                         net (fo=1, routed)           0.000    18.131    detection_compare_inst/r_comparison0_carry__12_n_0
    SLICE_X102Y109       CARRY4 (Prop_carry4_CI_CO[3])
                                                      0.117    18.248 r  detection_compare_inst/r_comparison0_carry__13/CO[3]
                         net (fo=1, routed)           0.000    18.248    detection_compare_inst/r_comparison0_carry__13_n_0
    SLICE_X102Y110       CARRY4 (Prop_carry4_CI_O[1])
                                                      0.323    18.571 r  detection_compare_inst/r_comparison0_carry__14/O[1]
                         net (fo=2, routed)           0.953    19.525    theshold_calculator_inst/r_comparison0[61]
    SLICE_X98Y103        LUT6 (Prop_lut6_I3_O)        0.306    19.831 r  theshold_calculator_inst/r_detect_counter0_carry__6_i_2/O
                         net (fo=1, routed)           0.568    20.399    detection_compare_inst/r_detect_counter0_carry__7_0[2]
    SLICE_X99Y103        CARRY4 (Prop_carry4_DI[2]_CO[3])
                                                      0.398    20.797 r  detection_compare_inst/r_detect_counter0_carry__6/CO[3]
                         net (fo=1, routed)           0.000    20.797    detection_compare_inst/r_detect_counter0_carry__6_n_0
    SLICE_X99Y104        CARRY4 (Prop_carry4_CI_CO[0])
                                                      0.271    21.068 r  detection_compare_inst/r_detect_counter0_carry__7/CO[0]
                         net (fo=1, routed)           2.314    23.382    pm_top_mux_fsmd_control/CO[0]
    SLICE_X97Y39         LUT2 (Prop_lut2_I1_O)        0.373    23.755 r  pm_top_mux_fsmd_control/r_detect_counter[0]_i_2/O
                         net (fo=16, routed)          1.094    24.849    detection_compare_inst/r_detect_counter
    SLICE_X111Y42        FDRE                                         r  detection_compare_inst/r_detect_counter_reg[12]/CE
  -------------------------------------------------------------------    -------------------

                         (clock sys_clk rise edge)   25.000    25.000 r  
    Y9                                                0.000    25.000 r  clock (IN)
                         net (fo=0)                   0.000    25.000    clock
    Y9                   IBUF (Prop_ibuf_I_O)         1.420    26.420 r  clock_IBUF_inst/O
                         net (fo=1, routed)           1.972    28.392    clock_IBUF
    BUFGCTRL_X0Y0        BUFG (Prop_bufg_I_O)         0.091    28.483 r  clock_IBUF_BUFG_inst/O
                         net (fo=23041, routed)       1.698    30.181    detection_compare_inst/clock_IBUF_BUFG
    SLICE_X111Y42        FDRE                                         r  detection_compare_inst/r_detect_counter_reg[12]/C
                         clock pessimism              0.280    30.461    
                         clock uncertainty           -0.035    30.425    
    SLICE_X111Y42        FDRE (Setup_fdre_C_CE)      -0.205    30.220    detection_compare_inst/r_detect_counter_reg[12]
  -------------------------------------------------------------------
                         required time                         30.220    
                         arrival time                         -24.849    
  -------------------------------------------------------------------
                         slack                                  5.372    

Slack (MET) :             5.372ns  (required time - arrival time)
  Source:                 scd_estimator_inst/pm_second_stage_wrap_inst/p_point_fft/U0/i_synth/axi_wrapper/data_out_channel/gen_non_real_time.fifo/fifo0/fifo_2_reg[47]/C
                            (rising edge-triggered cell FDRE clocked by sys_clk  {rise@0.000ns fall@12.500ns period=25.000ns})
  Destination:            detection_compare_inst/r_detect_counter_reg[13]/CE
                            (rising edge-triggered cell FDRE clocked by sys_clk  {rise@0.000ns fall@12.500ns period=25.000ns})
  Path Group:             sys_clk
  Path Type:              Setup (Max at Slow Process Corner)
  Requirement:            25.000ns  (sys_clk rise@25.000ns - sys_clk rise@0.000ns)
  Data Path Delay:        19.298ns  (logic 10.749ns (55.699%)  route 8.549ns (44.301%))
  Logic Levels:           21  (CARRY4=15 DSP48E1=2 LUT2=3 LUT6=1)
  Clock Path Skew:        -0.090ns (DCD - SCD + CPR)
    Destination Clock Delay (DCD):    5.181ns = ( 30.181 - 25.000 ) 
    Source Clock Delay      (SCD):    5.550ns
    Clock Pessimism Removal (CPR):    0.280ns
  Clock Uncertainty:      0.035ns  ((TSJ^2 + TIJ^2)^1/2 + DJ) / 2 + PE
    Total System Jitter     (TSJ):    0.071ns
    Total Input Jitter      (TIJ):    0.000ns
    Discrete Jitter          (DJ):    0.000ns
    Phase Error              (PE):    0.000ns

    Location             Delay type                Incr(ns)  Path(ns)    Netlist Resource(s)
  -------------------------------------------------------------------    -------------------
                         (clock sys_clk rise edge)    0.000     0.000 r  
    Y9                                                0.000     0.000 r  clock (IN)
                         net (fo=0)                   0.000     0.000    clock
    Y9                   IBUF (Prop_ibuf_I_O)         1.490     1.490 r  clock_IBUF_inst/O
                         net (fo=1, routed)           2.171     3.661    clock_IBUF
    BUFGCTRL_X0Y0        BUFG (Prop_bufg_I_O)         0.101     3.762 r  clock_IBUF_BUFG_inst/O
                         net (fo=23041, routed)       1.788     5.550    scd_estimator_inst/pm_second_stage_wrap_inst/p_point_fft/U0/i_synth/axi_wrapper/data_out_channel/gen_non_real_time.fifo/fifo0/aclk
    SLICE_X100Y93        FDRE                                         r  scd_estimator_inst/pm_second_stage_wrap_inst/p_point_fft/U0/i_synth/axi_wrapper/data_out_channel/gen_non_real_time.fifo/fifo0/fifo_2_reg[47]/C
  -------------------------------------------------------------------    -------------------
    SLICE_X100Y93        FDRE (Prop_fdre_C_Q)         0.478     6.028 r  scd_estimator_inst/pm_second_stage_wrap_inst/p_point_fft/U0/i_synth/axi_wrapper/data_out_channel/gen_non_real_time.fifo/fifo0/fifo_2_reg[47]/Q
                         net (fo=4, routed)           1.569     7.597    detection_compare_inst/m_axis_data_tdata[46]
    DSP48_X4Y46          DSP48E1 (Prop_dsp48e1_A[14]_PCOUT[47])
                                                      4.210    11.807 r  detection_compare_inst/r_comparison1__5/PCOUT[47]
                         net (fo=1, routed)           0.002    11.809    detection_compare_inst/r_comparison1__5_n_106
    DSP48_X4Y47          DSP48E1 (Prop_dsp48e1_PCIN[47]_P[0])
                                                      1.518    13.327 r  detection_compare_inst/r_comparison1__6/P[0]
                         net (fo=2, routed)           0.908    14.235    detection_compare_inst/r_comparison1__6_n_105
    SLICE_X102Y112       LUT2 (Prop_lut2_I0_O)        0.124    14.359 r  detection_compare_inst/i__carry_i_3__1/O
                         net (fo=1, routed)           0.000    14.359    detection_compare_inst/i__carry_i_3__1_n_0
    SLICE_X102Y112       CARRY4 (Prop_carry4_S[1]_CO[3])
                                                      0.533    14.892 r  detection_compare_inst/r_comparison1_inferred__1/i__carry/CO[3]
                         net (fo=1, routed)           0.000    14.892    detection_compare_inst/r_comparison1_inferred__1/i__carry_n_0
    SLICE_X102Y113       CARRY4 (Prop_carry4_CI_CO[3])
                                                      0.117    15.009 r  detection_compare_inst/r_comparison1_inferred__1/i__carry__0/CO[3]
                         net (fo=1, routed)           0.000    15.009    detection_compare_inst/r_comparison1_inferred__1/i__carry__0_n_0
    SLICE_X102Y114       CARRY4 (Prop_carry4_CI_CO[3])
                                                      0.117    15.126 r  detection_compare_inst/r_comparison1_inferred__1/i__carry__1/CO[3]
                         net (fo=1, routed)           0.000    15.126    detection_compare_inst/r_comparison1_inferred__1/i__carry__1_n_0
    SLICE_X102Y115       CARRY4 (Prop_carry4_CI_CO[3])
                                                      0.117    15.243 r  detection_compare_inst/r_comparison1_inferred__1/i__carry__2/CO[3]
                         net (fo=1, routed)           0.000    15.243    detection_compare_inst/r_comparison1_inferred__1/i__carry__2_n_0
    SLICE_X102Y116       CARRY4 (Prop_carry4_CI_CO[3])
                                                      0.117    15.360 r  detection_compare_inst/r_comparison1_inferred__1/i__carry__3/CO[3]
                         net (fo=1, routed)           0.000    15.360    detection_compare_inst/r_comparison1_inferred__1/i__carry__3_n_0
    SLICE_X102Y117       CARRY4 (Prop_carry4_CI_CO[3])
                                                      0.117    15.477 r  detection_compare_inst/r_comparison1_inferred__1/i__carry__4/CO[3]
                         net (fo=1, routed)           0.000    15.477    detection_compare_inst/r_comparison1_inferred__1/i__carry__4_n_0
    SLICE_X102Y118       CARRY4 (Prop_carry4_CI_CO[3])
                                                      0.117    15.594 r  detection_compare_inst/r_comparison1_inferred__1/i__carry__5/CO[3]
                         net (fo=1, routed)           0.000    15.594    detection_compare_inst/r_comparison1_inferred__1/i__carry__5_n_0
    SLICE_X102Y119       CARRY4 (Prop_carry4_CI_O[1])
                                                      0.323    15.917 r  detection_compare_inst/r_comparison1_inferred__1/i__carry__6/O[1]
                         net (fo=2, routed)           1.141    17.058    detection_compare_inst/r_comparison1_inferred__1/i__carry__6_n_6
    SLICE_X102Y106       LUT2 (Prop_lut2_I0_O)        0.306    17.364 r  detection_compare_inst/r_comparison0_carry__10_i_3/O
                         net (fo=1, routed)           0.000    17.364    detection_compare_inst/r_comparison0_carry__10_i_3_n_0
    SLICE_X102Y106       CARRY4 (Prop_carry4_S[1]_CO[3])
                                                      0.533    17.897 r  detection_compare_inst/r_comparison0_carry__10/CO[3]
                         net (fo=1, routed)           0.000    17.897    detection_compare_inst/r_comparison0_carry__10_n_0
    SLICE_X102Y107       CARRY4 (Prop_carry4_CI_CO[3])
                                                      0.117    18.014 r  detection_compare_inst/r_comparison0_carry__11/CO[3]
                         net (fo=1, routed)           0.000    18.014    detection_compare_inst/r_comparison0_carry__11_n_0
    SLICE_X102Y108       CARRY4 (Prop_carry4_CI_CO[3])
                                                      0.117    18.131 r  detection_compare_inst/r_comparison0_carry__12/CO[3]
                         net (fo=1, routed)           0.000    18.131    detection_compare_inst/r_comparison0_carry__12_n_0
    SLICE_X102Y109       CARRY4 (Prop_carry4_CI_CO[3])
                                                      0.117    18.248 r  detection_compare_inst/r_comparison0_carry__13/CO[3]
                         net (fo=1, routed)           0.000    18.248    detection_compare_inst/r_comparison0_carry__13_n_0
    SLICE_X102Y110       CARRY4 (Prop_carry4_CI_O[1])
                                                      0.323    18.571 r  detection_compare_inst/r_comparison0_carry__14/O[1]
                         net (fo=2, routed)           0.953    19.525    theshold_calculator_inst/r_comparison0[61]
    SLICE_X98Y103        LUT6 (Prop_lut6_I3_O)        0.306    19.831 r  theshold_calculator_inst/r_detect_counter0_carry__6_i_2/O
                         net (fo=1, routed)           0.568    20.399    detection_compare_inst/r_detect_counter0_carry__7_0[2]
    SLICE_X99Y103        CARRY4 (Prop_carry4_DI[2]_CO[3])
                                                      0.398    20.797 r  detection_compare_inst/r_detect_counter0_carry__6/CO[3]
                         net (fo=1, routed)           0.000    20.797    detection_compare_inst/r_detect_counter0_carry__6_n_0
    SLICE_X99Y104        CARRY4 (Prop_carry4_CI_CO[0])
                                                      0.271    21.068 r  detection_compare_inst/r_detect_counter0_carry__7/CO[0]
                         net (fo=1, routed)           2.314    23.382    pm_top_mux_fsmd_control/CO[0]
    SLICE_X97Y39         LUT2 (Prop_lut2_I1_O)        0.373    23.755 r  pm_top_mux_fsmd_control/r_detect_counter[0]_i_2/O
                         net (fo=16, routed)          1.094    24.849    detection_compare_inst/r_detect_counter
    SLICE_X111Y42        FDRE                                         r  detection_compare_inst/r_detect_counter_reg[13]/CE
  -------------------------------------------------------------------    -------------------

                         (clock sys_clk rise edge)   25.000    25.000 r  
    Y9                                                0.000    25.000 r  clock (IN)
                         net (fo=0)                   0.000    25.000    clock
    Y9                   IBUF (Prop_ibuf_I_O)         1.420    26.420 r  clock_IBUF_inst/O
                         net (fo=1, routed)           1.972    28.392    clock_IBUF
    BUFGCTRL_X0Y0        BUFG (Prop_bufg_I_O)         0.091    28.483 r  clock_IBUF_BUFG_inst/O
                         net (fo=23041, routed)       1.698    30.181    detection_compare_inst/clock_IBUF_BUFG
    SLICE_X111Y42        FDRE                                         r  detection_compare_inst/r_detect_counter_reg[13]/C
                         clock pessimism              0.280    30.461    
                         clock uncertainty           -0.035    30.425    
    SLICE_X111Y42        FDRE (Setup_fdre_C_CE)      -0.205    30.220    detection_compare_inst/r_detect_counter_reg[13]
  -------------------------------------------------------------------
                         required time                         30.220    
                         arrival time                         -24.849    
  -------------------------------------------------------------------
                         slack                                  5.372    

Slack (MET) :             5.372ns  (required time - arrival time)
  Source:                 scd_estimator_inst/pm_second_stage_wrap_inst/p_point_fft/U0/i_synth/axi_wrapper/data_out_channel/gen_non_real_time.fifo/fifo0/fifo_2_reg[47]/C
                            (rising edge-triggered cell FDRE clocked by sys_clk  {rise@0.000ns fall@12.500ns period=25.000ns})
  Destination:            detection_compare_inst/r_detect_counter_reg[14]/CE
                            (rising edge-triggered cell FDRE clocked by sys_clk  {rise@0.000ns fall@12.500ns period=25.000ns})
  Path Group:             sys_clk
  Path Type:              Setup (Max at Slow Process Corner)
  Requirement:            25.000ns  (sys_clk rise@25.000ns - sys_clk rise@0.000ns)
  Data Path Delay:        19.298ns  (logic 10.749ns (55.699%)  route 8.549ns (44.301%))
  Logic Levels:           21  (CARRY4=15 DSP48E1=2 LUT2=3 LUT6=1)
  Clock Path Skew:        -0.090ns (DCD - SCD + CPR)
    Destination Clock Delay (DCD):    5.181ns = ( 30.181 - 25.000 ) 
    Source Clock Delay      (SCD):    5.550ns
    Clock Pessimism Removal (CPR):    0.280ns
  Clock Uncertainty:      0.035ns  ((TSJ^2 + TIJ^2)^1/2 + DJ) / 2 + PE
    Total System Jitter     (TSJ):    0.071ns
    Total Input Jitter      (TIJ):    0.000ns
    Discrete Jitter          (DJ):    0.000ns
    Phase Error              (PE):    0.000ns

    Location             Delay type                Incr(ns)  Path(ns)    Netlist Resource(s)
  -------------------------------------------------------------------    -------------------
                         (clock sys_clk rise edge)    0.000     0.000 r  
    Y9                                                0.000     0.000 r  clock (IN)
                         net (fo=0)                   0.000     0.000    clock
    Y9                   IBUF (Prop_ibuf_I_O)         1.490     1.490 r  clock_IBUF_inst/O
                         net (fo=1, routed)           2.171     3.661    clock_IBUF
    BUFGCTRL_X0Y0        BUFG (Prop_bufg_I_O)         0.101     3.762 r  clock_IBUF_BUFG_inst/O
                         net (fo=23041, routed)       1.788     5.550    scd_estimator_inst/pm_second_stage_wrap_inst/p_point_fft/U0/i_synth/axi_wrapper/data_out_channel/gen_non_real_time.fifo/fifo0/aclk
    SLICE_X100Y93        FDRE                                         r  scd_estimator_inst/pm_second_stage_wrap_inst/p_point_fft/U0/i_synth/axi_wrapper/data_out_channel/gen_non_real_time.fifo/fifo0/fifo_2_reg[47]/C
  -------------------------------------------------------------------    -------------------
    SLICE_X100Y93        FDRE (Prop_fdre_C_Q)         0.478     6.028 r  scd_estimator_inst/pm_second_stage_wrap_inst/p_point_fft/U0/i_synth/axi_wrapper/data_out_channel/gen_non_real_time.fifo/fifo0/fifo_2_reg[47]/Q
                         net (fo=4, routed)           1.569     7.597    detection_compare_inst/m_axis_data_tdata[46]
    DSP48_X4Y46          DSP48E1 (Prop_dsp48e1_A[14]_PCOUT[47])
                                                      4.210    11.807 r  detection_compare_inst/r_comparison1__5/PCOUT[47]
                         net (fo=1, routed)           0.002    11.809    detection_compare_inst/r_comparison1__5_n_106
    DSP48_X4Y47          DSP48E1 (Prop_dsp48e1_PCIN[47]_P[0])
                                                      1.518    13.327 r  detection_compare_inst/r_comparison1__6/P[0]
                         net (fo=2, routed)           0.908    14.235    detection_compare_inst/r_comparison1__6_n_105
    SLICE_X102Y112       LUT2 (Prop_lut2_I0_O)        0.124    14.359 r  detection_compare_inst/i__carry_i_3__1/O
                         net (fo=1, routed)           0.000    14.359    detection_compare_inst/i__carry_i_3__1_n_0
    SLICE_X102Y112       CARRY4 (Prop_carry4_S[1]_CO[3])
                                                      0.533    14.892 r  detection_compare_inst/r_comparison1_inferred__1/i__carry/CO[3]
                         net (fo=1, routed)           0.000    14.892    detection_compare_inst/r_comparison1_inferred__1/i__carry_n_0
    SLICE_X102Y113       CARRY4 (Prop_carry4_CI_CO[3])
                                                      0.117    15.009 r  detection_compare_inst/r_comparison1_inferred__1/i__carry__0/CO[3]
                         net (fo=1, routed)           0.000    15.009    detection_compare_inst/r_comparison1_inferred__1/i__carry__0_n_0
    SLICE_X102Y114       CARRY4 (Prop_carry4_CI_CO[3])
                                                      0.117    15.126 r  detection_compare_inst/r_comparison1_inferred__1/i__carry__1/CO[3]
                         net (fo=1, routed)           0.000    15.126    detection_compare_inst/r_comparison1_inferred__1/i__carry__1_n_0
    SLICE_X102Y115       CARRY4 (Prop_carry4_CI_CO[3])
                                                      0.117    15.243 r  detection_compare_inst/r_comparison1_inferred__1/i__carry__2/CO[3]
                         net (fo=1, routed)           0.000    15.243    detection_compare_inst/r_comparison1_inferred__1/i__carry__2_n_0
    SLICE_X102Y116       CARRY4 (Prop_carry4_CI_CO[3])
                                                      0.117    15.360 r  detection_compare_inst/r_comparison1_inferred__1/i__carry__3/CO[3]
                         net (fo=1, routed)           0.000    15.360    detection_compare_inst/r_comparison1_inferred__1/i__carry__3_n_0
    SLICE_X102Y117       CARRY4 (Prop_carry4_CI_CO[3])
                                                      0.117    15.477 r  detection_compare_inst/r_comparison1_inferred__1/i__carry__4/CO[3]
                         net (fo=1, routed)           0.000    15.477    detection_compare_inst/r_comparison1_inferred__1/i__carry__4_n_0
    SLICE_X102Y118       CARRY4 (Prop_carry4_CI_CO[3])
                                                      0.117    15.594 r  detection_compare_inst/r_comparison1_inferred__1/i__carry__5/CO[3]
                         net (fo=1, routed)           0.000    15.594    detection_compare_inst/r_comparison1_inferred__1/i__carry__5_n_0
    SLICE_X102Y119       CARRY4 (Prop_carry4_CI_O[1])
                                                      0.323    15.917 r  detection_compare_inst/r_comparison1_inferred__1/i__carry__6/O[1]
                         net (fo=2, routed)           1.141    17.058    detection_compare_inst/r_comparison1_inferred__1/i__carry__6_n_6
    SLICE_X102Y106       LUT2 (Prop_lut2_I0_O)        0.306    17.364 r  detection_compare_inst/r_comparison0_carry__10_i_3/O
                         net (fo=1, routed)           0.000    17.364    detection_compare_inst/r_comparison0_carry__10_i_3_n_0
    SLICE_X102Y106       CARRY4 (Prop_carry4_S[1]_CO[3])
                                                      0.533    17.897 r  detection_compare_inst/r_comparison0_carry__10/CO[3]
                         net (fo=1, routed)           0.000    17.897    detection_compare_inst/r_comparison0_carry__10_n_0
    SLICE_X102Y107       CARRY4 (Prop_carry4_CI_CO[3])
                                                      0.117    18.014 r  detection_compare_inst/r_comparison0_carry__11/CO[3]
                         net (fo=1, routed)           0.000    18.014    detection_compare_inst/r_comparison0_carry__11_n_0
    SLICE_X102Y108       CARRY4 (Prop_carry4_CI_CO[3])
                                                      0.117    18.131 r  detection_compare_inst/r_comparison0_carry__12/CO[3]
                         net (fo=1, routed)           0.000    18.131    detection_compare_inst/r_comparison0_carry__12_n_0
    SLICE_X102Y109       CARRY4 (Prop_carry4_CI_CO[3])
                                                      0.117    18.248 r  detection_compare_inst/r_comparison0_carry__13/CO[3]
                         net (fo=1, routed)           0.000    18.248    detection_compare_inst/r_comparison0_carry__13_n_0
    SLICE_X102Y110       CARRY4 (Prop_carry4_CI_O[1])
                                                      0.323    18.571 r  detection_compare_inst/r_comparison0_carry__14/O[1]
                         net (fo=2, routed)           0.953    19.525    theshold_calculator_inst/r_comparison0[61]
    SLICE_X98Y103        LUT6 (Prop_lut6_I3_O)        0.306    19.831 r  theshold_calculator_inst/r_detect_counter0_carry__6_i_2/O
                         net (fo=1, routed)           0.568    20.399    detection_compare_inst/r_detect_counter0_carry__7_0[2]
    SLICE_X99Y103        CARRY4 (Prop_carry4_DI[2]_CO[3])
                                                      0.398    20.797 r  detection_compare_inst/r_detect_counter0_carry__6/CO[3]
                         net (fo=1, routed)           0.000    20.797    detection_compare_inst/r_detect_counter0_carry__6_n_0
    SLICE_X99Y104        CARRY4 (Prop_carry4_CI_CO[0])
                                                      0.271    21.068 r  detection_compare_inst/r_detect_counter0_carry__7/CO[0]
                         net (fo=1, routed)           2.314    23.382    pm_top_mux_fsmd_control/CO[0]
    SLICE_X97Y39         LUT2 (Prop_lut2_I1_O)        0.373    23.755 r  pm_top_mux_fsmd_control/r_detect_counter[0]_i_2/O
                         net (fo=16, routed)          1.094    24.849    detection_compare_inst/r_detect_counter
    SLICE_X111Y42        FDRE                                         r  detection_compare_inst/r_detect_counter_reg[14]/CE
  -------------------------------------------------------------------    -------------------

                         (clock sys_clk rise edge)   25.000    25.000 r  
    Y9                                                0.000    25.000 r  clock (IN)
                         net (fo=0)                   0.000    25.000    clock
    Y9                   IBUF (Prop_ibuf_I_O)         1.420    26.420 r  clock_IBUF_inst/O
                         net (fo=1, routed)           1.972    28.392    clock_IBUF
    BUFGCTRL_X0Y0        BUFG (Prop_bufg_I_O)         0.091    28.483 r  clock_IBUF_BUFG_inst/O
                         net (fo=23041, routed)       1.698    30.181    detection_compare_inst/clock_IBUF_BUFG
    SLICE_X111Y42        FDRE                                         r  detection_compare_inst/r_detect_counter_reg[14]/C
                         clock pessimism              0.280    30.461    
                         clock uncertainty           -0.035    30.425    
    SLICE_X111Y42        FDRE (Setup_fdre_C_CE)      -0.205    30.220    detection_compare_inst/r_detect_counter_reg[14]
  -------------------------------------------------------------------
                         required time                         30.220    
                         arrival time                         -24.849    
  -------------------------------------------------------------------
                         slack                                  5.372    

Slack (MET) :             5.372ns  (required time - arrival time)
  Source:                 scd_estimator_inst/pm_second_stage_wrap_inst/p_point_fft/U0/i_synth/axi_wrapper/data_out_channel/gen_non_real_time.fifo/fifo0/fifo_2_reg[47]/C
                            (rising edge-triggered cell FDRE clocked by sys_clk  {rise@0.000ns fall@12.500ns period=25.000ns})
  Destination:            detection_compare_inst/r_detect_counter_reg[15]/CE
                            (rising edge-triggered cell FDRE clocked by sys_clk  {rise@0.000ns fall@12.500ns period=25.000ns})
  Path Group:             sys_clk
  Path Type:              Setup (Max at Slow Process Corner)
  Requirement:            25.000ns  (sys_clk rise@25.000ns - sys_clk rise@0.000ns)
  Data Path Delay:        19.298ns  (logic 10.749ns (55.699%)  route 8.549ns (44.301%))
  Logic Levels:           21  (CARRY4=15 DSP48E1=2 LUT2=3 LUT6=1)
  Clock Path Skew:        -0.090ns (DCD - SCD + CPR)
    Destination Clock Delay (DCD):    5.181ns = ( 30.181 - 25.000 ) 
    Source Clock Delay      (SCD):    5.550ns
    Clock Pessimism Removal (CPR):    0.280ns
  Clock Uncertainty:      0.035ns  ((TSJ^2 + TIJ^2)^1/2 + DJ) / 2 + PE
    Total System Jitter     (TSJ):    0.071ns
    Total Input Jitter      (TIJ):    0.000ns
    Discrete Jitter          (DJ):    0.000ns
    Phase Error              (PE):    0.000ns

    Location             Delay type                Incr(ns)  Path(ns)    Netlist Resource(s)
  -------------------------------------------------------------------    -------------------
                         (clock sys_clk rise edge)    0.000     0.000 r  
    Y9                                                0.000     0.000 r  clock (IN)
                         net (fo=0)                   0.000     0.000    clock
    Y9                   IBUF (Prop_ibuf_I_O)         1.490     1.490 r  clock_IBUF_inst/O
                         net (fo=1, routed)           2.171     3.661    clock_IBUF
    BUFGCTRL_X0Y0        BUFG (Prop_bufg_I_O)         0.101     3.762 r  clock_IBUF_BUFG_inst/O
                         net (fo=23041, routed)       1.788     5.550    scd_estimator_inst/pm_second_stage_wrap_inst/p_point_fft/U0/i_synth/axi_wrapper/data_out_channel/gen_non_real_time.fifo/fifo0/aclk
    SLICE_X100Y93        FDRE                                         r  scd_estimator_inst/pm_second_stage_wrap_inst/p_point_fft/U0/i_synth/axi_wrapper/data_out_channel/gen_non_real_time.fifo/fifo0/fifo_2_reg[47]/C
  -------------------------------------------------------------------    -------------------
    SLICE_X100Y93        FDRE (Prop_fdre_C_Q)         0.478     6.028 r  scd_estimator_inst/pm_second_stage_wrap_inst/p_point_fft/U0/i_synth/axi_wrapper/data_out_channel/gen_non_real_time.fifo/fifo0/fifo_2_reg[47]/Q
                         net (fo=4, routed)           1.569     7.597    detection_compare_inst/m_axis_data_tdata[46]
    DSP48_X4Y46          DSP48E1 (Prop_dsp48e1_A[14]_PCOUT[47])
                                                      4.210    11.807 r  detection_compare_inst/r_comparison1__5/PCOUT[47]
                         net (fo=1, routed)           0.002    11.809    detection_compare_inst/r_comparison1__5_n_106
    DSP48_X4Y47          DSP48E1 (Prop_dsp48e1_PCIN[47]_P[0])
                                                      1.518    13.327 r  detection_compare_inst/r_comparison1__6/P[0]
                         net (fo=2, routed)           0.908    14.235    detection_compare_inst/r_comparison1__6_n_105
    SLICE_X102Y112       LUT2 (Prop_lut2_I0_O)        0.124    14.359 r  detection_compare_inst/i__carry_i_3__1/O
                         net (fo=1, routed)           0.000    14.359    detection_compare_inst/i__carry_i_3__1_n_0
    SLICE_X102Y112       CARRY4 (Prop_carry4_S[1]_CO[3])
                                                      0.533    14.892 r  detection_compare_inst/r_comparison1_inferred__1/i__carry/CO[3]
                         net (fo=1, routed)           0.000    14.892    detection_compare_inst/r_comparison1_inferred__1/i__carry_n_0
    SLICE_X102Y113       CARRY4 (Prop_carry4_CI_CO[3])
                                                      0.117    15.009 r  detection_compare_inst/r_comparison1_inferred__1/i__carry__0/CO[3]
                         net (fo=1, routed)           0.000    15.009    detection_compare_inst/r_comparison1_inferred__1/i__carry__0_n_0
    SLICE_X102Y114       CARRY4 (Prop_carry4_CI_CO[3])
                                                      0.117    15.126 r  detection_compare_inst/r_comparison1_inferred__1/i__carry__1/CO[3]
                         net (fo=1, routed)           0.000    15.126    detection_compare_inst/r_comparison1_inferred__1/i__carry__1_n_0
    SLICE_X102Y115       CARRY4 (Prop_carry4_CI_CO[3])
                                                      0.117    15.243 r  detection_compare_inst/r_comparison1_inferred__1/i__carry__2/CO[3]
                         net (fo=1, routed)           0.000    15.243    detection_compare_inst/r_comparison1_inferred__1/i__carry__2_n_0
    SLICE_X102Y116       CARRY4 (Prop_carry4_CI_CO[3])
                                                      0.117    15.360 r  detection_compare_inst/r_comparison1_inferred__1/i__carry__3/CO[3]
                         net (fo=1, routed)           0.000    15.360    detection_compare_inst/r_comparison1_inferred__1/i__carry__3_n_0
    SLICE_X102Y117       CARRY4 (Prop_carry4_CI_CO[3])
                                                      0.117    15.477 r  detection_compare_inst/r_comparison1_inferred__1/i__carry__4/CO[3]
                         net (fo=1, routed)           0.000    15.477    detection_compare_inst/r_comparison1_inferred__1/i__carry__4_n_0
    SLICE_X102Y118       CARRY4 (Prop_carry4_CI_CO[3])
                                                      0.117    15.594 r  detection_compare_inst/r_comparison1_inferred__1/i__carry__5/CO[3]
                         net (fo=1, routed)           0.000    15.594    detection_compare_inst/r_comparison1_inferred__1/i__carry__5_n_0
    SLICE_X102Y119       CARRY4 (Prop_carry4_CI_O[1])
                                                      0.323    15.917 r  detection_compare_inst/r_comparison1_inferred__1/i__carry__6/O[1]
                         net (fo=2, routed)           1.141    17.058    detection_compare_inst/r_comparison1_inferred__1/i__carry__6_n_6
    SLICE_X102Y106       LUT2 (Prop_lut2_I0_O)        0.306    17.364 r  detection_compare_inst/r_comparison0_carry__10_i_3/O
                         net (fo=1, routed)           0.000    17.364    detection_compare_inst/r_comparison0_carry__10_i_3_n_0
    SLICE_X102Y106       CARRY4 (Prop_carry4_S[1]_CO[3])
                                                      0.533    17.897 r  detection_compare_inst/r_comparison0_carry__10/CO[3]
                         net (fo=1, routed)           0.000    17.897    detection_compare_inst/r_comparison0_carry__10_n_0
    SLICE_X102Y107       CARRY4 (Prop_carry4_CI_CO[3])
                                                      0.117    18.014 r  detection_compare_inst/r_comparison0_carry__11/CO[3]
                         net (fo=1, routed)           0.000    18.014    detection_compare_inst/r_comparison0_carry__11_n_0
    SLICE_X102Y108       CARRY4 (Prop_carry4_CI_CO[3])
                                                      0.117    18.131 r  detection_compare_inst/r_comparison0_carry__12/CO[3]
                         net (fo=1, routed)           0.000    18.131    detection_compare_inst/r_comparison0_carry__12_n_0
    SLICE_X102Y109       CARRY4 (Prop_carry4_CI_CO[3])
                                                      0.117    18.248 r  detection_compare_inst/r_comparison0_carry__13/CO[3]
                         net (fo=1, routed)           0.000    18.248    detection_compare_inst/r_comparison0_carry__13_n_0
    SLICE_X102Y110       CARRY4 (Prop_carry4_CI_O[1])
                                                      0.323    18.571 r  detection_compare_inst/r_comparison0_carry__14/O[1]
                         net (fo=2, routed)           0.953    19.525    theshold_calculator_inst/r_comparison0[61]
    SLICE_X98Y103        LUT6 (Prop_lut6_I3_O)        0.306    19.831 r  theshold_calculator_inst/r_detect_counter0_carry__6_i_2/O
                         net (fo=1, routed)           0.568    20.399    detection_compare_inst/r_detect_counter0_carry__7_0[2]
    SLICE_X99Y103        CARRY4 (Prop_carry4_DI[2]_CO[3])
                                                      0.398    20.797 r  detection_compare_inst/r_detect_counter0_carry__6/CO[3]
                         net (fo=1, routed)           0.000    20.797    detection_compare_inst/r_detect_counter0_carry__6_n_0
    SLICE_X99Y104        CARRY4 (Prop_carry4_CI_CO[0])
                                                      0.271    21.068 r  detection_compare_inst/r_detect_counter0_carry__7/CO[0]
                         net (fo=1, routed)           2.314    23.382    pm_top_mux_fsmd_control/CO[0]
    SLICE_X97Y39         LUT2 (Prop_lut2_I1_O)        0.373    23.755 r  pm_top_mux_fsmd_control/r_detect_counter[0]_i_2/O
                         net (fo=16, routed)          1.094    24.849    detection_compare_inst/r_detect_counter
    SLICE_X111Y42        FDRE                                         r  detection_compare_inst/r_detect_counter_reg[15]/CE
  -------------------------------------------------------------------    -------------------

                         (clock sys_clk rise edge)   25.000    25.000 r  
    Y9                                                0.000    25.000 r  clock (IN)
                         net (fo=0)                   0.000    25.000    clock
    Y9                   IBUF (Prop_ibuf_I_O)         1.420    26.420 r  clock_IBUF_inst/O
                         net (fo=1, routed)           1.972    28.392    clock_IBUF
    BUFGCTRL_X0Y0        BUFG (Prop_bufg_I_O)         0.091    28.483 r  clock_IBUF_BUFG_inst/O
                         net (fo=23041, routed)       1.698    30.181    detection_compare_inst/clock_IBUF_BUFG
    SLICE_X111Y42        FDRE                                         r  detection_compare_inst/r_detect_counter_reg[15]/C
                         clock pessimism              0.280    30.461    
                         clock uncertainty           -0.035    30.425    
    SLICE_X111Y42        FDRE (Setup_fdre_C_CE)      -0.205    30.220    detection_compare_inst/r_detect_counter_reg[15]
  -------------------------------------------------------------------
                         required time                         30.220    
                         arrival time                         -24.849    
  -------------------------------------------------------------------
                         slack                                  5.372    

Slack (MET) :             5.513ns  (required time - arrival time)
  Source:                 scd_estimator_inst/pm_second_stage_wrap_inst/p_point_fft/U0/i_synth/axi_wrapper/data_out_channel/gen_non_real_time.fifo/fifo0/fifo_2_reg[47]/C
                            (rising edge-triggered cell FDRE clocked by sys_clk  {rise@0.000ns fall@12.500ns period=25.000ns})
  Destination:            detection_compare_inst/r_detect_counter_reg[10]/CE
                            (rising edge-triggered cell FDRE clocked by sys_clk  {rise@0.000ns fall@12.500ns period=25.000ns})
  Path Group:             sys_clk
  Path Type:              Setup (Max at Slow Process Corner)
  Requirement:            25.000ns  (sys_clk rise@25.000ns - sys_clk rise@0.000ns)
  Data Path Delay:        19.158ns  (logic 10.749ns (56.109%)  route 8.409ns (43.891%))
  Logic Levels:           21  (CARRY4=15 DSP48E1=2 LUT2=3 LUT6=1)
  Clock Path Skew:        -0.090ns (DCD - SCD + CPR)
    Destination Clock Delay (DCD):    5.181ns = ( 30.181 - 25.000 ) 
    Source Clock Delay      (SCD):    5.550ns
    Clock Pessimism Removal (CPR):    0.280ns
  Clock Uncertainty:      0.035ns  ((TSJ^2 + TIJ^2)^1/2 + DJ) / 2 + PE
    Total System Jitter     (TSJ):    0.071ns
    Total Input Jitter      (TIJ):    0.000ns
    Discrete Jitter          (DJ):    0.000ns
    Phase Error              (PE):    0.000ns

    Location             Delay type                Incr(ns)  Path(ns)    Netlist Resource(s)
  -------------------------------------------------------------------    -------------------
                         (clock sys_clk rise edge)    0.000     0.000 r  
    Y9                                                0.000     0.000 r  clock (IN)
                         net (fo=0)                   0.000     0.000    clock
    Y9                   IBUF (Prop_ibuf_I_O)         1.490     1.490 r  clock_IBUF_inst/O
                         net (fo=1, routed)           2.171     3.661    clock_IBUF
    BUFGCTRL_X0Y0        BUFG (Prop_bufg_I_O)         0.101     3.762 r  clock_IBUF_BUFG_inst/O
                         net (fo=23041, routed)       1.788     5.550    scd_estimator_inst/pm_second_stage_wrap_inst/p_point_fft/U0/i_synth/axi_wrapper/data_out_channel/gen_non_real_time.fifo/fifo0/aclk
    SLICE_X100Y93        FDRE                                         r  scd_estimator_inst/pm_second_stage_wrap_inst/p_point_fft/U0/i_synth/axi_wrapper/data_out_channel/gen_non_real_time.fifo/fifo0/fifo_2_reg[47]/C
  -------------------------------------------------------------------    -------------------
    SLICE_X100Y93        FDRE (Prop_fdre_C_Q)         0.478     6.028 r  scd_estimator_inst/pm_second_stage_wrap_inst/p_point_fft/U0/i_synth/axi_wrapper/data_out_channel/gen_non_real_time.fifo/fifo0/fifo_2_reg[47]/Q
                         net (fo=4, routed)           1.569     7.597    detection_compare_inst/m_axis_data_tdata[46]
    DSP48_X4Y46          DSP48E1 (Prop_dsp48e1_A[14]_PCOUT[47])
                                                      4.210    11.807 r  detection_compare_inst/r_comparison1__5/PCOUT[47]
                         net (fo=1, routed)           0.002    11.809    detection_compare_inst/r_comparison1__5_n_106
    DSP48_X4Y47          DSP48E1 (Prop_dsp48e1_PCIN[47]_P[0])
                                                      1.518    13.327 r  detection_compare_inst/r_comparison1__6/P[0]
                         net (fo=2, routed)           0.908    14.235    detection_compare_inst/r_comparison1__6_n_105
    SLICE_X102Y112       LUT2 (Prop_lut2_I0_O)        0.124    14.359 r  detection_compare_inst/i__carry_i_3__1/O
                         net (fo=1, routed)           0.000    14.359    detection_compare_inst/i__carry_i_3__1_n_0
    SLICE_X102Y112       CARRY4 (Prop_carry4_S[1]_CO[3])
                                                      0.533    14.892 r  detection_compare_inst/r_comparison1_inferred__1/i__carry/CO[3]
                         net (fo=1, routed)           0.000    14.892    detection_compare_inst/r_comparison1_inferred__1/i__carry_n_0
    SLICE_X102Y113       CARRY4 (Prop_carry4_CI_CO[3])
                                                      0.117    15.009 r  detection_compare_inst/r_comparison1_inferred__1/i__carry__0/CO[3]
                         net (fo=1, routed)           0.000    15.009    detection_compare_inst/r_comparison1_inferred__1/i__carry__0_n_0
    SLICE_X102Y114       CARRY4 (Prop_carry4_CI_CO[3])
                                                      0.117    15.126 r  detection_compare_inst/r_comparison1_inferred__1/i__carry__1/CO[3]
                         net (fo=1, routed)           0.000    15.126    detection_compare_inst/r_comparison1_inferred__1/i__carry__1_n_0
    SLICE_X102Y115       CARRY4 (Prop_carry4_CI_CO[3])
                                                      0.117    15.243 r  detection_compare_inst/r_comparison1_inferred__1/i__carry__2/CO[3]
                         net (fo=1, routed)           0.000    15.243    detection_compare_inst/r_comparison1_inferred__1/i__carry__2_n_0
    SLICE_X102Y116       CARRY4 (Prop_carry4_CI_CO[3])
                                                      0.117    15.360 r  detection_compare_inst/r_comparison1_inferred__1/i__carry__3/CO[3]
                         net (fo=1, routed)           0.000    15.360    detection_compare_inst/r_comparison1_inferred__1/i__carry__3_n_0
    SLICE_X102Y117       CARRY4 (Prop_carry4_CI_CO[3])
                                                      0.117    15.477 r  detection_compare_inst/r_comparison1_inferred__1/i__carry__4/CO[3]
                         net (fo=1, routed)           0.000    15.477    detection_compare_inst/r_comparison1_inferred__1/i__carry__4_n_0
    SLICE_X102Y118       CARRY4 (Prop_carry4_CI_CO[3])
                                                      0.117    15.594 r  detection_compare_inst/r_comparison1_inferred__1/i__carry__5/CO[3]
                         net (fo=1, routed)           0.000    15.594    detection_compare_inst/r_comparison1_inferred__1/i__carry__5_n_0
    SLICE_X102Y119       CARRY4 (Prop_carry4_CI_O[1])
                                                      0.323    15.917 r  detection_compare_inst/r_comparison1_inferred__1/i__carry__6/O[1]
                         net (fo=2, routed)           1.141    17.058    detection_compare_inst/r_comparison1_inferred__1/i__carry__6_n_6
    SLICE_X102Y106       LUT2 (Prop_lut2_I0_O)        0.306    17.364 r  detection_compare_inst/r_comparison0_carry__10_i_3/O
                         net (fo=1, routed)           0.000    17.364    detection_compare_inst/r_comparison0_carry__10_i_3_n_0
    SLICE_X102Y106       CARRY4 (Prop_carry4_S[1]_CO[3])
                                                      0.533    17.897 r  detection_compare_inst/r_comparison0_carry__10/CO[3]
                         net (fo=1, routed)           0.000    17.897    detection_compare_inst/r_comparison0_carry__10_n_0
    SLICE_X102Y107       CARRY4 (Prop_carry4_CI_CO[3])
                                                      0.117    18.014 r  detection_compare_inst/r_comparison0_carry__11/CO[3]
                         net (fo=1, routed)           0.000    18.014    detection_compare_inst/r_comparison0_carry__11_n_0
    SLICE_X102Y108       CARRY4 (Prop_carry4_CI_CO[3])
                                                      0.117    18.131 r  detection_compare_inst/r_comparison0_carry__12/CO[3]
                         net (fo=1, routed)           0.000    18.131    detection_compare_inst/r_comparison0_carry__12_n_0
    SLICE_X102Y109       CARRY4 (Prop_carry4_CI_CO[3])
                                                      0.117    18.248 r  detection_compare_inst/r_comparison0_carry__13/CO[3]
                         net (fo=1, routed)           0.000    18.248    detection_compare_inst/r_comparison0_carry__13_n_0
    SLICE_X102Y110       CARRY4 (Prop_carry4_CI_O[1])
                                                      0.323    18.571 r  detection_compare_inst/r_comparison0_carry__14/O[1]
                         net (fo=2, routed)           0.953    19.525    theshold_calculator_inst/r_comparison0[61]
    SLICE_X98Y103        LUT6 (Prop_lut6_I3_O)        0.306    19.831 r  theshold_calculator_inst/r_detect_counter0_carry__6_i_2/O
                         net (fo=1, routed)           0.568    20.399    detection_compare_inst/r_detect_counter0_carry__7_0[2]
    SLICE_X99Y103        CARRY4 (Prop_carry4_DI[2]_CO[3])
                                                      0.398    20.797 r  detection_compare_inst/r_detect_counter0_carry__6/CO[3]
                         net (fo=1, routed)           0.000    20.797    detection_compare_inst/r_detect_counter0_carry__6_n_0
    SLICE_X99Y104        CARRY4 (Prop_carry4_CI_CO[0])
                                                      0.271    21.068 r  detection_compare_inst/r_detect_counter0_carry__7/CO[0]
                         net (fo=1, routed)           2.314    23.382    pm_top_mux_fsmd_control/CO[0]
    SLICE_X97Y39         LUT2 (Prop_lut2_I1_O)        0.373    23.755 r  pm_top_mux_fsmd_control/r_detect_counter[0]_i_2/O
                         net (fo=16, routed)          0.953    24.708    detection_compare_inst/r_detect_counter
    SLICE_X111Y41        FDRE                                         r  detection_compare_inst/r_detect_counter_reg[10]/CE
  -------------------------------------------------------------------    -------------------

                         (clock sys_clk rise edge)   25.000    25.000 r  
    Y9                                                0.000    25.000 r  clock (IN)
                         net (fo=0)                   0.000    25.000    clock
    Y9                   IBUF (Prop_ibuf_I_O)         1.420    26.420 r  clock_IBUF_inst/O
                         net (fo=1, routed)           1.972    28.392    clock_IBUF
    BUFGCTRL_X0Y0        BUFG (Prop_bufg_I_O)         0.091    28.483 r  clock_IBUF_BUFG_inst/O
                         net (fo=23041, routed)       1.698    30.181    detection_compare_inst/clock_IBUF_BUFG
    SLICE_X111Y41        FDRE                                         r  detection_compare_inst/r_detect_counter_reg[10]/C
                         clock pessimism              0.280    30.461    
                         clock uncertainty           -0.035    30.425    
    SLICE_X111Y41        FDRE (Setup_fdre_C_CE)      -0.205    30.220    detection_compare_inst/r_detect_counter_reg[10]
  -------------------------------------------------------------------
                         required time                         30.220    
                         arrival time                         -24.708    
  -------------------------------------------------------------------
                         slack                                  5.513    

Slack (MET) :             5.513ns  (required time - arrival time)
  Source:                 scd_estimator_inst/pm_second_stage_wrap_inst/p_point_fft/U0/i_synth/axi_wrapper/data_out_channel/gen_non_real_time.fifo/fifo0/fifo_2_reg[47]/C
                            (rising edge-triggered cell FDRE clocked by sys_clk  {rise@0.000ns fall@12.500ns period=25.000ns})
  Destination:            detection_compare_inst/r_detect_counter_reg[11]/CE
                            (rising edge-triggered cell FDRE clocked by sys_clk  {rise@0.000ns fall@12.500ns period=25.000ns})
  Path Group:             sys_clk
  Path Type:              Setup (Max at Slow Process Corner)
  Requirement:            25.000ns  (sys_clk rise@25.000ns - sys_clk rise@0.000ns)
  Data Path Delay:        19.158ns  (logic 10.749ns (56.109%)  route 8.409ns (43.891%))
  Logic Levels:           21  (CARRY4=15 DSP48E1=2 LUT2=3 LUT6=1)
  Clock Path Skew:        -0.090ns (DCD - SCD + CPR)
    Destination Clock Delay (DCD):    5.181ns = ( 30.181 - 25.000 ) 
    Source Clock Delay      (SCD):    5.550ns
    Clock Pessimism Removal (CPR):    0.280ns
  Clock Uncertainty:      0.035ns  ((TSJ^2 + TIJ^2)^1/2 + DJ) / 2 + PE
    Total System Jitter     (TSJ):    0.071ns
    Total Input Jitter      (TIJ):    0.000ns
    Discrete Jitter          (DJ):    0.000ns
    Phase Error              (PE):    0.000ns

    Location             Delay type                Incr(ns)  Path(ns)    Netlist Resource(s)
  -------------------------------------------------------------------    -------------------
                         (clock sys_clk rise edge)    0.000     0.000 r  
    Y9                                                0.000     0.000 r  clock (IN)
                         net (fo=0)                   0.000     0.000    clock
    Y9                   IBUF (Prop_ibuf_I_O)         1.490     1.490 r  clock_IBUF_inst/O
                         net (fo=1, routed)           2.171     3.661    clock_IBUF
    BUFGCTRL_X0Y0        BUFG (Prop_bufg_I_O)         0.101     3.762 r  clock_IBUF_BUFG_inst/O
                         net (fo=23041, routed)       1.788     5.550    scd_estimator_inst/pm_second_stage_wrap_inst/p_point_fft/U0/i_synth/axi_wrapper/data_out_channel/gen_non_real_time.fifo/fifo0/aclk
    SLICE_X100Y93        FDRE                                         r  scd_estimator_inst/pm_second_stage_wrap_inst/p_point_fft/U0/i_synth/axi_wrapper/data_out_channel/gen_non_real_time.fifo/fifo0/fifo_2_reg[47]/C
  -------------------------------------------------------------------    -------------------
    SLICE_X100Y93        FDRE (Prop_fdre_C_Q)         0.478     6.028 r  scd_estimator_inst/pm_second_stage_wrap_inst/p_point_fft/U0/i_synth/axi_wrapper/data_out_channel/gen_non_real_time.fifo/fifo0/fifo_2_reg[47]/Q
                         net (fo=4, routed)           1.569     7.597    detection_compare_inst/m_axis_data_tdata[46]
    DSP48_X4Y46          DSP48E1 (Prop_dsp48e1_A[14]_PCOUT[47])
                                                      4.210    11.807 r  detection_compare_inst/r_comparison1__5/PCOUT[47]
                         net (fo=1, routed)           0.002    11.809    detection_compare_inst/r_comparison1__5_n_106
    DSP48_X4Y47          DSP48E1 (Prop_dsp48e1_PCIN[47]_P[0])
                                                      1.518    13.327 r  detection_compare_inst/r_comparison1__6/P[0]
                         net (fo=2, routed)           0.908    14.235    detection_compare_inst/r_comparison1__6_n_105
    SLICE_X102Y112       LUT2 (Prop_lut2_I0_O)        0.124    14.359 r  detection_compare_inst/i__carry_i_3__1/O
                         net (fo=1, routed)           0.000    14.359    detection_compare_inst/i__carry_i_3__1_n_0
    SLICE_X102Y112       CARRY4 (Prop_carry4_S[1]_CO[3])
                                                      0.533    14.892 r  detection_compare_inst/r_comparison1_inferred__1/i__carry/CO[3]
                         net (fo=1, routed)           0.000    14.892    detection_compare_inst/r_comparison1_inferred__1/i__carry_n_0
    SLICE_X102Y113       CARRY4 (Prop_carry4_CI_CO[3])
                                                      0.117    15.009 r  detection_compare_inst/r_comparison1_inferred__1/i__carry__0/CO[3]
                         net (fo=1, routed)           0.000    15.009    detection_compare_inst/r_comparison1_inferred__1/i__carry__0_n_0
    SLICE_X102Y114       CARRY4 (Prop_carry4_CI_CO[3])
                                                      0.117    15.126 r  detection_compare_inst/r_comparison1_inferred__1/i__carry__1/CO[3]
                         net (fo=1, routed)           0.000    15.126    detection_compare_inst/r_comparison1_inferred__1/i__carry__1_n_0
    SLICE_X102Y115       CARRY4 (Prop_carry4_CI_CO[3])
                                                      0.117    15.243 r  detection_compare_inst/r_comparison1_inferred__1/i__carry__2/CO[3]
                         net (fo=1, routed)           0.000    15.243    detection_compare_inst/r_comparison1_inferred__1/i__carry__2_n_0
    SLICE_X102Y116       CARRY4 (Prop_carry4_CI_CO[3])
                                                      0.117    15.360 r  detection_compare_inst/r_comparison1_inferred__1/i__carry__3/CO[3]
                         net (fo=1, routed)           0.000    15.360    detection_compare_inst/r_comparison1_inferred__1/i__carry__3_n_0
    SLICE_X102Y117       CARRY4 (Prop_carry4_CI_CO[3])
                                                      0.117    15.477 r  detection_compare_inst/r_comparison1_inferred__1/i__carry__4/CO[3]
                         net (fo=1, routed)           0.000    15.477    detection_compare_inst/r_comparison1_inferred__1/i__carry__4_n_0
    SLICE_X102Y118       CARRY4 (Prop_carry4_CI_CO[3])
                                                      0.117    15.594 r  detection_compare_inst/r_comparison1_inferred__1/i__carry__5/CO[3]
                         net (fo=1, routed)           0.000    15.594    detection_compare_inst/r_comparison1_inferred__1/i__carry__5_n_0
    SLICE_X102Y119       CARRY4 (Prop_carry4_CI_O[1])
                                                      0.323    15.917 r  detection_compare_inst/r_comparison1_inferred__1/i__carry__6/O[1]
                         net (fo=2, routed)           1.141    17.058    detection_compare_inst/r_comparison1_inferred__1/i__carry__6_n_6
    SLICE_X102Y106       LUT2 (Prop_lut2_I0_O)        0.306    17.364 r  detection_compare_inst/r_comparison0_carry__10_i_3/O
                         net (fo=1, routed)           0.000    17.364    detection_compare_inst/r_comparison0_carry__10_i_3_n_0
    SLICE_X102Y106       CARRY4 (Prop_carry4_S[1]_CO[3])
                                                      0.533    17.897 r  detection_compare_inst/r_comparison0_carry__10/CO[3]
                         net (fo=1, routed)           0.000    17.897    detection_compare_inst/r_comparison0_carry__10_n_0
    SLICE_X102Y107       CARRY4 (Prop_carry4_CI_CO[3])
                                                      0.117    18.014 r  detection_compare_inst/r_comparison0_carry__11/CO[3]
                         net (fo=1, routed)           0.000    18.014    detection_compare_inst/r_comparison0_carry__11_n_0
    SLICE_X102Y108       CARRY4 (Prop_carry4_CI_CO[3])
                                                      0.117    18.131 r  detection_compare_inst/r_comparison0_carry__12/CO[3]
                         net (fo=1, routed)           0.000    18.131    detection_compare_inst/r_comparison0_carry__12_n_0
    SLICE_X102Y109       CARRY4 (Prop_carry4_CI_CO[3])
                                                      0.117    18.248 r  detection_compare_inst/r_comparison0_carry__13/CO[3]
                         net (fo=1, routed)           0.000    18.248    detection_compare_inst/r_comparison0_carry__13_n_0
    SLICE_X102Y110       CARRY4 (Prop_carry4_CI_O[1])
                                                      0.323    18.571 r  detection_compare_inst/r_comparison0_carry__14/O[1]
                         net (fo=2, routed)           0.953    19.525    theshold_calculator_inst/r_comparison0[61]
    SLICE_X98Y103        LUT6 (Prop_lut6_I3_O)        0.306    19.831 r  theshold_calculator_inst/r_detect_counter0_carry__6_i_2/O
                         net (fo=1, routed)           0.568    20.399    detection_compare_inst/r_detect_counter0_carry__7_0[2]
    SLICE_X99Y103        CARRY4 (Prop_carry4_DI[2]_CO[3])
                                                      0.398    20.797 r  detection_compare_inst/r_detect_counter0_carry__6/CO[3]
                         net (fo=1, routed)           0.000    20.797    detection_compare_inst/r_detect_counter0_carry__6_n_0
    SLICE_X99Y104        CARRY4 (Prop_carry4_CI_CO[0])
                                                      0.271    21.068 r  detection_compare_inst/r_detect_counter0_carry__7/CO[0]
                         net (fo=1, routed)           2.314    23.382    pm_top_mux_fsmd_control/CO[0]
    SLICE_X97Y39         LUT2 (Prop_lut2_I1_O)        0.373    23.755 r  pm_top_mux_fsmd_control/r_detect_counter[0]_i_2/O
                         net (fo=16, routed)          0.953    24.708    detection_compare_inst/r_detect_counter
    SLICE_X111Y41        FDRE                                         r  detection_compare_inst/r_detect_counter_reg[11]/CE
  -------------------------------------------------------------------    -------------------

                         (clock sys_clk rise edge)   25.000    25.000 r  
    Y9                                                0.000    25.000 r  clock (IN)
                         net (fo=0)                   0.000    25.000    clock
    Y9                   IBUF (Prop_ibuf_I_O)         1.420    26.420 r  clock_IBUF_inst/O
                         net (fo=1, routed)           1.972    28.392    clock_IBUF
    BUFGCTRL_X0Y0        BUFG (Prop_bufg_I_O)         0.091    28.483 r  clock_IBUF_BUFG_inst/O
                         net (fo=23041, routed)       1.698    30.181    detection_compare_inst/clock_IBUF_BUFG
    SLICE_X111Y41        FDRE                                         r  detection_compare_inst/r_detect_counter_reg[11]/C
                         clock pessimism              0.280    30.461    
                         clock uncertainty           -0.035    30.425    
    SLICE_X111Y41        FDRE (Setup_fdre_C_CE)      -0.205    30.220    detection_compare_inst/r_detect_counter_reg[11]
  -------------------------------------------------------------------
                         required time                         30.220    
                         arrival time                         -24.708    
  -------------------------------------------------------------------
                         slack                                  5.513    

Slack (MET) :             5.513ns  (required time - arrival time)
  Source:                 scd_estimator_inst/pm_second_stage_wrap_inst/p_point_fft/U0/i_synth/axi_wrapper/data_out_channel/gen_non_real_time.fifo/fifo0/fifo_2_reg[47]/C
                            (rising edge-triggered cell FDRE clocked by sys_clk  {rise@0.000ns fall@12.500ns period=25.000ns})
  Destination:            detection_compare_inst/r_detect_counter_reg[8]/CE
                            (rising edge-triggered cell FDRE clocked by sys_clk  {rise@0.000ns fall@12.500ns period=25.000ns})
  Path Group:             sys_clk
  Path Type:              Setup (Max at Slow Process Corner)
  Requirement:            25.000ns  (sys_clk rise@25.000ns - sys_clk rise@0.000ns)
  Data Path Delay:        19.158ns  (logic 10.749ns (56.109%)  route 8.409ns (43.891%))
  Logic Levels:           21  (CARRY4=15 DSP48E1=2 LUT2=3 LUT6=1)
  Clock Path Skew:        -0.090ns (DCD - SCD + CPR)
    Destination Clock Delay (DCD):    5.181ns = ( 30.181 - 25.000 ) 
    Source Clock Delay      (SCD):    5.550ns
    Clock Pessimism Removal (CPR):    0.280ns
  Clock Uncertainty:      0.035ns  ((TSJ^2 + TIJ^2)^1/2 + DJ) / 2 + PE
    Total System Jitter     (TSJ):    0.071ns
    Total Input Jitter      (TIJ):    0.000ns
    Discrete Jitter          (DJ):    0.000ns
    Phase Error              (PE):    0.000ns

    Location             Delay type                Incr(ns)  Path(ns)    Netlist Resource(s)
  -------------------------------------------------------------------    -------------------
                         (clock sys_clk rise edge)    0.000     0.000 r  
    Y9                                                0.000     0.000 r  clock (IN)
                         net (fo=0)                   0.000     0.000    clock
    Y9                   IBUF (Prop_ibuf_I_O)         1.490     1.490 r  clock_IBUF_inst/O
                         net (fo=1, routed)           2.171     3.661    clock_IBUF
    BUFGCTRL_X0Y0        BUFG (Prop_bufg_I_O)         0.101     3.762 r  clock_IBUF_BUFG_inst/O
                         net (fo=23041, routed)       1.788     5.550    scd_estimator_inst/pm_second_stage_wrap_inst/p_point_fft/U0/i_synth/axi_wrapper/data_out_channel/gen_non_real_time.fifo/fifo0/aclk
    SLICE_X100Y93        FDRE                                         r  scd_estimator_inst/pm_second_stage_wrap_inst/p_point_fft/U0/i_synth/axi_wrapper/data_out_channel/gen_non_real_time.fifo/fifo0/fifo_2_reg[47]/C
  -------------------------------------------------------------------    -------------------
    SLICE_X100Y93        FDRE (Prop_fdre_C_Q)         0.478     6.028 r  scd_estimator_inst/pm_second_stage_wrap_inst/p_point_fft/U0/i_synth/axi_wrapper/data_out_channel/gen_non_real_time.fifo/fifo0/fifo_2_reg[47]/Q
                         net (fo=4, routed)           1.569     7.597    detection_compare_inst/m_axis_data_tdata[46]
    DSP48_X4Y46          DSP48E1 (Prop_dsp48e1_A[14]_PCOUT[47])
                                                      4.210    11.807 r  detection_compare_inst/r_comparison1__5/PCOUT[47]
                         net (fo=1, routed)           0.002    11.809    detection_compare_inst/r_comparison1__5_n_106
    DSP48_X4Y47          DSP48E1 (Prop_dsp48e1_PCIN[47]_P[0])
                                                      1.518    13.327 r  detection_compare_inst/r_comparison1__6/P[0]
                         net (fo=2, routed)           0.908    14.235    detection_compare_inst/r_comparison1__6_n_105
    SLICE_X102Y112       LUT2 (Prop_lut2_I0_O)        0.124    14.359 r  detection_compare_inst/i__carry_i_3__1/O
                         net (fo=1, routed)           0.000    14.359    detection_compare_inst/i__carry_i_3__1_n_0
    SLICE_X102Y112       CARRY4 (Prop_carry4_S[1]_CO[3])
                                                      0.533    14.892 r  detection_compare_inst/r_comparison1_inferred__1/i__carry/CO[3]
                         net (fo=1, routed)           0.000    14.892    detection_compare_inst/r_comparison1_inferred__1/i__carry_n_0
    SLICE_X102Y113       CARRY4 (Prop_carry4_CI_CO[3])
                                                      0.117    15.009 r  detection_compare_inst/r_comparison1_inferred__1/i__carry__0/CO[3]
                         net (fo=1, routed)           0.000    15.009    detection_compare_inst/r_comparison1_inferred__1/i__carry__0_n_0
    SLICE_X102Y114       CARRY4 (Prop_carry4_CI_CO[3])
                                                      0.117    15.126 r  detection_compare_inst/r_comparison1_inferred__1/i__carry__1/CO[3]
                         net (fo=1, routed)           0.000    15.126    detection_compare_inst/r_comparison1_inferred__1/i__carry__1_n_0
    SLICE_X102Y115       CARRY4 (Prop_carry4_CI_CO[3])
                                                      0.117    15.243 r  detection_compare_inst/r_comparison1_inferred__1/i__carry__2/CO[3]
                         net (fo=1, routed)           0.000    15.243    detection_compare_inst/r_comparison1_inferred__1/i__carry__2_n_0
    SLICE_X102Y116       CARRY4 (Prop_carry4_CI_CO[3])
                                                      0.117    15.360 r  detection_compare_inst/r_comparison1_inferred__1/i__carry__3/CO[3]
                         net (fo=1, routed)           0.000    15.360    detection_compare_inst/r_comparison1_inferred__1/i__carry__3_n_0
    SLICE_X102Y117       CARRY4 (Prop_carry4_CI_CO[3])
                                                      0.117    15.477 r  detection_compare_inst/r_comparison1_inferred__1/i__carry__4/CO[3]
                         net (fo=1, routed)           0.000    15.477    detection_compare_inst/r_comparison1_inferred__1/i__carry__4_n_0
    SLICE_X102Y118       CARRY4 (Prop_carry4_CI_CO[3])
                                                      0.117    15.594 r  detection_compare_inst/r_comparison1_inferred__1/i__carry__5/CO[3]
                         net (fo=1, routed)           0.000    15.594    detection_compare_inst/r_comparison1_inferred__1/i__carry__5_n_0
    SLICE_X102Y119       CARRY4 (Prop_carry4_CI_O[1])
                                                      0.323    15.917 r  detection_compare_inst/r_comparison1_inferred__1/i__carry__6/O[1]
                         net (fo=2, routed)           1.141    17.058    detection_compare_inst/r_comparison1_inferred__1/i__carry__6_n_6
    SLICE_X102Y106       LUT2 (Prop_lut2_I0_O)        0.306    17.364 r  detection_compare_inst/r_comparison0_carry__10_i_3/O
                         net (fo=1, routed)           0.000    17.364    detection_compare_inst/r_comparison0_carry__10_i_3_n_0
    SLICE_X102Y106       CARRY4 (Prop_carry4_S[1]_CO[3])
                                                      0.533    17.897 r  detection_compare_inst/r_comparison0_carry__10/CO[3]
                         net (fo=1, routed)           0.000    17.897    detection_compare_inst/r_comparison0_carry__10_n_0
    SLICE_X102Y107       CARRY4 (Prop_carry4_CI_CO[3])
                                                      0.117    18.014 r  detection_compare_inst/r_comparison0_carry__11/CO[3]
                         net (fo=1, routed)           0.000    18.014    detection_compare_inst/r_comparison0_carry__11_n_0
    SLICE_X102Y108       CARRY4 (Prop_carry4_CI_CO[3])
                                                      0.117    18.131 r  detection_compare_inst/r_comparison0_carry__12/CO[3]
                         net (fo=1, routed)           0.000    18.131    detection_compare_inst/r_comparison0_carry__12_n_0
    SLICE_X102Y109       CARRY4 (Prop_carry4_CI_CO[3])
                                                      0.117    18.248 r  detection_compare_inst/r_comparison0_carry__13/CO[3]
                         net (fo=1, routed)           0.000    18.248    detection_compare_inst/r_comparison0_carry__13_n_0
    SLICE_X102Y110       CARRY4 (Prop_carry4_CI_O[1])
                                                      0.323    18.571 r  detection_compare_inst/r_comparison0_carry__14/O[1]
                         net (fo=2, routed)           0.953    19.525    theshold_calculator_inst/r_comparison0[61]
    SLICE_X98Y103        LUT6 (Prop_lut6_I3_O)        0.306    19.831 r  theshold_calculator_inst/r_detect_counter0_carry__6_i_2/O
                         net (fo=1, routed)           0.568    20.399    detection_compare_inst/r_detect_counter0_carry__7_0[2]
    SLICE_X99Y103        CARRY4 (Prop_carry4_DI[2]_CO[3])
                                                      0.398    20.797 r  detection_compare_inst/r_detect_counter0_carry__6/CO[3]
                         net (fo=1, routed)           0.000    20.797    detection_compare_inst/r_detect_counter0_carry__6_n_0
    SLICE_X99Y104        CARRY4 (Prop_carry4_CI_CO[0])
                                                      0.271    21.068 r  detection_compare_inst/r_detect_counter0_carry__7/CO[0]
                         net (fo=1, routed)           2.314    23.382    pm_top_mux_fsmd_control/CO[0]
    SLICE_X97Y39         LUT2 (Prop_lut2_I1_O)        0.373    23.755 r  pm_top_mux_fsmd_control/r_detect_counter[0]_i_2/O
                         net (fo=16, routed)          0.953    24.708    detection_compare_inst/r_detect_counter
    SLICE_X111Y41        FDRE                                         r  detection_compare_inst/r_detect_counter_reg[8]/CE
  -------------------------------------------------------------------    -------------------

                         (clock sys_clk rise edge)   25.000    25.000 r  
    Y9                                                0.000    25.000 r  clock (IN)
                         net (fo=0)                   0.000    25.000    clock
    Y9                   IBUF (Prop_ibuf_I_O)         1.420    26.420 r  clock_IBUF_inst/O
                         net (fo=1, routed)           1.972    28.392    clock_IBUF
    BUFGCTRL_X0Y0        BUFG (Prop_bufg_I_O)         0.091    28.483 r  clock_IBUF_BUFG_inst/O
                         net (fo=23041, routed)       1.698    30.181    detection_compare_inst/clock_IBUF_BUFG
    SLICE_X111Y41        FDRE                                         r  detection_compare_inst/r_detect_counter_reg[8]/C
                         clock pessimism              0.280    30.461    
                         clock uncertainty           -0.035    30.425    
    SLICE_X111Y41        FDRE (Setup_fdre_C_CE)      -0.205    30.220    detection_compare_inst/r_detect_counter_reg[8]
  -------------------------------------------------------------------
                         required time                         30.220    
                         arrival time                         -24.708    
  -------------------------------------------------------------------
                         slack                                  5.513    

Slack (MET) :             5.513ns  (required time - arrival time)
  Source:                 scd_estimator_inst/pm_second_stage_wrap_inst/p_point_fft/U0/i_synth/axi_wrapper/data_out_channel/gen_non_real_time.fifo/fifo0/fifo_2_reg[47]/C
                            (rising edge-triggered cell FDRE clocked by sys_clk  {rise@0.000ns fall@12.500ns period=25.000ns})
  Destination:            detection_compare_inst/r_detect_counter_reg[9]/CE
                            (rising edge-triggered cell FDRE clocked by sys_clk  {rise@0.000ns fall@12.500ns period=25.000ns})
  Path Group:             sys_clk
  Path Type:              Setup (Max at Slow Process Corner)
  Requirement:            25.000ns  (sys_clk rise@25.000ns - sys_clk rise@0.000ns)
  Data Path Delay:        19.158ns  (logic 10.749ns (56.109%)  route 8.409ns (43.891%))
  Logic Levels:           21  (CARRY4=15 DSP48E1=2 LUT2=3 LUT6=1)
  Clock Path Skew:        -0.090ns (DCD - SCD + CPR)
    Destination Clock Delay (DCD):    5.181ns = ( 30.181 - 25.000 ) 
    Source Clock Delay      (SCD):    5.550ns
    Clock Pessimism Removal (CPR):    0.280ns
  Clock Uncertainty:      0.035ns  ((TSJ^2 + TIJ^2)^1/2 + DJ) / 2 + PE
    Total System Jitter     (TSJ):    0.071ns
    Total Input Jitter      (TIJ):    0.000ns
    Discrete Jitter          (DJ):    0.000ns
    Phase Error              (PE):    0.000ns

    Location             Delay type                Incr(ns)  Path(ns)    Netlist Resource(s)
  -------------------------------------------------------------------    -------------------
                         (clock sys_clk rise edge)    0.000     0.000 r  
    Y9                                                0.000     0.000 r  clock (IN)
                         net (fo=0)                   0.000     0.000    clock
    Y9                   IBUF (Prop_ibuf_I_O)         1.490     1.490 r  clock_IBUF_inst/O
                         net (fo=1, routed)           2.171     3.661    clock_IBUF
    BUFGCTRL_X0Y0        BUFG (Prop_bufg_I_O)         0.101     3.762 r  clock_IBUF_BUFG_inst/O
                         net (fo=23041, routed)       1.788     5.550    scd_estimator_inst/pm_second_stage_wrap_inst/p_point_fft/U0/i_synth/axi_wrapper/data_out_channel/gen_non_real_time.fifo/fifo0/aclk
    SLICE_X100Y93        FDRE                                         r  scd_estimator_inst/pm_second_stage_wrap_inst/p_point_fft/U0/i_synth/axi_wrapper/data_out_channel/gen_non_real_time.fifo/fifo0/fifo_2_reg[47]/C
  -------------------------------------------------------------------    -------------------
    SLICE_X100Y93        FDRE (Prop_fdre_C_Q)         0.478     6.028 r  scd_estimator_inst/pm_second_stage_wrap_inst/p_point_fft/U0/i_synth/axi_wrapper/data_out_channel/gen_non_real_time.fifo/fifo0/fifo_2_reg[47]/Q
                         net (fo=4, routed)           1.569     7.597    detection_compare_inst/m_axis_data_tdata[46]
    DSP48_X4Y46          DSP48E1 (Prop_dsp48e1_A[14]_PCOUT[47])
                                                      4.210    11.807 r  detection_compare_inst/r_comparison1__5/PCOUT[47]
                         net (fo=1, routed)           0.002    11.809    detection_compare_inst/r_comparison1__5_n_106
    DSP48_X4Y47          DSP48E1 (Prop_dsp48e1_PCIN[47]_P[0])
                                                      1.518    13.327 r  detection_compare_inst/r_comparison1__6/P[0]
                         net (fo=2, routed)           0.908    14.235    detection_compare_inst/r_comparison1__6_n_105
    SLICE_X102Y112       LUT2 (Prop_lut2_I0_O)        0.124    14.359 r  detection_compare_inst/i__carry_i_3__1/O
                         net (fo=1, routed)           0.000    14.359    detection_compare_inst/i__carry_i_3__1_n_0
    SLICE_X102Y112       CARRY4 (Prop_carry4_S[1]_CO[3])
                                                      0.533    14.892 r  detection_compare_inst/r_comparison1_inferred__1/i__carry/CO[3]
                         net (fo=1, routed)           0.000    14.892    detection_compare_inst/r_comparison1_inferred__1/i__carry_n_0
    SLICE_X102Y113       CARRY4 (Prop_carry4_CI_CO[3])
                                                      0.117    15.009 r  detection_compare_inst/r_comparison1_inferred__1/i__carry__0/CO[3]
                         net (fo=1, routed)           0.000    15.009    detection_compare_inst/r_comparison1_inferred__1/i__carry__0_n_0
    SLICE_X102Y114       CARRY4 (Prop_carry4_CI_CO[3])
                                                      0.117    15.126 r  detection_compare_inst/r_comparison1_inferred__1/i__carry__1/CO[3]
                         net (fo=1, routed)           0.000    15.126    detection_compare_inst/r_comparison1_inferred__1/i__carry__1_n_0
    SLICE_X102Y115       CARRY4 (Prop_carry4_CI_CO[3])
                                                      0.117    15.243 r  detection_compare_inst/r_comparison1_inferred__1/i__carry__2/CO[3]
                         net (fo=1, routed)           0.000    15.243    detection_compare_inst/r_comparison1_inferred__1/i__carry__2_n_0
    SLICE_X102Y116       CARRY4 (Prop_carry4_CI_CO[3])
                                                      0.117    15.360 r  detection_compare_inst/r_comparison1_inferred__1/i__carry__3/CO[3]
                         net (fo=1, routed)           0.000    15.360    detection_compare_inst/r_comparison1_inferred__1/i__carry__3_n_0
    SLICE_X102Y117       CARRY4 (Prop_carry4_CI_CO[3])
                                                      0.117    15.477 r  detection_compare_inst/r_comparison1_inferred__1/i__carry__4/CO[3]
                         net (fo=1, routed)           0.000    15.477    detection_compare_inst/r_comparison1_inferred__1/i__carry__4_n_0
    SLICE_X102Y118       CARRY4 (Prop_carry4_CI_CO[3])
                                                      0.117    15.594 r  detection_compare_inst/r_comparison1_inferred__1/i__carry__5/CO[3]
                         net (fo=1, routed)           0.000    15.594    detection_compare_inst/r_comparison1_inferred__1/i__carry__5_n_0
    SLICE_X102Y119       CARRY4 (Prop_carry4_CI_O[1])
                                                      0.323    15.917 r  detection_compare_inst/r_comparison1_inferred__1/i__carry__6/O[1]
                         net (fo=2, routed)           1.141    17.058    detection_compare_inst/r_comparison1_inferred__1/i__carry__6_n_6
    SLICE_X102Y106       LUT2 (Prop_lut2_I0_O)        0.306    17.364 r  detection_compare_inst/r_comparison0_carry__10_i_3/O
                         net (fo=1, routed)           0.000    17.364    detection_compare_inst/r_comparison0_carry__10_i_3_n_0
    SLICE_X102Y106       CARRY4 (Prop_carry4_S[1]_CO[3])
                                                      0.533    17.897 r  detection_compare_inst/r_comparison0_carry__10/CO[3]
                         net (fo=1, routed)           0.000    17.897    detection_compare_inst/r_comparison0_carry__10_n_0
    SLICE_X102Y107       CARRY4 (Prop_carry4_CI_CO[3])
                                                      0.117    18.014 r  detection_compare_inst/r_comparison0_carry__11/CO[3]
                         net (fo=1, routed)           0.000    18.014    detection_compare_inst/r_comparison0_carry__11_n_0
    SLICE_X102Y108       CARRY4 (Prop_carry4_CI_CO[3])
                                                      0.117    18.131 r  detection_compare_inst/r_comparison0_carry__12/CO[3]
                         net (fo=1, routed)           0.000    18.131    detection_compare_inst/r_comparison0_carry__12_n_0
    SLICE_X102Y109       CARRY4 (Prop_carry4_CI_CO[3])
                                                      0.117    18.248 r  detection_compare_inst/r_comparison0_carry__13/CO[3]
                         net (fo=1, routed)           0.000    18.248    detection_compare_inst/r_comparison0_carry__13_n_0
    SLICE_X102Y110       CARRY4 (Prop_carry4_CI_O[1])
                                                      0.323    18.571 r  detection_compare_inst/r_comparison0_carry__14/O[1]
                         net (fo=2, routed)           0.953    19.525    theshold_calculator_inst/r_comparison0[61]
    SLICE_X98Y103        LUT6 (Prop_lut6_I3_O)        0.306    19.831 r  theshold_calculator_inst/r_detect_counter0_carry__6_i_2/O
                         net (fo=1, routed)           0.568    20.399    detection_compare_inst/r_detect_counter0_carry__7_0[2]
    SLICE_X99Y103        CARRY4 (Prop_carry4_DI[2]_CO[3])
                                                      0.398    20.797 r  detection_compare_inst/r_detect_counter0_carry__6/CO[3]
                         net (fo=1, routed)           0.000    20.797    detection_compare_inst/r_detect_counter0_carry__6_n_0
    SLICE_X99Y104        CARRY4 (Prop_carry4_CI_CO[0])
                                                      0.271    21.068 r  detection_compare_inst/r_detect_counter0_carry__7/CO[0]
                         net (fo=1, routed)           2.314    23.382    pm_top_mux_fsmd_control/CO[0]
    SLICE_X97Y39         LUT2 (Prop_lut2_I1_O)        0.373    23.755 r  pm_top_mux_fsmd_control/r_detect_counter[0]_i_2/O
                         net (fo=16, routed)          0.953    24.708    detection_compare_inst/r_detect_counter
    SLICE_X111Y41        FDRE                                         r  detection_compare_inst/r_detect_counter_reg[9]/CE
  -------------------------------------------------------------------    -------------------

                         (clock sys_clk rise edge)   25.000    25.000 r  
    Y9                                                0.000    25.000 r  clock (IN)
                         net (fo=0)                   0.000    25.000    clock
    Y9                   IBUF (Prop_ibuf_I_O)         1.420    26.420 r  clock_IBUF_inst/O
                         net (fo=1, routed)           1.972    28.392    clock_IBUF
    BUFGCTRL_X0Y0        BUFG (Prop_bufg_I_O)         0.091    28.483 r  clock_IBUF_BUFG_inst/O
                         net (fo=23041, routed)       1.698    30.181    detection_compare_inst/clock_IBUF_BUFG
    SLICE_X111Y41        FDRE                                         r  detection_compare_inst/r_detect_counter_reg[9]/C
                         clock pessimism              0.280    30.461    
                         clock uncertainty           -0.035    30.425    
    SLICE_X111Y41        FDRE (Setup_fdre_C_CE)      -0.205    30.220    detection_compare_inst/r_detect_counter_reg[9]
  -------------------------------------------------------------------
                         required time                         30.220    
                         arrival time                         -24.708    
  -------------------------------------------------------------------
                         slack                                  5.513    

Slack (MET) :             5.514ns  (required time - arrival time)
  Source:                 scd_estimator_inst/pm_second_stage_wrap_inst/p_point_fft/U0/i_synth/axi_wrapper/data_out_channel/gen_non_real_time.fifo/fifo0/fifo_2_reg[47]/C
                            (rising edge-triggered cell FDRE clocked by sys_clk  {rise@0.000ns fall@12.500ns period=25.000ns})
  Destination:            detection_compare_inst/r_detect_counter_reg[4]/CE
                            (rising edge-triggered cell FDRE clocked by sys_clk  {rise@0.000ns fall@12.500ns period=25.000ns})
  Path Group:             sys_clk
  Path Type:              Setup (Max at Slow Process Corner)
  Requirement:            25.000ns  (sys_clk rise@25.000ns - sys_clk rise@0.000ns)
  Data Path Delay:        19.155ns  (logic 10.749ns (56.115%)  route 8.406ns (43.885%))
  Logic Levels:           21  (CARRY4=15 DSP48E1=2 LUT2=3 LUT6=1)
  Clock Path Skew:        -0.091ns (DCD - SCD + CPR)
    Destination Clock Delay (DCD):    5.180ns = ( 30.180 - 25.000 ) 
    Source Clock Delay      (SCD):    5.550ns
    Clock Pessimism Removal (CPR):    0.280ns
  Clock Uncertainty:      0.035ns  ((TSJ^2 + TIJ^2)^1/2 + DJ) / 2 + PE
    Total System Jitter     (TSJ):    0.071ns
    Total Input Jitter      (TIJ):    0.000ns
    Discrete Jitter          (DJ):    0.000ns
    Phase Error              (PE):    0.000ns

    Location             Delay type                Incr(ns)  Path(ns)    Netlist Resource(s)
  -------------------------------------------------------------------    -------------------
                         (clock sys_clk rise edge)    0.000     0.000 r  
    Y9                                                0.000     0.000 r  clock (IN)
                         net (fo=0)                   0.000     0.000    clock
    Y9                   IBUF (Prop_ibuf_I_O)         1.490     1.490 r  clock_IBUF_inst/O
                         net (fo=1, routed)           2.171     3.661    clock_IBUF
    BUFGCTRL_X0Y0        BUFG (Prop_bufg_I_O)         0.101     3.762 r  clock_IBUF_BUFG_inst/O
                         net (fo=23041, routed)       1.788     5.550    scd_estimator_inst/pm_second_stage_wrap_inst/p_point_fft/U0/i_synth/axi_wrapper/data_out_channel/gen_non_real_time.fifo/fifo0/aclk
    SLICE_X100Y93        FDRE                                         r  scd_estimator_inst/pm_second_stage_wrap_inst/p_point_fft/U0/i_synth/axi_wrapper/data_out_channel/gen_non_real_time.fifo/fifo0/fifo_2_reg[47]/C
  -------------------------------------------------------------------    -------------------
    SLICE_X100Y93        FDRE (Prop_fdre_C_Q)         0.478     6.028 r  scd_estimator_inst/pm_second_stage_wrap_inst/p_point_fft/U0/i_synth/axi_wrapper/data_out_channel/gen_non_real_time.fifo/fifo0/fifo_2_reg[47]/Q
                         net (fo=4, routed)           1.569     7.597    detection_compare_inst/m_axis_data_tdata[46]
    DSP48_X4Y46          DSP48E1 (Prop_dsp48e1_A[14]_PCOUT[47])
                                                      4.210    11.807 r  detection_compare_inst/r_comparison1__5/PCOUT[47]
                         net (fo=1, routed)           0.002    11.809    detection_compare_inst/r_comparison1__5_n_106
    DSP48_X4Y47          DSP48E1 (Prop_dsp48e1_PCIN[47]_P[0])
                                                      1.518    13.327 r  detection_compare_inst/r_comparison1__6/P[0]
                         net (fo=2, routed)           0.908    14.235    detection_compare_inst/r_comparison1__6_n_105
    SLICE_X102Y112       LUT2 (Prop_lut2_I0_O)        0.124    14.359 r  detection_compare_inst/i__carry_i_3__1/O
                         net (fo=1, routed)           0.000    14.359    detection_compare_inst/i__carry_i_3__1_n_0
    SLICE_X102Y112       CARRY4 (Prop_carry4_S[1]_CO[3])
                                                      0.533    14.892 r  detection_compare_inst/r_comparison1_inferred__1/i__carry/CO[3]
                         net (fo=1, routed)           0.000    14.892    detection_compare_inst/r_comparison1_inferred__1/i__carry_n_0
    SLICE_X102Y113       CARRY4 (Prop_carry4_CI_CO[3])
                                                      0.117    15.009 r  detection_compare_inst/r_comparison1_inferred__1/i__carry__0/CO[3]
                         net (fo=1, routed)           0.000    15.009    detection_compare_inst/r_comparison1_inferred__1/i__carry__0_n_0
    SLICE_X102Y114       CARRY4 (Prop_carry4_CI_CO[3])
                                                      0.117    15.126 r  detection_compare_inst/r_comparison1_inferred__1/i__carry__1/CO[3]
                         net (fo=1, routed)           0.000    15.126    detection_compare_inst/r_comparison1_inferred__1/i__carry__1_n_0
    SLICE_X102Y115       CARRY4 (Prop_carry4_CI_CO[3])
                                                      0.117    15.243 r  detection_compare_inst/r_comparison1_inferred__1/i__carry__2/CO[3]
                         net (fo=1, routed)           0.000    15.243    detection_compare_inst/r_comparison1_inferred__1/i__carry__2_n_0
    SLICE_X102Y116       CARRY4 (Prop_carry4_CI_CO[3])
                                                      0.117    15.360 r  detection_compare_inst/r_comparison1_inferred__1/i__carry__3/CO[3]
                         net (fo=1, routed)           0.000    15.360    detection_compare_inst/r_comparison1_inferred__1/i__carry__3_n_0
    SLICE_X102Y117       CARRY4 (Prop_carry4_CI_CO[3])
                                                      0.117    15.477 r  detection_compare_inst/r_comparison1_inferred__1/i__carry__4/CO[3]
                         net (fo=1, routed)           0.000    15.477    detection_compare_inst/r_comparison1_inferred__1/i__carry__4_n_0
    SLICE_X102Y118       CARRY4 (Prop_carry4_CI_CO[3])
                                                      0.117    15.594 r  detection_compare_inst/r_comparison1_inferred__1/i__carry__5/CO[3]
                         net (fo=1, routed)           0.000    15.594    detection_compare_inst/r_comparison1_inferred__1/i__carry__5_n_0
    SLICE_X102Y119       CARRY4 (Prop_carry4_CI_O[1])
                                                      0.323    15.917 r  detection_compare_inst/r_comparison1_inferred__1/i__carry__6/O[1]
                         net (fo=2, routed)           1.141    17.058    detection_compare_inst/r_comparison1_inferred__1/i__carry__6_n_6
    SLICE_X102Y106       LUT2 (Prop_lut2_I0_O)        0.306    17.364 r  detection_compare_inst/r_comparison0_carry__10_i_3/O
                         net (fo=1, routed)           0.000    17.364    detection_compare_inst/r_comparison0_carry__10_i_3_n_0
    SLICE_X102Y106       CARRY4 (Prop_carry4_S[1]_CO[3])
                                                      0.533    17.897 r  detection_compare_inst/r_comparison0_carry__10/CO[3]
                         net (fo=1, routed)           0.000    17.897    detection_compare_inst/r_comparison0_carry__10_n_0
    SLICE_X102Y107       CARRY4 (Prop_carry4_CI_CO[3])
                                                      0.117    18.014 r  detection_compare_inst/r_comparison0_carry__11/CO[3]
                         net (fo=1, routed)           0.000    18.014    detection_compare_inst/r_comparison0_carry__11_n_0
    SLICE_X102Y108       CARRY4 (Prop_carry4_CI_CO[3])
                                                      0.117    18.131 r  detection_compare_inst/r_comparison0_carry__12/CO[3]
                         net (fo=1, routed)           0.000    18.131    detection_compare_inst/r_comparison0_carry__12_n_0
    SLICE_X102Y109       CARRY4 (Prop_carry4_CI_CO[3])
                                                      0.117    18.248 r  detection_compare_inst/r_comparison0_carry__13/CO[3]
                         net (fo=1, routed)           0.000    18.248    detection_compare_inst/r_comparison0_carry__13_n_0
    SLICE_X102Y110       CARRY4 (Prop_carry4_CI_O[1])
                                                      0.323    18.571 r  detection_compare_inst/r_comparison0_carry__14/O[1]
                         net (fo=2, routed)           0.953    19.525    theshold_calculator_inst/r_comparison0[61]
    SLICE_X98Y103        LUT6 (Prop_lut6_I3_O)        0.306    19.831 r  theshold_calculator_inst/r_detect_counter0_carry__6_i_2/O
                         net (fo=1, routed)           0.568    20.399    detection_compare_inst/r_detect_counter0_carry__7_0[2]
    SLICE_X99Y103        CARRY4 (Prop_carry4_DI[2]_CO[3])
                                                      0.398    20.797 r  detection_compare_inst/r_detect_counter0_carry__6/CO[3]
                         net (fo=1, routed)           0.000    20.797    detection_compare_inst/r_detect_counter0_carry__6_n_0
    SLICE_X99Y104        CARRY4 (Prop_carry4_CI_CO[0])
                                                      0.271    21.068 r  detection_compare_inst/r_detect_counter0_carry__7/CO[0]
                         net (fo=1, routed)           2.314    23.382    pm_top_mux_fsmd_control/CO[0]
    SLICE_X97Y39         LUT2 (Prop_lut2_I1_O)        0.373    23.755 r  pm_top_mux_fsmd_control/r_detect_counter[0]_i_2/O
                         net (fo=16, routed)          0.950    24.706    detection_compare_inst/r_detect_counter
    SLICE_X111Y40        FDRE                                         r  detection_compare_inst/r_detect_counter_reg[4]/CE
  -------------------------------------------------------------------    -------------------

                         (clock sys_clk rise edge)   25.000    25.000 r  
    Y9                                                0.000    25.000 r  clock (IN)
                         net (fo=0)                   0.000    25.000    clock
    Y9                   IBUF (Prop_ibuf_I_O)         1.420    26.420 r  clock_IBUF_inst/O
                         net (fo=1, routed)           1.972    28.392    clock_IBUF
    BUFGCTRL_X0Y0        BUFG (Prop_bufg_I_O)         0.091    28.483 r  clock_IBUF_BUFG_inst/O
                         net (fo=23041, routed)       1.697    30.180    detection_compare_inst/clock_IBUF_BUFG
    SLICE_X111Y40        FDRE                                         r  detection_compare_inst/r_detect_counter_reg[4]/C
                         clock pessimism              0.280    30.460    
                         clock uncertainty           -0.035    30.424    
    SLICE_X111Y40        FDRE (Setup_fdre_C_CE)      -0.205    30.219    detection_compare_inst/r_detect_counter_reg[4]
  -------------------------------------------------------------------
                         required time                         30.219    
                         arrival time                         -24.706    
  -------------------------------------------------------------------
                         slack                                  5.514    

Slack (MET) :             5.514ns  (required time - arrival time)
  Source:                 scd_estimator_inst/pm_second_stage_wrap_inst/p_point_fft/U0/i_synth/axi_wrapper/data_out_channel/gen_non_real_time.fifo/fifo0/fifo_2_reg[47]/C
                            (rising edge-triggered cell FDRE clocked by sys_clk  {rise@0.000ns fall@12.500ns period=25.000ns})
  Destination:            detection_compare_inst/r_detect_counter_reg[5]/CE
                            (rising edge-triggered cell FDRE clocked by sys_clk  {rise@0.000ns fall@12.500ns period=25.000ns})
  Path Group:             sys_clk
  Path Type:              Setup (Max at Slow Process Corner)
  Requirement:            25.000ns  (sys_clk rise@25.000ns - sys_clk rise@0.000ns)
  Data Path Delay:        19.155ns  (logic 10.749ns (56.115%)  route 8.406ns (43.885%))
  Logic Levels:           21  (CARRY4=15 DSP48E1=2 LUT2=3 LUT6=1)
  Clock Path Skew:        -0.091ns (DCD - SCD + CPR)
    Destination Clock Delay (DCD):    5.180ns = ( 30.180 - 25.000 ) 
    Source Clock Delay      (SCD):    5.550ns
    Clock Pessimism Removal (CPR):    0.280ns
  Clock Uncertainty:      0.035ns  ((TSJ^2 + TIJ^2)^1/2 + DJ) / 2 + PE
    Total System Jitter     (TSJ):    0.071ns
    Total Input Jitter      (TIJ):    0.000ns
    Discrete Jitter          (DJ):    0.000ns
    Phase Error              (PE):    0.000ns

    Location             Delay type                Incr(ns)  Path(ns)    Netlist Resource(s)
  -------------------------------------------------------------------    -------------------
                         (clock sys_clk rise edge)    0.000     0.000 r  
    Y9                                                0.000     0.000 r  clock (IN)
                         net (fo=0)                   0.000     0.000    clock
    Y9                   IBUF (Prop_ibuf_I_O)         1.490     1.490 r  clock_IBUF_inst/O
                         net (fo=1, routed)           2.171     3.661    clock_IBUF
    BUFGCTRL_X0Y0        BUFG (Prop_bufg_I_O)         0.101     3.762 r  clock_IBUF_BUFG_inst/O
                         net (fo=23041, routed)       1.788     5.550    scd_estimator_inst/pm_second_stage_wrap_inst/p_point_fft/U0/i_synth/axi_wrapper/data_out_channel/gen_non_real_time.fifo/fifo0/aclk
    SLICE_X100Y93        FDRE                                         r  scd_estimator_inst/pm_second_stage_wrap_inst/p_point_fft/U0/i_synth/axi_wrapper/data_out_channel/gen_non_real_time.fifo/fifo0/fifo_2_reg[47]/C
  -------------------------------------------------------------------    -------------------
    SLICE_X100Y93        FDRE (Prop_fdre_C_Q)         0.478     6.028 r  scd_estimator_inst/pm_second_stage_wrap_inst/p_point_fft/U0/i_synth/axi_wrapper/data_out_channel/gen_non_real_time.fifo/fifo0/fifo_2_reg[47]/Q
                         net (fo=4, routed)           1.569     7.597    detection_compare_inst/m_axis_data_tdata[46]
    DSP48_X4Y46          DSP48E1 (Prop_dsp48e1_A[14]_PCOUT[47])
                                                      4.210    11.807 r  detection_compare_inst/r_comparison1__5/PCOUT[47]
                         net (fo=1, routed)           0.002    11.809    detection_compare_inst/r_comparison1__5_n_106
    DSP48_X4Y47          DSP48E1 (Prop_dsp48e1_PCIN[47]_P[0])
                                                      1.518    13.327 r  detection_compare_inst/r_comparison1__6/P[0]
                         net (fo=2, routed)           0.908    14.235    detection_compare_inst/r_comparison1__6_n_105
    SLICE_X102Y112       LUT2 (Prop_lut2_I0_O)        0.124    14.359 r  detection_compare_inst/i__carry_i_3__1/O
                         net (fo=1, routed)           0.000    14.359    detection_compare_inst/i__carry_i_3__1_n_0
    SLICE_X102Y112       CARRY4 (Prop_carry4_S[1]_CO[3])
                                                      0.533    14.892 r  detection_compare_inst/r_comparison1_inferred__1/i__carry/CO[3]
                         net (fo=1, routed)           0.000    14.892    detection_compare_inst/r_comparison1_inferred__1/i__carry_n_0
    SLICE_X102Y113       CARRY4 (Prop_carry4_CI_CO[3])
                                                      0.117    15.009 r  detection_compare_inst/r_comparison1_inferred__1/i__carry__0/CO[3]
                         net (fo=1, routed)           0.000    15.009    detection_compare_inst/r_comparison1_inferred__1/i__carry__0_n_0
    SLICE_X102Y114       CARRY4 (Prop_carry4_CI_CO[3])
                                                      0.117    15.126 r  detection_compare_inst/r_comparison1_inferred__1/i__carry__1/CO[3]
                         net (fo=1, routed)           0.000    15.126    detection_compare_inst/r_comparison1_inferred__1/i__carry__1_n_0
    SLICE_X102Y115       CARRY4 (Prop_carry4_CI_CO[3])
                                                      0.117    15.243 r  detection_compare_inst/r_comparison1_inferred__1/i__carry__2/CO[3]
                         net (fo=1, routed)           0.000    15.243    detection_compare_inst/r_comparison1_inferred__1/i__carry__2_n_0
    SLICE_X102Y116       CARRY4 (Prop_carry4_CI_CO[3])
                                                      0.117    15.360 r  detection_compare_inst/r_comparison1_inferred__1/i__carry__3/CO[3]
                         net (fo=1, routed)           0.000    15.360    detection_compare_inst/r_comparison1_inferred__1/i__carry__3_n_0
    SLICE_X102Y117       CARRY4 (Prop_carry4_CI_CO[3])
                                                      0.117    15.477 r  detection_compare_inst/r_comparison1_inferred__1/i__carry__4/CO[3]
                         net (fo=1, routed)           0.000    15.477    detection_compare_inst/r_comparison1_inferred__1/i__carry__4_n_0
    SLICE_X102Y118       CARRY4 (Prop_carry4_CI_CO[3])
                                                      0.117    15.594 r  detection_compare_inst/r_comparison1_inferred__1/i__carry__5/CO[3]
                         net (fo=1, routed)           0.000    15.594    detection_compare_inst/r_comparison1_inferred__1/i__carry__5_n_0
    SLICE_X102Y119       CARRY4 (Prop_carry4_CI_O[1])
                                                      0.323    15.917 r  detection_compare_inst/r_comparison1_inferred__1/i__carry__6/O[1]
                         net (fo=2, routed)           1.141    17.058    detection_compare_inst/r_comparison1_inferred__1/i__carry__6_n_6
    SLICE_X102Y106       LUT2 (Prop_lut2_I0_O)        0.306    17.364 r  detection_compare_inst/r_comparison0_carry__10_i_3/O
                         net (fo=1, routed)           0.000    17.364    detection_compare_inst/r_comparison0_carry__10_i_3_n_0
    SLICE_X102Y106       CARRY4 (Prop_carry4_S[1]_CO[3])
                                                      0.533    17.897 r  detection_compare_inst/r_comparison0_carry__10/CO[3]
                         net (fo=1, routed)           0.000    17.897    detection_compare_inst/r_comparison0_carry__10_n_0
    SLICE_X102Y107       CARRY4 (Prop_carry4_CI_CO[3])
                                                      0.117    18.014 r  detection_compare_inst/r_comparison0_carry__11/CO[3]
                         net (fo=1, routed)           0.000    18.014    detection_compare_inst/r_comparison0_carry__11_n_0
    SLICE_X102Y108       CARRY4 (Prop_carry4_CI_CO[3])
                                                      0.117    18.131 r  detection_compare_inst/r_comparison0_carry__12/CO[3]
                         net (fo=1, routed)           0.000    18.131    detection_compare_inst/r_comparison0_carry__12_n_0
    SLICE_X102Y109       CARRY4 (Prop_carry4_CI_CO[3])
                                                      0.117    18.248 r  detection_compare_inst/r_comparison0_carry__13/CO[3]
                         net (fo=1, routed)           0.000    18.248    detection_compare_inst/r_comparison0_carry__13_n_0
    SLICE_X102Y110       CARRY4 (Prop_carry4_CI_O[1])
                                                      0.323    18.571 r  detection_compare_inst/r_comparison0_carry__14/O[1]
                         net (fo=2, routed)           0.953    19.525    theshold_calculator_inst/r_comparison0[61]
    SLICE_X98Y103        LUT6 (Prop_lut6_I3_O)        0.306    19.831 r  theshold_calculator_inst/r_detect_counter0_carry__6_i_2/O
                         net (fo=1, routed)           0.568    20.399    detection_compare_inst/r_detect_counter0_carry__7_0[2]
    SLICE_X99Y103        CARRY4 (Prop_carry4_DI[2]_CO[3])
                                                      0.398    20.797 r  detection_compare_inst/r_detect_counter0_carry__6/CO[3]
                         net (fo=1, routed)           0.000    20.797    detection_compare_inst/r_detect_counter0_carry__6_n_0
    SLICE_X99Y104        CARRY4 (Prop_carry4_CI_CO[0])
                                                      0.271    21.068 r  detection_compare_inst/r_detect_counter0_carry__7/CO[0]
                         net (fo=1, routed)           2.314    23.382    pm_top_mux_fsmd_control/CO[0]
    SLICE_X97Y39         LUT2 (Prop_lut2_I1_O)        0.373    23.755 r  pm_top_mux_fsmd_control/r_detect_counter[0]_i_2/O
                         net (fo=16, routed)          0.950    24.706    detection_compare_inst/r_detect_counter
    SLICE_X111Y40        FDRE                                         r  detection_compare_inst/r_detect_counter_reg[5]/CE
  -------------------------------------------------------------------    -------------------

                         (clock sys_clk rise edge)   25.000    25.000 r  
    Y9                                                0.000    25.000 r  clock (IN)
                         net (fo=0)                   0.000    25.000    clock
    Y9                   IBUF (Prop_ibuf_I_O)         1.420    26.420 r  clock_IBUF_inst/O
                         net (fo=1, routed)           1.972    28.392    clock_IBUF
    BUFGCTRL_X0Y0        BUFG (Prop_bufg_I_O)         0.091    28.483 r  clock_IBUF_BUFG_inst/O
                         net (fo=23041, routed)       1.697    30.180    detection_compare_inst/clock_IBUF_BUFG
    SLICE_X111Y40        FDRE                                         r  detection_compare_inst/r_detect_counter_reg[5]/C
                         clock pessimism              0.280    30.460    
                         clock uncertainty           -0.035    30.424    
    SLICE_X111Y40        FDRE (Setup_fdre_C_CE)      -0.205    30.219    detection_compare_inst/r_detect_counter_reg[5]
  -------------------------------------------------------------------
                         required time                         30.219    
                         arrival time                         -24.706    
  -------------------------------------------------------------------
                         slack                                  5.514    





Min Delay Paths
--------------------------------------------------------------------------------------
Slack (MET) :             0.020ns  (arrival time - required time)
  Source:                 scd_estimator_inst/pm_second_stage_wrap_inst/p_point_fft/U0/i_synth/xfft_inst/non_floating_point.arch_d.xfft_inst/pe_gen[0].natural_order_input.PE/FB_1.BF_1/mem_mux_and_reg_upper_im/slicel_slicem_implementation.mux/use_lut6_2.latency1.Q_reg[27]/C
                            (rising edge-triggered cell FDRE clocked by sys_clk  {rise@0.000ns fall@12.500ns period=25.000ns})
  Destination:            scd_estimator_inst/pm_second_stage_wrap_inst/p_point_fft/U0/i_synth/xfft_inst/non_floating_point.arch_d.xfft_inst/pe_gen[0].natural_order_input.PE/FB_1.BF_1/MEM/dist_ram.srlram.ram/var_length.shift_ram/i_bb_inst/lls_area.depth_gt_1_srl.srl_sig_reg[63][27]_srl32/D
                            (rising edge-triggered cell SRLC32E clocked by sys_clk  {rise@0.000ns fall@12.500ns period=25.000ns})
  Path Group:             sys_clk
  Path Type:              Hold (Min at Fast Process Corner)
  Requirement:            0.000ns  (sys_clk rise@0.000ns - sys_clk rise@0.000ns)
  Data Path Delay:        0.341ns  (logic 0.128ns (37.537%)  route 0.213ns (62.463%))
  Logic Levels:           0  
  Clock Path Skew:        0.259ns (DCD - SCD - CPR)
    Destination Clock Delay (DCD):    2.017ns
    Source Clock Delay      (SCD):    1.506ns
    Clock Pessimism Removal (CPR):    0.252ns

    Location             Delay type                Incr(ns)  Path(ns)    Netlist Resource(s)
  -------------------------------------------------------------------    -------------------
                         (clock sys_clk rise edge)    0.000     0.000 r  
    Y9                                                0.000     0.000 r  clock (IN)
                         net (fo=0)                   0.000     0.000    clock
    Y9                   IBUF (Prop_ibuf_I_O)         0.258     0.258 r  clock_IBUF_inst/O
                         net (fo=1, routed)           0.663     0.921    clock_IBUF
    BUFGCTRL_X0Y0        BUFG (Prop_bufg_I_O)         0.026     0.947 r  clock_IBUF_BUFG_inst/O
                         net (fo=23041, routed)       0.559     1.506    scd_estimator_inst/pm_second_stage_wrap_inst/p_point_fft/U0/i_synth/xfft_inst/non_floating_point.arch_d.xfft_inst/pe_gen[0].natural_order_input.PE/FB_1.BF_1/mem_mux_and_reg_upper_im/slicel_slicem_implementation.mux/aclk
    SLICE_X49Y46         FDRE                                         r  scd_estimator_inst/pm_second_stage_wrap_inst/p_point_fft/U0/i_synth/xfft_inst/non_floating_point.arch_d.xfft_inst/pe_gen[0].natural_order_input.PE/FB_1.BF_1/mem_mux_and_reg_upper_im/slicel_slicem_implementation.mux/use_lut6_2.latency1.Q_reg[27]/C
  -------------------------------------------------------------------    -------------------
    SLICE_X49Y46         FDRE (Prop_fdre_C_Q)         0.128     1.634 r  scd_estimator_inst/pm_second_stage_wrap_inst/p_point_fft/U0/i_synth/xfft_inst/non_floating_point.arch_d.xfft_inst/pe_gen[0].natural_order_input.PE/FB_1.BF_1/mem_mux_and_reg_upper_im/slicel_slicem_implementation.mux/use_lut6_2.latency1.Q_reg[27]/Q
                         net (fo=1, routed)           0.213     1.847    scd_estimator_inst/pm_second_stage_wrap_inst/p_point_fft/U0/i_synth/xfft_inst/non_floating_point.arch_d.xfft_inst/pe_gen[0].natural_order_input.PE/FB_1.BF_1/MEM/dist_ram.srlram.ram/var_length.shift_ram/i_bb_inst/d[27]
    SLICE_X50Y45         SRLC32E                                      r  scd_estimator_inst/pm_second_stage_wrap_inst/p_point_fft/U0/i_synth/xfft_inst/non_floating_point.arch_d.xfft_inst/pe_gen[0].natural_order_input.PE/FB_1.BF_1/MEM/dist_ram.srlram.ram/var_length.shift_ram/i_bb_inst/lls_area.depth_gt_1_srl.srl_sig_reg[63][27]_srl32/D
  -------------------------------------------------------------------    -------------------

                         (clock sys_clk rise edge)    0.000     0.000 r  
    Y9                                                0.000     0.000 r  clock (IN)
                         net (fo=0)                   0.000     0.000    clock
    Y9                   IBUF (Prop_ibuf_I_O)         0.446     0.446 r  clock_IBUF_inst/O
                         net (fo=1, routed)           0.719     1.165    clock_IBUF
    BUFGCTRL_X0Y0        BUFG (Prop_bufg_I_O)         0.029     1.194 r  clock_IBUF_BUFG_inst/O
                         net (fo=23041, routed)       0.823     2.017    scd_estimator_inst/pm_second_stage_wrap_inst/p_point_fft/U0/i_synth/xfft_inst/non_floating_point.arch_d.xfft_inst/pe_gen[0].natural_order_input.PE/FB_1.BF_1/MEM/dist_ram.srlram.ram/var_length.shift_ram/i_bb_inst/clk
    SLICE_X50Y45         SRLC32E                                      r  scd_estimator_inst/pm_second_stage_wrap_inst/p_point_fft/U0/i_synth/xfft_inst/non_floating_point.arch_d.xfft_inst/pe_gen[0].natural_order_input.PE/FB_1.BF_1/MEM/dist_ram.srlram.ram/var_length.shift_ram/i_bb_inst/lls_area.depth_gt_1_srl.srl_sig_reg[63][27]_srl32/CLK
                         clock pessimism             -0.252     1.765    
    SLICE_X50Y45         SRLC32E (Hold_srlc32e_CLK_D)
                                                      0.062     1.827    scd_estimator_inst/pm_second_stage_wrap_inst/p_point_fft/U0/i_synth/xfft_inst/non_floating_point.arch_d.xfft_inst/pe_gen[0].natural_order_input.PE/FB_1.BF_1/MEM/dist_ram.srlram.ram/var_length.shift_ram/i_bb_inst/lls_area.depth_gt_1_srl.srl_sig_reg[63][27]_srl32
  -------------------------------------------------------------------
                         required time                         -1.827    
                         arrival time                           1.847    
  -------------------------------------------------------------------
                         slack                                  0.020    

Slack (MET) :             0.025ns  (arrival time - required time)
  Source:                 scd_estimator_inst/pm_first_stage_wrap_inst/np_point_fft/U0/i_synth/axi_wrapper/data_in_channel_fifo/gen_non_real_time.gen_has_skid_buffer.data_out_2_reg[31]/C
                            (rising edge-triggered cell FDRE clocked by sys_clk  {rise@0.000ns fall@12.500ns period=25.000ns})
  Destination:            scd_estimator_inst/pm_first_stage_wrap_inst/np_point_fft/U0/i_synth/xfft_inst/non_floating_point.arch_d.xfft_inst/input_delay_im/no_sclr_lut.real_shift_ram.use_baseblock.use_hlutnm_srls.srl_loop[7].i_srl16e0/D
                            (rising edge-triggered cell SRL16E clocked by sys_clk  {rise@0.000ns fall@12.500ns period=25.000ns})
  Path Group:             sys_clk
  Path Type:              Hold (Min at Fast Process Corner)
  Requirement:            0.000ns  (sys_clk rise@0.000ns - sys_clk rise@0.000ns)
  Data Path Delay:        0.351ns  (logic 0.128ns (36.454%)  route 0.223ns (63.546%))
  Logic Levels:           0  
  Clock Path Skew:        0.264ns (DCD - SCD - CPR)
    Destination Clock Delay (DCD):    2.012ns
    Source Clock Delay      (SCD):    1.496ns
    Clock Pessimism Removal (CPR):    0.252ns

    Location             Delay type                Incr(ns)  Path(ns)    Netlist Resource(s)
  -------------------------------------------------------------------    -------------------
                         (clock sys_clk rise edge)    0.000     0.000 r  
    Y9                                                0.000     0.000 r  clock (IN)
                         net (fo=0)                   0.000     0.000    clock
    Y9                   IBUF (Prop_ibuf_I_O)         0.258     0.258 r  clock_IBUF_inst/O
                         net (fo=1, routed)           0.663     0.921    clock_IBUF
    BUFGCTRL_X0Y0        BUFG (Prop_bufg_I_O)         0.026     0.947 r  clock_IBUF_BUFG_inst/O
                         net (fo=23041, routed)       0.549     1.496    scd_estimator_inst/pm_first_stage_wrap_inst/np_point_fft/U0/i_synth/axi_wrapper/data_in_channel_fifo/aclk
    SLICE_X52Y66         FDRE                                         r  scd_estimator_inst/pm_first_stage_wrap_inst/np_point_fft/U0/i_synth/axi_wrapper/data_in_channel_fifo/gen_non_real_time.gen_has_skid_buffer.data_out_2_reg[31]/C
  -------------------------------------------------------------------    -------------------
    SLICE_X52Y66         FDRE (Prop_fdre_C_Q)         0.128     1.624 r  scd_estimator_inst/pm_first_stage_wrap_inst/np_point_fft/U0/i_synth/axi_wrapper/data_in_channel_fifo/gen_non_real_time.gen_has_skid_buffer.data_out_2_reg[31]/Q
                         net (fo=1, routed)           0.223     1.847    scd_estimator_inst/pm_first_stage_wrap_inst/np_point_fft/U0/i_synth/xfft_inst/non_floating_point.arch_d.xfft_inst/input_delay_im/no_sclr_lut.real_shift_ram.use_baseblock.use_hlutnm_srls.srl_loop[7].i_srl16e1_0[14]
    SLICE_X46Y67         SRL16E                                       r  scd_estimator_inst/pm_first_stage_wrap_inst/np_point_fft/U0/i_synth/xfft_inst/non_floating_point.arch_d.xfft_inst/input_delay_im/no_sclr_lut.real_shift_ram.use_baseblock.use_hlutnm_srls.srl_loop[7].i_srl16e0/D
  -------------------------------------------------------------------    -------------------

                         (clock sys_clk rise edge)    0.000     0.000 r  
    Y9                                                0.000     0.000 r  clock (IN)
                         net (fo=0)                   0.000     0.000    clock
    Y9                   IBUF (Prop_ibuf_I_O)         0.446     0.446 r  clock_IBUF_inst/O
                         net (fo=1, routed)           0.719     1.165    clock_IBUF
    BUFGCTRL_X0Y0        BUFG (Prop_bufg_I_O)         0.029     1.194 r  clock_IBUF_BUFG_inst/O
                         net (fo=23041, routed)       0.818     2.012    scd_estimator_inst/pm_first_stage_wrap_inst/np_point_fft/U0/i_synth/xfft_inst/non_floating_point.arch_d.xfft_inst/input_delay_im/aclk
    SLICE_X46Y67         SRL16E                                       r  scd_estimator_inst/pm_first_stage_wrap_inst/np_point_fft/U0/i_synth/xfft_inst/non_floating_point.arch_d.xfft_inst/input_delay_im/no_sclr_lut.real_shift_ram.use_baseblock.use_hlutnm_srls.srl_loop[7].i_srl16e0/CLK
                         clock pessimism             -0.252     1.760    
    SLICE_X46Y67         SRL16E (Hold_srl16e_CLK_D)
                                                      0.062     1.822    scd_estimator_inst/pm_first_stage_wrap_inst/np_point_fft/U0/i_synth/xfft_inst/non_floating_point.arch_d.xfft_inst/input_delay_im/no_sclr_lut.real_shift_ram.use_baseblock.use_hlutnm_srls.srl_loop[7].i_srl16e0
  -------------------------------------------------------------------
                         required time                         -1.822    
                         arrival time                           1.847    
  -------------------------------------------------------------------
                         slack                                  0.025    

Slack (MET) :             0.025ns  (arrival time - required time)
  Source:                 scd_estimator_inst/pm_second_stage_wrap_inst/p_point_fft/U0/i_synth/xfft_inst/non_floating_point.arch_d.xfft_inst/pe_gen[0].natural_order_input.PE/FB_1.BF_1/mem_mux_and_reg_upper_im/slicel_slicem_implementation.mux/use_lut6_2.latency1.Q_reg[31]/C
                            (rising edge-triggered cell FDRE clocked by sys_clk  {rise@0.000ns fall@12.500ns period=25.000ns})
  Destination:            scd_estimator_inst/pm_second_stage_wrap_inst/p_point_fft/U0/i_synth/xfft_inst/non_floating_point.arch_d.xfft_inst/pe_gen[0].natural_order_input.PE/FB_1.BF_1/MEM/dist_ram.srlram.ram/var_length.shift_ram/i_bb_inst/lls_area.depth_gt_1_srl.srl_sig_reg[63][31]_srl32/D
                            (rising edge-triggered cell SRLC32E clocked by sys_clk  {rise@0.000ns fall@12.500ns period=25.000ns})
  Path Group:             sys_clk
  Path Type:              Hold (Min at Fast Process Corner)
  Requirement:            0.000ns  (sys_clk rise@0.000ns - sys_clk rise@0.000ns)
  Data Path Delay:        0.348ns  (logic 0.128ns (36.817%)  route 0.220ns (63.183%))
  Logic Levels:           0  
  Clock Path Skew:        0.260ns (DCD - SCD - CPR)
    Destination Clock Delay (DCD):    2.018ns
    Source Clock Delay      (SCD):    1.506ns
    Clock Pessimism Removal (CPR):    0.252ns

    Location             Delay type                Incr(ns)  Path(ns)    Netlist Resource(s)
  -------------------------------------------------------------------    -------------------
                         (clock sys_clk rise edge)    0.000     0.000 r  
    Y9                                                0.000     0.000 r  clock (IN)
                         net (fo=0)                   0.000     0.000    clock
    Y9                   IBUF (Prop_ibuf_I_O)         0.258     0.258 r  clock_IBUF_inst/O
                         net (fo=1, routed)           0.663     0.921    clock_IBUF
    BUFGCTRL_X0Y0        BUFG (Prop_bufg_I_O)         0.026     0.947 r  clock_IBUF_BUFG_inst/O
                         net (fo=23041, routed)       0.559     1.506    scd_estimator_inst/pm_second_stage_wrap_inst/p_point_fft/U0/i_synth/xfft_inst/non_floating_point.arch_d.xfft_inst/pe_gen[0].natural_order_input.PE/FB_1.BF_1/mem_mux_and_reg_upper_im/slicel_slicem_implementation.mux/aclk
    SLICE_X49Y46         FDRE                                         r  scd_estimator_inst/pm_second_stage_wrap_inst/p_point_fft/U0/i_synth/xfft_inst/non_floating_point.arch_d.xfft_inst/pe_gen[0].natural_order_input.PE/FB_1.BF_1/mem_mux_and_reg_upper_im/slicel_slicem_implementation.mux/use_lut6_2.latency1.Q_reg[31]/C
  -------------------------------------------------------------------    -------------------
    SLICE_X49Y46         FDRE (Prop_fdre_C_Q)         0.128     1.634 r  scd_estimator_inst/pm_second_stage_wrap_inst/p_point_fft/U0/i_synth/xfft_inst/non_floating_point.arch_d.xfft_inst/pe_gen[0].natural_order_input.PE/FB_1.BF_1/mem_mux_and_reg_upper_im/slicel_slicem_implementation.mux/use_lut6_2.latency1.Q_reg[31]/Q
                         net (fo=1, routed)           0.220     1.854    scd_estimator_inst/pm_second_stage_wrap_inst/p_point_fft/U0/i_synth/xfft_inst/non_floating_point.arch_d.xfft_inst/pe_gen[0].natural_order_input.PE/FB_1.BF_1/MEM/dist_ram.srlram.ram/var_length.shift_ram/i_bb_inst/d[31]
    SLICE_X50Y48         SRLC32E                                      r  scd_estimator_inst/pm_second_stage_wrap_inst/p_point_fft/U0/i_synth/xfft_inst/non_floating_point.arch_d.xfft_inst/pe_gen[0].natural_order_input.PE/FB_1.BF_1/MEM/dist_ram.srlram.ram/var_length.shift_ram/i_bb_inst/lls_area.depth_gt_1_srl.srl_sig_reg[63][31]_srl32/D
  -------------------------------------------------------------------    -------------------

                         (clock sys_clk rise edge)    0.000     0.000 r  
    Y9                                                0.000     0.000 r  clock (IN)
                         net (fo=0)                   0.000     0.000    clock
    Y9                   IBUF (Prop_ibuf_I_O)         0.446     0.446 r  clock_IBUF_inst/O
                         net (fo=1, routed)           0.719     1.165    clock_IBUF
    BUFGCTRL_X0Y0        BUFG (Prop_bufg_I_O)         0.029     1.194 r  clock_IBUF_BUFG_inst/O
                         net (fo=23041, routed)       0.824     2.018    scd_estimator_inst/pm_second_stage_wrap_inst/p_point_fft/U0/i_synth/xfft_inst/non_floating_point.arch_d.xfft_inst/pe_gen[0].natural_order_input.PE/FB_1.BF_1/MEM/dist_ram.srlram.ram/var_length.shift_ram/i_bb_inst/clk
    SLICE_X50Y48         SRLC32E                                      r  scd_estimator_inst/pm_second_stage_wrap_inst/p_point_fft/U0/i_synth/xfft_inst/non_floating_point.arch_d.xfft_inst/pe_gen[0].natural_order_input.PE/FB_1.BF_1/MEM/dist_ram.srlram.ram/var_length.shift_ram/i_bb_inst/lls_area.depth_gt_1_srl.srl_sig_reg[63][31]_srl32/CLK
                         clock pessimism             -0.252     1.766    
    SLICE_X50Y48         SRLC32E (Hold_srlc32e_CLK_D)
                                                      0.062     1.828    scd_estimator_inst/pm_second_stage_wrap_inst/p_point_fft/U0/i_synth/xfft_inst/non_floating_point.arch_d.xfft_inst/pe_gen[0].natural_order_input.PE/FB_1.BF_1/MEM/dist_ram.srlram.ram/var_length.shift_ram/i_bb_inst/lls_area.depth_gt_1_srl.srl_sig_reg[63][31]_srl32
  -------------------------------------------------------------------
                         required time                         -1.828    
                         arrival time                           1.854    
  -------------------------------------------------------------------
                         slack                                  0.025    

Slack (MET) :             0.031ns  (arrival time - required time)
  Source:                 scd_estimator_inst/pm_second_stage_wrap_inst/second_stage_fsmd_inst/r_fft2_data_in_reg_reg[53]/C
                            (rising edge-triggered cell FDRE clocked by sys_clk  {rise@0.000ns fall@12.500ns period=25.000ns})
  Destination:            scd_estimator_inst/pm_second_stage_wrap_inst/p_point_fft/U0/i_synth/axi_wrapper/data_in_channel_fifo/gen_non_real_time.data_in_fifo_pt1/fifo_wr_data_1_reg[54]/D
                            (rising edge-triggered cell FDRE clocked by sys_clk  {rise@0.000ns fall@12.500ns period=25.000ns})
  Path Group:             sys_clk
  Path Type:              Hold (Min at Fast Process Corner)
  Requirement:            0.000ns  (sys_clk rise@0.000ns - sys_clk rise@0.000ns)
  Data Path Delay:        0.353ns  (logic 0.164ns (46.424%)  route 0.189ns (53.576%))
  Logic Levels:           0  
  Clock Path Skew:        0.256ns (DCD - SCD - CPR)
    Destination Clock Delay (DCD):    2.006ns
    Source Clock Delay      (SCD):    1.498ns
    Clock Pessimism Removal (CPR):    0.252ns

    Location             Delay type                Incr(ns)  Path(ns)    Netlist Resource(s)
  -------------------------------------------------------------------    -------------------
                         (clock sys_clk rise edge)    0.000     0.000 r  
    Y9                                                0.000     0.000 r  clock (IN)
                         net (fo=0)                   0.000     0.000    clock
    Y9                   IBUF (Prop_ibuf_I_O)         0.258     0.258 r  clock_IBUF_inst/O
                         net (fo=1, routed)           0.663     0.921    clock_IBUF
    BUFGCTRL_X0Y0        BUFG (Prop_bufg_I_O)         0.026     0.947 r  clock_IBUF_BUFG_inst/O
                         net (fo=23041, routed)       0.551     1.498    scd_estimator_inst/pm_second_stage_wrap_inst/second_stage_fsmd_inst/clock_IBUF_BUFG
    SLICE_X42Y29         FDRE                                         r  scd_estimator_inst/pm_second_stage_wrap_inst/second_stage_fsmd_inst/r_fft2_data_in_reg_reg[53]/C
  -------------------------------------------------------------------    -------------------
    SLICE_X42Y29         FDRE (Prop_fdre_C_Q)         0.164     1.662 r  scd_estimator_inst/pm_second_stage_wrap_inst/second_stage_fsmd_inst/r_fft2_data_in_reg_reg[53]/Q
                         net (fo=1, routed)           0.189     1.851    scd_estimator_inst/pm_second_stage_wrap_inst/p_point_fft/U0/i_synth/axi_wrapper/data_in_channel_fifo/gen_non_real_time.data_in_fifo_pt1/fifo_wr_data_1_reg[64]_0[54]
    SLICE_X52Y29         FDRE                                         r  scd_estimator_inst/pm_second_stage_wrap_inst/p_point_fft/U0/i_synth/axi_wrapper/data_in_channel_fifo/gen_non_real_time.data_in_fifo_pt1/fifo_wr_data_1_reg[54]/D
  -------------------------------------------------------------------    -------------------

                         (clock sys_clk rise edge)    0.000     0.000 r  
    Y9                                                0.000     0.000 r  clock (IN)
                         net (fo=0)                   0.000     0.000    clock
    Y9                   IBUF (Prop_ibuf_I_O)         0.446     0.446 r  clock_IBUF_inst/O
                         net (fo=1, routed)           0.719     1.165    clock_IBUF
    BUFGCTRL_X0Y0        BUFG (Prop_bufg_I_O)         0.029     1.194 r  clock_IBUF_BUFG_inst/O
                         net (fo=23041, routed)       0.812     2.006    scd_estimator_inst/pm_second_stage_wrap_inst/p_point_fft/U0/i_synth/axi_wrapper/data_in_channel_fifo/gen_non_real_time.data_in_fifo_pt1/aclk
    SLICE_X52Y29         FDRE                                         r  scd_estimator_inst/pm_second_stage_wrap_inst/p_point_fft/U0/i_synth/axi_wrapper/data_in_channel_fifo/gen_non_real_time.data_in_fifo_pt1/fifo_wr_data_1_reg[54]/C
                         clock pessimism             -0.252     1.754    
    SLICE_X52Y29         FDRE (Hold_fdre_C_D)         0.066     1.820    scd_estimator_inst/pm_second_stage_wrap_inst/p_point_fft/U0/i_synth/axi_wrapper/data_in_channel_fifo/gen_non_real_time.data_in_fifo_pt1/fifo_wr_data_1_reg[54]
  -------------------------------------------------------------------
                         required time                         -1.820    
                         arrival time                           1.851    
  -------------------------------------------------------------------
                         slack                                  0.031    

Slack (MET) :             0.036ns  (arrival time - required time)
  Source:                 scd_estimator_inst/pm_first_stage_wrap_inst/np_point_fft/U0/i_synth/xfft_inst/non_floating_point.arch_d.xfft_inst/pe_gen[0].natural_order_input.PE/FW_1.BF_1/mux_in_A/use_lut6_2.latency1.Q_reg[5]/C
                            (rising edge-triggered cell FDRE clocked by sys_clk  {rise@0.000ns fall@12.500ns period=25.000ns})
  Destination:            scd_estimator_inst/pm_first_stage_wrap_inst/np_point_fft/U0/i_synth/xfft_inst/non_floating_point.arch_d.xfft_inst/pe_gen[0].natural_order_input.PE/FW_1.BF_1/in_commutator_A/no_sclr_lut.real_shift_ram.use_baseblock.use_hlutnm_srls.srl_loop[2].i_srl16e1/D
                            (rising edge-triggered cell SRL16E clocked by sys_clk  {rise@0.000ns fall@12.500ns period=25.000ns})
  Path Group:             sys_clk
  Path Type:              Hold (Min at Fast Process Corner)
  Requirement:            0.000ns  (sys_clk rise@0.000ns - sys_clk rise@0.000ns)
  Data Path Delay:        0.343ns  (logic 0.128ns (37.270%)  route 0.215ns (62.730%))
  Logic Levels:           0  
  Clock Path Skew:        0.259ns (DCD - SCD - CPR)
    Destination Clock Delay (DCD):    2.015ns
    Source Clock Delay      (SCD):    1.504ns
    Clock Pessimism Removal (CPR):    0.252ns

    Location             Delay type                Incr(ns)  Path(ns)    Netlist Resource(s)
  -------------------------------------------------------------------    -------------------
                         (clock sys_clk rise edge)    0.000     0.000 r  
    Y9                                                0.000     0.000 r  clock (IN)
                         net (fo=0)                   0.000     0.000    clock
    Y9                   IBUF (Prop_ibuf_I_O)         0.258     0.258 r  clock_IBUF_inst/O
                         net (fo=1, routed)           0.663     0.921    clock_IBUF
    BUFGCTRL_X0Y0        BUFG (Prop_bufg_I_O)         0.026     0.947 r  clock_IBUF_BUFG_inst/O
                         net (fo=23041, routed)       0.557     1.504    scd_estimator_inst/pm_first_stage_wrap_inst/np_point_fft/U0/i_synth/xfft_inst/non_floating_point.arch_d.xfft_inst/pe_gen[0].natural_order_input.PE/FW_1.BF_1/mux_in_A/aclk
    SLICE_X47Y59         FDRE                                         r  scd_estimator_inst/pm_first_stage_wrap_inst/np_point_fft/U0/i_synth/xfft_inst/non_floating_point.arch_d.xfft_inst/pe_gen[0].natural_order_input.PE/FW_1.BF_1/mux_in_A/use_lut6_2.latency1.Q_reg[5]/C
  -------------------------------------------------------------------    -------------------
    SLICE_X47Y59         FDRE (Prop_fdre_C_Q)         0.128     1.632 r  scd_estimator_inst/pm_first_stage_wrap_inst/np_point_fft/U0/i_synth/xfft_inst/non_floating_point.arch_d.xfft_inst/pe_gen[0].natural_order_input.PE/FW_1.BF_1/mux_in_A/use_lut6_2.latency1.Q_reg[5]/Q
                         net (fo=1, routed)           0.215     1.847    scd_estimator_inst/pm_first_stage_wrap_inst/np_point_fft/U0/i_synth/xfft_inst/non_floating_point.arch_d.xfft_inst/pe_gen[0].natural_order_input.PE/FW_1.BF_1/in_commutator_A/D[5]
    SLICE_X50Y58         SRL16E                                       r  scd_estimator_inst/pm_first_stage_wrap_inst/np_point_fft/U0/i_synth/xfft_inst/non_floating_point.arch_d.xfft_inst/pe_gen[0].natural_order_input.PE/FW_1.BF_1/in_commutator_A/no_sclr_lut.real_shift_ram.use_baseblock.use_hlutnm_srls.srl_loop[2].i_srl16e1/D
  -------------------------------------------------------------------    -------------------

                         (clock sys_clk rise edge)    0.000     0.000 r  
    Y9                                                0.000     0.000 r  clock (IN)
                         net (fo=0)                   0.000     0.000    clock
    Y9                   IBUF (Prop_ibuf_I_O)         0.446     0.446 r  clock_IBUF_inst/O
                         net (fo=1, routed)           0.719     1.165    clock_IBUF
    BUFGCTRL_X0Y0        BUFG (Prop_bufg_I_O)         0.029     1.194 r  clock_IBUF_BUFG_inst/O
                         net (fo=23041, routed)       0.821     2.015    scd_estimator_inst/pm_first_stage_wrap_inst/np_point_fft/U0/i_synth/xfft_inst/non_floating_point.arch_d.xfft_inst/pe_gen[0].natural_order_input.PE/FW_1.BF_1/in_commutator_A/aclk
    SLICE_X50Y58         SRL16E                                       r  scd_estimator_inst/pm_first_stage_wrap_inst/np_point_fft/U0/i_synth/xfft_inst/non_floating_point.arch_d.xfft_inst/pe_gen[0].natural_order_input.PE/FW_1.BF_1/in_commutator_A/no_sclr_lut.real_shift_ram.use_baseblock.use_hlutnm_srls.srl_loop[2].i_srl16e1/CLK
                         clock pessimism             -0.252     1.763    
    SLICE_X50Y58         SRL16E (Hold_srl16e_CLK_D)
                                                      0.048     1.811    scd_estimator_inst/pm_first_stage_wrap_inst/np_point_fft/U0/i_synth/xfft_inst/non_floating_point.arch_d.xfft_inst/pe_gen[0].natural_order_input.PE/FW_1.BF_1/in_commutator_A/no_sclr_lut.real_shift_ram.use_baseblock.use_hlutnm_srls.srl_loop[2].i_srl16e1
  -------------------------------------------------------------------
                         required time                         -1.811    
                         arrival time                           1.847    
  -------------------------------------------------------------------
                         slack                                  0.036    

Slack (MET) :             0.036ns  (arrival time - required time)
  Source:                 scd_estimator_inst/pm_second_stage_wrap_inst/second_stage_fsmd_inst/r_ram_data_in_reg_reg[0][15]/C
                            (rising edge-triggered cell FDRE clocked by sys_clk  {rise@0.000ns fall@12.500ns period=25.000ns})
  Destination:            scd_estimator_inst/pm_second_stage_wrap_inst/new_ram_test/genblk1[0].mem_reg[0][97]/DIADI[15]
                            (rising edge-triggered cell RAMB18E1 clocked by sys_clk  {rise@0.000ns fall@12.500ns period=25.000ns})
  Path Group:             sys_clk
  Path Type:              Hold (Min at Fast Process Corner)
  Requirement:            0.000ns  (sys_clk rise@0.000ns - sys_clk rise@0.000ns)
  Data Path Delay:        0.249ns  (logic 0.141ns (56.669%)  route 0.108ns (43.331%))
  Logic Levels:           0  
  Clock Path Skew:        0.057ns (DCD - SCD - CPR)
    Destination Clock Delay (DCD):    2.093ns
    Source Clock Delay      (SCD):    1.535ns
    Clock Pessimism Removal (CPR):    0.500ns

    Location             Delay type                Incr(ns)  Path(ns)    Netlist Resource(s)
  -------------------------------------------------------------------    -------------------
                         (clock sys_clk rise edge)    0.000     0.000 r  
    Y9                                                0.000     0.000 r  clock (IN)
                         net (fo=0)                   0.000     0.000    clock
    Y9                   IBUF (Prop_ibuf_I_O)         0.258     0.258 r  clock_IBUF_inst/O
                         net (fo=1, routed)           0.663     0.921    clock_IBUF
    BUFGCTRL_X0Y0        BUFG (Prop_bufg_I_O)         0.026     0.947 r  clock_IBUF_BUFG_inst/O
                         net (fo=23041, routed)       0.588     1.535    scd_estimator_inst/pm_second_stage_wrap_inst/second_stage_fsmd_inst/clock_IBUF_BUFG
    SLICE_X9Y17          FDRE                                         r  scd_estimator_inst/pm_second_stage_wrap_inst/second_stage_fsmd_inst/r_ram_data_in_reg_reg[0][15]/C
  -------------------------------------------------------------------    -------------------
    SLICE_X9Y17          FDRE (Prop_fdre_C_Q)         0.141     1.676 r  scd_estimator_inst/pm_second_stage_wrap_inst/second_stage_fsmd_inst/r_ram_data_in_reg_reg[0][15]/Q
                         net (fo=1, routed)           0.108     1.784    scd_estimator_inst/pm_second_stage_wrap_inst/new_ram_test/genblk1[0].mem_reg[0][97]_1[15]
    RAMB18_X0Y6          RAMB18E1                                     r  scd_estimator_inst/pm_second_stage_wrap_inst/new_ram_test/genblk1[0].mem_reg[0][97]/DIADI[15]
  -------------------------------------------------------------------    -------------------

                         (clock sys_clk rise edge)    0.000     0.000 r  
    Y9                                                0.000     0.000 r  clock (IN)
                         net (fo=0)                   0.000     0.000    clock
    Y9                   IBUF (Prop_ibuf_I_O)         0.446     0.446 r  clock_IBUF_inst/O
                         net (fo=1, routed)           0.719     1.165    clock_IBUF
    BUFGCTRL_X0Y0        BUFG (Prop_bufg_I_O)         0.029     1.194 r  clock_IBUF_BUFG_inst/O
                         net (fo=23041, routed)       0.898     2.093    scd_estimator_inst/pm_second_stage_wrap_inst/new_ram_test/clock_IBUF_BUFG
    RAMB18_X0Y6          RAMB18E1                                     r  scd_estimator_inst/pm_second_stage_wrap_inst/new_ram_test/genblk1[0].mem_reg[0][97]/CLKBWRCLK
                         clock pessimism             -0.500     1.592    
    RAMB18_X0Y6          RAMB18E1 (Hold_ramb18e1_CLKBWRCLK_DIADI[15])
                                                      0.155     1.747    scd_estimator_inst/pm_second_stage_wrap_inst/new_ram_test/genblk1[0].mem_reg[0][97]
  -------------------------------------------------------------------
                         required time                         -1.747    
                         arrival time                           1.784    
  -------------------------------------------------------------------
                         slack                                  0.036    

Slack (MET) :             0.037ns  (arrival time - required time)
  Source:                 scd_estimator_inst/pm_second_stage_wrap_inst/second_stage_fsmd_inst/r_ram_data_in_reg_reg[0][20]/C
                            (rising edge-triggered cell FDRE clocked by sys_clk  {rise@0.000ns fall@12.500ns period=25.000ns})
  Destination:            scd_estimator_inst/pm_second_stage_wrap_inst/new_ram_test/genblk1[0].mem_reg[0][97]/DIBDI[4]
                            (rising edge-triggered cell RAMB18E1 clocked by sys_clk  {rise@0.000ns fall@12.500ns period=25.000ns})
  Path Group:             sys_clk
  Path Type:              Hold (Min at Fast Process Corner)
  Requirement:            0.000ns  (sys_clk rise@0.000ns - sys_clk rise@0.000ns)
  Data Path Delay:        0.247ns  (logic 0.141ns (57.072%)  route 0.106ns (42.928%))
  Logic Levels:           0  
  Clock Path Skew:        0.055ns (DCD - SCD - CPR)
    Destination Clock Delay (DCD):    2.093ns
    Source Clock Delay      (SCD):    1.537ns
    Clock Pessimism Removal (CPR):    0.500ns

    Location             Delay type                Incr(ns)  Path(ns)    Netlist Resource(s)
  -------------------------------------------------------------------    -------------------
                         (clock sys_clk rise edge)    0.000     0.000 r  
    Y9                                                0.000     0.000 r  clock (IN)
                         net (fo=0)                   0.000     0.000    clock
    Y9                   IBUF (Prop_ibuf_I_O)         0.258     0.258 r  clock_IBUF_inst/O
                         net (fo=1, routed)           0.663     0.921    clock_IBUF
    BUFGCTRL_X0Y0        BUFG (Prop_bufg_I_O)         0.026     0.947 r  clock_IBUF_BUFG_inst/O
                         net (fo=23041, routed)       0.590     1.537    scd_estimator_inst/pm_second_stage_wrap_inst/second_stage_fsmd_inst/clock_IBUF_BUFG
    SLICE_X9Y15          FDRE                                         r  scd_estimator_inst/pm_second_stage_wrap_inst/second_stage_fsmd_inst/r_ram_data_in_reg_reg[0][20]/C
  -------------------------------------------------------------------    -------------------
    SLICE_X9Y15          FDRE (Prop_fdre_C_Q)         0.141     1.678 r  scd_estimator_inst/pm_second_stage_wrap_inst/second_stage_fsmd_inst/r_ram_data_in_reg_reg[0][20]/Q
                         net (fo=1, routed)           0.106     1.784    scd_estimator_inst/pm_second_stage_wrap_inst/new_ram_test/genblk1[0].mem_reg[0][97]_1[20]
    RAMB18_X0Y6          RAMB18E1                                     r  scd_estimator_inst/pm_second_stage_wrap_inst/new_ram_test/genblk1[0].mem_reg[0][97]/DIBDI[4]
  -------------------------------------------------------------------    -------------------

                         (clock sys_clk rise edge)    0.000     0.000 r  
    Y9                                                0.000     0.000 r  clock (IN)
                         net (fo=0)                   0.000     0.000    clock
    Y9                   IBUF (Prop_ibuf_I_O)         0.446     0.446 r  clock_IBUF_inst/O
                         net (fo=1, routed)           0.719     1.165    clock_IBUF
    BUFGCTRL_X0Y0        BUFG (Prop_bufg_I_O)         0.029     1.194 r  clock_IBUF_BUFG_inst/O
                         net (fo=23041, routed)       0.898     2.093    scd_estimator_inst/pm_second_stage_wrap_inst/new_ram_test/clock_IBUF_BUFG
    RAMB18_X0Y6          RAMB18E1                                     r  scd_estimator_inst/pm_second_stage_wrap_inst/new_ram_test/genblk1[0].mem_reg[0][97]/CLKBWRCLK
                         clock pessimism             -0.500     1.592    
    RAMB18_X0Y6          RAMB18E1 (Hold_ramb18e1_CLKBWRCLK_DIBDI[4])
                                                      0.155     1.747    scd_estimator_inst/pm_second_stage_wrap_inst/new_ram_test/genblk1[0].mem_reg[0][97]
  -------------------------------------------------------------------
                         required time                         -1.747    
                         arrival time                           1.784    
  -------------------------------------------------------------------
                         slack                                  0.037    

Slack (MET) :             0.037ns  (arrival time - required time)
  Source:                 scd_estimator_inst/pm_first_stage_wrap_inst/input_window_real/r_product_reg[20][10]/C
                            (rising edge-triggered cell FDRE clocked by sys_clk  {rise@0.000ns fall@12.500ns period=25.000ns})
  Destination:            scd_estimator_inst/pm_first_stage_wrap_inst/real_ram/genblk1[20].mem_reg[20][97]/DIADI[10]
                            (rising edge-triggered cell RAMB18E1 clocked by sys_clk  {rise@0.000ns fall@12.500ns period=25.000ns})
  Path Group:             sys_clk
  Path Type:              Hold (Min at Fast Process Corner)
  Requirement:            0.000ns  (sys_clk rise@0.000ns - sys_clk rise@0.000ns)
  Data Path Delay:        0.266ns  (logic 0.141ns (52.997%)  route 0.125ns (47.003%))
  Logic Levels:           0  
  Clock Path Skew:        0.074ns (DCD - SCD - CPR)
    Destination Clock Delay (DCD):    2.065ns
    Source Clock Delay      (SCD):    1.510ns
    Clock Pessimism Removal (CPR):    0.480ns

    Location             Delay type                Incr(ns)  Path(ns)    Netlist Resource(s)
  -------------------------------------------------------------------    -------------------
                         (clock sys_clk rise edge)    0.000     0.000 r  
    Y9                                                0.000     0.000 r  clock (IN)
                         net (fo=0)                   0.000     0.000    clock
    Y9                   IBUF (Prop_ibuf_I_O)         0.258     0.258 r  clock_IBUF_inst/O
                         net (fo=1, routed)           0.663     0.921    clock_IBUF
    BUFGCTRL_X0Y0        BUFG (Prop_bufg_I_O)         0.026     0.947 r  clock_IBUF_BUFG_inst/O
                         net (fo=23041, routed)       0.563     1.510    scd_estimator_inst/pm_first_stage_wrap_inst/input_window_real/clock_IBUF_BUFG
    SLICE_X35Y48         FDRE                                         r  scd_estimator_inst/pm_first_stage_wrap_inst/input_window_real/r_product_reg[20][10]/C
  -------------------------------------------------------------------    -------------------
    SLICE_X35Y48         FDRE (Prop_fdre_C_Q)         0.141     1.651 r  scd_estimator_inst/pm_first_stage_wrap_inst/input_window_real/r_product_reg[20][10]/Q
                         net (fo=1, routed)           0.125     1.776    scd_estimator_inst/pm_first_stage_wrap_inst/real_ram/wr_col_data[20][10]
    RAMB18_X2Y19         RAMB18E1                                     r  scd_estimator_inst/pm_first_stage_wrap_inst/real_ram/genblk1[20].mem_reg[20][97]/DIADI[10]
  -------------------------------------------------------------------    -------------------

                         (clock sys_clk rise edge)    0.000     0.000 r  
    Y9                                                0.000     0.000 r  clock (IN)
                         net (fo=0)                   0.000     0.000    clock
    Y9                   IBUF (Prop_ibuf_I_O)         0.446     0.446 r  clock_IBUF_inst/O
                         net (fo=1, routed)           0.719     1.165    clock_IBUF
    BUFGCTRL_X0Y0        BUFG (Prop_bufg_I_O)         0.029     1.194 r  clock_IBUF_BUFG_inst/O
                         net (fo=23041, routed)       0.870     2.065    scd_estimator_inst/pm_first_stage_wrap_inst/real_ram/clock_IBUF_BUFG
    RAMB18_X2Y19         RAMB18E1                                     r  scd_estimator_inst/pm_first_stage_wrap_inst/real_ram/genblk1[20].mem_reg[20][97]/CLKBWRCLK
                         clock pessimism             -0.480     1.584    
    RAMB18_X2Y19         RAMB18E1 (Hold_ramb18e1_CLKBWRCLK_DIADI[10])
                                                      0.155     1.739    scd_estimator_inst/pm_first_stage_wrap_inst/real_ram/genblk1[20].mem_reg[20][97]
  -------------------------------------------------------------------
                         required time                         -1.739    
                         arrival time                           1.776    
  -------------------------------------------------------------------
                         slack                                  0.037    

Slack (MET) :             0.037ns  (arrival time - required time)
  Source:                 scd_estimator_inst/pm_first_stage_wrap_inst/input_window_real/r_product_reg[20][11]/C
                            (rising edge-triggered cell FDRE clocked by sys_clk  {rise@0.000ns fall@12.500ns period=25.000ns})
  Destination:            scd_estimator_inst/pm_first_stage_wrap_inst/real_ram/genblk1[20].mem_reg[20][97]/DIADI[11]
                            (rising edge-triggered cell RAMB18E1 clocked by sys_clk  {rise@0.000ns fall@12.500ns period=25.000ns})
  Path Group:             sys_clk
  Path Type:              Hold (Min at Fast Process Corner)
  Requirement:            0.000ns  (sys_clk rise@0.000ns - sys_clk rise@0.000ns)
  Data Path Delay:        0.266ns  (logic 0.141ns (52.997%)  route 0.125ns (47.003%))
  Logic Levels:           0  
  Clock Path Skew:        0.074ns (DCD - SCD - CPR)
    Destination Clock Delay (DCD):    2.065ns
    Source Clock Delay      (SCD):    1.510ns
    Clock Pessimism Removal (CPR):    0.480ns

    Location             Delay type                Incr(ns)  Path(ns)    Netlist Resource(s)
  -------------------------------------------------------------------    -------------------
                         (clock sys_clk rise edge)    0.000     0.000 r  
    Y9                                                0.000     0.000 r  clock (IN)
                         net (fo=0)                   0.000     0.000    clock
    Y9                   IBUF (Prop_ibuf_I_O)         0.258     0.258 r  clock_IBUF_inst/O
                         net (fo=1, routed)           0.663     0.921    clock_IBUF
    BUFGCTRL_X0Y0        BUFG (Prop_bufg_I_O)         0.026     0.947 r  clock_IBUF_BUFG_inst/O
                         net (fo=23041, routed)       0.563     1.510    scd_estimator_inst/pm_first_stage_wrap_inst/input_window_real/clock_IBUF_BUFG
    SLICE_X35Y48         FDRE                                         r  scd_estimator_inst/pm_first_stage_wrap_inst/input_window_real/r_product_reg[20][11]/C
  -------------------------------------------------------------------    -------------------
    SLICE_X35Y48         FDRE (Prop_fdre_C_Q)         0.141     1.651 r  scd_estimator_inst/pm_first_stage_wrap_inst/input_window_real/r_product_reg[20][11]/Q
                         net (fo=1, routed)           0.125     1.776    scd_estimator_inst/pm_first_stage_wrap_inst/real_ram/wr_col_data[20][11]
    RAMB18_X2Y19         RAMB18E1                                     r  scd_estimator_inst/pm_first_stage_wrap_inst/real_ram/genblk1[20].mem_reg[20][97]/DIADI[11]
  -------------------------------------------------------------------    -------------------

                         (clock sys_clk rise edge)    0.000     0.000 r  
    Y9                                                0.000     0.000 r  clock (IN)
                         net (fo=0)                   0.000     0.000    clock
    Y9                   IBUF (Prop_ibuf_I_O)         0.446     0.446 r  clock_IBUF_inst/O
                         net (fo=1, routed)           0.719     1.165    clock_IBUF
    BUFGCTRL_X0Y0        BUFG (Prop_bufg_I_O)         0.029     1.194 r  clock_IBUF_BUFG_inst/O
                         net (fo=23041, routed)       0.870     2.065    scd_estimator_inst/pm_first_stage_wrap_inst/real_ram/clock_IBUF_BUFG
    RAMB18_X2Y19         RAMB18E1                                     r  scd_estimator_inst/pm_first_stage_wrap_inst/real_ram/genblk1[20].mem_reg[20][97]/CLKBWRCLK
                         clock pessimism             -0.480     1.584    
    RAMB18_X2Y19         RAMB18E1 (Hold_ramb18e1_CLKBWRCLK_DIADI[11])
                                                      0.155     1.739    scd_estimator_inst/pm_first_stage_wrap_inst/real_ram/genblk1[20].mem_reg[20][97]
  -------------------------------------------------------------------
                         required time                         -1.739    
                         arrival time                           1.776    
  -------------------------------------------------------------------
                         slack                                  0.037    

Slack (MET) :             0.038ns  (arrival time - required time)
  Source:                 scd_estimator_inst/pm_first_stage_wrap_inst/input_window_imag/r_product_reg[31][5]/C
                            (rising edge-triggered cell FDRE clocked by sys_clk  {rise@0.000ns fall@12.500ns period=25.000ns})
  Destination:            scd_estimator_inst/pm_first_stage_wrap_inst/real_ram/genblk1[31].mem_reg[31][97]/DIBDI[5]
                            (rising edge-triggered cell RAMB18E1 clocked by sys_clk  {rise@0.000ns fall@12.500ns period=25.000ns})
  Path Group:             sys_clk
  Path Type:              Hold (Min at Fast Process Corner)
  Requirement:            0.000ns  (sys_clk rise@0.000ns - sys_clk rise@0.000ns)
  Data Path Delay:        0.249ns  (logic 0.141ns (56.614%)  route 0.108ns (43.386%))
  Logic Levels:           0  
  Clock Path Skew:        0.056ns (DCD - SCD - CPR)
    Destination Clock Delay (DCD):    2.070ns
    Source Clock Delay      (SCD):    1.514ns
    Clock Pessimism Removal (CPR):    0.499ns

    Location             Delay type                Incr(ns)  Path(ns)    Netlist Resource(s)
  -------------------------------------------------------------------    -------------------
                         (clock sys_clk rise edge)    0.000     0.000 r  
    Y9                                                0.000     0.000 r  clock (IN)
                         net (fo=0)                   0.000     0.000    clock
    Y9                   IBUF (Prop_ibuf_I_O)         0.258     0.258 r  clock_IBUF_inst/O
                         net (fo=1, routed)           0.663     0.921    clock_IBUF
    BUFGCTRL_X0Y0        BUFG (Prop_bufg_I_O)         0.026     0.947 r  clock_IBUF_BUFG_inst/O
                         net (fo=23041, routed)       0.567     1.514    scd_estimator_inst/pm_first_stage_wrap_inst/input_window_imag/clock_IBUF_BUFG
    SLICE_X55Y25         FDRE                                         r  scd_estimator_inst/pm_first_stage_wrap_inst/input_window_imag/r_product_reg[31][5]/C
  -------------------------------------------------------------------    -------------------
    SLICE_X55Y25         FDRE (Prop_fdre_C_Q)         0.141     1.655 r  scd_estimator_inst/pm_first_stage_wrap_inst/input_window_imag/r_product_reg[31][5]/Q
                         net (fo=1, routed)           0.108     1.763    scd_estimator_inst/pm_first_stage_wrap_inst/real_ram/wr_col_data[31][21]
    RAMB18_X3Y10         RAMB18E1                                     r  scd_estimator_inst/pm_first_stage_wrap_inst/real_ram/genblk1[31].mem_reg[31][97]/DIBDI[5]
  -------------------------------------------------------------------    -------------------

                         (clock sys_clk rise edge)    0.000     0.000 r  
    Y9                                                0.000     0.000 r  clock (IN)
                         net (fo=0)                   0.000     0.000    clock
    Y9                   IBUF (Prop_ibuf_I_O)         0.446     0.446 r  clock_IBUF_inst/O
                         net (fo=1, routed)           0.719     1.165    clock_IBUF
    BUFGCTRL_X0Y0        BUFG (Prop_bufg_I_O)         0.029     1.194 r  clock_IBUF_BUFG_inst/O
                         net (fo=23041, routed)       0.875     2.070    scd_estimator_inst/pm_first_stage_wrap_inst/real_ram/clock_IBUF_BUFG
    RAMB18_X3Y10         RAMB18E1                                     r  scd_estimator_inst/pm_first_stage_wrap_inst/real_ram/genblk1[31].mem_reg[31][97]/CLKBWRCLK
                         clock pessimism             -0.499     1.570    
    RAMB18_X3Y10         RAMB18E1 (Hold_ramb18e1_CLKBWRCLK_DIBDI[5])
                                                      0.155     1.725    scd_estimator_inst/pm_first_stage_wrap_inst/real_ram/genblk1[31].mem_reg[31][97]
  -------------------------------------------------------------------
                         required time                         -1.725    
                         arrival time                           1.763    
  -------------------------------------------------------------------
                         slack                                  0.038    





Pulse Width Checks
--------------------------------------------------------------------------------------
Clock Name:         sys_clk
Waveform(ns):       { 0.000 12.500 }
Period(ns):         25.000
Sources:            { clock }

Check Type        Corner  Lib Pin             Reference Pin  Required(ns)  Actual(ns)  Slack(ns)  Location      Pin
Min Period        n/a     DSP48E1/CLK         n/a            3.884         25.000      21.116     DSP48_X3Y41   theshold_calculator_inst/r_threshold_value_reg/CLK
Min Period        n/a     DSP48E1/CLK         n/a            3.687         25.000      21.313     DSP48_X4Y39   theshold_calculator_inst/r_threshold_value_reg__0/CLK
Min Period        n/a     DSP48E1/CLK         n/a            3.687         25.000      21.313     DSP48_X4Y34   theshold_calculator_inst/r_threshold_value_reg__1/CLK
Min Period        n/a     DSP48E1/CLK         n/a            3.687         25.000      21.313     DSP48_X3Y43   theshold_calculator_inst/r_threshold_value_reg__2/CLK
Min Period        n/a     DSP48E1/CLK         n/a            3.687         25.000      21.313     DSP48_X4Y29   theshold_calculator_inst/r_threshold_value_reg__3/CLK
Min Period        n/a     DSP48E1/CLK         n/a            3.687         25.000      21.313     DSP48_X4Y27   theshold_calculator_inst/r_threshold_value_reg__4/CLK
Min Period        n/a     RAMB18E1/CLKARDCLK  n/a            2.944         25.000      22.056     RAMB18_X2Y36  scd_estimator_inst/pm_first_stage_wrap_inst/real_ram/genblk1[0].mem_reg[0][97]/CLKARDCLK
Min Period        n/a     RAMB18E1/CLKBWRCLK  n/a            2.944         25.000      22.056     RAMB18_X2Y36  scd_estimator_inst/pm_first_stage_wrap_inst/real_ram/genblk1[0].mem_reg[0][97]/CLKBWRCLK
Min Period        n/a     RAMB18E1/CLKARDCLK  n/a            2.944         25.000      22.056     RAMB18_X2Y29  scd_estimator_inst/pm_first_stage_wrap_inst/real_ram/genblk1[10].mem_reg[10][97]/CLKARDCLK
Min Period        n/a     RAMB18E1/CLKBWRCLK  n/a            2.944         25.000      22.056     RAMB18_X2Y29  scd_estimator_inst/pm_first_stage_wrap_inst/real_ram/genblk1[10].mem_reg[10][97]/CLKBWRCLK
Low Pulse Width   Slow    SRL16E/CLK          n/a            0.980         12.500      11.520     SLICE_X42Y57  scd_estimator_inst/pm_first_stage_wrap_inst/np_point_fft/U0/i_synth/axi_wrapper/config_channel_fifo/gen_non_real_time.data_in_fifo_pt1/fifo0/fifo_1_reg[15][0]_srl16/CLK
Low Pulse Width   Fast    SRL16E/CLK          n/a            0.980         12.500      11.520     SLICE_X42Y57  scd_estimator_inst/pm_first_stage_wrap_inst/np_point_fft/U0/i_synth/axi_wrapper/config_channel_fifo/gen_non_real_time.data_in_fifo_pt1/fifo0/fifo_1_reg[15][0]_srl16/CLK
Low Pulse Width   Slow    SRL16E/CLK          n/a            0.980         12.500      11.520     SLICE_X42Y57  scd_estimator_inst/pm_first_stage_wrap_inst/np_point_fft/U0/i_synth/axi_wrapper/config_channel_fifo/gen_non_real_time.data_in_fifo_pt1/fifo0/fifo_1_reg[15][1]_srl16/CLK
Low Pulse Width   Fast    SRL16E/CLK          n/a            0.980         12.500      11.520     SLICE_X42Y57  scd_estimator_inst/pm_first_stage_wrap_inst/np_point_fft/U0/i_synth/axi_wrapper/config_channel_fifo/gen_non_real_time.data_in_fifo_pt1/fifo0/fifo_1_reg[15][1]_srl16/CLK
Low Pulse Width   Slow    SRL16E/CLK          n/a            0.980         12.500      11.520     SLICE_X42Y57  scd_estimator_inst/pm_first_stage_wrap_inst/np_point_fft/U0/i_synth/axi_wrapper/config_channel_fifo/gen_non_real_time.data_in_fifo_pt1/fifo0/fifo_1_reg[15][2]_srl16/CLK
Low Pulse Width   Fast    SRL16E/CLK          n/a            0.980         12.500      11.520     SLICE_X42Y57  scd_estimator_inst/pm_first_stage_wrap_inst/np_point_fft/U0/i_synth/axi_wrapper/config_channel_fifo/gen_non_real_time.data_in_fifo_pt1/fifo0/fifo_1_reg[15][2]_srl16/CLK
Low Pulse Width   Slow    SRL16E/CLK          n/a            0.980         12.500      11.520     SLICE_X42Y57  scd_estimator_inst/pm_first_stage_wrap_inst/np_point_fft/U0/i_synth/axi_wrapper/config_channel_fifo/gen_non_real_time.data_in_fifo_pt1/fifo0/fifo_1_reg[15][3]_srl16/CLK
Low Pulse Width   Fast    SRL16E/CLK          n/a            0.980         12.500      11.520     SLICE_X42Y57  scd_estimator_inst/pm_first_stage_wrap_inst/np_point_fft/U0/i_synth/axi_wrapper/config_channel_fifo/gen_non_real_time.data_in_fifo_pt1/fifo0/fifo_1_reg[15][3]_srl16/CLK
Low Pulse Width   Slow    SRL16E/CLK          n/a            0.980         12.500      11.520     SLICE_X42Y56  scd_estimator_inst/pm_first_stage_wrap_inst/np_point_fft/U0/i_synth/axi_wrapper/config_channel_fifo/gen_non_real_time.data_in_fifo_pt1/fifo0/fifo_1_reg[15][5]_srl16/CLK
Low Pulse Width   Fast    SRL16E/CLK          n/a            0.980         12.500      11.520     SLICE_X42Y56  scd_estimator_inst/pm_first_stage_wrap_inst/np_point_fft/U0/i_synth/axi_wrapper/config_channel_fifo/gen_non_real_time.data_in_fifo_pt1/fifo0/fifo_1_reg[15][5]_srl16/CLK
High Pulse Width  Slow    SRL16E/CLK          n/a            0.980         12.500      11.520     SLICE_X42Y57  scd_estimator_inst/pm_first_stage_wrap_inst/np_point_fft/U0/i_synth/axi_wrapper/config_channel_fifo/gen_non_real_time.data_in_fifo_pt1/fifo0/fifo_1_reg[15][0]_srl16/CLK
High Pulse Width  Fast    SRL16E/CLK          n/a            0.980         12.500      11.520     SLICE_X42Y57  scd_estimator_inst/pm_first_stage_wrap_inst/np_point_fft/U0/i_synth/axi_wrapper/config_channel_fifo/gen_non_real_time.data_in_fifo_pt1/fifo0/fifo_1_reg[15][0]_srl16/CLK
High Pulse Width  Slow    SRL16E/CLK          n/a            0.980         12.500      11.520     SLICE_X42Y57  scd_estimator_inst/pm_first_stage_wrap_inst/np_point_fft/U0/i_synth/axi_wrapper/config_channel_fifo/gen_non_real_time.data_in_fifo_pt1/fifo0/fifo_1_reg[15][1]_srl16/CLK
High Pulse Width  Fast    SRL16E/CLK          n/a            0.980         12.500      11.520     SLICE_X42Y57  scd_estimator_inst/pm_first_stage_wrap_inst/np_point_fft/U0/i_synth/axi_wrapper/config_channel_fifo/gen_non_real_time.data_in_fifo_pt1/fifo0/fifo_1_reg[15][1]_srl16/CLK
High Pulse Width  Slow    SRL16E/CLK          n/a            0.980         12.500      11.520     SLICE_X42Y57  scd_estimator_inst/pm_first_stage_wrap_inst/np_point_fft/U0/i_synth/axi_wrapper/config_channel_fifo/gen_non_real_time.data_in_fifo_pt1/fifo0/fifo_1_reg[15][2]_srl16/CLK
High Pulse Width  Fast    SRL16E/CLK          n/a            0.980         12.500      11.520     SLICE_X42Y57  scd_estimator_inst/pm_first_stage_wrap_inst/np_point_fft/U0/i_synth/axi_wrapper/config_channel_fifo/gen_non_real_time.data_in_fifo_pt1/fifo0/fifo_1_reg[15][2]_srl16/CLK
High Pulse Width  Slow    SRL16E/CLK          n/a            0.980         12.500      11.520     SLICE_X42Y57  scd_estimator_inst/pm_first_stage_wrap_inst/np_point_fft/U0/i_synth/axi_wrapper/config_channel_fifo/gen_non_real_time.data_in_fifo_pt1/fifo0/fifo_1_reg[15][3]_srl16/CLK
High Pulse Width  Fast    SRL16E/CLK          n/a            0.980         12.500      11.520     SLICE_X42Y57  scd_estimator_inst/pm_first_stage_wrap_inst/np_point_fft/U0/i_synth/axi_wrapper/config_channel_fifo/gen_non_real_time.data_in_fifo_pt1/fifo0/fifo_1_reg[15][3]_srl16/CLK
High Pulse Width  Slow    SRL16E/CLK          n/a            0.980         12.500      11.520     SLICE_X42Y56  scd_estimator_inst/pm_first_stage_wrap_inst/np_point_fft/U0/i_synth/axi_wrapper/config_channel_fifo/gen_non_real_time.data_in_fifo_pt1/fifo0/fifo_1_reg[15][5]_srl16/CLK
High Pulse Width  Fast    SRL16E/CLK          n/a            0.980         12.500      11.520     SLICE_X42Y56  scd_estimator_inst/pm_first_stage_wrap_inst/np_point_fft/U0/i_synth/axi_wrapper/config_channel_fifo/gen_non_real_time.data_in_fifo_pt1/fifo0/fifo_1_reg[15][5]_srl16/CLK



---------------------------------------------------------------------------------------------------
Path Group:  **async_default**
From Clock:  sys_clk
  To Clock:  sys_clk

Setup :            0  Failing Endpoints,  Worst Slack        7.912ns,  Total Violation        0.000ns
Hold  :            0  Failing Endpoints,  Worst Slack        6.570ns,  Total Violation        0.000ns
---------------------------------------------------------------------------------------------------


Max Delay Paths
--------------------------------------------------------------------------------------
Slack (MET) :             7.912ns  (required time - arrival time)
  Source:                 pm_top_mux_fsmd_control/FSM_onehot_state_reg_reg[7]/C
                            (rising edge-triggered cell FDRE clocked by sys_clk  {rise@0.000ns fall@12.500ns period=25.000ns})
  Destination:            scd_estimator_inst/pm_first_stage_wrap_inst/first_stage_fsmd_control/r_index_reg_reg[2]/CLR
                            (recovery check against rising-edge clock sys_clk  {rise@0.000ns fall@12.500ns period=25.000ns})
  Path Group:             **async_default**
  Path Type:              Recovery (Max at Slow Process Corner)
  Requirement:            25.000ns  (sys_clk rise@25.000ns - sys_clk rise@0.000ns)
  Data Path Delay:        16.227ns  (logic 0.642ns (3.956%)  route 15.585ns (96.044%))
  Logic Levels:           1  (LUT3=1)
  Clock Path Skew:        -0.421ns (DCD - SCD + CPR)
    Destination Clock Delay (DCD):    4.940ns = ( 29.940 - 25.000 ) 
    Source Clock Delay      (SCD):    5.641ns
    Clock Pessimism Removal (CPR):    0.280ns
  Clock Uncertainty:      0.035ns  ((TSJ^2 + TIJ^2)^1/2 + DJ) / 2 + PE
    Total System Jitter     (TSJ):    0.071ns
    Total Input Jitter      (TIJ):    0.000ns
    Discrete Jitter          (DJ):    0.000ns
    Phase Error              (PE):    0.000ns

    Location             Delay type                Incr(ns)  Path(ns)    Netlist Resource(s)
  -------------------------------------------------------------------    -------------------
                         (clock sys_clk rise edge)    0.000     0.000 r  
    Y9                                                0.000     0.000 r  clock (IN)
                         net (fo=0)                   0.000     0.000    clock
    Y9                   IBUF (Prop_ibuf_I_O)         1.490     1.490 r  clock_IBUF_inst/O
                         net (fo=1, routed)           2.171     3.661    clock_IBUF
    BUFGCTRL_X0Y0        BUFG (Prop_bufg_I_O)         0.101     3.762 r  clock_IBUF_BUFG_inst/O
                         net (fo=23041, routed)       1.879     5.641    pm_top_mux_fsmd_control/clock_IBUF_BUFG
    SLICE_X108Y48        FDRE                                         r  pm_top_mux_fsmd_control/FSM_onehot_state_reg_reg[7]/C
  -------------------------------------------------------------------    -------------------
    SLICE_X108Y48        FDRE (Prop_fdre_C_Q)         0.518     6.159 f  pm_top_mux_fsmd_control/FSM_onehot_state_reg_reg[7]/Q
                         net (fo=9, routed)           1.138     7.297    pm_top_mux_fsmd_control/FSM_onehot_state_reg_reg[7]_0[2]
    SLICE_X108Y50        LUT3 (Prop_lut3_I1_O)        0.124     7.421 f  pm_top_mux_fsmd_control/p_0_out_i_2/O
                         net (fo=368, routed)        14.447    21.868    scd_estimator_inst/pm_first_stage_wrap_inst/first_stage_fsmd_control/i_reset0
    SLICE_X51Y70         FDCE                                         f  scd_estimator_inst/pm_first_stage_wrap_inst/first_stage_fsmd_control/r_index_reg_reg[2]/CLR
  -------------------------------------------------------------------    -------------------

                         (clock sys_clk rise edge)   25.000    25.000 r  
    Y9                                                0.000    25.000 r  clock (IN)
                         net (fo=0)                   0.000    25.000    clock
    Y9                   IBUF (Prop_ibuf_I_O)         1.420    26.420 r  clock_IBUF_inst/O
                         net (fo=1, routed)           1.972    28.392    clock_IBUF
    BUFGCTRL_X0Y0        BUFG (Prop_bufg_I_O)         0.091    28.483 r  clock_IBUF_BUFG_inst/O
                         net (fo=23041, routed)       1.458    29.940    scd_estimator_inst/pm_first_stage_wrap_inst/first_stage_fsmd_control/clock_IBUF_BUFG
    SLICE_X51Y70         FDCE                                         r  scd_estimator_inst/pm_first_stage_wrap_inst/first_stage_fsmd_control/r_index_reg_reg[2]/C
                         clock pessimism              0.280    30.220    
                         clock uncertainty           -0.035    30.185    
    SLICE_X51Y70         FDCE (Recov_fdce_C_CLR)     -0.405    29.780    scd_estimator_inst/pm_first_stage_wrap_inst/first_stage_fsmd_control/r_index_reg_reg[2]
  -------------------------------------------------------------------
                         required time                         29.780    
                         arrival time                         -21.868    
  -------------------------------------------------------------------
                         slack                                  7.912    

Slack (MET) :             7.912ns  (required time - arrival time)
  Source:                 pm_top_mux_fsmd_control/FSM_onehot_state_reg_reg[7]/C
                            (rising edge-triggered cell FDRE clocked by sys_clk  {rise@0.000ns fall@12.500ns period=25.000ns})
  Destination:            scd_estimator_inst/pm_first_stage_wrap_inst/first_stage_fsmd_control/r_index_reg_reg[3]/CLR
                            (recovery check against rising-edge clock sys_clk  {rise@0.000ns fall@12.500ns period=25.000ns})
  Path Group:             **async_default**
  Path Type:              Recovery (Max at Slow Process Corner)
  Requirement:            25.000ns  (sys_clk rise@25.000ns - sys_clk rise@0.000ns)
  Data Path Delay:        16.227ns  (logic 0.642ns (3.956%)  route 15.585ns (96.044%))
  Logic Levels:           1  (LUT3=1)
  Clock Path Skew:        -0.421ns (DCD - SCD + CPR)
    Destination Clock Delay (DCD):    4.940ns = ( 29.940 - 25.000 ) 
    Source Clock Delay      (SCD):    5.641ns
    Clock Pessimism Removal (CPR):    0.280ns
  Clock Uncertainty:      0.035ns  ((TSJ^2 + TIJ^2)^1/2 + DJ) / 2 + PE
    Total System Jitter     (TSJ):    0.071ns
    Total Input Jitter      (TIJ):    0.000ns
    Discrete Jitter          (DJ):    0.000ns
    Phase Error              (PE):    0.000ns

    Location             Delay type                Incr(ns)  Path(ns)    Netlist Resource(s)
  -------------------------------------------------------------------    -------------------
                         (clock sys_clk rise edge)    0.000     0.000 r  
    Y9                                                0.000     0.000 r  clock (IN)
                         net (fo=0)                   0.000     0.000    clock
    Y9                   IBUF (Prop_ibuf_I_O)         1.490     1.490 r  clock_IBUF_inst/O
                         net (fo=1, routed)           2.171     3.661    clock_IBUF
    BUFGCTRL_X0Y0        BUFG (Prop_bufg_I_O)         0.101     3.762 r  clock_IBUF_BUFG_inst/O
                         net (fo=23041, routed)       1.879     5.641    pm_top_mux_fsmd_control/clock_IBUF_BUFG
    SLICE_X108Y48        FDRE                                         r  pm_top_mux_fsmd_control/FSM_onehot_state_reg_reg[7]/C
  -------------------------------------------------------------------    -------------------
    SLICE_X108Y48        FDRE (Prop_fdre_C_Q)         0.518     6.159 f  pm_top_mux_fsmd_control/FSM_onehot_state_reg_reg[7]/Q
                         net (fo=9, routed)           1.138     7.297    pm_top_mux_fsmd_control/FSM_onehot_state_reg_reg[7]_0[2]
    SLICE_X108Y50        LUT3 (Prop_lut3_I1_O)        0.124     7.421 f  pm_top_mux_fsmd_control/p_0_out_i_2/O
                         net (fo=368, routed)        14.447    21.868    scd_estimator_inst/pm_first_stage_wrap_inst/first_stage_fsmd_control/i_reset0
    SLICE_X51Y70         FDCE                                         f  scd_estimator_inst/pm_first_stage_wrap_inst/first_stage_fsmd_control/r_index_reg_reg[3]/CLR
  -------------------------------------------------------------------    -------------------

                         (clock sys_clk rise edge)   25.000    25.000 r  
    Y9                                                0.000    25.000 r  clock (IN)
                         net (fo=0)                   0.000    25.000    clock
    Y9                   IBUF (Prop_ibuf_I_O)         1.420    26.420 r  clock_IBUF_inst/O
                         net (fo=1, routed)           1.972    28.392    clock_IBUF
    BUFGCTRL_X0Y0        BUFG (Prop_bufg_I_O)         0.091    28.483 r  clock_IBUF_BUFG_inst/O
                         net (fo=23041, routed)       1.458    29.940    scd_estimator_inst/pm_first_stage_wrap_inst/first_stage_fsmd_control/clock_IBUF_BUFG
    SLICE_X51Y70         FDCE                                         r  scd_estimator_inst/pm_first_stage_wrap_inst/first_stage_fsmd_control/r_index_reg_reg[3]/C
                         clock pessimism              0.280    30.220    
                         clock uncertainty           -0.035    30.185    
    SLICE_X51Y70         FDCE (Recov_fdce_C_CLR)     -0.405    29.780    scd_estimator_inst/pm_first_stage_wrap_inst/first_stage_fsmd_control/r_index_reg_reg[3]
  -------------------------------------------------------------------
                         required time                         29.780    
                         arrival time                         -21.868    
  -------------------------------------------------------------------
                         slack                                  7.912    

Slack (MET) :             7.912ns  (required time - arrival time)
  Source:                 pm_top_mux_fsmd_control/FSM_onehot_state_reg_reg[7]/C
                            (rising edge-triggered cell FDRE clocked by sys_clk  {rise@0.000ns fall@12.500ns period=25.000ns})
  Destination:            scd_estimator_inst/pm_first_stage_wrap_inst/first_stage_fsmd_control/r_index_reg_reg[4]/CLR
                            (recovery check against rising-edge clock sys_clk  {rise@0.000ns fall@12.500ns period=25.000ns})
  Path Group:             **async_default**
  Path Type:              Recovery (Max at Slow Process Corner)
  Requirement:            25.000ns  (sys_clk rise@25.000ns - sys_clk rise@0.000ns)
  Data Path Delay:        16.227ns  (logic 0.642ns (3.956%)  route 15.585ns (96.044%))
  Logic Levels:           1  (LUT3=1)
  Clock Path Skew:        -0.421ns (DCD - SCD + CPR)
    Destination Clock Delay (DCD):    4.940ns = ( 29.940 - 25.000 ) 
    Source Clock Delay      (SCD):    5.641ns
    Clock Pessimism Removal (CPR):    0.280ns
  Clock Uncertainty:      0.035ns  ((TSJ^2 + TIJ^2)^1/2 + DJ) / 2 + PE
    Total System Jitter     (TSJ):    0.071ns
    Total Input Jitter      (TIJ):    0.000ns
    Discrete Jitter          (DJ):    0.000ns
    Phase Error              (PE):    0.000ns

    Location             Delay type                Incr(ns)  Path(ns)    Netlist Resource(s)
  -------------------------------------------------------------------    -------------------
                         (clock sys_clk rise edge)    0.000     0.000 r  
    Y9                                                0.000     0.000 r  clock (IN)
                         net (fo=0)                   0.000     0.000    clock
    Y9                   IBUF (Prop_ibuf_I_O)         1.490     1.490 r  clock_IBUF_inst/O
                         net (fo=1, routed)           2.171     3.661    clock_IBUF
    BUFGCTRL_X0Y0        BUFG (Prop_bufg_I_O)         0.101     3.762 r  clock_IBUF_BUFG_inst/O
                         net (fo=23041, routed)       1.879     5.641    pm_top_mux_fsmd_control/clock_IBUF_BUFG
    SLICE_X108Y48        FDRE                                         r  pm_top_mux_fsmd_control/FSM_onehot_state_reg_reg[7]/C
  -------------------------------------------------------------------    -------------------
    SLICE_X108Y48        FDRE (Prop_fdre_C_Q)         0.518     6.159 f  pm_top_mux_fsmd_control/FSM_onehot_state_reg_reg[7]/Q
                         net (fo=9, routed)           1.138     7.297    pm_top_mux_fsmd_control/FSM_onehot_state_reg_reg[7]_0[2]
    SLICE_X108Y50        LUT3 (Prop_lut3_I1_O)        0.124     7.421 f  pm_top_mux_fsmd_control/p_0_out_i_2/O
                         net (fo=368, routed)        14.447    21.868    scd_estimator_inst/pm_first_stage_wrap_inst/first_stage_fsmd_control/i_reset0
    SLICE_X51Y70         FDCE                                         f  scd_estimator_inst/pm_first_stage_wrap_inst/first_stage_fsmd_control/r_index_reg_reg[4]/CLR
  -------------------------------------------------------------------    -------------------

                         (clock sys_clk rise edge)   25.000    25.000 r  
    Y9                                                0.000    25.000 r  clock (IN)
                         net (fo=0)                   0.000    25.000    clock
    Y9                   IBUF (Prop_ibuf_I_O)         1.420    26.420 r  clock_IBUF_inst/O
                         net (fo=1, routed)           1.972    28.392    clock_IBUF
    BUFGCTRL_X0Y0        BUFG (Prop_bufg_I_O)         0.091    28.483 r  clock_IBUF_BUFG_inst/O
                         net (fo=23041, routed)       1.458    29.940    scd_estimator_inst/pm_first_stage_wrap_inst/first_stage_fsmd_control/clock_IBUF_BUFG
    SLICE_X51Y70         FDCE                                         r  scd_estimator_inst/pm_first_stage_wrap_inst/first_stage_fsmd_control/r_index_reg_reg[4]/C
                         clock pessimism              0.280    30.220    
                         clock uncertainty           -0.035    30.185    
    SLICE_X51Y70         FDCE (Recov_fdce_C_CLR)     -0.405    29.780    scd_estimator_inst/pm_first_stage_wrap_inst/first_stage_fsmd_control/r_index_reg_reg[4]
  -------------------------------------------------------------------
                         required time                         29.780    
                         arrival time                         -21.868    
  -------------------------------------------------------------------
                         slack                                  7.912    

Slack (MET) :             7.966ns  (required time - arrival time)
  Source:                 pm_top_mux_fsmd_control/FSM_onehot_state_reg_reg[7]/C
                            (rising edge-triggered cell FDRE clocked by sys_clk  {rise@0.000ns fall@12.500ns period=25.000ns})
  Destination:            scd_estimator_inst/pm_first_stage_wrap_inst/first_stage_fsmd_control/FSM_onehot_state_reg_reg[4]/CLR
                            (recovery check against rising-edge clock sys_clk  {rise@0.000ns fall@12.500ns period=25.000ns})
  Path Group:             **async_default**
  Path Type:              Recovery (Max at Slow Process Corner)
  Requirement:            25.000ns  (sys_clk rise@25.000ns - sys_clk rise@0.000ns)
  Data Path Delay:        16.173ns  (logic 0.642ns (3.970%)  route 15.531ns (96.030%))
  Logic Levels:           1  (LUT3=1)
  Clock Path Skew:        -0.420ns (DCD - SCD + CPR)
    Destination Clock Delay (DCD):    4.941ns = ( 29.941 - 25.000 ) 
    Source Clock Delay      (SCD):    5.641ns
    Clock Pessimism Removal (CPR):    0.280ns
  Clock Uncertainty:      0.035ns  ((TSJ^2 + TIJ^2)^1/2 + DJ) / 2 + PE
    Total System Jitter     (TSJ):    0.071ns
    Total Input Jitter      (TIJ):    0.000ns
    Discrete Jitter          (DJ):    0.000ns
    Phase Error              (PE):    0.000ns

    Location             Delay type                Incr(ns)  Path(ns)    Netlist Resource(s)
  -------------------------------------------------------------------    -------------------
                         (clock sys_clk rise edge)    0.000     0.000 r  
    Y9                                                0.000     0.000 r  clock (IN)
                         net (fo=0)                   0.000     0.000    clock
    Y9                   IBUF (Prop_ibuf_I_O)         1.490     1.490 r  clock_IBUF_inst/O
                         net (fo=1, routed)           2.171     3.661    clock_IBUF
    BUFGCTRL_X0Y0        BUFG (Prop_bufg_I_O)         0.101     3.762 r  clock_IBUF_BUFG_inst/O
                         net (fo=23041, routed)       1.879     5.641    pm_top_mux_fsmd_control/clock_IBUF_BUFG
    SLICE_X108Y48        FDRE                                         r  pm_top_mux_fsmd_control/FSM_onehot_state_reg_reg[7]/C
  -------------------------------------------------------------------    -------------------
    SLICE_X108Y48        FDRE (Prop_fdre_C_Q)         0.518     6.159 f  pm_top_mux_fsmd_control/FSM_onehot_state_reg_reg[7]/Q
                         net (fo=9, routed)           1.138     7.297    pm_top_mux_fsmd_control/FSM_onehot_state_reg_reg[7]_0[2]
    SLICE_X108Y50        LUT3 (Prop_lut3_I1_O)        0.124     7.421 f  pm_top_mux_fsmd_control/p_0_out_i_2/O
                         net (fo=368, routed)        14.393    21.814    scd_estimator_inst/pm_first_stage_wrap_inst/first_stage_fsmd_control/i_reset0
    SLICE_X53Y68         FDCE                                         f  scd_estimator_inst/pm_first_stage_wrap_inst/first_stage_fsmd_control/FSM_onehot_state_reg_reg[4]/CLR
  -------------------------------------------------------------------    -------------------

                         (clock sys_clk rise edge)   25.000    25.000 r  
    Y9                                                0.000    25.000 r  clock (IN)
                         net (fo=0)                   0.000    25.000    clock
    Y9                   IBUF (Prop_ibuf_I_O)         1.420    26.420 r  clock_IBUF_inst/O
                         net (fo=1, routed)           1.972    28.392    clock_IBUF
    BUFGCTRL_X0Y0        BUFG (Prop_bufg_I_O)         0.091    28.483 r  clock_IBUF_BUFG_inst/O
                         net (fo=23041, routed)       1.459    29.941    scd_estimator_inst/pm_first_stage_wrap_inst/first_stage_fsmd_control/clock_IBUF_BUFG
    SLICE_X53Y68         FDCE                                         r  scd_estimator_inst/pm_first_stage_wrap_inst/first_stage_fsmd_control/FSM_onehot_state_reg_reg[4]/C
                         clock pessimism              0.280    30.221    
                         clock uncertainty           -0.035    30.186    
    SLICE_X53Y68         FDCE (Recov_fdce_C_CLR)     -0.405    29.781    scd_estimator_inst/pm_first_stage_wrap_inst/first_stage_fsmd_control/FSM_onehot_state_reg_reg[4]
  -------------------------------------------------------------------
                         required time                         29.781    
                         arrival time                         -21.814    
  -------------------------------------------------------------------
                         slack                                  7.966    

Slack (MET) :             7.966ns  (required time - arrival time)
  Source:                 pm_top_mux_fsmd_control/FSM_onehot_state_reg_reg[7]/C
                            (rising edge-triggered cell FDRE clocked by sys_clk  {rise@0.000ns fall@12.500ns period=25.000ns})
  Destination:            scd_estimator_inst/pm_first_stage_wrap_inst/first_stage_fsmd_control/FSM_onehot_state_reg_reg[7]/CLR
                            (recovery check against rising-edge clock sys_clk  {rise@0.000ns fall@12.500ns period=25.000ns})
  Path Group:             **async_default**
  Path Type:              Recovery (Max at Slow Process Corner)
  Requirement:            25.000ns  (sys_clk rise@25.000ns - sys_clk rise@0.000ns)
  Data Path Delay:        16.173ns  (logic 0.642ns (3.970%)  route 15.531ns (96.030%))
  Logic Levels:           1  (LUT3=1)
  Clock Path Skew:        -0.420ns (DCD - SCD + CPR)
    Destination Clock Delay (DCD):    4.941ns = ( 29.941 - 25.000 ) 
    Source Clock Delay      (SCD):    5.641ns
    Clock Pessimism Removal (CPR):    0.280ns
  Clock Uncertainty:      0.035ns  ((TSJ^2 + TIJ^2)^1/2 + DJ) / 2 + PE
    Total System Jitter     (TSJ):    0.071ns
    Total Input Jitter      (TIJ):    0.000ns
    Discrete Jitter          (DJ):    0.000ns
    Phase Error              (PE):    0.000ns

    Location             Delay type                Incr(ns)  Path(ns)    Netlist Resource(s)
  -------------------------------------------------------------------    -------------------
                         (clock sys_clk rise edge)    0.000     0.000 r  
    Y9                                                0.000     0.000 r  clock (IN)
                         net (fo=0)                   0.000     0.000    clock
    Y9                   IBUF (Prop_ibuf_I_O)         1.490     1.490 r  clock_IBUF_inst/O
                         net (fo=1, routed)           2.171     3.661    clock_IBUF
    BUFGCTRL_X0Y0        BUFG (Prop_bufg_I_O)         0.101     3.762 r  clock_IBUF_BUFG_inst/O
                         net (fo=23041, routed)       1.879     5.641    pm_top_mux_fsmd_control/clock_IBUF_BUFG
    SLICE_X108Y48        FDRE                                         r  pm_top_mux_fsmd_control/FSM_onehot_state_reg_reg[7]/C
  -------------------------------------------------------------------    -------------------
    SLICE_X108Y48        FDRE (Prop_fdre_C_Q)         0.518     6.159 f  pm_top_mux_fsmd_control/FSM_onehot_state_reg_reg[7]/Q
                         net (fo=9, routed)           1.138     7.297    pm_top_mux_fsmd_control/FSM_onehot_state_reg_reg[7]_0[2]
    SLICE_X108Y50        LUT3 (Prop_lut3_I1_O)        0.124     7.421 f  pm_top_mux_fsmd_control/p_0_out_i_2/O
                         net (fo=368, routed)        14.393    21.814    scd_estimator_inst/pm_first_stage_wrap_inst/first_stage_fsmd_control/i_reset0
    SLICE_X53Y68         FDCE                                         f  scd_estimator_inst/pm_first_stage_wrap_inst/first_stage_fsmd_control/FSM_onehot_state_reg_reg[7]/CLR
  -------------------------------------------------------------------    -------------------

                         (clock sys_clk rise edge)   25.000    25.000 r  
    Y9                                                0.000    25.000 r  clock (IN)
                         net (fo=0)                   0.000    25.000    clock
    Y9                   IBUF (Prop_ibuf_I_O)         1.420    26.420 r  clock_IBUF_inst/O
                         net (fo=1, routed)           1.972    28.392    clock_IBUF
    BUFGCTRL_X0Y0        BUFG (Prop_bufg_I_O)         0.091    28.483 r  clock_IBUF_BUFG_inst/O
                         net (fo=23041, routed)       1.459    29.941    scd_estimator_inst/pm_first_stage_wrap_inst/first_stage_fsmd_control/clock_IBUF_BUFG
    SLICE_X53Y68         FDCE                                         r  scd_estimator_inst/pm_first_stage_wrap_inst/first_stage_fsmd_control/FSM_onehot_state_reg_reg[7]/C
                         clock pessimism              0.280    30.221    
                         clock uncertainty           -0.035    30.186    
    SLICE_X53Y68         FDCE (Recov_fdce_C_CLR)     -0.405    29.781    scd_estimator_inst/pm_first_stage_wrap_inst/first_stage_fsmd_control/FSM_onehot_state_reg_reg[7]
  -------------------------------------------------------------------
                         required time                         29.781    
                         arrival time                         -21.814    
  -------------------------------------------------------------------
                         slack                                  7.966    

Slack (MET) :             7.983ns  (required time - arrival time)
  Source:                 pm_top_mux_fsmd_control/FSM_onehot_state_reg_reg[7]/C
                            (rising edge-triggered cell FDRE clocked by sys_clk  {rise@0.000ns fall@12.500ns period=25.000ns})
  Destination:            scd_estimator_inst/pm_first_stage_wrap_inst/first_stage_fsmd_control/FSM_onehot_state_reg_reg[2]/CLR
                            (recovery check against rising-edge clock sys_clk  {rise@0.000ns fall@12.500ns period=25.000ns})
  Path Group:             **async_default**
  Path Type:              Recovery (Max at Slow Process Corner)
  Requirement:            25.000ns  (sys_clk rise@25.000ns - sys_clk rise@0.000ns)
  Data Path Delay:        16.226ns  (logic 0.642ns (3.957%)  route 15.584ns (96.043%))
  Logic Levels:           1  (LUT3=1)
  Clock Path Skew:        -0.351ns (DCD - SCD + CPR)
    Destination Clock Delay (DCD):    5.010ns = ( 30.010 - 25.000 ) 
    Source Clock Delay      (SCD):    5.641ns
    Clock Pessimism Removal (CPR):    0.280ns
  Clock Uncertainty:      0.035ns  ((TSJ^2 + TIJ^2)^1/2 + DJ) / 2 + PE
    Total System Jitter     (TSJ):    0.071ns
    Total Input Jitter      (TIJ):    0.000ns
    Discrete Jitter          (DJ):    0.000ns
    Phase Error              (PE):    0.000ns

    Location             Delay type                Incr(ns)  Path(ns)    Netlist Resource(s)
  -------------------------------------------------------------------    -------------------
                         (clock sys_clk rise edge)    0.000     0.000 r  
    Y9                                                0.000     0.000 r  clock (IN)
                         net (fo=0)                   0.000     0.000    clock
    Y9                   IBUF (Prop_ibuf_I_O)         1.490     1.490 r  clock_IBUF_inst/O
                         net (fo=1, routed)           2.171     3.661    clock_IBUF
    BUFGCTRL_X0Y0        BUFG (Prop_bufg_I_O)         0.101     3.762 r  clock_IBUF_BUFG_inst/O
                         net (fo=23041, routed)       1.879     5.641    pm_top_mux_fsmd_control/clock_IBUF_BUFG
    SLICE_X108Y48        FDRE                                         r  pm_top_mux_fsmd_control/FSM_onehot_state_reg_reg[7]/C
  -------------------------------------------------------------------    -------------------
    SLICE_X108Y48        FDRE (Prop_fdre_C_Q)         0.518     6.159 f  pm_top_mux_fsmd_control/FSM_onehot_state_reg_reg[7]/Q
                         net (fo=9, routed)           1.138     7.297    pm_top_mux_fsmd_control/FSM_onehot_state_reg_reg[7]_0[2]
    SLICE_X108Y50        LUT3 (Prop_lut3_I1_O)        0.124     7.421 f  pm_top_mux_fsmd_control/p_0_out_i_2/O
                         net (fo=368, routed)        14.446    21.867    scd_estimator_inst/pm_first_stage_wrap_inst/first_stage_fsmd_control/i_reset0
    SLICE_X55Y69         FDCE                                         f  scd_estimator_inst/pm_first_stage_wrap_inst/first_stage_fsmd_control/FSM_onehot_state_reg_reg[2]/CLR
  -------------------------------------------------------------------    -------------------

                         (clock sys_clk rise edge)   25.000    25.000 r  
    Y9                                                0.000    25.000 r  clock (IN)
                         net (fo=0)                   0.000    25.000    clock
    Y9                   IBUF (Prop_ibuf_I_O)         1.420    26.420 r  clock_IBUF_inst/O
                         net (fo=1, routed)           1.972    28.392    clock_IBUF
    BUFGCTRL_X0Y0        BUFG (Prop_bufg_I_O)         0.091    28.483 r  clock_IBUF_BUFG_inst/O
                         net (fo=23041, routed)       1.528    30.010    scd_estimator_inst/pm_first_stage_wrap_inst/first_stage_fsmd_control/clock_IBUF_BUFG
    SLICE_X55Y69         FDCE                                         r  scd_estimator_inst/pm_first_stage_wrap_inst/first_stage_fsmd_control/FSM_onehot_state_reg_reg[2]/C
                         clock pessimism              0.280    30.290    
                         clock uncertainty           -0.035    30.255    
    SLICE_X55Y69         FDCE (Recov_fdce_C_CLR)     -0.405    29.850    scd_estimator_inst/pm_first_stage_wrap_inst/first_stage_fsmd_control/FSM_onehot_state_reg_reg[2]
  -------------------------------------------------------------------
                         required time                         29.850    
                         arrival time                         -21.867    
  -------------------------------------------------------------------
                         slack                                  7.983    

Slack (MET) :             7.983ns  (required time - arrival time)
  Source:                 pm_top_mux_fsmd_control/FSM_onehot_state_reg_reg[7]/C
                            (rising edge-triggered cell FDRE clocked by sys_clk  {rise@0.000ns fall@12.500ns period=25.000ns})
  Destination:            scd_estimator_inst/pm_first_stage_wrap_inst/first_stage_fsmd_control/FSM_onehot_state_reg_reg[5]/CLR
                            (recovery check against rising-edge clock sys_clk  {rise@0.000ns fall@12.500ns period=25.000ns})
  Path Group:             **async_default**
  Path Type:              Recovery (Max at Slow Process Corner)
  Requirement:            25.000ns  (sys_clk rise@25.000ns - sys_clk rise@0.000ns)
  Data Path Delay:        16.226ns  (logic 0.642ns (3.957%)  route 15.584ns (96.043%))
  Logic Levels:           1  (LUT3=1)
  Clock Path Skew:        -0.351ns (DCD - SCD + CPR)
    Destination Clock Delay (DCD):    5.010ns = ( 30.010 - 25.000 ) 
    Source Clock Delay      (SCD):    5.641ns
    Clock Pessimism Removal (CPR):    0.280ns
  Clock Uncertainty:      0.035ns  ((TSJ^2 + TIJ^2)^1/2 + DJ) / 2 + PE
    Total System Jitter     (TSJ):    0.071ns
    Total Input Jitter      (TIJ):    0.000ns
    Discrete Jitter          (DJ):    0.000ns
    Phase Error              (PE):    0.000ns

    Location             Delay type                Incr(ns)  Path(ns)    Netlist Resource(s)
  -------------------------------------------------------------------    -------------------
                         (clock sys_clk rise edge)    0.000     0.000 r  
    Y9                                                0.000     0.000 r  clock (IN)
                         net (fo=0)                   0.000     0.000    clock
    Y9                   IBUF (Prop_ibuf_I_O)         1.490     1.490 r  clock_IBUF_inst/O
                         net (fo=1, routed)           2.171     3.661    clock_IBUF
    BUFGCTRL_X0Y0        BUFG (Prop_bufg_I_O)         0.101     3.762 r  clock_IBUF_BUFG_inst/O
                         net (fo=23041, routed)       1.879     5.641    pm_top_mux_fsmd_control/clock_IBUF_BUFG
    SLICE_X108Y48        FDRE                                         r  pm_top_mux_fsmd_control/FSM_onehot_state_reg_reg[7]/C
  -------------------------------------------------------------------    -------------------
    SLICE_X108Y48        FDRE (Prop_fdre_C_Q)         0.518     6.159 f  pm_top_mux_fsmd_control/FSM_onehot_state_reg_reg[7]/Q
                         net (fo=9, routed)           1.138     7.297    pm_top_mux_fsmd_control/FSM_onehot_state_reg_reg[7]_0[2]
    SLICE_X108Y50        LUT3 (Prop_lut3_I1_O)        0.124     7.421 f  pm_top_mux_fsmd_control/p_0_out_i_2/O
                         net (fo=368, routed)        14.446    21.867    scd_estimator_inst/pm_first_stage_wrap_inst/first_stage_fsmd_control/i_reset0
    SLICE_X55Y69         FDCE                                         f  scd_estimator_inst/pm_first_stage_wrap_inst/first_stage_fsmd_control/FSM_onehot_state_reg_reg[5]/CLR
  -------------------------------------------------------------------    -------------------

                         (clock sys_clk rise edge)   25.000    25.000 r  
    Y9                                                0.000    25.000 r  clock (IN)
                         net (fo=0)                   0.000    25.000    clock
    Y9                   IBUF (Prop_ibuf_I_O)         1.420    26.420 r  clock_IBUF_inst/O
                         net (fo=1, routed)           1.972    28.392    clock_IBUF
    BUFGCTRL_X0Y0        BUFG (Prop_bufg_I_O)         0.091    28.483 r  clock_IBUF_BUFG_inst/O
                         net (fo=23041, routed)       1.528    30.010    scd_estimator_inst/pm_first_stage_wrap_inst/first_stage_fsmd_control/clock_IBUF_BUFG
    SLICE_X55Y69         FDCE                                         r  scd_estimator_inst/pm_first_stage_wrap_inst/first_stage_fsmd_control/FSM_onehot_state_reg_reg[5]/C
                         clock pessimism              0.280    30.290    
                         clock uncertainty           -0.035    30.255    
    SLICE_X55Y69         FDCE (Recov_fdce_C_CLR)     -0.405    29.850    scd_estimator_inst/pm_first_stage_wrap_inst/first_stage_fsmd_control/FSM_onehot_state_reg_reg[5]
  -------------------------------------------------------------------
                         required time                         29.850    
                         arrival time                         -21.867    
  -------------------------------------------------------------------
                         slack                                  7.983    

Slack (MET) :             7.983ns  (required time - arrival time)
  Source:                 pm_top_mux_fsmd_control/FSM_onehot_state_reg_reg[7]/C
                            (rising edge-triggered cell FDRE clocked by sys_clk  {rise@0.000ns fall@12.500ns period=25.000ns})
  Destination:            scd_estimator_inst/pm_first_stage_wrap_inst/first_stage_fsmd_control/FSM_onehot_state_reg_reg[6]/CLR
                            (recovery check against rising-edge clock sys_clk  {rise@0.000ns fall@12.500ns period=25.000ns})
  Path Group:             **async_default**
  Path Type:              Recovery (Max at Slow Process Corner)
  Requirement:            25.000ns  (sys_clk rise@25.000ns - sys_clk rise@0.000ns)
  Data Path Delay:        16.226ns  (logic 0.642ns (3.957%)  route 15.584ns (96.043%))
  Logic Levels:           1  (LUT3=1)
  Clock Path Skew:        -0.351ns (DCD - SCD + CPR)
    Destination Clock Delay (DCD):    5.010ns = ( 30.010 - 25.000 ) 
    Source Clock Delay      (SCD):    5.641ns
    Clock Pessimism Removal (CPR):    0.280ns
  Clock Uncertainty:      0.035ns  ((TSJ^2 + TIJ^2)^1/2 + DJ) / 2 + PE
    Total System Jitter     (TSJ):    0.071ns
    Total Input Jitter      (TIJ):    0.000ns
    Discrete Jitter          (DJ):    0.000ns
    Phase Error              (PE):    0.000ns

    Location             Delay type                Incr(ns)  Path(ns)    Netlist Resource(s)
  -------------------------------------------------------------------    -------------------
                         (clock sys_clk rise edge)    0.000     0.000 r  
    Y9                                                0.000     0.000 r  clock (IN)
                         net (fo=0)                   0.000     0.000    clock
    Y9                   IBUF (Prop_ibuf_I_O)         1.490     1.490 r  clock_IBUF_inst/O
                         net (fo=1, routed)           2.171     3.661    clock_IBUF
    BUFGCTRL_X0Y0        BUFG (Prop_bufg_I_O)         0.101     3.762 r  clock_IBUF_BUFG_inst/O
                         net (fo=23041, routed)       1.879     5.641    pm_top_mux_fsmd_control/clock_IBUF_BUFG
    SLICE_X108Y48        FDRE                                         r  pm_top_mux_fsmd_control/FSM_onehot_state_reg_reg[7]/C
  -------------------------------------------------------------------    -------------------
    SLICE_X108Y48        FDRE (Prop_fdre_C_Q)         0.518     6.159 f  pm_top_mux_fsmd_control/FSM_onehot_state_reg_reg[7]/Q
                         net (fo=9, routed)           1.138     7.297    pm_top_mux_fsmd_control/FSM_onehot_state_reg_reg[7]_0[2]
    SLICE_X108Y50        LUT3 (Prop_lut3_I1_O)        0.124     7.421 f  pm_top_mux_fsmd_control/p_0_out_i_2/O
                         net (fo=368, routed)        14.446    21.867    scd_estimator_inst/pm_first_stage_wrap_inst/first_stage_fsmd_control/i_reset0
    SLICE_X55Y69         FDCE                                         f  scd_estimator_inst/pm_first_stage_wrap_inst/first_stage_fsmd_control/FSM_onehot_state_reg_reg[6]/CLR
  -------------------------------------------------------------------    -------------------

                         (clock sys_clk rise edge)   25.000    25.000 r  
    Y9                                                0.000    25.000 r  clock (IN)
                         net (fo=0)                   0.000    25.000    clock
    Y9                   IBUF (Prop_ibuf_I_O)         1.420    26.420 r  clock_IBUF_inst/O
                         net (fo=1, routed)           1.972    28.392    clock_IBUF
    BUFGCTRL_X0Y0        BUFG (Prop_bufg_I_O)         0.091    28.483 r  clock_IBUF_BUFG_inst/O
                         net (fo=23041, routed)       1.528    30.010    scd_estimator_inst/pm_first_stage_wrap_inst/first_stage_fsmd_control/clock_IBUF_BUFG
    SLICE_X55Y69         FDCE                                         r  scd_estimator_inst/pm_first_stage_wrap_inst/first_stage_fsmd_control/FSM_onehot_state_reg_reg[6]/C
                         clock pessimism              0.280    30.290    
                         clock uncertainty           -0.035    30.255    
    SLICE_X55Y69         FDCE (Recov_fdce_C_CLR)     -0.405    29.850    scd_estimator_inst/pm_first_stage_wrap_inst/first_stage_fsmd_control/FSM_onehot_state_reg_reg[6]
  -------------------------------------------------------------------
                         required time                         29.850    
                         arrival time                         -21.867    
  -------------------------------------------------------------------
                         slack                                  7.983    

Slack (MET) :             8.027ns  (required time - arrival time)
  Source:                 pm_top_mux_fsmd_control/FSM_onehot_state_reg_reg[7]/C
                            (rising edge-triggered cell FDRE clocked by sys_clk  {rise@0.000ns fall@12.500ns period=25.000ns})
  Destination:            scd_estimator_inst/pm_first_stage_wrap_inst/first_stage_fsmd_control/FSM_onehot_state_reg_reg[0]/PRE
                            (recovery check against rising-edge clock sys_clk  {rise@0.000ns fall@12.500ns period=25.000ns})
  Path Group:             **async_default**
  Path Type:              Recovery (Max at Slow Process Corner)
  Requirement:            25.000ns  (sys_clk rise@25.000ns - sys_clk rise@0.000ns)
  Data Path Delay:        16.226ns  (logic 0.642ns (3.957%)  route 15.584ns (96.043%))
  Logic Levels:           1  (LUT3=1)
  Clock Path Skew:        -0.351ns (DCD - SCD + CPR)
    Destination Clock Delay (DCD):    5.010ns = ( 30.010 - 25.000 ) 
    Source Clock Delay      (SCD):    5.641ns
    Clock Pessimism Removal (CPR):    0.280ns
  Clock Uncertainty:      0.035ns  ((TSJ^2 + TIJ^2)^1/2 + DJ) / 2 + PE
    Total System Jitter     (TSJ):    0.071ns
    Total Input Jitter      (TIJ):    0.000ns
    Discrete Jitter          (DJ):    0.000ns
    Phase Error              (PE):    0.000ns

    Location             Delay type                Incr(ns)  Path(ns)    Netlist Resource(s)
  -------------------------------------------------------------------    -------------------
                         (clock sys_clk rise edge)    0.000     0.000 r  
    Y9                                                0.000     0.000 r  clock (IN)
                         net (fo=0)                   0.000     0.000    clock
    Y9                   IBUF (Prop_ibuf_I_O)         1.490     1.490 r  clock_IBUF_inst/O
                         net (fo=1, routed)           2.171     3.661    clock_IBUF
    BUFGCTRL_X0Y0        BUFG (Prop_bufg_I_O)         0.101     3.762 r  clock_IBUF_BUFG_inst/O
                         net (fo=23041, routed)       1.879     5.641    pm_top_mux_fsmd_control/clock_IBUF_BUFG
    SLICE_X108Y48        FDRE                                         r  pm_top_mux_fsmd_control/FSM_onehot_state_reg_reg[7]/C
  -------------------------------------------------------------------    -------------------
    SLICE_X108Y48        FDRE (Prop_fdre_C_Q)         0.518     6.159 f  pm_top_mux_fsmd_control/FSM_onehot_state_reg_reg[7]/Q
                         net (fo=9, routed)           1.138     7.297    pm_top_mux_fsmd_control/FSM_onehot_state_reg_reg[7]_0[2]
    SLICE_X108Y50        LUT3 (Prop_lut3_I1_O)        0.124     7.421 f  pm_top_mux_fsmd_control/p_0_out_i_2/O
                         net (fo=368, routed)        14.446    21.867    scd_estimator_inst/pm_first_stage_wrap_inst/first_stage_fsmd_control/i_reset0
    SLICE_X54Y69         FDPE                                         f  scd_estimator_inst/pm_first_stage_wrap_inst/first_stage_fsmd_control/FSM_onehot_state_reg_reg[0]/PRE
  -------------------------------------------------------------------    -------------------

                         (clock sys_clk rise edge)   25.000    25.000 r  
    Y9                                                0.000    25.000 r  clock (IN)
                         net (fo=0)                   0.000    25.000    clock
    Y9                   IBUF (Prop_ibuf_I_O)         1.420    26.420 r  clock_IBUF_inst/O
                         net (fo=1, routed)           1.972    28.392    clock_IBUF
    BUFGCTRL_X0Y0        BUFG (Prop_bufg_I_O)         0.091    28.483 r  clock_IBUF_BUFG_inst/O
                         net (fo=23041, routed)       1.528    30.010    scd_estimator_inst/pm_first_stage_wrap_inst/first_stage_fsmd_control/clock_IBUF_BUFG
    SLICE_X54Y69         FDPE                                         r  scd_estimator_inst/pm_first_stage_wrap_inst/first_stage_fsmd_control/FSM_onehot_state_reg_reg[0]/C
                         clock pessimism              0.280    30.290    
                         clock uncertainty           -0.035    30.255    
    SLICE_X54Y69         FDPE (Recov_fdpe_C_PRE)     -0.361    29.894    scd_estimator_inst/pm_first_stage_wrap_inst/first_stage_fsmd_control/FSM_onehot_state_reg_reg[0]
  -------------------------------------------------------------------
                         required time                         29.894    
                         arrival time                         -21.867    
  -------------------------------------------------------------------
                         slack                                  8.027    

Slack (MET) :             8.042ns  (required time - arrival time)
  Source:                 pm_top_mux_fsmd_control/FSM_onehot_state_reg_reg[7]/C
                            (rising edge-triggered cell FDRE clocked by sys_clk  {rise@0.000ns fall@12.500ns period=25.000ns})
  Destination:            scd_estimator_inst/pm_first_stage_wrap_inst/first_stage_fsmd_control/r_ram_read_addr_reg_reg[3]/CLR
                            (recovery check against rising-edge clock sys_clk  {rise@0.000ns fall@12.500ns period=25.000ns})
  Path Group:             **async_default**
  Path Type:              Recovery (Max at Slow Process Corner)
  Requirement:            25.000ns  (sys_clk rise@25.000ns - sys_clk rise@0.000ns)
  Data Path Delay:        16.214ns  (logic 0.642ns (3.960%)  route 15.572ns (96.040%))
  Logic Levels:           1  (LUT3=1)
  Clock Path Skew:        -0.348ns (DCD - SCD + CPR)
    Destination Clock Delay (DCD):    5.013ns = ( 30.013 - 25.000 ) 
    Source Clock Delay      (SCD):    5.641ns
    Clock Pessimism Removal (CPR):    0.280ns
  Clock Uncertainty:      0.035ns  ((TSJ^2 + TIJ^2)^1/2 + DJ) / 2 + PE
    Total System Jitter     (TSJ):    0.071ns
    Total Input Jitter      (TIJ):    0.000ns
    Discrete Jitter          (DJ):    0.000ns
    Phase Error              (PE):    0.000ns

    Location             Delay type                Incr(ns)  Path(ns)    Netlist Resource(s)
  -------------------------------------------------------------------    -------------------
                         (clock sys_clk rise edge)    0.000     0.000 r  
    Y9                                                0.000     0.000 r  clock (IN)
                         net (fo=0)                   0.000     0.000    clock
    Y9                   IBUF (Prop_ibuf_I_O)         1.490     1.490 r  clock_IBUF_inst/O
                         net (fo=1, routed)           2.171     3.661    clock_IBUF
    BUFGCTRL_X0Y0        BUFG (Prop_bufg_I_O)         0.101     3.762 r  clock_IBUF_BUFG_inst/O
                         net (fo=23041, routed)       1.879     5.641    pm_top_mux_fsmd_control/clock_IBUF_BUFG
    SLICE_X108Y48        FDRE                                         r  pm_top_mux_fsmd_control/FSM_onehot_state_reg_reg[7]/C
  -------------------------------------------------------------------    -------------------
    SLICE_X108Y48        FDRE (Prop_fdre_C_Q)         0.518     6.159 f  pm_top_mux_fsmd_control/FSM_onehot_state_reg_reg[7]/Q
                         net (fo=9, routed)           1.138     7.297    pm_top_mux_fsmd_control/FSM_onehot_state_reg_reg[7]_0[2]
    SLICE_X108Y50        LUT3 (Prop_lut3_I1_O)        0.124     7.421 f  pm_top_mux_fsmd_control/p_0_out_i_2/O
                         net (fo=368, routed)        14.434    21.855    scd_estimator_inst/pm_first_stage_wrap_inst/first_stage_fsmd_control/i_reset0
    SLICE_X54Y67         FDCE                                         f  scd_estimator_inst/pm_first_stage_wrap_inst/first_stage_fsmd_control/r_ram_read_addr_reg_reg[3]/CLR
  -------------------------------------------------------------------    -------------------

                         (clock sys_clk rise edge)   25.000    25.000 r  
    Y9                                                0.000    25.000 r  clock (IN)
                         net (fo=0)                   0.000    25.000    clock
    Y9                   IBUF (Prop_ibuf_I_O)         1.420    26.420 r  clock_IBUF_inst/O
                         net (fo=1, routed)           1.972    28.392    clock_IBUF
    BUFGCTRL_X0Y0        BUFG (Prop_bufg_I_O)         0.091    28.483 r  clock_IBUF_BUFG_inst/O
                         net (fo=23041, routed)       1.531    30.013    scd_estimator_inst/pm_first_stage_wrap_inst/first_stage_fsmd_control/clock_IBUF_BUFG
    SLICE_X54Y67         FDCE                                         r  scd_estimator_inst/pm_first_stage_wrap_inst/first_stage_fsmd_control/r_ram_read_addr_reg_reg[3]/C
                         clock pessimism              0.280    30.293    
                         clock uncertainty           -0.035    30.258    
    SLICE_X54Y67         FDCE (Recov_fdce_C_CLR)     -0.361    29.897    scd_estimator_inst/pm_first_stage_wrap_inst/first_stage_fsmd_control/r_ram_read_addr_reg_reg[3]
  -------------------------------------------------------------------
                         required time                         29.897    
                         arrival time                         -21.855    
  -------------------------------------------------------------------
                         slack                                  8.042    





Min Delay Paths
--------------------------------------------------------------------------------------
Slack (MET) :             6.570ns  (arrival time - required time)
  Source:                 pm_top_mux_fsmd_control/FSM_onehot_state_reg_reg[6]/C
                            (rising edge-triggered cell FDRE clocked by sys_clk  {rise@0.000ns fall@12.500ns period=25.000ns})
  Destination:            scd_estimator_inst/pm_first_stage_wrap_inst/first_stage_fsmd_control/r_fft_data_in_reg_reg[17]/CLR
                            (removal check against rising-edge clock sys_clk  {rise@0.000ns fall@12.500ns period=25.000ns})
  Path Group:             **async_default**
  Path Type:              Removal (Min at Fast Process Corner)
  Requirement:            0.000ns  (sys_clk rise@0.000ns - sys_clk rise@0.000ns)
  Data Path Delay:        6.652ns  (logic 0.209ns (3.142%)  route 6.443ns (96.858%))
  Logic Levels:           1  (LUT3=1)
  Clock Path Skew:        0.174ns (DCD - SCD - CPR)
    Destination Clock Delay (DCD):    2.010ns
    Source Clock Delay      (SCD):    1.584ns
    Clock Pessimism Removal (CPR):    0.252ns

    Location             Delay type                Incr(ns)  Path(ns)    Netlist Resource(s)
  -------------------------------------------------------------------    -------------------
                         (clock sys_clk rise edge)    0.000     0.000 r  
    Y9                                                0.000     0.000 r  clock (IN)
                         net (fo=0)                   0.000     0.000    clock
    Y9                   IBUF (Prop_ibuf_I_O)         0.258     0.258 r  clock_IBUF_inst/O
                         net (fo=1, routed)           0.663     0.921    clock_IBUF
    BUFGCTRL_X0Y0        BUFG (Prop_bufg_I_O)         0.026     0.947 r  clock_IBUF_BUFG_inst/O
                         net (fo=23041, routed)       0.637     1.584    pm_top_mux_fsmd_control/clock_IBUF_BUFG
    SLICE_X108Y54        FDRE                                         r  pm_top_mux_fsmd_control/FSM_onehot_state_reg_reg[6]/C
  -------------------------------------------------------------------    -------------------
    SLICE_X108Y54        FDRE (Prop_fdre_C_Q)         0.164     1.748 f  pm_top_mux_fsmd_control/FSM_onehot_state_reg_reg[6]/Q
                         net (fo=9, routed)           0.248     1.996    pm_top_mux_fsmd_control/FSM_onehot_state_reg_reg[7]_0[1]
    SLICE_X108Y50        LUT3 (Prop_lut3_I2_O)        0.045     2.041 f  pm_top_mux_fsmd_control/p_0_out_i_2/O
                         net (fo=368, routed)         6.195     8.236    scd_estimator_inst/pm_first_stage_wrap_inst/first_stage_fsmd_control/i_reset0
    SLICE_X48Y69         FDCE                                         f  scd_estimator_inst/pm_first_stage_wrap_inst/first_stage_fsmd_control/r_fft_data_in_reg_reg[17]/CLR
  -------------------------------------------------------------------    -------------------

                         (clock sys_clk rise edge)    0.000     0.000 r  
    Y9                                                0.000     0.000 r  clock (IN)
                         net (fo=0)                   0.000     0.000    clock
    Y9                   IBUF (Prop_ibuf_I_O)         0.446     0.446 r  clock_IBUF_inst/O
                         net (fo=1, routed)           0.719     1.165    clock_IBUF
    BUFGCTRL_X0Y0        BUFG (Prop_bufg_I_O)         0.029     1.194 r  clock_IBUF_BUFG_inst/O
                         net (fo=23041, routed)       0.816     2.010    scd_estimator_inst/pm_first_stage_wrap_inst/first_stage_fsmd_control/clock_IBUF_BUFG
    SLICE_X48Y69         FDCE                                         r  scd_estimator_inst/pm_first_stage_wrap_inst/first_stage_fsmd_control/r_fft_data_in_reg_reg[17]/C
                         clock pessimism             -0.252     1.758    
    SLICE_X48Y69         FDCE (Remov_fdce_C_CLR)     -0.092     1.666    scd_estimator_inst/pm_first_stage_wrap_inst/first_stage_fsmd_control/r_fft_data_in_reg_reg[17]
  -------------------------------------------------------------------
                         required time                         -1.666    
                         arrival time                           8.236    
  -------------------------------------------------------------------
                         slack                                  6.570    

Slack (MET) :             6.570ns  (arrival time - required time)
  Source:                 pm_top_mux_fsmd_control/FSM_onehot_state_reg_reg[6]/C
                            (rising edge-triggered cell FDRE clocked by sys_clk  {rise@0.000ns fall@12.500ns period=25.000ns})
  Destination:            scd_estimator_inst/pm_first_stage_wrap_inst/first_stage_fsmd_control/r_fft_data_in_reg_reg[25]/CLR
                            (removal check against rising-edge clock sys_clk  {rise@0.000ns fall@12.500ns period=25.000ns})
  Path Group:             **async_default**
  Path Type:              Removal (Min at Fast Process Corner)
  Requirement:            0.000ns  (sys_clk rise@0.000ns - sys_clk rise@0.000ns)
  Data Path Delay:        6.652ns  (logic 0.209ns (3.142%)  route 6.443ns (96.858%))
  Logic Levels:           1  (LUT3=1)
  Clock Path Skew:        0.174ns (DCD - SCD - CPR)
    Destination Clock Delay (DCD):    2.010ns
    Source Clock Delay      (SCD):    1.584ns
    Clock Pessimism Removal (CPR):    0.252ns

    Location             Delay type                Incr(ns)  Path(ns)    Netlist Resource(s)
  -------------------------------------------------------------------    -------------------
                         (clock sys_clk rise edge)    0.000     0.000 r  
    Y9                                                0.000     0.000 r  clock (IN)
                         net (fo=0)                   0.000     0.000    clock
    Y9                   IBUF (Prop_ibuf_I_O)         0.258     0.258 r  clock_IBUF_inst/O
                         net (fo=1, routed)           0.663     0.921    clock_IBUF
    BUFGCTRL_X0Y0        BUFG (Prop_bufg_I_O)         0.026     0.947 r  clock_IBUF_BUFG_inst/O
                         net (fo=23041, routed)       0.637     1.584    pm_top_mux_fsmd_control/clock_IBUF_BUFG
    SLICE_X108Y54        FDRE                                         r  pm_top_mux_fsmd_control/FSM_onehot_state_reg_reg[6]/C
  -------------------------------------------------------------------    -------------------
    SLICE_X108Y54        FDRE (Prop_fdre_C_Q)         0.164     1.748 f  pm_top_mux_fsmd_control/FSM_onehot_state_reg_reg[6]/Q
                         net (fo=9, routed)           0.248     1.996    pm_top_mux_fsmd_control/FSM_onehot_state_reg_reg[7]_0[1]
    SLICE_X108Y50        LUT3 (Prop_lut3_I2_O)        0.045     2.041 f  pm_top_mux_fsmd_control/p_0_out_i_2/O
                         net (fo=368, routed)         6.195     8.236    scd_estimator_inst/pm_first_stage_wrap_inst/first_stage_fsmd_control/i_reset0
    SLICE_X48Y69         FDCE                                         f  scd_estimator_inst/pm_first_stage_wrap_inst/first_stage_fsmd_control/r_fft_data_in_reg_reg[25]/CLR
  -------------------------------------------------------------------    -------------------

                         (clock sys_clk rise edge)    0.000     0.000 r  
    Y9                                                0.000     0.000 r  clock (IN)
                         net (fo=0)                   0.000     0.000    clock
    Y9                   IBUF (Prop_ibuf_I_O)         0.446     0.446 r  clock_IBUF_inst/O
                         net (fo=1, routed)           0.719     1.165    clock_IBUF
    BUFGCTRL_X0Y0        BUFG (Prop_bufg_I_O)         0.029     1.194 r  clock_IBUF_BUFG_inst/O
                         net (fo=23041, routed)       0.816     2.010    scd_estimator_inst/pm_first_stage_wrap_inst/first_stage_fsmd_control/clock_IBUF_BUFG
    SLICE_X48Y69         FDCE                                         r  scd_estimator_inst/pm_first_stage_wrap_inst/first_stage_fsmd_control/r_fft_data_in_reg_reg[25]/C
                         clock pessimism             -0.252     1.758    
    SLICE_X48Y69         FDCE (Remov_fdce_C_CLR)     -0.092     1.666    scd_estimator_inst/pm_first_stage_wrap_inst/first_stage_fsmd_control/r_fft_data_in_reg_reg[25]
  -------------------------------------------------------------------
                         required time                         -1.666    
                         arrival time                           8.236    
  -------------------------------------------------------------------
                         slack                                  6.570    

Slack (MET) :             6.570ns  (arrival time - required time)
  Source:                 pm_top_mux_fsmd_control/FSM_onehot_state_reg_reg[6]/C
                            (rising edge-triggered cell FDRE clocked by sys_clk  {rise@0.000ns fall@12.500ns period=25.000ns})
  Destination:            scd_estimator_inst/pm_first_stage_wrap_inst/first_stage_fsmd_control/r_fft_data_in_reg_reg[29]/CLR
                            (removal check against rising-edge clock sys_clk  {rise@0.000ns fall@12.500ns period=25.000ns})
  Path Group:             **async_default**
  Path Type:              Removal (Min at Fast Process Corner)
  Requirement:            0.000ns  (sys_clk rise@0.000ns - sys_clk rise@0.000ns)
  Data Path Delay:        6.652ns  (logic 0.209ns (3.142%)  route 6.443ns (96.858%))
  Logic Levels:           1  (LUT3=1)
  Clock Path Skew:        0.174ns (DCD - SCD - CPR)
    Destination Clock Delay (DCD):    2.010ns
    Source Clock Delay      (SCD):    1.584ns
    Clock Pessimism Removal (CPR):    0.252ns

    Location             Delay type                Incr(ns)  Path(ns)    Netlist Resource(s)
  -------------------------------------------------------------------    -------------------
                         (clock sys_clk rise edge)    0.000     0.000 r  
    Y9                                                0.000     0.000 r  clock (IN)
                         net (fo=0)                   0.000     0.000    clock
    Y9                   IBUF (Prop_ibuf_I_O)         0.258     0.258 r  clock_IBUF_inst/O
                         net (fo=1, routed)           0.663     0.921    clock_IBUF
    BUFGCTRL_X0Y0        BUFG (Prop_bufg_I_O)         0.026     0.947 r  clock_IBUF_BUFG_inst/O
                         net (fo=23041, routed)       0.637     1.584    pm_top_mux_fsmd_control/clock_IBUF_BUFG
    SLICE_X108Y54        FDRE                                         r  pm_top_mux_fsmd_control/FSM_onehot_state_reg_reg[6]/C
  -------------------------------------------------------------------    -------------------
    SLICE_X108Y54        FDRE (Prop_fdre_C_Q)         0.164     1.748 f  pm_top_mux_fsmd_control/FSM_onehot_state_reg_reg[6]/Q
                         net (fo=9, routed)           0.248     1.996    pm_top_mux_fsmd_control/FSM_onehot_state_reg_reg[7]_0[1]
    SLICE_X108Y50        LUT3 (Prop_lut3_I2_O)        0.045     2.041 f  pm_top_mux_fsmd_control/p_0_out_i_2/O
                         net (fo=368, routed)         6.195     8.236    scd_estimator_inst/pm_first_stage_wrap_inst/first_stage_fsmd_control/i_reset0
    SLICE_X48Y69         FDCE                                         f  scd_estimator_inst/pm_first_stage_wrap_inst/first_stage_fsmd_control/r_fft_data_in_reg_reg[29]/CLR
  -------------------------------------------------------------------    -------------------

                         (clock sys_clk rise edge)    0.000     0.000 r  
    Y9                                                0.000     0.000 r  clock (IN)
                         net (fo=0)                   0.000     0.000    clock
    Y9                   IBUF (Prop_ibuf_I_O)         0.446     0.446 r  clock_IBUF_inst/O
                         net (fo=1, routed)           0.719     1.165    clock_IBUF
    BUFGCTRL_X0Y0        BUFG (Prop_bufg_I_O)         0.029     1.194 r  clock_IBUF_BUFG_inst/O
                         net (fo=23041, routed)       0.816     2.010    scd_estimator_inst/pm_first_stage_wrap_inst/first_stage_fsmd_control/clock_IBUF_BUFG
    SLICE_X48Y69         FDCE                                         r  scd_estimator_inst/pm_first_stage_wrap_inst/first_stage_fsmd_control/r_fft_data_in_reg_reg[29]/C
                         clock pessimism             -0.252     1.758    
    SLICE_X48Y69         FDCE (Remov_fdce_C_CLR)     -0.092     1.666    scd_estimator_inst/pm_first_stage_wrap_inst/first_stage_fsmd_control/r_fft_data_in_reg_reg[29]
  -------------------------------------------------------------------
                         required time                         -1.666    
                         arrival time                           8.236    
  -------------------------------------------------------------------
                         slack                                  6.570    

Slack (MET) :             6.620ns  (arrival time - required time)
  Source:                 pm_top_mux_fsmd_control/FSM_onehot_state_reg_reg[6]/C
                            (rising edge-triggered cell FDRE clocked by sys_clk  {rise@0.000ns fall@12.500ns period=25.000ns})
  Destination:            scd_estimator_inst/pm_first_stage_wrap_inst/first_stage_fsmd_control/r_fft_data_in_reg_reg[18]/CLR
                            (removal check against rising-edge clock sys_clk  {rise@0.000ns fall@12.500ns period=25.000ns})
  Path Group:             **async_default**
  Path Type:              Removal (Min at Fast Process Corner)
  Requirement:            0.000ns  (sys_clk rise@0.000ns - sys_clk rise@0.000ns)
  Data Path Delay:        6.704ns  (logic 0.209ns (3.118%)  route 6.495ns (96.882%))
  Logic Levels:           1  (LUT3=1)
  Clock Path Skew:        0.175ns (DCD - SCD - CPR)
    Destination Clock Delay (DCD):    2.011ns
    Source Clock Delay      (SCD):    1.584ns
    Clock Pessimism Removal (CPR):    0.252ns

    Location             Delay type                Incr(ns)  Path(ns)    Netlist Resource(s)
  -------------------------------------------------------------------    -------------------
                         (clock sys_clk rise edge)    0.000     0.000 r  
    Y9                                                0.000     0.000 r  clock (IN)
                         net (fo=0)                   0.000     0.000    clock
    Y9                   IBUF (Prop_ibuf_I_O)         0.258     0.258 r  clock_IBUF_inst/O
                         net (fo=1, routed)           0.663     0.921    clock_IBUF
    BUFGCTRL_X0Y0        BUFG (Prop_bufg_I_O)         0.026     0.947 r  clock_IBUF_BUFG_inst/O
                         net (fo=23041, routed)       0.637     1.584    pm_top_mux_fsmd_control/clock_IBUF_BUFG
    SLICE_X108Y54        FDRE                                         r  pm_top_mux_fsmd_control/FSM_onehot_state_reg_reg[6]/C
  -------------------------------------------------------------------    -------------------
    SLICE_X108Y54        FDRE (Prop_fdre_C_Q)         0.164     1.748 f  pm_top_mux_fsmd_control/FSM_onehot_state_reg_reg[6]/Q
                         net (fo=9, routed)           0.248     1.996    pm_top_mux_fsmd_control/FSM_onehot_state_reg_reg[7]_0[1]
    SLICE_X108Y50        LUT3 (Prop_lut3_I2_O)        0.045     2.041 f  pm_top_mux_fsmd_control/p_0_out_i_2/O
                         net (fo=368, routed)         6.246     8.287    scd_estimator_inst/pm_first_stage_wrap_inst/first_stage_fsmd_control/i_reset0
    SLICE_X49Y68         FDCE                                         f  scd_estimator_inst/pm_first_stage_wrap_inst/first_stage_fsmd_control/r_fft_data_in_reg_reg[18]/CLR
  -------------------------------------------------------------------    -------------------

                         (clock sys_clk rise edge)    0.000     0.000 r  
    Y9                                                0.000     0.000 r  clock (IN)
                         net (fo=0)                   0.000     0.000    clock
    Y9                   IBUF (Prop_ibuf_I_O)         0.446     0.446 r  clock_IBUF_inst/O
                         net (fo=1, routed)           0.719     1.165    clock_IBUF
    BUFGCTRL_X0Y0        BUFG (Prop_bufg_I_O)         0.029     1.194 r  clock_IBUF_BUFG_inst/O
                         net (fo=23041, routed)       0.817     2.011    scd_estimator_inst/pm_first_stage_wrap_inst/first_stage_fsmd_control/clock_IBUF_BUFG
    SLICE_X49Y68         FDCE                                         r  scd_estimator_inst/pm_first_stage_wrap_inst/first_stage_fsmd_control/r_fft_data_in_reg_reg[18]/C
                         clock pessimism             -0.252     1.759    
    SLICE_X49Y68         FDCE (Remov_fdce_C_CLR)     -0.092     1.667    scd_estimator_inst/pm_first_stage_wrap_inst/first_stage_fsmd_control/r_fft_data_in_reg_reg[18]
  -------------------------------------------------------------------
                         required time                         -1.667    
                         arrival time                           8.287    
  -------------------------------------------------------------------
                         slack                                  6.620    

Slack (MET) :             6.620ns  (arrival time - required time)
  Source:                 pm_top_mux_fsmd_control/FSM_onehot_state_reg_reg[6]/C
                            (rising edge-triggered cell FDRE clocked by sys_clk  {rise@0.000ns fall@12.500ns period=25.000ns})
  Destination:            scd_estimator_inst/pm_first_stage_wrap_inst/first_stage_fsmd_control/r_fft_data_in_reg_reg[24]/CLR
                            (removal check against rising-edge clock sys_clk  {rise@0.000ns fall@12.500ns period=25.000ns})
  Path Group:             **async_default**
  Path Type:              Removal (Min at Fast Process Corner)
  Requirement:            0.000ns  (sys_clk rise@0.000ns - sys_clk rise@0.000ns)
  Data Path Delay:        6.704ns  (logic 0.209ns (3.118%)  route 6.495ns (96.882%))
  Logic Levels:           1  (LUT3=1)
  Clock Path Skew:        0.175ns (DCD - SCD - CPR)
    Destination Clock Delay (DCD):    2.011ns
    Source Clock Delay      (SCD):    1.584ns
    Clock Pessimism Removal (CPR):    0.252ns

    Location             Delay type                Incr(ns)  Path(ns)    Netlist Resource(s)
  -------------------------------------------------------------------    -------------------
                         (clock sys_clk rise edge)    0.000     0.000 r  
    Y9                                                0.000     0.000 r  clock (IN)
                         net (fo=0)                   0.000     0.000    clock
    Y9                   IBUF (Prop_ibuf_I_O)         0.258     0.258 r  clock_IBUF_inst/O
                         net (fo=1, routed)           0.663     0.921    clock_IBUF
    BUFGCTRL_X0Y0        BUFG (Prop_bufg_I_O)         0.026     0.947 r  clock_IBUF_BUFG_inst/O
                         net (fo=23041, routed)       0.637     1.584    pm_top_mux_fsmd_control/clock_IBUF_BUFG
    SLICE_X108Y54        FDRE                                         r  pm_top_mux_fsmd_control/FSM_onehot_state_reg_reg[6]/C
  -------------------------------------------------------------------    -------------------
    SLICE_X108Y54        FDRE (Prop_fdre_C_Q)         0.164     1.748 f  pm_top_mux_fsmd_control/FSM_onehot_state_reg_reg[6]/Q
                         net (fo=9, routed)           0.248     1.996    pm_top_mux_fsmd_control/FSM_onehot_state_reg_reg[7]_0[1]
    SLICE_X108Y50        LUT3 (Prop_lut3_I2_O)        0.045     2.041 f  pm_top_mux_fsmd_control/p_0_out_i_2/O
                         net (fo=368, routed)         6.246     8.287    scd_estimator_inst/pm_first_stage_wrap_inst/first_stage_fsmd_control/i_reset0
    SLICE_X49Y68         FDCE                                         f  scd_estimator_inst/pm_first_stage_wrap_inst/first_stage_fsmd_control/r_fft_data_in_reg_reg[24]/CLR
  -------------------------------------------------------------------    -------------------

                         (clock sys_clk rise edge)    0.000     0.000 r  
    Y9                                                0.000     0.000 r  clock (IN)
                         net (fo=0)                   0.000     0.000    clock
    Y9                   IBUF (Prop_ibuf_I_O)         0.446     0.446 r  clock_IBUF_inst/O
                         net (fo=1, routed)           0.719     1.165    clock_IBUF
    BUFGCTRL_X0Y0        BUFG (Prop_bufg_I_O)         0.029     1.194 r  clock_IBUF_BUFG_inst/O
                         net (fo=23041, routed)       0.817     2.011    scd_estimator_inst/pm_first_stage_wrap_inst/first_stage_fsmd_control/clock_IBUF_BUFG
    SLICE_X49Y68         FDCE                                         r  scd_estimator_inst/pm_first_stage_wrap_inst/first_stage_fsmd_control/r_fft_data_in_reg_reg[24]/C
                         clock pessimism             -0.252     1.759    
    SLICE_X49Y68         FDCE (Remov_fdce_C_CLR)     -0.092     1.667    scd_estimator_inst/pm_first_stage_wrap_inst/first_stage_fsmd_control/r_fft_data_in_reg_reg[24]
  -------------------------------------------------------------------
                         required time                         -1.667    
                         arrival time                           8.287    
  -------------------------------------------------------------------
                         slack                                  6.620    

Slack (MET) :             6.620ns  (arrival time - required time)
  Source:                 pm_top_mux_fsmd_control/FSM_onehot_state_reg_reg[6]/C
                            (rising edge-triggered cell FDRE clocked by sys_clk  {rise@0.000ns fall@12.500ns period=25.000ns})
  Destination:            scd_estimator_inst/pm_first_stage_wrap_inst/first_stage_fsmd_control/r_fft_data_in_reg_reg[27]/CLR
                            (removal check against rising-edge clock sys_clk  {rise@0.000ns fall@12.500ns period=25.000ns})
  Path Group:             **async_default**
  Path Type:              Removal (Min at Fast Process Corner)
  Requirement:            0.000ns  (sys_clk rise@0.000ns - sys_clk rise@0.000ns)
  Data Path Delay:        6.704ns  (logic 0.209ns (3.118%)  route 6.495ns (96.882%))
  Logic Levels:           1  (LUT3=1)
  Clock Path Skew:        0.175ns (DCD - SCD - CPR)
    Destination Clock Delay (DCD):    2.011ns
    Source Clock Delay      (SCD):    1.584ns
    Clock Pessimism Removal (CPR):    0.252ns

    Location             Delay type                Incr(ns)  Path(ns)    Netlist Resource(s)
  -------------------------------------------------------------------    -------------------
                         (clock sys_clk rise edge)    0.000     0.000 r  
    Y9                                                0.000     0.000 r  clock (IN)
                         net (fo=0)                   0.000     0.000    clock
    Y9                   IBUF (Prop_ibuf_I_O)         0.258     0.258 r  clock_IBUF_inst/O
                         net (fo=1, routed)           0.663     0.921    clock_IBUF
    BUFGCTRL_X0Y0        BUFG (Prop_bufg_I_O)         0.026     0.947 r  clock_IBUF_BUFG_inst/O
                         net (fo=23041, routed)       0.637     1.584    pm_top_mux_fsmd_control/clock_IBUF_BUFG
    SLICE_X108Y54        FDRE                                         r  pm_top_mux_fsmd_control/FSM_onehot_state_reg_reg[6]/C
  -------------------------------------------------------------------    -------------------
    SLICE_X108Y54        FDRE (Prop_fdre_C_Q)         0.164     1.748 f  pm_top_mux_fsmd_control/FSM_onehot_state_reg_reg[6]/Q
                         net (fo=9, routed)           0.248     1.996    pm_top_mux_fsmd_control/FSM_onehot_state_reg_reg[7]_0[1]
    SLICE_X108Y50        LUT3 (Prop_lut3_I2_O)        0.045     2.041 f  pm_top_mux_fsmd_control/p_0_out_i_2/O
                         net (fo=368, routed)         6.246     8.287    scd_estimator_inst/pm_first_stage_wrap_inst/first_stage_fsmd_control/i_reset0
    SLICE_X49Y68         FDCE                                         f  scd_estimator_inst/pm_first_stage_wrap_inst/first_stage_fsmd_control/r_fft_data_in_reg_reg[27]/CLR
  -------------------------------------------------------------------    -------------------

                         (clock sys_clk rise edge)    0.000     0.000 r  
    Y9                                                0.000     0.000 r  clock (IN)
                         net (fo=0)                   0.000     0.000    clock
    Y9                   IBUF (Prop_ibuf_I_O)         0.446     0.446 r  clock_IBUF_inst/O
                         net (fo=1, routed)           0.719     1.165    clock_IBUF
    BUFGCTRL_X0Y0        BUFG (Prop_bufg_I_O)         0.029     1.194 r  clock_IBUF_BUFG_inst/O
                         net (fo=23041, routed)       0.817     2.011    scd_estimator_inst/pm_first_stage_wrap_inst/first_stage_fsmd_control/clock_IBUF_BUFG
    SLICE_X49Y68         FDCE                                         r  scd_estimator_inst/pm_first_stage_wrap_inst/first_stage_fsmd_control/r_fft_data_in_reg_reg[27]/C
                         clock pessimism             -0.252     1.759    
    SLICE_X49Y68         FDCE (Remov_fdce_C_CLR)     -0.092     1.667    scd_estimator_inst/pm_first_stage_wrap_inst/first_stage_fsmd_control/r_fft_data_in_reg_reg[27]
  -------------------------------------------------------------------
                         required time                         -1.667    
                         arrival time                           8.287    
  -------------------------------------------------------------------
                         slack                                  6.620    

Slack (MET) :             6.620ns  (arrival time - required time)
  Source:                 pm_top_mux_fsmd_control/FSM_onehot_state_reg_reg[6]/C
                            (rising edge-triggered cell FDRE clocked by sys_clk  {rise@0.000ns fall@12.500ns period=25.000ns})
  Destination:            scd_estimator_inst/pm_first_stage_wrap_inst/first_stage_fsmd_control/r_fft_data_in_reg_reg[28]/CLR
                            (removal check against rising-edge clock sys_clk  {rise@0.000ns fall@12.500ns period=25.000ns})
  Path Group:             **async_default**
  Path Type:              Removal (Min at Fast Process Corner)
  Requirement:            0.000ns  (sys_clk rise@0.000ns - sys_clk rise@0.000ns)
  Data Path Delay:        6.704ns  (logic 0.209ns (3.118%)  route 6.495ns (96.882%))
  Logic Levels:           1  (LUT3=1)
  Clock Path Skew:        0.175ns (DCD - SCD - CPR)
    Destination Clock Delay (DCD):    2.011ns
    Source Clock Delay      (SCD):    1.584ns
    Clock Pessimism Removal (CPR):    0.252ns

    Location             Delay type                Incr(ns)  Path(ns)    Netlist Resource(s)
  -------------------------------------------------------------------    -------------------
                         (clock sys_clk rise edge)    0.000     0.000 r  
    Y9                                                0.000     0.000 r  clock (IN)
                         net (fo=0)                   0.000     0.000    clock
    Y9                   IBUF (Prop_ibuf_I_O)         0.258     0.258 r  clock_IBUF_inst/O
                         net (fo=1, routed)           0.663     0.921    clock_IBUF
    BUFGCTRL_X0Y0        BUFG (Prop_bufg_I_O)         0.026     0.947 r  clock_IBUF_BUFG_inst/O
                         net (fo=23041, routed)       0.637     1.584    pm_top_mux_fsmd_control/clock_IBUF_BUFG
    SLICE_X108Y54        FDRE                                         r  pm_top_mux_fsmd_control/FSM_onehot_state_reg_reg[6]/C
  -------------------------------------------------------------------    -------------------
    SLICE_X108Y54        FDRE (Prop_fdre_C_Q)         0.164     1.748 f  pm_top_mux_fsmd_control/FSM_onehot_state_reg_reg[6]/Q
                         net (fo=9, routed)           0.248     1.996    pm_top_mux_fsmd_control/FSM_onehot_state_reg_reg[7]_0[1]
    SLICE_X108Y50        LUT3 (Prop_lut3_I2_O)        0.045     2.041 f  pm_top_mux_fsmd_control/p_0_out_i_2/O
                         net (fo=368, routed)         6.246     8.287    scd_estimator_inst/pm_first_stage_wrap_inst/first_stage_fsmd_control/i_reset0
    SLICE_X49Y68         FDCE                                         f  scd_estimator_inst/pm_first_stage_wrap_inst/first_stage_fsmd_control/r_fft_data_in_reg_reg[28]/CLR
  -------------------------------------------------------------------    -------------------

                         (clock sys_clk rise edge)    0.000     0.000 r  
    Y9                                                0.000     0.000 r  clock (IN)
                         net (fo=0)                   0.000     0.000    clock
    Y9                   IBUF (Prop_ibuf_I_O)         0.446     0.446 r  clock_IBUF_inst/O
                         net (fo=1, routed)           0.719     1.165    clock_IBUF
    BUFGCTRL_X0Y0        BUFG (Prop_bufg_I_O)         0.029     1.194 r  clock_IBUF_BUFG_inst/O
                         net (fo=23041, routed)       0.817     2.011    scd_estimator_inst/pm_first_stage_wrap_inst/first_stage_fsmd_control/clock_IBUF_BUFG
    SLICE_X49Y68         FDCE                                         r  scd_estimator_inst/pm_first_stage_wrap_inst/first_stage_fsmd_control/r_fft_data_in_reg_reg[28]/C
                         clock pessimism             -0.252     1.759    
    SLICE_X49Y68         FDCE (Remov_fdce_C_CLR)     -0.092     1.667    scd_estimator_inst/pm_first_stage_wrap_inst/first_stage_fsmd_control/r_fft_data_in_reg_reg[28]
  -------------------------------------------------------------------
                         required time                         -1.667    
                         arrival time                           8.287    
  -------------------------------------------------------------------
                         slack                                  6.620    

Slack (MET) :             6.677ns  (arrival time - required time)
  Source:                 pm_top_mux_fsmd_control/FSM_onehot_state_reg_reg[6]/C
                            (rising edge-triggered cell FDRE clocked by sys_clk  {rise@0.000ns fall@12.500ns period=25.000ns})
  Destination:            scd_estimator_inst/pm_first_stage_wrap_inst/first_stage_fsmd_control/r_fft_data_in_reg_reg[11]/CLR
                            (removal check against rising-edge clock sys_clk  {rise@0.000ns fall@12.500ns period=25.000ns})
  Path Group:             **async_default**
  Path Type:              Removal (Min at Fast Process Corner)
  Requirement:            0.000ns  (sys_clk rise@0.000ns - sys_clk rise@0.000ns)
  Data Path Delay:        6.762ns  (logic 0.209ns (3.091%)  route 6.553ns (96.909%))
  Logic Levels:           1  (LUT3=1)
  Clock Path Skew:        0.176ns (DCD - SCD - CPR)
    Destination Clock Delay (DCD):    2.012ns
    Source Clock Delay      (SCD):    1.584ns
    Clock Pessimism Removal (CPR):    0.252ns

    Location             Delay type                Incr(ns)  Path(ns)    Netlist Resource(s)
  -------------------------------------------------------------------    -------------------
                         (clock sys_clk rise edge)    0.000     0.000 r  
    Y9                                                0.000     0.000 r  clock (IN)
                         net (fo=0)                   0.000     0.000    clock
    Y9                   IBUF (Prop_ibuf_I_O)         0.258     0.258 r  clock_IBUF_inst/O
                         net (fo=1, routed)           0.663     0.921    clock_IBUF
    BUFGCTRL_X0Y0        BUFG (Prop_bufg_I_O)         0.026     0.947 r  clock_IBUF_BUFG_inst/O
                         net (fo=23041, routed)       0.637     1.584    pm_top_mux_fsmd_control/clock_IBUF_BUFG
    SLICE_X108Y54        FDRE                                         r  pm_top_mux_fsmd_control/FSM_onehot_state_reg_reg[6]/C
  -------------------------------------------------------------------    -------------------
    SLICE_X108Y54        FDRE (Prop_fdre_C_Q)         0.164     1.748 f  pm_top_mux_fsmd_control/FSM_onehot_state_reg_reg[6]/Q
                         net (fo=9, routed)           0.248     1.996    pm_top_mux_fsmd_control/FSM_onehot_state_reg_reg[7]_0[1]
    SLICE_X108Y50        LUT3 (Prop_lut3_I2_O)        0.045     2.041 f  pm_top_mux_fsmd_control/p_0_out_i_2/O
                         net (fo=368, routed)         6.305     8.346    scd_estimator_inst/pm_first_stage_wrap_inst/first_stage_fsmd_control/i_reset0
    SLICE_X48Y67         FDCE                                         f  scd_estimator_inst/pm_first_stage_wrap_inst/first_stage_fsmd_control/r_fft_data_in_reg_reg[11]/CLR
  -------------------------------------------------------------------    -------------------

                         (clock sys_clk rise edge)    0.000     0.000 r  
    Y9                                                0.000     0.000 r  clock (IN)
                         net (fo=0)                   0.000     0.000    clock
    Y9                   IBUF (Prop_ibuf_I_O)         0.446     0.446 r  clock_IBUF_inst/O
                         net (fo=1, routed)           0.719     1.165    clock_IBUF
    BUFGCTRL_X0Y0        BUFG (Prop_bufg_I_O)         0.029     1.194 r  clock_IBUF_BUFG_inst/O
                         net (fo=23041, routed)       0.818     2.012    scd_estimator_inst/pm_first_stage_wrap_inst/first_stage_fsmd_control/clock_IBUF_BUFG
    SLICE_X48Y67         FDCE                                         r  scd_estimator_inst/pm_first_stage_wrap_inst/first_stage_fsmd_control/r_fft_data_in_reg_reg[11]/C
                         clock pessimism             -0.252     1.760    
    SLICE_X48Y67         FDCE (Remov_fdce_C_CLR)     -0.092     1.668    scd_estimator_inst/pm_first_stage_wrap_inst/first_stage_fsmd_control/r_fft_data_in_reg_reg[11]
  -------------------------------------------------------------------
                         required time                         -1.668    
                         arrival time                           8.346    
  -------------------------------------------------------------------
                         slack                                  6.677    

Slack (MET) :             6.677ns  (arrival time - required time)
  Source:                 pm_top_mux_fsmd_control/FSM_onehot_state_reg_reg[6]/C
                            (rising edge-triggered cell FDRE clocked by sys_clk  {rise@0.000ns fall@12.500ns period=25.000ns})
  Destination:            scd_estimator_inst/pm_first_stage_wrap_inst/first_stage_fsmd_control/r_fft_data_in_reg_reg[30]/CLR
                            (removal check against rising-edge clock sys_clk  {rise@0.000ns fall@12.500ns period=25.000ns})
  Path Group:             **async_default**
  Path Type:              Removal (Min at Fast Process Corner)
  Requirement:            0.000ns  (sys_clk rise@0.000ns - sys_clk rise@0.000ns)
  Data Path Delay:        6.762ns  (logic 0.209ns (3.091%)  route 6.553ns (96.909%))
  Logic Levels:           1  (LUT3=1)
  Clock Path Skew:        0.176ns (DCD - SCD - CPR)
    Destination Clock Delay (DCD):    2.012ns
    Source Clock Delay      (SCD):    1.584ns
    Clock Pessimism Removal (CPR):    0.252ns

    Location             Delay type                Incr(ns)  Path(ns)    Netlist Resource(s)
  -------------------------------------------------------------------    -------------------
                         (clock sys_clk rise edge)    0.000     0.000 r  
    Y9                                                0.000     0.000 r  clock (IN)
                         net (fo=0)                   0.000     0.000    clock
    Y9                   IBUF (Prop_ibuf_I_O)         0.258     0.258 r  clock_IBUF_inst/O
                         net (fo=1, routed)           0.663     0.921    clock_IBUF
    BUFGCTRL_X0Y0        BUFG (Prop_bufg_I_O)         0.026     0.947 r  clock_IBUF_BUFG_inst/O
                         net (fo=23041, routed)       0.637     1.584    pm_top_mux_fsmd_control/clock_IBUF_BUFG
    SLICE_X108Y54        FDRE                                         r  pm_top_mux_fsmd_control/FSM_onehot_state_reg_reg[6]/C
  -------------------------------------------------------------------    -------------------
    SLICE_X108Y54        FDRE (Prop_fdre_C_Q)         0.164     1.748 f  pm_top_mux_fsmd_control/FSM_onehot_state_reg_reg[6]/Q
                         net (fo=9, routed)           0.248     1.996    pm_top_mux_fsmd_control/FSM_onehot_state_reg_reg[7]_0[1]
    SLICE_X108Y50        LUT3 (Prop_lut3_I2_O)        0.045     2.041 f  pm_top_mux_fsmd_control/p_0_out_i_2/O
                         net (fo=368, routed)         6.305     8.346    scd_estimator_inst/pm_first_stage_wrap_inst/first_stage_fsmd_control/i_reset0
    SLICE_X48Y67         FDCE                                         f  scd_estimator_inst/pm_first_stage_wrap_inst/first_stage_fsmd_control/r_fft_data_in_reg_reg[30]/CLR
  -------------------------------------------------------------------    -------------------

                         (clock sys_clk rise edge)    0.000     0.000 r  
    Y9                                                0.000     0.000 r  clock (IN)
                         net (fo=0)                   0.000     0.000    clock
    Y9                   IBUF (Prop_ibuf_I_O)         0.446     0.446 r  clock_IBUF_inst/O
                         net (fo=1, routed)           0.719     1.165    clock_IBUF
    BUFGCTRL_X0Y0        BUFG (Prop_bufg_I_O)         0.029     1.194 r  clock_IBUF_BUFG_inst/O
                         net (fo=23041, routed)       0.818     2.012    scd_estimator_inst/pm_first_stage_wrap_inst/first_stage_fsmd_control/clock_IBUF_BUFG
    SLICE_X48Y67         FDCE                                         r  scd_estimator_inst/pm_first_stage_wrap_inst/first_stage_fsmd_control/r_fft_data_in_reg_reg[30]/C
                         clock pessimism             -0.252     1.760    
    SLICE_X48Y67         FDCE (Remov_fdce_C_CLR)     -0.092     1.668    scd_estimator_inst/pm_first_stage_wrap_inst/first_stage_fsmd_control/r_fft_data_in_reg_reg[30]
  -------------------------------------------------------------------
                         required time                         -1.668    
                         arrival time                           8.346    
  -------------------------------------------------------------------
                         slack                                  6.677    

Slack (MET) :             6.677ns  (arrival time - required time)
  Source:                 pm_top_mux_fsmd_control/FSM_onehot_state_reg_reg[6]/C
                            (rising edge-triggered cell FDRE clocked by sys_clk  {rise@0.000ns fall@12.500ns period=25.000ns})
  Destination:            scd_estimator_inst/pm_first_stage_wrap_inst/first_stage_fsmd_control/r_fft_data_in_reg_reg[9]/CLR
                            (removal check against rising-edge clock sys_clk  {rise@0.000ns fall@12.500ns period=25.000ns})
  Path Group:             **async_default**
  Path Type:              Removal (Min at Fast Process Corner)
  Requirement:            0.000ns  (sys_clk rise@0.000ns - sys_clk rise@0.000ns)
  Data Path Delay:        6.762ns  (logic 0.209ns (3.091%)  route 6.553ns (96.909%))
  Logic Levels:           1  (LUT3=1)
  Clock Path Skew:        0.176ns (DCD - SCD - CPR)
    Destination Clock Delay (DCD):    2.012ns
    Source Clock Delay      (SCD):    1.584ns
    Clock Pessimism Removal (CPR):    0.252ns

    Location             Delay type                Incr(ns)  Path(ns)    Netlist Resource(s)
  -------------------------------------------------------------------    -------------------
                         (clock sys_clk rise edge)    0.000     0.000 r  
    Y9                                                0.000     0.000 r  clock (IN)
                         net (fo=0)                   0.000     0.000    clock
    Y9                   IBUF (Prop_ibuf_I_O)         0.258     0.258 r  clock_IBUF_inst/O
                         net (fo=1, routed)           0.663     0.921    clock_IBUF
    BUFGCTRL_X0Y0        BUFG (Prop_bufg_I_O)         0.026     0.947 r  clock_IBUF_BUFG_inst/O
                         net (fo=23041, routed)       0.637     1.584    pm_top_mux_fsmd_control/clock_IBUF_BUFG
    SLICE_X108Y54        FDRE                                         r  pm_top_mux_fsmd_control/FSM_onehot_state_reg_reg[6]/C
  -------------------------------------------------------------------    -------------------
    SLICE_X108Y54        FDRE (Prop_fdre_C_Q)         0.164     1.748 f  pm_top_mux_fsmd_control/FSM_onehot_state_reg_reg[6]/Q
                         net (fo=9, routed)           0.248     1.996    pm_top_mux_fsmd_control/FSM_onehot_state_reg_reg[7]_0[1]
    SLICE_X108Y50        LUT3 (Prop_lut3_I2_O)        0.045     2.041 f  pm_top_mux_fsmd_control/p_0_out_i_2/O
                         net (fo=368, routed)         6.305     8.346    scd_estimator_inst/pm_first_stage_wrap_inst/first_stage_fsmd_control/i_reset0
    SLICE_X48Y67         FDCE                                         f  scd_estimator_inst/pm_first_stage_wrap_inst/first_stage_fsmd_control/r_fft_data_in_reg_reg[9]/CLR
  -------------------------------------------------------------------    -------------------

                         (clock sys_clk rise edge)    0.000     0.000 r  
    Y9                                                0.000     0.000 r  clock (IN)
                         net (fo=0)                   0.000     0.000    clock
    Y9                   IBUF (Prop_ibuf_I_O)         0.446     0.446 r  clock_IBUF_inst/O
                         net (fo=1, routed)           0.719     1.165    clock_IBUF
    BUFGCTRL_X0Y0        BUFG (Prop_bufg_I_O)         0.029     1.194 r  clock_IBUF_BUFG_inst/O
                         net (fo=23041, routed)       0.818     2.012    scd_estimator_inst/pm_first_stage_wrap_inst/first_stage_fsmd_control/clock_IBUF_BUFG
    SLICE_X48Y67         FDCE                                         r  scd_estimator_inst/pm_first_stage_wrap_inst/first_stage_fsmd_control/r_fft_data_in_reg_reg[9]/C
                         clock pessimism             -0.252     1.760    
    SLICE_X48Y67         FDCE (Remov_fdce_C_CLR)     -0.092     1.668    scd_estimator_inst/pm_first_stage_wrap_inst/first_stage_fsmd_control/r_fft_data_in_reg_reg[9]
  -------------------------------------------------------------------
                         required time                         -1.668    
                         arrival time                           8.346    
  -------------------------------------------------------------------
                         slack                                  6.677    





--------------------------------------------------------------------------------------
Path Group:  (none)
From Clock:  sys_clk
  To Clock:  

Max Delay            19 Endpoints
Min Delay            19 Endpoints
--------------------------------------------------------------------------------------


Max Delay Paths
--------------------------------------------------------------------------------------
Slack:                    inf
  Source:                 scd_estimator_inst/pm_second_stage_wrap_inst/second_stage_fsmd_inst/r_scd_done_reg/C
                            (rising edge-triggered cell FDRE clocked by sys_clk  {rise@0.000ns fall@12.500ns period=25.000ns})
  Destination:            o_est_done
                            (output port)
  Path Group:             (none)
  Path Type:              Max at Slow Process Corner
  Data Path Delay:        8.566ns  (logic 3.141ns (36.667%)  route 5.425ns (63.333%))
  Logic Levels:           1  (OBUF=1)
  Clock Uncertainty:      0.025ns  ((TSJ^2 + TIJ^2)^1/2 + DJ) / 2 + PE
    Total System Jitter     (TSJ):    0.050ns
    Total Input Jitter      (TIJ):    0.000ns
    Discrete Jitter          (DJ):    0.000ns
    Phase Error              (PE):    0.000ns

    Location             Delay type                Incr(ns)  Path(ns)    Netlist Resource(s)
  -------------------------------------------------------------------    -------------------
                         (clock sys_clk rise edge)    0.000     0.000 r  
    Y9                                                0.000     0.000 r  clock (IN)
                         net (fo=0)                   0.000     0.000    clock
    Y9                   IBUF (Prop_ibuf_I_O)         1.490     1.490 r  clock_IBUF_inst/O
                         net (fo=1, routed)           2.171     3.661    clock_IBUF
    BUFGCTRL_X0Y0        BUFG (Prop_bufg_I_O)         0.101     3.762 r  clock_IBUF_BUFG_inst/O
                         net (fo=23041, routed)       1.743     5.505    scd_estimator_inst/pm_second_stage_wrap_inst/second_stage_fsmd_inst/clock_IBUF_BUFG
    SLICE_X30Y8          FDRE                                         r  scd_estimator_inst/pm_second_stage_wrap_inst/second_stage_fsmd_inst/r_scd_done_reg/C
  -------------------------------------------------------------------    -------------------
    SLICE_X30Y8          FDRE (Prop_fdre_C_Q)         0.518     6.023 r  scd_estimator_inst/pm_second_stage_wrap_inst/second_stage_fsmd_inst/r_scd_done_reg/Q
                         net (fo=1, routed)           5.425    11.448    o_est_done_OBUF
    U21                  OBUF (Prop_obuf_I_O)         2.623    14.071 r  o_est_done_OBUF_inst/O
                         net (fo=0)                   0.000    14.071    o_est_done
    U21                                                               r  o_est_done (OUT)
  -------------------------------------------------------------------    -------------------

Slack:                    inf
  Source:                 scd_estimator_inst/pm_second_stage_wrap_inst/fft_done_detector_inst/FSM_onehot_state_reg[3]/C
                            (rising edge-triggered cell FDRE clocked by sys_clk  {rise@0.000ns fall@12.500ns period=25.000ns})
  Destination:            o_detection_done
                            (output port)
  Path Group:             (none)
  Path Type:              Max at Slow Process Corner
  Data Path Delay:        5.536ns  (logic 3.209ns (57.971%)  route 2.327ns (42.029%))
  Logic Levels:           1  (OBUF=1)
  Clock Uncertainty:      0.025ns  ((TSJ^2 + TIJ^2)^1/2 + DJ) / 2 + PE
    Total System Jitter     (TSJ):    0.050ns
    Total Input Jitter      (TIJ):    0.000ns
    Discrete Jitter          (DJ):    0.000ns
    Phase Error              (PE):    0.000ns

    Location             Delay type                Incr(ns)  Path(ns)    Netlist Resource(s)
  -------------------------------------------------------------------    -------------------
                         (clock sys_clk rise edge)    0.000     0.000 r  
    Y9                                                0.000     0.000 r  clock (IN)
                         net (fo=0)                   0.000     0.000    clock
    Y9                   IBUF (Prop_ibuf_I_O)         1.490     1.490 r  clock_IBUF_inst/O
                         net (fo=1, routed)           2.171     3.661    clock_IBUF
    BUFGCTRL_X0Y0        BUFG (Prop_bufg_I_O)         0.101     3.762 r  clock_IBUF_BUFG_inst/O
                         net (fo=23041, routed)       1.866     5.628    scd_estimator_inst/pm_second_stage_wrap_inst/fft_done_detector_inst/clock_IBUF_BUFG
    SLICE_X106Y54        FDRE                                         r  scd_estimator_inst/pm_second_stage_wrap_inst/fft_done_detector_inst/FSM_onehot_state_reg[3]/C
  -------------------------------------------------------------------    -------------------
    SLICE_X106Y54        FDRE (Prop_fdre_C_Q)         0.419     6.047 r  scd_estimator_inst/pm_second_stage_wrap_inst/fft_done_detector_inst/FSM_onehot_state_reg[3]/Q
                         net (fo=6, routed)           2.327     8.374    o_detection_done_OBUF
    T22                  OBUF (Prop_obuf_I_O)         2.790    11.165 r  o_detection_done_OBUF_inst/O
                         net (fo=0)                   0.000    11.165    o_detection_done
    T22                                                               r  o_detection_done (OUT)
  -------------------------------------------------------------------    -------------------

Slack:                    inf
  Source:                 detection_compare_inst/r_detect_counter_reg[2]/C
                            (rising edge-triggered cell FDRE clocked by sys_clk  {rise@0.000ns fall@12.500ns period=25.000ns})
  Destination:            o_detect[2]
                            (output port)
  Path Group:             (none)
  Path Type:              Max at Slow Process Corner
  Data Path Delay:        5.418ns  (logic 3.080ns (56.843%)  route 2.338ns (43.157%))
  Logic Levels:           1  (OBUF=1)
  Clock Uncertainty:      0.025ns  ((TSJ^2 + TIJ^2)^1/2 + DJ) / 2 + PE
    Total System Jitter     (TSJ):    0.050ns
    Total Input Jitter      (TIJ):    0.000ns
    Discrete Jitter          (DJ):    0.000ns
    Phase Error              (PE):    0.000ns

    Location             Delay type                Incr(ns)  Path(ns)    Netlist Resource(s)
  -------------------------------------------------------------------    -------------------
                         (clock sys_clk rise edge)    0.000     0.000 r  
    Y9                                                0.000     0.000 r  clock (IN)
                         net (fo=0)                   0.000     0.000    clock
    Y9                   IBUF (Prop_ibuf_I_O)         1.490     1.490 r  clock_IBUF_inst/O
                         net (fo=1, routed)           2.171     3.661    clock_IBUF
    BUFGCTRL_X0Y0        BUFG (Prop_bufg_I_O)         0.101     3.762 r  clock_IBUF_BUFG_inst/O
                         net (fo=23041, routed)       1.877     5.639    detection_compare_inst/clock_IBUF_BUFG
    SLICE_X111Y39        FDRE                                         r  detection_compare_inst/r_detect_counter_reg[2]/C
  -------------------------------------------------------------------    -------------------
    SLICE_X111Y39        FDRE (Prop_fdre_C_Q)         0.456     6.095 r  detection_compare_inst/r_detect_counter_reg[2]/Q
                         net (fo=2, routed)           2.338     8.434    o_detect_OBUF[2]
    Y20                  OBUF (Prop_obuf_I_O)         2.624    11.058 r  o_detect_OBUF[2]_inst/O
                         net (fo=0)                   0.000    11.058    o_detect[2]
    Y20                                                               r  o_detect[2] (OUT)
  -------------------------------------------------------------------    -------------------

Slack:                    inf
  Source:                 detection_compare_inst/r_detect_counter_reg[0]/C
                            (rising edge-triggered cell FDRE clocked by sys_clk  {rise@0.000ns fall@12.500ns period=25.000ns})
  Destination:            o_detect[0]
                            (output port)
  Path Group:             (none)
  Path Type:              Max at Slow Process Corner
  Data Path Delay:        5.151ns  (logic 3.086ns (59.905%)  route 2.065ns (40.095%))
  Logic Levels:           1  (OBUF=1)
  Clock Uncertainty:      0.025ns  ((TSJ^2 + TIJ^2)^1/2 + DJ) / 2 + PE
    Total System Jitter     (TSJ):    0.050ns
    Total Input Jitter      (TIJ):    0.000ns
    Discrete Jitter          (DJ):    0.000ns
    Phase Error              (PE):    0.000ns

    Location             Delay type                Incr(ns)  Path(ns)    Netlist Resource(s)
  -------------------------------------------------------------------    -------------------
                         (clock sys_clk rise edge)    0.000     0.000 r  
    Y9                                                0.000     0.000 r  clock (IN)
                         net (fo=0)                   0.000     0.000    clock
    Y9                   IBUF (Prop_ibuf_I_O)         1.490     1.490 r  clock_IBUF_inst/O
                         net (fo=1, routed)           2.171     3.661    clock_IBUF
    BUFGCTRL_X0Y0        BUFG (Prop_bufg_I_O)         0.101     3.762 r  clock_IBUF_BUFG_inst/O
                         net (fo=23041, routed)       1.877     5.639    detection_compare_inst/clock_IBUF_BUFG
    SLICE_X111Y39        FDRE                                         r  detection_compare_inst/r_detect_counter_reg[0]/C
  -------------------------------------------------------------------    -------------------
    SLICE_X111Y39        FDRE (Prop_fdre_C_Q)         0.456     6.095 r  detection_compare_inst/r_detect_counter_reg[0]/Q
                         net (fo=2, routed)           2.065     8.161    o_detect_OBUF[0]
    AB19                 OBUF (Prop_obuf_I_O)         2.630    10.790 r  o_detect_OBUF[0]_inst/O
                         net (fo=0)                   0.000    10.790    o_detect[0]
    AB19                                                              r  o_detect[0] (OUT)
  -------------------------------------------------------------------    -------------------

Slack:                    inf
  Source:                 detection_compare_inst/r_detect_counter_reg[1]/C
                            (rising edge-triggered cell FDRE clocked by sys_clk  {rise@0.000ns fall@12.500ns period=25.000ns})
  Destination:            o_detect[1]
                            (output port)
  Path Group:             (none)
  Path Type:              Max at Slow Process Corner
  Data Path Delay:        5.134ns  (logic 3.081ns (60.015%)  route 2.053ns (39.985%))
  Logic Levels:           1  (OBUF=1)
  Clock Uncertainty:      0.025ns  ((TSJ^2 + TIJ^2)^1/2 + DJ) / 2 + PE
    Total System Jitter     (TSJ):    0.050ns
    Total Input Jitter      (TIJ):    0.000ns
    Discrete Jitter          (DJ):    0.000ns
    Phase Error              (PE):    0.000ns

    Location             Delay type                Incr(ns)  Path(ns)    Netlist Resource(s)
  -------------------------------------------------------------------    -------------------
                         (clock sys_clk rise edge)    0.000     0.000 r  
    Y9                                                0.000     0.000 r  clock (IN)
                         net (fo=0)                   0.000     0.000    clock
    Y9                   IBUF (Prop_ibuf_I_O)         1.490     1.490 r  clock_IBUF_inst/O
                         net (fo=1, routed)           2.171     3.661    clock_IBUF
    BUFGCTRL_X0Y0        BUFG (Prop_bufg_I_O)         0.101     3.762 r  clock_IBUF_BUFG_inst/O
                         net (fo=23041, routed)       1.877     5.639    detection_compare_inst/clock_IBUF_BUFG
    SLICE_X111Y39        FDRE                                         r  detection_compare_inst/r_detect_counter_reg[1]/C
  -------------------------------------------------------------------    -------------------
    SLICE_X111Y39        FDRE (Prop_fdre_C_Q)         0.456     6.095 r  detection_compare_inst/r_detect_counter_reg[1]/Q
                         net (fo=2, routed)           2.053     8.148    o_detect_OBUF[1]
    Y21                  OBUF (Prop_obuf_I_O)         2.625    10.773 r  o_detect_OBUF[1]_inst/O
                         net (fo=0)                   0.000    10.773    o_detect[1]
    Y21                                                               r  o_detect[1] (OUT)
  -------------------------------------------------------------------    -------------------

Slack:                    inf
  Source:                 detection_compare_inst/r_detect_counter_reg[3]/C
                            (rising edge-triggered cell FDRE clocked by sys_clk  {rise@0.000ns fall@12.500ns period=25.000ns})
  Destination:            o_detect[3]
                            (output port)
  Path Group:             (none)
  Path Type:              Max at Slow Process Corner
  Data Path Delay:        5.109ns  (logic 3.107ns (60.825%)  route 2.001ns (39.175%))
  Logic Levels:           1  (OBUF=1)
  Clock Uncertainty:      0.025ns  ((TSJ^2 + TIJ^2)^1/2 + DJ) / 2 + PE
    Total System Jitter     (TSJ):    0.050ns
    Total Input Jitter      (TIJ):    0.000ns
    Discrete Jitter          (DJ):    0.000ns
    Phase Error              (PE):    0.000ns

    Location             Delay type                Incr(ns)  Path(ns)    Netlist Resource(s)
  -------------------------------------------------------------------    -------------------
                         (clock sys_clk rise edge)    0.000     0.000 r  
    Y9                                                0.000     0.000 r  clock (IN)
                         net (fo=0)                   0.000     0.000    clock
    Y9                   IBUF (Prop_ibuf_I_O)         1.490     1.490 r  clock_IBUF_inst/O
                         net (fo=1, routed)           2.171     3.661    clock_IBUF
    BUFGCTRL_X0Y0        BUFG (Prop_bufg_I_O)         0.101     3.762 r  clock_IBUF_BUFG_inst/O
                         net (fo=23041, routed)       1.877     5.639    detection_compare_inst/clock_IBUF_BUFG
    SLICE_X111Y39        FDRE                                         r  detection_compare_inst/r_detect_counter_reg[3]/C
  -------------------------------------------------------------------    -------------------
    SLICE_X111Y39        FDRE (Prop_fdre_C_Q)         0.456     6.095 r  detection_compare_inst/r_detect_counter_reg[3]/Q
                         net (fo=2, routed)           2.001     8.097    o_detect_OBUF[3]
    AB21                 OBUF (Prop_obuf_I_O)         2.651    10.748 r  o_detect_OBUF[3]_inst/O
                         net (fo=0)                   0.000    10.748    o_detect[3]
    AB21                                                              r  o_detect[3] (OUT)
  -------------------------------------------------------------------    -------------------

Slack:                    inf
  Source:                 detection_compare_inst/r_detect_counter_reg[10]/C
                            (rising edge-triggered cell FDRE clocked by sys_clk  {rise@0.000ns fall@12.500ns period=25.000ns})
  Destination:            o_detect[10]
                            (output port)
  Path Group:             (none)
  Path Type:              Max at Slow Process Corner
  Data Path Delay:        5.033ns  (logic 3.064ns (60.882%)  route 1.969ns (39.118%))
  Logic Levels:           1  (OBUF=1)
  Clock Uncertainty:      0.025ns  ((TSJ^2 + TIJ^2)^1/2 + DJ) / 2 + PE
    Total System Jitter     (TSJ):    0.050ns
    Total Input Jitter      (TIJ):    0.000ns
    Discrete Jitter          (DJ):    0.000ns
    Phase Error              (PE):    0.000ns

    Location             Delay type                Incr(ns)  Path(ns)    Netlist Resource(s)
  -------------------------------------------------------------------    -------------------
                         (clock sys_clk rise edge)    0.000     0.000 r  
    Y9                                                0.000     0.000 r  clock (IN)
                         net (fo=0)                   0.000     0.000    clock
    Y9                   IBUF (Prop_ibuf_I_O)         1.490     1.490 r  clock_IBUF_inst/O
                         net (fo=1, routed)           2.171     3.661    clock_IBUF
    BUFGCTRL_X0Y0        BUFG (Prop_bufg_I_O)         0.101     3.762 r  clock_IBUF_BUFG_inst/O
                         net (fo=23041, routed)       1.878     5.640    detection_compare_inst/clock_IBUF_BUFG
    SLICE_X111Y41        FDRE                                         r  detection_compare_inst/r_detect_counter_reg[10]/C
  -------------------------------------------------------------------    -------------------
    SLICE_X111Y41        FDRE (Prop_fdre_C_Q)         0.456     6.096 r  detection_compare_inst/r_detect_counter_reg[10]/Q
                         net (fo=2, routed)           1.969     8.065    o_detect_OBUF[10]
    U20                  OBUF (Prop_obuf_I_O)         2.608    10.673 r  o_detect_OBUF[10]_inst/O
                         net (fo=0)                   0.000    10.673    o_detect[10]
    U20                                                               r  o_detect[10] (OUT)
  -------------------------------------------------------------------    -------------------

Slack:                    inf
  Source:                 detection_compare_inst/r_detect_counter_reg[15]/C
                            (rising edge-triggered cell FDRE clocked by sys_clk  {rise@0.000ns fall@12.500ns period=25.000ns})
  Destination:            o_detect[15]
                            (output port)
  Path Group:             (none)
  Path Type:              Max at Slow Process Corner
  Data Path Delay:        5.002ns  (logic 3.080ns (61.572%)  route 1.922ns (38.428%))
  Logic Levels:           1  (OBUF=1)
  Clock Uncertainty:      0.025ns  ((TSJ^2 + TIJ^2)^1/2 + DJ) / 2 + PE
    Total System Jitter     (TSJ):    0.050ns
    Total Input Jitter      (TIJ):    0.000ns
    Discrete Jitter          (DJ):    0.000ns
    Phase Error              (PE):    0.000ns

    Location             Delay type                Incr(ns)  Path(ns)    Netlist Resource(s)
  -------------------------------------------------------------------    -------------------
                         (clock sys_clk rise edge)    0.000     0.000 r  
    Y9                                                0.000     0.000 r  clock (IN)
                         net (fo=0)                   0.000     0.000    clock
    Y9                   IBUF (Prop_ibuf_I_O)         1.490     1.490 r  clock_IBUF_inst/O
                         net (fo=1, routed)           2.171     3.661    clock_IBUF
    BUFGCTRL_X0Y0        BUFG (Prop_bufg_I_O)         0.101     3.762 r  clock_IBUF_BUFG_inst/O
                         net (fo=23041, routed)       1.878     5.640    detection_compare_inst/clock_IBUF_BUFG
    SLICE_X111Y42        FDRE                                         r  detection_compare_inst/r_detect_counter_reg[15]/C
  -------------------------------------------------------------------    -------------------
    SLICE_X111Y42        FDRE (Prop_fdre_C_Q)         0.456     6.096 r  detection_compare_inst/r_detect_counter_reg[15]/Q
                         net (fo=2, routed)           1.922     8.019    o_detect_OBUF[15]
    U22                  OBUF (Prop_obuf_I_O)         2.624    10.643 r  o_detect_OBUF[15]_inst/O
                         net (fo=0)                   0.000    10.643    o_detect[15]
    U22                                                               r  o_detect[15] (OUT)
  -------------------------------------------------------------------    -------------------

Slack:                    inf
  Source:                 detection_compare_inst/r_detect_counter_reg[4]/C
                            (rising edge-triggered cell FDRE clocked by sys_clk  {rise@0.000ns fall@12.500ns period=25.000ns})
  Destination:            o_detect[4]
                            (output port)
  Path Group:             (none)
  Path Type:              Max at Slow Process Corner
  Data Path Delay:        4.973ns  (logic 3.096ns (62.261%)  route 1.877ns (37.739%))
  Logic Levels:           1  (OBUF=1)
  Clock Uncertainty:      0.025ns  ((TSJ^2 + TIJ^2)^1/2 + DJ) / 2 + PE
    Total System Jitter     (TSJ):    0.050ns
    Total Input Jitter      (TIJ):    0.000ns
    Discrete Jitter          (DJ):    0.000ns
    Phase Error              (PE):    0.000ns

    Location             Delay type                Incr(ns)  Path(ns)    Netlist Resource(s)
  -------------------------------------------------------------------    -------------------
                         (clock sys_clk rise edge)    0.000     0.000 r  
    Y9                                                0.000     0.000 r  clock (IN)
                         net (fo=0)                   0.000     0.000    clock
    Y9                   IBUF (Prop_ibuf_I_O)         1.490     1.490 r  clock_IBUF_inst/O
                         net (fo=1, routed)           2.171     3.661    clock_IBUF
    BUFGCTRL_X0Y0        BUFG (Prop_bufg_I_O)         0.101     3.762 r  clock_IBUF_BUFG_inst/O
                         net (fo=23041, routed)       1.877     5.639    detection_compare_inst/clock_IBUF_BUFG
    SLICE_X111Y40        FDRE                                         r  detection_compare_inst/r_detect_counter_reg[4]/C
  -------------------------------------------------------------------    -------------------
    SLICE_X111Y40        FDRE (Prop_fdre_C_Q)         0.456     6.095 r  detection_compare_inst/r_detect_counter_reg[4]/Q
                         net (fo=2, routed)           1.877     7.972    o_detect_OBUF[4]
    AA21                 OBUF (Prop_obuf_I_O)         2.640    10.612 r  o_detect_OBUF[4]_inst/O
                         net (fo=0)                   0.000    10.612    o_detect[4]
    AA21                                                              r  o_detect[4] (OUT)
  -------------------------------------------------------------------    -------------------

Slack:                    inf
  Source:                 detection_compare_inst/r_detect_counter_reg[8]/C
                            (rising edge-triggered cell FDRE clocked by sys_clk  {rise@0.000ns fall@12.500ns period=25.000ns})
  Destination:            o_detect[8]
                            (output port)
  Path Group:             (none)
  Path Type:              Max at Slow Process Corner
  Data Path Delay:        4.938ns  (logic 3.078ns (62.323%)  route 1.861ns (37.677%))
  Logic Levels:           1  (OBUF=1)
  Clock Uncertainty:      0.025ns  ((TSJ^2 + TIJ^2)^1/2 + DJ) / 2 + PE
    Total System Jitter     (TSJ):    0.050ns
    Total Input Jitter      (TIJ):    0.000ns
    Discrete Jitter          (DJ):    0.000ns
    Phase Error              (PE):    0.000ns

    Location             Delay type                Incr(ns)  Path(ns)    Netlist Resource(s)
  -------------------------------------------------------------------    -------------------
                         (clock sys_clk rise edge)    0.000     0.000 r  
    Y9                                                0.000     0.000 r  clock (IN)
                         net (fo=0)                   0.000     0.000    clock
    Y9                   IBUF (Prop_ibuf_I_O)         1.490     1.490 r  clock_IBUF_inst/O
                         net (fo=1, routed)           2.171     3.661    clock_IBUF
    BUFGCTRL_X0Y0        BUFG (Prop_bufg_I_O)         0.101     3.762 r  clock_IBUF_BUFG_inst/O
                         net (fo=23041, routed)       1.878     5.640    detection_compare_inst/clock_IBUF_BUFG
    SLICE_X111Y41        FDRE                                         r  detection_compare_inst/r_detect_counter_reg[8]/C
  -------------------------------------------------------------------    -------------------
    SLICE_X111Y41        FDRE (Prop_fdre_C_Q)         0.456     6.096 r  detection_compare_inst/r_detect_counter_reg[8]/Q
                         net (fo=2, routed)           1.861     7.957    o_detect_OBUF[8]
    V18                  OBUF (Prop_obuf_I_O)         2.622    10.579 r  o_detect_OBUF[8]_inst/O
                         net (fo=0)                   0.000    10.579    o_detect[8]
    V18                                                               r  o_detect[8] (OUT)
  -------------------------------------------------------------------    -------------------





Min Delay Paths
--------------------------------------------------------------------------------------
Slack:                    inf
  Source:                 detection_compare_inst/r_detect_counter_reg[12]/C
                            (rising edge-triggered cell FDRE clocked by sys_clk  {rise@0.000ns fall@12.500ns period=25.000ns})
  Destination:            o_detect[12]
                            (output port)
  Path Group:             (none)
  Path Type:              Min at Fast Process Corner
  Data Path Delay:        1.638ns  (logic 1.299ns (79.310%)  route 0.339ns (20.690%))
  Logic Levels:           1  (OBUF=1)
  Clock Uncertainty:      0.025ns  ((TSJ^2 + TIJ^2)^1/2 + DJ) / 2 + PE
    Total System Jitter     (TSJ):    0.050ns
    Total Input Jitter      (TIJ):    0.000ns
    Discrete Jitter          (DJ):    0.000ns
    Phase Error              (PE):    0.000ns

    Location             Delay type                Incr(ns)  Path(ns)    Netlist Resource(s)
  -------------------------------------------------------------------    -------------------
                         (clock sys_clk rise edge)    0.000     0.000 r  
    Y9                                                0.000     0.000 r  clock (IN)
                         net (fo=0)                   0.000     0.000    clock
    Y9                   IBUF (Prop_ibuf_I_O)         0.258     0.258 r  clock_IBUF_inst/O
                         net (fo=1, routed)           0.663     0.921    clock_IBUF
    BUFGCTRL_X0Y0        BUFG (Prop_bufg_I_O)         0.026     0.947 r  clock_IBUF_BUFG_inst/O
                         net (fo=23041, routed)       0.639     1.586    detection_compare_inst/clock_IBUF_BUFG
    SLICE_X111Y42        FDRE                                         r  detection_compare_inst/r_detect_counter_reg[12]/C
  -------------------------------------------------------------------    -------------------
    SLICE_X111Y42        FDRE (Prop_fdre_C_Q)         0.141     1.727 r  detection_compare_inst/r_detect_counter_reg[12]/Q
                         net (fo=2, routed)           0.339     2.066    o_detect_OBUF[12]
    W20                  OBUF (Prop_obuf_I_O)         1.158     3.224 r  o_detect_OBUF[12]_inst/O
                         net (fo=0)                   0.000     3.224    o_detect[12]
    W20                                                               r  o_detect[12] (OUT)
  -------------------------------------------------------------------    -------------------

Slack:                    inf
  Source:                 detection_compare_inst/r_detect_counter_reg[6]/C
                            (rising edge-triggered cell FDRE clocked by sys_clk  {rise@0.000ns fall@12.500ns period=25.000ns})
  Destination:            o_detect[6]
                            (output port)
  Path Group:             (none)
  Path Type:              Min at Fast Process Corner
  Data Path Delay:        1.658ns  (logic 1.298ns (78.243%)  route 0.361ns (21.757%))
  Logic Levels:           1  (OBUF=1)
  Clock Uncertainty:      0.025ns  ((TSJ^2 + TIJ^2)^1/2 + DJ) / 2 + PE
    Total System Jitter     (TSJ):    0.050ns
    Total Input Jitter      (TIJ):    0.000ns
    Discrete Jitter          (DJ):    0.000ns
    Phase Error              (PE):    0.000ns

    Location             Delay type                Incr(ns)  Path(ns)    Netlist Resource(s)
  -------------------------------------------------------------------    -------------------
                         (clock sys_clk rise edge)    0.000     0.000 r  
    Y9                                                0.000     0.000 r  clock (IN)
                         net (fo=0)                   0.000     0.000    clock
    Y9                   IBUF (Prop_ibuf_I_O)         0.258     0.258 r  clock_IBUF_inst/O
                         net (fo=1, routed)           0.663     0.921    clock_IBUF
    BUFGCTRL_X0Y0        BUFG (Prop_bufg_I_O)         0.026     0.947 r  clock_IBUF_BUFG_inst/O
                         net (fo=23041, routed)       0.639     1.586    detection_compare_inst/clock_IBUF_BUFG
    SLICE_X111Y40        FDRE                                         r  detection_compare_inst/r_detect_counter_reg[6]/C
  -------------------------------------------------------------------    -------------------
    SLICE_X111Y40        FDRE (Prop_fdre_C_Q)         0.141     1.727 r  detection_compare_inst/r_detect_counter_reg[6]/Q
                         net (fo=2, routed)           0.361     2.088    o_detect_OBUF[6]
    AA22                 OBUF (Prop_obuf_I_O)         1.157     3.244 r  o_detect_OBUF[6]_inst/O
                         net (fo=0)                   0.000     3.244    o_detect[6]
    AA22                                                              r  o_detect[6] (OUT)
  -------------------------------------------------------------------    -------------------

Slack:                    inf
  Source:                 detection_compare_inst/r_detect_counter_reg[5]/C
                            (rising edge-triggered cell FDRE clocked by sys_clk  {rise@0.000ns fall@12.500ns period=25.000ns})
  Destination:            o_detect[5]
                            (output port)
  Path Group:             (none)
  Path Type:              Min at Fast Process Corner
  Data Path Delay:        1.665ns  (logic 1.307ns (78.500%)  route 0.358ns (21.500%))
  Logic Levels:           1  (OBUF=1)
  Clock Uncertainty:      0.025ns  ((TSJ^2 + TIJ^2)^1/2 + DJ) / 2 + PE
    Total System Jitter     (TSJ):    0.050ns
    Total Input Jitter      (TIJ):    0.000ns
    Discrete Jitter          (DJ):    0.000ns
    Phase Error              (PE):    0.000ns

    Location             Delay type                Incr(ns)  Path(ns)    Netlist Resource(s)
  -------------------------------------------------------------------    -------------------
                         (clock sys_clk rise edge)    0.000     0.000 r  
    Y9                                                0.000     0.000 r  clock (IN)
                         net (fo=0)                   0.000     0.000    clock
    Y9                   IBUF (Prop_ibuf_I_O)         0.258     0.258 r  clock_IBUF_inst/O
                         net (fo=1, routed)           0.663     0.921    clock_IBUF
    BUFGCTRL_X0Y0        BUFG (Prop_bufg_I_O)         0.026     0.947 r  clock_IBUF_BUFG_inst/O
                         net (fo=23041, routed)       0.639     1.586    detection_compare_inst/clock_IBUF_BUFG
    SLICE_X111Y40        FDRE                                         r  detection_compare_inst/r_detect_counter_reg[5]/C
  -------------------------------------------------------------------    -------------------
    SLICE_X111Y40        FDRE (Prop_fdre_C_Q)         0.141     1.727 r  detection_compare_inst/r_detect_counter_reg[5]/Q
                         net (fo=2, routed)           0.358     2.085    o_detect_OBUF[5]
    AB22                 OBUF (Prop_obuf_I_O)         1.166     3.251 r  o_detect_OBUF[5]_inst/O
                         net (fo=0)                   0.000     3.251    o_detect[5]
    AB22                                                              r  o_detect[5] (OUT)
  -------------------------------------------------------------------    -------------------

Slack:                    inf
  Source:                 detection_compare_inst/r_detect_counter_reg[13]/C
                            (rising edge-triggered cell FDRE clocked by sys_clk  {rise@0.000ns fall@12.500ns period=25.000ns})
  Destination:            o_detect[13]
                            (output port)
  Path Group:             (none)
  Path Type:              Min at Fast Process Corner
  Data Path Delay:        1.671ns  (logic 1.282ns (76.698%)  route 0.389ns (23.302%))
  Logic Levels:           1  (OBUF=1)
  Clock Uncertainty:      0.025ns  ((TSJ^2 + TIJ^2)^1/2 + DJ) / 2 + PE
    Total System Jitter     (TSJ):    0.050ns
    Total Input Jitter      (TIJ):    0.000ns
    Discrete Jitter          (DJ):    0.000ns
    Phase Error              (PE):    0.000ns

    Location             Delay type                Incr(ns)  Path(ns)    Netlist Resource(s)
  -------------------------------------------------------------------    -------------------
                         (clock sys_clk rise edge)    0.000     0.000 r  
    Y9                                                0.000     0.000 r  clock (IN)
                         net (fo=0)                   0.000     0.000    clock
    Y9                   IBUF (Prop_ibuf_I_O)         0.258     0.258 r  clock_IBUF_inst/O
                         net (fo=1, routed)           0.663     0.921    clock_IBUF
    BUFGCTRL_X0Y0        BUFG (Prop_bufg_I_O)         0.026     0.947 r  clock_IBUF_BUFG_inst/O
                         net (fo=23041, routed)       0.639     1.586    detection_compare_inst/clock_IBUF_BUFG
    SLICE_X111Y42        FDRE                                         r  detection_compare_inst/r_detect_counter_reg[13]/C
  -------------------------------------------------------------------    -------------------
    SLICE_X111Y42        FDRE (Prop_fdre_C_Q)         0.141     1.727 r  detection_compare_inst/r_detect_counter_reg[13]/Q
                         net (fo=2, routed)           0.389     2.116    o_detect_OBUF[13]
    W22                  OBUF (Prop_obuf_I_O)         1.141     3.257 r  o_detect_OBUF[13]_inst/O
                         net (fo=0)                   0.000     3.257    o_detect[13]
    W22                                                               r  o_detect[13] (OUT)
  -------------------------------------------------------------------    -------------------

Slack:                    inf
  Source:                 detection_compare_inst/r_detect_counter_reg[7]/C
                            (rising edge-triggered cell FDRE clocked by sys_clk  {rise@0.000ns fall@12.500ns period=25.000ns})
  Destination:            o_detect[7]
                            (output port)
  Path Group:             (none)
  Path Type:              Min at Fast Process Corner
  Data Path Delay:        1.673ns  (logic 1.262ns (75.407%)  route 0.411ns (24.593%))
  Logic Levels:           1  (OBUF=1)
  Clock Uncertainty:      0.025ns  ((TSJ^2 + TIJ^2)^1/2 + DJ) / 2 + PE
    Total System Jitter     (TSJ):    0.050ns
    Total Input Jitter      (TIJ):    0.000ns
    Discrete Jitter          (DJ):    0.000ns
    Phase Error              (PE):    0.000ns

    Location             Delay type                Incr(ns)  Path(ns)    Netlist Resource(s)
  -------------------------------------------------------------------    -------------------
                         (clock sys_clk rise edge)    0.000     0.000 r  
    Y9                                                0.000     0.000 r  clock (IN)
                         net (fo=0)                   0.000     0.000    clock
    Y9                   IBUF (Prop_ibuf_I_O)         0.258     0.258 r  clock_IBUF_inst/O
                         net (fo=1, routed)           0.663     0.921    clock_IBUF
    BUFGCTRL_X0Y0        BUFG (Prop_bufg_I_O)         0.026     0.947 r  clock_IBUF_BUFG_inst/O
                         net (fo=23041, routed)       0.639     1.586    detection_compare_inst/clock_IBUF_BUFG
    SLICE_X111Y40        FDRE                                         r  detection_compare_inst/r_detect_counter_reg[7]/C
  -------------------------------------------------------------------    -------------------
    SLICE_X111Y40        FDRE (Prop_fdre_C_Q)         0.141     1.727 r  detection_compare_inst/r_detect_counter_reg[7]/Q
                         net (fo=2, routed)           0.411     2.138    o_detect_OBUF[7]
    V19                  OBUF (Prop_obuf_I_O)         1.121     3.259 r  o_detect_OBUF[7]_inst/O
                         net (fo=0)                   0.000     3.259    o_detect[7]
    V19                                                               r  o_detect[7] (OUT)
  -------------------------------------------------------------------    -------------------

Slack:                    inf
  Source:                 detection_compare_inst/r_detect_counter_reg[11]/C
                            (rising edge-triggered cell FDRE clocked by sys_clk  {rise@0.000ns fall@12.500ns period=25.000ns})
  Destination:            o_detect[11]
                            (output port)
  Path Group:             (none)
  Path Type:              Min at Fast Process Corner
  Data Path Delay:        1.677ns  (logic 1.286ns (76.670%)  route 0.391ns (23.330%))
  Logic Levels:           1  (OBUF=1)
  Clock Uncertainty:      0.025ns  ((TSJ^2 + TIJ^2)^1/2 + DJ) / 2 + PE
    Total System Jitter     (TSJ):    0.050ns
    Total Input Jitter      (TIJ):    0.000ns
    Discrete Jitter          (DJ):    0.000ns
    Phase Error              (PE):    0.000ns

    Location             Delay type                Incr(ns)  Path(ns)    Netlist Resource(s)
  -------------------------------------------------------------------    -------------------
                         (clock sys_clk rise edge)    0.000     0.000 r  
    Y9                                                0.000     0.000 r  clock (IN)
                         net (fo=0)                   0.000     0.000    clock
    Y9                   IBUF (Prop_ibuf_I_O)         0.258     0.258 r  clock_IBUF_inst/O
                         net (fo=1, routed)           0.663     0.921    clock_IBUF
    BUFGCTRL_X0Y0        BUFG (Prop_bufg_I_O)         0.026     0.947 r  clock_IBUF_BUFG_inst/O
                         net (fo=23041, routed)       0.639     1.586    detection_compare_inst/clock_IBUF_BUFG
    SLICE_X111Y41        FDRE                                         r  detection_compare_inst/r_detect_counter_reg[11]/C
  -------------------------------------------------------------------    -------------------
    SLICE_X111Y41        FDRE (Prop_fdre_C_Q)         0.141     1.727 r  detection_compare_inst/r_detect_counter_reg[11]/Q
                         net (fo=2, routed)           0.391     2.118    o_detect_OBUF[11]
    W21                  OBUF (Prop_obuf_I_O)         1.145     3.263 r  o_detect_OBUF[11]_inst/O
                         net (fo=0)                   0.000     3.263    o_detect[11]
    W21                                                               r  o_detect[11] (OUT)
  -------------------------------------------------------------------    -------------------

Slack:                    inf
  Source:                 theshold_calculator_inst/noise_calc_inst/r_div_done_reg/C
                            (rising edge-triggered cell FDRE clocked by sys_clk  {rise@0.000ns fall@12.500ns period=25.000ns})
  Destination:            o_threshold_est_done
                            (output port)
  Path Group:             (none)
  Path Type:              Min at Fast Process Corner
  Data Path Delay:        1.680ns  (logic 1.265ns (75.277%)  route 0.415ns (24.723%))
  Logic Levels:           1  (OBUF=1)
  Clock Uncertainty:      0.025ns  ((TSJ^2 + TIJ^2)^1/2 + DJ) / 2 + PE
    Total System Jitter     (TSJ):    0.050ns
    Total Input Jitter      (TIJ):    0.000ns
    Discrete Jitter          (DJ):    0.000ns
    Phase Error              (PE):    0.000ns

    Location             Delay type                Incr(ns)  Path(ns)    Netlist Resource(s)
  -------------------------------------------------------------------    -------------------
                         (clock sys_clk rise edge)    0.000     0.000 r  
    Y9                                                0.000     0.000 r  clock (IN)
                         net (fo=0)                   0.000     0.000    clock
    Y9                   IBUF (Prop_ibuf_I_O)         0.258     0.258 r  clock_IBUF_inst/O
                         net (fo=1, routed)           0.663     0.921    clock_IBUF
    BUFGCTRL_X0Y0        BUFG (Prop_bufg_I_O)         0.026     0.947 r  clock_IBUF_BUFG_inst/O
                         net (fo=23041, routed)       0.638     1.585    theshold_calculator_inst/noise_calc_inst/clock_IBUF_BUFG
    SLICE_X113Y55        FDRE                                         r  theshold_calculator_inst/noise_calc_inst/r_div_done_reg/C
  -------------------------------------------------------------------    -------------------
    SLICE_X113Y55        FDRE (Prop_fdre_C_Q)         0.141     1.726 r  theshold_calculator_inst/noise_calc_inst/r_div_done_reg/Q
                         net (fo=1, routed)           0.415     2.141    o_threshold_est_done_OBUF
    T21                  OBUF (Prop_obuf_I_O)         1.124     3.265 r  o_threshold_est_done_OBUF_inst/O
                         net (fo=0)                   0.000     3.265    o_threshold_est_done
    T21                                                               r  o_threshold_est_done (OUT)
  -------------------------------------------------------------------    -------------------

Slack:                    inf
  Source:                 detection_compare_inst/r_detect_counter_reg[10]/C
                            (rising edge-triggered cell FDRE clocked by sys_clk  {rise@0.000ns fall@12.500ns period=25.000ns})
  Destination:            o_detect[10]
                            (output port)
  Path Group:             (none)
  Path Type:              Min at Fast Process Corner
  Data Path Delay:        1.694ns  (logic 1.266ns (74.749%)  route 0.428ns (25.251%))
  Logic Levels:           1  (OBUF=1)
  Clock Uncertainty:      0.025ns  ((TSJ^2 + TIJ^2)^1/2 + DJ) / 2 + PE
    Total System Jitter     (TSJ):    0.050ns
    Total Input Jitter      (TIJ):    0.000ns
    Discrete Jitter          (DJ):    0.000ns
    Phase Error              (PE):    0.000ns

    Location             Delay type                Incr(ns)  Path(ns)    Netlist Resource(s)
  -------------------------------------------------------------------    -------------------
                         (clock sys_clk rise edge)    0.000     0.000 r  
    Y9                                                0.000     0.000 r  clock (IN)
                         net (fo=0)                   0.000     0.000    clock
    Y9                   IBUF (Prop_ibuf_I_O)         0.258     0.258 r  clock_IBUF_inst/O
                         net (fo=1, routed)           0.663     0.921    clock_IBUF
    BUFGCTRL_X0Y0        BUFG (Prop_bufg_I_O)         0.026     0.947 r  clock_IBUF_BUFG_inst/O
                         net (fo=23041, routed)       0.639     1.586    detection_compare_inst/clock_IBUF_BUFG
    SLICE_X111Y41        FDRE                                         r  detection_compare_inst/r_detect_counter_reg[10]/C
  -------------------------------------------------------------------    -------------------
    SLICE_X111Y41        FDRE (Prop_fdre_C_Q)         0.141     1.727 r  detection_compare_inst/r_detect_counter_reg[10]/Q
                         net (fo=2, routed)           0.428     2.154    o_detect_OBUF[10]
    U20                  OBUF (Prop_obuf_I_O)         1.125     3.279 r  o_detect_OBUF[10]_inst/O
                         net (fo=0)                   0.000     3.279    o_detect[10]
    U20                                                               r  o_detect[10] (OUT)
  -------------------------------------------------------------------    -------------------

Slack:                    inf
  Source:                 detection_compare_inst/r_detect_counter_reg[8]/C
                            (rising edge-triggered cell FDRE clocked by sys_clk  {rise@0.000ns fall@12.500ns period=25.000ns})
  Destination:            o_detect[8]
                            (output port)
  Path Group:             (none)
  Path Type:              Min at Fast Process Corner
  Data Path Delay:        1.696ns  (logic 1.280ns (75.438%)  route 0.417ns (24.562%))
  Logic Levels:           1  (OBUF=1)
  Clock Uncertainty:      0.025ns  ((TSJ^2 + TIJ^2)^1/2 + DJ) / 2 + PE
    Total System Jitter     (TSJ):    0.050ns
    Total Input Jitter      (TIJ):    0.000ns
    Discrete Jitter          (DJ):    0.000ns
    Phase Error              (PE):    0.000ns

    Location             Delay type                Incr(ns)  Path(ns)    Netlist Resource(s)
  -------------------------------------------------------------------    -------------------
                         (clock sys_clk rise edge)    0.000     0.000 r  
    Y9                                                0.000     0.000 r  clock (IN)
                         net (fo=0)                   0.000     0.000    clock
    Y9                   IBUF (Prop_ibuf_I_O)         0.258     0.258 r  clock_IBUF_inst/O
                         net (fo=1, routed)           0.663     0.921    clock_IBUF
    BUFGCTRL_X0Y0        BUFG (Prop_bufg_I_O)         0.026     0.947 r  clock_IBUF_BUFG_inst/O
                         net (fo=23041, routed)       0.639     1.586    detection_compare_inst/clock_IBUF_BUFG
    SLICE_X111Y41        FDRE                                         r  detection_compare_inst/r_detect_counter_reg[8]/C
  -------------------------------------------------------------------    -------------------
    SLICE_X111Y41        FDRE (Prop_fdre_C_Q)         0.141     1.727 r  detection_compare_inst/r_detect_counter_reg[8]/Q
                         net (fo=2, routed)           0.417     2.143    o_detect_OBUF[8]
    V18                  OBUF (Prop_obuf_I_O)         1.139     3.282 r  o_detect_OBUF[8]_inst/O
                         net (fo=0)                   0.000     3.282    o_detect[8]
    V18                                                               r  o_detect[8] (OUT)
  -------------------------------------------------------------------    -------------------

Slack:                    inf
  Source:                 detection_compare_inst/r_detect_counter_reg[9]/C
                            (rising edge-triggered cell FDRE clocked by sys_clk  {rise@0.000ns fall@12.500ns period=25.000ns})
  Destination:            o_detect[9]
                            (output port)
  Path Group:             (none)
  Path Type:              Min at Fast Process Corner
  Data Path Delay:        1.700ns  (logic 1.288ns (75.788%)  route 0.412ns (24.212%))
  Logic Levels:           1  (OBUF=1)
  Clock Uncertainty:      0.025ns  ((TSJ^2 + TIJ^2)^1/2 + DJ) / 2 + PE
    Total System Jitter     (TSJ):    0.050ns
    Total Input Jitter      (TIJ):    0.000ns
    Discrete Jitter          (DJ):    0.000ns
    Phase Error              (PE):    0.000ns

    Location             Delay type                Incr(ns)  Path(ns)    Netlist Resource(s)
  -------------------------------------------------------------------    -------------------
                         (clock sys_clk rise edge)    0.000     0.000 r  
    Y9                                                0.000     0.000 r  clock (IN)
                         net (fo=0)                   0.000     0.000    clock
    Y9                   IBUF (Prop_ibuf_I_O)         0.258     0.258 r  clock_IBUF_inst/O
                         net (fo=1, routed)           0.663     0.921    clock_IBUF
    BUFGCTRL_X0Y0        BUFG (Prop_bufg_I_O)         0.026     0.947 r  clock_IBUF_BUFG_inst/O
                         net (fo=23041, routed)       0.639     1.586    detection_compare_inst/clock_IBUF_BUFG
    SLICE_X111Y41        FDRE                                         r  detection_compare_inst/r_detect_counter_reg[9]/C
  -------------------------------------------------------------------    -------------------
    SLICE_X111Y41        FDRE (Prop_fdre_C_Q)         0.141     1.727 r  detection_compare_inst/r_detect_counter_reg[9]/Q
                         net (fo=2, routed)           0.412     2.138    o_detect_OBUF[9]
    V20                  OBUF (Prop_obuf_I_O)         1.147     3.286 r  o_detect_OBUF[9]_inst/O
                         net (fo=0)                   0.000     3.286    o_detect[9]
    V20                                                               r  o_detect[9] (OUT)
  -------------------------------------------------------------------    -------------------





--------------------------------------------------------------------------------------
Path Group:  (none)
From Clock:  
  To Clock:  sys_clk

Max Delay          2928 Endpoints
Min Delay          2928 Endpoints
--------------------------------------------------------------------------------------


Max Delay Paths
--------------------------------------------------------------------------------------
Slack:                    inf
  Source:                 i_pfa_value[0]
                            (input port)
  Destination:            theshold_calculator_inst/r_threshold_value_reg[10]/D
                            (rising edge-triggered cell FDRE clocked by sys_clk  {rise@0.000ns fall@12.500ns period=25.000ns})
  Path Group:             (none)
  Path Type:              Setup (Max at Slow Process Corner)
  Data Path Delay:        23.650ns  (logic 14.576ns (61.635%)  route 9.073ns (38.365%))
  Logic Levels:           19  (CARRY4=11 DSP48E1=4 IBUF=1 LUT3=1 LUT4=2)
  Clock Path Skew:        5.092ns (DCD - SCD + CPR)
    Destination Clock Delay (DCD):    5.092ns
    Source Clock Delay      (SCD):    0.000ns
    Clock Pessimism Removal (CPR):    0.000ns
  Clock Uncertainty:      0.025ns  ((TSJ^2 + TIJ^2)^1/2 + DJ) / 2 + PE
    Total System Jitter     (TSJ):    0.050ns
    Total Input Jitter      (TIJ):    0.000ns
    Discrete Jitter          (DJ):    0.000ns
    Phase Error              (PE):    0.000ns

    Location             Delay type                Incr(ns)  Path(ns)    Netlist Resource(s)
  -------------------------------------------------------------------    -------------------
    U15                                               0.000     0.000 r  i_pfa_value[0] (IN)
                         net (fo=0)                   0.000     0.000    i_pfa_value[0]
    U15                  IBUF (Prop_ibuf_I_O)         0.961     0.961 r  i_pfa_value_IBUF[0]_inst/O
                         net (fo=47, routed)          4.284     5.245    theshold_calculator_inst/i_pfa_value_IBUF[0]
    SLICE_X103Y85        LUT4 (Prop_lut4_I2_O)        0.124     5.369 r  theshold_calculator_inst/r_threshold_value1__1_i_9/O
                         net (fo=2, routed)           0.811     6.180    theshold_calculator_inst/r_threshold_value1__1_i_9_n_0
    DSP48_X4Y35          DSP48E1 (Prop_dsp48e1_A[8]_PCOUT[47])
                                                      4.036    10.216 r  theshold_calculator_inst/r_threshold_value1__1/PCOUT[47]
                         net (fo=1, routed)           0.002    10.218    theshold_calculator_inst/r_threshold_value1__1_n_106
    DSP48_X4Y36          DSP48E1 (Prop_dsp48e1_PCIN[47]_PCOUT[47])
                                                      1.713    11.931 r  theshold_calculator_inst/r_threshold_value1__2/PCOUT[47]
                         net (fo=1, routed)           0.002    11.933    theshold_calculator_inst/r_threshold_value1__2_n_106
    DSP48_X4Y37          DSP48E1 (Prop_dsp48e1_PCIN[47]_P[1])
                                                      1.518    13.451 r  theshold_calculator_inst/r_threshold_value1__3/P[1]
                         net (fo=3, routed)           1.147    14.598    theshold_calculator_inst/r_threshold_value1__3_n_104
    SLICE_X102Y83        LUT3 (Prop_lut3_I1_O)        0.149    14.747 r  theshold_calculator_inst/r_threshold_value0__1_i_24/O
                         net (fo=2, routed)           0.607    15.354    theshold_calculator_inst/r_threshold_value0__1_i_24_n_0
    SLICE_X102Y84        LUT4 (Prop_lut4_I3_O)        0.355    15.709 r  theshold_calculator_inst/r_threshold_value0__1_i_28/O
                         net (fo=1, routed)           0.000    15.709    theshold_calculator_inst/r_threshold_value0__1_i_28_n_0
    SLICE_X102Y84        CARRY4 (Prop_carry4_S[0]_CO[3])
                                                      0.513    16.222 r  theshold_calculator_inst/r_threshold_value0__1_i_3/CO[3]
                         net (fo=1, routed)           0.000    16.222    theshold_calculator_inst/r_threshold_value0__1_i_3_n_0
    SLICE_X102Y85        CARRY4 (Prop_carry4_CI_CO[3])
                                                      0.117    16.339 r  theshold_calculator_inst/r_threshold_value0__1_i_2/CO[3]
                         net (fo=1, routed)           0.000    16.339    theshold_calculator_inst/r_threshold_value0__1_i_2_n_0
    SLICE_X102Y86        CARRY4 (Prop_carry4_CI_CO[3])
                                                      0.117    16.456 r  theshold_calculator_inst/r_threshold_value0__1_i_1/CO[3]
                         net (fo=1, routed)           0.000    16.456    theshold_calculator_inst/r_threshold_value0__1_i_1_n_0
    SLICE_X102Y87        CARRY4 (Prop_carry4_CI_CO[3])
                                                      0.117    16.573 r  theshold_calculator_inst/r_threshold_value0__0_i_5/CO[3]
                         net (fo=1, routed)           0.000    16.573    theshold_calculator_inst/r_threshold_value0__0_i_5_n_0
    SLICE_X102Y88        CARRY4 (Prop_carry4_CI_CO[3])
                                                      0.117    16.690 r  theshold_calculator_inst/r_threshold_value0__0_i_4/CO[3]
                         net (fo=1, routed)           0.000    16.690    theshold_calculator_inst/r_threshold_value0__0_i_4_n_0
    SLICE_X102Y89        CARRY4 (Prop_carry4_CI_CO[3])
                                                      0.117    16.807 r  theshold_calculator_inst/r_threshold_value0__0_i_3/CO[3]
                         net (fo=1, routed)           0.000    16.807    theshold_calculator_inst/r_threshold_value0__0_i_3_n_0
    SLICE_X102Y90        CARRY4 (Prop_carry4_CI_CO[3])
                                                      0.117    16.924 r  theshold_calculator_inst/r_threshold_value0__0_i_2/CO[3]
                         net (fo=1, routed)           0.000    16.924    theshold_calculator_inst/r_threshold_value0__0_i_2_n_0
    SLICE_X102Y91        CARRY4 (Prop_carry4_CI_CO[3])
                                                      0.117    17.041 r  theshold_calculator_inst/r_threshold_value0__0_i_1/CO[3]
                         net (fo=1, routed)           0.000    17.041    theshold_calculator_inst/r_threshold_value0__0_i_1_n_0
    SLICE_X102Y92        CARRY4 (Prop_carry4_CI_CO[3])
                                                      0.117    17.158 r  theshold_calculator_inst/r_threshold_value0_i_3/CO[3]
                         net (fo=1, routed)           0.000    17.158    theshold_calculator_inst/r_threshold_value0_i_3_n_0
    SLICE_X102Y93        CARRY4 (Prop_carry4_CI_CO[3])
                                                      0.117    17.275 r  theshold_calculator_inst/r_threshold_value0_i_2/CO[3]
                         net (fo=1, routed)           0.000    17.275    theshold_calculator_inst/r_threshold_value0_i_2_n_0
    SLICE_X102Y94        CARRY4 (Prop_carry4_CI_O[3])
                                                      0.315    17.590 r  theshold_calculator_inst/r_threshold_value0_i_1/O[3]
                         net (fo=14, routed)          1.076    18.665    theshold_calculator_inst/r_threshold_value0_i_1_n_4
    DSP48_X3Y40          DSP48E1 (Prop_dsp48e1_B[11]_P[10])
                                                      3.839    22.504 r  theshold_calculator_inst/r_threshold_value0/P[10]
                         net (fo=1, routed)           1.145    23.650    theshold_calculator_inst/r_threshold_value0_n_95
    SLICE_X96Y92         FDRE                                         r  theshold_calculator_inst/r_threshold_value_reg[10]/D
  -------------------------------------------------------------------    -------------------

                         (clock sys_clk rise edge)    0.000     0.000 r  
    Y9                                                0.000     0.000 r  clock (IN)
                         net (fo=0)                   0.000     0.000    clock
    Y9                   IBUF (Prop_ibuf_I_O)         1.420     1.420 r  clock_IBUF_inst/O
                         net (fo=1, routed)           1.972     3.392    clock_IBUF
    BUFGCTRL_X0Y0        BUFG (Prop_bufg_I_O)         0.091     3.483 r  clock_IBUF_BUFG_inst/O
                         net (fo=23041, routed)       1.610     5.092    theshold_calculator_inst/clock_IBUF_BUFG
    SLICE_X96Y92         FDRE                                         r  theshold_calculator_inst/r_threshold_value_reg[10]/C

Slack:                    inf
  Source:                 i_pfa_value[0]
                            (input port)
  Destination:            theshold_calculator_inst/r_threshold_value_reg[4]/D
                            (rising edge-triggered cell FDRE clocked by sys_clk  {rise@0.000ns fall@12.500ns period=25.000ns})
  Path Group:             (none)
  Path Type:              Setup (Max at Slow Process Corner)
  Data Path Delay:        23.641ns  (logic 14.576ns (61.658%)  route 9.064ns (38.342%))
  Logic Levels:           19  (CARRY4=11 DSP48E1=4 IBUF=1 LUT3=1 LUT4=2)
  Clock Path Skew:        5.091ns (DCD - SCD + CPR)
    Destination Clock Delay (DCD):    5.091ns
    Source Clock Delay      (SCD):    0.000ns
    Clock Pessimism Removal (CPR):    0.000ns
  Clock Uncertainty:      0.025ns  ((TSJ^2 + TIJ^2)^1/2 + DJ) / 2 + PE
    Total System Jitter     (TSJ):    0.050ns
    Total Input Jitter      (TIJ):    0.000ns
    Discrete Jitter          (DJ):    0.000ns
    Phase Error              (PE):    0.000ns

    Location             Delay type                Incr(ns)  Path(ns)    Netlist Resource(s)
  -------------------------------------------------------------------    -------------------
    U15                                               0.000     0.000 r  i_pfa_value[0] (IN)
                         net (fo=0)                   0.000     0.000    i_pfa_value[0]
    U15                  IBUF (Prop_ibuf_I_O)         0.961     0.961 r  i_pfa_value_IBUF[0]_inst/O
                         net (fo=47, routed)          4.284     5.245    theshold_calculator_inst/i_pfa_value_IBUF[0]
    SLICE_X103Y85        LUT4 (Prop_lut4_I2_O)        0.124     5.369 r  theshold_calculator_inst/r_threshold_value1__1_i_9/O
                         net (fo=2, routed)           0.811     6.180    theshold_calculator_inst/r_threshold_value1__1_i_9_n_0
    DSP48_X4Y35          DSP48E1 (Prop_dsp48e1_A[8]_PCOUT[47])
                                                      4.036    10.216 r  theshold_calculator_inst/r_threshold_value1__1/PCOUT[47]
                         net (fo=1, routed)           0.002    10.218    theshold_calculator_inst/r_threshold_value1__1_n_106
    DSP48_X4Y36          DSP48E1 (Prop_dsp48e1_PCIN[47]_PCOUT[47])
                                                      1.713    11.931 r  theshold_calculator_inst/r_threshold_value1__2/PCOUT[47]
                         net (fo=1, routed)           0.002    11.933    theshold_calculator_inst/r_threshold_value1__2_n_106
    DSP48_X4Y37          DSP48E1 (Prop_dsp48e1_PCIN[47]_P[1])
                                                      1.518    13.451 r  theshold_calculator_inst/r_threshold_value1__3/P[1]
                         net (fo=3, routed)           1.147    14.598    theshold_calculator_inst/r_threshold_value1__3_n_104
    SLICE_X102Y83        LUT3 (Prop_lut3_I1_O)        0.149    14.747 r  theshold_calculator_inst/r_threshold_value0__1_i_24/O
                         net (fo=2, routed)           0.607    15.354    theshold_calculator_inst/r_threshold_value0__1_i_24_n_0
    SLICE_X102Y84        LUT4 (Prop_lut4_I3_O)        0.355    15.709 r  theshold_calculator_inst/r_threshold_value0__1_i_28/O
                         net (fo=1, routed)           0.000    15.709    theshold_calculator_inst/r_threshold_value0__1_i_28_n_0
    SLICE_X102Y84        CARRY4 (Prop_carry4_S[0]_CO[3])
                                                      0.513    16.222 r  theshold_calculator_inst/r_threshold_value0__1_i_3/CO[3]
                         net (fo=1, routed)           0.000    16.222    theshold_calculator_inst/r_threshold_value0__1_i_3_n_0
    SLICE_X102Y85        CARRY4 (Prop_carry4_CI_CO[3])
                                                      0.117    16.339 r  theshold_calculator_inst/r_threshold_value0__1_i_2/CO[3]
                         net (fo=1, routed)           0.000    16.339    theshold_calculator_inst/r_threshold_value0__1_i_2_n_0
    SLICE_X102Y86        CARRY4 (Prop_carry4_CI_CO[3])
                                                      0.117    16.456 r  theshold_calculator_inst/r_threshold_value0__1_i_1/CO[3]
                         net (fo=1, routed)           0.000    16.456    theshold_calculator_inst/r_threshold_value0__1_i_1_n_0
    SLICE_X102Y87        CARRY4 (Prop_carry4_CI_CO[3])
                                                      0.117    16.573 r  theshold_calculator_inst/r_threshold_value0__0_i_5/CO[3]
                         net (fo=1, routed)           0.000    16.573    theshold_calculator_inst/r_threshold_value0__0_i_5_n_0
    SLICE_X102Y88        CARRY4 (Prop_carry4_CI_CO[3])
                                                      0.117    16.690 r  theshold_calculator_inst/r_threshold_value0__0_i_4/CO[3]
                         net (fo=1, routed)           0.000    16.690    theshold_calculator_inst/r_threshold_value0__0_i_4_n_0
    SLICE_X102Y89        CARRY4 (Prop_carry4_CI_CO[3])
                                                      0.117    16.807 r  theshold_calculator_inst/r_threshold_value0__0_i_3/CO[3]
                         net (fo=1, routed)           0.000    16.807    theshold_calculator_inst/r_threshold_value0__0_i_3_n_0
    SLICE_X102Y90        CARRY4 (Prop_carry4_CI_CO[3])
                                                      0.117    16.924 r  theshold_calculator_inst/r_threshold_value0__0_i_2/CO[3]
                         net (fo=1, routed)           0.000    16.924    theshold_calculator_inst/r_threshold_value0__0_i_2_n_0
    SLICE_X102Y91        CARRY4 (Prop_carry4_CI_CO[3])
                                                      0.117    17.041 r  theshold_calculator_inst/r_threshold_value0__0_i_1/CO[3]
                         net (fo=1, routed)           0.000    17.041    theshold_calculator_inst/r_threshold_value0__0_i_1_n_0
    SLICE_X102Y92        CARRY4 (Prop_carry4_CI_CO[3])
                                                      0.117    17.158 r  theshold_calculator_inst/r_threshold_value0_i_3/CO[3]
                         net (fo=1, routed)           0.000    17.158    theshold_calculator_inst/r_threshold_value0_i_3_n_0
    SLICE_X102Y93        CARRY4 (Prop_carry4_CI_CO[3])
                                                      0.117    17.275 r  theshold_calculator_inst/r_threshold_value0_i_2/CO[3]
                         net (fo=1, routed)           0.000    17.275    theshold_calculator_inst/r_threshold_value0_i_2_n_0
    SLICE_X102Y94        CARRY4 (Prop_carry4_CI_O[3])
                                                      0.315    17.590 r  theshold_calculator_inst/r_threshold_value0_i_1/O[3]
                         net (fo=14, routed)          1.076    18.665    theshold_calculator_inst/r_threshold_value0_i_1_n_4
    DSP48_X3Y40          DSP48E1 (Prop_dsp48e1_B[11]_P[4])
                                                      3.839    22.504 r  theshold_calculator_inst/r_threshold_value0/P[4]
                         net (fo=1, routed)           1.136    23.641    theshold_calculator_inst/r_threshold_value0_n_101
    SLICE_X97Y90         FDRE                                         r  theshold_calculator_inst/r_threshold_value_reg[4]/D
  -------------------------------------------------------------------    -------------------

                         (clock sys_clk rise edge)    0.000     0.000 r  
    Y9                                                0.000     0.000 r  clock (IN)
                         net (fo=0)                   0.000     0.000    clock
    Y9                   IBUF (Prop_ibuf_I_O)         1.420     1.420 r  clock_IBUF_inst/O
                         net (fo=1, routed)           1.972     3.392    clock_IBUF
    BUFGCTRL_X0Y0        BUFG (Prop_bufg_I_O)         0.091     3.483 r  clock_IBUF_BUFG_inst/O
                         net (fo=23041, routed)       1.609     5.091    theshold_calculator_inst/clock_IBUF_BUFG
    SLICE_X97Y90         FDRE                                         r  theshold_calculator_inst/r_threshold_value_reg[4]/C

Slack:                    inf
  Source:                 i_pfa_value[0]
                            (input port)
  Destination:            theshold_calculator_inst/r_threshold_value_reg[8]/D
                            (rising edge-triggered cell FDRE clocked by sys_clk  {rise@0.000ns fall@12.500ns period=25.000ns})
  Path Group:             (none)
  Path Type:              Setup (Max at Slow Process Corner)
  Data Path Delay:        23.603ns  (logic 14.576ns (61.758%)  route 9.026ns (38.242%))
  Logic Levels:           19  (CARRY4=11 DSP48E1=4 IBUF=1 LUT3=1 LUT4=2)
  Clock Path Skew:        5.092ns (DCD - SCD + CPR)
    Destination Clock Delay (DCD):    5.092ns
    Source Clock Delay      (SCD):    0.000ns
    Clock Pessimism Removal (CPR):    0.000ns
  Clock Uncertainty:      0.025ns  ((TSJ^2 + TIJ^2)^1/2 + DJ) / 2 + PE
    Total System Jitter     (TSJ):    0.050ns
    Total Input Jitter      (TIJ):    0.000ns
    Discrete Jitter          (DJ):    0.000ns
    Phase Error              (PE):    0.000ns

    Location             Delay type                Incr(ns)  Path(ns)    Netlist Resource(s)
  -------------------------------------------------------------------    -------------------
    U15                                               0.000     0.000 r  i_pfa_value[0] (IN)
                         net (fo=0)                   0.000     0.000    i_pfa_value[0]
    U15                  IBUF (Prop_ibuf_I_O)         0.961     0.961 r  i_pfa_value_IBUF[0]_inst/O
                         net (fo=47, routed)          4.284     5.245    theshold_calculator_inst/i_pfa_value_IBUF[0]
    SLICE_X103Y85        LUT4 (Prop_lut4_I2_O)        0.124     5.369 r  theshold_calculator_inst/r_threshold_value1__1_i_9/O
                         net (fo=2, routed)           0.811     6.180    theshold_calculator_inst/r_threshold_value1__1_i_9_n_0
    DSP48_X4Y35          DSP48E1 (Prop_dsp48e1_A[8]_PCOUT[47])
                                                      4.036    10.216 r  theshold_calculator_inst/r_threshold_value1__1/PCOUT[47]
                         net (fo=1, routed)           0.002    10.218    theshold_calculator_inst/r_threshold_value1__1_n_106
    DSP48_X4Y36          DSP48E1 (Prop_dsp48e1_PCIN[47]_PCOUT[47])
                                                      1.713    11.931 r  theshold_calculator_inst/r_threshold_value1__2/PCOUT[47]
                         net (fo=1, routed)           0.002    11.933    theshold_calculator_inst/r_threshold_value1__2_n_106
    DSP48_X4Y37          DSP48E1 (Prop_dsp48e1_PCIN[47]_P[1])
                                                      1.518    13.451 r  theshold_calculator_inst/r_threshold_value1__3/P[1]
                         net (fo=3, routed)           1.147    14.598    theshold_calculator_inst/r_threshold_value1__3_n_104
    SLICE_X102Y83        LUT3 (Prop_lut3_I1_O)        0.149    14.747 r  theshold_calculator_inst/r_threshold_value0__1_i_24/O
                         net (fo=2, routed)           0.607    15.354    theshold_calculator_inst/r_threshold_value0__1_i_24_n_0
    SLICE_X102Y84        LUT4 (Prop_lut4_I3_O)        0.355    15.709 r  theshold_calculator_inst/r_threshold_value0__1_i_28/O
                         net (fo=1, routed)           0.000    15.709    theshold_calculator_inst/r_threshold_value0__1_i_28_n_0
    SLICE_X102Y84        CARRY4 (Prop_carry4_S[0]_CO[3])
                                                      0.513    16.222 r  theshold_calculator_inst/r_threshold_value0__1_i_3/CO[3]
                         net (fo=1, routed)           0.000    16.222    theshold_calculator_inst/r_threshold_value0__1_i_3_n_0
    SLICE_X102Y85        CARRY4 (Prop_carry4_CI_CO[3])
                                                      0.117    16.339 r  theshold_calculator_inst/r_threshold_value0__1_i_2/CO[3]
                         net (fo=1, routed)           0.000    16.339    theshold_calculator_inst/r_threshold_value0__1_i_2_n_0
    SLICE_X102Y86        CARRY4 (Prop_carry4_CI_CO[3])
                                                      0.117    16.456 r  theshold_calculator_inst/r_threshold_value0__1_i_1/CO[3]
                         net (fo=1, routed)           0.000    16.456    theshold_calculator_inst/r_threshold_value0__1_i_1_n_0
    SLICE_X102Y87        CARRY4 (Prop_carry4_CI_CO[3])
                                                      0.117    16.573 r  theshold_calculator_inst/r_threshold_value0__0_i_5/CO[3]
                         net (fo=1, routed)           0.000    16.573    theshold_calculator_inst/r_threshold_value0__0_i_5_n_0
    SLICE_X102Y88        CARRY4 (Prop_carry4_CI_CO[3])
                                                      0.117    16.690 r  theshold_calculator_inst/r_threshold_value0__0_i_4/CO[3]
                         net (fo=1, routed)           0.000    16.690    theshold_calculator_inst/r_threshold_value0__0_i_4_n_0
    SLICE_X102Y89        CARRY4 (Prop_carry4_CI_CO[3])
                                                      0.117    16.807 r  theshold_calculator_inst/r_threshold_value0__0_i_3/CO[3]
                         net (fo=1, routed)           0.000    16.807    theshold_calculator_inst/r_threshold_value0__0_i_3_n_0
    SLICE_X102Y90        CARRY4 (Prop_carry4_CI_CO[3])
                                                      0.117    16.924 r  theshold_calculator_inst/r_threshold_value0__0_i_2/CO[3]
                         net (fo=1, routed)           0.000    16.924    theshold_calculator_inst/r_threshold_value0__0_i_2_n_0
    SLICE_X102Y91        CARRY4 (Prop_carry4_CI_CO[3])
                                                      0.117    17.041 r  theshold_calculator_inst/r_threshold_value0__0_i_1/CO[3]
                         net (fo=1, routed)           0.000    17.041    theshold_calculator_inst/r_threshold_value0__0_i_1_n_0
    SLICE_X102Y92        CARRY4 (Prop_carry4_CI_CO[3])
                                                      0.117    17.158 r  theshold_calculator_inst/r_threshold_value0_i_3/CO[3]
                         net (fo=1, routed)           0.000    17.158    theshold_calculator_inst/r_threshold_value0_i_3_n_0
    SLICE_X102Y93        CARRY4 (Prop_carry4_CI_CO[3])
                                                      0.117    17.275 r  theshold_calculator_inst/r_threshold_value0_i_2/CO[3]
                         net (fo=1, routed)           0.000    17.275    theshold_calculator_inst/r_threshold_value0_i_2_n_0
    SLICE_X102Y94        CARRY4 (Prop_carry4_CI_O[3])
                                                      0.315    17.590 r  theshold_calculator_inst/r_threshold_value0_i_1/O[3]
                         net (fo=14, routed)          1.076    18.665    theshold_calculator_inst/r_threshold_value0_i_1_n_4
    DSP48_X3Y40          DSP48E1 (Prop_dsp48e1_B[11]_P[8])
                                                      3.839    22.504 r  theshold_calculator_inst/r_threshold_value0/P[8]
                         net (fo=1, routed)           1.098    23.603    theshold_calculator_inst/r_threshold_value0_n_97
    SLICE_X96Y92         FDRE                                         r  theshold_calculator_inst/r_threshold_value_reg[8]/D
  -------------------------------------------------------------------    -------------------

                         (clock sys_clk rise edge)    0.000     0.000 r  
    Y9                                                0.000     0.000 r  clock (IN)
                         net (fo=0)                   0.000     0.000    clock
    Y9                   IBUF (Prop_ibuf_I_O)         1.420     1.420 r  clock_IBUF_inst/O
                         net (fo=1, routed)           1.972     3.392    clock_IBUF
    BUFGCTRL_X0Y0        BUFG (Prop_bufg_I_O)         0.091     3.483 r  clock_IBUF_BUFG_inst/O
                         net (fo=23041, routed)       1.610     5.092    theshold_calculator_inst/clock_IBUF_BUFG
    SLICE_X96Y92         FDRE                                         r  theshold_calculator_inst/r_threshold_value_reg[8]/C

Slack:                    inf
  Source:                 i_pfa_value[0]
                            (input port)
  Destination:            theshold_calculator_inst/r_threshold_value_reg[13]/D
                            (rising edge-triggered cell FDRE clocked by sys_clk  {rise@0.000ns fall@12.500ns period=25.000ns})
  Path Group:             (none)
  Path Type:              Setup (Max at Slow Process Corner)
  Data Path Delay:        23.595ns  (logic 14.576ns (61.777%)  route 9.019ns (38.223%))
  Logic Levels:           19  (CARRY4=11 DSP48E1=4 IBUF=1 LUT3=1 LUT4=2)
  Clock Path Skew:        5.092ns (DCD - SCD + CPR)
    Destination Clock Delay (DCD):    5.092ns
    Source Clock Delay      (SCD):    0.000ns
    Clock Pessimism Removal (CPR):    0.000ns
  Clock Uncertainty:      0.025ns  ((TSJ^2 + TIJ^2)^1/2 + DJ) / 2 + PE
    Total System Jitter     (TSJ):    0.050ns
    Total Input Jitter      (TIJ):    0.000ns
    Discrete Jitter          (DJ):    0.000ns
    Phase Error              (PE):    0.000ns

    Location             Delay type                Incr(ns)  Path(ns)    Netlist Resource(s)
  -------------------------------------------------------------------    -------------------
    U15                                               0.000     0.000 r  i_pfa_value[0] (IN)
                         net (fo=0)                   0.000     0.000    i_pfa_value[0]
    U15                  IBUF (Prop_ibuf_I_O)         0.961     0.961 r  i_pfa_value_IBUF[0]_inst/O
                         net (fo=47, routed)          4.284     5.245    theshold_calculator_inst/i_pfa_value_IBUF[0]
    SLICE_X103Y85        LUT4 (Prop_lut4_I2_O)        0.124     5.369 r  theshold_calculator_inst/r_threshold_value1__1_i_9/O
                         net (fo=2, routed)           0.811     6.180    theshold_calculator_inst/r_threshold_value1__1_i_9_n_0
    DSP48_X4Y35          DSP48E1 (Prop_dsp48e1_A[8]_PCOUT[47])
                                                      4.036    10.216 r  theshold_calculator_inst/r_threshold_value1__1/PCOUT[47]
                         net (fo=1, routed)           0.002    10.218    theshold_calculator_inst/r_threshold_value1__1_n_106
    DSP48_X4Y36          DSP48E1 (Prop_dsp48e1_PCIN[47]_PCOUT[47])
                                                      1.713    11.931 r  theshold_calculator_inst/r_threshold_value1__2/PCOUT[47]
                         net (fo=1, routed)           0.002    11.933    theshold_calculator_inst/r_threshold_value1__2_n_106
    DSP48_X4Y37          DSP48E1 (Prop_dsp48e1_PCIN[47]_P[1])
                                                      1.518    13.451 r  theshold_calculator_inst/r_threshold_value1__3/P[1]
                         net (fo=3, routed)           1.147    14.598    theshold_calculator_inst/r_threshold_value1__3_n_104
    SLICE_X102Y83        LUT3 (Prop_lut3_I1_O)        0.149    14.747 r  theshold_calculator_inst/r_threshold_value0__1_i_24/O
                         net (fo=2, routed)           0.607    15.354    theshold_calculator_inst/r_threshold_value0__1_i_24_n_0
    SLICE_X102Y84        LUT4 (Prop_lut4_I3_O)        0.355    15.709 r  theshold_calculator_inst/r_threshold_value0__1_i_28/O
                         net (fo=1, routed)           0.000    15.709    theshold_calculator_inst/r_threshold_value0__1_i_28_n_0
    SLICE_X102Y84        CARRY4 (Prop_carry4_S[0]_CO[3])
                                                      0.513    16.222 r  theshold_calculator_inst/r_threshold_value0__1_i_3/CO[3]
                         net (fo=1, routed)           0.000    16.222    theshold_calculator_inst/r_threshold_value0__1_i_3_n_0
    SLICE_X102Y85        CARRY4 (Prop_carry4_CI_CO[3])
                                                      0.117    16.339 r  theshold_calculator_inst/r_threshold_value0__1_i_2/CO[3]
                         net (fo=1, routed)           0.000    16.339    theshold_calculator_inst/r_threshold_value0__1_i_2_n_0
    SLICE_X102Y86        CARRY4 (Prop_carry4_CI_CO[3])
                                                      0.117    16.456 r  theshold_calculator_inst/r_threshold_value0__1_i_1/CO[3]
                         net (fo=1, routed)           0.000    16.456    theshold_calculator_inst/r_threshold_value0__1_i_1_n_0
    SLICE_X102Y87        CARRY4 (Prop_carry4_CI_CO[3])
                                                      0.117    16.573 r  theshold_calculator_inst/r_threshold_value0__0_i_5/CO[3]
                         net (fo=1, routed)           0.000    16.573    theshold_calculator_inst/r_threshold_value0__0_i_5_n_0
    SLICE_X102Y88        CARRY4 (Prop_carry4_CI_CO[3])
                                                      0.117    16.690 r  theshold_calculator_inst/r_threshold_value0__0_i_4/CO[3]
                         net (fo=1, routed)           0.000    16.690    theshold_calculator_inst/r_threshold_value0__0_i_4_n_0
    SLICE_X102Y89        CARRY4 (Prop_carry4_CI_CO[3])
                                                      0.117    16.807 r  theshold_calculator_inst/r_threshold_value0__0_i_3/CO[3]
                         net (fo=1, routed)           0.000    16.807    theshold_calculator_inst/r_threshold_value0__0_i_3_n_0
    SLICE_X102Y90        CARRY4 (Prop_carry4_CI_CO[3])
                                                      0.117    16.924 r  theshold_calculator_inst/r_threshold_value0__0_i_2/CO[3]
                         net (fo=1, routed)           0.000    16.924    theshold_calculator_inst/r_threshold_value0__0_i_2_n_0
    SLICE_X102Y91        CARRY4 (Prop_carry4_CI_CO[3])
                                                      0.117    17.041 r  theshold_calculator_inst/r_threshold_value0__0_i_1/CO[3]
                         net (fo=1, routed)           0.000    17.041    theshold_calculator_inst/r_threshold_value0__0_i_1_n_0
    SLICE_X102Y92        CARRY4 (Prop_carry4_CI_CO[3])
                                                      0.117    17.158 r  theshold_calculator_inst/r_threshold_value0_i_3/CO[3]
                         net (fo=1, routed)           0.000    17.158    theshold_calculator_inst/r_threshold_value0_i_3_n_0
    SLICE_X102Y93        CARRY4 (Prop_carry4_CI_CO[3])
                                                      0.117    17.275 r  theshold_calculator_inst/r_threshold_value0_i_2/CO[3]
                         net (fo=1, routed)           0.000    17.275    theshold_calculator_inst/r_threshold_value0_i_2_n_0
    SLICE_X102Y94        CARRY4 (Prop_carry4_CI_O[3])
                                                      0.315    17.590 r  theshold_calculator_inst/r_threshold_value0_i_1/O[3]
                         net (fo=14, routed)          1.076    18.665    theshold_calculator_inst/r_threshold_value0_i_1_n_4
    DSP48_X3Y40          DSP48E1 (Prop_dsp48e1_B[11]_P[13])
                                                      3.839    22.504 r  theshold_calculator_inst/r_threshold_value0/P[13]
                         net (fo=1, routed)           1.091    23.595    theshold_calculator_inst/r_threshold_value0_n_92
    SLICE_X99Y92         FDRE                                         r  theshold_calculator_inst/r_threshold_value_reg[13]/D
  -------------------------------------------------------------------    -------------------

                         (clock sys_clk rise edge)    0.000     0.000 r  
    Y9                                                0.000     0.000 r  clock (IN)
                         net (fo=0)                   0.000     0.000    clock
    Y9                   IBUF (Prop_ibuf_I_O)         1.420     1.420 r  clock_IBUF_inst/O
                         net (fo=1, routed)           1.972     3.392    clock_IBUF
    BUFGCTRL_X0Y0        BUFG (Prop_bufg_I_O)         0.091     3.483 r  clock_IBUF_BUFG_inst/O
                         net (fo=23041, routed)       1.610     5.092    theshold_calculator_inst/clock_IBUF_BUFG
    SLICE_X99Y92         FDRE                                         r  theshold_calculator_inst/r_threshold_value_reg[13]/C

Slack:                    inf
  Source:                 i_pfa_value[0]
                            (input port)
  Destination:            theshold_calculator_inst/r_threshold_value_reg[12]/D
                            (rising edge-triggered cell FDRE clocked by sys_clk  {rise@0.000ns fall@12.500ns period=25.000ns})
  Path Group:             (none)
  Path Type:              Setup (Max at Slow Process Corner)
  Data Path Delay:        23.594ns  (logic 14.576ns (61.780%)  route 9.018ns (38.220%))
  Logic Levels:           19  (CARRY4=11 DSP48E1=4 IBUF=1 LUT3=1 LUT4=2)
  Clock Path Skew:        5.093ns (DCD - SCD + CPR)
    Destination Clock Delay (DCD):    5.093ns
    Source Clock Delay      (SCD):    0.000ns
    Clock Pessimism Removal (CPR):    0.000ns
  Clock Uncertainty:      0.025ns  ((TSJ^2 + TIJ^2)^1/2 + DJ) / 2 + PE
    Total System Jitter     (TSJ):    0.050ns
    Total Input Jitter      (TIJ):    0.000ns
    Discrete Jitter          (DJ):    0.000ns
    Phase Error              (PE):    0.000ns

    Location             Delay type                Incr(ns)  Path(ns)    Netlist Resource(s)
  -------------------------------------------------------------------    -------------------
    U15                                               0.000     0.000 r  i_pfa_value[0] (IN)
                         net (fo=0)                   0.000     0.000    i_pfa_value[0]
    U15                  IBUF (Prop_ibuf_I_O)         0.961     0.961 r  i_pfa_value_IBUF[0]_inst/O
                         net (fo=47, routed)          4.284     5.245    theshold_calculator_inst/i_pfa_value_IBUF[0]
    SLICE_X103Y85        LUT4 (Prop_lut4_I2_O)        0.124     5.369 r  theshold_calculator_inst/r_threshold_value1__1_i_9/O
                         net (fo=2, routed)           0.811     6.180    theshold_calculator_inst/r_threshold_value1__1_i_9_n_0
    DSP48_X4Y35          DSP48E1 (Prop_dsp48e1_A[8]_PCOUT[47])
                                                      4.036    10.216 r  theshold_calculator_inst/r_threshold_value1__1/PCOUT[47]
                         net (fo=1, routed)           0.002    10.218    theshold_calculator_inst/r_threshold_value1__1_n_106
    DSP48_X4Y36          DSP48E1 (Prop_dsp48e1_PCIN[47]_PCOUT[47])
                                                      1.713    11.931 r  theshold_calculator_inst/r_threshold_value1__2/PCOUT[47]
                         net (fo=1, routed)           0.002    11.933    theshold_calculator_inst/r_threshold_value1__2_n_106
    DSP48_X4Y37          DSP48E1 (Prop_dsp48e1_PCIN[47]_P[1])
                                                      1.518    13.451 r  theshold_calculator_inst/r_threshold_value1__3/P[1]
                         net (fo=3, routed)           1.147    14.598    theshold_calculator_inst/r_threshold_value1__3_n_104
    SLICE_X102Y83        LUT3 (Prop_lut3_I1_O)        0.149    14.747 r  theshold_calculator_inst/r_threshold_value0__1_i_24/O
                         net (fo=2, routed)           0.607    15.354    theshold_calculator_inst/r_threshold_value0__1_i_24_n_0
    SLICE_X102Y84        LUT4 (Prop_lut4_I3_O)        0.355    15.709 r  theshold_calculator_inst/r_threshold_value0__1_i_28/O
                         net (fo=1, routed)           0.000    15.709    theshold_calculator_inst/r_threshold_value0__1_i_28_n_0
    SLICE_X102Y84        CARRY4 (Prop_carry4_S[0]_CO[3])
                                                      0.513    16.222 r  theshold_calculator_inst/r_threshold_value0__1_i_3/CO[3]
                         net (fo=1, routed)           0.000    16.222    theshold_calculator_inst/r_threshold_value0__1_i_3_n_0
    SLICE_X102Y85        CARRY4 (Prop_carry4_CI_CO[3])
                                                      0.117    16.339 r  theshold_calculator_inst/r_threshold_value0__1_i_2/CO[3]
                         net (fo=1, routed)           0.000    16.339    theshold_calculator_inst/r_threshold_value0__1_i_2_n_0
    SLICE_X102Y86        CARRY4 (Prop_carry4_CI_CO[3])
                                                      0.117    16.456 r  theshold_calculator_inst/r_threshold_value0__1_i_1/CO[3]
                         net (fo=1, routed)           0.000    16.456    theshold_calculator_inst/r_threshold_value0__1_i_1_n_0
    SLICE_X102Y87        CARRY4 (Prop_carry4_CI_CO[3])
                                                      0.117    16.573 r  theshold_calculator_inst/r_threshold_value0__0_i_5/CO[3]
                         net (fo=1, routed)           0.000    16.573    theshold_calculator_inst/r_threshold_value0__0_i_5_n_0
    SLICE_X102Y88        CARRY4 (Prop_carry4_CI_CO[3])
                                                      0.117    16.690 r  theshold_calculator_inst/r_threshold_value0__0_i_4/CO[3]
                         net (fo=1, routed)           0.000    16.690    theshold_calculator_inst/r_threshold_value0__0_i_4_n_0
    SLICE_X102Y89        CARRY4 (Prop_carry4_CI_CO[3])
                                                      0.117    16.807 r  theshold_calculator_inst/r_threshold_value0__0_i_3/CO[3]
                         net (fo=1, routed)           0.000    16.807    theshold_calculator_inst/r_threshold_value0__0_i_3_n_0
    SLICE_X102Y90        CARRY4 (Prop_carry4_CI_CO[3])
                                                      0.117    16.924 r  theshold_calculator_inst/r_threshold_value0__0_i_2/CO[3]
                         net (fo=1, routed)           0.000    16.924    theshold_calculator_inst/r_threshold_value0__0_i_2_n_0
    SLICE_X102Y91        CARRY4 (Prop_carry4_CI_CO[3])
                                                      0.117    17.041 r  theshold_calculator_inst/r_threshold_value0__0_i_1/CO[3]
                         net (fo=1, routed)           0.000    17.041    theshold_calculator_inst/r_threshold_value0__0_i_1_n_0
    SLICE_X102Y92        CARRY4 (Prop_carry4_CI_CO[3])
                                                      0.117    17.158 r  theshold_calculator_inst/r_threshold_value0_i_3/CO[3]
                         net (fo=1, routed)           0.000    17.158    theshold_calculator_inst/r_threshold_value0_i_3_n_0
    SLICE_X102Y93        CARRY4 (Prop_carry4_CI_CO[3])
                                                      0.117    17.275 r  theshold_calculator_inst/r_threshold_value0_i_2/CO[3]
                         net (fo=1, routed)           0.000    17.275    theshold_calculator_inst/r_threshold_value0_i_2_n_0
    SLICE_X102Y94        CARRY4 (Prop_carry4_CI_O[3])
                                                      0.315    17.590 r  theshold_calculator_inst/r_threshold_value0_i_1/O[3]
                         net (fo=14, routed)          1.076    18.665    theshold_calculator_inst/r_threshold_value0_i_1_n_4
    DSP48_X3Y40          DSP48E1 (Prop_dsp48e1_B[11]_P[12])
                                                      3.839    22.504 r  theshold_calculator_inst/r_threshold_value0/P[12]
                         net (fo=1, routed)           1.090    23.594    theshold_calculator_inst/r_threshold_value0_n_93
    SLICE_X96Y94         FDRE                                         r  theshold_calculator_inst/r_threshold_value_reg[12]/D
  -------------------------------------------------------------------    -------------------

                         (clock sys_clk rise edge)    0.000     0.000 r  
    Y9                                                0.000     0.000 r  clock (IN)
                         net (fo=0)                   0.000     0.000    clock
    Y9                   IBUF (Prop_ibuf_I_O)         1.420     1.420 r  clock_IBUF_inst/O
                         net (fo=1, routed)           1.972     3.392    clock_IBUF
    BUFGCTRL_X0Y0        BUFG (Prop_bufg_I_O)         0.091     3.483 r  clock_IBUF_BUFG_inst/O
                         net (fo=23041, routed)       1.611     5.093    theshold_calculator_inst/clock_IBUF_BUFG
    SLICE_X96Y94         FDRE                                         r  theshold_calculator_inst/r_threshold_value_reg[12]/C

Slack:                    inf
  Source:                 i_pfa_value[0]
                            (input port)
  Destination:            theshold_calculator_inst/r_threshold_value_reg[8]__0/D
                            (rising edge-triggered cell FDRE clocked by sys_clk  {rise@0.000ns fall@12.500ns period=25.000ns})
  Path Group:             (none)
  Path Type:              Setup (Max at Slow Process Corner)
  Data Path Delay:        23.593ns  (logic 14.410ns (61.081%)  route 9.182ns (38.919%))
  Logic Levels:           16  (CARRY4=8 DSP48E1=4 IBUF=1 LUT3=1 LUT4=2)
  Clock Path Skew:        5.090ns (DCD - SCD + CPR)
    Destination Clock Delay (DCD):    5.090ns
    Source Clock Delay      (SCD):    0.000ns
    Clock Pessimism Removal (CPR):    0.000ns
  Clock Uncertainty:      0.025ns  ((TSJ^2 + TIJ^2)^1/2 + DJ) / 2 + PE
    Total System Jitter     (TSJ):    0.050ns
    Total Input Jitter      (TIJ):    0.000ns
    Discrete Jitter          (DJ):    0.000ns
    Phase Error              (PE):    0.000ns

    Location             Delay type                Incr(ns)  Path(ns)    Netlist Resource(s)
  -------------------------------------------------------------------    -------------------
    U15                                               0.000     0.000 r  i_pfa_value[0] (IN)
                         net (fo=0)                   0.000     0.000    i_pfa_value[0]
    U15                  IBUF (Prop_ibuf_I_O)         0.961     0.961 r  i_pfa_value_IBUF[0]_inst/O
                         net (fo=47, routed)          4.284     5.245    theshold_calculator_inst/i_pfa_value_IBUF[0]
    SLICE_X103Y85        LUT4 (Prop_lut4_I2_O)        0.124     5.369 r  theshold_calculator_inst/r_threshold_value1__1_i_9/O
                         net (fo=2, routed)           0.811     6.180    theshold_calculator_inst/r_threshold_value1__1_i_9_n_0
    DSP48_X4Y35          DSP48E1 (Prop_dsp48e1_A[8]_PCOUT[47])
                                                      4.036    10.216 r  theshold_calculator_inst/r_threshold_value1__1/PCOUT[47]
                         net (fo=1, routed)           0.002    10.218    theshold_calculator_inst/r_threshold_value1__1_n_106
    DSP48_X4Y36          DSP48E1 (Prop_dsp48e1_PCIN[47]_PCOUT[47])
                                                      1.713    11.931 r  theshold_calculator_inst/r_threshold_value1__2/PCOUT[47]
                         net (fo=1, routed)           0.002    11.933    theshold_calculator_inst/r_threshold_value1__2_n_106
    DSP48_X4Y37          DSP48E1 (Prop_dsp48e1_PCIN[47]_P[1])
                                                      1.518    13.451 r  theshold_calculator_inst/r_threshold_value1__3/P[1]
                         net (fo=3, routed)           1.147    14.598    theshold_calculator_inst/r_threshold_value1__3_n_104
    SLICE_X102Y83        LUT3 (Prop_lut3_I1_O)        0.149    14.747 r  theshold_calculator_inst/r_threshold_value0__1_i_24/O
                         net (fo=2, routed)           0.607    15.354    theshold_calculator_inst/r_threshold_value0__1_i_24_n_0
    SLICE_X102Y84        LUT4 (Prop_lut4_I3_O)        0.355    15.709 r  theshold_calculator_inst/r_threshold_value0__1_i_28/O
                         net (fo=1, routed)           0.000    15.709    theshold_calculator_inst/r_threshold_value0__1_i_28_n_0
    SLICE_X102Y84        CARRY4 (Prop_carry4_S[0]_CO[3])
                                                      0.513    16.222 r  theshold_calculator_inst/r_threshold_value0__1_i_3/CO[3]
                         net (fo=1, routed)           0.000    16.222    theshold_calculator_inst/r_threshold_value0__1_i_3_n_0
    SLICE_X102Y85        CARRY4 (Prop_carry4_CI_CO[3])
                                                      0.117    16.339 r  theshold_calculator_inst/r_threshold_value0__1_i_2/CO[3]
                         net (fo=1, routed)           0.000    16.339    theshold_calculator_inst/r_threshold_value0__1_i_2_n_0
    SLICE_X102Y86        CARRY4 (Prop_carry4_CI_CO[3])
                                                      0.117    16.456 r  theshold_calculator_inst/r_threshold_value0__1_i_1/CO[3]
                         net (fo=1, routed)           0.000    16.456    theshold_calculator_inst/r_threshold_value0__1_i_1_n_0
    SLICE_X102Y87        CARRY4 (Prop_carry4_CI_CO[3])
                                                      0.117    16.573 r  theshold_calculator_inst/r_threshold_value0__0_i_5/CO[3]
                         net (fo=1, routed)           0.000    16.573    theshold_calculator_inst/r_threshold_value0__0_i_5_n_0
    SLICE_X102Y88        CARRY4 (Prop_carry4_CI_CO[3])
                                                      0.117    16.690 r  theshold_calculator_inst/r_threshold_value0__0_i_4/CO[3]
                         net (fo=1, routed)           0.000    16.690    theshold_calculator_inst/r_threshold_value0__0_i_4_n_0
    SLICE_X102Y89        CARRY4 (Prop_carry4_CI_CO[3])
                                                      0.117    16.807 r  theshold_calculator_inst/r_threshold_value0__0_i_3/CO[3]
                         net (fo=1, routed)           0.000    16.807    theshold_calculator_inst/r_threshold_value0__0_i_3_n_0
    SLICE_X102Y90        CARRY4 (Prop_carry4_CI_CO[3])
                                                      0.117    16.924 r  theshold_calculator_inst/r_threshold_value0__0_i_2/CO[3]
                         net (fo=1, routed)           0.000    16.924    theshold_calculator_inst/r_threshold_value0__0_i_2_n_0
    SLICE_X102Y91        CARRY4 (Prop_carry4_CI_O[3])
                                                      0.315    17.239 r  theshold_calculator_inst/r_threshold_value0__0_i_1/O[3]
                         net (fo=1, routed)           0.921    18.160    theshold_calculator_inst/r_threshold_value0__0_i_1_n_4
    DSP48_X4Y38          DSP48E1 (Prop_dsp48e1_A[16]_P[8])
                                                      4.024    22.184 r  theshold_calculator_inst/r_threshold_value0__0/P[8]
                         net (fo=1, routed)           1.409    23.593    theshold_calculator_inst/r_threshold_value0__0_n_97
    SLICE_X99Y88         FDRE                                         r  theshold_calculator_inst/r_threshold_value_reg[8]__0/D
  -------------------------------------------------------------------    -------------------

                         (clock sys_clk rise edge)    0.000     0.000 r  
    Y9                                                0.000     0.000 r  clock (IN)
                         net (fo=0)                   0.000     0.000    clock
    Y9                   IBUF (Prop_ibuf_I_O)         1.420     1.420 r  clock_IBUF_inst/O
                         net (fo=1, routed)           1.972     3.392    clock_IBUF
    BUFGCTRL_X0Y0        BUFG (Prop_bufg_I_O)         0.091     3.483 r  clock_IBUF_BUFG_inst/O
                         net (fo=23041, routed)       1.608     5.090    theshold_calculator_inst/clock_IBUF_BUFG
    SLICE_X99Y88         FDRE                                         r  theshold_calculator_inst/r_threshold_value_reg[8]__0/C

Slack:                    inf
  Source:                 i_pfa_value[0]
                            (input port)
  Destination:            theshold_calculator_inst/r_threshold_value_reg[9]/D
                            (rising edge-triggered cell FDRE clocked by sys_clk  {rise@0.000ns fall@12.500ns period=25.000ns})
  Path Group:             (none)
  Path Type:              Setup (Max at Slow Process Corner)
  Data Path Delay:        23.588ns  (logic 14.576ns (61.795%)  route 9.012ns (38.205%))
  Logic Levels:           19  (CARRY4=11 DSP48E1=4 IBUF=1 LUT3=1 LUT4=2)
  Clock Path Skew:        5.092ns (DCD - SCD + CPR)
    Destination Clock Delay (DCD):    5.092ns
    Source Clock Delay      (SCD):    0.000ns
    Clock Pessimism Removal (CPR):    0.000ns
  Clock Uncertainty:      0.025ns  ((TSJ^2 + TIJ^2)^1/2 + DJ) / 2 + PE
    Total System Jitter     (TSJ):    0.050ns
    Total Input Jitter      (TIJ):    0.000ns
    Discrete Jitter          (DJ):    0.000ns
    Phase Error              (PE):    0.000ns

    Location             Delay type                Incr(ns)  Path(ns)    Netlist Resource(s)
  -------------------------------------------------------------------    -------------------
    U15                                               0.000     0.000 r  i_pfa_value[0] (IN)
                         net (fo=0)                   0.000     0.000    i_pfa_value[0]
    U15                  IBUF (Prop_ibuf_I_O)         0.961     0.961 r  i_pfa_value_IBUF[0]_inst/O
                         net (fo=47, routed)          4.284     5.245    theshold_calculator_inst/i_pfa_value_IBUF[0]
    SLICE_X103Y85        LUT4 (Prop_lut4_I2_O)        0.124     5.369 r  theshold_calculator_inst/r_threshold_value1__1_i_9/O
                         net (fo=2, routed)           0.811     6.180    theshold_calculator_inst/r_threshold_value1__1_i_9_n_0
    DSP48_X4Y35          DSP48E1 (Prop_dsp48e1_A[8]_PCOUT[47])
                                                      4.036    10.216 r  theshold_calculator_inst/r_threshold_value1__1/PCOUT[47]
                         net (fo=1, routed)           0.002    10.218    theshold_calculator_inst/r_threshold_value1__1_n_106
    DSP48_X4Y36          DSP48E1 (Prop_dsp48e1_PCIN[47]_PCOUT[47])
                                                      1.713    11.931 r  theshold_calculator_inst/r_threshold_value1__2/PCOUT[47]
                         net (fo=1, routed)           0.002    11.933    theshold_calculator_inst/r_threshold_value1__2_n_106
    DSP48_X4Y37          DSP48E1 (Prop_dsp48e1_PCIN[47]_P[1])
                                                      1.518    13.451 r  theshold_calculator_inst/r_threshold_value1__3/P[1]
                         net (fo=3, routed)           1.147    14.598    theshold_calculator_inst/r_threshold_value1__3_n_104
    SLICE_X102Y83        LUT3 (Prop_lut3_I1_O)        0.149    14.747 r  theshold_calculator_inst/r_threshold_value0__1_i_24/O
                         net (fo=2, routed)           0.607    15.354    theshold_calculator_inst/r_threshold_value0__1_i_24_n_0
    SLICE_X102Y84        LUT4 (Prop_lut4_I3_O)        0.355    15.709 r  theshold_calculator_inst/r_threshold_value0__1_i_28/O
                         net (fo=1, routed)           0.000    15.709    theshold_calculator_inst/r_threshold_value0__1_i_28_n_0
    SLICE_X102Y84        CARRY4 (Prop_carry4_S[0]_CO[3])
                                                      0.513    16.222 r  theshold_calculator_inst/r_threshold_value0__1_i_3/CO[3]
                         net (fo=1, routed)           0.000    16.222    theshold_calculator_inst/r_threshold_value0__1_i_3_n_0
    SLICE_X102Y85        CARRY4 (Prop_carry4_CI_CO[3])
                                                      0.117    16.339 r  theshold_calculator_inst/r_threshold_value0__1_i_2/CO[3]
                         net (fo=1, routed)           0.000    16.339    theshold_calculator_inst/r_threshold_value0__1_i_2_n_0
    SLICE_X102Y86        CARRY4 (Prop_carry4_CI_CO[3])
                                                      0.117    16.456 r  theshold_calculator_inst/r_threshold_value0__1_i_1/CO[3]
                         net (fo=1, routed)           0.000    16.456    theshold_calculator_inst/r_threshold_value0__1_i_1_n_0
    SLICE_X102Y87        CARRY4 (Prop_carry4_CI_CO[3])
                                                      0.117    16.573 r  theshold_calculator_inst/r_threshold_value0__0_i_5/CO[3]
                         net (fo=1, routed)           0.000    16.573    theshold_calculator_inst/r_threshold_value0__0_i_5_n_0
    SLICE_X102Y88        CARRY4 (Prop_carry4_CI_CO[3])
                                                      0.117    16.690 r  theshold_calculator_inst/r_threshold_value0__0_i_4/CO[3]
                         net (fo=1, routed)           0.000    16.690    theshold_calculator_inst/r_threshold_value0__0_i_4_n_0
    SLICE_X102Y89        CARRY4 (Prop_carry4_CI_CO[3])
                                                      0.117    16.807 r  theshold_calculator_inst/r_threshold_value0__0_i_3/CO[3]
                         net (fo=1, routed)           0.000    16.807    theshold_calculator_inst/r_threshold_value0__0_i_3_n_0
    SLICE_X102Y90        CARRY4 (Prop_carry4_CI_CO[3])
                                                      0.117    16.924 r  theshold_calculator_inst/r_threshold_value0__0_i_2/CO[3]
                         net (fo=1, routed)           0.000    16.924    theshold_calculator_inst/r_threshold_value0__0_i_2_n_0
    SLICE_X102Y91        CARRY4 (Prop_carry4_CI_CO[3])
                                                      0.117    17.041 r  theshold_calculator_inst/r_threshold_value0__0_i_1/CO[3]
                         net (fo=1, routed)           0.000    17.041    theshold_calculator_inst/r_threshold_value0__0_i_1_n_0
    SLICE_X102Y92        CARRY4 (Prop_carry4_CI_CO[3])
                                                      0.117    17.158 r  theshold_calculator_inst/r_threshold_value0_i_3/CO[3]
                         net (fo=1, routed)           0.000    17.158    theshold_calculator_inst/r_threshold_value0_i_3_n_0
    SLICE_X102Y93        CARRY4 (Prop_carry4_CI_CO[3])
                                                      0.117    17.275 r  theshold_calculator_inst/r_threshold_value0_i_2/CO[3]
                         net (fo=1, routed)           0.000    17.275    theshold_calculator_inst/r_threshold_value0_i_2_n_0
    SLICE_X102Y94        CARRY4 (Prop_carry4_CI_O[3])
                                                      0.315    17.590 r  theshold_calculator_inst/r_threshold_value0_i_1/O[3]
                         net (fo=14, routed)          1.076    18.665    theshold_calculator_inst/r_threshold_value0_i_1_n_4
    DSP48_X3Y40          DSP48E1 (Prop_dsp48e1_B[11]_P[9])
                                                      3.839    22.504 r  theshold_calculator_inst/r_threshold_value0/P[9]
                         net (fo=1, routed)           1.084    23.588    theshold_calculator_inst/r_threshold_value0_n_96
    SLICE_X96Y92         FDRE                                         r  theshold_calculator_inst/r_threshold_value_reg[9]/D
  -------------------------------------------------------------------    -------------------

                         (clock sys_clk rise edge)    0.000     0.000 r  
    Y9                                                0.000     0.000 r  clock (IN)
                         net (fo=0)                   0.000     0.000    clock
    Y9                   IBUF (Prop_ibuf_I_O)         1.420     1.420 r  clock_IBUF_inst/O
                         net (fo=1, routed)           1.972     3.392    clock_IBUF
    BUFGCTRL_X0Y0        BUFG (Prop_bufg_I_O)         0.091     3.483 r  clock_IBUF_BUFG_inst/O
                         net (fo=23041, routed)       1.610     5.092    theshold_calculator_inst/clock_IBUF_BUFG
    SLICE_X96Y92         FDRE                                         r  theshold_calculator_inst/r_threshold_value_reg[9]/C

Slack:                    inf
  Source:                 i_pfa_value[0]
                            (input port)
  Destination:            theshold_calculator_inst/r_threshold_value_reg[5]/D
                            (rising edge-triggered cell FDRE clocked by sys_clk  {rise@0.000ns fall@12.500ns period=25.000ns})
  Path Group:             (none)
  Path Type:              Setup (Max at Slow Process Corner)
  Data Path Delay:        23.583ns  (logic 14.576ns (61.810%)  route 9.006ns (38.190%))
  Logic Levels:           19  (CARRY4=11 DSP48E1=4 IBUF=1 LUT3=1 LUT4=2)
  Clock Path Skew:        5.091ns (DCD - SCD + CPR)
    Destination Clock Delay (DCD):    5.091ns
    Source Clock Delay      (SCD):    0.000ns
    Clock Pessimism Removal (CPR):    0.000ns
  Clock Uncertainty:      0.025ns  ((TSJ^2 + TIJ^2)^1/2 + DJ) / 2 + PE
    Total System Jitter     (TSJ):    0.050ns
    Total Input Jitter      (TIJ):    0.000ns
    Discrete Jitter          (DJ):    0.000ns
    Phase Error              (PE):    0.000ns

    Location             Delay type                Incr(ns)  Path(ns)    Netlist Resource(s)
  -------------------------------------------------------------------    -------------------
    U15                                               0.000     0.000 r  i_pfa_value[0] (IN)
                         net (fo=0)                   0.000     0.000    i_pfa_value[0]
    U15                  IBUF (Prop_ibuf_I_O)         0.961     0.961 r  i_pfa_value_IBUF[0]_inst/O
                         net (fo=47, routed)          4.284     5.245    theshold_calculator_inst/i_pfa_value_IBUF[0]
    SLICE_X103Y85        LUT4 (Prop_lut4_I2_O)        0.124     5.369 r  theshold_calculator_inst/r_threshold_value1__1_i_9/O
                         net (fo=2, routed)           0.811     6.180    theshold_calculator_inst/r_threshold_value1__1_i_9_n_0
    DSP48_X4Y35          DSP48E1 (Prop_dsp48e1_A[8]_PCOUT[47])
                                                      4.036    10.216 r  theshold_calculator_inst/r_threshold_value1__1/PCOUT[47]
                         net (fo=1, routed)           0.002    10.218    theshold_calculator_inst/r_threshold_value1__1_n_106
    DSP48_X4Y36          DSP48E1 (Prop_dsp48e1_PCIN[47]_PCOUT[47])
                                                      1.713    11.931 r  theshold_calculator_inst/r_threshold_value1__2/PCOUT[47]
                         net (fo=1, routed)           0.002    11.933    theshold_calculator_inst/r_threshold_value1__2_n_106
    DSP48_X4Y37          DSP48E1 (Prop_dsp48e1_PCIN[47]_P[1])
                                                      1.518    13.451 r  theshold_calculator_inst/r_threshold_value1__3/P[1]
                         net (fo=3, routed)           1.147    14.598    theshold_calculator_inst/r_threshold_value1__3_n_104
    SLICE_X102Y83        LUT3 (Prop_lut3_I1_O)        0.149    14.747 r  theshold_calculator_inst/r_threshold_value0__1_i_24/O
                         net (fo=2, routed)           0.607    15.354    theshold_calculator_inst/r_threshold_value0__1_i_24_n_0
    SLICE_X102Y84        LUT4 (Prop_lut4_I3_O)        0.355    15.709 r  theshold_calculator_inst/r_threshold_value0__1_i_28/O
                         net (fo=1, routed)           0.000    15.709    theshold_calculator_inst/r_threshold_value0__1_i_28_n_0
    SLICE_X102Y84        CARRY4 (Prop_carry4_S[0]_CO[3])
                                                      0.513    16.222 r  theshold_calculator_inst/r_threshold_value0__1_i_3/CO[3]
                         net (fo=1, routed)           0.000    16.222    theshold_calculator_inst/r_threshold_value0__1_i_3_n_0
    SLICE_X102Y85        CARRY4 (Prop_carry4_CI_CO[3])
                                                      0.117    16.339 r  theshold_calculator_inst/r_threshold_value0__1_i_2/CO[3]
                         net (fo=1, routed)           0.000    16.339    theshold_calculator_inst/r_threshold_value0__1_i_2_n_0
    SLICE_X102Y86        CARRY4 (Prop_carry4_CI_CO[3])
                                                      0.117    16.456 r  theshold_calculator_inst/r_threshold_value0__1_i_1/CO[3]
                         net (fo=1, routed)           0.000    16.456    theshold_calculator_inst/r_threshold_value0__1_i_1_n_0
    SLICE_X102Y87        CARRY4 (Prop_carry4_CI_CO[3])
                                                      0.117    16.573 r  theshold_calculator_inst/r_threshold_value0__0_i_5/CO[3]
                         net (fo=1, routed)           0.000    16.573    theshold_calculator_inst/r_threshold_value0__0_i_5_n_0
    SLICE_X102Y88        CARRY4 (Prop_carry4_CI_CO[3])
                                                      0.117    16.690 r  theshold_calculator_inst/r_threshold_value0__0_i_4/CO[3]
                         net (fo=1, routed)           0.000    16.690    theshold_calculator_inst/r_threshold_value0__0_i_4_n_0
    SLICE_X102Y89        CARRY4 (Prop_carry4_CI_CO[3])
                                                      0.117    16.807 r  theshold_calculator_inst/r_threshold_value0__0_i_3/CO[3]
                         net (fo=1, routed)           0.000    16.807    theshold_calculator_inst/r_threshold_value0__0_i_3_n_0
    SLICE_X102Y90        CARRY4 (Prop_carry4_CI_CO[3])
                                                      0.117    16.924 r  theshold_calculator_inst/r_threshold_value0__0_i_2/CO[3]
                         net (fo=1, routed)           0.000    16.924    theshold_calculator_inst/r_threshold_value0__0_i_2_n_0
    SLICE_X102Y91        CARRY4 (Prop_carry4_CI_CO[3])
                                                      0.117    17.041 r  theshold_calculator_inst/r_threshold_value0__0_i_1/CO[3]
                         net (fo=1, routed)           0.000    17.041    theshold_calculator_inst/r_threshold_value0__0_i_1_n_0
    SLICE_X102Y92        CARRY4 (Prop_carry4_CI_CO[3])
                                                      0.117    17.158 r  theshold_calculator_inst/r_threshold_value0_i_3/CO[3]
                         net (fo=1, routed)           0.000    17.158    theshold_calculator_inst/r_threshold_value0_i_3_n_0
    SLICE_X102Y93        CARRY4 (Prop_carry4_CI_CO[3])
                                                      0.117    17.275 r  theshold_calculator_inst/r_threshold_value0_i_2/CO[3]
                         net (fo=1, routed)           0.000    17.275    theshold_calculator_inst/r_threshold_value0_i_2_n_0
    SLICE_X102Y94        CARRY4 (Prop_carry4_CI_O[3])
                                                      0.315    17.590 r  theshold_calculator_inst/r_threshold_value0_i_1/O[3]
                         net (fo=14, routed)          1.076    18.665    theshold_calculator_inst/r_threshold_value0_i_1_n_4
    DSP48_X3Y40          DSP48E1 (Prop_dsp48e1_B[11]_P[5])
                                                      3.839    22.504 r  theshold_calculator_inst/r_threshold_value0/P[5]
                         net (fo=1, routed)           1.078    23.583    theshold_calculator_inst/r_threshold_value0_n_100
    SLICE_X97Y90         FDRE                                         r  theshold_calculator_inst/r_threshold_value_reg[5]/D
  -------------------------------------------------------------------    -------------------

                         (clock sys_clk rise edge)    0.000     0.000 r  
    Y9                                                0.000     0.000 r  clock (IN)
                         net (fo=0)                   0.000     0.000    clock
    Y9                   IBUF (Prop_ibuf_I_O)         1.420     1.420 r  clock_IBUF_inst/O
                         net (fo=1, routed)           1.972     3.392    clock_IBUF
    BUFGCTRL_X0Y0        BUFG (Prop_bufg_I_O)         0.091     3.483 r  clock_IBUF_BUFG_inst/O
                         net (fo=23041, routed)       1.609     5.091    theshold_calculator_inst/clock_IBUF_BUFG
    SLICE_X97Y90         FDRE                                         r  theshold_calculator_inst/r_threshold_value_reg[5]/C

Slack:                    inf
  Source:                 i_pfa_value[0]
                            (input port)
  Destination:            theshold_calculator_inst/r_threshold_value_reg[16]/D
                            (rising edge-triggered cell FDRE clocked by sys_clk  {rise@0.000ns fall@12.500ns period=25.000ns})
  Path Group:             (none)
  Path Type:              Setup (Max at Slow Process Corner)
  Data Path Delay:        23.577ns  (logic 14.576ns (61.825%)  route 9.001ns (38.175%))
  Logic Levels:           19  (CARRY4=11 DSP48E1=4 IBUF=1 LUT3=1 LUT4=2)
  Clock Path Skew:        5.093ns (DCD - SCD + CPR)
    Destination Clock Delay (DCD):    5.093ns
    Source Clock Delay      (SCD):    0.000ns
    Clock Pessimism Removal (CPR):    0.000ns
  Clock Uncertainty:      0.025ns  ((TSJ^2 + TIJ^2)^1/2 + DJ) / 2 + PE
    Total System Jitter     (TSJ):    0.050ns
    Total Input Jitter      (TIJ):    0.000ns
    Discrete Jitter          (DJ):    0.000ns
    Phase Error              (PE):    0.000ns

    Location             Delay type                Incr(ns)  Path(ns)    Netlist Resource(s)
  -------------------------------------------------------------------    -------------------
    U15                                               0.000     0.000 r  i_pfa_value[0] (IN)
                         net (fo=0)                   0.000     0.000    i_pfa_value[0]
    U15                  IBUF (Prop_ibuf_I_O)         0.961     0.961 r  i_pfa_value_IBUF[0]_inst/O
                         net (fo=47, routed)          4.284     5.245    theshold_calculator_inst/i_pfa_value_IBUF[0]
    SLICE_X103Y85        LUT4 (Prop_lut4_I2_O)        0.124     5.369 r  theshold_calculator_inst/r_threshold_value1__1_i_9/O
                         net (fo=2, routed)           0.811     6.180    theshold_calculator_inst/r_threshold_value1__1_i_9_n_0
    DSP48_X4Y35          DSP48E1 (Prop_dsp48e1_A[8]_PCOUT[47])
                                                      4.036    10.216 r  theshold_calculator_inst/r_threshold_value1__1/PCOUT[47]
                         net (fo=1, routed)           0.002    10.218    theshold_calculator_inst/r_threshold_value1__1_n_106
    DSP48_X4Y36          DSP48E1 (Prop_dsp48e1_PCIN[47]_PCOUT[47])
                                                      1.713    11.931 r  theshold_calculator_inst/r_threshold_value1__2/PCOUT[47]
                         net (fo=1, routed)           0.002    11.933    theshold_calculator_inst/r_threshold_value1__2_n_106
    DSP48_X4Y37          DSP48E1 (Prop_dsp48e1_PCIN[47]_P[1])
                                                      1.518    13.451 r  theshold_calculator_inst/r_threshold_value1__3/P[1]
                         net (fo=3, routed)           1.147    14.598    theshold_calculator_inst/r_threshold_value1__3_n_104
    SLICE_X102Y83        LUT3 (Prop_lut3_I1_O)        0.149    14.747 r  theshold_calculator_inst/r_threshold_value0__1_i_24/O
                         net (fo=2, routed)           0.607    15.354    theshold_calculator_inst/r_threshold_value0__1_i_24_n_0
    SLICE_X102Y84        LUT4 (Prop_lut4_I3_O)        0.355    15.709 r  theshold_calculator_inst/r_threshold_value0__1_i_28/O
                         net (fo=1, routed)           0.000    15.709    theshold_calculator_inst/r_threshold_value0__1_i_28_n_0
    SLICE_X102Y84        CARRY4 (Prop_carry4_S[0]_CO[3])
                                                      0.513    16.222 r  theshold_calculator_inst/r_threshold_value0__1_i_3/CO[3]
                         net (fo=1, routed)           0.000    16.222    theshold_calculator_inst/r_threshold_value0__1_i_3_n_0
    SLICE_X102Y85        CARRY4 (Prop_carry4_CI_CO[3])
                                                      0.117    16.339 r  theshold_calculator_inst/r_threshold_value0__1_i_2/CO[3]
                         net (fo=1, routed)           0.000    16.339    theshold_calculator_inst/r_threshold_value0__1_i_2_n_0
    SLICE_X102Y86        CARRY4 (Prop_carry4_CI_CO[3])
                                                      0.117    16.456 r  theshold_calculator_inst/r_threshold_value0__1_i_1/CO[3]
                         net (fo=1, routed)           0.000    16.456    theshold_calculator_inst/r_threshold_value0__1_i_1_n_0
    SLICE_X102Y87        CARRY4 (Prop_carry4_CI_CO[3])
                                                      0.117    16.573 r  theshold_calculator_inst/r_threshold_value0__0_i_5/CO[3]
                         net (fo=1, routed)           0.000    16.573    theshold_calculator_inst/r_threshold_value0__0_i_5_n_0
    SLICE_X102Y88        CARRY4 (Prop_carry4_CI_CO[3])
                                                      0.117    16.690 r  theshold_calculator_inst/r_threshold_value0__0_i_4/CO[3]
                         net (fo=1, routed)           0.000    16.690    theshold_calculator_inst/r_threshold_value0__0_i_4_n_0
    SLICE_X102Y89        CARRY4 (Prop_carry4_CI_CO[3])
                                                      0.117    16.807 r  theshold_calculator_inst/r_threshold_value0__0_i_3/CO[3]
                         net (fo=1, routed)           0.000    16.807    theshold_calculator_inst/r_threshold_value0__0_i_3_n_0
    SLICE_X102Y90        CARRY4 (Prop_carry4_CI_CO[3])
                                                      0.117    16.924 r  theshold_calculator_inst/r_threshold_value0__0_i_2/CO[3]
                         net (fo=1, routed)           0.000    16.924    theshold_calculator_inst/r_threshold_value0__0_i_2_n_0
    SLICE_X102Y91        CARRY4 (Prop_carry4_CI_CO[3])
                                                      0.117    17.041 r  theshold_calculator_inst/r_threshold_value0__0_i_1/CO[3]
                         net (fo=1, routed)           0.000    17.041    theshold_calculator_inst/r_threshold_value0__0_i_1_n_0
    SLICE_X102Y92        CARRY4 (Prop_carry4_CI_CO[3])
                                                      0.117    17.158 r  theshold_calculator_inst/r_threshold_value0_i_3/CO[3]
                         net (fo=1, routed)           0.000    17.158    theshold_calculator_inst/r_threshold_value0_i_3_n_0
    SLICE_X102Y93        CARRY4 (Prop_carry4_CI_CO[3])
                                                      0.117    17.275 r  theshold_calculator_inst/r_threshold_value0_i_2/CO[3]
                         net (fo=1, routed)           0.000    17.275    theshold_calculator_inst/r_threshold_value0_i_2_n_0
    SLICE_X102Y94        CARRY4 (Prop_carry4_CI_O[3])
                                                      0.315    17.590 r  theshold_calculator_inst/r_threshold_value0_i_1/O[3]
                         net (fo=14, routed)          1.076    18.665    theshold_calculator_inst/r_threshold_value0_i_1_n_4
    DSP48_X3Y40          DSP48E1 (Prop_dsp48e1_B[11]_P[16])
                                                      3.839    22.504 r  theshold_calculator_inst/r_threshold_value0/P[16]
                         net (fo=1, routed)           1.073    23.577    theshold_calculator_inst/r_threshold_value0_n_89
    SLICE_X94Y95         FDRE                                         r  theshold_calculator_inst/r_threshold_value_reg[16]/D
  -------------------------------------------------------------------    -------------------

                         (clock sys_clk rise edge)    0.000     0.000 r  
    Y9                                                0.000     0.000 r  clock (IN)
                         net (fo=0)                   0.000     0.000    clock
    Y9                   IBUF (Prop_ibuf_I_O)         1.420     1.420 r  clock_IBUF_inst/O
                         net (fo=1, routed)           1.972     3.392    clock_IBUF
    BUFGCTRL_X0Y0        BUFG (Prop_bufg_I_O)         0.091     3.483 r  clock_IBUF_BUFG_inst/O
                         net (fo=23041, routed)       1.611     5.093    theshold_calculator_inst/clock_IBUF_BUFG
    SLICE_X94Y95         FDRE                                         r  theshold_calculator_inst/r_threshold_value_reg[16]/C

Slack:                    inf
  Source:                 i_pfa_value[0]
                            (input port)
  Destination:            theshold_calculator_inst/r_threshold_value_reg[3]/D
                            (rising edge-triggered cell FDRE clocked by sys_clk  {rise@0.000ns fall@12.500ns period=25.000ns})
  Path Group:             (none)
  Path Type:              Setup (Max at Slow Process Corner)
  Data Path Delay:        23.547ns  (logic 14.576ns (61.903%)  route 8.971ns (38.097%))
  Logic Levels:           19  (CARRY4=11 DSP48E1=4 IBUF=1 LUT3=1 LUT4=2)
  Clock Path Skew:        5.091ns (DCD - SCD + CPR)
    Destination Clock Delay (DCD):    5.091ns
    Source Clock Delay      (SCD):    0.000ns
    Clock Pessimism Removal (CPR):    0.000ns
  Clock Uncertainty:      0.025ns  ((TSJ^2 + TIJ^2)^1/2 + DJ) / 2 + PE
    Total System Jitter     (TSJ):    0.050ns
    Total Input Jitter      (TIJ):    0.000ns
    Discrete Jitter          (DJ):    0.000ns
    Phase Error              (PE):    0.000ns

    Location             Delay type                Incr(ns)  Path(ns)    Netlist Resource(s)
  -------------------------------------------------------------------    -------------------
    U15                                               0.000     0.000 r  i_pfa_value[0] (IN)
                         net (fo=0)                   0.000     0.000    i_pfa_value[0]
    U15                  IBUF (Prop_ibuf_I_O)         0.961     0.961 r  i_pfa_value_IBUF[0]_inst/O
                         net (fo=47, routed)          4.284     5.245    theshold_calculator_inst/i_pfa_value_IBUF[0]
    SLICE_X103Y85        LUT4 (Prop_lut4_I2_O)        0.124     5.369 r  theshold_calculator_inst/r_threshold_value1__1_i_9/O
                         net (fo=2, routed)           0.811     6.180    theshold_calculator_inst/r_threshold_value1__1_i_9_n_0
    DSP48_X4Y35          DSP48E1 (Prop_dsp48e1_A[8]_PCOUT[47])
                                                      4.036    10.216 r  theshold_calculator_inst/r_threshold_value1__1/PCOUT[47]
                         net (fo=1, routed)           0.002    10.218    theshold_calculator_inst/r_threshold_value1__1_n_106
    DSP48_X4Y36          DSP48E1 (Prop_dsp48e1_PCIN[47]_PCOUT[47])
                                                      1.713    11.931 r  theshold_calculator_inst/r_threshold_value1__2/PCOUT[47]
                         net (fo=1, routed)           0.002    11.933    theshold_calculator_inst/r_threshold_value1__2_n_106
    DSP48_X4Y37          DSP48E1 (Prop_dsp48e1_PCIN[47]_P[1])
                                                      1.518    13.451 r  theshold_calculator_inst/r_threshold_value1__3/P[1]
                         net (fo=3, routed)           1.147    14.598    theshold_calculator_inst/r_threshold_value1__3_n_104
    SLICE_X102Y83        LUT3 (Prop_lut3_I1_O)        0.149    14.747 r  theshold_calculator_inst/r_threshold_value0__1_i_24/O
                         net (fo=2, routed)           0.607    15.354    theshold_calculator_inst/r_threshold_value0__1_i_24_n_0
    SLICE_X102Y84        LUT4 (Prop_lut4_I3_O)        0.355    15.709 r  theshold_calculator_inst/r_threshold_value0__1_i_28/O
                         net (fo=1, routed)           0.000    15.709    theshold_calculator_inst/r_threshold_value0__1_i_28_n_0
    SLICE_X102Y84        CARRY4 (Prop_carry4_S[0]_CO[3])
                                                      0.513    16.222 r  theshold_calculator_inst/r_threshold_value0__1_i_3/CO[3]
                         net (fo=1, routed)           0.000    16.222    theshold_calculator_inst/r_threshold_value0__1_i_3_n_0
    SLICE_X102Y85        CARRY4 (Prop_carry4_CI_CO[3])
                                                      0.117    16.339 r  theshold_calculator_inst/r_threshold_value0__1_i_2/CO[3]
                         net (fo=1, routed)           0.000    16.339    theshold_calculator_inst/r_threshold_value0__1_i_2_n_0
    SLICE_X102Y86        CARRY4 (Prop_carry4_CI_CO[3])
                                                      0.117    16.456 r  theshold_calculator_inst/r_threshold_value0__1_i_1/CO[3]
                         net (fo=1, routed)           0.000    16.456    theshold_calculator_inst/r_threshold_value0__1_i_1_n_0
    SLICE_X102Y87        CARRY4 (Prop_carry4_CI_CO[3])
                                                      0.117    16.573 r  theshold_calculator_inst/r_threshold_value0__0_i_5/CO[3]
                         net (fo=1, routed)           0.000    16.573    theshold_calculator_inst/r_threshold_value0__0_i_5_n_0
    SLICE_X102Y88        CARRY4 (Prop_carry4_CI_CO[3])
                                                      0.117    16.690 r  theshold_calculator_inst/r_threshold_value0__0_i_4/CO[3]
                         net (fo=1, routed)           0.000    16.690    theshold_calculator_inst/r_threshold_value0__0_i_4_n_0
    SLICE_X102Y89        CARRY4 (Prop_carry4_CI_CO[3])
                                                      0.117    16.807 r  theshold_calculator_inst/r_threshold_value0__0_i_3/CO[3]
                         net (fo=1, routed)           0.000    16.807    theshold_calculator_inst/r_threshold_value0__0_i_3_n_0
    SLICE_X102Y90        CARRY4 (Prop_carry4_CI_CO[3])
                                                      0.117    16.924 r  theshold_calculator_inst/r_threshold_value0__0_i_2/CO[3]
                         net (fo=1, routed)           0.000    16.924    theshold_calculator_inst/r_threshold_value0__0_i_2_n_0
    SLICE_X102Y91        CARRY4 (Prop_carry4_CI_CO[3])
                                                      0.117    17.041 r  theshold_calculator_inst/r_threshold_value0__0_i_1/CO[3]
                         net (fo=1, routed)           0.000    17.041    theshold_calculator_inst/r_threshold_value0__0_i_1_n_0
    SLICE_X102Y92        CARRY4 (Prop_carry4_CI_CO[3])
                                                      0.117    17.158 r  theshold_calculator_inst/r_threshold_value0_i_3/CO[3]
                         net (fo=1, routed)           0.000    17.158    theshold_calculator_inst/r_threshold_value0_i_3_n_0
    SLICE_X102Y93        CARRY4 (Prop_carry4_CI_CO[3])
                                                      0.117    17.275 r  theshold_calculator_inst/r_threshold_value0_i_2/CO[3]
                         net (fo=1, routed)           0.000    17.275    theshold_calculator_inst/r_threshold_value0_i_2_n_0
    SLICE_X102Y94        CARRY4 (Prop_carry4_CI_O[3])
                                                      0.315    17.590 r  theshold_calculator_inst/r_threshold_value0_i_1/O[3]
                         net (fo=14, routed)          1.076    18.665    theshold_calculator_inst/r_threshold_value0_i_1_n_4
    DSP48_X3Y40          DSP48E1 (Prop_dsp48e1_B[11]_P[3])
                                                      3.839    22.504 r  theshold_calculator_inst/r_threshold_value0/P[3]
                         net (fo=1, routed)           1.043    23.547    theshold_calculator_inst/r_threshold_value0_n_102
    SLICE_X97Y90         FDRE                                         r  theshold_calculator_inst/r_threshold_value_reg[3]/D
  -------------------------------------------------------------------    -------------------

                         (clock sys_clk rise edge)    0.000     0.000 r  
    Y9                                                0.000     0.000 r  clock (IN)
                         net (fo=0)                   0.000     0.000    clock
    Y9                   IBUF (Prop_ibuf_I_O)         1.420     1.420 r  clock_IBUF_inst/O
                         net (fo=1, routed)           1.972     3.392    clock_IBUF
    BUFGCTRL_X0Y0        BUFG (Prop_bufg_I_O)         0.091     3.483 r  clock_IBUF_BUFG_inst/O
                         net (fo=23041, routed)       1.609     5.091    theshold_calculator_inst/clock_IBUF_BUFG
    SLICE_X97Y90         FDRE                                         r  theshold_calculator_inst/r_threshold_value_reg[3]/C





Min Delay Paths
--------------------------------------------------------------------------------------
Slack:                    inf
  Source:                 scd_estimator_inst/pm_first_stage_wrap_inst/input_window_imag/p_0_out__0/ACOUT[0]
                            (internal pin)
  Destination:            scd_estimator_inst/pm_first_stage_wrap_inst/input_window_imag/p_0_out__1/ACIN[0]
                            (rising edge-triggered cell DSP48E1 clocked by sys_clk  {rise@0.000ns fall@12.500ns period=25.000ns})
  Path Group:             (none)
  Path Type:              Hold (Min at Slow Process Corner)
  Data Path Delay:        0.002ns  (logic 0.000ns (0.000%)  route 0.002ns (100.000%))
  Logic Levels:           0  
  Clock Uncertainty:      0.025ns  ((TSJ^2 + TIJ^2)^1/2 + DJ) / 2 + PE
    Total System Jitter     (TSJ):    0.050ns
    Total Input Jitter      (TIJ):    0.000ns
    Discrete Jitter          (DJ):    0.000ns
    Phase Error              (PE):    0.000ns

    Location             Delay type                Incr(ns)  Path(ns)    Netlist Resource(s)
  -------------------------------------------------------------------    -------------------
    DSP48_X3Y8           DSP48E1                      0.000     0.000 r  scd_estimator_inst/pm_first_stage_wrap_inst/input_window_imag/p_0_out__0/ACOUT[0]
                         net (fo=1, routed)           0.002     0.002    scd_estimator_inst/pm_first_stage_wrap_inst/input_window_imag/p_0_out__0_n_53
    DSP48_X3Y9           DSP48E1                                      r  scd_estimator_inst/pm_first_stage_wrap_inst/input_window_imag/p_0_out__1/ACIN[0]
  -------------------------------------------------------------------    -------------------

                         (clock sys_clk rise edge)    0.000     0.000 r  
    Y9                                                0.000     0.000 r  clock (IN)
                         net (fo=0)                   0.000     0.000    clock
    Y9                   IBUF (Prop_ibuf_I_O)         1.490     1.490 r  clock_IBUF_inst/O
                         net (fo=1, routed)           2.171     3.661    clock_IBUF
    BUFGCTRL_X0Y0        BUFG (Prop_bufg_I_O)         0.101     3.762 r  clock_IBUF_BUFG_inst/O
                         net (fo=23041, routed)       1.869     5.631    scd_estimator_inst/pm_first_stage_wrap_inst/input_window_imag/clock_IBUF_BUFG
    DSP48_X3Y9           DSP48E1                                      r  scd_estimator_inst/pm_first_stage_wrap_inst/input_window_imag/p_0_out__1/CLK

Slack:                    inf
  Source:                 scd_estimator_inst/pm_first_stage_wrap_inst/input_window_imag/p_0_out__0/ACOUT[10]
                            (internal pin)
  Destination:            scd_estimator_inst/pm_first_stage_wrap_inst/input_window_imag/p_0_out__1/ACIN[10]
                            (rising edge-triggered cell DSP48E1 clocked by sys_clk  {rise@0.000ns fall@12.500ns period=25.000ns})
  Path Group:             (none)
  Path Type:              Hold (Min at Slow Process Corner)
  Data Path Delay:        0.002ns  (logic 0.000ns (0.000%)  route 0.002ns (100.000%))
  Logic Levels:           0  
  Clock Uncertainty:      0.025ns  ((TSJ^2 + TIJ^2)^1/2 + DJ) / 2 + PE
    Total System Jitter     (TSJ):    0.050ns
    Total Input Jitter      (TIJ):    0.000ns
    Discrete Jitter          (DJ):    0.000ns
    Phase Error              (PE):    0.000ns

    Location             Delay type                Incr(ns)  Path(ns)    Netlist Resource(s)
  -------------------------------------------------------------------    -------------------
    DSP48_X3Y8           DSP48E1                      0.000     0.000 r  scd_estimator_inst/pm_first_stage_wrap_inst/input_window_imag/p_0_out__0/ACOUT[10]
                         net (fo=1, routed)           0.002     0.002    scd_estimator_inst/pm_first_stage_wrap_inst/input_window_imag/p_0_out__0_n_43
    DSP48_X3Y9           DSP48E1                                      r  scd_estimator_inst/pm_first_stage_wrap_inst/input_window_imag/p_0_out__1/ACIN[10]
  -------------------------------------------------------------------    -------------------

                         (clock sys_clk rise edge)    0.000     0.000 r  
    Y9                                                0.000     0.000 r  clock (IN)
                         net (fo=0)                   0.000     0.000    clock
    Y9                   IBUF (Prop_ibuf_I_O)         1.490     1.490 r  clock_IBUF_inst/O
                         net (fo=1, routed)           2.171     3.661    clock_IBUF
    BUFGCTRL_X0Y0        BUFG (Prop_bufg_I_O)         0.101     3.762 r  clock_IBUF_BUFG_inst/O
                         net (fo=23041, routed)       1.869     5.631    scd_estimator_inst/pm_first_stage_wrap_inst/input_window_imag/clock_IBUF_BUFG
    DSP48_X3Y9           DSP48E1                                      r  scd_estimator_inst/pm_first_stage_wrap_inst/input_window_imag/p_0_out__1/CLK

Slack:                    inf
  Source:                 scd_estimator_inst/pm_first_stage_wrap_inst/input_window_imag/p_0_out__0/ACOUT[11]
                            (internal pin)
  Destination:            scd_estimator_inst/pm_first_stage_wrap_inst/input_window_imag/p_0_out__1/ACIN[11]
                            (rising edge-triggered cell DSP48E1 clocked by sys_clk  {rise@0.000ns fall@12.500ns period=25.000ns})
  Path Group:             (none)
  Path Type:              Hold (Min at Slow Process Corner)
  Data Path Delay:        0.002ns  (logic 0.000ns (0.000%)  route 0.002ns (100.000%))
  Logic Levels:           0  
  Clock Uncertainty:      0.025ns  ((TSJ^2 + TIJ^2)^1/2 + DJ) / 2 + PE
    Total System Jitter     (TSJ):    0.050ns
    Total Input Jitter      (TIJ):    0.000ns
    Discrete Jitter          (DJ):    0.000ns
    Phase Error              (PE):    0.000ns

    Location             Delay type                Incr(ns)  Path(ns)    Netlist Resource(s)
  -------------------------------------------------------------------    -------------------
    DSP48_X3Y8           DSP48E1                      0.000     0.000 r  scd_estimator_inst/pm_first_stage_wrap_inst/input_window_imag/p_0_out__0/ACOUT[11]
                         net (fo=1, routed)           0.002     0.002    scd_estimator_inst/pm_first_stage_wrap_inst/input_window_imag/p_0_out__0_n_42
    DSP48_X3Y9           DSP48E1                                      r  scd_estimator_inst/pm_first_stage_wrap_inst/input_window_imag/p_0_out__1/ACIN[11]
  -------------------------------------------------------------------    -------------------

                         (clock sys_clk rise edge)    0.000     0.000 r  
    Y9                                                0.000     0.000 r  clock (IN)
                         net (fo=0)                   0.000     0.000    clock
    Y9                   IBUF (Prop_ibuf_I_O)         1.490     1.490 r  clock_IBUF_inst/O
                         net (fo=1, routed)           2.171     3.661    clock_IBUF
    BUFGCTRL_X0Y0        BUFG (Prop_bufg_I_O)         0.101     3.762 r  clock_IBUF_BUFG_inst/O
                         net (fo=23041, routed)       1.869     5.631    scd_estimator_inst/pm_first_stage_wrap_inst/input_window_imag/clock_IBUF_BUFG
    DSP48_X3Y9           DSP48E1                                      r  scd_estimator_inst/pm_first_stage_wrap_inst/input_window_imag/p_0_out__1/CLK

Slack:                    inf
  Source:                 scd_estimator_inst/pm_first_stage_wrap_inst/input_window_imag/p_0_out__0/ACOUT[12]
                            (internal pin)
  Destination:            scd_estimator_inst/pm_first_stage_wrap_inst/input_window_imag/p_0_out__1/ACIN[12]
                            (rising edge-triggered cell DSP48E1 clocked by sys_clk  {rise@0.000ns fall@12.500ns period=25.000ns})
  Path Group:             (none)
  Path Type:              Hold (Min at Slow Process Corner)
  Data Path Delay:        0.002ns  (logic 0.000ns (0.000%)  route 0.002ns (100.000%))
  Logic Levels:           0  
  Clock Uncertainty:      0.025ns  ((TSJ^2 + TIJ^2)^1/2 + DJ) / 2 + PE
    Total System Jitter     (TSJ):    0.050ns
    Total Input Jitter      (TIJ):    0.000ns
    Discrete Jitter          (DJ):    0.000ns
    Phase Error              (PE):    0.000ns

    Location             Delay type                Incr(ns)  Path(ns)    Netlist Resource(s)
  -------------------------------------------------------------------    -------------------
    DSP48_X3Y8           DSP48E1                      0.000     0.000 r  scd_estimator_inst/pm_first_stage_wrap_inst/input_window_imag/p_0_out__0/ACOUT[12]
                         net (fo=1, routed)           0.002     0.002    scd_estimator_inst/pm_first_stage_wrap_inst/input_window_imag/p_0_out__0_n_41
    DSP48_X3Y9           DSP48E1                                      r  scd_estimator_inst/pm_first_stage_wrap_inst/input_window_imag/p_0_out__1/ACIN[12]
  -------------------------------------------------------------------    -------------------

                         (clock sys_clk rise edge)    0.000     0.000 r  
    Y9                                                0.000     0.000 r  clock (IN)
                         net (fo=0)                   0.000     0.000    clock
    Y9                   IBUF (Prop_ibuf_I_O)         1.490     1.490 r  clock_IBUF_inst/O
                         net (fo=1, routed)           2.171     3.661    clock_IBUF
    BUFGCTRL_X0Y0        BUFG (Prop_bufg_I_O)         0.101     3.762 r  clock_IBUF_BUFG_inst/O
                         net (fo=23041, routed)       1.869     5.631    scd_estimator_inst/pm_first_stage_wrap_inst/input_window_imag/clock_IBUF_BUFG
    DSP48_X3Y9           DSP48E1                                      r  scd_estimator_inst/pm_first_stage_wrap_inst/input_window_imag/p_0_out__1/CLK

Slack:                    inf
  Source:                 scd_estimator_inst/pm_first_stage_wrap_inst/input_window_imag/p_0_out__0/ACOUT[13]
                            (internal pin)
  Destination:            scd_estimator_inst/pm_first_stage_wrap_inst/input_window_imag/p_0_out__1/ACIN[13]
                            (rising edge-triggered cell DSP48E1 clocked by sys_clk  {rise@0.000ns fall@12.500ns period=25.000ns})
  Path Group:             (none)
  Path Type:              Hold (Min at Slow Process Corner)
  Data Path Delay:        0.002ns  (logic 0.000ns (0.000%)  route 0.002ns (100.000%))
  Logic Levels:           0  
  Clock Uncertainty:      0.025ns  ((TSJ^2 + TIJ^2)^1/2 + DJ) / 2 + PE
    Total System Jitter     (TSJ):    0.050ns
    Total Input Jitter      (TIJ):    0.000ns
    Discrete Jitter          (DJ):    0.000ns
    Phase Error              (PE):    0.000ns

    Location             Delay type                Incr(ns)  Path(ns)    Netlist Resource(s)
  -------------------------------------------------------------------    -------------------
    DSP48_X3Y8           DSP48E1                      0.000     0.000 r  scd_estimator_inst/pm_first_stage_wrap_inst/input_window_imag/p_0_out__0/ACOUT[13]
                         net (fo=1, routed)           0.002     0.002    scd_estimator_inst/pm_first_stage_wrap_inst/input_window_imag/p_0_out__0_n_40
    DSP48_X3Y9           DSP48E1                                      r  scd_estimator_inst/pm_first_stage_wrap_inst/input_window_imag/p_0_out__1/ACIN[13]
  -------------------------------------------------------------------    -------------------

                         (clock sys_clk rise edge)    0.000     0.000 r  
    Y9                                                0.000     0.000 r  clock (IN)
                         net (fo=0)                   0.000     0.000    clock
    Y9                   IBUF (Prop_ibuf_I_O)         1.490     1.490 r  clock_IBUF_inst/O
                         net (fo=1, routed)           2.171     3.661    clock_IBUF
    BUFGCTRL_X0Y0        BUFG (Prop_bufg_I_O)         0.101     3.762 r  clock_IBUF_BUFG_inst/O
                         net (fo=23041, routed)       1.869     5.631    scd_estimator_inst/pm_first_stage_wrap_inst/input_window_imag/clock_IBUF_BUFG
    DSP48_X3Y9           DSP48E1                                      r  scd_estimator_inst/pm_first_stage_wrap_inst/input_window_imag/p_0_out__1/CLK

Slack:                    inf
  Source:                 scd_estimator_inst/pm_first_stage_wrap_inst/input_window_imag/p_0_out__0/ACOUT[14]
                            (internal pin)
  Destination:            scd_estimator_inst/pm_first_stage_wrap_inst/input_window_imag/p_0_out__1/ACIN[14]
                            (rising edge-triggered cell DSP48E1 clocked by sys_clk  {rise@0.000ns fall@12.500ns period=25.000ns})
  Path Group:             (none)
  Path Type:              Hold (Min at Slow Process Corner)
  Data Path Delay:        0.002ns  (logic 0.000ns (0.000%)  route 0.002ns (100.000%))
  Logic Levels:           0  
  Clock Uncertainty:      0.025ns  ((TSJ^2 + TIJ^2)^1/2 + DJ) / 2 + PE
    Total System Jitter     (TSJ):    0.050ns
    Total Input Jitter      (TIJ):    0.000ns
    Discrete Jitter          (DJ):    0.000ns
    Phase Error              (PE):    0.000ns

    Location             Delay type                Incr(ns)  Path(ns)    Netlist Resource(s)
  -------------------------------------------------------------------    -------------------
    DSP48_X3Y8           DSP48E1                      0.000     0.000 r  scd_estimator_inst/pm_first_stage_wrap_inst/input_window_imag/p_0_out__0/ACOUT[14]
                         net (fo=1, routed)           0.002     0.002    scd_estimator_inst/pm_first_stage_wrap_inst/input_window_imag/p_0_out__0_n_39
    DSP48_X3Y9           DSP48E1                                      r  scd_estimator_inst/pm_first_stage_wrap_inst/input_window_imag/p_0_out__1/ACIN[14]
  -------------------------------------------------------------------    -------------------

                         (clock sys_clk rise edge)    0.000     0.000 r  
    Y9                                                0.000     0.000 r  clock (IN)
                         net (fo=0)                   0.000     0.000    clock
    Y9                   IBUF (Prop_ibuf_I_O)         1.490     1.490 r  clock_IBUF_inst/O
                         net (fo=1, routed)           2.171     3.661    clock_IBUF
    BUFGCTRL_X0Y0        BUFG (Prop_bufg_I_O)         0.101     3.762 r  clock_IBUF_BUFG_inst/O
                         net (fo=23041, routed)       1.869     5.631    scd_estimator_inst/pm_first_stage_wrap_inst/input_window_imag/clock_IBUF_BUFG
    DSP48_X3Y9           DSP48E1                                      r  scd_estimator_inst/pm_first_stage_wrap_inst/input_window_imag/p_0_out__1/CLK

Slack:                    inf
  Source:                 scd_estimator_inst/pm_first_stage_wrap_inst/input_window_imag/p_0_out__0/ACOUT[15]
                            (internal pin)
  Destination:            scd_estimator_inst/pm_first_stage_wrap_inst/input_window_imag/p_0_out__1/ACIN[15]
                            (rising edge-triggered cell DSP48E1 clocked by sys_clk  {rise@0.000ns fall@12.500ns period=25.000ns})
  Path Group:             (none)
  Path Type:              Hold (Min at Slow Process Corner)
  Data Path Delay:        0.002ns  (logic 0.000ns (0.000%)  route 0.002ns (100.000%))
  Logic Levels:           0  
  Clock Uncertainty:      0.025ns  ((TSJ^2 + TIJ^2)^1/2 + DJ) / 2 + PE
    Total System Jitter     (TSJ):    0.050ns
    Total Input Jitter      (TIJ):    0.000ns
    Discrete Jitter          (DJ):    0.000ns
    Phase Error              (PE):    0.000ns

    Location             Delay type                Incr(ns)  Path(ns)    Netlist Resource(s)
  -------------------------------------------------------------------    -------------------
    DSP48_X3Y8           DSP48E1                      0.000     0.000 r  scd_estimator_inst/pm_first_stage_wrap_inst/input_window_imag/p_0_out__0/ACOUT[15]
                         net (fo=1, routed)           0.002     0.002    scd_estimator_inst/pm_first_stage_wrap_inst/input_window_imag/p_0_out__0_n_38
    DSP48_X3Y9           DSP48E1                                      r  scd_estimator_inst/pm_first_stage_wrap_inst/input_window_imag/p_0_out__1/ACIN[15]
  -------------------------------------------------------------------    -------------------

                         (clock sys_clk rise edge)    0.000     0.000 r  
    Y9                                                0.000     0.000 r  clock (IN)
                         net (fo=0)                   0.000     0.000    clock
    Y9                   IBUF (Prop_ibuf_I_O)         1.490     1.490 r  clock_IBUF_inst/O
                         net (fo=1, routed)           2.171     3.661    clock_IBUF
    BUFGCTRL_X0Y0        BUFG (Prop_bufg_I_O)         0.101     3.762 r  clock_IBUF_BUFG_inst/O
                         net (fo=23041, routed)       1.869     5.631    scd_estimator_inst/pm_first_stage_wrap_inst/input_window_imag/clock_IBUF_BUFG
    DSP48_X3Y9           DSP48E1                                      r  scd_estimator_inst/pm_first_stage_wrap_inst/input_window_imag/p_0_out__1/CLK

Slack:                    inf
  Source:                 scd_estimator_inst/pm_first_stage_wrap_inst/input_window_imag/p_0_out__0/ACOUT[16]
                            (internal pin)
  Destination:            scd_estimator_inst/pm_first_stage_wrap_inst/input_window_imag/p_0_out__1/ACIN[16]
                            (rising edge-triggered cell DSP48E1 clocked by sys_clk  {rise@0.000ns fall@12.500ns period=25.000ns})
  Path Group:             (none)
  Path Type:              Hold (Min at Slow Process Corner)
  Data Path Delay:        0.002ns  (logic 0.000ns (0.000%)  route 0.002ns (100.000%))
  Logic Levels:           0  
  Clock Uncertainty:      0.025ns  ((TSJ^2 + TIJ^2)^1/2 + DJ) / 2 + PE
    Total System Jitter     (TSJ):    0.050ns
    Total Input Jitter      (TIJ):    0.000ns
    Discrete Jitter          (DJ):    0.000ns
    Phase Error              (PE):    0.000ns

    Location             Delay type                Incr(ns)  Path(ns)    Netlist Resource(s)
  -------------------------------------------------------------------    -------------------
    DSP48_X3Y8           DSP48E1                      0.000     0.000 r  scd_estimator_inst/pm_first_stage_wrap_inst/input_window_imag/p_0_out__0/ACOUT[16]
                         net (fo=1, routed)           0.002     0.002    scd_estimator_inst/pm_first_stage_wrap_inst/input_window_imag/p_0_out__0_n_37
    DSP48_X3Y9           DSP48E1                                      r  scd_estimator_inst/pm_first_stage_wrap_inst/input_window_imag/p_0_out__1/ACIN[16]
  -------------------------------------------------------------------    -------------------

                         (clock sys_clk rise edge)    0.000     0.000 r  
    Y9                                                0.000     0.000 r  clock (IN)
                         net (fo=0)                   0.000     0.000    clock
    Y9                   IBUF (Prop_ibuf_I_O)         1.490     1.490 r  clock_IBUF_inst/O
                         net (fo=1, routed)           2.171     3.661    clock_IBUF
    BUFGCTRL_X0Y0        BUFG (Prop_bufg_I_O)         0.101     3.762 r  clock_IBUF_BUFG_inst/O
                         net (fo=23041, routed)       1.869     5.631    scd_estimator_inst/pm_first_stage_wrap_inst/input_window_imag/clock_IBUF_BUFG
    DSP48_X3Y9           DSP48E1                                      r  scd_estimator_inst/pm_first_stage_wrap_inst/input_window_imag/p_0_out__1/CLK

Slack:                    inf
  Source:                 scd_estimator_inst/pm_first_stage_wrap_inst/input_window_imag/p_0_out__0/ACOUT[17]
                            (internal pin)
  Destination:            scd_estimator_inst/pm_first_stage_wrap_inst/input_window_imag/p_0_out__1/ACIN[17]
                            (rising edge-triggered cell DSP48E1 clocked by sys_clk  {rise@0.000ns fall@12.500ns period=25.000ns})
  Path Group:             (none)
  Path Type:              Hold (Min at Slow Process Corner)
  Data Path Delay:        0.002ns  (logic 0.000ns (0.000%)  route 0.002ns (100.000%))
  Logic Levels:           0  
  Clock Uncertainty:      0.025ns  ((TSJ^2 + TIJ^2)^1/2 + DJ) / 2 + PE
    Total System Jitter     (TSJ):    0.050ns
    Total Input Jitter      (TIJ):    0.000ns
    Discrete Jitter          (DJ):    0.000ns
    Phase Error              (PE):    0.000ns

    Location             Delay type                Incr(ns)  Path(ns)    Netlist Resource(s)
  -------------------------------------------------------------------    -------------------
    DSP48_X3Y8           DSP48E1                      0.000     0.000 r  scd_estimator_inst/pm_first_stage_wrap_inst/input_window_imag/p_0_out__0/ACOUT[17]
                         net (fo=1, routed)           0.002     0.002    scd_estimator_inst/pm_first_stage_wrap_inst/input_window_imag/p_0_out__0_n_36
    DSP48_X3Y9           DSP48E1                                      r  scd_estimator_inst/pm_first_stage_wrap_inst/input_window_imag/p_0_out__1/ACIN[17]
  -------------------------------------------------------------------    -------------------

                         (clock sys_clk rise edge)    0.000     0.000 r  
    Y9                                                0.000     0.000 r  clock (IN)
                         net (fo=0)                   0.000     0.000    clock
    Y9                   IBUF (Prop_ibuf_I_O)         1.490     1.490 r  clock_IBUF_inst/O
                         net (fo=1, routed)           2.171     3.661    clock_IBUF
    BUFGCTRL_X0Y0        BUFG (Prop_bufg_I_O)         0.101     3.762 r  clock_IBUF_BUFG_inst/O
                         net (fo=23041, routed)       1.869     5.631    scd_estimator_inst/pm_first_stage_wrap_inst/input_window_imag/clock_IBUF_BUFG
    DSP48_X3Y9           DSP48E1                                      r  scd_estimator_inst/pm_first_stage_wrap_inst/input_window_imag/p_0_out__1/CLK

Slack:                    inf
  Source:                 scd_estimator_inst/pm_first_stage_wrap_inst/input_window_imag/p_0_out__0/ACOUT[18]
                            (internal pin)
  Destination:            scd_estimator_inst/pm_first_stage_wrap_inst/input_window_imag/p_0_out__1/ACIN[18]
                            (rising edge-triggered cell DSP48E1 clocked by sys_clk  {rise@0.000ns fall@12.500ns period=25.000ns})
  Path Group:             (none)
  Path Type:              Hold (Min at Slow Process Corner)
  Data Path Delay:        0.002ns  (logic 0.000ns (0.000%)  route 0.002ns (100.000%))
  Logic Levels:           0  
  Clock Uncertainty:      0.025ns  ((TSJ^2 + TIJ^2)^1/2 + DJ) / 2 + PE
    Total System Jitter     (TSJ):    0.050ns
    Total Input Jitter      (TIJ):    0.000ns
    Discrete Jitter          (DJ):    0.000ns
    Phase Error              (PE):    0.000ns

    Location             Delay type                Incr(ns)  Path(ns)    Netlist Resource(s)
  -------------------------------------------------------------------    -------------------
    DSP48_X3Y8           DSP48E1                      0.000     0.000 r  scd_estimator_inst/pm_first_stage_wrap_inst/input_window_imag/p_0_out__0/ACOUT[18]
                         net (fo=1, routed)           0.002     0.002    scd_estimator_inst/pm_first_stage_wrap_inst/input_window_imag/p_0_out__0_n_35
    DSP48_X3Y9           DSP48E1                                      r  scd_estimator_inst/pm_first_stage_wrap_inst/input_window_imag/p_0_out__1/ACIN[18]
  -------------------------------------------------------------------    -------------------

                         (clock sys_clk rise edge)    0.000     0.000 r  
    Y9                                                0.000     0.000 r  clock (IN)
                         net (fo=0)                   0.000     0.000    clock
    Y9                   IBUF (Prop_ibuf_I_O)         1.490     1.490 r  clock_IBUF_inst/O
                         net (fo=1, routed)           2.171     3.661    clock_IBUF
    BUFGCTRL_X0Y0        BUFG (Prop_bufg_I_O)         0.101     3.762 r  clock_IBUF_BUFG_inst/O
                         net (fo=23041, routed)       1.869     5.631    scd_estimator_inst/pm_first_stage_wrap_inst/input_window_imag/clock_IBUF_BUFG
    DSP48_X3Y9           DSP48E1                                      r  scd_estimator_inst/pm_first_stage_wrap_inst/input_window_imag/p_0_out__1/CLK





