Copyright 1986-2022 Xilinx, Inc. All Rights Reserved. Copyright 2022-2023 Advanced Micro Devices, Inc. All Rights Reserved.
---------------------------------------------------------------------------------------------------------------------------------------------
| Tool Version : Vivado v.2023.1 (win64) Build 3865809 Sun May  7 15:05:29 MDT 2023
| Date         : Wed Jul  8 14:23:18 2026
| Host         : Geronimo running 64-bit major release  (build 9200)
| Command      : report_drc -file pm_top_mux_drc_opted.rpt -pb pm_top_mux_drc_opted.pb -rpx pm_top_mux_drc_opted.rpx
| Design       : pm_top_mux
| Device       : xc7z020clg484-1
| Speed File   : -1
| Design State : Synthesized
---------------------------------------------------------------------------------------------------------------------------------------------

Report DRC

Table of Contents
-----------------
1. REPORT SUMMARY
2. REPORT DETAILS

1. REPORT SUMMARY
-----------------
            Netlist: netlist
          Floorplan: design_1
      Design limits: <entire design considered>
           Ruledeck: default
             Max violations: <unlimited>
             Violations found: 317
+-----------+------------------+-------------------------------------------------------------------+------------+
| Rule      | Severity         | Description                                                       | Violations |
+-----------+------------------+-------------------------------------------------------------------+------------+
| NSTD-1    | Critical Warning | Unspecified I/O Standard                                          | 1          |
| UCIO-1    | Critical Warning | Unconstrained Logical Port                                        | 1          |
| CHECK-3   | Warning          | Report rule limit reached                                         | 1          |
| DPIP-1    | Warning          | Input pipelining                                                  | 88         |
| DPOP-1    | Warning          | PREG Output pipelining                                            | 84         |
| DPOP-2    | Warning          | MREG Output pipelining                                            | 90         |
| REQP-1840 | Warning          | RAMB18 async control check                                        | 20         |
| ZPS7-1    | Warning          | PS7 block required                                                | 1          |
| AVAL-4    | Advisory         | enum_USE_DPORT_FALSE_enum_DREG_ADREG_0_connects_CED_CEAD_RSTD_GND | 28         |
| REQP-165  | Advisory         | writefirst                                                        | 3          |
+-----------+------------------+-------------------------------------------------------------------+------------+

2. REPORT DETAILS
-----------------
NSTD-1#1 Critical Warning
Unspecified I/O Standard  
73 out of 74 logical ports use I/O standard (IOSTANDARD) value 'DEFAULT', instead of a user assigned specific value. This may cause I/O contention or incompatibility with the board power or connectivity affecting performance, signal integrity or in extreme cases cause damage to the device or the components to which it is connected. To correct this violation, specify all I/O standards. This design will fail to generate a bitstream unless all logical ports have a user specified I/O standard value defined. To allow bitstream creation with unspecified I/O standard values (not recommended), use this command: set_property SEVERITY {Warning} [get_drc_checks NSTD-1].  NOTE: When using the Vivado Runs infrastructure (e.g. launch_runs Tcl command), add this command to a .tcl file and add that file as a pre-hook for write_bitstream step for the implementation run. Problem ports: i_data_im[11:0], i_data_re[11:0], i_data_size[10:0], i_enable,
i_noise_data_valid, i_noise_size[8:0], i_pfa_value[3:0], i_reset,
i_signal_data_valid, i_window_sel[1:0], o_detect[15:0], o_detection_done,
o_est_done, o_threshold_est_done.
Related violations: <none>

UCIO-1#1 Critical Warning
Unconstrained Logical Port  
73 out of 74 logical ports have no user assigned specific location constraint (LOC). This may cause I/O contention or incompatibility with the board power or connectivity affecting performance, signal integrity or in extreme cases cause damage to the device or the components to which it is connected. To correct this violation, specify all pin locations. This design will fail to generate a bitstream unless all logical ports have a user specified site LOC constraint defined.  To allow bitstream creation with unspecified pin locations (not recommended), use this command: set_property SEVERITY {Warning} [get_drc_checks UCIO-1].  NOTE: When using the Vivado Runs infrastructure (e.g. launch_runs Tcl command), add this command to a .tcl file and add that file as a pre-hook for write_bitstream step for the implementation run.  Problem ports: i_data_im[11:0], i_data_re[11:0], i_data_size[10:0], i_enable,
i_noise_data_valid, i_noise_size[8:0], i_pfa_value[3:0], i_reset,
i_signal_data_valid, i_window_sel[1:0], o_detect[15:0], o_detection_done,
o_est_done, o_threshold_est_done.
Related violations: <none>

CHECK-3#1 Warning
Report rule limit reached  
REQP-1840 rule limit reached: 20 violations have been found.
Related violations: <none>

DPIP-1#1 Warning
Input pipelining  
DSP detection_compare_inst/r_comparison1 input detection_compare_inst/r_comparison1/A[29:0] is not pipelined. Pipelining DSP48 input will improve performance.
Related violations: <none>

DPIP-1#2 Warning
Input pipelining  
DSP detection_compare_inst/r_comparison1 input detection_compare_inst/r_comparison1/B[17:0] is not pipelined. Pipelining DSP48 input will improve performance.
Related violations: <none>

DPIP-1#3 Warning
Input pipelining  
DSP detection_compare_inst/r_comparison1__0 input detection_compare_inst/r_comparison1__0/A[29:0] is not pipelined. Pipelining DSP48 input will improve performance.
Related violations: <none>

DPIP-1#4 Warning
Input pipelining  
DSP detection_compare_inst/r_comparison1__0 input detection_compare_inst/r_comparison1__0/B[17:0] is not pipelined. Pipelining DSP48 input will improve performance.
Related violations: <none>

DPIP-1#5 Warning
Input pipelining  
DSP detection_compare_inst/r_comparison1__1 input detection_compare_inst/r_comparison1__1/A[29:0] is not pipelined. Pipelining DSP48 input will improve performance.
Related violations: <none>

DPIP-1#6 Warning
Input pipelining  
DSP detection_compare_inst/r_comparison1__1 input detection_compare_inst/r_comparison1__1/B[17:0] is not pipelined. Pipelining DSP48 input will improve performance.
Related violations: <none>

DPIP-1#7 Warning
Input pipelining  
DSP detection_compare_inst/r_comparison1__2 input detection_compare_inst/r_comparison1__2/A[29:0] is not pipelined. Pipelining DSP48 input will improve performance.
Related violations: <none>

DPIP-1#8 Warning
Input pipelining  
DSP detection_compare_inst/r_comparison1__2 input detection_compare_inst/r_comparison1__2/B[17:0] is not pipelined. Pipelining DSP48 input will improve performance.
Related violations: <none>

DPIP-1#9 Warning
Input pipelining  
DSP detection_compare_inst/r_comparison1__3 input detection_compare_inst/r_comparison1__3/A[29:0] is not pipelined. Pipelining DSP48 input will improve performance.
Related violations: <none>

DPIP-1#10 Warning
Input pipelining  
DSP detection_compare_inst/r_comparison1__3 input detection_compare_inst/r_comparison1__3/B[17:0] is not pipelined. Pipelining DSP48 input will improve performance.
Related violations: <none>

DPIP-1#11 Warning
Input pipelining  
DSP detection_compare_inst/r_comparison1__4 input detection_compare_inst/r_comparison1__4/A[29:0] is not pipelined. Pipelining DSP48 input will improve performance.
Related violations: <none>

DPIP-1#12 Warning
Input pipelining  
DSP detection_compare_inst/r_comparison1__4 input detection_compare_inst/r_comparison1__4/B[17:0] is not pipelined. Pipelining DSP48 input will improve performance.
Related violations: <none>

DPIP-1#13 Warning
Input pipelining  
DSP detection_compare_inst/r_comparison1__5 input detection_compare_inst/r_comparison1__5/A[29:0] is not pipelined. Pipelining DSP48 input will improve performance.
Related violations: <none>

DPIP-1#14 Warning
Input pipelining  
DSP detection_compare_inst/r_comparison1__5 input detection_compare_inst/r_comparison1__5/B[17:0] is not pipelined. Pipelining DSP48 input will improve performance.
Related violations: <none>

DPIP-1#15 Warning
Input pipelining  
DSP detection_compare_inst/r_comparison1__6 input detection_compare_inst/r_comparison1__6/A[29:0] is not pipelined. Pipelining DSP48 input will improve performance.
Related violations: <none>

DPIP-1#16 Warning
Input pipelining  
DSP detection_compare_inst/r_comparison1__6 input detection_compare_inst/r_comparison1__6/B[17:0] is not pipelined. Pipelining DSP48 input will improve performance.
Related violations: <none>

DPIP-1#17 Warning
Input pipelining  
DSP scd_estimator_inst/pm_first_stage_wrap_inst/input_window_imag/p_0_out input scd_estimator_inst/pm_first_stage_wrap_inst/input_window_imag/p_0_out/B[17:0] is not pipelined. Pipelining DSP48 input will improve performance.
Related violations: <none>

DPIP-1#18 Warning
Input pipelining  
DSP scd_estimator_inst/pm_first_stage_wrap_inst/input_window_imag/p_0_out__0 input scd_estimator_inst/pm_first_stage_wrap_inst/input_window_imag/p_0_out__0/B[17:0] is not pipelined. Pipelining DSP48 input will improve performance.
Related violations: <none>

DPIP-1#19 Warning
Input pipelining  
DSP scd_estimator_inst/pm_first_stage_wrap_inst/input_window_imag/p_0_out__1 input scd_estimator_inst/pm_first_stage_wrap_inst/input_window_imag/p_0_out__1/B[17:0] is not pipelined. Pipelining DSP48 input will improve performance.
Related violations: <none>

DPIP-1#20 Warning
Input pipelining  
DSP scd_estimator_inst/pm_first_stage_wrap_inst/input_window_imag/p_0_out__10 input scd_estimator_inst/pm_first_stage_wrap_inst/input_window_imag/p_0_out__10/B[17:0] is not pipelined. Pipelining DSP48 input will improve performance.
Related violations: <none>

DPIP-1#21 Warning
Input pipelining  
DSP scd_estimator_inst/pm_first_stage_wrap_inst/input_window_imag/p_0_out__11 input scd_estimator_inst/pm_first_stage_wrap_inst/input_window_imag/p_0_out__11/B[17:0] is not pipelined. Pipelining DSP48 input will improve performance.
Related violations: <none>

DPIP-1#22 Warning
Input pipelining  
DSP scd_estimator_inst/pm_first_stage_wrap_inst/input_window_imag/p_0_out__12 input scd_estimator_inst/pm_first_stage_wrap_inst/input_window_imag/p_0_out__12/B[17:0] is not pipelined. Pipelining DSP48 input will improve performance.
Related violations: <none>

DPIP-1#23 Warning
Input pipelining  
DSP scd_estimator_inst/pm_first_stage_wrap_inst/input_window_imag/p_0_out__13 input scd_estimator_inst/pm_first_stage_wrap_inst/input_window_imag/p_0_out__13/B[17:0] is not pipelined. Pipelining DSP48 input will improve performance.
Related violations: <none>

DPIP-1#24 Warning
Input pipelining  
DSP scd_estimator_inst/pm_first_stage_wrap_inst/input_window_imag/p_0_out__16 input scd_estimator_inst/pm_first_stage_wrap_inst/input_window_imag/p_0_out__16/B[17:0] is not pipelined. Pipelining DSP48 input will improve performance.
Related violations: <none>

DPIP-1#25 Warning
Input pipelining  
DSP scd_estimator_inst/pm_first_stage_wrap_inst/input_window_imag/p_0_out__17 input scd_estimator_inst/pm_first_stage_wrap_inst/input_window_imag/p_0_out__17/B[17:0] is not pipelined. Pipelining DSP48 input will improve performance.
Related violations: <none>

DPIP-1#26 Warning
Input pipelining  
DSP scd_estimator_inst/pm_first_stage_wrap_inst/input_window_imag/p_0_out__18 input scd_estimator_inst/pm_first_stage_wrap_inst/input_window_imag/p_0_out__18/B[17:0] is not pipelined. Pipelining DSP48 input will improve performance.
Related violations: <none>

DPIP-1#27 Warning
Input pipelining  
DSP scd_estimator_inst/pm_first_stage_wrap_inst/input_window_imag/p_0_out__19 input scd_estimator_inst/pm_first_stage_wrap_inst/input_window_imag/p_0_out__19/B[17:0] is not pipelined. Pipelining DSP48 input will improve performance.
Related violations: <none>

DPIP-1#28 Warning
Input pipelining  
DSP scd_estimator_inst/pm_first_stage_wrap_inst/input_window_imag/p_0_out__2 input scd_estimator_inst/pm_first_stage_wrap_inst/input_window_imag/p_0_out__2/B[17:0] is not pipelined. Pipelining DSP48 input will improve performance.
Related violations: <none>

DPIP-1#29 Warning
Input pipelining  
DSP scd_estimator_inst/pm_first_stage_wrap_inst/input_window_imag/p_0_out__20 input scd_estimator_inst/pm_first_stage_wrap_inst/input_window_imag/p_0_out__20/B[17:0] is not pipelined. Pipelining DSP48 input will improve performance.
Related violations: <none>

DPIP-1#30 Warning
Input pipelining  
DSP scd_estimator_inst/pm_first_stage_wrap_inst/input_window_imag/p_0_out__21 input scd_estimator_inst/pm_first_stage_wrap_inst/input_window_imag/p_0_out__21/B[17:0] is not pipelined. Pipelining DSP48 input will improve performance.
Related violations: <none>

DPIP-1#31 Warning
Input pipelining  
DSP scd_estimator_inst/pm_first_stage_wrap_inst/input_window_imag/p_0_out__22 input scd_estimator_inst/pm_first_stage_wrap_inst/input_window_imag/p_0_out__22/B[17:0] is not pipelined. Pipelining DSP48 input will improve performance.
Related violations: <none>

DPIP-1#32 Warning
Input pipelining  
DSP scd_estimator_inst/pm_first_stage_wrap_inst/input_window_imag/p_0_out__23 input scd_estimator_inst/pm_first_stage_wrap_inst/input_window_imag/p_0_out__23/B[17:0] is not pipelined. Pipelining DSP48 input will improve performance.
Related violations: <none>

DPIP-1#33 Warning
Input pipelining  
DSP scd_estimator_inst/pm_first_stage_wrap_inst/input_window_imag/p_0_out__24 input scd_estimator_inst/pm_first_stage_wrap_inst/input_window_imag/p_0_out__24/B[17:0] is not pipelined. Pipelining DSP48 input will improve performance.
Related violations: <none>

DPIP-1#34 Warning
Input pipelining  
DSP scd_estimator_inst/pm_first_stage_wrap_inst/input_window_imag/p_0_out__25 input scd_estimator_inst/pm_first_stage_wrap_inst/input_window_imag/p_0_out__25/B[17:0] is not pipelined. Pipelining DSP48 input will improve performance.
Related violations: <none>

DPIP-1#35 Warning
Input pipelining  
DSP scd_estimator_inst/pm_first_stage_wrap_inst/input_window_imag/p_0_out__26 input scd_estimator_inst/pm_first_stage_wrap_inst/input_window_imag/p_0_out__26/B[17:0] is not pipelined. Pipelining DSP48 input will improve performance.
Related violations: <none>

DPIP-1#36 Warning
Input pipelining  
DSP scd_estimator_inst/pm_first_stage_wrap_inst/input_window_imag/p_0_out__27 input scd_estimator_inst/pm_first_stage_wrap_inst/input_window_imag/p_0_out__27/B[17:0] is not pipelined. Pipelining DSP48 input will improve performance.
Related violations: <none>

DPIP-1#37 Warning
Input pipelining  
DSP scd_estimator_inst/pm_first_stage_wrap_inst/input_window_imag/p_0_out__28 input scd_estimator_inst/pm_first_stage_wrap_inst/input_window_imag/p_0_out__28/B[17:0] is not pipelined. Pipelining DSP48 input will improve performance.
Related violations: <none>

DPIP-1#38 Warning
Input pipelining  
DSP scd_estimator_inst/pm_first_stage_wrap_inst/input_window_imag/p_0_out__29 input scd_estimator_inst/pm_first_stage_wrap_inst/input_window_imag/p_0_out__29/B[17:0] is not pipelined. Pipelining DSP48 input will improve performance.
Related violations: <none>

DPIP-1#39 Warning
Input pipelining  
DSP scd_estimator_inst/pm_first_stage_wrap_inst/input_window_imag/p_0_out__3 input scd_estimator_inst/pm_first_stage_wrap_inst/input_window_imag/p_0_out__3/B[17:0] is not pipelined. Pipelining DSP48 input will improve performance.
Related violations: <none>

DPIP-1#40 Warning
Input pipelining  
DSP scd_estimator_inst/pm_first_stage_wrap_inst/input_window_imag/p_0_out__30 input scd_estimator_inst/pm_first_stage_wrap_inst/input_window_imag/p_0_out__30/B[17:0] is not pipelined. Pipelining DSP48 input will improve performance.
Related violations: <none>

DPIP-1#41 Warning
Input pipelining  
DSP scd_estimator_inst/pm_first_stage_wrap_inst/input_window_imag/p_0_out__4 input scd_estimator_inst/pm_first_stage_wrap_inst/input_window_imag/p_0_out__4/B[17:0] is not pipelined. Pipelining DSP48 input will improve performance.
Related violations: <none>

DPIP-1#42 Warning
Input pipelining  
DSP scd_estimator_inst/pm_first_stage_wrap_inst/input_window_imag/p_0_out__5 input scd_estimator_inst/pm_first_stage_wrap_inst/input_window_imag/p_0_out__5/B[17:0] is not pipelined. Pipelining DSP48 input will improve performance.
Related violations: <none>

DPIP-1#43 Warning
Input pipelining  
DSP scd_estimator_inst/pm_first_stage_wrap_inst/input_window_imag/p_0_out__6 input scd_estimator_inst/pm_first_stage_wrap_inst/input_window_imag/p_0_out__6/B[17:0] is not pipelined. Pipelining DSP48 input will improve performance.
Related violations: <none>

DPIP-1#44 Warning
Input pipelining  
DSP scd_estimator_inst/pm_first_stage_wrap_inst/input_window_imag/p_0_out__7 input scd_estimator_inst/pm_first_stage_wrap_inst/input_window_imag/p_0_out__7/B[17:0] is not pipelined. Pipelining DSP48 input will improve performance.
Related violations: <none>

DPIP-1#45 Warning
Input pipelining  
DSP scd_estimator_inst/pm_first_stage_wrap_inst/input_window_imag/p_0_out__8 input scd_estimator_inst/pm_first_stage_wrap_inst/input_window_imag/p_0_out__8/B[17:0] is not pipelined. Pipelining DSP48 input will improve performance.
Related violations: <none>

DPIP-1#46 Warning
Input pipelining  
DSP scd_estimator_inst/pm_first_stage_wrap_inst/input_window_imag/p_0_out__9 input scd_estimator_inst/pm_first_stage_wrap_inst/input_window_imag/p_0_out__9/B[17:0] is not pipelined. Pipelining DSP48 input will improve performance.
Related violations: <none>

DPIP-1#47 Warning
Input pipelining  
DSP scd_estimator_inst/pm_first_stage_wrap_inst/input_window_real/p_0_out input scd_estimator_inst/pm_first_stage_wrap_inst/input_window_real/p_0_out/B[17:0] is not pipelined. Pipelining DSP48 input will improve performance.
Related violations: <none>

DPIP-1#48 Warning
Input pipelining  
DSP scd_estimator_inst/pm_first_stage_wrap_inst/input_window_real/p_0_out__0 input scd_estimator_inst/pm_first_stage_wrap_inst/input_window_real/p_0_out__0/B[17:0] is not pipelined. Pipelining DSP48 input will improve performance.
Related violations: <none>

DPIP-1#49 Warning
Input pipelining  
DSP scd_estimator_inst/pm_first_stage_wrap_inst/input_window_real/p_0_out__1 input scd_estimator_inst/pm_first_stage_wrap_inst/input_window_real/p_0_out__1/B[17:0] is not pipelined. Pipelining DSP48 input will improve performance.
Related violations: <none>

DPIP-1#50 Warning
Input pipelining  
DSP scd_estimator_inst/pm_first_stage_wrap_inst/input_window_real/p_0_out__10 input scd_estimator_inst/pm_first_stage_wrap_inst/input_window_real/p_0_out__10/B[17:0] is not pipelined. Pipelining DSP48 input will improve performance.
Related violations: <none>

DPIP-1#51 Warning
Input pipelining  
DSP scd_estimator_inst/pm_first_stage_wrap_inst/input_window_real/p_0_out__11 input scd_estimator_inst/pm_first_stage_wrap_inst/input_window_real/p_0_out__11/B[17:0] is not pipelined. Pipelining DSP48 input will improve performance.
Related violations: <none>

DPIP-1#52 Warning
Input pipelining  
DSP scd_estimator_inst/pm_first_stage_wrap_inst/input_window_real/p_0_out__12 input scd_estimator_inst/pm_first_stage_wrap_inst/input_window_real/p_0_out__12/B[17:0] is not pipelined. Pipelining DSP48 input will improve performance.
Related violations: <none>

DPIP-1#53 Warning
Input pipelining  
DSP scd_estimator_inst/pm_first_stage_wrap_inst/input_window_real/p_0_out__13 input scd_estimator_inst/pm_first_stage_wrap_inst/input_window_real/p_0_out__13/B[17:0] is not pipelined. Pipelining DSP48 input will improve performance.
Related violations: <none>

DPIP-1#54 Warning
Input pipelining  
DSP scd_estimator_inst/pm_first_stage_wrap_inst/input_window_real/p_0_out__16 input scd_estimator_inst/pm_first_stage_wrap_inst/input_window_real/p_0_out__16/B[17:0] is not pipelined. Pipelining DSP48 input will improve performance.
Related violations: <none>

DPIP-1#55 Warning
Input pipelining  
DSP scd_estimator_inst/pm_first_stage_wrap_inst/input_window_real/p_0_out__17 input scd_estimator_inst/pm_first_stage_wrap_inst/input_window_real/p_0_out__17/B[17:0] is not pipelined. Pipelining DSP48 input will improve performance.
Related violations: <none>

DPIP-1#56 Warning
Input pipelining  
DSP scd_estimator_inst/pm_first_stage_wrap_inst/input_window_real/p_0_out__18 input scd_estimator_inst/pm_first_stage_wrap_inst/input_window_real/p_0_out__18/B[17:0] is not pipelined. Pipelining DSP48 input will improve performance.
Related violations: <none>

DPIP-1#57 Warning
Input pipelining  
DSP scd_estimator_inst/pm_first_stage_wrap_inst/input_window_real/p_0_out__19 input scd_estimator_inst/pm_first_stage_wrap_inst/input_window_real/p_0_out__19/B[17:0] is not pipelined. Pipelining DSP48 input will improve performance.
Related violations: <none>

DPIP-1#58 Warning
Input pipelining  
DSP scd_estimator_inst/pm_first_stage_wrap_inst/input_window_real/p_0_out__2 input scd_estimator_inst/pm_first_stage_wrap_inst/input_window_real/p_0_out__2/B[17:0] is not pipelined. Pipelining DSP48 input will improve performance.
Related violations: <none>

DPIP-1#59 Warning
Input pipelining  
DSP scd_estimator_inst/pm_first_stage_wrap_inst/input_window_real/p_0_out__20 input scd_estimator_inst/pm_first_stage_wrap_inst/input_window_real/p_0_out__20/B[17:0] is not pipelined. Pipelining DSP48 input will improve performance.
Related violations: <none>

DPIP-1#60 Warning
Input pipelining  
DSP scd_estimator_inst/pm_first_stage_wrap_inst/input_window_real/p_0_out__21 input scd_estimator_inst/pm_first_stage_wrap_inst/input_window_real/p_0_out__21/B[17:0] is not pipelined. Pipelining DSP48 input will improve performance.
Related violations: <none>

DPIP-1#61 Warning
Input pipelining  
DSP scd_estimator_inst/pm_first_stage_wrap_inst/input_window_real/p_0_out__22 input scd_estimator_inst/pm_first_stage_wrap_inst/input_window_real/p_0_out__22/B[17:0] is not pipelined. Pipelining DSP48 input will improve performance.
Related violations: <none>

DPIP-1#62 Warning
Input pipelining  
DSP scd_estimator_inst/pm_first_stage_wrap_inst/input_window_real/p_0_out__23 input scd_estimator_inst/pm_first_stage_wrap_inst/input_window_real/p_0_out__23/B[17:0] is not pipelined. Pipelining DSP48 input will improve performance.
Related violations: <none>

DPIP-1#63 Warning
Input pipelining  
DSP scd_estimator_inst/pm_first_stage_wrap_inst/input_window_real/p_0_out__24 input scd_estimator_inst/pm_first_stage_wrap_inst/input_window_real/p_0_out__24/B[17:0] is not pipelined. Pipelining DSP48 input will improve performance.
Related violations: <none>

DPIP-1#64 Warning
Input pipelining  
DSP scd_estimator_inst/pm_first_stage_wrap_inst/input_window_real/p_0_out__25 input scd_estimator_inst/pm_first_stage_wrap_inst/input_window_real/p_0_out__25/B[17:0] is not pipelined. Pipelining DSP48 input will improve performance.
Related violations: <none>

DPIP-1#65 Warning
Input pipelining  
DSP scd_estimator_inst/pm_first_stage_wrap_inst/input_window_real/p_0_out__26 input scd_estimator_inst/pm_first_stage_wrap_inst/input_window_real/p_0_out__26/B[17:0] is not pipelined. Pipelining DSP48 input will improve performance.
Related violations: <none>

DPIP-1#66 Warning
Input pipelining  
DSP scd_estimator_inst/pm_first_stage_wrap_inst/input_window_real/p_0_out__27 input scd_estimator_inst/pm_first_stage_wrap_inst/input_window_real/p_0_out__27/B[17:0] is not pipelined. Pipelining DSP48 input will improve performance.
Related violations: <none>

DPIP-1#67 Warning
Input pipelining  
DSP scd_estimator_inst/pm_first_stage_wrap_inst/input_window_real/p_0_out__28 input scd_estimator_inst/pm_first_stage_wrap_inst/input_window_real/p_0_out__28/B[17:0] is not pipelined. Pipelining DSP48 input will improve performance.
Related violations: <none>

DPIP-1#68 Warning
Input pipelining  
DSP scd_estimator_inst/pm_first_stage_wrap_inst/input_window_real/p_0_out__29 input scd_estimator_inst/pm_first_stage_wrap_inst/input_window_real/p_0_out__29/B[17:0] is not pipelined. Pipelining DSP48 input will improve performance.
Related violations: <none>

DPIP-1#69 Warning
Input pipelining  
DSP scd_estimator_inst/pm_first_stage_wrap_inst/input_window_real/p_0_out__3 input scd_estimator_inst/pm_first_stage_wrap_inst/input_window_real/p_0_out__3/B[17:0] is not pipelined. Pipelining DSP48 input will improve performance.
Related violations: <none>

DPIP-1#70 Warning
Input pipelining  
DSP scd_estimator_inst/pm_first_stage_wrap_inst/input_window_real/p_0_out__30 input scd_estimator_inst/pm_first_stage_wrap_inst/input_window_real/p_0_out__30/B[17:0] is not pipelined. Pipelining DSP48 input will improve performance.
Related violations: <none>

DPIP-1#71 Warning
Input pipelining  
DSP scd_estimator_inst/pm_first_stage_wrap_inst/input_window_real/p_0_out__4 input scd_estimator_inst/pm_first_stage_wrap_inst/input_window_real/p_0_out__4/B[17:0] is not pipelined. Pipelining DSP48 input will improve performance.
Related violations: <none>

DPIP-1#72 Warning
Input pipelining  
DSP scd_estimator_inst/pm_first_stage_wrap_inst/input_window_real/p_0_out__5 input scd_estimator_inst/pm_first_stage_wrap_inst/input_window_real/p_0_out__5/B[17:0] is not pipelined. Pipelining DSP48 input will improve performance.
Related violations: <none>

DPIP-1#73 Warning
Input pipelining  
DSP scd_estimator_inst/pm_first_stage_wrap_inst/input_window_real/p_0_out__6 input scd_estimator_inst/pm_first_stage_wrap_inst/input_window_real/p_0_out__6/B[17:0] is not pipelined. Pipelining DSP48 input will improve performance.
Related violations: <none>

DPIP-1#74 Warning
Input pipelining  
DSP scd_estimator_inst/pm_first_stage_wrap_inst/input_window_real/p_0_out__7 input scd_estimator_inst/pm_first_stage_wrap_inst/input_window_real/p_0_out__7/B[17:0] is not pipelined. Pipelining DSP48 input will improve performance.
Related violations: <none>

DPIP-1#75 Warning
Input pipelining  
DSP scd_estimator_inst/pm_first_stage_wrap_inst/input_window_real/p_0_out__8 input scd_estimator_inst/pm_first_stage_wrap_inst/input_window_real/p_0_out__8/B[17:0] is not pipelined. Pipelining DSP48 input will improve performance.
Related violations: <none>

DPIP-1#76 Warning
Input pipelining  
DSP scd_estimator_inst/pm_first_stage_wrap_inst/input_window_real/p_0_out__9 input scd_estimator_inst/pm_first_stage_wrap_inst/input_window_real/p_0_out__9/B[17:0] is not pipelined. Pipelining DSP48 input will improve performance.
Related violations: <none>

DPIP-1#77 Warning
Input pipelining  
DSP theshold_calculator_inst/r_threshold_value0 input theshold_calculator_inst/r_threshold_value0/B[17:0] is not pipelined. Pipelining DSP48 input will improve performance.
Related violations: <none>

DPIP-1#78 Warning
Input pipelining  
DSP theshold_calculator_inst/r_threshold_value0__0 input theshold_calculator_inst/r_threshold_value0__0/A[29:0] is not pipelined. Pipelining DSP48 input will improve performance.
Related violations: <none>

DPIP-1#79 Warning
Input pipelining  
DSP theshold_calculator_inst/r_threshold_value0__1 input theshold_calculator_inst/r_threshold_value0__1/A[29:0] is not pipelined. Pipelining DSP48 input will improve performance.
Related violations: <none>

DPIP-1#80 Warning
Input pipelining  
DSP theshold_calculator_inst/r_threshold_value0__2 input theshold_calculator_inst/r_threshold_value0__2/A[29:0] is not pipelined. Pipelining DSP48 input will improve performance.
Related violations: <none>

DPIP-1#81 Warning
Input pipelining  
DSP theshold_calculator_inst/r_threshold_value0__3 input theshold_calculator_inst/r_threshold_value0__3/A[29:0] is not pipelined. Pipelining DSP48 input will improve performance.
Related violations: <none>

DPIP-1#82 Warning
Input pipelining  
DSP theshold_calculator_inst/r_threshold_value0__4 input theshold_calculator_inst/r_threshold_value0__4/A[29:0] is not pipelined. Pipelining DSP48 input will improve performance.
Related violations: <none>

DPIP-1#83 Warning
Input pipelining  
DSP theshold_calculator_inst/r_threshold_value1__1 input theshold_calculator_inst/r_threshold_value1__1/A[29:0] is not pipelined. Pipelining DSP48 input will improve performance.
Related violations: <none>

DPIP-1#84 Warning
Input pipelining  
DSP theshold_calculator_inst/r_threshold_value1__2 input theshold_calculator_inst/r_threshold_value1__2/A[29:0] is not pipelined. Pipelining DSP48 input will improve performance.
Related violations: <none>

DPIP-1#85 Warning
Input pipelining  
DSP theshold_calculator_inst/r_threshold_value1__4 input theshold_calculator_inst/r_threshold_value1__4/A[29:0] is not pipelined. Pipelining DSP48 input will improve performance.
Related violations: <none>

DPIP-1#86 Warning
Input pipelining  
DSP theshold_calculator_inst/r_threshold_value1__5 input theshold_calculator_inst/r_threshold_value1__5/A[29:0] is not pipelined. Pipelining DSP48 input will improve performance.
Related violations: <none>

DPIP-1#87 Warning
Input pipelining  
DSP theshold_calculator_inst/r_threshold_value1__6 input theshold_calculator_inst/r_threshold_value1__6/A[29:0] is not pipelined. Pipelining DSP48 input will improve performance.
Related violations: <none>

DPIP-1#88 Warning
Input pipelining  
DSP theshold_calculator_inst/r_threshold_value_reg input theshold_calculator_inst/r_threshold_value_reg/B[17:0] is not pipelined. Pipelining DSP48 input will improve performance.
Related violations: <none>

DPOP-1#1 Warning
PREG Output pipelining  
DSP detection_compare_inst/r_comparison1 output detection_compare_inst/r_comparison1/P[47:0] is not pipelined (PREG=0). Pipelining the DSP48 output will improve performance and often saves power so it is suggested whenever possible to fully pipeline this function.  If this DSP48 function was inferred, it is suggested to describe an additional register stage after this function.  If the DSP48 was instantiated in the design, it is suggested to set the PREG attribute to 1.
Related violations: <none>

DPOP-1#2 Warning
PREG Output pipelining  
DSP detection_compare_inst/r_comparison1__0 output detection_compare_inst/r_comparison1__0/P[47:0] is not pipelined (PREG=0). Pipelining the DSP48 output will improve performance and often saves power so it is suggested whenever possible to fully pipeline this function.  If this DSP48 function was inferred, it is suggested to describe an additional register stage after this function.  If the DSP48 was instantiated in the design, it is suggested to set the PREG attribute to 1.
Related violations: <none>

DPOP-1#3 Warning
PREG Output pipelining  
DSP detection_compare_inst/r_comparison1__1 output detection_compare_inst/r_comparison1__1/P[47:0] is not pipelined (PREG=0). Pipelining the DSP48 output will improve performance and often saves power so it is suggested whenever possible to fully pipeline this function.  If this DSP48 function was inferred, it is suggested to describe an additional register stage after this function.  If the DSP48 was instantiated in the design, it is suggested to set the PREG attribute to 1.
Related violations: <none>

DPOP-1#4 Warning
PREG Output pipelining  
DSP detection_compare_inst/r_comparison1__2 output detection_compare_inst/r_comparison1__2/P[47:0] is not pipelined (PREG=0). Pipelining the DSP48 output will improve performance and often saves power so it is suggested whenever possible to fully pipeline this function.  If this DSP48 function was inferred, it is suggested to describe an additional register stage after this function.  If the DSP48 was instantiated in the design, it is suggested to set the PREG attribute to 1.
Related violations: <none>

DPOP-1#5 Warning
PREG Output pipelining  
DSP detection_compare_inst/r_comparison1__3 output detection_compare_inst/r_comparison1__3/P[47:0] is not pipelined (PREG=0). Pipelining the DSP48 output will improve performance and often saves power so it is suggested whenever possible to fully pipeline this function.  If this DSP48 function was inferred, it is suggested to describe an additional register stage after this function.  If the DSP48 was instantiated in the design, it is suggested to set the PREG attribute to 1.
Related violations: <none>

DPOP-1#6 Warning
PREG Output pipelining  
DSP detection_compare_inst/r_comparison1__4 output detection_compare_inst/r_comparison1__4/P[47:0] is not pipelined (PREG=0). Pipelining the DSP48 output will improve performance and often saves power so it is suggested whenever possible to fully pipeline this function.  If this DSP48 function was inferred, it is suggested to describe an additional register stage after this function.  If the DSP48 was instantiated in the design, it is suggested to set the PREG attribute to 1.
Related violations: <none>

DPOP-1#7 Warning
PREG Output pipelining  
DSP detection_compare_inst/r_comparison1__5 output detection_compare_inst/r_comparison1__5/P[47:0] is not pipelined (PREG=0). Pipelining the DSP48 output will improve performance and often saves power so it is suggested whenever possible to fully pipeline this function.  If this DSP48 function was inferred, it is suggested to describe an additional register stage after this function.  If the DSP48 was instantiated in the design, it is suggested to set the PREG attribute to 1.
Related violations: <none>

DPOP-1#8 Warning
PREG Output pipelining  
DSP detection_compare_inst/r_comparison1__6 output detection_compare_inst/r_comparison1__6/P[47:0] is not pipelined (PREG=0). Pipelining the DSP48 output will improve performance and often saves power so it is suggested whenever possible to fully pipeline this function.  If this DSP48 function was inferred, it is suggested to describe an additional register stage after this function.  If the DSP48 was instantiated in the design, it is suggested to set the PREG attribute to 1.
Related violations: <none>

DPOP-1#9 Warning
PREG Output pipelining  
DSP scd_estimator_inst/pm_first_stage_wrap_inst/input_window_imag/p_0_out output scd_estimator_inst/pm_first_stage_wrap_inst/input_window_imag/p_0_out/P[47:0] is not pipelined (PREG=0). Pipelining the DSP48 output will improve performance and often saves power so it is suggested whenever possible to fully pipeline this function.  If this DSP48 function was inferred, it is suggested to describe an additional register stage after this function.  If the DSP48 was instantiated in the design, it is suggested to set the PREG attribute to 1.
Related violations: <none>

DPOP-1#10 Warning
PREG Output pipelining  
DSP scd_estimator_inst/pm_first_stage_wrap_inst/input_window_imag/p_0_out__0 output scd_estimator_inst/pm_first_stage_wrap_inst/input_window_imag/p_0_out__0/P[47:0] is not pipelined (PREG=0). Pipelining the DSP48 output will improve performance and often saves power so it is suggested whenever possible to fully pipeline this function.  If this DSP48 function was inferred, it is suggested to describe an additional register stage after this function.  If the DSP48 was instantiated in the design, it is suggested to set the PREG attribute to 1.
Related violations: <none>

DPOP-1#11 Warning
PREG Output pipelining  
DSP scd_estimator_inst/pm_first_stage_wrap_inst/input_window_imag/p_0_out__1 output scd_estimator_inst/pm_first_stage_wrap_inst/input_window_imag/p_0_out__1/P[47:0] is not pipelined (PREG=0). Pipelining the DSP48 output will improve performance and often saves power so it is suggested whenever possible to fully pipeline this function.  If this DSP48 function was inferred, it is suggested to describe an additional register stage after this function.  If the DSP48 was instantiated in the design, it is suggested to set the PREG attribute to 1.
Related violations: <none>

DPOP-1#12 Warning
PREG Output pipelining  
DSP scd_estimator_inst/pm_first_stage_wrap_inst/input_window_imag/p_0_out__10 output scd_estimator_inst/pm_first_stage_wrap_inst/input_window_imag/p_0_out__10/P[47:0] is not pipelined (PREG=0). Pipelining the DSP48 output will improve performance and often saves power so it is suggested whenever possible to fully pipeline this function.  If this DSP48 function was inferred, it is suggested to describe an additional register stage after this function.  If the DSP48 was instantiated in the design, it is suggested to set the PREG attribute to 1.
Related violations: <none>

DPOP-1#13 Warning
PREG Output pipelining  
DSP scd_estimator_inst/pm_first_stage_wrap_inst/input_window_imag/p_0_out__11 output scd_estimator_inst/pm_first_stage_wrap_inst/input_window_imag/p_0_out__11/P[47:0] is not pipelined (PREG=0). Pipelining the DSP48 output will improve performance and often saves power so it is suggested whenever possible to fully pipeline this function.  If this DSP48 function was inferred, it is suggested to describe an additional register stage after this function.  If the DSP48 was instantiated in the design, it is suggested to set the PREG attribute to 1.
Related violations: <none>

DPOP-1#14 Warning
PREG Output pipelining  
DSP scd_estimator_inst/pm_first_stage_wrap_inst/input_window_imag/p_0_out__12 output scd_estimator_inst/pm_first_stage_wrap_inst/input_window_imag/p_0_out__12/P[47:0] is not pipelined (PREG=0). Pipelining the DSP48 output will improve performance and often saves power so it is suggested whenever possible to fully pipeline this function.  If this DSP48 function was inferred, it is suggested to describe an additional register stage after this function.  If the DSP48 was instantiated in the design, it is suggested to set the PREG attribute to 1.
Related violations: <none>

DPOP-1#15 Warning
PREG Output pipelining  
DSP scd_estimator_inst/pm_first_stage_wrap_inst/input_window_imag/p_0_out__13 output scd_estimator_inst/pm_first_stage_wrap_inst/input_window_imag/p_0_out__13/P[47:0] is not pipelined (PREG=0). Pipelining the DSP48 output will improve performance and often saves power so it is suggested whenever possible to fully pipeline this function.  If this DSP48 function was inferred, it is suggested to describe an additional register stage after this function.  If the DSP48 was instantiated in the design, it is suggested to set the PREG attribute to 1.
Related violations: <none>

DPOP-1#16 Warning
PREG Output pipelining  
DSP scd_estimator_inst/pm_first_stage_wrap_inst/input_window_imag/p_0_out__14 output scd_estimator_inst/pm_first_stage_wrap_inst/input_window_imag/p_0_out__14/P[47:0] is not pipelined (PREG=0). Pipelining the DSP48 output will improve performance and often saves power so it is suggested whenever possible to fully pipeline this function.  If this DSP48 function was inferred, it is suggested to describe an additional register stage after this function.  If the DSP48 was instantiated in the design, it is suggested to set the PREG attribute to 1.
Related violations: <none>

DPOP-1#17 Warning
PREG Output pipelining  
DSP scd_estimator_inst/pm_first_stage_wrap_inst/input_window_imag/p_0_out__15 output scd_estimator_inst/pm_first_stage_wrap_inst/input_window_imag/p_0_out__15/P[47:0] is not pipelined (PREG=0). Pipelining the DSP48 output will improve performance and often saves power so it is suggested whenever possible to fully pipeline this function.  If this DSP48 function was inferred, it is suggested to describe an additional register stage after this function.  If the DSP48 was instantiated in the design, it is suggested to set the PREG attribute to 1.
Related violations: <none>

DPOP-1#18 Warning
PREG Output pipelining  
DSP scd_estimator_inst/pm_first_stage_wrap_inst/input_window_imag/p_0_out__16 output scd_estimator_inst/pm_first_stage_wrap_inst/input_window_imag/p_0_out__16/P[47:0] is not pipelined (PREG=0). Pipelining the DSP48 output will improve performance and often saves power so it is suggested whenever possible to fully pipeline this function.  If this DSP48 function was inferred, it is suggested to describe an additional register stage after this function.  If the DSP48 was instantiated in the design, it is suggested to set the PREG attribute to 1.
Related violations: <none>

DPOP-1#19 Warning
PREG Output pipelining  
DSP scd_estimator_inst/pm_first_stage_wrap_inst/input_window_imag/p_0_out__17 output scd_estimator_inst/pm_first_stage_wrap_inst/input_window_imag/p_0_out__17/P[47:0] is not pipelined (PREG=0). Pipelining the DSP48 output will improve performance and often saves power so it is suggested whenever possible to fully pipeline this function.  If this DSP48 function was inferred, it is suggested to describe an additional register stage after this function.  If the DSP48 was instantiated in the design, it is suggested to set the PREG attribute to 1.
Related violations: <none>

DPOP-1#20 Warning
PREG Output pipelining  
DSP scd_estimator_inst/pm_first_stage_wrap_inst/input_window_imag/p_0_out__18 output scd_estimator_inst/pm_first_stage_wrap_inst/input_window_imag/p_0_out__18/P[47:0] is not pipelined (PREG=0). Pipelining the DSP48 output will improve performance and often saves power so it is suggested whenever possible to fully pipeline this function.  If this DSP48 function was inferred, it is suggested to describe an additional register stage after this function.  If the DSP48 was instantiated in the design, it is suggested to set the PREG attribute to 1.
Related violations: <none>

DPOP-1#21 Warning
PREG Output pipelining  
DSP scd_estimator_inst/pm_first_stage_wrap_inst/input_window_imag/p_0_out__19 output scd_estimator_inst/pm_first_stage_wrap_inst/input_window_imag/p_0_out__19/P[47:0] is not pipelined (PREG=0). Pipelining the DSP48 output will improve performance and often saves power so it is suggested whenever possible to fully pipeline this function.  If this DSP48 function was inferred, it is suggested to describe an additional register stage after this function.  If the DSP48 was instantiated in the design, it is suggested to set the PREG attribute to 1.
Related violations: <none>

DPOP-1#22 Warning
PREG Output pipelining  
DSP scd_estimator_inst/pm_first_stage_wrap_inst/input_window_imag/p_0_out__2 output scd_estimator_inst/pm_first_stage_wrap_inst/input_window_imag/p_0_out__2/P[47:0] is not pipelined (PREG=0). Pipelining the DSP48 output will improve performance and often saves power so it is suggested whenever possible to fully pipeline this function.  If this DSP48 function was inferred, it is suggested to describe an additional register stage after this function.  If the DSP48 was instantiated in the design, it is suggested to set the PREG attribute to 1.
Related violations: <none>

DPOP-1#23 Warning
PREG Output pipelining  
DSP scd_estimator_inst/pm_first_stage_wrap_inst/input_window_imag/p_0_out__20 output scd_estimator_inst/pm_first_stage_wrap_inst/input_window_imag/p_0_out__20/P[47:0] is not pipelined (PREG=0). Pipelining the DSP48 output will improve performance and often saves power so it is suggested whenever possible to fully pipeline this function.  If this DSP48 function was inferred, it is suggested to describe an additional register stage after this function.  If the DSP48 was instantiated in the design, it is suggested to set the PREG attribute to 1.
Related violations: <none>

DPOP-1#24 Warning
PREG Output pipelining  
DSP scd_estimator_inst/pm_first_stage_wrap_inst/input_window_imag/p_0_out__21 output scd_estimator_inst/pm_first_stage_wrap_inst/input_window_imag/p_0_out__21/P[47:0] is not pipelined (PREG=0). Pipelining the DSP48 output will improve performance and often saves power so it is suggested whenever possible to fully pipeline this function.  If this DSP48 function was inferred, it is suggested to describe an additional register stage after this function.  If the DSP48 was instantiated in the design, it is suggested to set the PREG attribute to 1.
Related violations: <none>

DPOP-1#25 Warning
PREG Output pipelining  
DSP scd_estimator_inst/pm_first_stage_wrap_inst/input_window_imag/p_0_out__22 output scd_estimator_inst/pm_first_stage_wrap_inst/input_window_imag/p_0_out__22/P[47:0] is not pipelined (PREG=0). Pipelining the DSP48 output will improve performance and often saves power so it is suggested whenever possible to fully pipeline this function.  If this DSP48 function was inferred, it is suggested to describe an additional register stage after this function.  If the DSP48 was instantiated in the design, it is suggested to set the PREG attribute to 1.
Related violations: <none>

DPOP-1#26 Warning
PREG Output pipelining  
DSP scd_estimator_inst/pm_first_stage_wrap_inst/input_window_imag/p_0_out__23 output scd_estimator_inst/pm_first_stage_wrap_inst/input_window_imag/p_0_out__23/P[47:0] is not pipelined (PREG=0). Pipelining the DSP48 output will improve performance and often saves power so it is suggested whenever possible to fully pipeline this function.  If this DSP48 function was inferred, it is suggested to describe an additional register stage after this function.  If the DSP48 was instantiated in the design, it is suggested to set the PREG attribute to 1.
Related violations: <none>

DPOP-1#27 Warning
PREG Output pipelining  
DSP scd_estimator_inst/pm_first_stage_wrap_inst/input_window_imag/p_0_out__24 output scd_estimator_inst/pm_first_stage_wrap_inst/input_window_imag/p_0_out__24/P[47:0] is not pipelined (PREG=0). Pipelining the DSP48 output will improve performance and often saves power so it is suggested whenever possible to fully pipeline this function.  If this DSP48 function was inferred, it is suggested to describe an additional register stage after this function.  If the DSP48 was instantiated in the design, it is suggested to set the PREG attribute to 1.
Related violations: <none>

DPOP-1#28 Warning
PREG Output pipelining  
DSP scd_estimator_inst/pm_first_stage_wrap_inst/input_window_imag/p_0_out__25 output scd_estimator_inst/pm_first_stage_wrap_inst/input_window_imag/p_0_out__25/P[47:0] is not pipelined (PREG=0). Pipelining the DSP48 output will improve performance and often saves power so it is suggested whenever possible to fully pipeline this function.  If this DSP48 function was inferred, it is suggested to describe an additional register stage after this function.  If the DSP48 was instantiated in the design, it is suggested to set the PREG attribute to 1.
Related violations: <none>

DPOP-1#29 Warning
PREG Output pipelining  
DSP scd_estimator_inst/pm_first_stage_wrap_inst/input_window_imag/p_0_out__26 output scd_estimator_inst/pm_first_stage_wrap_inst/input_window_imag/p_0_out__26/P[47:0] is not pipelined (PREG=0). Pipelining the DSP48 output will improve performance and often saves power so it is suggested whenever possible to fully pipeline this function.  If this DSP48 function was inferred, it is suggested to describe an additional register stage after this function.  If the DSP48 was instantiated in the design, it is suggested to set the PREG attribute to 1.
Related violations: <none>

DPOP-1#30 Warning
PREG Output pipelining  
DSP scd_estimator_inst/pm_first_stage_wrap_inst/input_window_imag/p_0_out__27 output scd_estimator_inst/pm_first_stage_wrap_inst/input_window_imag/p_0_out__27/P[47:0] is not pipelined (PREG=0). Pipelining the DSP48 output will improve performance and often saves power so it is suggested whenever possible to fully pipeline this function.  If this DSP48 function was inferred, it is suggested to describe an additional register stage after this function.  If the DSP48 was instantiated in the design, it is suggested to set the PREG attribute to 1.
Related violations: <none>

DPOP-1#31 Warning
PREG Output pipelining  
DSP scd_estimator_inst/pm_first_stage_wrap_inst/input_window_imag/p_0_out__28 output scd_estimator_inst/pm_first_stage_wrap_inst/input_window_imag/p_0_out__28/P[47:0] is not pipelined (PREG=0). Pipelining the DSP48 output will improve performance and often saves power so it is suggested whenever possible to fully pipeline this function.  If this DSP48 function was inferred, it is suggested to describe an additional register stage after this function.  If the DSP48 was instantiated in the design, it is suggested to set the PREG attribute to 1.
Related violations: <none>

DPOP-1#32 Warning
PREG Output pipelining  
DSP scd_estimator_inst/pm_first_stage_wrap_inst/input_window_imag/p_0_out__29 output scd_estimator_inst/pm_first_stage_wrap_inst/input_window_imag/p_0_out__29/P[47:0] is not pipelined (PREG=0). Pipelining the DSP48 output will improve performance and often saves power so it is suggested whenever possible to fully pipeline this function.  If this DSP48 function was inferred, it is suggested to describe an additional register stage after this function.  If the DSP48 was instantiated in the design, it is suggested to set the PREG attribute to 1.
Related violations: <none>

DPOP-1#33 Warning
PREG Output pipelining  
DSP scd_estimator_inst/pm_first_stage_wrap_inst/input_window_imag/p_0_out__3 output scd_estimator_inst/pm_first_stage_wrap_inst/input_window_imag/p_0_out__3/P[47:0] is not pipelined (PREG=0). Pipelining the DSP48 output will improve performance and often saves power so it is suggested whenever possible to fully pipeline this function.  If this DSP48 function was inferred, it is suggested to describe an additional register stage after this function.  If the DSP48 was instantiated in the design, it is suggested to set the PREG attribute to 1.
Related violations: <none>

DPOP-1#34 Warning
PREG Output pipelining  
DSP scd_estimator_inst/pm_first_stage_wrap_inst/input_window_imag/p_0_out__30 output scd_estimator_inst/pm_first_stage_wrap_inst/input_window_imag/p_0_out__30/P[47:0] is not pipelined (PREG=0). Pipelining the DSP48 output will improve performance and often saves power so it is suggested whenever possible to fully pipeline this function.  If this DSP48 function was inferred, it is suggested to describe an additional register stage after this function.  If the DSP48 was instantiated in the design, it is suggested to set the PREG attribute to 1.
Related violations: <none>

DPOP-1#35 Warning
PREG Output pipelining  
DSP scd_estimator_inst/pm_first_stage_wrap_inst/input_window_imag/p_0_out__4 output scd_estimator_inst/pm_first_stage_wrap_inst/input_window_imag/p_0_out__4/P[47:0] is not pipelined (PREG=0). Pipelining the DSP48 output will improve performance and often saves power so it is suggested whenever possible to fully pipeline this function.  If this DSP48 function was inferred, it is suggested to describe an additional register stage after this function.  If the DSP48 was instantiated in the design, it is suggested to set the PREG attribute to 1.
Related violations: <none>

DPOP-1#36 Warning
PREG Output pipelining  
DSP scd_estimator_inst/pm_first_stage_wrap_inst/input_window_imag/p_0_out__5 output scd_estimator_inst/pm_first_stage_wrap_inst/input_window_imag/p_0_out__5/P[47:0] is not pipelined (PREG=0). Pipelining the DSP48 output will improve performance and often saves power so it is suggested whenever possible to fully pipeline this function.  If this DSP48 function was inferred, it is suggested to describe an additional register stage after this function.  If the DSP48 was instantiated in the design, it is suggested to set the PREG attribute to 1.
Related violations: <none>

DPOP-1#37 Warning
PREG Output pipelining  
DSP scd_estimator_inst/pm_first_stage_wrap_inst/input_window_imag/p_0_out__6 output scd_estimator_inst/pm_first_stage_wrap_inst/input_window_imag/p_0_out__6/P[47:0] is not pipelined (PREG=0). Pipelining the DSP48 output will improve performance and often saves power so it is suggested whenever possible to fully pipeline this function.  If this DSP48 function was inferred, it is suggested to describe an additional register stage after this function.  If the DSP48 was instantiated in the design, it is suggested to set the PREG attribute to 1.
Related violations: <none>

DPOP-1#38 Warning
PREG Output pipelining  
DSP scd_estimator_inst/pm_first_stage_wrap_inst/input_window_imag/p_0_out__7 output scd_estimator_inst/pm_first_stage_wrap_inst/input_window_imag/p_0_out__7/P[47:0] is not pipelined (PREG=0). Pipelining the DSP48 output will improve performance and often saves power so it is suggested whenever possible to fully pipeline this function.  If this DSP48 function was inferred, it is suggested to describe an additional register stage after this function.  If the DSP48 was instantiated in the design, it is suggested to set the PREG attribute to 1.
Related violations: <none>

DPOP-1#39 Warning
PREG Output pipelining  
DSP scd_estimator_inst/pm_first_stage_wrap_inst/input_window_imag/p_0_out__8 output scd_estimator_inst/pm_first_stage_wrap_inst/input_window_imag/p_0_out__8/P[47:0] is not pipelined (PREG=0). Pipelining the DSP48 output will improve performance and often saves power so it is suggested whenever possible to fully pipeline this function.  If this DSP48 function was inferred, it is suggested to describe an additional register stage after this function.  If the DSP48 was instantiated in the design, it is suggested to set the PREG attribute to 1.
Related violations: <none>

DPOP-1#40 Warning
PREG Output pipelining  
DSP scd_estimator_inst/pm_first_stage_wrap_inst/input_window_imag/p_0_out__9 output scd_estimator_inst/pm_first_stage_wrap_inst/input_window_imag/p_0_out__9/P[47:0] is not pipelined (PREG=0). Pipelining the DSP48 output will improve performance and often saves power so it is suggested whenever possible to fully pipeline this function.  If this DSP48 function was inferred, it is suggested to describe an additional register stage after this function.  If the DSP48 was instantiated in the design, it is suggested to set the PREG attribute to 1.
Related violations: <none>

DPOP-1#41 Warning
PREG Output pipelining  
DSP scd_estimator_inst/pm_first_stage_wrap_inst/input_window_real/p_0_out output scd_estimator_inst/pm_first_stage_wrap_inst/input_window_real/p_0_out/P[47:0] is not pipelined (PREG=0). Pipelining the DSP48 output will improve performance and often saves power so it is suggested whenever possible to fully pipeline this function.  If this DSP48 function was inferred, it is suggested to describe an additional register stage after this function.  If the DSP48 was instantiated in the design, it is suggested to set the PREG attribute to 1.
Related violations: <none>

DPOP-1#42 Warning
PREG Output pipelining  
DSP scd_estimator_inst/pm_first_stage_wrap_inst/input_window_real/p_0_out__0 output scd_estimator_inst/pm_first_stage_wrap_inst/input_window_real/p_0_out__0/P[47:0] is not pipelined (PREG=0). Pipelining the DSP48 output will improve performance and often saves power so it is suggested whenever possible to fully pipeline this function.  If this DSP48 function was inferred, it is suggested to describe an additional register stage after this function.  If the DSP48 was instantiated in the design, it is suggested to set the PREG attribute to 1.
Related violations: <none>

DPOP-1#43 Warning
PREG Output pipelining  
DSP scd_estimator_inst/pm_first_stage_wrap_inst/input_window_real/p_0_out__1 output scd_estimator_inst/pm_first_stage_wrap_inst/input_window_real/p_0_out__1/P[47:0] is not pipelined (PREG=0). Pipelining the DSP48 output will improve performance and often saves power so it is suggested whenever possible to fully pipeline this function.  If this DSP48 function was inferred, it is suggested to describe an additional register stage after this function.  If the DSP48 was instantiated in the design, it is suggested to set the PREG attribute to 1.
Related violations: <none>

DPOP-1#44 Warning
PREG Output pipelining  
DSP scd_estimator_inst/pm_first_stage_wrap_inst/input_window_real/p_0_out__10 output scd_estimator_inst/pm_first_stage_wrap_inst/input_window_real/p_0_out__10/P[47:0] is not pipelined (PREG=0). Pipelining the DSP48 output will improve performance and often saves power so it is suggested whenever possible to fully pipeline this function.  If this DSP48 function was inferred, it is suggested to describe an additional register stage after this function.  If the DSP48 was instantiated in the design, it is suggested to set the PREG attribute to 1.
Related violations: <none>

DPOP-1#45 Warning
PREG Output pipelining  
DSP scd_estimator_inst/pm_first_stage_wrap_inst/input_window_real/p_0_out__11 output scd_estimator_inst/pm_first_stage_wrap_inst/input_window_real/p_0_out__11/P[47:0] is not pipelined (PREG=0). Pipelining the DSP48 output will improve performance and often saves power so it is suggested whenever possible to fully pipeline this function.  If this DSP48 function was inferred, it is suggested to describe an additional register stage after this function.  If the DSP48 was instantiated in the design, it is suggested to set the PREG attribute to 1.
Related violations: <none>

DPOP-1#46 Warning
PREG Output pipelining  
DSP scd_estimator_inst/pm_first_stage_wrap_inst/input_window_real/p_0_out__12 output scd_estimator_inst/pm_first_stage_wrap_inst/input_window_real/p_0_out__12/P[47:0] is not pipelined (PREG=0). Pipelining the DSP48 output will improve performance and often saves power so it is suggested whenever possible to fully pipeline this function.  If this DSP48 function was inferred, it is suggested to describe an additional register stage after this function.  If the DSP48 was instantiated in the design, it is suggested to set the PREG attribute to 1.
Related violations: <none>

DPOP-1#47 Warning
PREG Output pipelining  
DSP scd_estimator_inst/pm_first_stage_wrap_inst/input_window_real/p_0_out__13 output scd_estimator_inst/pm_first_stage_wrap_inst/input_window_real/p_0_out__13/P[47:0] is not pipelined (PREG=0). Pipelining the DSP48 output will improve performance and often saves power so it is suggested whenever possible to fully pipeline this function.  If this DSP48 function was inferred, it is suggested to describe an additional register stage after this function.  If the DSP48 was instantiated in the design, it is suggested to set the PREG attribute to 1.
Related violations: <none>

DPOP-1#48 Warning
PREG Output pipelining  
DSP scd_estimator_inst/pm_first_stage_wrap_inst/input_window_real/p_0_out__14 output scd_estimator_inst/pm_first_stage_wrap_inst/input_window_real/p_0_out__14/P[47:0] is not pipelined (PREG=0). Pipelining the DSP48 output will improve performance and often saves power so it is suggested whenever possible to fully pipeline this function.  If this DSP48 function was inferred, it is suggested to describe an additional register stage after this function.  If the DSP48 was instantiated in the design, it is suggested to set the PREG attribute to 1.
Related violations: <none>

DPOP-1#49 Warning
PREG Output pipelining  
DSP scd_estimator_inst/pm_first_stage_wrap_inst/input_window_real/p_0_out__15 output scd_estimator_inst/pm_first_stage_wrap_inst/input_window_real/p_0_out__15/P[47:0] is not pipelined (PREG=0). Pipelining the DSP48 output will improve performance and often saves power so it is suggested whenever possible to fully pipeline this function.  If this DSP48 function was inferred, it is suggested to describe an additional register stage after this function.  If the DSP48 was instantiated in the design, it is suggested to set the PREG attribute to 1.
Related violations: <none>

DPOP-1#50 Warning
PREG Output pipelining  
DSP scd_estimator_inst/pm_first_stage_wrap_inst/input_window_real/p_0_out__16 output scd_estimator_inst/pm_first_stage_wrap_inst/input_window_real/p_0_out__16/P[47:0] is not pipelined (PREG=0). Pipelining the DSP48 output will improve performance and often saves power so it is suggested whenever possible to fully pipeline this function.  If this DSP48 function was inferred, it is suggested to describe an additional register stage after this function.  If the DSP48 was instantiated in the design, it is suggested to set the PREG attribute to 1.
Related violations: <none>

DPOP-1#51 Warning
PREG Output pipelining  
DSP scd_estimator_inst/pm_first_stage_wrap_inst/input_window_real/p_0_out__17 output scd_estimator_inst/pm_first_stage_wrap_inst/input_window_real/p_0_out__17/P[47:0] is not pipelined (PREG=0). Pipelining the DSP48 output will improve performance and often saves power so it is suggested whenever possible to fully pipeline this function.  If this DSP48 function was inferred, it is suggested to describe an additional register stage after this function.  If the DSP48 was instantiated in the design, it is suggested to set the PREG attribute to 1.
Related violations: <none>

DPOP-1#52 Warning
PREG Output pipelining  
DSP scd_estimator_inst/pm_first_stage_wrap_inst/input_window_real/p_0_out__18 output scd_estimator_inst/pm_first_stage_wrap_inst/input_window_real/p_0_out__18/P[47:0] is not pipelined (PREG=0). Pipelining the DSP48 output will improve performance and often saves power so it is suggested whenever possible to fully pipeline this function.  If this DSP48 function was inferred, it is suggested to describe an additional register stage after this function.  If the DSP48 was instantiated in the design, it is suggested to set the PREG attribute to 1.
Related violations: <none>

DPOP-1#53 Warning
PREG Output pipelining  
DSP scd_estimator_inst/pm_first_stage_wrap_inst/input_window_real/p_0_out__19 output scd_estimator_inst/pm_first_stage_wrap_inst/input_window_real/p_0_out__19/P[47:0] is not pipelined (PREG=0). Pipelining the DSP48 output will improve performance and often saves power so it is suggested whenever possible to fully pipeline this function.  If this DSP48 function was inferred, it is suggested to describe an additional register stage after this function.  If the DSP48 was instantiated in the design, it is suggested to set the PREG attribute to 1.
Related violations: <none>

DPOP-1#54 Warning
PREG Output pipelining  
DSP scd_estimator_inst/pm_first_stage_wrap_inst/input_window_real/p_0_out__2 output scd_estimator_inst/pm_first_stage_wrap_inst/input_window_real/p_0_out__2/P[47:0] is not pipelined (PREG=0). Pipelining the DSP48 output will improve performance and often saves power so it is suggested whenever possible to fully pipeline this function.  If this DSP48 function was inferred, it is suggested to describe an additional register stage after this function.  If the DSP48 was instantiated in the design, it is suggested to set the PREG attribute to 1.
Related violations: <none>

DPOP-1#55 Warning
PREG Output pipelining  
DSP scd_estimator_inst/pm_first_stage_wrap_inst/input_window_real/p_0_out__20 output scd_estimator_inst/pm_first_stage_wrap_inst/input_window_real/p_0_out__20/P[47:0] is not pipelined (PREG=0). Pipelining the DSP48 output will improve performance and often saves power so it is suggested whenever possible to fully pipeline this function.  If this DSP48 function was inferred, it is suggested to describe an additional register stage after this function.  If the DSP48 was instantiated in the design, it is suggested to set the PREG attribute to 1.
Related violations: <none>

DPOP-1#56 Warning
PREG Output pipelining  
DSP scd_estimator_inst/pm_first_stage_wrap_inst/input_window_real/p_0_out__21 output scd_estimator_inst/pm_first_stage_wrap_inst/input_window_real/p_0_out__21/P[47:0] is not pipelined (PREG=0). Pipelining the DSP48 output will improve performance and often saves power so it is suggested whenever possible to fully pipeline this function.  If this DSP48 function was inferred, it is suggested to describe an additional register stage after this function.  If the DSP48 was instantiated in the design, it is suggested to set the PREG attribute to 1.
Related violations: <none>

DPOP-1#57 Warning
PREG Output pipelining  
DSP scd_estimator_inst/pm_first_stage_wrap_inst/input_window_real/p_0_out__22 output scd_estimator_inst/pm_first_stage_wrap_inst/input_window_real/p_0_out__22/P[47:0] is not pipelined (PREG=0). Pipelining the DSP48 output will improve performance and often saves power so it is suggested whenever possible to fully pipeline this function.  If this DSP48 function was inferred, it is suggested to describe an additional register stage after this function.  If the DSP48 was instantiated in the design, it is suggested to set the PREG attribute to 1.
Related violations: <none>

DPOP-1#58 Warning
PREG Output pipelining  
DSP scd_estimator_inst/pm_first_stage_wrap_inst/input_window_real/p_0_out__23 output scd_estimator_inst/pm_first_stage_wrap_inst/input_window_real/p_0_out__23/P[47:0] is not pipelined (PREG=0). Pipelining the DSP48 output will improve performance and often saves power so it is suggested whenever possible to fully pipeline this function.  If this DSP48 function was inferred, it is suggested to describe an additional register stage after this function.  If the DSP48 was instantiated in the design, it is suggested to set the PREG attribute to 1.
Related violations: <none>

DPOP-1#59 Warning
PREG Output pipelining  
DSP scd_estimator_inst/pm_first_stage_wrap_inst/input_window_real/p_0_out__24 output scd_estimator_inst/pm_first_stage_wrap_inst/input_window_real/p_0_out__24/P[47:0] is not pipelined (PREG=0). Pipelining the DSP48 output will improve performance and often saves power so it is suggested whenever possible to fully pipeline this function.  If this DSP48 function was inferred, it is suggested to describe an additional register stage after this function.  If the DSP48 was instantiated in the design, it is suggested to set the PREG attribute to 1.
Related violations: <none>

DPOP-1#60 Warning
PREG Output pipelining  
DSP scd_estimator_inst/pm_first_stage_wrap_inst/input_window_real/p_0_out__25 output scd_estimator_inst/pm_first_stage_wrap_inst/input_window_real/p_0_out__25/P[47:0] is not pipelined (PREG=0). Pipelining the DSP48 output will improve performance and often saves power so it is suggested whenever possible to fully pipeline this function.  If this DSP48 function was inferred, it is suggested to describe an additional register stage after this function.  If the DSP48 was instantiated in the design, it is suggested to set the PREG attribute to 1.
Related violations: <none>

DPOP-1#61 Warning
PREG Output pipelining  
DSP scd_estimator_inst/pm_first_stage_wrap_inst/input_window_real/p_0_out__26 output scd_estimator_inst/pm_first_stage_wrap_inst/input_window_real/p_0_out__26/P[47:0] is not pipelined (PREG=0). Pipelining the DSP48 output will improve performance and often saves power so it is suggested whenever possible to fully pipeline this function.  If this DSP48 function was inferred, it is suggested to describe an additional register stage after this function.  If the DSP48 was instantiated in the design, it is suggested to set the PREG attribute to 1.
Related violations: <none>

DPOP-1#62 Warning
PREG Output pipelining  
DSP scd_estimator_inst/pm_first_stage_wrap_inst/input_window_real/p_0_out__27 output scd_estimator_inst/pm_first_stage_wrap_inst/input_window_real/p_0_out__27/P[47:0] is not pipelined (PREG=0). Pipelining the DSP48 output will improve performance and often saves power so it is suggested whenever possible to fully pipeline this function.  If this DSP48 function was inferred, it is suggested to describe an additional register stage after this function.  If the DSP48 was instantiated in the design, it is suggested to set the PREG attribute to 1.
Related violations: <none>

DPOP-1#63 Warning
PREG Output pipelining  
DSP scd_estimator_inst/pm_first_stage_wrap_inst/input_window_real/p_0_out__28 output scd_estimator_inst/pm_first_stage_wrap_inst/input_window_real/p_0_out__28/P[47:0] is not pipelined (PREG=0). Pipelining the DSP48 output will improve performance and often saves power so it is suggested whenever possible to fully pipeline this function.  If this DSP48 function was inferred, it is suggested to describe an additional register stage after this function.  If the DSP48 was instantiated in the design, it is suggested to set the PREG attribute to 1.
Related violations: <none>

DPOP-1#64 Warning
PREG Output pipelining  
DSP scd_estimator_inst/pm_first_stage_wrap_inst/input_window_real/p_0_out__29 output scd_estimator_inst/pm_first_stage_wrap_inst/input_window_real/p_0_out__29/P[47:0] is not pipelined (PREG=0). Pipelining the DSP48 output will improve performance and often saves power so it is suggested whenever possible to fully pipeline this function.  If this DSP48 function was inferred, it is suggested to describe an additional register stage after this function.  If the DSP48 was instantiated in the design, it is suggested to set the PREG attribute to 1.
Related violations: <none>

DPOP-1#65 Warning
PREG Output pipelining  
DSP scd_estimator_inst/pm_first_stage_wrap_inst/input_window_real/p_0_out__3 output scd_estimator_inst/pm_first_stage_wrap_inst/input_window_real/p_0_out__3/P[47:0] is not pipelined (PREG=0). Pipelining the DSP48 output will improve performance and often saves power so it is suggested whenever possible to fully pipeline this function.  If this DSP48 function was inferred, it is suggested to describe an additional register stage after this function.  If the DSP48 was instantiated in the design, it is suggested to set the PREG attribute to 1.
Related violations: <none>

DPOP-1#66 Warning
PREG Output pipelining  
DSP scd_estimator_inst/pm_first_stage_wrap_inst/input_window_real/p_0_out__30 output scd_estimator_inst/pm_first_stage_wrap_inst/input_window_real/p_0_out__30/P[47:0] is not pipelined (PREG=0). Pipelining the DSP48 output will improve performance and often saves power so it is suggested whenever possible to fully pipeline this function.  If this DSP48 function was inferred, it is suggested to describe an additional register stage after this function.  If the DSP48 was instantiated in the design, it is suggested to set the PREG attribute to 1.
Related violations: <none>

DPOP-1#67 Warning
PREG Output pipelining  
DSP scd_estimator_inst/pm_first_stage_wrap_inst/input_window_real/p_0_out__4 output scd_estimator_inst/pm_first_stage_wrap_inst/input_window_real/p_0_out__4/P[47:0] is not pipelined (PREG=0). Pipelining the DSP48 output will improve performance and often saves power so it is suggested whenever possible to fully pipeline this function.  If this DSP48 function was inferred, it is suggested to describe an additional register stage after this function.  If the DSP48 was instantiated in the design, it is suggested to set the PREG attribute to 1.
Related violations: <none>

DPOP-1#68 Warning
PREG Output pipelining  
DSP scd_estimator_inst/pm_first_stage_wrap_inst/input_window_real/p_0_out__5 output scd_estimator_inst/pm_first_stage_wrap_inst/input_window_real/p_0_out__5/P[47:0] is not pipelined (PREG=0). Pipelining the DSP48 output will improve performance and often saves power so it is suggested whenever possible to fully pipeline this function.  If this DSP48 function was inferred, it is suggested to describe an additional register stage after this function.  If the DSP48 was instantiated in the design, it is suggested to set the PREG attribute to 1.
Related violations: <none>

DPOP-1#69 Warning
PREG Output pipelining  
DSP scd_estimator_inst/pm_first_stage_wrap_inst/input_window_real/p_0_out__6 output scd_estimator_inst/pm_first_stage_wrap_inst/input_window_real/p_0_out__6/P[47:0] is not pipelined (PREG=0). Pipelining the DSP48 output will improve performance and often saves power so it is suggested whenever possible to fully pipeline this function.  If this DSP48 function was inferred, it is suggested to describe an additional register stage after this function.  If the DSP48 was instantiated in the design, it is suggested to set the PREG attribute to 1.
Related violations: <none>

DPOP-1#70 Warning
PREG Output pipelining  
DSP scd_estimator_inst/pm_first_stage_wrap_inst/input_window_real/p_0_out__7 output scd_estimator_inst/pm_first_stage_wrap_inst/input_window_real/p_0_out__7/P[47:0] is not pipelined (PREG=0). Pipelining the DSP48 output will improve performance and often saves power so it is suggested whenever possible to fully pipeline this function.  If this DSP48 function was inferred, it is suggested to describe an additional register stage after this function.  If the DSP48 was instantiated in the design, it is suggested to set the PREG attribute to 1.
Related violations: <none>

DPOP-1#71 Warning
PREG Output pipelining  
DSP scd_estimator_inst/pm_first_stage_wrap_inst/input_window_real/p_0_out__8 output scd_estimator_inst/pm_first_stage_wrap_inst/input_window_real/p_0_out__8/P[47:0] is not pipelined (PREG=0). Pipelining the DSP48 output will improve performance and often saves power so it is suggested whenever possible to fully pipeline this function.  If this DSP48 function was inferred, it is suggested to describe an additional register stage after this function.  If the DSP48 was instantiated in the design, it is suggested to set the PREG attribute to 1.
Related violations: <none>

DPOP-1#72 Warning
PREG Output pipelining  
DSP scd_estimator_inst/pm_first_stage_wrap_inst/input_window_real/p_0_out__9 output scd_estimator_inst/pm_first_stage_wrap_inst/input_window_real/p_0_out__9/P[47:0] is not pipelined (PREG=0). Pipelining the DSP48 output will improve performance and often saves power so it is suggested whenever possible to fully pipeline this function.  If this DSP48 function was inferred, it is suggested to describe an additional register stage after this function.  If the DSP48 was instantiated in the design, it is suggested to set the PREG attribute to 1.
Related violations: <none>

DPOP-1#73 Warning
PREG Output pipelining  
DSP theshold_calculator_inst/r_threshold_value0 output theshold_calculator_inst/r_threshold_value0/P[47:0] is not pipelined (PREG=0). Pipelining the DSP48 output will improve performance and often saves power so it is suggested whenever possible to fully pipeline this function.  If this DSP48 function was inferred, it is suggested to describe an additional register stage after this function.  If the DSP48 was instantiated in the design, it is suggested to set the PREG attribute to 1.
Related violations: <none>

DPOP-1#74 Warning
PREG Output pipelining  
DSP theshold_calculator_inst/r_threshold_value0__0 output theshold_calculator_inst/r_threshold_value0__0/P[47:0] is not pipelined (PREG=0). Pipelining the DSP48 output will improve performance and often saves power so it is suggested whenever possible to fully pipeline this function.  If this DSP48 function was inferred, it is suggested to describe an additional register stage after this function.  If the DSP48 was instantiated in the design, it is suggested to set the PREG attribute to 1.
Related violations: <none>

DPOP-1#75 Warning
PREG Output pipelining  
DSP theshold_calculator_inst/r_threshold_value0__1 output theshold_calculator_inst/r_threshold_value0__1/P[47:0] is not pipelined (PREG=0). Pipelining the DSP48 output will improve performance and often saves power so it is suggested whenever possible to fully pipeline this function.  If this DSP48 function was inferred, it is suggested to describe an additional register stage after this function.  If the DSP48 was instantiated in the design, it is suggested to set the PREG attribute to 1.
Related violations: <none>

DPOP-1#76 Warning
PREG Output pipelining  
DSP theshold_calculator_inst/r_threshold_value0__2 output theshold_calculator_inst/r_threshold_value0__2/P[47:0] is not pipelined (PREG=0). Pipelining the DSP48 output will improve performance and often saves power so it is suggested whenever possible to fully pipeline this function.  If this DSP48 function was inferred, it is suggested to describe an additional register stage after this function.  If the DSP48 was instantiated in the design, it is suggested to set the PREG attribute to 1.
Related violations: <none>

DPOP-1#77 Warning
PREG Output pipelining  
DSP theshold_calculator_inst/r_threshold_value0__3 output theshold_calculator_inst/r_threshold_value0__3/P[47:0] is not pipelined (PREG=0). Pipelining the DSP48 output will improve performance and often saves power so it is suggested whenever possible to fully pipeline this function.  If this DSP48 function was inferred, it is suggested to describe an additional register stage after this function.  If the DSP48 was instantiated in the design, it is suggested to set the PREG attribute to 1.
Related violations: <none>

DPOP-1#78 Warning
PREG Output pipelining  
DSP theshold_calculator_inst/r_threshold_value0__4 output theshold_calculator_inst/r_threshold_value0__4/P[47:0] is not pipelined (PREG=0). Pipelining the DSP48 output will improve performance and often saves power so it is suggested whenever possible to fully pipeline this function.  If this DSP48 function was inferred, it is suggested to describe an additional register stage after this function.  If the DSP48 was instantiated in the design, it is suggested to set the PREG attribute to 1.
Related violations: <none>

DPOP-1#79 Warning
PREG Output pipelining  
DSP theshold_calculator_inst/r_threshold_value1 output theshold_calculator_inst/r_threshold_value1/P[47:0] is not pipelined (PREG=0). Pipelining the DSP48 output will improve performance and often saves power so it is suggested whenever possible to fully pipeline this function.  If this DSP48 function was inferred, it is suggested to describe an additional register stage after this function.  If the DSP48 was instantiated in the design, it is suggested to set the PREG attribute to 1.
Related violations: <none>

DPOP-1#80 Warning
PREG Output pipelining  
DSP theshold_calculator_inst/r_threshold_value1__0 output theshold_calculator_inst/r_threshold_value1__0/P[47:0] is not pipelined (PREG=0). Pipelining the DSP48 output will improve performance and often saves power so it is suggested whenever possible to fully pipeline this function.  If this DSP48 function was inferred, it is suggested to describe an additional register stage after this function.  If the DSP48 was instantiated in the design, it is suggested to set the PREG attribute to 1.
Related violations: <none>

DPOP-1#81 Warning
PREG Output pipelining  
DSP theshold_calculator_inst/r_threshold_value1__2 output theshold_calculator_inst/r_threshold_value1__2/P[47:0] is not pipelined (PREG=0). Pipelining the DSP48 output will improve performance and often saves power so it is suggested whenever possible to fully pipeline this function.  If this DSP48 function was inferred, it is suggested to describe an additional register stage after this function.  If the DSP48 was instantiated in the design, it is suggested to set the PREG attribute to 1.
Related violations: <none>

DPOP-1#82 Warning
PREG Output pipelining  
DSP theshold_calculator_inst/r_threshold_value1__3 output theshold_calculator_inst/r_threshold_value1__3/P[47:0] is not pipelined (PREG=0). Pipelining the DSP48 output will improve performance and often saves power so it is suggested whenever possible to fully pipeline this function.  If this DSP48 function was inferred, it is suggested to describe an additional register stage after this function.  If the DSP48 was instantiated in the design, it is suggested to set the PREG attribute to 1.
Related violations: <none>

DPOP-1#83 Warning
PREG Output pipelining  
DSP theshold_calculator_inst/r_threshold_value1__4 output theshold_calculator_inst/r_threshold_value1__4/P[47:0] is not pipelined (PREG=0). Pipelining the DSP48 output will improve performance and often saves power so it is suggested whenever possible to fully pipeline this function.  If this DSP48 function was inferred, it is suggested to describe an additional register stage after this function.  If the DSP48 was instantiated in the design, it is suggested to set the PREG attribute to 1.
Related violations: <none>

DPOP-1#84 Warning
PREG Output pipelining  
DSP theshold_calculator_inst/r_threshold_value1__6 output theshold_calculator_inst/r_threshold_value1__6/P[47:0] is not pipelined (PREG=0). Pipelining the DSP48 output will improve performance and often saves power so it is suggested whenever possible to fully pipeline this function.  If this DSP48 function was inferred, it is suggested to describe an additional register stage after this function.  If the DSP48 was instantiated in the design, it is suggested to set the PREG attribute to 1.
Related violations: <none>

DPOP-2#1 Warning
MREG Output pipelining  
DSP detection_compare_inst/r_comparison1 multiplier stage detection_compare_inst/r_comparison1/P[47:0] is not pipelined (MREG=0). Pipelining the multiplier function will improve performance and will save significant power so it is suggested whenever possible to fully pipeline this function.  If this multiplier was inferred, it is suggested to describe an additional register stage after this function.  If there is no registered adder/accumulator following the multiply function, two pipeline stages are suggested to allow both the MREG and PREG registers to be used.  If the DSP48 was instantiated in the design, it is suggested to set both the MREG and PREG attributes to 1 when performing multiply functions.
Related violations: <none>

DPOP-2#2 Warning
MREG Output pipelining  
DSP detection_compare_inst/r_comparison1__0 multiplier stage detection_compare_inst/r_comparison1__0/P[47:0] is not pipelined (MREG=0). Pipelining the multiplier function will improve performance and will save significant power so it is suggested whenever possible to fully pipeline this function.  If this multiplier was inferred, it is suggested to describe an additional register stage after this function.  If there is no registered adder/accumulator following the multiply function, two pipeline stages are suggested to allow both the MREG and PREG registers to be used.  If the DSP48 was instantiated in the design, it is suggested to set both the MREG and PREG attributes to 1 when performing multiply functions.
Related violations: <none>

DPOP-2#3 Warning
MREG Output pipelining  
DSP detection_compare_inst/r_comparison1__1 multiplier stage detection_compare_inst/r_comparison1__1/P[47:0] is not pipelined (MREG=0). Pipelining the multiplier function will improve performance and will save significant power so it is suggested whenever possible to fully pipeline this function.  If this multiplier was inferred, it is suggested to describe an additional register stage after this function.  If there is no registered adder/accumulator following the multiply function, two pipeline stages are suggested to allow both the MREG and PREG registers to be used.  If the DSP48 was instantiated in the design, it is suggested to set both the MREG and PREG attributes to 1 when performing multiply functions.
Related violations: <none>

DPOP-2#4 Warning
MREG Output pipelining  
DSP detection_compare_inst/r_comparison1__2 multiplier stage detection_compare_inst/r_comparison1__2/P[47:0] is not pipelined (MREG=0). Pipelining the multiplier function will improve performance and will save significant power so it is suggested whenever possible to fully pipeline this function.  If this multiplier was inferred, it is suggested to describe an additional register stage after this function.  If there is no registered adder/accumulator following the multiply function, two pipeline stages are suggested to allow both the MREG and PREG registers to be used.  If the DSP48 was instantiated in the design, it is suggested to set both the MREG and PREG attributes to 1 when performing multiply functions.
Related violations: <none>

DPOP-2#5 Warning
MREG Output pipelining  
DSP detection_compare_inst/r_comparison1__3 multiplier stage detection_compare_inst/r_comparison1__3/P[47:0] is not pipelined (MREG=0). Pipelining the multiplier function will improve performance and will save significant power so it is suggested whenever possible to fully pipeline this function.  If this multiplier was inferred, it is suggested to describe an additional register stage after this function.  If there is no registered adder/accumulator following the multiply function, two pipeline stages are suggested to allow both the MREG and PREG registers to be used.  If the DSP48 was instantiated in the design, it is suggested to set both the MREG and PREG attributes to 1 when performing multiply functions.
Related violations: <none>

DPOP-2#6 Warning
MREG Output pipelining  
DSP detection_compare_inst/r_comparison1__4 multiplier stage detection_compare_inst/r_comparison1__4/P[47:0] is not pipelined (MREG=0). Pipelining the multiplier function will improve performance and will save significant power so it is suggested whenever possible to fully pipeline this function.  If this multiplier was inferred, it is suggested to describe an additional register stage after this function.  If there is no registered adder/accumulator following the multiply function, two pipeline stages are suggested to allow both the MREG and PREG registers to be used.  If the DSP48 was instantiated in the design, it is suggested to set both the MREG and PREG attributes to 1 when performing multiply functions.
Related violations: <none>

DPOP-2#7 Warning
MREG Output pipelining  
DSP detection_compare_inst/r_comparison1__5 multiplier stage detection_compare_inst/r_comparison1__5/P[47:0] is not pipelined (MREG=0). Pipelining the multiplier function will improve performance and will save significant power so it is suggested whenever possible to fully pipeline this function.  If this multiplier was inferred, it is suggested to describe an additional register stage after this function.  If there is no registered adder/accumulator following the multiply function, two pipeline stages are suggested to allow both the MREG and PREG registers to be used.  If the DSP48 was instantiated in the design, it is suggested to set both the MREG and PREG attributes to 1 when performing multiply functions.
Related violations: <none>

DPOP-2#8 Warning
MREG Output pipelining  
DSP detection_compare_inst/r_comparison1__6 multiplier stage detection_compare_inst/r_comparison1__6/P[47:0] is not pipelined (MREG=0). Pipelining the multiplier function will improve performance and will save significant power so it is suggested whenever possible to fully pipeline this function.  If this multiplier was inferred, it is suggested to describe an additional register stage after this function.  If there is no registered adder/accumulator following the multiply function, two pipeline stages are suggested to allow both the MREG and PREG registers to be used.  If the DSP48 was instantiated in the design, it is suggested to set both the MREG and PREG attributes to 1 when performing multiply functions.
Related violations: <none>

DPOP-2#9 Warning
MREG Output pipelining  
DSP scd_estimator_inst/pm_first_stage_wrap_inst/input_window_imag/p_0_out multiplier stage scd_estimator_inst/pm_first_stage_wrap_inst/input_window_imag/p_0_out/P[47:0] is not pipelined (MREG=0). Pipelining the multiplier function will improve performance and will save significant power so it is suggested whenever possible to fully pipeline this function.  If this multiplier was inferred, it is suggested to describe an additional register stage after this function.  If there is no registered adder/accumulator following the multiply function, two pipeline stages are suggested to allow both the MREG and PREG registers to be used.  If the DSP48 was instantiated in the design, it is suggested to set both the MREG and PREG attributes to 1 when performing multiply functions.
Related violations: <none>

DPOP-2#10 Warning
MREG Output pipelining  
DSP scd_estimator_inst/pm_first_stage_wrap_inst/input_window_imag/p_0_out__0 multiplier stage scd_estimator_inst/pm_first_stage_wrap_inst/input_window_imag/p_0_out__0/P[47:0] is not pipelined (MREG=0). Pipelining the multiplier function will improve performance and will save significant power so it is suggested whenever possible to fully pipeline this function.  If this multiplier was inferred, it is suggested to describe an additional register stage after this function.  If there is no registered adder/accumulator following the multiply function, two pipeline stages are suggested to allow both the MREG and PREG registers to be used.  If the DSP48 was instantiated in the design, it is suggested to set both the MREG and PREG attributes to 1 when performing multiply functions.
Related violations: <none>

DPOP-2#11 Warning
MREG Output pipelining  
DSP scd_estimator_inst/pm_first_stage_wrap_inst/input_window_imag/p_0_out__1 multiplier stage scd_estimator_inst/pm_first_stage_wrap_inst/input_window_imag/p_0_out__1/P[47:0] is not pipelined (MREG=0). Pipelining the multiplier function will improve performance and will save significant power so it is suggested whenever possible to fully pipeline this function.  If this multiplier was inferred, it is suggested to describe an additional register stage after this function.  If there is no registered adder/accumulator following the multiply function, two pipeline stages are suggested to allow both the MREG and PREG registers to be used.  If the DSP48 was instantiated in the design, it is suggested to set both the MREG and PREG attributes to 1 when performing multiply functions.
Related violations: <none>

DPOP-2#12 Warning
MREG Output pipelining  
DSP scd_estimator_inst/pm_first_stage_wrap_inst/input_window_imag/p_0_out__10 multiplier stage scd_estimator_inst/pm_first_stage_wrap_inst/input_window_imag/p_0_out__10/P[47:0] is not pipelined (MREG=0). Pipelining the multiplier function will improve performance and will save significant power so it is suggested whenever possible to fully pipeline this function.  If this multiplier was inferred, it is suggested to describe an additional register stage after this function.  If there is no registered adder/accumulator following the multiply function, two pipeline stages are suggested to allow both the MREG and PREG registers to be used.  If the DSP48 was instantiated in the design, it is suggested to set both the MREG and PREG attributes to 1 when performing multiply functions.
Related violations: <none>

DPOP-2#13 Warning
MREG Output pipelining  
DSP scd_estimator_inst/pm_first_stage_wrap_inst/input_window_imag/p_0_out__11 multiplier stage scd_estimator_inst/pm_first_stage_wrap_inst/input_window_imag/p_0_out__11/P[47:0] is not pipelined (MREG=0). Pipelining the multiplier function will improve performance and will save significant power so it is suggested whenever possible to fully pipeline this function.  If this multiplier was inferred, it is suggested to describe an additional register stage after this function.  If there is no registered adder/accumulator following the multiply function, two pipeline stages are suggested to allow both the MREG and PREG registers to be used.  If the DSP48 was instantiated in the design, it is suggested to set both the MREG and PREG attributes to 1 when performing multiply functions.
Related violations: <none>

DPOP-2#14 Warning
MREG Output pipelining  
DSP scd_estimator_inst/pm_first_stage_wrap_inst/input_window_imag/p_0_out__12 multiplier stage scd_estimator_inst/pm_first_stage_wrap_inst/input_window_imag/p_0_out__12/P[47:0] is not pipelined (MREG=0). Pipelining the multiplier function will improve performance and will save significant power so it is suggested whenever possible to fully pipeline this function.  If this multiplier was inferred, it is suggested to describe an additional register stage after this function.  If there is no registered adder/accumulator following the multiply function, two pipeline stages are suggested to allow both the MREG and PREG registers to be used.  If the DSP48 was instantiated in the design, it is suggested to set both the MREG and PREG attributes to 1 when performing multiply functions.
Related violations: <none>

DPOP-2#15 Warning
MREG Output pipelining  
DSP scd_estimator_inst/pm_first_stage_wrap_inst/input_window_imag/p_0_out__13 multiplier stage scd_estimator_inst/pm_first_stage_wrap_inst/input_window_imag/p_0_out__13/P[47:0] is not pipelined (MREG=0). Pipelining the multiplier function will improve performance and will save significant power so it is suggested whenever possible to fully pipeline this function.  If this multiplier was inferred, it is suggested to describe an additional register stage after this function.  If there is no registered adder/accumulator following the multiply function, two pipeline stages are suggested to allow both the MREG and PREG registers to be used.  If the DSP48 was instantiated in the design, it is suggested to set both the MREG and PREG attributes to 1 when performing multiply functions.
Related violations: <none>

DPOP-2#16 Warning
MREG Output pipelining  
DSP scd_estimator_inst/pm_first_stage_wrap_inst/input_window_imag/p_0_out__14 multiplier stage scd_estimator_inst/pm_first_stage_wrap_inst/input_window_imag/p_0_out__14/P[47:0] is not pipelined (MREG=0). Pipelining the multiplier function will improve performance and will save significant power so it is suggested whenever possible to fully pipeline this function.  If this multiplier was inferred, it is suggested to describe an additional register stage after this function.  If there is no registered adder/accumulator following the multiply function, two pipeline stages are suggested to allow both the MREG and PREG registers to be used.  If the DSP48 was instantiated in the design, it is suggested to set both the MREG and PREG attributes to 1 when performing multiply functions.
Related violations: <none>

DPOP-2#17 Warning
MREG Output pipelining  
DSP scd_estimator_inst/pm_first_stage_wrap_inst/input_window_imag/p_0_out__15 multiplier stage scd_estimator_inst/pm_first_stage_wrap_inst/input_window_imag/p_0_out__15/P[47:0] is not pipelined (MREG=0). Pipelining the multiplier function will improve performance and will save significant power so it is suggested whenever possible to fully pipeline this function.  If this multiplier was inferred, it is suggested to describe an additional register stage after this function.  If there is no registered adder/accumulator following the multiply function, two pipeline stages are suggested to allow both the MREG and PREG registers to be used.  If the DSP48 was instantiated in the design, it is suggested to set both the MREG and PREG attributes to 1 when performing multiply functions.
Related violations: <none>

DPOP-2#18 Warning
MREG Output pipelining  
DSP scd_estimator_inst/pm_first_stage_wrap_inst/input_window_imag/p_0_out__16 multiplier stage scd_estimator_inst/pm_first_stage_wrap_inst/input_window_imag/p_0_out__16/P[47:0] is not pipelined (MREG=0). Pipelining the multiplier function will improve performance and will save significant power so it is suggested whenever possible to fully pipeline this function.  If this multiplier was inferred, it is suggested to describe an additional register stage after this function.  If there is no registered adder/accumulator following the multiply function, two pipeline stages are suggested to allow both the MREG and PREG registers to be used.  If the DSP48 was instantiated in the design, it is suggested to set both the MREG and PREG attributes to 1 when performing multiply functions.
Related violations: <none>

DPOP-2#19 Warning
MREG Output pipelining  
DSP scd_estimator_inst/pm_first_stage_wrap_inst/input_window_imag/p_0_out__17 multiplier stage scd_estimator_inst/pm_first_stage_wrap_inst/input_window_imag/p_0_out__17/P[47:0] is not pipelined (MREG=0). Pipelining the multiplier function will improve performance and will save significant power so it is suggested whenever possible to fully pipeline this function.  If this multiplier was inferred, it is suggested to describe an additional register stage after this function.  If there is no registered adder/accumulator following the multiply function, two pipeline stages are suggested to allow both the MREG and PREG registers to be used.  If the DSP48 was instantiated in the design, it is suggested to set both the MREG and PREG attributes to 1 when performing multiply functions.
Related violations: <none>

DPOP-2#20 Warning
MREG Output pipelining  
DSP scd_estimator_inst/pm_first_stage_wrap_inst/input_window_imag/p_0_out__18 multiplier stage scd_estimator_inst/pm_first_stage_wrap_inst/input_window_imag/p_0_out__18/P[47:0] is not pipelined (MREG=0). Pipelining the multiplier function will improve performance and will save significant power so it is suggested whenever possible to fully pipeline this function.  If this multiplier was inferred, it is suggested to describe an additional register stage after this function.  If there is no registered adder/accumulator following the multiply function, two pipeline stages are suggested to allow both the MREG and PREG registers to be used.  If the DSP48 was instantiated in the design, it is suggested to set both the MREG and PREG attributes to 1 when performing multiply functions.
Related violations: <none>

DPOP-2#21 Warning
MREG Output pipelining  
DSP scd_estimator_inst/pm_first_stage_wrap_inst/input_window_imag/p_0_out__19 multiplier stage scd_estimator_inst/pm_first_stage_wrap_inst/input_window_imag/p_0_out__19/P[47:0] is not pipelined (MREG=0). Pipelining the multiplier function will improve performance and will save significant power so it is suggested whenever possible to fully pipeline this function.  If this multiplier was inferred, it is suggested to describe an additional register stage after this function.  If there is no registered adder/accumulator following the multiply function, two pipeline stages are suggested to allow both the MREG and PREG registers to be used.  If the DSP48 was instantiated in the design, it is suggested to set both the MREG and PREG attributes to 1 when performing multiply functions.
Related violations: <none>

DPOP-2#22 Warning
MREG Output pipelining  
DSP scd_estimator_inst/pm_first_stage_wrap_inst/input_window_imag/p_0_out__2 multiplier stage scd_estimator_inst/pm_first_stage_wrap_inst/input_window_imag/p_0_out__2/P[47:0] is not pipelined (MREG=0). Pipelining the multiplier function will improve performance and will save significant power so it is suggested whenever possible to fully pipeline this function.  If this multiplier was inferred, it is suggested to describe an additional register stage after this function.  If there is no registered adder/accumulator following the multiply function, two pipeline stages are suggested to allow both the MREG and PREG registers to be used.  If the DSP48 was instantiated in the design, it is suggested to set both the MREG and PREG attributes to 1 when performing multiply functions.
Related violations: <none>

DPOP-2#23 Warning
MREG Output pipelining  
DSP scd_estimator_inst/pm_first_stage_wrap_inst/input_window_imag/p_0_out__20 multiplier stage scd_estimator_inst/pm_first_stage_wrap_inst/input_window_imag/p_0_out__20/P[47:0] is not pipelined (MREG=0). Pipelining the multiplier function will improve performance and will save significant power so it is suggested whenever possible to fully pipeline this function.  If this multiplier was inferred, it is suggested to describe an additional register stage after this function.  If there is no registered adder/accumulator following the multiply function, two pipeline stages are suggested to allow both the MREG and PREG registers to be used.  If the DSP48 was instantiated in the design, it is suggested to set both the MREG and PREG attributes to 1 when performing multiply functions.
Related violations: <none>

DPOP-2#24 Warning
MREG Output pipelining  
DSP scd_estimator_inst/pm_first_stage_wrap_inst/input_window_imag/p_0_out__21 multiplier stage scd_estimator_inst/pm_first_stage_wrap_inst/input_window_imag/p_0_out__21/P[47:0] is not pipelined (MREG=0). Pipelining the multiplier function will improve performance and will save significant power so it is suggested whenever possible to fully pipeline this function.  If this multiplier was inferred, it is suggested to describe an additional register stage after this function.  If there is no registered adder/accumulator following the multiply function, two pipeline stages are suggested to allow both the MREG and PREG registers to be used.  If the DSP48 was instantiated in the design, it is suggested to set both the MREG and PREG attributes to 1 when performing multiply functions.
Related violations: <none>

DPOP-2#25 Warning
MREG Output pipelining  
DSP scd_estimator_inst/pm_first_stage_wrap_inst/input_window_imag/p_0_out__22 multiplier stage scd_estimator_inst/pm_first_stage_wrap_inst/input_window_imag/p_0_out__22/P[47:0] is not pipelined (MREG=0). Pipelining the multiplier function will improve performance and will save significant power so it is suggested whenever possible to fully pipeline this function.  If this multiplier was inferred, it is suggested to describe an additional register stage after this function.  If there is no registered adder/accumulator following the multiply function, two pipeline stages are suggested to allow both the MREG and PREG registers to be used.  If the DSP48 was instantiated in the design, it is suggested to set both the MREG and PREG attributes to 1 when performing multiply functions.
Related violations: <none>

DPOP-2#26 Warning
MREG Output pipelining  
DSP scd_estimator_inst/pm_first_stage_wrap_inst/input_window_imag/p_0_out__23 multiplier stage scd_estimator_inst/pm_first_stage_wrap_inst/input_window_imag/p_0_out__23/P[47:0] is not pipelined (MREG=0). Pipelining the multiplier function will improve performance and will save significant power so it is suggested whenever possible to fully pipeline this function.  If this multiplier was inferred, it is suggested to describe an additional register stage after this function.  If there is no registered adder/accumulator following the multiply function, two pipeline stages are suggested to allow both the MREG and PREG registers to be used.  If the DSP48 was instantiated in the design, it is suggested to set both the MREG and PREG attributes to 1 when performing multiply functions.
Related violations: <none>

DPOP-2#27 Warning
MREG Output pipelining  
DSP scd_estimator_inst/pm_first_stage_wrap_inst/input_window_imag/p_0_out__24 multiplier stage scd_estimator_inst/pm_first_stage_wrap_inst/input_window_imag/p_0_out__24/P[47:0] is not pipelined (MREG=0). Pipelining the multiplier function will improve performance and will save significant power so it is suggested whenever possible to fully pipeline this function.  If this multiplier was inferred, it is suggested to describe an additional register stage after this function.  If there is no registered adder/accumulator following the multiply function, two pipeline stages are suggested to allow both the MREG and PREG registers to be used.  If the DSP48 was instantiated in the design, it is suggested to set both the MREG and PREG attributes to 1 when performing multiply functions.
Related violations: <none>

DPOP-2#28 Warning
MREG Output pipelining  
DSP scd_estimator_inst/pm_first_stage_wrap_inst/input_window_imag/p_0_out__25 multiplier stage scd_estimator_inst/pm_first_stage_wrap_inst/input_window_imag/p_0_out__25/P[47:0] is not pipelined (MREG=0). Pipelining the multiplier function will improve performance and will save significant power so it is suggested whenever possible to fully pipeline this function.  If this multiplier was inferred, it is suggested to describe an additional register stage after this function.  If there is no registered adder/accumulator following the multiply function, two pipeline stages are suggested to allow both the MREG and PREG registers to be used.  If the DSP48 was instantiated in the design, it is suggested to set both the MREG and PREG attributes to 1 when performing multiply functions.
Related violations: <none>

DPOP-2#29 Warning
MREG Output pipelining  
DSP scd_estimator_inst/pm_first_stage_wrap_inst/input_window_imag/p_0_out__26 multiplier stage scd_estimator_inst/pm_first_stage_wrap_inst/input_window_imag/p_0_out__26/P[47:0] is not pipelined (MREG=0). Pipelining the multiplier function will improve performance and will save significant power so it is suggested whenever possible to fully pipeline this function.  If this multiplier was inferred, it is suggested to describe an additional register stage after this function.  If there is no registered adder/accumulator following the multiply function, two pipeline stages are suggested to allow both the MREG and PREG registers to be used.  If the DSP48 was instantiated in the design, it is suggested to set both the MREG and PREG attributes to 1 when performing multiply functions.
Related violations: <none>

DPOP-2#30 Warning
MREG Output pipelining  
DSP scd_estimator_inst/pm_first_stage_wrap_inst/input_window_imag/p_0_out__27 multiplier stage scd_estimator_inst/pm_first_stage_wrap_inst/input_window_imag/p_0_out__27/P[47:0] is not pipelined (MREG=0). Pipelining the multiplier function will improve performance and will save significant power so it is suggested whenever possible to fully pipeline this function.  If this multiplier was inferred, it is suggested to describe an additional register stage after this function.  If there is no registered adder/accumulator following the multiply function, two pipeline stages are suggested to allow both the MREG and PREG registers to be used.  If the DSP48 was instantiated in the design, it is suggested to set both the MREG and PREG attributes to 1 when performing multiply functions.
Related violations: <none>

DPOP-2#31 Warning
MREG Output pipelining  
DSP scd_estimator_inst/pm_first_stage_wrap_inst/input_window_imag/p_0_out__28 multiplier stage scd_estimator_inst/pm_first_stage_wrap_inst/input_window_imag/p_0_out__28/P[47:0] is not pipelined (MREG=0). Pipelining the multiplier function will improve performance and will save significant power so it is suggested whenever possible to fully pipeline this function.  If this multiplier was inferred, it is suggested to describe an additional register stage after this function.  If there is no registered adder/accumulator following the multiply function, two pipeline stages are suggested to allow both the MREG and PREG registers to be used.  If the DSP48 was instantiated in the design, it is suggested to set both the MREG and PREG attributes to 1 when performing multiply functions.
Related violations: <none>

DPOP-2#32 Warning
MREG Output pipelining  
DSP scd_estimator_inst/pm_first_stage_wrap_inst/input_window_imag/p_0_out__29 multiplier stage scd_estimator_inst/pm_first_stage_wrap_inst/input_window_imag/p_0_out__29/P[47:0] is not pipelined (MREG=0). Pipelining the multiplier function will improve performance and will save significant power so it is suggested whenever possible to fully pipeline this function.  If this multiplier was inferred, it is suggested to describe an additional register stage after this function.  If there is no registered adder/accumulator following the multiply function, two pipeline stages are suggested to allow both the MREG and PREG registers to be used.  If the DSP48 was instantiated in the design, it is suggested to set both the MREG and PREG attributes to 1 when performing multiply functions.
Related violations: <none>

DPOP-2#33 Warning
MREG Output pipelining  
DSP scd_estimator_inst/pm_first_stage_wrap_inst/input_window_imag/p_0_out__3 multiplier stage scd_estimator_inst/pm_first_stage_wrap_inst/input_window_imag/p_0_out__3/P[47:0] is not pipelined (MREG=0). Pipelining the multiplier function will improve performance and will save significant power so it is suggested whenever possible to fully pipeline this function.  If this multiplier was inferred, it is suggested to describe an additional register stage after this function.  If there is no registered adder/accumulator following the multiply function, two pipeline stages are suggested to allow both the MREG and PREG registers to be used.  If the DSP48 was instantiated in the design, it is suggested to set both the MREG and PREG attributes to 1 when performing multiply functions.
Related violations: <none>

DPOP-2#34 Warning
MREG Output pipelining  
DSP scd_estimator_inst/pm_first_stage_wrap_inst/input_window_imag/p_0_out__30 multiplier stage scd_estimator_inst/pm_first_stage_wrap_inst/input_window_imag/p_0_out__30/P[47:0] is not pipelined (MREG=0). Pipelining the multiplier function will improve performance and will save significant power so it is suggested whenever possible to fully pipeline this function.  If this multiplier was inferred, it is suggested to describe an additional register stage after this function.  If there is no registered adder/accumulator following the multiply function, two pipeline stages are suggested to allow both the MREG and PREG registers to be used.  If the DSP48 was instantiated in the design, it is suggested to set both the MREG and PREG attributes to 1 when performing multiply functions.
Related violations: <none>

DPOP-2#35 Warning
MREG Output pipelining  
DSP scd_estimator_inst/pm_first_stage_wrap_inst/input_window_imag/p_0_out__4 multiplier stage scd_estimator_inst/pm_first_stage_wrap_inst/input_window_imag/p_0_out__4/P[47:0] is not pipelined (MREG=0). Pipelining the multiplier function will improve performance and will save significant power so it is suggested whenever possible to fully pipeline this function.  If this multiplier was inferred, it is suggested to describe an additional register stage after this function.  If there is no registered adder/accumulator following the multiply function, two pipeline stages are suggested to allow both the MREG and PREG registers to be used.  If the DSP48 was instantiated in the design, it is suggested to set both the MREG and PREG attributes to 1 when performing multiply functions.
Related violations: <none>

DPOP-2#36 Warning
MREG Output pipelining  
DSP scd_estimator_inst/pm_first_stage_wrap_inst/input_window_imag/p_0_out__5 multiplier stage scd_estimator_inst/pm_first_stage_wrap_inst/input_window_imag/p_0_out__5/P[47:0] is not pipelined (MREG=0). Pipelining the multiplier function will improve performance and will save significant power so it is suggested whenever possible to fully pipeline this function.  If this multiplier was inferred, it is suggested to describe an additional register stage after this function.  If there is no registered adder/accumulator following the multiply function, two pipeline stages are suggested to allow both the MREG and PREG registers to be used.  If the DSP48 was instantiated in the design, it is suggested to set both the MREG and PREG attributes to 1 when performing multiply functions.
Related violations: <none>

DPOP-2#37 Warning
MREG Output pipelining  
DSP scd_estimator_inst/pm_first_stage_wrap_inst/input_window_imag/p_0_out__6 multiplier stage scd_estimator_inst/pm_first_stage_wrap_inst/input_window_imag/p_0_out__6/P[47:0] is not pipelined (MREG=0). Pipelining the multiplier function will improve performance and will save significant power so it is suggested whenever possible to fully pipeline this function.  If this multiplier was inferred, it is suggested to describe an additional register stage after this function.  If there is no registered adder/accumulator following the multiply function, two pipeline stages are suggested to allow both the MREG and PREG registers to be used.  If the DSP48 was instantiated in the design, it is suggested to set both the MREG and PREG attributes to 1 when performing multiply functions.
Related violations: <none>

DPOP-2#38 Warning
MREG Output pipelining  
DSP scd_estimator_inst/pm_first_stage_wrap_inst/input_window_imag/p_0_out__7 multiplier stage scd_estimator_inst/pm_first_stage_wrap_inst/input_window_imag/p_0_out__7/P[47:0] is not pipelined (MREG=0). Pipelining the multiplier function will improve performance and will save significant power so it is suggested whenever possible to fully pipeline this function.  If this multiplier was inferred, it is suggested to describe an additional register stage after this function.  If there is no registered adder/accumulator following the multiply function, two pipeline stages are suggested to allow both the MREG and PREG registers to be used.  If the DSP48 was instantiated in the design, it is suggested to set both the MREG and PREG attributes to 1 when performing multiply functions.
Related violations: <none>

DPOP-2#39 Warning
MREG Output pipelining  
DSP scd_estimator_inst/pm_first_stage_wrap_inst/input_window_imag/p_0_out__8 multiplier stage scd_estimator_inst/pm_first_stage_wrap_inst/input_window_imag/p_0_out__8/P[47:0] is not pipelined (MREG=0). Pipelining the multiplier function will improve performance and will save significant power so it is suggested whenever possible to fully pipeline this function.  If this multiplier was inferred, it is suggested to describe an additional register stage after this function.  If there is no registered adder/accumulator following the multiply function, two pipeline stages are suggested to allow both the MREG and PREG registers to be used.  If the DSP48 was instantiated in the design, it is suggested to set both the MREG and PREG attributes to 1 when performing multiply functions.
Related violations: <none>

DPOP-2#40 Warning
MREG Output pipelining  
DSP scd_estimator_inst/pm_first_stage_wrap_inst/input_window_imag/p_0_out__9 multiplier stage scd_estimator_inst/pm_first_stage_wrap_inst/input_window_imag/p_0_out__9/P[47:0] is not pipelined (MREG=0). Pipelining the multiplier function will improve performance and will save significant power so it is suggested whenever possible to fully pipeline this function.  If this multiplier was inferred, it is suggested to describe an additional register stage after this function.  If there is no registered adder/accumulator following the multiply function, two pipeline stages are suggested to allow both the MREG and PREG registers to be used.  If the DSP48 was instantiated in the design, it is suggested to set both the MREG and PREG attributes to 1 when performing multiply functions.
Related violations: <none>

DPOP-2#41 Warning
MREG Output pipelining  
DSP scd_estimator_inst/pm_first_stage_wrap_inst/input_window_real/p_0_out multiplier stage scd_estimator_inst/pm_first_stage_wrap_inst/input_window_real/p_0_out/P[47:0] is not pipelined (MREG=0). Pipelining the multiplier function will improve performance and will save significant power so it is suggested whenever possible to fully pipeline this function.  If this multiplier was inferred, it is suggested to describe an additional register stage after this function.  If there is no registered adder/accumulator following the multiply function, two pipeline stages are suggested to allow both the MREG and PREG registers to be used.  If the DSP48 was instantiated in the design, it is suggested to set both the MREG and PREG attributes to 1 when performing multiply functions.
Related violations: <none>

DPOP-2#42 Warning
MREG Output pipelining  
DSP scd_estimator_inst/pm_first_stage_wrap_inst/input_window_real/p_0_out__0 multiplier stage scd_estimator_inst/pm_first_stage_wrap_inst/input_window_real/p_0_out__0/P[47:0] is not pipelined (MREG=0). Pipelining the multiplier function will improve performance and will save significant power so it is suggested whenever possible to fully pipeline this function.  If this multiplier was inferred, it is suggested to describe an additional register stage after this function.  If there is no registered adder/accumulator following the multiply function, two pipeline stages are suggested to allow both the MREG and PREG registers to be used.  If the DSP48 was instantiated in the design, it is suggested to set both the MREG and PREG attributes to 1 when performing multiply functions.
Related violations: <none>

DPOP-2#43 Warning
MREG Output pipelining  
DSP scd_estimator_inst/pm_first_stage_wrap_inst/input_window_real/p_0_out__1 multiplier stage scd_estimator_inst/pm_first_stage_wrap_inst/input_window_real/p_0_out__1/P[47:0] is not pipelined (MREG=0). Pipelining the multiplier function will improve performance and will save significant power so it is suggested whenever possible to fully pipeline this function.  If this multiplier was inferred, it is suggested to describe an additional register stage after this function.  If there is no registered adder/accumulator following the multiply function, two pipeline stages are suggested to allow both the MREG and PREG registers to be used.  If the DSP48 was instantiated in the design, it is suggested to set both the MREG and PREG attributes to 1 when performing multiply functions.
Related violations: <none>

DPOP-2#44 Warning
MREG Output pipelining  
DSP scd_estimator_inst/pm_first_stage_wrap_inst/input_window_real/p_0_out__10 multiplier stage scd_estimator_inst/pm_first_stage_wrap_inst/input_window_real/p_0_out__10/P[47:0] is not pipelined (MREG=0). Pipelining the multiplier function will improve performance and will save significant power so it is suggested whenever possible to fully pipeline this function.  If this multiplier was inferred, it is suggested to describe an additional register stage after this function.  If there is no registered adder/accumulator following the multiply function, two pipeline stages are suggested to allow both the MREG and PREG registers to be used.  If the DSP48 was instantiated in the design, it is suggested to set both the MREG and PREG attributes to 1 when performing multiply functions.
Related violations: <none>

DPOP-2#45 Warning
MREG Output pipelining  
DSP scd_estimator_inst/pm_first_stage_wrap_inst/input_window_real/p_0_out__11 multiplier stage scd_estimator_inst/pm_first_stage_wrap_inst/input_window_real/p_0_out__11/P[47:0] is not pipelined (MREG=0). Pipelining the multiplier function will improve performance and will save significant power so it is suggested whenever possible to fully pipeline this function.  If this multiplier was inferred, it is suggested to describe an additional register stage after this function.  If there is no registered adder/accumulator following the multiply function, two pipeline stages are suggested to allow both the MREG and PREG registers to be used.  If the DSP48 was instantiated in the design, it is suggested to set both the MREG and PREG attributes to 1 when performing multiply functions.
Related violations: <none>

DPOP-2#46 Warning
MREG Output pipelining  
DSP scd_estimator_inst/pm_first_stage_wrap_inst/input_window_real/p_0_out__12 multiplier stage scd_estimator_inst/pm_first_stage_wrap_inst/input_window_real/p_0_out__12/P[47:0] is not pipelined (MREG=0). Pipelining the multiplier function will improve performance and will save significant power so it is suggested whenever possible to fully pipeline this function.  If this multiplier was inferred, it is suggested to describe an additional register stage after this function.  If there is no registered adder/accumulator following the multiply function, two pipeline stages are suggested to allow both the MREG and PREG registers to be used.  If the DSP48 was instantiated in the design, it is suggested to set both the MREG and PREG attributes to 1 when performing multiply functions.
Related violations: <none>

DPOP-2#47 Warning
MREG Output pipelining  
DSP scd_estimator_inst/pm_first_stage_wrap_inst/input_window_real/p_0_out__13 multiplier stage scd_estimator_inst/pm_first_stage_wrap_inst/input_window_real/p_0_out__13/P[47:0] is not pipelined (MREG=0). Pipelining the multiplier function will improve performance and will save significant power so it is suggested whenever possible to fully pipeline this function.  If this multiplier was inferred, it is suggested to describe an additional register stage after this function.  If there is no registered adder/accumulator following the multiply function, two pipeline stages are suggested to allow both the MREG and PREG registers to be used.  If the DSP48 was instantiated in the design, it is suggested to set both the MREG and PREG attributes to 1 when performing multiply functions.
Related violations: <none>

DPOP-2#48 Warning
MREG Output pipelining  
DSP scd_estimator_inst/pm_first_stage_wrap_inst/input_window_real/p_0_out__14 multiplier stage scd_estimator_inst/pm_first_stage_wrap_inst/input_window_real/p_0_out__14/P[47:0] is not pipelined (MREG=0). Pipelining the multiplier function will improve performance and will save significant power so it is suggested whenever possible to fully pipeline this function.  If this multiplier was inferred, it is suggested to describe an additional register stage after this function.  If there is no registered adder/accumulator following the multiply function, two pipeline stages are suggested to allow both the MREG and PREG registers to be used.  If the DSP48 was instantiated in the design, it is suggested to set both the MREG and PREG attributes to 1 when performing multiply functions.
Related violations: <none>

DPOP-2#49 Warning
MREG Output pipelining  
DSP scd_estimator_inst/pm_first_stage_wrap_inst/input_window_real/p_0_out__15 multiplier stage scd_estimator_inst/pm_first_stage_wrap_inst/input_window_real/p_0_out__15/P[47:0] is not pipelined (MREG=0). Pipelining the multiplier function will improve performance and will save significant power so it is suggested whenever possible to fully pipeline this function.  If this multiplier was inferred, it is suggested to describe an additional register stage after this function.  If there is no registered adder/accumulator following the multiply function, two pipeline stages are suggested to allow both the MREG and PREG registers to be used.  If the DSP48 was instantiated in the design, it is suggested to set both the MREG and PREG attributes to 1 when performing multiply functions.
Related violations: <none>

DPOP-2#50 Warning
MREG Output pipelining  
DSP scd_estimator_inst/pm_first_stage_wrap_inst/input_window_real/p_0_out__16 multiplier stage scd_estimator_inst/pm_first_stage_wrap_inst/input_window_real/p_0_out__16/P[47:0] is not pipelined (MREG=0). Pipelining the multiplier function will improve performance and will save significant power so it is suggested whenever possible to fully pipeline this function.  If this multiplier was inferred, it is suggested to describe an additional register stage after this function.  If there is no registered adder/accumulator following the multiply function, two pipeline stages are suggested to allow both the MREG and PREG registers to be used.  If the DSP48 was instantiated in the design, it is suggested to set both the MREG and PREG attributes to 1 when performing multiply functions.
Related violations: <none>

DPOP-2#51 Warning
MREG Output pipelining  
DSP scd_estimator_inst/pm_first_stage_wrap_inst/input_window_real/p_0_out__17 multiplier stage scd_estimator_inst/pm_first_stage_wrap_inst/input_window_real/p_0_out__17/P[47:0] is not pipelined (MREG=0). Pipelining the multiplier function will improve performance and will save significant power so it is suggested whenever possible to fully pipeline this function.  If this multiplier was inferred, it is suggested to describe an additional register stage after this function.  If there is no registered adder/accumulator following the multiply function, two pipeline stages are suggested to allow both the MREG and PREG registers to be used.  If the DSP48 was instantiated in the design, it is suggested to set both the MREG and PREG attributes to 1 when performing multiply functions.
Related violations: <none>

DPOP-2#52 Warning
MREG Output pipelining  
DSP scd_estimator_inst/pm_first_stage_wrap_inst/input_window_real/p_0_out__18 multiplier stage scd_estimator_inst/pm_first_stage_wrap_inst/input_window_real/p_0_out__18/P[47:0] is not pipelined (MREG=0). Pipelining the multiplier function will improve performance and will save significant power so it is suggested whenever possible to fully pipeline this function.  If this multiplier was inferred, it is suggested to describe an additional register stage after this function.  If there is no registered adder/accumulator following the multiply function, two pipeline stages are suggested to allow both the MREG and PREG registers to be used.  If the DSP48 was instantiated in the design, it is suggested to set both the MREG and PREG attributes to 1 when performing multiply functions.
Related violations: <none>

DPOP-2#53 Warning
MREG Output pipelining  
DSP scd_estimator_inst/pm_first_stage_wrap_inst/input_window_real/p_0_out__19 multiplier stage scd_estimator_inst/pm_first_stage_wrap_inst/input_window_real/p_0_out__19/P[47:0] is not pipelined (MREG=0). Pipelining the multiplier function will improve performance and will save significant power so it is suggested whenever possible to fully pipeline this function.  If this multiplier was inferred, it is suggested to describe an additional register stage after this function.  If there is no registered adder/accumulator following the multiply function, two pipeline stages are suggested to allow both the MREG and PREG registers to be used.  If the DSP48 was instantiated in the design, it is suggested to set both the MREG and PREG attributes to 1 when performing multiply functions.
Related violations: <none>

DPOP-2#54 Warning
MREG Output pipelining  
DSP scd_estimator_inst/pm_first_stage_wrap_inst/input_window_real/p_0_out__2 multiplier stage scd_estimator_inst/pm_first_stage_wrap_inst/input_window_real/p_0_out__2/P[47:0] is not pipelined (MREG=0). Pipelining the multiplier function will improve performance and will save significant power so it is suggested whenever possible to fully pipeline this function.  If this multiplier was inferred, it is suggested to describe an additional register stage after this function.  If there is no registered adder/accumulator following the multiply function, two pipeline stages are suggested to allow both the MREG and PREG registers to be used.  If the DSP48 was instantiated in the design, it is suggested to set both the MREG and PREG attributes to 1 when performing multiply functions.
Related violations: <none>

DPOP-2#55 Warning
MREG Output pipelining  
DSP scd_estimator_inst/pm_first_stage_wrap_inst/input_window_real/p_0_out__20 multiplier stage scd_estimator_inst/pm_first_stage_wrap_inst/input_window_real/p_0_out__20/P[47:0] is not pipelined (MREG=0). Pipelining the multiplier function will improve performance and will save significant power so it is suggested whenever possible to fully pipeline this function.  If this multiplier was inferred, it is suggested to describe an additional register stage after this function.  If there is no registered adder/accumulator following the multiply function, two pipeline stages are suggested to allow both the MREG and PREG registers to be used.  If the DSP48 was instantiated in the design, it is suggested to set both the MREG and PREG attributes to 1 when performing multiply functions.
Related violations: <none>

DPOP-2#56 Warning
MREG Output pipelining  
DSP scd_estimator_inst/pm_first_stage_wrap_inst/input_window_real/p_0_out__21 multiplier stage scd_estimator_inst/pm_first_stage_wrap_inst/input_window_real/p_0_out__21/P[47:0] is not pipelined (MREG=0). Pipelining the multiplier function will improve performance and will save significant power so it is suggested whenever possible to fully pipeline this function.  If this multiplier was inferred, it is suggested to describe an additional register stage after this function.  If there is no registered adder/accumulator following the multiply function, two pipeline stages are suggested to allow both the MREG and PREG registers to be used.  If the DSP48 was instantiated in the design, it is suggested to set both the MREG and PREG attributes to 1 when performing multiply functions.
Related violations: <none>

DPOP-2#57 Warning
MREG Output pipelining  
DSP scd_estimator_inst/pm_first_stage_wrap_inst/input_window_real/p_0_out__22 multiplier stage scd_estimator_inst/pm_first_stage_wrap_inst/input_window_real/p_0_out__22/P[47:0] is not pipelined (MREG=0). Pipelining the multiplier function will improve performance and will save significant power so it is suggested whenever possible to fully pipeline this function.  If this multiplier was inferred, it is suggested to describe an additional register stage after this function.  If there is no registered adder/accumulator following the multiply function, two pipeline stages are suggested to allow both the MREG and PREG registers to be used.  If the DSP48 was instantiated in the design, it is suggested to set both the MREG and PREG attributes to 1 when performing multiply functions.
Related violations: <none>

DPOP-2#58 Warning
MREG Output pipelining  
DSP scd_estimator_inst/pm_first_stage_wrap_inst/input_window_real/p_0_out__23 multiplier stage scd_estimator_inst/pm_first_stage_wrap_inst/input_window_real/p_0_out__23/P[47:0] is not pipelined (MREG=0). Pipelining the multiplier function will improve performance and will save significant power so it is suggested whenever possible to fully pipeline this function.  If this multiplier was inferred, it is suggested to describe an additional register stage after this function.  If there is no registered adder/accumulator following the multiply function, two pipeline stages are suggested to allow both the MREG and PREG registers to be used.  If the DSP48 was instantiated in the design, it is suggested to set both the MREG and PREG attributes to 1 when performing multiply functions.
Related violations: <none>

DPOP-2#59 Warning
MREG Output pipelining  
DSP scd_estimator_inst/pm_first_stage_wrap_inst/input_window_real/p_0_out__24 multiplier stage scd_estimator_inst/pm_first_stage_wrap_inst/input_window_real/p_0_out__24/P[47:0] is not pipelined (MREG=0). Pipelining the multiplier function will improve performance and will save significant power so it is suggested whenever possible to fully pipeline this function.  If this multiplier was inferred, it is suggested to describe an additional register stage after this function.  If there is no registered adder/accumulator following the multiply function, two pipeline stages are suggested to allow both the MREG and PREG registers to be used.  If the DSP48 was instantiated in the design, it is suggested to set both the MREG and PREG attributes to 1 when performing multiply functions.
Related violations: <none>

DPOP-2#60 Warning
MREG Output pipelining  
DSP scd_estimator_inst/pm_first_stage_wrap_inst/input_window_real/p_0_out__25 multiplier stage scd_estimator_inst/pm_first_stage_wrap_inst/input_window_real/p_0_out__25/P[47:0] is not pipelined (MREG=0). Pipelining the multiplier function will improve performance and will save significant power so it is suggested whenever possible to fully pipeline this function.  If this multiplier was inferred, it is suggested to describe an additional register stage after this function.  If there is no registered adder/accumulator following the multiply function, two pipeline stages are suggested to allow both the MREG and PREG registers to be used.  If the DSP48 was instantiated in the design, it is suggested to set both the MREG and PREG attributes to 1 when performing multiply functions.
Related violations: <none>

DPOP-2#61 Warning
MREG Output pipelining  
DSP scd_estimator_inst/pm_first_stage_wrap_inst/input_window_real/p_0_out__26 multiplier stage scd_estimator_inst/pm_first_stage_wrap_inst/input_window_real/p_0_out__26/P[47:0] is not pipelined (MREG=0). Pipelining the multiplier function will improve performance and will save significant power so it is suggested whenever possible to fully pipeline this function.  If this multiplier was inferred, it is suggested to describe an additional register stage after this function.  If there is no registered adder/accumulator following the multiply function, two pipeline stages are suggested to allow both the MREG and PREG registers to be used.  If the DSP48 was instantiated in the design, it is suggested to set both the MREG and PREG attributes to 1 when performing multiply functions.
Related violations: <none>

DPOP-2#62 Warning
MREG Output pipelining  
DSP scd_estimator_inst/pm_first_stage_wrap_inst/input_window_real/p_0_out__27 multiplier stage scd_estimator_inst/pm_first_stage_wrap_inst/input_window_real/p_0_out__27/P[47:0] is not pipelined (MREG=0). Pipelining the multiplier function will improve performance and will save significant power so it is suggested whenever possible to fully pipeline this function.  If this multiplier was inferred, it is suggested to describe an additional register stage after this function.  If there is no registered adder/accumulator following the multiply function, two pipeline stages are suggested to allow both the MREG and PREG registers to be used.  If the DSP48 was instantiated in the design, it is suggested to set both the MREG and PREG attributes to 1 when performing multiply functions.
Related violations: <none>

DPOP-2#63 Warning
MREG Output pipelining  
DSP scd_estimator_inst/pm_first_stage_wrap_inst/input_window_real/p_0_out__28 multiplier stage scd_estimator_inst/pm_first_stage_wrap_inst/input_window_real/p_0_out__28/P[47:0] is not pipelined (MREG=0). Pipelining the multiplier function will improve performance and will save significant power so it is suggested whenever possible to fully pipeline this function.  If this multiplier was inferred, it is suggested to describe an additional register stage after this function.  If there is no registered adder/accumulator following the multiply function, two pipeline stages are suggested to allow both the MREG and PREG registers to be used.  If the DSP48 was instantiated in the design, it is suggested to set both the MREG and PREG attributes to 1 when performing multiply functions.
Related violations: <none>

DPOP-2#64 Warning
MREG Output pipelining  
DSP scd_estimator_inst/pm_first_stage_wrap_inst/input_window_real/p_0_out__29 multiplier stage scd_estimator_inst/pm_first_stage_wrap_inst/input_window_real/p_0_out__29/P[47:0] is not pipelined (MREG=0). Pipelining the multiplier function will improve performance and will save significant power so it is suggested whenever possible to fully pipeline this function.  If this multiplier was inferred, it is suggested to describe an additional register stage after this function.  If there is no registered adder/accumulator following the multiply function, two pipeline stages are suggested to allow both the MREG and PREG registers to be used.  If the DSP48 was instantiated in the design, it is suggested to set both the MREG and PREG attributes to 1 when performing multiply functions.
Related violations: <none>

DPOP-2#65 Warning
MREG Output pipelining  
DSP scd_estimator_inst/pm_first_stage_wrap_inst/input_window_real/p_0_out__3 multiplier stage scd_estimator_inst/pm_first_stage_wrap_inst/input_window_real/p_0_out__3/P[47:0] is not pipelined (MREG=0). Pipelining the multiplier function will improve performance and will save significant power so it is suggested whenever possible to fully pipeline this function.  If this multiplier was inferred, it is suggested to describe an additional register stage after this function.  If there is no registered adder/accumulator following the multiply function, two pipeline stages are suggested to allow both the MREG and PREG registers to be used.  If the DSP48 was instantiated in the design, it is suggested to set both the MREG and PREG attributes to 1 when performing multiply functions.
Related violations: <none>

DPOP-2#66 Warning
MREG Output pipelining  
DSP scd_estimator_inst/pm_first_stage_wrap_inst/input_window_real/p_0_out__30 multiplier stage scd_estimator_inst/pm_first_stage_wrap_inst/input_window_real/p_0_out__30/P[47:0] is not pipelined (MREG=0). Pipelining the multiplier function will improve performance and will save significant power so it is suggested whenever possible to fully pipeline this function.  If this multiplier was inferred, it is suggested to describe an additional register stage after this function.  If there is no registered adder/accumulator following the multiply function, two pipeline stages are suggested to allow both the MREG and PREG registers to be used.  If the DSP48 was instantiated in the design, it is suggested to set both the MREG and PREG attributes to 1 when performing multiply functions.
Related violations: <none>

DPOP-2#67 Warning
MREG Output pipelining  
DSP scd_estimator_inst/pm_first_stage_wrap_inst/input_window_real/p_0_out__4 multiplier stage scd_estimator_inst/pm_first_stage_wrap_inst/input_window_real/p_0_out__4/P[47:0] is not pipelined (MREG=0). Pipelining the multiplier function will improve performance and will save significant power so it is suggested whenever possible to fully pipeline this function.  If this multiplier was inferred, it is suggested to describe an additional register stage after this function.  If there is no registered adder/accumulator following the multiply function, two pipeline stages are suggested to allow both the MREG and PREG registers to be used.  If the DSP48 was instantiated in the design, it is suggested to set both the MREG and PREG attributes to 1 when performing multiply functions.
Related violations: <none>

DPOP-2#68 Warning
MREG Output pipelining  
DSP scd_estimator_inst/pm_first_stage_wrap_inst/input_window_real/p_0_out__5 multiplier stage scd_estimator_inst/pm_first_stage_wrap_inst/input_window_real/p_0_out__5/P[47:0] is not pipelined (MREG=0). Pipelining the multiplier function will improve performance and will save significant power so it is suggested whenever possible to fully pipeline this function.  If this multiplier was inferred, it is suggested to describe an additional register stage after this function.  If there is no registered adder/accumulator following the multiply function, two pipeline stages are suggested to allow both the MREG and PREG registers to be used.  If the DSP48 was instantiated in the design, it is suggested to set both the MREG and PREG attributes to 1 when performing multiply functions.
Related violations: <none>

DPOP-2#69 Warning
MREG Output pipelining  
DSP scd_estimator_inst/pm_first_stage_wrap_inst/input_window_real/p_0_out__6 multiplier stage scd_estimator_inst/pm_first_stage_wrap_inst/input_window_real/p_0_out__6/P[47:0] is not pipelined (MREG=0). Pipelining the multiplier function will improve performance and will save significant power so it is suggested whenever possible to fully pipeline this function.  If this multiplier was inferred, it is suggested to describe an additional register stage after this function.  If there is no registered adder/accumulator following the multiply function, two pipeline stages are suggested to allow both the MREG and PREG registers to be used.  If the DSP48 was instantiated in the design, it is suggested to set both the MREG and PREG attributes to 1 when performing multiply functions.
Related violations: <none>

DPOP-2#70 Warning
MREG Output pipelining  
DSP scd_estimator_inst/pm_first_stage_wrap_inst/input_window_real/p_0_out__7 multiplier stage scd_estimator_inst/pm_first_stage_wrap_inst/input_window_real/p_0_out__7/P[47:0] is not pipelined (MREG=0). Pipelining the multiplier function will improve performance and will save significant power so it is suggested whenever possible to fully pipeline this function.  If this multiplier was inferred, it is suggested to describe an additional register stage after this function.  If there is no registered adder/accumulator following the multiply function, two pipeline stages are suggested to allow both the MREG and PREG registers to be used.  If the DSP48 was instantiated in the design, it is suggested to set both the MREG and PREG attributes to 1 when performing multiply functions.
Related violations: <none>

DPOP-2#71 Warning
MREG Output pipelining  
DSP scd_estimator_inst/pm_first_stage_wrap_inst/input_window_real/p_0_out__8 multiplier stage scd_estimator_inst/pm_first_stage_wrap_inst/input_window_real/p_0_out__8/P[47:0] is not pipelined (MREG=0). Pipelining the multiplier function will improve performance and will save significant power so it is suggested whenever possible to fully pipeline this function.  If this multiplier was inferred, it is suggested to describe an additional register stage after this function.  If there is no registered adder/accumulator following the multiply function, two pipeline stages are suggested to allow both the MREG and PREG registers to be used.  If the DSP48 was instantiated in the design, it is suggested to set both the MREG and PREG attributes to 1 when performing multiply functions.
Related violations: <none>

DPOP-2#72 Warning
MREG Output pipelining  
DSP scd_estimator_inst/pm_first_stage_wrap_inst/input_window_real/p_0_out__9 multiplier stage scd_estimator_inst/pm_first_stage_wrap_inst/input_window_real/p_0_out__9/P[47:0] is not pipelined (MREG=0). Pipelining the multiplier function will improve performance and will save significant power so it is suggested whenever possible to fully pipeline this function.  If this multiplier was inferred, it is suggested to describe an additional register stage after this function.  If there is no registered adder/accumulator following the multiply function, two pipeline stages are suggested to allow both the MREG and PREG registers to be used.  If the DSP48 was instantiated in the design, it is suggested to set both the MREG and PREG attributes to 1 when performing multiply functions.
Related violations: <none>

DPOP-2#73 Warning
MREG Output pipelining  
DSP theshold_calculator_inst/r_threshold_value0 multiplier stage theshold_calculator_inst/r_threshold_value0/P[47:0] is not pipelined (MREG=0). Pipelining the multiplier function will improve performance and will save significant power so it is suggested whenever possible to fully pipeline this function.  If this multiplier was inferred, it is suggested to describe an additional register stage after this function.  If there is no registered adder/accumulator following the multiply function, two pipeline stages are suggested to allow both the MREG and PREG registers to be used.  If the DSP48 was instantiated in the design, it is suggested to set both the MREG and PREG attributes to 1 when performing multiply functions.
Related violations: <none>

DPOP-2#74 Warning
MREG Output pipelining  
DSP theshold_calculator_inst/r_threshold_value0__0 multiplier stage theshold_calculator_inst/r_threshold_value0__0/P[47:0] is not pipelined (MREG=0). Pipelining the multiplier function will improve performance and will save significant power so it is suggested whenever possible to fully pipeline this function.  If this multiplier was inferred, it is suggested to describe an additional register stage after this function.  If there is no registered adder/accumulator following the multiply function, two pipeline stages are suggested to allow both the MREG and PREG registers to be used.  If the DSP48 was instantiated in the design, it is suggested to set both the MREG and PREG attributes to 1 when performing multiply functions.
Related violations: <none>

DPOP-2#75 Warning
MREG Output pipelining  
DSP theshold_calculator_inst/r_threshold_value0__1 multiplier stage theshold_calculator_inst/r_threshold_value0__1/P[47:0] is not pipelined (MREG=0). Pipelining the multiplier function will improve performance and will save significant power so it is suggested whenever possible to fully pipeline this function.  If this multiplier was inferred, it is suggested to describe an additional register stage after this function.  If there is no registered adder/accumulator following the multiply function, two pipeline stages are suggested to allow both the MREG and PREG registers to be used.  If the DSP48 was instantiated in the design, it is suggested to set both the MREG and PREG attributes to 1 when performing multiply functions.
Related violations: <none>

DPOP-2#76 Warning
MREG Output pipelining  
DSP theshold_calculator_inst/r_threshold_value0__2 multiplier stage theshold_calculator_inst/r_threshold_value0__2/P[47:0] is not pipelined (MREG=0). Pipelining the multiplier function will improve performance and will save significant power so it is suggested whenever possible to fully pipeline this function.  If this multiplier was inferred, it is suggested to describe an additional register stage after this function.  If there is no registered adder/accumulator following the multiply function, two pipeline stages are suggested to allow both the MREG and PREG registers to be used.  If the DSP48 was instantiated in the design, it is suggested to set both the MREG and PREG attributes to 1 when performing multiply functions.
Related violations: <none>

DPOP-2#77 Warning
MREG Output pipelining  
DSP theshold_calculator_inst/r_threshold_value0__3 multiplier stage theshold_calculator_inst/r_threshold_value0__3/P[47:0] is not pipelined (MREG=0). Pipelining the multiplier function will improve performance and will save significant power so it is suggested whenever possible to fully pipeline this function.  If this multiplier was inferred, it is suggested to describe an additional register stage after this function.  If there is no registered adder/accumulator following the multiply function, two pipeline stages are suggested to allow both the MREG and PREG registers to be used.  If the DSP48 was instantiated in the design, it is suggested to set both the MREG and PREG attributes to 1 when performing multiply functions.
Related violations: <none>

DPOP-2#78 Warning
MREG Output pipelining  
DSP theshold_calculator_inst/r_threshold_value0__4 multiplier stage theshold_calculator_inst/r_threshold_value0__4/P[47:0] is not pipelined (MREG=0). Pipelining the multiplier function will improve performance and will save significant power so it is suggested whenever possible to fully pipeline this function.  If this multiplier was inferred, it is suggested to describe an additional register stage after this function.  If there is no registered adder/accumulator following the multiply function, two pipeline stages are suggested to allow both the MREG and PREG registers to be used.  If the DSP48 was instantiated in the design, it is suggested to set both the MREG and PREG attributes to 1 when performing multiply functions.
Related violations: <none>

DPOP-2#79 Warning
MREG Output pipelining  
DSP theshold_calculator_inst/r_threshold_value1 multiplier stage theshold_calculator_inst/r_threshold_value1/P[47:0] is not pipelined (MREG=0). Pipelining the multiplier function will improve performance and will save significant power so it is suggested whenever possible to fully pipeline this function.  If this multiplier was inferred, it is suggested to describe an additional register stage after this function.  If there is no registered adder/accumulator following the multiply function, two pipeline stages are suggested to allow both the MREG and PREG registers to be used.  If the DSP48 was instantiated in the design, it is suggested to set both the MREG and PREG attributes to 1 when performing multiply functions.
Related violations: <none>

DPOP-2#80 Warning
MREG Output pipelining  
DSP theshold_calculator_inst/r_threshold_value1__0 multiplier stage theshold_calculator_inst/r_threshold_value1__0/P[47:0] is not pipelined (MREG=0). Pipelining the multiplier function will improve performance and will save significant power so it is suggested whenever possible to fully pipeline this function.  If this multiplier was inferred, it is suggested to describe an additional register stage after this function.  If there is no registered adder/accumulator following the multiply function, two pipeline stages are suggested to allow both the MREG and PREG registers to be used.  If the DSP48 was instantiated in the design, it is suggested to set both the MREG and PREG attributes to 1 when performing multiply functions.
Related violations: <none>

DPOP-2#81 Warning
MREG Output pipelining  
DSP theshold_calculator_inst/r_threshold_value1__2 multiplier stage theshold_calculator_inst/r_threshold_value1__2/P[47:0] is not pipelined (MREG=0). Pipelining the multiplier function will improve performance and will save significant power so it is suggested whenever possible to fully pipeline this function.  If this multiplier was inferred, it is suggested to describe an additional register stage after this function.  If there is no registered adder/accumulator following the multiply function, two pipeline stages are suggested to allow both the MREG and PREG registers to be used.  If the DSP48 was instantiated in the design, it is suggested to set both the MREG and PREG attributes to 1 when performing multiply functions.
Related violations: <none>

DPOP-2#82 Warning
MREG Output pipelining  
DSP theshold_calculator_inst/r_threshold_value1__3 multiplier stage theshold_calculator_inst/r_threshold_value1__3/P[47:0] is not pipelined (MREG=0). Pipelining the multiplier function will improve performance and will save significant power so it is suggested whenever possible to fully pipeline this function.  If this multiplier was inferred, it is suggested to describe an additional register stage after this function.  If there is no registered adder/accumulator following the multiply function, two pipeline stages are suggested to allow both the MREG and PREG registers to be used.  If the DSP48 was instantiated in the design, it is suggested to set both the MREG and PREG attributes to 1 when performing multiply functions.
Related violations: <none>

DPOP-2#83 Warning
MREG Output pipelining  
DSP theshold_calculator_inst/r_threshold_value1__4 multiplier stage theshold_calculator_inst/r_threshold_value1__4/P[47:0] is not pipelined (MREG=0). Pipelining the multiplier function will improve performance and will save significant power so it is suggested whenever possible to fully pipeline this function.  If this multiplier was inferred, it is suggested to describe an additional register stage after this function.  If there is no registered adder/accumulator following the multiply function, two pipeline stages are suggested to allow both the MREG and PREG registers to be used.  If the DSP48 was instantiated in the design, it is suggested to set both the MREG and PREG attributes to 1 when performing multiply functions.
Related violations: <none>

DPOP-2#84 Warning
MREG Output pipelining  
DSP theshold_calculator_inst/r_threshold_value1__6 multiplier stage theshold_calculator_inst/r_threshold_value1__6/P[47:0] is not pipelined (MREG=0). Pipelining the multiplier function will improve performance and will save significant power so it is suggested whenever possible to fully pipeline this function.  If this multiplier was inferred, it is suggested to describe an additional register stage after this function.  If there is no registered adder/accumulator following the multiply function, two pipeline stages are suggested to allow both the MREG and PREG registers to be used.  If the DSP48 was instantiated in the design, it is suggested to set both the MREG and PREG attributes to 1 when performing multiply functions.
Related violations: <none>

DPOP-2#85 Warning
MREG Output pipelining  
DSP theshold_calculator_inst/r_threshold_value_reg multiplier stage theshold_calculator_inst/r_threshold_value_reg/P[47:0] is not pipelined (MREG=0). Pipelining the multiplier function will improve performance and will save significant power so it is suggested whenever possible to fully pipeline this function.  If this multiplier was inferred, it is suggested to describe an additional register stage after this function.  If there is no registered adder/accumulator following the multiply function, two pipeline stages are suggested to allow both the MREG and PREG registers to be used.  If the DSP48 was instantiated in the design, it is suggested to set both the MREG and PREG attributes to 1 when performing multiply functions.
Related violations: <none>

DPOP-2#86 Warning
MREG Output pipelining  
DSP theshold_calculator_inst/r_threshold_value_reg__0 multiplier stage theshold_calculator_inst/r_threshold_value_reg__0/P[47:0] is not pipelined (MREG=0). Pipelining the multiplier function will improve performance and will save significant power so it is suggested whenever possible to fully pipeline this function.  If this multiplier was inferred, it is suggested to describe an additional register stage after this function.  If there is no registered adder/accumulator following the multiply function, two pipeline stages are suggested to allow both the MREG and PREG registers to be used.  If the DSP48 was instantiated in the design, it is suggested to set both the MREG and PREG attributes to 1 when performing multiply functions.
Related violations: <none>

DPOP-2#87 Warning
MREG Output pipelining  
DSP theshold_calculator_inst/r_threshold_value_reg__1 multiplier stage theshold_calculator_inst/r_threshold_value_reg__1/P[47:0] is not pipelined (MREG=0). Pipelining the multiplier function will improve performance and will save significant power so it is suggested whenever possible to fully pipeline this function.  If this multiplier was inferred, it is suggested to describe an additional register stage after this function.  If there is no registered adder/accumulator following the multiply function, two pipeline stages are suggested to allow both the MREG and PREG registers to be used.  If the DSP48 was instantiated in the design, it is suggested to set both the MREG and PREG attributes to 1 when performing multiply functions.
Related violations: <none>

DPOP-2#88 Warning
MREG Output pipelining  
DSP theshold_calculator_inst/r_threshold_value_reg__2 multiplier stage theshold_calculator_inst/r_threshold_value_reg__2/P[47:0] is not pipelined (MREG=0). Pipelining the multiplier function will improve performance and will save significant power so it is suggested whenever possible to fully pipeline this function.  If this multiplier was inferred, it is suggested to describe an additional register stage after this function.  If there is no registered adder/accumulator following the multiply function, two pipeline stages are suggested to allow both the MREG and PREG registers to be used.  If the DSP48 was instantiated in the design, it is suggested to set both the MREG and PREG attributes to 1 when performing multiply functions.
Related violations: <none>

DPOP-2#89 Warning
MREG Output pipelining  
DSP theshold_calculator_inst/r_threshold_value_reg__3 multiplier stage theshold_calculator_inst/r_threshold_value_reg__3/P[47:0] is not pipelined (MREG=0). Pipelining the multiplier function will improve performance and will save significant power so it is suggested whenever possible to fully pipeline this function.  If this multiplier was inferred, it is suggested to describe an additional register stage after this function.  If there is no registered adder/accumulator following the multiply function, two pipeline stages are suggested to allow both the MREG and PREG registers to be used.  If the DSP48 was instantiated in the design, it is suggested to set both the MREG and PREG attributes to 1 when performing multiply functions.
Related violations: <none>

DPOP-2#90 Warning
MREG Output pipelining  
DSP theshold_calculator_inst/r_threshold_value_reg__4 multiplier stage theshold_calculator_inst/r_threshold_value_reg__4/P[47:0] is not pipelined (MREG=0). Pipelining the multiplier function will improve performance and will save significant power so it is suggested whenever possible to fully pipeline this function.  If this multiplier was inferred, it is suggested to describe an additional register stage after this function.  If there is no registered adder/accumulator following the multiply function, two pipeline stages are suggested to allow both the MREG and PREG registers to be used.  If the DSP48 was instantiated in the design, it is suggested to set both the MREG and PREG attributes to 1 when performing multiply functions.
Related violations: <none>

REQP-1840#1 Warning
RAMB18 async control check  
The RAMB18E1 scd_estimator_inst/pm_first_stage_wrap_inst/real_ram/genblk1[0].mem_reg[0][97] has an input control pin scd_estimator_inst/pm_first_stage_wrap_inst/real_ram/genblk1[0].mem_reg[0][97]/ADDRARDADDR[10] (net: scd_estimator_inst/pm_first_stage_wrap_inst/real_ram/rd_col[5]) which is driven by a register (scd_estimator_inst/pm_first_stage_wrap_inst/first_stage_fsmd_control/r_ram_read_addr_reg_reg[5]) that has an active asychronous set or reset. This may cause corruption of the memory contents and/or read values when the set/reset is asserted and is not analyzed by the default static timing analysis. It is suggested to eliminate the use of a set/reset to registers driving this RAMB pin or else use a synchronous reset in which the assertion of the reset is timed by default.
Related violations: <none>

REQP-1840#2 Warning
RAMB18 async control check  
The RAMB18E1 scd_estimator_inst/pm_first_stage_wrap_inst/real_ram/genblk1[0].mem_reg[0][97] has an input control pin scd_estimator_inst/pm_first_stage_wrap_inst/real_ram/genblk1[0].mem_reg[0][97]/ADDRARDADDR[11] (net: scd_estimator_inst/pm_first_stage_wrap_inst/real_ram/rd_col[6]) which is driven by a register (scd_estimator_inst/pm_first_stage_wrap_inst/first_stage_fsmd_control/r_ram_read_addr_reg_reg[6]) that has an active asychronous set or reset. This may cause corruption of the memory contents and/or read values when the set/reset is asserted and is not analyzed by the default static timing analysis. It is suggested to eliminate the use of a set/reset to registers driving this RAMB pin or else use a synchronous reset in which the assertion of the reset is timed by default.
Related violations: <none>

REQP-1840#3 Warning
RAMB18 async control check  
The RAMB18E1 scd_estimator_inst/pm_first_stage_wrap_inst/real_ram/genblk1[0].mem_reg[0][97] has an input control pin scd_estimator_inst/pm_first_stage_wrap_inst/real_ram/genblk1[0].mem_reg[0][97]/ADDRARDADDR[5] (net: scd_estimator_inst/pm_first_stage_wrap_inst/real_ram/rd_col[0]) which is driven by a register (scd_estimator_inst/pm_first_stage_wrap_inst/first_stage_fsmd_control/r_ram_read_addr_reg_reg[0]) that has an active asychronous set or reset. This may cause corruption of the memory contents and/or read values when the set/reset is asserted and is not analyzed by the default static timing analysis. It is suggested to eliminate the use of a set/reset to registers driving this RAMB pin or else use a synchronous reset in which the assertion of the reset is timed by default.
Related violations: <none>

REQP-1840#4 Warning
RAMB18 async control check  
The RAMB18E1 scd_estimator_inst/pm_first_stage_wrap_inst/real_ram/genblk1[0].mem_reg[0][97] has an input control pin scd_estimator_inst/pm_first_stage_wrap_inst/real_ram/genblk1[0].mem_reg[0][97]/ADDRARDADDR[6] (net: scd_estimator_inst/pm_first_stage_wrap_inst/real_ram/rd_col[1]) which is driven by a register (scd_estimator_inst/pm_first_stage_wrap_inst/first_stage_fsmd_control/r_ram_read_addr_reg_reg[1]) that has an active asychronous set or reset. This may cause corruption of the memory contents and/or read values when the set/reset is asserted and is not analyzed by the default static timing analysis. It is suggested to eliminate the use of a set/reset to registers driving this RAMB pin or else use a synchronous reset in which the assertion of the reset is timed by default.
Related violations: <none>

REQP-1840#5 Warning
RAMB18 async control check  
The RAMB18E1 scd_estimator_inst/pm_first_stage_wrap_inst/real_ram/genblk1[0].mem_reg[0][97] has an input control pin scd_estimator_inst/pm_first_stage_wrap_inst/real_ram/genblk1[0].mem_reg[0][97]/ADDRARDADDR[7] (net: scd_estimator_inst/pm_first_stage_wrap_inst/real_ram/rd_col[2]) which is driven by a register (scd_estimator_inst/pm_first_stage_wrap_inst/first_stage_fsmd_control/r_ram_read_addr_reg_reg[2]) that has an active asychronous set or reset. This may cause corruption of the memory contents and/or read values when the set/reset is asserted and is not analyzed by the default static timing analysis. It is suggested to eliminate the use of a set/reset to registers driving this RAMB pin or else use a synchronous reset in which the assertion of the reset is timed by default.
Related violations: <none>

REQP-1840#6 Warning
RAMB18 async control check  
The RAMB18E1 scd_estimator_inst/pm_first_stage_wrap_inst/real_ram/genblk1[0].mem_reg[0][97] has an input control pin scd_estimator_inst/pm_first_stage_wrap_inst/real_ram/genblk1[0].mem_reg[0][97]/ADDRARDADDR[8] (net: scd_estimator_inst/pm_first_stage_wrap_inst/real_ram/rd_col[3]) which is driven by a register (scd_estimator_inst/pm_first_stage_wrap_inst/first_stage_fsmd_control/r_ram_read_addr_reg_reg[3]) that has an active asychronous set or reset. This may cause corruption of the memory contents and/or read values when the set/reset is asserted and is not analyzed by the default static timing analysis. It is suggested to eliminate the use of a set/reset to registers driving this RAMB pin or else use a synchronous reset in which the assertion of the reset is timed by default.
Related violations: <none>

REQP-1840#7 Warning
RAMB18 async control check  
The RAMB18E1 scd_estimator_inst/pm_first_stage_wrap_inst/real_ram/genblk1[0].mem_reg[0][97] has an input control pin scd_estimator_inst/pm_first_stage_wrap_inst/real_ram/genblk1[0].mem_reg[0][97]/ADDRARDADDR[9] (net: scd_estimator_inst/pm_first_stage_wrap_inst/real_ram/rd_col[4]) which is driven by a register (scd_estimator_inst/pm_first_stage_wrap_inst/first_stage_fsmd_control/r_ram_read_addr_reg_reg[4]) that has an active asychronous set or reset. This may cause corruption of the memory contents and/or read values when the set/reset is asserted and is not analyzed by the default static timing analysis. It is suggested to eliminate the use of a set/reset to registers driving this RAMB pin or else use a synchronous reset in which the assertion of the reset is timed by default.
Related violations: <none>

REQP-1840#8 Warning
RAMB18 async control check  
The RAMB18E1 scd_estimator_inst/pm_first_stage_wrap_inst/real_ram/genblk1[0].mem_reg[0][97] has an input control pin scd_estimator_inst/pm_first_stage_wrap_inst/real_ram/genblk1[0].mem_reg[0][97]/ADDRBWRADDR[10] (net: scd_estimator_inst/pm_first_stage_wrap_inst/real_ram/wr_col[5]) which is driven by a register (scd_estimator_inst/pm_first_stage_wrap_inst/first_stage_fsmd_control/r_ram_write_addr_reg_reg[5]) that has an active asychronous set or reset. This may cause corruption of the memory contents and/or read values when the set/reset is asserted and is not analyzed by the default static timing analysis. It is suggested to eliminate the use of a set/reset to registers driving this RAMB pin or else use a synchronous reset in which the assertion of the reset is timed by default.
Related violations: <none>

REQP-1840#9 Warning
RAMB18 async control check  
The RAMB18E1 scd_estimator_inst/pm_first_stage_wrap_inst/real_ram/genblk1[0].mem_reg[0][97] has an input control pin scd_estimator_inst/pm_first_stage_wrap_inst/real_ram/genblk1[0].mem_reg[0][97]/ADDRBWRADDR[11] (net: scd_estimator_inst/pm_first_stage_wrap_inst/real_ram/wr_col[6]) which is driven by a register (scd_estimator_inst/pm_first_stage_wrap_inst/first_stage_fsmd_control/r_ram_write_addr_reg_reg[6]) that has an active asychronous set or reset. This may cause corruption of the memory contents and/or read values when the set/reset is asserted and is not analyzed by the default static timing analysis. It is suggested to eliminate the use of a set/reset to registers driving this RAMB pin or else use a synchronous reset in which the assertion of the reset is timed by default.
Related violations: <none>

REQP-1840#10 Warning
RAMB18 async control check  
The RAMB18E1 scd_estimator_inst/pm_first_stage_wrap_inst/real_ram/genblk1[0].mem_reg[0][97] has an input control pin scd_estimator_inst/pm_first_stage_wrap_inst/real_ram/genblk1[0].mem_reg[0][97]/ADDRBWRADDR[5] (net: scd_estimator_inst/pm_first_stage_wrap_inst/real_ram/wr_col[0]) which is driven by a register (scd_estimator_inst/pm_first_stage_wrap_inst/first_stage_fsmd_control/r_ram_write_addr_reg_reg[0]) that has an active asychronous set or reset. This may cause corruption of the memory contents and/or read values when the set/reset is asserted and is not analyzed by the default static timing analysis. It is suggested to eliminate the use of a set/reset to registers driving this RAMB pin or else use a synchronous reset in which the assertion of the reset is timed by default.
Related violations: <none>

REQP-1840#11 Warning
RAMB18 async control check  
The RAMB18E1 scd_estimator_inst/pm_first_stage_wrap_inst/real_ram/genblk1[0].mem_reg[0][97] has an input control pin scd_estimator_inst/pm_first_stage_wrap_inst/real_ram/genblk1[0].mem_reg[0][97]/ADDRBWRADDR[6] (net: scd_estimator_inst/pm_first_stage_wrap_inst/real_ram/wr_col[1]) which is driven by a register (scd_estimator_inst/pm_first_stage_wrap_inst/first_stage_fsmd_control/r_ram_write_addr_reg_reg[1]) that has an active asychronous set or reset. This may cause corruption of the memory contents and/or read values when the set/reset is asserted and is not analyzed by the default static timing analysis. It is suggested to eliminate the use of a set/reset to registers driving this RAMB pin or else use a synchronous reset in which the assertion of the reset is timed by default.
Related violations: <none>

REQP-1840#12 Warning
RAMB18 async control check  
The RAMB18E1 scd_estimator_inst/pm_first_stage_wrap_inst/real_ram/genblk1[0].mem_reg[0][97] has an input control pin scd_estimator_inst/pm_first_stage_wrap_inst/real_ram/genblk1[0].mem_reg[0][97]/ADDRBWRADDR[7] (net: scd_estimator_inst/pm_first_stage_wrap_inst/real_ram/wr_col[2]) which is driven by a register (scd_estimator_inst/pm_first_stage_wrap_inst/first_stage_fsmd_control/r_ram_write_addr_reg_reg[2]) that has an active asychronous set or reset. This may cause corruption of the memory contents and/or read values when the set/reset is asserted and is not analyzed by the default static timing analysis. It is suggested to eliminate the use of a set/reset to registers driving this RAMB pin or else use a synchronous reset in which the assertion of the reset is timed by default.
Related violations: <none>

REQP-1840#13 Warning
RAMB18 async control check  
The RAMB18E1 scd_estimator_inst/pm_first_stage_wrap_inst/real_ram/genblk1[0].mem_reg[0][97] has an input control pin scd_estimator_inst/pm_first_stage_wrap_inst/real_ram/genblk1[0].mem_reg[0][97]/ADDRBWRADDR[8] (net: scd_estimator_inst/pm_first_stage_wrap_inst/real_ram/wr_col[3]) which is driven by a register (scd_estimator_inst/pm_first_stage_wrap_inst/first_stage_fsmd_control/r_ram_write_addr_reg_reg[3]) that has an active asychronous set or reset. This may cause corruption of the memory contents and/or read values when the set/reset is asserted and is not analyzed by the default static timing analysis. It is suggested to eliminate the use of a set/reset to registers driving this RAMB pin or else use a synchronous reset in which the assertion of the reset is timed by default.
Related violations: <none>

REQP-1840#14 Warning
RAMB18 async control check  
The RAMB18E1 scd_estimator_inst/pm_first_stage_wrap_inst/real_ram/genblk1[0].mem_reg[0][97] has an input control pin scd_estimator_inst/pm_first_stage_wrap_inst/real_ram/genblk1[0].mem_reg[0][97]/ADDRBWRADDR[9] (net: scd_estimator_inst/pm_first_stage_wrap_inst/real_ram/wr_col[4]) which is driven by a register (scd_estimator_inst/pm_first_stage_wrap_inst/first_stage_fsmd_control/r_ram_write_addr_reg_reg[4]) that has an active asychronous set or reset. This may cause corruption of the memory contents and/or read values when the set/reset is asserted and is not analyzed by the default static timing analysis. It is suggested to eliminate the use of a set/reset to registers driving this RAMB pin or else use a synchronous reset in which the assertion of the reset is timed by default.
Related violations: <none>

REQP-1840#15 Warning
RAMB18 async control check  
The RAMB18E1 scd_estimator_inst/pm_first_stage_wrap_inst/real_ram/genblk1[10].mem_reg[10][97] has an input control pin scd_estimator_inst/pm_first_stage_wrap_inst/real_ram/genblk1[10].mem_reg[10][97]/ADDRARDADDR[10] (net: scd_estimator_inst/pm_first_stage_wrap_inst/real_ram/rd_col[5]) which is driven by a register (scd_estimator_inst/pm_first_stage_wrap_inst/first_stage_fsmd_control/r_ram_read_addr_reg_reg[5]) that has an active asychronous set or reset. This may cause corruption of the memory contents and/or read values when the set/reset is asserted and is not analyzed by the default static timing analysis. It is suggested to eliminate the use of a set/reset to registers driving this RAMB pin or else use a synchronous reset in which the assertion of the reset is timed by default.
Related violations: <none>

REQP-1840#16 Warning
RAMB18 async control check  
The RAMB18E1 scd_estimator_inst/pm_first_stage_wrap_inst/real_ram/genblk1[10].mem_reg[10][97] has an input control pin scd_estimator_inst/pm_first_stage_wrap_inst/real_ram/genblk1[10].mem_reg[10][97]/ADDRARDADDR[11] (net: scd_estimator_inst/pm_first_stage_wrap_inst/real_ram/rd_col[6]) which is driven by a register (scd_estimator_inst/pm_first_stage_wrap_inst/first_stage_fsmd_control/r_ram_read_addr_reg_reg[6]) that has an active asychronous set or reset. This may cause corruption of the memory contents and/or read values when the set/reset is asserted and is not analyzed by the default static timing analysis. It is suggested to eliminate the use of a set/reset to registers driving this RAMB pin or else use a synchronous reset in which the assertion of the reset is timed by default.
Related violations: <none>

REQP-1840#17 Warning
RAMB18 async control check  
The RAMB18E1 scd_estimator_inst/pm_first_stage_wrap_inst/real_ram/genblk1[10].mem_reg[10][97] has an input control pin scd_estimator_inst/pm_first_stage_wrap_inst/real_ram/genblk1[10].mem_reg[10][97]/ADDRARDADDR[6] (net: scd_estimator_inst/pm_first_stage_wrap_inst/real_ram/rd_col[1]) which is driven by a register (scd_estimator_inst/pm_first_stage_wrap_inst/first_stage_fsmd_control/r_ram_read_addr_reg_reg[1]) that has an active asychronous set or reset. This may cause corruption of the memory contents and/or read values when the set/reset is asserted and is not analyzed by the default static timing analysis. It is suggested to eliminate the use of a set/reset to registers driving this RAMB pin or else use a synchronous reset in which the assertion of the reset is timed by default.
Related violations: <none>

REQP-1840#18 Warning
RAMB18 async control check  
The RAMB18E1 scd_estimator_inst/pm_first_stage_wrap_inst/real_ram/genblk1[10].mem_reg[10][97] has an input control pin scd_estimator_inst/pm_first_stage_wrap_inst/real_ram/genblk1[10].mem_reg[10][97]/ADDRARDADDR[7] (net: scd_estimator_inst/pm_first_stage_wrap_inst/real_ram/rd_col[2]) which is driven by a register (scd_estimator_inst/pm_first_stage_wrap_inst/first_stage_fsmd_control/r_ram_read_addr_reg_reg[2]) that has an active asychronous set or reset. This may cause corruption of the memory contents and/or read values when the set/reset is asserted and is not analyzed by the default static timing analysis. It is suggested to eliminate the use of a set/reset to registers driving this RAMB pin or else use a synchronous reset in which the assertion of the reset is timed by default.
Related violations: <none>

REQP-1840#19 Warning
RAMB18 async control check  
The RAMB18E1 scd_estimator_inst/pm_first_stage_wrap_inst/real_ram/genblk1[10].mem_reg[10][97] has an input control pin scd_estimator_inst/pm_first_stage_wrap_inst/real_ram/genblk1[10].mem_reg[10][97]/ADDRARDADDR[8] (net: scd_estimator_inst/pm_first_stage_wrap_inst/real_ram/rd_col[3]) which is driven by a register (scd_estimator_inst/pm_first_stage_wrap_inst/first_stage_fsmd_control/r_ram_read_addr_reg_reg[3]) that has an active asychronous set or reset. This may cause corruption of the memory contents and/or read values when the set/reset is asserted and is not analyzed by the default static timing analysis. It is suggested to eliminate the use of a set/reset to registers driving this RAMB pin or else use a synchronous reset in which the assertion of the reset is timed by default.
Related violations: <none>

REQP-1840#20 Warning
RAMB18 async control check  
The RAMB18E1 scd_estimator_inst/pm_first_stage_wrap_inst/real_ram/genblk1[10].mem_reg[10][97] has an input control pin scd_estimator_inst/pm_first_stage_wrap_inst/real_ram/genblk1[10].mem_reg[10][97]/ADDRARDADDR[9] (net: scd_estimator_inst/pm_first_stage_wrap_inst/real_ram/rd_col[4]) which is driven by a register (scd_estimator_inst/pm_first_stage_wrap_inst/first_stage_fsmd_control/r_ram_read_addr_reg_reg[4]) that has an active asychronous set or reset. This may cause corruption of the memory contents and/or read values when the set/reset is asserted and is not analyzed by the default static timing analysis. It is suggested to eliminate the use of a set/reset to registers driving this RAMB pin or else use a synchronous reset in which the assertion of the reset is timed by default.
Related violations: <none>

ZPS7-1#1 Warning
PS7 block required  
The PS7 cell must be used in this Zynq design in order to enable correct default configuration.
Related violations: <none>

AVAL-4#1 Advisory
enum_USE_DPORT_FALSE_enum_DREG_ADREG_0_connects_CED_CEAD_RSTD_GND  
scd_estimator_inst/pm_first_stage_wrap_inst/np_point_fft/U0/i_synth/xfft_inst/non_floating_point.arch_d.xfft_inst/pe_gen[0].natural_order_input.PE/has_TW_mult.MULT/i_cmpy/four_mult_structure.use_dsp.i_dsp/re_im/use_DSP48.qDSP[0].appDSP[0].bppDSP[0].u_l[0].use_dsp48e1.dsp: DSP48E1 is not using the D port (USE_DPORT = FALSE). For improved power characteristics, set DREG and ADREG to '1', tie CED, CEAD, and RSTD to logic '0'.
Related violations: <none>

AVAL-4#2 Advisory
enum_USE_DPORT_FALSE_enum_DREG_ADREG_0_connects_CED_CEAD_RSTD_GND  
scd_estimator_inst/pm_first_stage_wrap_inst/np_point_fft/U0/i_synth/xfft_inst/non_floating_point.arch_d.xfft_inst/pe_gen[0].natural_order_input.PE/has_TW_mult.MULT/i_cmpy/four_mult_structure.use_dsp.i_dsp/re_im/use_DSP48.qDSP[0].appDSP[0].bppDSP[0].u_l[1].use_dsp48e1.dsp: DSP48E1 is not using the D port (USE_DPORT = FALSE). For improved power characteristics, set DREG and ADREG to '1', tie CED, CEAD, and RSTD to logic '0'.
Related violations: <none>

AVAL-4#3 Advisory
enum_USE_DPORT_FALSE_enum_DREG_ADREG_0_connects_CED_CEAD_RSTD_GND  
scd_estimator_inst/pm_first_stage_wrap_inst/np_point_fft/U0/i_synth/xfft_inst/non_floating_point.arch_d.xfft_inst/pe_gen[0].natural_order_input.PE/has_TW_mult.MULT/i_cmpy/four_mult_structure.use_dsp.i_dsp/re_im/use_DSP48.qDSP[1].appDSP[0].bppDSP[0].u_l[0].use_dsp48e1.dsp: DSP48E1 is not using the D port (USE_DPORT = FALSE). For improved power characteristics, set DREG and ADREG to '1', tie CED, CEAD, and RSTD to logic '0'.
Related violations: <none>

AVAL-4#4 Advisory
enum_USE_DPORT_FALSE_enum_DREG_ADREG_0_connects_CED_CEAD_RSTD_GND  
scd_estimator_inst/pm_first_stage_wrap_inst/np_point_fft/U0/i_synth/xfft_inst/non_floating_point.arch_d.xfft_inst/pe_gen[0].natural_order_input.PE/has_TW_mult.MULT/i_cmpy/four_mult_structure.use_dsp.i_dsp/re_im/use_DSP48.qDSP[1].appDSP[0].bppDSP[0].u_l[1].use_dsp48e1.dsp: DSP48E1 is not using the D port (USE_DPORT = FALSE). For improved power characteristics, set DREG and ADREG to '1', tie CED, CEAD, and RSTD to logic '0'.
Related violations: <none>

AVAL-4#5 Advisory
enum_USE_DPORT_FALSE_enum_DREG_ADREG_0_connects_CED_CEAD_RSTD_GND  
scd_estimator_inst/pm_first_stage_wrap_inst/np_point_fft/U0/i_synth/xfft_inst/non_floating_point.arch_d.xfft_inst/pe_gen[1].natural_order_input.PE/has_TW_mult.MULT/i_cmpy/four_mult_structure.use_dsp.i_dsp/re_im/use_DSP48.qDSP[0].appDSP[0].bppDSP[0].u_l[0].use_dsp48e1.dsp: DSP48E1 is not using the D port (USE_DPORT = FALSE). For improved power characteristics, set DREG and ADREG to '1', tie CED, CEAD, and RSTD to logic '0'.
Related violations: <none>

AVAL-4#6 Advisory
enum_USE_DPORT_FALSE_enum_DREG_ADREG_0_connects_CED_CEAD_RSTD_GND  
scd_estimator_inst/pm_first_stage_wrap_inst/np_point_fft/U0/i_synth/xfft_inst/non_floating_point.arch_d.xfft_inst/pe_gen[1].natural_order_input.PE/has_TW_mult.MULT/i_cmpy/four_mult_structure.use_dsp.i_dsp/re_im/use_DSP48.qDSP[0].appDSP[0].bppDSP[0].u_l[1].use_dsp48e1.dsp: DSP48E1 is not using the D port (USE_DPORT = FALSE). For improved power characteristics, set DREG and ADREG to '1', tie CED, CEAD, and RSTD to logic '0'.
Related violations: <none>

AVAL-4#7 Advisory
enum_USE_DPORT_FALSE_enum_DREG_ADREG_0_connects_CED_CEAD_RSTD_GND  
scd_estimator_inst/pm_first_stage_wrap_inst/np_point_fft/U0/i_synth/xfft_inst/non_floating_point.arch_d.xfft_inst/pe_gen[1].natural_order_input.PE/has_TW_mult.MULT/i_cmpy/four_mult_structure.use_dsp.i_dsp/re_im/use_DSP48.qDSP[1].appDSP[0].bppDSP[0].u_l[0].use_dsp48e1.dsp: DSP48E1 is not using the D port (USE_DPORT = FALSE). For improved power characteristics, set DREG and ADREG to '1', tie CED, CEAD, and RSTD to logic '0'.
Related violations: <none>

AVAL-4#8 Advisory
enum_USE_DPORT_FALSE_enum_DREG_ADREG_0_connects_CED_CEAD_RSTD_GND  
scd_estimator_inst/pm_first_stage_wrap_inst/np_point_fft/U0/i_synth/xfft_inst/non_floating_point.arch_d.xfft_inst/pe_gen[1].natural_order_input.PE/has_TW_mult.MULT/i_cmpy/four_mult_structure.use_dsp.i_dsp/re_im/use_DSP48.qDSP[1].appDSP[0].bppDSP[0].u_l[1].use_dsp48e1.dsp: DSP48E1 is not using the D port (USE_DPORT = FALSE). For improved power characteristics, set DREG and ADREG to '1', tie CED, CEAD, and RSTD to logic '0'.
Related violations: <none>

AVAL-4#9 Advisory
enum_USE_DPORT_FALSE_enum_DREG_ADREG_0_connects_CED_CEAD_RSTD_GND  
scd_estimator_inst/pm_second_stage_wrap_inst/complex_multiplier1_ip_core/U0/i_synth/i_synth/four_mult_structure.use_dsp.i_dsp/re_im/use_DSP48.qDSP[0].appDSP[0].bppDSP[0].u_l[0].use_dsp48e1.dsp: DSP48E1 is not using the D port (USE_DPORT = FALSE). For improved power characteristics, set DREG and ADREG to '1', tie CED, CEAD, and RSTD to logic '0'.
Related violations: <none>

AVAL-4#10 Advisory
enum_USE_DPORT_FALSE_enum_DREG_ADREG_0_connects_CED_CEAD_RSTD_GND  
scd_estimator_inst/pm_second_stage_wrap_inst/complex_multiplier1_ip_core/U0/i_synth/i_synth/four_mult_structure.use_dsp.i_dsp/re_im/use_DSP48.qDSP[0].appDSP[0].bppDSP[0].u_l[1].use_dsp48e1.dsp: DSP48E1 is not using the D port (USE_DPORT = FALSE). For improved power characteristics, set DREG and ADREG to '1', tie CED, CEAD, and RSTD to logic '0'.
Related violations: <none>

AVAL-4#11 Advisory
enum_USE_DPORT_FALSE_enum_DREG_ADREG_0_connects_CED_CEAD_RSTD_GND  
scd_estimator_inst/pm_second_stage_wrap_inst/complex_multiplier1_ip_core/U0/i_synth/i_synth/four_mult_structure.use_dsp.i_dsp/re_im/use_DSP48.qDSP[1].appDSP[0].bppDSP[0].u_l[0].use_dsp48e1.dsp: DSP48E1 is not using the D port (USE_DPORT = FALSE). For improved power characteristics, set DREG and ADREG to '1', tie CED, CEAD, and RSTD to logic '0'.
Related violations: <none>

AVAL-4#12 Advisory
enum_USE_DPORT_FALSE_enum_DREG_ADREG_0_connects_CED_CEAD_RSTD_GND  
scd_estimator_inst/pm_second_stage_wrap_inst/complex_multiplier1_ip_core/U0/i_synth/i_synth/four_mult_structure.use_dsp.i_dsp/re_im/use_DSP48.qDSP[1].appDSP[0].bppDSP[0].u_l[1].use_dsp48e1.dsp: DSP48E1 is not using the D port (USE_DPORT = FALSE). For improved power characteristics, set DREG and ADREG to '1', tie CED, CEAD, and RSTD to logic '0'.
Related violations: <none>

AVAL-4#13 Advisory
enum_USE_DPORT_FALSE_enum_DREG_ADREG_0_connects_CED_CEAD_RSTD_GND  
scd_estimator_inst/pm_second_stage_wrap_inst/complex_multiplier2_ip_core/U0/i_synth/i_synth/four_mult_structure.use_dsp.i_dsp/re_im/use_DSP48.qDSP[0].appDSP[0].bppDSP[0].u_l[0].use_dsp48e1.dsp: DSP48E1 is not using the D port (USE_DPORT = FALSE). For improved power characteristics, set DREG and ADREG to '1', tie CED, CEAD, and RSTD to logic '0'.
Related violations: <none>

AVAL-4#14 Advisory
enum_USE_DPORT_FALSE_enum_DREG_ADREG_0_connects_CED_CEAD_RSTD_GND  
scd_estimator_inst/pm_second_stage_wrap_inst/complex_multiplier2_ip_core/U0/i_synth/i_synth/four_mult_structure.use_dsp.i_dsp/re_im/use_DSP48.qDSP[0].appDSP[0].bppDSP[0].u_l[1].use_dsp48e1.dsp: DSP48E1 is not using the D port (USE_DPORT = FALSE). For improved power characteristics, set DREG and ADREG to '1', tie CED, CEAD, and RSTD to logic '0'.
Related violations: <none>

AVAL-4#15 Advisory
enum_USE_DPORT_FALSE_enum_DREG_ADREG_0_connects_CED_CEAD_RSTD_GND  
scd_estimator_inst/pm_second_stage_wrap_inst/complex_multiplier2_ip_core/U0/i_synth/i_synth/four_mult_structure.use_dsp.i_dsp/re_im/use_DSP48.qDSP[1].appDSP[0].bppDSP[0].u_l[0].use_dsp48e1.dsp: DSP48E1 is not using the D port (USE_DPORT = FALSE). For improved power characteristics, set DREG and ADREG to '1', tie CED, CEAD, and RSTD to logic '0'.
Related violations: <none>

AVAL-4#16 Advisory
enum_USE_DPORT_FALSE_enum_DREG_ADREG_0_connects_CED_CEAD_RSTD_GND  
scd_estimator_inst/pm_second_stage_wrap_inst/complex_multiplier2_ip_core/U0/i_synth/i_synth/four_mult_structure.use_dsp.i_dsp/re_im/use_DSP48.qDSP[1].appDSP[0].bppDSP[0].u_l[1].use_dsp48e1.dsp: DSP48E1 is not using the D port (USE_DPORT = FALSE). For improved power characteristics, set DREG and ADREG to '1', tie CED, CEAD, and RSTD to logic '0'.
Related violations: <none>

AVAL-4#17 Advisory
enum_USE_DPORT_FALSE_enum_DREG_ADREG_0_connects_CED_CEAD_RSTD_GND  
scd_estimator_inst/pm_second_stage_wrap_inst/p_point_fft/U0/i_synth/xfft_inst/non_floating_point.arch_d.xfft_inst/pe_gen[0].natural_order_input.PE/has_TW_mult.MULT/i_cmpy/four_mult_structure.use_dsp.i_dsp/re_im/use_DSP48.qDSP[0].appDSP[0].bppDSP[0].u_l[0].use_dsp48e1.dsp: DSP48E1 is not using the D port (USE_DPORT = FALSE). For improved power characteristics, set DREG and ADREG to '1', tie CED, CEAD, and RSTD to logic '0'.
Related violations: <none>

AVAL-4#18 Advisory
enum_USE_DPORT_FALSE_enum_DREG_ADREG_0_connects_CED_CEAD_RSTD_GND  
scd_estimator_inst/pm_second_stage_wrap_inst/p_point_fft/U0/i_synth/xfft_inst/non_floating_point.arch_d.xfft_inst/pe_gen[0].natural_order_input.PE/has_TW_mult.MULT/i_cmpy/four_mult_structure.use_dsp.i_dsp/re_im/use_DSP48.qDSP[0].appDSP[0].bppDSP[0].u_l[1].use_dsp48e1.dsp: DSP48E1 is not using the D port (USE_DPORT = FALSE). For improved power characteristics, set DREG and ADREG to '1', tie CED, CEAD, and RSTD to logic '0'.
Related violations: <none>

AVAL-4#19 Advisory
enum_USE_DPORT_FALSE_enum_DREG_ADREG_0_connects_CED_CEAD_RSTD_GND  
scd_estimator_inst/pm_second_stage_wrap_inst/p_point_fft/U0/i_synth/xfft_inst/non_floating_point.arch_d.xfft_inst/pe_gen[0].natural_order_input.PE/has_TW_mult.MULT/i_cmpy/four_mult_structure.use_dsp.i_dsp/re_im/use_DSP48.qDSP[1].appDSP[0].bppDSP[0].u_l[0].use_dsp48e1.dsp: DSP48E1 is not using the D port (USE_DPORT = FALSE). For improved power characteristics, set DREG and ADREG to '1', tie CED, CEAD, and RSTD to logic '0'.
Related violations: <none>

AVAL-4#20 Advisory
enum_USE_DPORT_FALSE_enum_DREG_ADREG_0_connects_CED_CEAD_RSTD_GND  
scd_estimator_inst/pm_second_stage_wrap_inst/p_point_fft/U0/i_synth/xfft_inst/non_floating_point.arch_d.xfft_inst/pe_gen[0].natural_order_input.PE/has_TW_mult.MULT/i_cmpy/four_mult_structure.use_dsp.i_dsp/re_im/use_DSP48.qDSP[1].appDSP[0].bppDSP[0].u_l[1].use_dsp48e1.dsp: DSP48E1 is not using the D port (USE_DPORT = FALSE). For improved power characteristics, set DREG and ADREG to '1', tie CED, CEAD, and RSTD to logic '0'.
Related violations: <none>

AVAL-4#21 Advisory
enum_USE_DPORT_FALSE_enum_DREG_ADREG_0_connects_CED_CEAD_RSTD_GND  
scd_estimator_inst/pm_second_stage_wrap_inst/p_point_fft/U0/i_synth/xfft_inst/non_floating_point.arch_d.xfft_inst/pe_gen[1].natural_order_input.PE/has_TW_mult.MULT/i_cmpy/four_mult_structure.use_dsp.i_dsp/re_im/use_DSP48.qDSP[0].appDSP[0].bppDSP[0].u_l[0].use_dsp48e1.dsp: DSP48E1 is not using the D port (USE_DPORT = FALSE). For improved power characteristics, set DREG and ADREG to '1', tie CED, CEAD, and RSTD to logic '0'.
Related violations: <none>

AVAL-4#22 Advisory
enum_USE_DPORT_FALSE_enum_DREG_ADREG_0_connects_CED_CEAD_RSTD_GND  
scd_estimator_inst/pm_second_stage_wrap_inst/p_point_fft/U0/i_synth/xfft_inst/non_floating_point.arch_d.xfft_inst/pe_gen[1].natural_order_input.PE/has_TW_mult.MULT/i_cmpy/four_mult_structure.use_dsp.i_dsp/re_im/use_DSP48.qDSP[0].appDSP[0].bppDSP[0].u_l[1].use_dsp48e1.dsp: DSP48E1 is not using the D port (USE_DPORT = FALSE). For improved power characteristics, set DREG and ADREG to '1', tie CED, CEAD, and RSTD to logic '0'.
Related violations: <none>

AVAL-4#23 Advisory
enum_USE_DPORT_FALSE_enum_DREG_ADREG_0_connects_CED_CEAD_RSTD_GND  
scd_estimator_inst/pm_second_stage_wrap_inst/p_point_fft/U0/i_synth/xfft_inst/non_floating_point.arch_d.xfft_inst/pe_gen[1].natural_order_input.PE/has_TW_mult.MULT/i_cmpy/four_mult_structure.use_dsp.i_dsp/re_im/use_DSP48.qDSP[1].appDSP[0].bppDSP[0].u_l[0].use_dsp48e1.dsp: DSP48E1 is not using the D port (USE_DPORT = FALSE). For improved power characteristics, set DREG and ADREG to '1', tie CED, CEAD, and RSTD to logic '0'.
Related violations: <none>

AVAL-4#24 Advisory
enum_USE_DPORT_FALSE_enum_DREG_ADREG_0_connects_CED_CEAD_RSTD_GND  
scd_estimator_inst/pm_second_stage_wrap_inst/p_point_fft/U0/i_synth/xfft_inst/non_floating_point.arch_d.xfft_inst/pe_gen[1].natural_order_input.PE/has_TW_mult.MULT/i_cmpy/four_mult_structure.use_dsp.i_dsp/re_im/use_DSP48.qDSP[1].appDSP[0].bppDSP[0].u_l[1].use_dsp48e1.dsp: DSP48E1 is not using the D port (USE_DPORT = FALSE). For improved power characteristics, set DREG and ADREG to '1', tie CED, CEAD, and RSTD to logic '0'.
Related violations: <none>

AVAL-4#25 Advisory
enum_USE_DPORT_FALSE_enum_DREG_ADREG_0_connects_CED_CEAD_RSTD_GND  
scd_estimator_inst/pm_second_stage_wrap_inst/p_point_fft/U0/i_synth/xfft_inst/non_floating_point.arch_d.xfft_inst/pe_gen[2].natural_order_input.PE/has_TW_mult.MULT/i_cmpy/four_mult_structure.use_dsp.i_dsp/re_im/use_DSP48.qDSP[0].appDSP[0].bppDSP[0].u_l[0].use_dsp48e1.dsp: DSP48E1 is not using the D port (USE_DPORT = FALSE). For improved power characteristics, set DREG and ADREG to '1', tie CED, CEAD, and RSTD to logic '0'.
Related violations: <none>

AVAL-4#26 Advisory
enum_USE_DPORT_FALSE_enum_DREG_ADREG_0_connects_CED_CEAD_RSTD_GND  
scd_estimator_inst/pm_second_stage_wrap_inst/p_point_fft/U0/i_synth/xfft_inst/non_floating_point.arch_d.xfft_inst/pe_gen[2].natural_order_input.PE/has_TW_mult.MULT/i_cmpy/four_mult_structure.use_dsp.i_dsp/re_im/use_DSP48.qDSP[0].appDSP[0].bppDSP[0].u_l[1].use_dsp48e1.dsp: DSP48E1 is not using the D port (USE_DPORT = FALSE). For improved power characteristics, set DREG and ADREG to '1', tie CED, CEAD, and RSTD to logic '0'.
Related violations: <none>

AVAL-4#27 Advisory
enum_USE_DPORT_FALSE_enum_DREG_ADREG_0_connects_CED_CEAD_RSTD_GND  
scd_estimator_inst/pm_second_stage_wrap_inst/p_point_fft/U0/i_synth/xfft_inst/non_floating_point.arch_d.xfft_inst/pe_gen[2].natural_order_input.PE/has_TW_mult.MULT/i_cmpy/four_mult_structure.use_dsp.i_dsp/re_im/use_DSP48.qDSP[1].appDSP[0].bppDSP[0].u_l[0].use_dsp48e1.dsp: DSP48E1 is not using the D port (USE_DPORT = FALSE). For improved power characteristics, set DREG and ADREG to '1', tie CED, CEAD, and RSTD to logic '0'.
Related violations: <none>

AVAL-4#28 Advisory
enum_USE_DPORT_FALSE_enum_DREG_ADREG_0_connects_CED_CEAD_RSTD_GND  
scd_estimator_inst/pm_second_stage_wrap_inst/p_point_fft/U0/i_synth/xfft_inst/non_floating_point.arch_d.xfft_inst/pe_gen[2].natural_order_input.PE/has_TW_mult.MULT/i_cmpy/four_mult_structure.use_dsp.i_dsp/re_im/use_DSP48.qDSP[1].appDSP[0].bppDSP[0].u_l[1].use_dsp48e1.dsp: DSP48E1 is not using the D port (USE_DPORT = FALSE). For improved power characteristics, set DREG and ADREG to '1', tie CED, CEAD, and RSTD to logic '0'.
Related violations: <none>

REQP-165#1 Advisory
writefirst  
Synchronous clocking is detected for BRAM (scd_estimator_inst/pm_first_stage_wrap_inst/np_point_fft/U0/i_synth/xfft_inst/non_floating_point.arch_d.xfft_inst/has_bit_reverse.dig_rev_mem/blk_ram.use_bram_only.mem/depths_3to9.ram_loop[0].use_RAMB18.SDP_RAMB18E1_36x512) in SDP mode with WRITE_FIRST write-mode. This is the preferred mode for best power characteristics, however it may exhibit address collisions if the same address appears on both read and write ports resulting in unknown or corrupted read data. It is suggested to confirm via simulation that an address collision never occurs and if so it is suggested to try and avoid this situation. If address collisions cannot be avoided, the write-mode may be set to READ_FIRST which guarantees that the read data is the prior contents of the memory at the cost of additional power in the design. See the FPGA Memory Resources User Guide for additional information.
Related violations: <none>

REQP-165#2 Advisory
writefirst  
Synchronous clocking is detected for BRAM (scd_estimator_inst/pm_second_stage_wrap_inst/p_point_fft/U0/i_synth/xfft_inst/non_floating_point.arch_d.xfft_inst/has_bit_reverse.dig_rev_mem/blk_ram.use_bram_only.mem/depths_3to9.ram_loop[0].use_RAMB18.SDP_RAMB18E1_36x512) in SDP mode with WRITE_FIRST write-mode. This is the preferred mode for best power characteristics, however it may exhibit address collisions if the same address appears on both read and write ports resulting in unknown or corrupted read data. It is suggested to confirm via simulation that an address collision never occurs and if so it is suggested to try and avoid this situation. If address collisions cannot be avoided, the write-mode may be set to READ_FIRST which guarantees that the read data is the prior contents of the memory at the cost of additional power in the design. See the FPGA Memory Resources User Guide for additional information.
Related violations: <none>

REQP-165#3 Advisory
writefirst  
Synchronous clocking is detected for BRAM (scd_estimator_inst/pm_second_stage_wrap_inst/p_point_fft/U0/i_synth/xfft_inst/non_floating_point.arch_d.xfft_inst/has_bit_reverse.dig_rev_mem/blk_ram.use_bram_only.mem/depths_3to9.ram_loop[1].use_RAMB18.SDP_RAMB18E1_36x512) in SDP mode with WRITE_FIRST write-mode. This is the preferred mode for best power characteristics, however it may exhibit address collisions if the same address appears on both read and write ports resulting in unknown or corrupted read data. It is suggested to confirm via simulation that an address collision never occurs and if so it is suggested to try and avoid this situation. If address collisions cannot be avoided, the write-mode may be set to READ_FIRST which guarantees that the read data is the prior contents of the memory at the cost of additional power in the design. See the FPGA Memory Resources User Guide for additional information.
Related violations: <none>


