
*** Running vivado
    with args -log fam_detector_system_top.vdi -applog -m64 -product Vivado -messageDb vivado.pb -mode batch -source fam_detector_system_top.tcl -notrace


ECHO is off.
ECHO is off.

****** Vivado v2023.1 (64-bit)
  **** SW Build 3865809 on Sun May  7 15:05:29 MDT 2023
  **** IP Build 3864474 on Sun May  7 20:36:21 MDT 2023
  **** SharedData Build 3865790 on Sun May 07 13:33:03 MDT 2023
    ** Copyright 1986-2022 Xilinx, Inc. All Rights Reserved.
    ** Copyright 2022-2023 Advanced Micro Devices, Inc. All Rights Reserved.

source fam_detector_system_top.tcl -notrace
create_project: Time (s): cpu = 00:00:06 ; elapsed = 00:00:07 . Memory (MB): peak = 449.305 ; gain = 158.711
INFO: [IP_Flow 19-234] Refreshing IP repositories
INFO: [IP_Flow 19-1700] Loaded user IP repository 'd:/Desktop PRE-FORMAT 25/CR_CYCLO/Verilog/ComBlock/core-comblock-master/src'.
INFO: [IP_Flow 19-2313] Loaded Vivado IP repository 'C:/Xilinx/Vivado/2023.1/data/ip'.
WARNING: [IP_Flow 19-4995] The host OS only allows 260 characters in a normal path. The IP cache path is more than 80 characters. If you experience issues with IP caching, please consider changing the IP cache to a location with a shorter path. Alternately consider using the OS subst command to map part of the path to a drive letter. 
Current IP cache path is C:/Users/gm/Vivado Projects/complete_det_modded_turbo/complete_det_modded_turbo.runs/impl_physopt_125/{C:/Users/gm/Vivado Projects/complete_det_modded_turbo/complete_det_modded_turbo.cache/ip} 
Command: link_design -top fam_detector_system_top -part xc7z020clg484-1
Design is defaulting to srcset: sources_1
Design is defaulting to constrset: constrs_1
INFO: [Device 21-403] Loading part xc7z020clg484-1
INFO: [Project 1-454] Reading design checkpoint 'c:/Users/gm/Vivado Projects/complete_det_modded_turbo/complete_det_modded_turbo.gen/sources_1/ip/xfft_0/xfft_0.dcp' for cell 'u_fam_detector/u_first_stage/GEN_FFT1[0].u_fft1'
INFO: [Project 1-454] Reading design checkpoint 'c:/Users/gm/Vivado Projects/complete_det_modded_turbo/complete_det_modded_turbo.gen/sources_1/ip/cmpy_0/cmpy_0.dcp' for cell 'u_fam_detector/u_second_stage/GEN_CMULT2[0].u_cmult2'
INFO: [Project 1-454] Reading design checkpoint 'c:/Users/gm/Vivado Projects/complete_det_modded_turbo/complete_det_modded_turbo.gen/sources_1/ip/xfft_1/xfft_1.dcp' for cell 'u_fam_detector/u_second_stage/GEN_FFT2[0].u_fft2'
INFO: [Project 1-454] Reading design checkpoint 'c:/Users/gm/Vivado Projects/complete_det_modded_turbo/complete_det_modded_turbo.gen/sources_1/bd/ps_comblock_setup/ip/ps_comblock_setup_comblock_0_0/ps_comblock_setup_comblock_0_0.dcp' for cell 'u_ps_comblock_setup/ps_comblock_setup_i/comblock_0'
INFO: [Project 1-454] Reading design checkpoint 'c:/Users/gm/Vivado Projects/complete_det_modded_turbo/complete_det_modded_turbo.gen/sources_1/bd/ps_comblock_setup/ip/ps_comblock_setup_processing_system7_0_0/ps_comblock_setup_processing_system7_0_0.dcp' for cell 'u_ps_comblock_setup/ps_comblock_setup_i/processing_system7_0'
INFO: [Project 1-454] Reading design checkpoint 'c:/Users/gm/Vivado Projects/complete_det_modded_turbo/complete_det_modded_turbo.gen/sources_1/bd/ps_comblock_setup/ip/ps_comblock_setup_rst_ps7_0_100M_0/ps_comblock_setup_rst_ps7_0_100M_0.dcp' for cell 'u_ps_comblock_setup/ps_comblock_setup_i/rst_ps7_0_100M'
INFO: [Project 1-454] Reading design checkpoint 'c:/Users/gm/Vivado Projects/complete_det_modded_turbo/complete_det_modded_turbo.gen/sources_1/bd/ps_comblock_setup/ip/ps_comblock_setup_auto_pc_0/ps_comblock_setup_auto_pc_0.dcp' for cell 'u_ps_comblock_setup/ps_comblock_setup_i/ps7_0_axi_periph/s00_couplers/auto_pc'
Netlist sorting complete. Time (s): cpu = 00:00:01 ; elapsed = 00:00:01 . Memory (MB): peak = 1110.418 ; gain = 20.203
INFO: [Netlist 29-17] Analyzing 4008 Unisim elements for replacement
INFO: [Netlist 29-28] Unisim Transformation completed in 0 CPU seconds
INFO: [Project 1-479] Netlist was created with Vivado 2023.1
INFO: [Project 1-570] Preparing netlist for logic optimization
Parsing XDC File [c:/Users/gm/Vivado Projects/complete_det_modded_turbo/complete_det_modded_turbo.gen/sources_1/bd/ps_comblock_setup/ip/ps_comblock_setup_processing_system7_0_0/ps_comblock_setup_processing_system7_0_0.xdc] for cell 'u_ps_comblock_setup/ps_comblock_setup_i/processing_system7_0/inst'
Finished Parsing XDC File [c:/Users/gm/Vivado Projects/complete_det_modded_turbo/complete_det_modded_turbo.gen/sources_1/bd/ps_comblock_setup/ip/ps_comblock_setup_processing_system7_0_0/ps_comblock_setup_processing_system7_0_0.xdc] for cell 'u_ps_comblock_setup/ps_comblock_setup_i/processing_system7_0/inst'
Parsing XDC File [c:/Users/gm/Vivado Projects/complete_det_modded_turbo/complete_det_modded_turbo.gen/sources_1/bd/ps_comblock_setup/ip/ps_comblock_setup_rst_ps7_0_100M_0/ps_comblock_setup_rst_ps7_0_100M_0_board.xdc] for cell 'u_ps_comblock_setup/ps_comblock_setup_i/rst_ps7_0_100M/U0'
Finished Parsing XDC File [c:/Users/gm/Vivado Projects/complete_det_modded_turbo/complete_det_modded_turbo.gen/sources_1/bd/ps_comblock_setup/ip/ps_comblock_setup_rst_ps7_0_100M_0/ps_comblock_setup_rst_ps7_0_100M_0_board.xdc] for cell 'u_ps_comblock_setup/ps_comblock_setup_i/rst_ps7_0_100M/U0'
Parsing XDC File [c:/Users/gm/Vivado Projects/complete_det_modded_turbo/complete_det_modded_turbo.gen/sources_1/bd/ps_comblock_setup/ip/ps_comblock_setup_rst_ps7_0_100M_0/ps_comblock_setup_rst_ps7_0_100M_0.xdc] for cell 'u_ps_comblock_setup/ps_comblock_setup_i/rst_ps7_0_100M/U0'
Finished Parsing XDC File [c:/Users/gm/Vivado Projects/complete_det_modded_turbo/complete_det_modded_turbo.gen/sources_1/bd/ps_comblock_setup/ip/ps_comblock_setup_rst_ps7_0_100M_0/ps_comblock_setup_rst_ps7_0_100M_0.xdc] for cell 'u_ps_comblock_setup/ps_comblock_setup_i/rst_ps7_0_100M/U0'
Parsing XDC File [C:/Users/gm/Vivado Projects/complete_det_modded_turbo/complete_det_modded_turbo.srcs/constrs_1/new/const_test.xdc]
Finished Parsing XDC File [C:/Users/gm/Vivado Projects/complete_det_modded_turbo/complete_det_modded_turbo.srcs/constrs_1/new/const_test.xdc]
INFO: [Opt 31-138] Pushed 0 inverter(s) to 0 load pin(s).
Netlist sorting complete. Time (s): cpu = 00:00:00 ; elapsed = 00:00:00.044 . Memory (MB): peak = 1332.383 ; gain = 0.000
INFO: [Project 1-111] Unisim Transformation Summary:
No Unisim elements were transformed.

17 Infos, 1 Warnings, 0 Critical Warnings and 0 Errors encountered.
link_design completed successfully
link_design: Time (s): cpu = 00:00:17 ; elapsed = 00:00:29 . Memory (MB): peak = 1332.383 ; gain = 837.352
Command: opt_design -directive Explore
INFO: [Vivado_Tcl 4-136] Directive used for opt_design is: Explore
Attempting to get a license for feature 'Implementation' and/or device 'xc7z020'
INFO: [Common 17-349] Got license for feature 'Implementation' and/or device 'xc7z020'
Running DRC as a precondition to command opt_design

Starting DRC Task
INFO: [DRC 23-27] Running DRC with 2 threads
INFO: [Project 1-461] DRC finished with 0 Errors
INFO: [Project 1-462] Please refer to the DRC report (report_drc) for more information.

Time (s): cpu = 00:00:02 ; elapsed = 00:00:01 . Memory (MB): peak = 1355.457 ; gain = 22.973

Starting Logic Optimization Task
INFO: [Timing 38-35] Done setting XDC timing constraints.

Phase 1 Retarget
INFO: [Opt 31-1566] Pulled 10 inverters resulting in an inversion of 51 pins
INFO: [Opt 31-138] Pushed 76 inverter(s) to 384 load pin(s).
INFO: [Opt 31-49] Retargeted 0 cell(s).
Phase 1 Retarget | Checksum: 11de69e03

Time (s): cpu = 00:00:12 ; elapsed = 00:00:11 . Memory (MB): peak = 2293.758 ; gain = 623.141
INFO: [Opt 31-389] Phase Retarget created 1037 cells and removed 1444 cells

Phase 2 Constant propagation
INFO: [Opt 31-138] Pushed 0 inverter(s) to 0 load pin(s).
Phase 2 Constant propagation | Checksum: bb4cceb6

Time (s): cpu = 00:00:12 ; elapsed = 00:00:11 . Memory (MB): peak = 2293.758 ; gain = 623.141
INFO: [Opt 31-389] Phase Constant propagation created 92 cells and removed 240 cells

Phase 3 Sweep
Phase 3 Sweep | Checksum: 103d2ab79

Time (s): cpu = 00:00:14 ; elapsed = 00:00:13 . Memory (MB): peak = 2293.758 ; gain = 623.141
INFO: [Opt 31-389] Phase Sweep created 0 cells and removed 346 cells
INFO: [Opt 31-1021] In phase Sweep, 8 netlist objects are constrained preventing optimization. Please run opt_design with -debug_log to get more detail. 

Phase 4 BUFG optimization
Phase 4 BUFG optimization | Checksum: 103d2ab79

Time (s): cpu = 00:00:15 ; elapsed = 00:00:14 . Memory (MB): peak = 2293.758 ; gain = 623.141
INFO: [Opt 31-662] Phase BUFG optimization created 0 cells of which 0 are BUFGs and removed 0 cells.

Phase 5 Shift Register Optimization
INFO: [Opt 31-1064] SRL Remap converted 0 SRLs to 0 registers and converted 0 registers of register chains to 0 SRLs
Phase 5 Shift Register Optimization | Checksum: 149ce1334

Time (s): cpu = 00:00:17 ; elapsed = 00:00:16 . Memory (MB): peak = 2293.758 ; gain = 623.141
INFO: [Opt 31-389] Phase Shift Register Optimization created 0 cells and removed 0 cells
INFO: [Opt 31-1555] control_set_opt supports Versal devices only, and device 7z020 is unsupported

Phase 6 Post Processing Netlist
Phase 6 Post Processing Netlist | Checksum: 13df55893

Time (s): cpu = 00:00:17 ; elapsed = 00:00:16 . Memory (MB): peak = 2293.758 ; gain = 623.141
INFO: [Opt 31-389] Phase Post Processing Netlist created 0 cells and removed 0 cells
Opt_design Change Summary
=========================


-------------------------------------------------------------------------------------------------------------------------
|  Phase                        |  #Cells created  |  #Cells Removed  |  #Constrained objects preventing optimizations  |
-------------------------------------------------------------------------------------------------------------------------
|  Retarget                     |            1037  |            1444  |                                              0  |
|  Constant propagation         |              92  |             240  |                                              0  |
|  Sweep                        |               0  |             346  |                                              8  |
|  BUFG optimization            |               0  |               0  |                                              0  |
|  Shift Register Optimization  |               0  |               0  |                                              0  |
|  Post Processing Netlist      |               0  |               0  |                                              0  |
-------------------------------------------------------------------------------------------------------------------------



Starting Connectivity Check Task

Time (s): cpu = 00:00:00 ; elapsed = 00:00:00.118 . Memory (MB): peak = 2293.758 ; gain = 0.000
Ending Logic Optimization Task | Checksum: 1244395e1

Time (s): cpu = 00:00:17 ; elapsed = 00:00:17 . Memory (MB): peak = 2293.758 ; gain = 623.141

Starting Netlist Obfuscation Task
Netlist sorting complete. Time (s): cpu = 00:00:00 ; elapsed = 00:00:00.050 . Memory (MB): peak = 2293.758 ; gain = 0.000
Ending Netlist Obfuscation Task | Checksum: 1244395e1

Time (s): cpu = 00:00:00 ; elapsed = 00:00:00.061 . Memory (MB): peak = 2293.758 ; gain = 0.000
INFO: [Common 17-83] Releasing license: Implementation
37 Infos, 1 Warnings, 0 Critical Warnings and 0 Errors encountered.
opt_design completed successfully
opt_design: Time (s): cpu = 00:00:21 ; elapsed = 00:00:21 . Memory (MB): peak = 2293.758 ; gain = 961.375
INFO: [runtcl-4] Executing : report_drc -file fam_detector_system_top_drc_opted.rpt -pb fam_detector_system_top_drc_opted.pb -rpx fam_detector_system_top_drc_opted.rpx
Command: report_drc -file fam_detector_system_top_drc_opted.rpt -pb fam_detector_system_top_drc_opted.pb -rpx fam_detector_system_top_drc_opted.rpx
INFO: [IP_Flow 19-1839] IP Catalog is up to date.
INFO: [DRC 23-27] Running DRC with 2 threads
INFO: [Vivado_Tcl 2-168] The results of DRC are in file C:/Users/gm/Vivado Projects/complete_det_modded_turbo/complete_det_modded_turbo.runs/impl_physopt_125/fam_detector_system_top_drc_opted.rpt.
report_drc completed successfully
INFO: [Timing 38-480] Writing timing data to binary archive.
Writing XDEF routing.
Writing XDEF routing logical nets.
Writing XDEF routing special nets.
Write XDEF Complete: Time (s): cpu = 00:00:01 ; elapsed = 00:00:00.196 . Memory (MB): peak = 2293.758 ; gain = 0.000
INFO: [Common 17-1381] The checkpoint 'C:/Users/gm/Vivado Projects/complete_det_modded_turbo/complete_det_modded_turbo.runs/impl_physopt_125/fam_detector_system_top_opt.dcp' has been generated.
write_checkpoint: Time (s): cpu = 00:00:11 ; elapsed = 00:00:08 . Memory (MB): peak = 2293.758 ; gain = 0.000
Command: place_design -directive Explore
Attempting to get a license for feature 'Implementation' and/or device 'xc7z020'
INFO: [Common 17-349] Got license for feature 'Implementation' and/or device 'xc7z020'
INFO: [DRC 23-27] Running DRC with 2 threads
INFO: [Vivado_Tcl 4-198] DRC finished with 0 Errors
INFO: [Vivado_Tcl 4-199] Please refer to the DRC report (report_drc) for more information.
Running DRC as a precondition to command place_design
INFO: [DRC 23-27] Running DRC with 2 threads
INFO: [Vivado_Tcl 4-198] DRC finished with 0 Errors
INFO: [Vivado_Tcl 4-199] Please refer to the DRC report (report_drc) for more information.

Starting Placer Task
INFO: [Place 46-5] The placer was invoked with the 'Explore' directive.
INFO: [Place 30-611] Multithreading enabled for place_design using a maximum of 2 CPUs

Phase 1 Placer Initialization

Phase 1.1 Placer Initialization Netlist Sorting
Netlist sorting complete. Time (s): cpu = 00:00:00 ; elapsed = 00:00:00.050 . Memory (MB): peak = 2293.758 ; gain = 0.000
Phase 1.1 Placer Initialization Netlist Sorting | Checksum: c1004f4c

Time (s): cpu = 00:00:00 ; elapsed = 00:00:00.083 . Memory (MB): peak = 2293.758 ; gain = 0.000
Netlist sorting complete. Time (s): cpu = 00:00:00 ; elapsed = 00:00:00.048 . Memory (MB): peak = 2293.758 ; gain = 0.000

Phase 1.2 IO Placement/ Clock Placement/ Build Placer Device
INFO: [Timing 38-35] Done setting XDC timing constraints.
Phase 1.2 IO Placement/ Clock Placement/ Build Placer Device | Checksum: 338233e9

Time (s): cpu = 00:00:08 ; elapsed = 00:00:07 . Memory (MB): peak = 2362.512 ; gain = 68.754

Phase 1.3 Build Placer Netlist Model
Phase 1.3 Build Placer Netlist Model | Checksum: 181e0fe44

Time (s): cpu = 00:00:18 ; elapsed = 00:00:16 . Memory (MB): peak = 2675.656 ; gain = 381.898

Phase 1.4 Constrain Clocks/Macros
Phase 1.4 Constrain Clocks/Macros | Checksum: 181e0fe44

Time (s): cpu = 00:00:18 ; elapsed = 00:00:16 . Memory (MB): peak = 2675.656 ; gain = 381.898
Phase 1 Placer Initialization | Checksum: 181e0fe44

Time (s): cpu = 00:00:18 ; elapsed = 00:00:17 . Memory (MB): peak = 2675.656 ; gain = 381.898

Phase 2 Global Placement

Phase 2.1 Floorplanning
Phase 2.1 Floorplanning | Checksum: 109f7156d

Time (s): cpu = 00:00:22 ; elapsed = 00:00:19 . Memory (MB): peak = 2675.656 ; gain = 381.898

Phase 2.2 Update Timing before SLR Path Opt
Phase 2.2 Update Timing before SLR Path Opt | Checksum: f38829ec

Time (s): cpu = 00:00:24 ; elapsed = 00:00:20 . Memory (MB): peak = 2675.656 ; gain = 381.898

Phase 2.3 Post-Processing in Floorplanning
Phase 2.3 Post-Processing in Floorplanning | Checksum: f38829ec

Time (s): cpu = 00:00:24 ; elapsed = 00:00:21 . Memory (MB): peak = 2675.656 ; gain = 381.898

Phase 2.4 Global Placement Core

Phase 2.4.1 UpdateTiming Before Physical Synthesis
Phase 2.4.1 UpdateTiming Before Physical Synthesis | Checksum: ea65ee63

Time (s): cpu = 00:00:54 ; elapsed = 00:00:40 . Memory (MB): peak = 2675.656 ; gain = 381.898

Phase 2.4.2 Physical Synthesis In Placer
INFO: [Physopt 32-1035] Found 35 LUTNM shape to break, 269 LUT instances to create LUTNM shape
INFO: [Physopt 32-1044] Break lutnm for timing: one critical 20, two critical 15, total 35, new lutff created 1
INFO: [Physopt 32-1138] End 1 Pass. Optimized 156 nets or LUTs. Breaked 35 LUTs, combined 121 existing LUTs and moved 0 existing LUT
INFO: [Physopt 32-76] Pass 1. Identified 1 candidate net for fanout optimization.
INFO: [Physopt 32-81] Processed net u_comblock_adapter/w_cb_fifo_clear. Replicated 5 times.
INFO: [Physopt 32-232] Optimized 1 net. Created 5 new instances.
INFO: [Physopt 32-775] End 1 Pass. Optimized 1 net or cell. Created 5 new cells, deleted 0 existing cell and moved 0 existing cell
Netlist sorting complete. Time (s): cpu = 00:00:00 ; elapsed = 00:00:00.144 . Memory (MB): peak = 2675.656 ; gain = 0.000
INFO: [Physopt 32-457] Pass 1. Identified 10 candidate cells for DSP register optimization.
INFO: [Physopt 32-665] Processed cell u_fam_detector/u_second_stage/GEN_CMULT2[1].u_cmult2/U0/i_synth/i_synth/three_mult_structure.use_dsp.i_dsp48/mult2_preadder_d_plus_a.mult2/mult/use_prim.appDSP48[0].bppDSP48[0].use_dsp.use_dsp48e1.iDSP48E1. 16 registers were pushed out.
INFO: [Physopt 32-665] Processed cell u_fam_detector/u_second_stage/GEN_CMULT2[2].u_cmult2/U0/i_synth/i_synth/three_mult_structure.use_dsp.i_dsp48/mult2_preadder_d_plus_a.mult2/mult/use_prim.appDSP48[0].bppDSP48[0].use_dsp.use_dsp48e1.iDSP48E1. 16 registers were pushed out.
INFO: [Physopt 32-665] Processed cell u_fam_detector/u_second_stage/GEN_CMULT2[0].u_cmult2/U0/i_synth/i_synth/three_mult_structure.use_dsp.i_dsp48/mult2_preadder_d_plus_a.mult2/mult/use_prim.appDSP48[0].bppDSP48[0].use_dsp.use_dsp48e1.iDSP48E1. 16 registers were pushed out.
INFO: [Physopt 32-665] Processed cell u_fam_detector/u_second_stage/GEN_CMULT2[2].u_cmult2/U0/i_synth/i_synth/three_mult_structure.use_dsp.i_dsp48/mult2_preadder_d_plus_a.mult2/mult/use_prim.appDSP48[0].bppDSP48[0].use_dsp.use_dsp48e1.iDSP48E1. 16 registers were pushed out.
INFO: [Physopt 32-665] Processed cell u_fam_detector/u_second_stage/GEN_CMULT2[3].u_cmult2/U0/i_synth/i_synth/three_mult_structure.use_dsp.i_dsp48/mult2_preadder_d_plus_a.mult2/mult/use_prim.appDSP48[0].bppDSP48[0].use_dsp.use_dsp48e1.iDSP48E1. 16 registers were pushed out.
INFO: [Physopt 32-665] Processed cell u_fam_detector/u_second_stage/GEN_CMULT2[2].u_cmult2/U0/i_synth/i_synth/three_mult_structure.use_dsp.i_dsp48/mult2_preadder_d_plus_a.mult2/mult/use_prim.appDSP48[0].bppDSP48[0].use_dsp.use_dsp48e1.iDSP48E1. 16 registers were pushed out.
INFO: [Physopt 32-665] Processed cell u_fam_detector/u_second_stage/GEN_CMULT2[1].u_cmult2/U0/i_synth/i_synth/three_mult_structure.use_dsp.i_dsp48/mult2_preadder_d_plus_a.mult2/mult/use_prim.appDSP48[0].bppDSP48[0].use_dsp.use_dsp48e1.iDSP48E1. 16 registers were pushed out.
INFO: [Physopt 32-665] Processed cell u_fam_detector/u_second_stage/GEN_CMULT2[0].u_cmult2/U0/i_synth/i_synth/three_mult_structure.use_dsp.i_dsp48/mult2_preadder_d_plus_a.mult2/mult/use_prim.appDSP48[0].bppDSP48[0].use_dsp.use_dsp48e1.iDSP48E1. 16 registers were pushed out.
INFO: [Physopt 32-665] Processed cell u_fam_detector/u_second_stage/GEN_CMULT2[0].u_cmult2/U0/i_synth/i_synth/three_mult_structure.use_dsp.i_dsp48/mult2_preadder_d_plus_a.mult2/mult/use_prim.appDSP48[0].bppDSP48[0].use_dsp.use_dsp48e1.iDSP48E1. 16 registers were pushed out.
INFO: [Physopt 32-665] Processed cell u_fam_detector/u_second_stage/GEN_CMULT2[1].u_cmult2/U0/i_synth/i_synth/three_mult_structure.use_dsp.i_dsp48/mult2_preadder_d_plus_a.mult2/mult/use_prim.appDSP48[0].bppDSP48[0].use_dsp.use_dsp48e1.iDSP48E1. 16 registers were pushed out.
INFO: [Physopt 32-775] End 2 Pass. Optimized 10 nets or cells. Created 160 new cells, deleted 0 existing cell and moved 0 existing cell
Netlist sorting complete. Time (s): cpu = 00:00:00 ; elapsed = 00:00:00.105 . Memory (MB): peak = 2675.656 ; gain = 0.000
INFO: [Physopt 32-1123] No candidate cells found for Shift Register to Pipeline optimization
INFO: [Physopt 32-775] End 2 Pass. Optimized 0 net or cell. Created 0 new cell, deleted 0 existing cell and moved 0 existing cell
INFO: [Physopt 32-775] End 1 Pass. Optimized 1 net or cell. Created 1 new cell, deleted 0 existing cell and moved 0 existing cell
Netlist sorting complete. Time (s): cpu = 00:00:00 ; elapsed = 00:00:00.084 . Memory (MB): peak = 2675.656 ; gain = 0.000
INFO: [Physopt 32-526] No candidate cells for BRAM register optimization found in the design
INFO: [Physopt 32-775] End 1 Pass. Optimized 0 net or cell. Created 0 new cell, deleted 0 existing cell and moved 0 existing cell
INFO: [Physopt 32-846] No candidate cells for URAM register optimization found in the design
INFO: [Physopt 32-775] End 1 Pass. Optimized 0 net or cell. Created 0 new cell, deleted 0 existing cell and moved 0 existing cell
INFO: [Physopt 32-846] No candidate cells for URAM register optimization found in the design
INFO: [Physopt 32-775] End 1 Pass. Optimized 0 net or cell. Created 0 new cell, deleted 0 existing cell and moved 0 existing cell
INFO: [Physopt 32-949] No candidate nets found for dynamic/static region interface net replication
INFO: [Physopt 32-775] End 1 Pass. Optimized 0 net or cell. Created 0 new cell, deleted 0 existing cell and moved 0 existing cell
Netlist sorting complete. Time (s): cpu = 00:00:00 ; elapsed = 00:00:00.055 . Memory (MB): peak = 2675.656 ; gain = 0.000

Summary of Physical Synthesis Optimizations
============================================


-----------------------------------------------------------------------------------------------------------------------------------------------------------
|  Optimization                                     |  Added Cells  |  Removed Cells  |  Optimized Cells/Nets  |  Dont Touch  |  Iterations  |  Elapsed   |
-----------------------------------------------------------------------------------------------------------------------------------------------------------
|  LUT Combining                                    |           35  |            121  |                   156  |           0  |           1  |  00:00:00  |
|  Retime                                           |            0  |              0  |                     0  |           0  |           1  |  00:00:00  |
|  Very High Fanout                                 |            5  |              0  |                     1  |           0  |           1  |  00:00:01  |
|  DSP Register                                     |          160  |              0  |                    10  |           0  |           1  |  00:00:01  |
|  Shift Register to Pipeline                       |            0  |              0  |                     0  |           0  |           1  |  00:00:00  |
|  Shift Register                                   |            1  |              0  |                     1  |           0  |           1  |  00:00:00  |
|  BRAM Register                                    |            0  |              0  |                     0  |           0  |           1  |  00:00:00  |
|  URAM Register                                    |            0  |              0  |                     0  |           0  |           1  |  00:00:00  |
|  Dynamic/Static Region Interface Net Replication  |            0  |              0  |                     0  |           0  |           1  |  00:00:00  |
|  Total                                            |          201  |            121  |                   168  |           0  |           9  |  00:00:02  |
-----------------------------------------------------------------------------------------------------------------------------------------------------------


Phase 2.4.2 Physical Synthesis In Placer | Checksum: 13596e37f

Time (s): cpu = 00:01:00 ; elapsed = 00:00:46 . Memory (MB): peak = 2675.656 ; gain = 381.898
Phase 2.4 Global Placement Core | Checksum: 26ca8d014

Time (s): cpu = 00:01:02 ; elapsed = 00:00:47 . Memory (MB): peak = 2675.656 ; gain = 381.898
Phase 2 Global Placement | Checksum: 26ca8d014

Time (s): cpu = 00:01:02 ; elapsed = 00:00:47 . Memory (MB): peak = 2675.656 ; gain = 381.898

Phase 3 Detail Placement

Phase 3.1 Commit Multi Column Macros
Phase 3.1 Commit Multi Column Macros | Checksum: 256edbdfe

Time (s): cpu = 00:01:05 ; elapsed = 00:00:49 . Memory (MB): peak = 2675.656 ; gain = 381.898

Phase 3.2 Commit Most Macros & LUTRAMs
Phase 3.2 Commit Most Macros & LUTRAMs | Checksum: edb58e5c

Time (s): cpu = 00:01:13 ; elapsed = 00:00:56 . Memory (MB): peak = 2675.656 ; gain = 381.898

Phase 3.3 Area Swap Optimization
Phase 3.3 Area Swap Optimization | Checksum: 16eaf9b86

Time (s): cpu = 00:01:13 ; elapsed = 00:00:57 . Memory (MB): peak = 2675.656 ; gain = 381.898

Phase 3.4 Pipeline Register Optimization
Phase 3.4 Pipeline Register Optimization | Checksum: 1626c9490

Time (s): cpu = 00:01:13 ; elapsed = 00:00:57 . Memory (MB): peak = 2675.656 ; gain = 381.898

Phase 3.5 Fast Optimization
Phase 3.5 Fast Optimization | Checksum: 10d25d7d8

Time (s): cpu = 00:01:22 ; elapsed = 00:01:03 . Memory (MB): peak = 2675.656 ; gain = 381.898

Phase 3.6 Small Shape Detail Placement
Phase 3.6 Small Shape Detail Placement | Checksum: 20638c83e

Time (s): cpu = 00:01:32 ; elapsed = 00:01:15 . Memory (MB): peak = 2675.656 ; gain = 381.898

Phase 3.7 Re-assign LUT pins
Phase 3.7 Re-assign LUT pins | Checksum: 1a614a055

Time (s): cpu = 00:01:33 ; elapsed = 00:01:16 . Memory (MB): peak = 2675.656 ; gain = 381.898

Phase 3.8 Pipeline Register Optimization
Phase 3.8 Pipeline Register Optimization | Checksum: 173dd8c30

Time (s): cpu = 00:01:34 ; elapsed = 00:01:17 . Memory (MB): peak = 2675.656 ; gain = 381.898
Phase 3 Detail Placement | Checksum: 173dd8c30

Time (s): cpu = 00:01:34 ; elapsed = 00:01:17 . Memory (MB): peak = 2675.656 ; gain = 381.898

Phase 4 Post Placement Optimization and Clean-Up

Phase 4.1 Post Commit Optimization
INFO: [Timing 38-35] Done setting XDC timing constraints.

Phase 4.1.1 Post Placement Optimization
Post Placement Optimization Initialization | Checksum: f621c7de

Phase 4.1.1.1 BUFG Insertion

Starting Physical Synthesis Task

Phase 1 Physical Synthesis Initialization
INFO: [Physopt 32-721] Multithreading enabled for phys_opt_design using a maximum of 2 CPUs
INFO: [Physopt 32-619] Estimated Timing Summary | WNS=-1.664 | TNS=-107.267 |
Phase 1 Physical Synthesis Initialization | Checksum: 1051c65f0

Time (s): cpu = 00:00:03 ; elapsed = 00:00:03 . Memory (MB): peak = 2708.102 ; gain = 12.090
INFO: [Place 46-56] BUFG insertion identified 0 candidate nets. Inserted BUFG: 0, Replicated BUFG Driver: 0, Skipped due to Placement/Routing Conflicts: 0, Skipped due to Timing Degradation: 0, Skipped due to netlist editing failed: 0.
Ending Physical Synthesis Task | Checksum: 1051c65f0

Time (s): cpu = 00:00:04 ; elapsed = 00:00:04 . Memory (MB): peak = 2714.066 ; gain = 18.055
Phase 4.1.1.1 BUFG Insertion | Checksum: f621c7de

Time (s): cpu = 00:01:52 ; elapsed = 00:01:33 . Memory (MB): peak = 2714.066 ; gain = 420.309

Phase 4.1.1.2 Post Placement Timing Optimization
INFO: [Place 30-746] Post Placement Timing Summary WNS=-0.559. For the most accurate timing information please run report_timing.
Phase 4.1.1.2 Post Placement Timing Optimization | Checksum: 1e10659cb

Time (s): cpu = 00:02:27 ; elapsed = 00:02:08 . Memory (MB): peak = 2725.914 ; gain = 432.156

Time (s): cpu = 00:02:27 ; elapsed = 00:02:08 . Memory (MB): peak = 2725.914 ; gain = 432.156
Phase 4.1 Post Commit Optimization | Checksum: 1e10659cb

Time (s): cpu = 00:02:28 ; elapsed = 00:02:09 . Memory (MB): peak = 2725.914 ; gain = 432.156

Phase 4.2 Post Placement Cleanup
Phase 4.2 Post Placement Cleanup | Checksum: 1e10659cb

Time (s): cpu = 00:02:28 ; elapsed = 00:02:09 . Memory (MB): peak = 2725.914 ; gain = 432.156

Phase 4.3 Placer Reporting

Phase 4.3.1 Print Estimated Congestion
INFO: [Place 30-612] Post-Placement Estimated Congestion 
 ____________________________________________________
|           | Global Congestion | Short Congestion  |
| Direction | Region Size       | Region Size       |
|___________|___________________|___________________|
|      North|                8x8|                4x4|
|___________|___________________|___________________|
|      South|                8x8|                4x4|
|___________|___________________|___________________|
|       East|                1x1|                2x2|
|___________|___________________|___________________|
|       West|                4x4|                1x1|
|___________|___________________|___________________|

Phase 4.3.1 Print Estimated Congestion | Checksum: 1e10659cb

Time (s): cpu = 00:02:28 ; elapsed = 00:02:09 . Memory (MB): peak = 2725.914 ; gain = 432.156
Phase 4.3 Placer Reporting | Checksum: 1e10659cb

Time (s): cpu = 00:02:29 ; elapsed = 00:02:10 . Memory (MB): peak = 2725.914 ; gain = 432.156

Phase 4.4 Final Placement Cleanup
Netlist sorting complete. Time (s): cpu = 00:00:00 ; elapsed = 00:00:00.048 . Memory (MB): peak = 2725.914 ; gain = 0.000

Time (s): cpu = 00:02:29 ; elapsed = 00:02:10 . Memory (MB): peak = 2725.914 ; gain = 432.156
Phase 4 Post Placement Optimization and Clean-Up | Checksum: 20805fc12

Time (s): cpu = 00:02:29 ; elapsed = 00:02:10 . Memory (MB): peak = 2725.914 ; gain = 432.156
Ending Placer Task | Checksum: 12d2fac6b

Time (s): cpu = 00:02:29 ; elapsed = 00:02:10 . Memory (MB): peak = 2725.914 ; gain = 432.156
INFO: [Common 17-83] Releasing license: Implementation
90 Infos, 1 Warnings, 0 Critical Warnings and 0 Errors encountered.
place_design completed successfully
place_design: Time (s): cpu = 00:02:32 ; elapsed = 00:02:12 . Memory (MB): peak = 2725.914 ; gain = 432.156
INFO: [runtcl-4] Executing : report_io -file fam_detector_system_top_io_placed.rpt
report_io: Time (s): cpu = 00:00:00 ; elapsed = 00:00:00.067 . Memory (MB): peak = 2725.914 ; gain = 0.000
INFO: [runtcl-4] Executing : report_utilization -file fam_detector_system_top_utilization_placed.rpt -pb fam_detector_system_top_utilization_placed.pb
INFO: [runtcl-4] Executing : report_control_sets -verbose -file fam_detector_system_top_control_sets_placed.rpt
report_control_sets: Time (s): cpu = 00:00:00 ; elapsed = 00:00:00.147 . Memory (MB): peak = 2725.914 ; gain = 0.000
INFO: [Timing 38-480] Writing timing data to binary archive.
Writing XDEF routing.
Writing XDEF routing logical nets.
Writing XDEF routing special nets.
Write XDEF Complete: Time (s): cpu = 00:00:15 ; elapsed = 00:00:06 . Memory (MB): peak = 2779.465 ; gain = 53.551
INFO: [Common 17-1381] The checkpoint 'C:/Users/gm/Vivado Projects/complete_det_modded_turbo/complete_det_modded_turbo.runs/impl_physopt_125/fam_detector_system_top_placed.dcp' has been generated.
write_checkpoint: Time (s): cpu = 00:00:22 ; elapsed = 00:00:15 . Memory (MB): peak = 2779.465 ; gain = 53.551
Command: phys_opt_design -directive Explore
Attempting to get a license for feature 'Implementation' and/or device 'xc7z020'
INFO: [Common 17-349] Got license for feature 'Implementation' and/or device 'xc7z020'
INFO: [Vivado_Tcl 4-137] Directive used for phys_opt_design is: Explore

Starting Initial Update Timing Task

Time (s): cpu = 00:00:09 ; elapsed = 00:00:07 . Memory (MB): peak = 2888.570 ; gain = 109.105
INFO: [Vivado_Tcl 4-1435] PhysOpt_Tcl_Interface Runtime Before Starting Physical Synthesis Task | CPU: 10.00s |  WALL: 7.75s
Netlist sorting complete. Time (s): cpu = 00:00:01 ; elapsed = 00:00:00.046 . Memory (MB): peak = 2889.043 ; gain = 0.344

Starting Physical Synthesis Task

Phase 1 Physical Synthesis Initialization
INFO: [Physopt 32-721] Multithreading enabled for phys_opt_design using a maximum of 2 CPUs
INFO: [Physopt 32-619] Estimated Timing Summary | WNS=-0.559 | TNS=-2.104 |
Phase 1 Physical Synthesis Initialization | Checksum: 1b0c13add

Time (s): cpu = 00:00:08 ; elapsed = 00:00:06 . Memory (MB): peak = 2893.297 ; gain = 4.254

Phase 2 SLR Crossing Optimization
Phase 2 SLR Crossing Optimization | Checksum: 1b0c13add

Time (s): cpu = 00:00:08 ; elapsed = 00:00:06 . Memory (MB): peak = 2893.297 ; gain = 4.254
INFO: [Physopt 32-619] Estimated Timing Summary | WNS=-0.559 | TNS=-2.104 |

Phase 3 Fanout Optimization
INFO: [Physopt 32-76] Pass 1. Identified 1 candidate net for fanout optimization.
INFO: [Physopt 32-572] Net u_fam_detector/u_first_stage/u_first_stage_fsmd/r_fft_buffer[2][0][31]_i_1_n_0 was not replicated.
Resolution: phys_opt_design can be forced to replicate a net driver using the option -force_replication_on_nets <list of net objects>.
INFO: [Physopt 32-232] Optimized 0 net. Created 0 new instance.
INFO: [Physopt 32-775] End 1 Pass. Optimized 0 net or cell. Created 0 new cell, deleted 0 existing cell and moved 0 existing cell
Netlist sorting complete. Time (s): cpu = 00:00:00 ; elapsed = 00:00:00.051 . Memory (MB): peak = 2893.297 ; gain = 0.000
Phase 3 Fanout Optimization | Checksum: 1b0c13add

Time (s): cpu = 00:00:09 ; elapsed = 00:00:07 . Memory (MB): peak = 2893.297 ; gain = 4.254

Phase 4 Single Cell Placement Optimization
INFO: [Physopt 32-660] Identified 40 candidate nets for placement-based optimization.
INFO: [Physopt 32-663] Processed net u_ps_comblock_setup/ps_comblock_setup_i/comblock_0/U0/comblock_i/fifo_out_g.fifo_out_i/g_async.i_sync_rd2wr/_inferred__1/i__carry__0.  Re-placed instance u_ps_comblock_setup/ps_comblock_setup_i/comblock_0/U0/comblock_i/fifo_out_g.fifo_out_i/g_async.i_sync_rd2wr/full_r_i_3
INFO: [Physopt 32-663] Processed net u_ps_comblock_setup/ps_comblock_setup_i/comblock_0/U0/AXIL_inst/regs_out[0][31]_i_2_n_0.  Re-placed instance u_ps_comblock_setup/ps_comblock_setup_i/comblock_0/U0/AXIL_inst/regs_out[0][31]_i_2
INFO: [Physopt 32-662] Processed net u_ps_comblock_setup/ps_comblock_setup_i/comblock_0/U0/AXIL_inst/p_4_in.  Did not re-place instance u_ps_comblock_setup/ps_comblock_setup_i/comblock_0/U0/AXIL_inst/ram_reg_i_1
INFO: [Physopt 32-662] Processed net u_ps_comblock_setup/ps_comblock_setup_i/comblock_0/U0/comblock_i/fifo_out_g.fifo_out_i/full.  Did not re-place instance u_ps_comblock_setup/ps_comblock_setup_i/comblock_0/U0/comblock_i/fifo_out_g.fifo_out_i/full_r_i_1
INFO: [Physopt 32-662] Processed net u_ps_comblock_setup/ps_comblock_setup_i/comblock_0/U0/comblock_i/fifo_out_g.fifo_out_i/g_async.i_sync_rd2wr/data_r_reg[1][7]_0[1].  Did not re-place instance u_ps_comblock_setup/ps_comblock_setup_i/comblock_0/U0/comblock_i/fifo_out_g.fifo_out_i/g_async.i_sync_rd2wr/i__carry__0_i_7__0
INFO: [Physopt 32-662] Processed net u_ps_comblock_setup/ps_comblock_setup_i/comblock_0/U0/comblock_i/fifo_out_g.fifo_out_i/i__carry_i_13_n_0.  Did not re-place instance u_ps_comblock_setup/ps_comblock_setup_i/comblock_0/U0/comblock_i/fifo_out_g.fifo_out_i/i__carry_i_13
INFO: [Physopt 32-662] Processed net u_ps_comblock_setup/ps_comblock_setup_i/comblock_0/U0/comblock_i/fifo_out_g.fifo_out_i/full_r.  Did not re-place instance u_ps_comblock_setup/ps_comblock_setup_i/comblock_0/U0/comblock_i/fifo_out_g.fifo_out_i/full_r_reg
INFO: [Physopt 32-662] Processed net u_ps_comblock_setup/ps_comblock_setup_i/comblock_0/U0/comblock_i/fifo_out_g.fifo_out_i/g_async.i_sync_rd2wr/data_r_reg[1][7]_0[0].  Did not re-place instance u_ps_comblock_setup/ps_comblock_setup_i/comblock_0/U0/comblock_i/fifo_out_g.fifo_out_i/g_async.i_sync_rd2wr/i__carry__0_i_8__0
INFO: [Physopt 32-662] Processed net u_ps_comblock_setup/ps_comblock_setup_i/comblock_0/U0/AXIL_inst/axi_rdata[0]_i_2_n_0.  Did not re-place instance u_ps_comblock_setup/ps_comblock_setup_i/comblock_0/U0/AXIL_inst/axi_rdata[0]_i_2
INFO: [Physopt 32-662] Processed net u_ps_comblock_setup/ps_comblock_setup_i/comblock_0/U0/AXIL_inst/axil_rdata[0].  Did not re-place instance u_ps_comblock_setup/ps_comblock_setup_i/comblock_0/U0/AXIL_inst/axi_rdata_reg[0]
INFO: [Physopt 32-663] Processed net u_ps_comblock_setup/ps_comblock_setup_i/comblock_0/U0/comblock_i/fifo_out_g.fifo_out_i/_inferred__1/i__carry_0.  Re-placed instance u_ps_comblock_setup/ps_comblock_setup_i/comblock_0/U0/comblock_i/fifo_out_g.fifo_out_i/full_r_i_2
INFO: [Physopt 32-662] Processed net u_ps_comblock_setup/ps_comblock_setup_i/comblock_0/U0/comblock_i/fifo_out_g.fifo_out_i/g_async.i_sync_rd2wr/S[3].  Did not re-place instance u_ps_comblock_setup/ps_comblock_setup_i/comblock_0/U0/comblock_i/fifo_out_g.fifo_out_i/g_async.i_sync_rd2wr/i__carry_i_5__1
INFO: [Physopt 32-662] Processed net u_ps_comblock_setup/ps_comblock_setup_i/comblock_0/U0/comblock_i/fifo_out_g.fifo_out_i/g_async.i_sync_rd2wr/data_r_reg[1][7]_0[3].  Did not re-place instance u_ps_comblock_setup/ps_comblock_setup_i/comblock_0/U0/comblock_i/fifo_out_g.fifo_out_i/g_async.i_sync_rd2wr/i__carry__0_i_5
INFO: [Physopt 32-662] Processed net u_fam_detector/r_cfg_fs_window_sel[1].  Did not re-place instance u_fam_detector/r_cfg_fs_window_sel_reg[1]
INFO: [Physopt 32-662] Processed net u_fam_detector/u_first_stage/u_input_window_re/r_cfg_fs_window_sel_reg[1][1].  Did not re-place instance u_fam_detector/u_first_stage/u_input_window_re/r_prod_mult_reg[30]_i_2
INFO: [Physopt 32-662] Processed net u_ps_comblock_setup/ps_comblock_setup_i/comblock_0/U0/AXIL_inst/axi_rdata[1]_i_2_n_0.  Did not re-place instance u_ps_comblock_setup/ps_comblock_setup_i/comblock_0/U0/AXIL_inst/axi_rdata[1]_i_2
INFO: [Physopt 32-662] Processed net u_ps_comblock_setup/ps_comblock_setup_i/comblock_0/U0/comblock_i/fifo_out_g.fifo_out_i/_inferred__1/i__carry__1_0.  Did not re-place instance u_ps_comblock_setup/ps_comblock_setup_i/comblock_0/U0/comblock_i/fifo_out_g.fifo_out_i/axi_rdata[1]_i_4
INFO: [Physopt 32-662] Processed net u_ps_comblock_setup/ps_comblock_setup_i/comblock_0/U0/AXIL_inst/axil_rdata[1].  Did not re-place instance u_ps_comblock_setup/ps_comblock_setup_i/comblock_0/U0/AXIL_inst/axi_rdata_reg[1]
INFO: [Physopt 32-662] Processed net u_fam_detector/u_first_stage/u_input_window_re/r_cfg_fs_window_sel_reg[1][0].  Did not re-place instance u_fam_detector/u_first_stage/u_input_window_re/r_prod_mult_reg[30]_i_3
INFO: [Physopt 32-662] Processed net u_ps_comblock_setup/ps_comblock_setup_i/comblock_0/U0/comblock_i/fifo_out_g.fifo_out_i/g_async.i_sync_rd2wr/data_r_reg[1][10]_0[0].  Did not re-place instance u_ps_comblock_setup/ps_comblock_setup_i/comblock_0/U0/comblock_i/fifo_out_g.fifo_out_i/g_async.i_sync_rd2wr/i__carry__1_i_5__0
INFO: [Physopt 32-662] Processed net u_fam_detector/r_cfg_fs_window_sel[0].  Did not re-place instance u_fam_detector/r_cfg_fs_window_sel_reg[0]
INFO: [Physopt 32-662] Processed net u_ps_comblock_setup/ps_comblock_setup_i/comblock_0/U0/comblock_i/fifo_out_g.fifo_out_i/g_async.i_sync_rd2wr/S[0].  Did not re-place instance u_ps_comblock_setup/ps_comblock_setup_i/comblock_0/U0/comblock_i/fifo_out_g.fifo_out_i/g_async.i_sync_rd2wr/i__carry_i_8__1
INFO: [Physopt 32-662] Processed net u_ps_comblock_setup/ps_comblock_setup_i/comblock_0/U0/comblock_i/fifo_out_g.fifo_out_i/g_async.i_sync_rd2wr/data_r_reg[1][10]_0[1].  Did not re-place instance u_ps_comblock_setup/ps_comblock_setup_i/comblock_0/U0/comblock_i/fifo_out_g.fifo_out_i/g_async.i_sync_rd2wr/i__carry__1_i_4__0
INFO: [Physopt 32-662] Processed net u_ps_comblock_setup/ps_comblock_setup_i/comblock_0/U0/comblock_i/fifo_out_g.fifo_out_i/g_async.i_sync_rd2wr/data_r_reg[1][7]_0[2].  Did not re-place instance u_ps_comblock_setup/ps_comblock_setup_i/comblock_0/U0/comblock_i/fifo_out_g.fifo_out_i/g_async.i_sync_rd2wr/i__carry__0_i_6__0
INFO: [Physopt 32-662] Processed net u_ps_comblock_setup/ps_comblock_setup_i/comblock_0/U0/comblock_i/fifo_out_g.fifo_out_i/g_async.i_sync_rd2wr/S[1].  Did not re-place instance u_ps_comblock_setup/ps_comblock_setup_i/comblock_0/U0/comblock_i/fifo_out_g.fifo_out_i/g_async.i_sync_rd2wr/i__carry_i_7__1
INFO: [Physopt 32-662] Processed net u_fam_detector/u_first_stage/i__carry_i_6__3_n_0.  Did not re-place instance u_fam_detector/u_first_stage/i__carry_i_6__3
INFO: [Physopt 32-662] Processed net u_fam_detector/u_first_stage/resize_saturate21_carry_i_10_n_0.  Did not re-place instance u_fam_detector/u_first_stage/resize_saturate21_carry_i_10
INFO: [Physopt 32-662] Processed net u_fam_detector/u_first_stage/GEN_FFT1[3].u_fft1/U0/i_synth/axi_wrapper/data_out_channel/gen_real_time.data_out_reg[32]_0[1].  Did not re-place instance u_fam_detector/u_first_stage/GEN_FFT1[3].u_fft1/U0/i_synth/axi_wrapper/data_out_channel/gen_real_time.data_out_reg[1]
INFO: [Physopt 32-662] Processed net u_fam_detector/u_first_stage/r_i_mod4_reg[1]_13[1].  Did not re-place instance u_fam_detector/u_first_stage/i__carry_i_3__6
INFO: [Physopt 32-662] Processed net u_fam_detector/u_first_stage/r_tdata[5]_i_4_n_0.  Did not re-place instance u_fam_detector/u_first_stage/r_tdata[5]_i_4
INFO: [Physopt 32-663] Processed net u_fam_detector/u_first_stage/top_mux_reset_reg_62[3].  Re-placed instance u_fam_detector/u_first_stage/r_tdata[31]_i_2__1
INFO: [Physopt 32-662] Processed net u_fam_detector/u_second_stage/u_phase_corrector/GEN_PHASE_CORRECTOR[3].u_phase_corrector/w_phase_tdata[3]_305[31].  Did not re-place instance u_fam_detector/u_second_stage/u_phase_corrector/GEN_PHASE_CORRECTOR[3].u_phase_corrector/r_tdata_reg[31]
INFO: [Physopt 32-662] Processed net u_ps_comblock_setup/ps_comblock_setup_i/comblock_0/U0/comblock_i/fifo_out_g.fifo_out_i/g_async.i_sync_rd2wr/S[2].  Did not re-place instance u_ps_comblock_setup/ps_comblock_setup_i/comblock_0/U0/comblock_i/fifo_out_g.fifo_out_i/g_async.i_sync_rd2wr/i__carry_i_6__0
INFO: [Physopt 32-662] Processed net u_fam_detector/u_first_stage/resize_saturate21_carry_i_6_n_0.  Did not re-place instance u_fam_detector/u_first_stage/resize_saturate21_carry_i_6
INFO: [Physopt 32-662] Processed net u_fam_detector/u_first_stage/resize_saturate21_carry_i_9_n_0.  Did not re-place instance u_fam_detector/u_first_stage/resize_saturate21_carry_i_9
INFO: [Physopt 32-662] Processed net u_fam_detector/u_first_stage/GEN_FFT1[3].u_fft1/U0/i_synth/axi_wrapper/data_out_channel/gen_real_time.data_out_reg[32]_0[17].  Did not re-place instance u_fam_detector/u_first_stage/GEN_FFT1[3].u_fft1/U0/i_synth/axi_wrapper/data_out_channel/gen_real_time.data_out_reg[17]
INFO: [Physopt 32-662] Processed net u_fam_detector/u_first_stage/r_i_mod4_reg[1]_14[1].  Did not re-place instance u_fam_detector/u_first_stage/i__carry_i_3__7
INFO: [Physopt 32-662] Processed net u_fam_detector/u_first_stage/r_tdata[22]_i_4_n_0.  Did not re-place instance u_fam_detector/u_first_stage/r_tdata[22]_i_4
INFO: [Physopt 32-663] Processed net u_fam_detector/u_first_stage/top_mux_reset_reg_62[1].  Re-placed instance u_fam_detector/u_first_stage/r_tdata[15]_i_1__1
INFO: [Physopt 32-662] Processed net u_fam_detector/u_second_stage/u_phase_corrector/GEN_PHASE_CORRECTOR[3].u_phase_corrector/w_phase_tdata[3]_305[15].  Did not re-place instance u_fam_detector/u_second_stage/u_phase_corrector/GEN_PHASE_CORRECTOR[3].u_phase_corrector/r_tdata_reg[15]
INFO: [Physopt 32-661] Optimized 5 nets.  Re-placed 5 instances.
INFO: [Physopt 32-775] End 1 Pass. Optimized 5 nets or cells. Created 0 new cell, deleted 0 existing cell and moved 5 existing cells
INFO: [Physopt 32-619] Estimated Timing Summary | WNS=-0.376 | TNS=-1.611 |
Netlist sorting complete. Time (s): cpu = 00:00:00 ; elapsed = 00:00:00.056 . Memory (MB): peak = 2893.297 ; gain = 0.000
Phase 4 Single Cell Placement Optimization | Checksum: ec8c98f0

Time (s): cpu = 00:00:10 ; elapsed = 00:00:08 . Memory (MB): peak = 2893.297 ; gain = 4.254

Phase 5 Multi Cell Placement Optimization
INFO: [Physopt 32-660] Identified 100 candidate nets for placement-based optimization.
INFO: [Physopt 32-662] Processed net u_ps_comblock_setup/ps_comblock_setup_i/comblock_0/U0/comblock_i/fifo_out_g.fifo_out_i/g_async.i_sync_rd2wr/_inferred__1/i__carry__0.  Did not re-place instance u_ps_comblock_setup/ps_comblock_setup_i/comblock_0/U0/comblock_i/fifo_out_g.fifo_out_i/g_async.i_sync_rd2wr/full_r_i_3/O
INFO: [Physopt 32-662] Processed net u_ps_comblock_setup/ps_comblock_setup_i/comblock_0/U0/AXIL_inst/regs_out[0][31]_i_2_n_0.  Did not re-place instance u_ps_comblock_setup/ps_comblock_setup_i/comblock_0/U0/AXIL_inst/regs_out[0][31]_i_2/O
INFO: [Physopt 32-662] Processed net u_ps_comblock_setup/ps_comblock_setup_i/comblock_0/U0/AXIL_inst/p_4_in.  Did not re-place instance u_ps_comblock_setup/ps_comblock_setup_i/comblock_0/U0/AXIL_inst/ram_reg_i_1/O
INFO: [Physopt 32-662] Processed net u_ps_comblock_setup/ps_comblock_setup_i/comblock_0/U0/comblock_i/fifo_out_g.fifo_out_i/full.  Did not re-place instance u_ps_comblock_setup/ps_comblock_setup_i/comblock_0/U0/comblock_i/fifo_out_g.fifo_out_i/full_r_i_1/O
INFO: [Physopt 32-663] Processed net u_fam_detector/r_cfg_fs_window_sel[1].  Re-placed instance u_fam_detector/r_cfg_fs_window_sel_reg[1]/Q
INFO: [Physopt 32-662] Processed net u_ps_comblock_setup/ps_comblock_setup_i/comblock_0/U0/comblock_i/fifo_out_g.fifo_out_i/_inferred__1/i__carry_0.  Did not re-place instance u_ps_comblock_setup/ps_comblock_setup_i/comblock_0/U0/comblock_i/fifo_out_g.fifo_out_i/full_r_i_2/O
INFO: [Physopt 32-663] Processed net u_fam_detector/r_cfg_fs_window_sel[0].  Re-placed instance u_fam_detector/r_cfg_fs_window_sel_reg[0]/Q
INFO: [Physopt 32-662] Processed net u_ps_comblock_setup/ps_comblock_setup_i/ps7_0_axi_periph/s00_couplers/auto_pc/inst/gen_axilite.gen_b2s_conv.axilite_b2s/WR.aw_channel_0/aw_cmd_fsm_0/Q[1].  Did not re-place instance u_ps_comblock_setup/ps_comblock_setup_i/ps7_0_axi_periph/s00_couplers/auto_pc/inst/gen_axilite.gen_b2s_conv.axilite_b2s/WR.aw_channel_0/aw_cmd_fsm_0/FSM_sequential_state_reg[1]/Q
INFO: [Physopt 32-662] Processed net u_ps_comblock_setup/ps_comblock_setup_i/ps7_0_axi_periph/s00_couplers/auto_pc/inst/gen_axilite.gen_b2s_conv.axilite_b2s/WR.aw_channel_0/aw_cmd_fsm_0/m_axi_awvalid.  Did not re-place instance u_ps_comblock_setup/ps_comblock_setup_i/ps7_0_axi_periph/s00_couplers/auto_pc/inst/gen_axilite.gen_b2s_conv.axilite_b2s/WR.aw_channel_0/aw_cmd_fsm_0/m_axi_awvalid_INST_0/O
INFO: [Physopt 32-661] Optimized 2 nets.  Re-placed 5 instances.
INFO: [Physopt 32-775] End 1 Pass. Optimized 2 nets or cells. Created 0 new cell, deleted 0 existing cell and moved 5 existing cells
INFO: [Physopt 32-619] Estimated Timing Summary | WNS=-0.376 | TNS=-1.997 |
Netlist sorting complete. Time (s): cpu = 00:00:00 ; elapsed = 00:00:00.052 . Memory (MB): peak = 2893.297 ; gain = 0.000
Phase 5 Multi Cell Placement Optimization | Checksum: 18bf4cc35

Time (s): cpu = 00:00:11 ; elapsed = 00:00:09 . Memory (MB): peak = 2893.297 ; gain = 4.254

Phase 6 Rewire
INFO: [Physopt 32-246] Starting Signal Push optimization...
INFO: [Physopt 32-77] Pass 1. Identified 1 candidate net for rewire optimization.
INFO: [Physopt 32-134] Processed net u_ps_comblock_setup/ps_comblock_setup_i/comblock_0/U0/AXIL_inst/p_4_in. Rewiring did not optimize the net.
INFO: [Physopt 32-232] Optimized 0 net. Created 0 new instance.
INFO: [Physopt 32-775] End 1 Pass. Optimized 0 net or cell. Created 0 new cell, deleted 0 existing cell and moved 0 existing cell
Netlist sorting complete. Time (s): cpu = 00:00:01 ; elapsed = 00:00:00.043 . Memory (MB): peak = 2893.297 ; gain = 0.000
Netlist sorting complete. Time (s): cpu = 00:00:00 ; elapsed = 00:00:00.043 . Memory (MB): peak = 2893.297 ; gain = 0.000
Phase 6 Rewire | Checksum: 18bf4cc35

Time (s): cpu = 00:00:12 ; elapsed = 00:00:09 . Memory (MB): peak = 2893.297 ; gain = 4.254

Phase 7 Critical Cell Optimization
INFO: [Physopt 32-46] Identified 13 candidate nets for critical-cell optimization.
INFO: [Physopt 32-81] Processed net u_ps_comblock_setup/ps_comblock_setup_i/comblock_0/U0/comblock_i/fifo_out_g.fifo_out_i/g_async.i_sync_rd2wr/_inferred__1/i__carry__0. Replicated 1 times.
INFO: [Physopt 32-572] Net u_ps_comblock_setup/ps_comblock_setup_i/comblock_0/U0/AXIL_inst/p_4_in was not replicated.
Resolution: phys_opt_design can be forced to replicate a net driver using the option -force_replication_on_nets <list of net objects>.
INFO: [Physopt 32-572] Net u_ps_comblock_setup/ps_comblock_setup_i/comblock_0/U0/comblock_i/fifo_out_g.fifo_out_i/_inferred__1/i__carry_0 was not replicated.
Resolution: phys_opt_design can be forced to replicate a net driver using the option -force_replication_on_nets <list of net objects>.
INFO: [Physopt 32-81] Processed net u_fam_detector/r_cfg_fs_window_sel[1]. Replicated 2 times.
INFO: [Physopt 32-81] Processed net u_fam_detector/u_first_stage/u_input_window_re/r_cfg_fs_window_sel_reg[1][1]. Replicated 1 times.
INFO: [Physopt 32-81] Processed net u_fam_detector/u_first_stage/u_input_window_re/r_cfg_fs_window_sel_reg[1][0]. Replicated 1 times.
INFO: [Physopt 32-571] Net u_fam_detector/u_first_stage/u_input_window_re/r_prod_mult_reg[31]_i_1__0_n_0 was not replicated.
INFO: [Physopt 32-81] Processed net u_fam_detector/r_cfg_fs_window_sel[0]. Replicated 1 times.
INFO: [Physopt 32-81] Processed net u_ps_comblock_setup/ps_comblock_setup_i/ps7_0_axi_periph/s00_couplers/auto_pc/inst/gen_axilite.gen_b2s_conv.axilite_b2s/WR.aw_channel_0/aw_cmd_fsm_0/Q[1]. Replicated 1 times.
INFO: [Physopt 32-571] Net u_ps_comblock_setup/ps_comblock_setup_i/ps7_0_axi_periph/s00_couplers/auto_pc/inst/gen_axilite.gen_b2s_conv.axilite_b2s/WR.aw_channel_0/aw_cmd_fsm_0/m_axi_awvalid was not replicated.
INFO: [Physopt 32-571] Net u_fam_detector/u_first_stage/u_input_window_im/r_prod_mult_reg[31]_i_2_n_0 was not replicated.
INFO: [Physopt 32-571] Net u_fam_detector/u_first_stage/u_input_window_im/r_prod_mult_reg[31]_i_1_n_0 was not replicated.
INFO: [Physopt 32-232] Optimized 6 nets. Created 7 new instances.
INFO: [Physopt 32-775] End 1 Pass. Optimized 6 nets or cells. Created 7 new cells, deleted 0 existing cell and moved 0 existing cell
INFO: [Physopt 32-619] Estimated Timing Summary | WNS=-0.371 | TNS=-1.156 |
Netlist sorting complete. Time (s): cpu = 00:00:00 ; elapsed = 00:00:00.088 . Memory (MB): peak = 2893.297 ; gain = 0.000
Phase 7 Critical Cell Optimization | Checksum: 17c7f9444

Time (s): cpu = 00:00:14 ; elapsed = 00:00:11 . Memory (MB): peak = 2893.297 ; gain = 4.254

Phase 8 Fanout Optimization
INFO: [Physopt 32-76] Pass 1. Identified 1 candidate net for fanout optimization.
INFO: [Physopt 32-81] Processed net u_fam_detector/u_first_stage/u_input_window_im/B[0]. Replicated 1 times.
INFO: [Physopt 32-232] Optimized 1 net. Created 1 new instance.
INFO: [Physopt 32-775] End 1 Pass. Optimized 1 net or cell. Created 1 new cell, deleted 0 existing cell and moved 0 existing cell
INFO: [Physopt 32-619] Estimated Timing Summary | WNS=-0.371 | TNS=-1.103 |
Netlist sorting complete. Time (s): cpu = 00:00:00 ; elapsed = 00:00:00.057 . Memory (MB): peak = 2893.297 ; gain = 0.000
Phase 8 Fanout Optimization | Checksum: 9875ba5f

Time (s): cpu = 00:00:15 ; elapsed = 00:00:12 . Memory (MB): peak = 2893.297 ; gain = 4.254

Phase 9 Single Cell Placement Optimization
INFO: [Physopt 32-660] Identified 250 candidate nets for placement-based optimization.
INFO: [Physopt 32-662] Processed net u_ps_comblock_setup/ps_comblock_setup_i/comblock_0/U0/AXIL_inst/regs_out[0][31]_i_2_n_0.  Did not re-place instance u_ps_comblock_setup/ps_comblock_setup_i/comblock_0/U0/AXIL_inst/regs_out[0][31]_i_2
INFO: [Physopt 32-662] Processed net u_ps_comblock_setup/ps_comblock_setup_i/comblock_0/U0/AXIL_inst/p_4_in.  Did not re-place instance u_ps_comblock_setup/ps_comblock_setup_i/comblock_0/U0/AXIL_inst/ram_reg_i_1
INFO: [Physopt 32-662] Processed net u_ps_comblock_setup/ps_comblock_setup_i/comblock_0/U0/comblock_i/fifo_out_g.fifo_out_i/full.  Did not re-place instance u_ps_comblock_setup/ps_comblock_setup_i/comblock_0/U0/comblock_i/fifo_out_g.fifo_out_i/full_r_i_1
INFO: [Physopt 32-662] Processed net u_ps_comblock_setup/ps_comblock_setup_i/comblock_0/U0/comblock_i/fifo_out_g.fifo_out_i/g_async.i_sync_rd2wr/_inferred__1/i__carry__0.  Did not re-place instance u_ps_comblock_setup/ps_comblock_setup_i/comblock_0/U0/comblock_i/fifo_out_g.fifo_out_i/g_async.i_sync_rd2wr/full_r_i_3
INFO: [Physopt 32-662] Processed net u_ps_comblock_setup/ps_comblock_setup_i/comblock_0/U0/comblock_i/fifo_out_g.fifo_out_i/g_async.i_sync_rd2wr/data_r_reg[1][7]_0[1].  Did not re-place instance u_ps_comblock_setup/ps_comblock_setup_i/comblock_0/U0/comblock_i/fifo_out_g.fifo_out_i/g_async.i_sync_rd2wr/i__carry__0_i_7__0
INFO: [Physopt 32-662] Processed net u_ps_comblock_setup/ps_comblock_setup_i/comblock_0/U0/comblock_i/fifo_out_g.fifo_out_i/i__carry_i_13_n_0.  Did not re-place instance u_ps_comblock_setup/ps_comblock_setup_i/comblock_0/U0/comblock_i/fifo_out_g.fifo_out_i/i__carry_i_13
INFO: [Physopt 32-662] Processed net u_ps_comblock_setup/ps_comblock_setup_i/comblock_0/U0/comblock_i/fifo_out_g.fifo_out_i/full_r.  Did not re-place instance u_ps_comblock_setup/ps_comblock_setup_i/comblock_0/U0/comblock_i/fifo_out_g.fifo_out_i/full_r_reg
INFO: [Physopt 32-662] Processed net u_ps_comblock_setup/ps_comblock_setup_i/comblock_0/U0/comblock_i/fifo_out_g.fifo_out_i/g_async.i_sync_rd2wr/data_r_reg[1][7]_0[0].  Did not re-place instance u_ps_comblock_setup/ps_comblock_setup_i/comblock_0/U0/comblock_i/fifo_out_g.fifo_out_i/g_async.i_sync_rd2wr/i__carry__0_i_8__0
INFO: [Physopt 32-662] Processed net u_ps_comblock_setup/ps_comblock_setup_i/comblock_0/U0/comblock_i/fifo_out_g.fifo_out_i/g_async.i_sync_rd2wr/data_r_reg[1][10]_0[1].  Did not re-place instance u_ps_comblock_setup/ps_comblock_setup_i/comblock_0/U0/comblock_i/fifo_out_g.fifo_out_i/g_async.i_sync_rd2wr/i__carry__1_i_4__0
INFO: [Physopt 32-662] Processed net u_ps_comblock_setup/ps_comblock_setup_i/comblock_0/U0/comblock_i/fifo_out_g.fifo_out_i/_inferred__1/i__carry_0.  Did not re-place instance u_ps_comblock_setup/ps_comblock_setup_i/comblock_0/U0/comblock_i/fifo_out_g.fifo_out_i/full_r_i_2
INFO: [Physopt 32-662] Processed net u_ps_comblock_setup/ps_comblock_setup_i/comblock_0/U0/AXIL_inst/axi_rdata[0]_i_2_n_0.  Did not re-place instance u_ps_comblock_setup/ps_comblock_setup_i/comblock_0/U0/AXIL_inst/axi_rdata[0]_i_2
INFO: [Physopt 32-662] Processed net u_ps_comblock_setup/ps_comblock_setup_i/comblock_0/U0/comblock_i/fifo_out_g.fifo_out_i/g_async.i_sync_rd2wr/_inferred__1/i__carry__0_repN.  Did not re-place instance u_ps_comblock_setup/ps_comblock_setup_i/comblock_0/U0/comblock_i/fifo_out_g.fifo_out_i/g_async.i_sync_rd2wr/full_r_i_3_replica
INFO: [Physopt 32-662] Processed net u_ps_comblock_setup/ps_comblock_setup_i/comblock_0/U0/AXIL_inst/axil_rdata[0].  Did not re-place instance u_ps_comblock_setup/ps_comblock_setup_i/comblock_0/U0/AXIL_inst/axi_rdata_reg[0]
INFO: [Physopt 32-662] Processed net u_ps_comblock_setup/ps_comblock_setup_i/comblock_0/U0/comblock_i/fifo_out_g.fifo_out_i/g_async.i_sync_rd2wr/S[3].  Did not re-place instance u_ps_comblock_setup/ps_comblock_setup_i/comblock_0/U0/comblock_i/fifo_out_g.fifo_out_i/g_async.i_sync_rd2wr/i__carry_i_5__1
INFO: [Physopt 32-662] Processed net u_ps_comblock_setup/ps_comblock_setup_i/comblock_0/U0/comblock_i/fifo_out_g.fifo_out_i/g_async.i_sync_rd2wr/data_r_reg[1][10]_0[0].  Did not re-place instance u_ps_comblock_setup/ps_comblock_setup_i/comblock_0/U0/comblock_i/fifo_out_g.fifo_out_i/g_async.i_sync_rd2wr/i__carry__1_i_5__0
INFO: [Physopt 32-662] Processed net u_fam_detector/u_first_stage/u_input_window_re/r_cfg_fs_window_sel_reg[1][1]_repN.  Did not re-place instance u_fam_detector/u_first_stage/u_input_window_re/r_prod_mult_reg[30]_i_2_replica
INFO: [Physopt 32-663] Processed net u_fam_detector/r_cfg_fs_window_sel[1]_repN.  Re-placed instance u_fam_detector/r_cfg_fs_window_sel_reg[1]_replica
INFO: [Physopt 32-662] Processed net u_ps_comblock_setup/ps_comblock_setup_i/comblock_0/U0/comblock_i/fifo_out_g.fifo_out_i/g_async.i_sync_rd2wr/data_r_reg[1][7]_0[3].  Did not re-place instance u_ps_comblock_setup/ps_comblock_setup_i/comblock_0/U0/comblock_i/fifo_out_g.fifo_out_i/g_async.i_sync_rd2wr/i__carry__0_i_5
INFO: [Physopt 32-663] Processed net u_fam_detector/u_first_stage/u_input_window_re/r_cfg_fs_window_sel_reg[1][0]_repN.  Re-placed instance u_fam_detector/u_first_stage/u_input_window_re/r_prod_mult_reg[30]_i_3_replica
INFO: [Physopt 32-662] Processed net u_ps_comblock_setup/ps_comblock_setup_i/comblock_0/U0/AXIL_inst/axi_rdata[1]_i_2_n_0.  Did not re-place instance u_ps_comblock_setup/ps_comblock_setup_i/comblock_0/U0/AXIL_inst/axi_rdata[1]_i_2
INFO: [Physopt 32-662] Processed net u_ps_comblock_setup/ps_comblock_setup_i/comblock_0/U0/comblock_i/fifo_out_g.fifo_out_i/_inferred__1/i__carry__1_0.  Did not re-place instance u_ps_comblock_setup/ps_comblock_setup_i/comblock_0/U0/comblock_i/fifo_out_g.fifo_out_i/axi_rdata[1]_i_4
INFO: [Physopt 32-662] Processed net u_ps_comblock_setup/ps_comblock_setup_i/comblock_0/U0/AXIL_inst/axil_rdata[1].  Did not re-place instance u_ps_comblock_setup/ps_comblock_setup_i/comblock_0/U0/AXIL_inst/axi_rdata_reg[1]
INFO: [Physopt 32-663] Processed net u_fam_detector/r_cfg_fs_window_sel[0].  Re-placed instance u_fam_detector/r_cfg_fs_window_sel_reg[0]
INFO: [Physopt 32-663] Processed net u_fam_detector/u_first_stage/u_input_window_im/r_prod_mult_reg[31]_i_2_n_0.  Re-placed instance u_fam_detector/u_first_stage/u_input_window_im/r_prod_mult_reg[31]_i_2
INFO: [Physopt 32-663] Processed net u_fam_detector/r_cfg_fs_window_sel[1].  Re-placed instance u_fam_detector/r_cfg_fs_window_sel_reg[1]
INFO: [Physopt 32-663] Processed net u_fam_detector/u_first_stage/u_input_window_im/r_prod_mult_reg[31]_i_1_n_0.  Re-placed instance u_fam_detector/u_first_stage/u_input_window_im/r_prod_mult_reg[31]_i_1
INFO: [Physopt 32-663] Processed net u_ps_comblock_setup/ps_comblock_setup_i/ps7_0_axi_periph/s00_couplers/auto_pc/inst/gen_axilite.gen_b2s_conv.axilite_b2s/WR.aw_channel_0/aw_cmd_fsm_0/m_axi_awvalid.  Re-placed instance u_ps_comblock_setup/ps_comblock_setup_i/ps7_0_axi_periph/s00_couplers/auto_pc/inst/gen_axilite.gen_b2s_conv.axilite_b2s/WR.aw_channel_0/aw_cmd_fsm_0/m_axi_awvalid_INST_0
INFO: [Physopt 32-662] Processed net u_ps_comblock_setup/ps_comblock_setup_i/ps7_0_axi_periph/s00_couplers/auto_pc/inst/gen_axilite.gen_b2s_conv.axilite_b2s/WR.aw_channel_0/aw_cmd_fsm_0/Q[1]_repN.  Did not re-place instance u_ps_comblock_setup/ps_comblock_setup_i/ps7_0_axi_periph/s00_couplers/auto_pc/inst/gen_axilite.gen_b2s_conv.axilite_b2s/WR.aw_channel_0/aw_cmd_fsm_0/FSM_sequential_state_reg[1]_replica
INFO: [Physopt 32-662] Processed net u_fam_detector/u_first_stage/u_input_window_re/r_prod_mult_reg[31]_i_1__0_n_0.  Did not re-place instance u_fam_detector/u_first_stage/u_input_window_re/r_prod_mult_reg[31]_i_1__0
INFO: [Physopt 32-662] Processed net u_fam_detector/u_second_stage/u_controller/top_mux_reset_reg_5.  Did not re-place instance u_fam_detector/u_second_stage/u_controller/r_tdata[30]_i_1__2
INFO: [Physopt 32-662] Processed net u_fam_detector/u_first_stage/i__carry_i_6__3_n_0.  Did not re-place instance u_fam_detector/u_first_stage/i__carry_i_6__3
INFO: [Physopt 32-662] Processed net u_fam_detector/u_first_stage/GEN_FFT1[3].u_fft1/U0/i_synth/axi_wrapper/data_out_channel/gen_real_time.data_out_reg[32]_0[1].  Did not re-place instance u_fam_detector/u_first_stage/GEN_FFT1[3].u_fft1/U0/i_synth/axi_wrapper/data_out_channel/gen_real_time.data_out_reg[1]
INFO: [Physopt 32-662] Processed net u_fam_detector/u_first_stage/resize_saturate21_carry_i_10_n_0.  Did not re-place instance u_fam_detector/u_first_stage/resize_saturate21_carry_i_10
INFO: [Physopt 32-662] Processed net u_fam_detector/u_first_stage/r_i_mod4_reg[1]_13[1].  Did not re-place instance u_fam_detector/u_first_stage/i__carry_i_3__6
INFO: [Physopt 32-662] Processed net u_fam_detector/u_first_stage/r_tdata[5]_i_4_n_0.  Did not re-place instance u_fam_detector/u_first_stage/r_tdata[5]_i_4
INFO: [Physopt 32-663] Processed net u_fam_detector/u_second_stage/u_phase_corrector/GEN_PHASE_CORRECTOR[3].u_phase_corrector/w_phase_tdata[3]_305[19].  Re-placed instance u_fam_detector/u_second_stage/u_phase_corrector/GEN_PHASE_CORRECTOR[3].u_phase_corrector/r_tdata_reg[19]
INFO: [Physopt 32-663] Processed net u_fam_detector/u_second_stage/u_phase_corrector/GEN_PHASE_CORRECTOR[3].u_phase_corrector/w_phase_tdata[3]_305[20].  Re-placed instance u_fam_detector/u_second_stage/u_phase_corrector/GEN_PHASE_CORRECTOR[3].u_phase_corrector/r_tdata_reg[20]
INFO: [Physopt 32-663] Processed net u_fam_detector/u_second_stage/u_phase_corrector/GEN_PHASE_CORRECTOR[3].u_phase_corrector/w_phase_tdata[3]_305[22].  Re-placed instance u_fam_detector/u_second_stage/u_phase_corrector/GEN_PHASE_CORRECTOR[3].u_phase_corrector/r_tdata_reg[22]
INFO: [Physopt 32-663] Processed net u_fam_detector/u_second_stage/u_phase_corrector/GEN_PHASE_CORRECTOR[3].u_phase_corrector/w_phase_tdata[3]_305[29].  Re-placed instance u_fam_detector/u_second_stage/u_phase_corrector/GEN_PHASE_CORRECTOR[3].u_phase_corrector/r_tdata_reg[29]
INFO: [Physopt 32-662] Processed net u_fam_detector/u_first_stage/r_tdata[28]_i_3_n_0.  Did not re-place instance u_fam_detector/u_first_stage/r_tdata[28]_i_3
INFO: [Physopt 32-663] Processed net u_fam_detector/u_first_stage/GEN_FFT1[1].u_fft1/U0/i_synth/axi_wrapper/data_out_channel/gen_real_time.data_out_reg[32]_0[19].  Re-placed instance u_fam_detector/u_first_stage/GEN_FFT1[1].u_fft1/U0/i_synth/axi_wrapper/data_out_channel/gen_real_time.data_out_reg[19]
INFO: [Physopt 32-662] Processed net u_fam_detector/u_first_stage/i__carry_i_5_n_0.  Did not re-place instance u_fam_detector/u_first_stage/i__carry_i_5
INFO: [Physopt 32-662] Processed net u_fam_detector/u_first_stage/resize_saturate01_carry_i_7_n_0.  Did not re-place instance u_fam_detector/u_first_stage/resize_saturate01_carry_i_7
INFO: [Physopt 32-663] Processed net u_fam_detector/u_first_stage/D[3].  Re-placed instance u_fam_detector/u_first_stage/r_tdata[31]_i_2
INFO: [Physopt 32-662] Processed net u_fam_detector/u_first_stage/r_i_mod4_reg[1]_11[1].  Did not re-place instance u_fam_detector/u_first_stage/i__carry_i_3__2
INFO: [Physopt 32-662] Processed net u_fam_detector/u_first_stage/r_tdata[28]_i_12_n_0.  Did not re-place instance u_fam_detector/u_first_stage/r_tdata[28]_i_12
INFO: [Physopt 32-663] Processed net u_fam_detector/u_first_stage/r_tdata[28]_i_7_n_0.  Re-placed instance u_fam_detector/u_first_stage/r_tdata[28]_i_7
INFO: [Physopt 32-662] Processed net u_fam_detector/u_second_stage/u_phase_corrector/GEN_PHASE_CORRECTOR[1].u_phase_corrector/w_phase_tdata[1]_303[31].  Did not re-place instance u_fam_detector/u_second_stage/u_phase_corrector/GEN_PHASE_CORRECTOR[1].u_phase_corrector/r_tdata_reg[31]
INFO: [Physopt 32-662] Processed net u_fam_detector/u_threshold_calculator/threshold_rom_inst/addr__0_carry_i_13_n_0.  Did not re-place instance u_fam_detector/u_threshold_calculator/threshold_rom_inst/addr__0_carry_i_13
INFO: [Physopt 32-662] Processed net u_fam_detector/u_threshold_calculator/threshold_rom_inst/addr__0_carry_i_18_n_0.  Did not re-place instance u_fam_detector/u_threshold_calculator/threshold_rom_inst/addr__0_carry_i_18
INFO: [Physopt 32-662] Processed net u_fam_detector/u_threshold_calculator/threshold_rom_inst/A[1].  Did not re-place instance u_fam_detector/u_threshold_calculator/threshold_rom_inst/addr__0_carry_i_2
INFO: [Physopt 32-662] Processed net u_fam_detector/u_threshold_calculator/threshold_rom_inst/addr__0_carry_i_8_n_0.  Did not re-place instance u_fam_detector/u_threshold_calculator/threshold_rom_inst/addr__0_carry_i_8
INFO: [Physopt 32-663] Processed net u_fam_detector/r_cfg_th_data_size[3].  Re-placed instance u_fam_detector/r_cfg_th_data_size_reg[3]
INFO: [Physopt 32-662] Processed net u_fam_detector/u_threshold_calculator/threshold_rom_inst/addr__0_carry_i_6_n_0.  Did not re-place instance u_fam_detector/u_threshold_calculator/threshold_rom_inst/addr__0_carry_i_6
INFO: [Physopt 32-663] Processed net u_fam_detector/u_first_stage/resize_saturate21_carry_i_9_n_0.  Re-placed instance u_fam_detector/u_first_stage/resize_saturate21_carry_i_9
INFO: [Physopt 32-662] Processed net u_fam_detector/u_first_stage/GEN_FFT1[3].u_fft1/U0/i_synth/axi_wrapper/data_out_channel/gen_real_time.data_out_reg[32]_0[17].  Did not re-place instance u_fam_detector/u_first_stage/GEN_FFT1[3].u_fft1/U0/i_synth/axi_wrapper/data_out_channel/gen_real_time.data_out_reg[17]
INFO: [Physopt 32-662] Processed net u_fam_detector/u_first_stage/r_tdata[22]_i_4_n_0.  Did not re-place instance u_fam_detector/u_first_stage/r_tdata[22]_i_4
INFO: [Physopt 32-662] Processed net u_fam_detector/u_first_stage/r_i_mod4_reg[1]_6[1].  Did not re-place instance u_fam_detector/u_first_stage/i__carry_i_3__22
INFO: [Physopt 32-663] Processed net u_fam_detector/u_first_stage/top_mux_reset_reg_63.  Re-placed instance u_fam_detector/u_first_stage/r_tdata[30]_i_2__1
INFO: [Physopt 32-662] Processed net u_fam_detector/u_second_stage/u_phase_corrector/GEN_PHASE_CORRECTOR[3].u_phase_corrector/w_phase_tdata[3]_305[30].  Did not re-place instance u_fam_detector/u_second_stage/u_phase_corrector/GEN_PHASE_CORRECTOR[3].u_phase_corrector/r_tdata_reg[30]
INFO: [Physopt 32-662] Processed net u_ps_comblock_setup/ps_comblock_setup_i/comblock_0/U0/comblock_i/fifo_out_g.fifo_out_i/g_async.i_sync_rd2wr/S[0].  Did not re-place instance u_ps_comblock_setup/ps_comblock_setup_i/comblock_0/U0/comblock_i/fifo_out_g.fifo_out_i/g_async.i_sync_rd2wr/i__carry_i_8__1
INFO: [Physopt 32-662] Processed net u_fam_detector/u_second_stage/u_pair_streamer/mem_reg_i_57__0_n_0.  Did not re-place instance u_fam_detector/u_second_stage/u_pair_streamer/mem_reg_i_57__0
INFO: [Physopt 32-663] Processed net u_fam_detector/u_second_stage/u_pair_streamer/r_engine_k_reg[0]__6__0[1].  Re-placed instance u_fam_detector/u_second_stage/u_pair_streamer/r_engine_k_reg[0][1]
INFO: [Physopt 32-662] Processed net u_fam_detector/u_second_stage/u_pair_streamer/r_resp_bank[3][1]_i_2_n_0.  Did not re-place instance u_fam_detector/u_second_stage/u_pair_streamer/r_resp_bank[3][1]_i_2
INFO: [Physopt 32-663] Processed net u_fam_detector/u_second_stage/u_pair_streamer/mem_reg_i_78__0_n_0.  Re-placed instance u_fam_detector/u_second_stage/u_pair_streamer/mem_reg_i_78__0
INFO: [Physopt 32-662] Processed net u_fam_detector/u_second_stage/u_pair_streamer/r_lane_done_reg[2]_0[5].  Did not re-place instance u_fam_detector/u_second_stage/u_pair_streamer/mem_reg_i_17__0
INFO: [Physopt 32-663] Processed net u_fam_detector/u_second_stage/u_pair_streamer/r_resp_bank[3][1]_i_3_n_0.  Re-placed instance u_fam_detector/u_second_stage/u_pair_streamer/r_resp_bank[3][1]_i_3
INFO: [Physopt 32-662] Processed net u_ps_comblock_setup/ps_comblock_setup_i/ps7_0_axi_periph/s00_couplers/auto_pc/inst/gen_axilite.gen_b2s_conv.axilite_b2s/WR.aw_channel_0/aw_cmd_fsm_0/Q[0].  Did not re-place instance u_ps_comblock_setup/ps_comblock_setup_i/ps7_0_axi_periph/s00_couplers/auto_pc/inst/gen_axilite.gen_b2s_conv.axilite_b2s/WR.aw_channel_0/aw_cmd_fsm_0/FSM_sequential_state_reg[0]
INFO: [Physopt 32-662] Processed net u_fam_detector/u_second_stage/u_pair_streamer/r_engine_k_reg[0]__6__0[0].  Did not re-place instance u_fam_detector/u_second_stage/u_pair_streamer/r_engine_k_reg[0][0]
INFO: [Physopt 32-663] Processed net u_fam_detector/r_scd_input_count_reg[3].  Re-placed instance u_fam_detector/r_scd_input_count_reg[3]
INFO: [Physopt 32-663] Processed net u_fam_detector/u_first_stage/u_input_window_re/w_scd_input_re[1].  Re-placed instance u_fam_detector/u_first_stage/u_input_window_re/r_prod_mult_reg[30]_i_14
INFO: [Physopt 32-662] Processed net u_fam_detector/w_scd_input_re1_carry_i_7_n_0.  Did not re-place instance u_fam_detector/w_scd_input_re1_carry_i_7
INFO: [Physopt 32-662] Processed net u_fam_detector/u_second_stage/u_controller/top_mux_reset_reg_2.  Did not re-place instance u_fam_detector/u_second_stage/u_controller/r_tdata[14]_i_1__0
INFO: [Physopt 32-662] Processed net u_fam_detector/u_first_stage/r_tdata[14]_i_3_n_0.  Did not re-place instance u_fam_detector/u_first_stage/r_tdata[14]_i_3
INFO: [Physopt 32-662] Processed net u_fam_detector/u_first_stage/GEN_FFT1[1].u_fft1/U0/i_synth/axi_wrapper/data_out_channel/gen_real_time.data_out_reg[32]_0[17].  Did not re-place instance u_fam_detector/u_first_stage/GEN_FFT1[1].u_fft1/U0/i_synth/axi_wrapper/data_out_channel/gen_real_time.data_out_reg[17]
INFO: [Physopt 32-662] Processed net u_fam_detector/u_first_stage/r_tdata[30]_i_5_n_0.  Did not re-place instance u_fam_detector/u_first_stage/r_tdata[30]_i_5
INFO: [Physopt 32-663] Processed net u_fam_detector/u_first_stage/r_i_mod4_reg[1]_12[0].  Re-placed instance u_fam_detector/u_first_stage/i__carry_i_4__2
INFO: [Physopt 32-662] Processed net u_fam_detector/u_first_stage/r_tdata[22]_i_4__1_n_0.  Did not re-place instance u_fam_detector/u_first_stage/r_tdata[22]_i_4__1
INFO: [Physopt 32-663] Processed net u_fam_detector/u_second_stage/u_phase_corrector/GEN_PHASE_CORRECTOR[1].u_phase_corrector/w_phase_tdata[1]_303[12].  Re-placed instance u_fam_detector/u_second_stage/u_phase_corrector/GEN_PHASE_CORRECTOR[1].u_phase_corrector/r_tdata_reg[12]
INFO: [Physopt 32-663] Processed net u_fam_detector/u_second_stage/u_phase_corrector/GEN_PHASE_CORRECTOR[1].u_phase_corrector/w_phase_tdata[1]_303[6].  Re-placed instance u_fam_detector/u_second_stage/u_phase_corrector/GEN_PHASE_CORRECTOR[1].u_phase_corrector/r_tdata_reg[6]
INFO: [Physopt 32-663] Processed net u_fam_detector/u_second_stage/u_phase_corrector/GEN_PHASE_CORRECTOR[1].u_phase_corrector/w_phase_tdata[1]_303[9].  Re-placed instance u_fam_detector/u_second_stage/u_phase_corrector/GEN_PHASE_CORRECTOR[1].u_phase_corrector/r_tdata_reg[9]
INFO: [Physopt 32-663] Processed net u_fam_detector/u_first_stage/u_input_window_re/w_scd_input_re[11].  Re-placed instance u_fam_detector/u_first_stage/u_input_window_re/r_prod_mult_reg[30]_i_4
INFO: [Physopt 32-663] Processed net u_fam_detector/u_second_stage/u_phase_corrector/GEN_PHASE_CORRECTOR[1].u_phase_corrector/w_phase_tdata[1]_303[10].  Re-placed instance u_fam_detector/u_second_stage/u_phase_corrector/GEN_PHASE_CORRECTOR[1].u_phase_corrector/r_tdata_reg[10]
INFO: [Physopt 32-663] Processed net u_fam_detector/u_second_stage/u_phase_corrector/GEN_PHASE_CORRECTOR[1].u_phase_corrector/w_phase_tdata[1]_303[2].  Re-placed instance u_fam_detector/u_second_stage/u_phase_corrector/GEN_PHASE_CORRECTOR[1].u_phase_corrector/r_tdata_reg[2]
INFO: [Physopt 32-663] Processed net u_fam_detector/u_second_stage/u_phase_corrector/GEN_PHASE_CORRECTOR[1].u_phase_corrector/w_phase_tdata[1]_303[4].  Re-placed instance u_fam_detector/u_second_stage/u_phase_corrector/GEN_PHASE_CORRECTOR[1].u_phase_corrector/r_tdata_reg[4]
INFO: [Physopt 32-663] Processed net u_fam_detector/u_second_stage/u_phase_corrector/GEN_PHASE_CORRECTOR[1].u_phase_corrector/w_phase_tdata[1]_303[5].  Re-placed instance u_fam_detector/u_second_stage/u_phase_corrector/GEN_PHASE_CORRECTOR[1].u_phase_corrector/r_tdata_reg[5]
INFO: [Physopt 32-663] Processed net u_fam_detector/u_first_stage/u_input_window_re/w_scd_input_re[7].  Re-placed instance u_fam_detector/u_first_stage/u_input_window_re/r_prod_mult_reg[30]_i_8
INFO: [Physopt 32-662] Processed net u_fam_detector/u_threshold_calculator/threshold_rom_inst/addr__0_carry_i_9_n_0.  Did not re-place instance u_fam_detector/u_threshold_calculator/threshold_rom_inst/addr__0_carry_i_9
INFO: [Physopt 32-662] Processed net u_fam_detector/r_cfg_th_data_size[8].  Did not re-place instance u_fam_detector/r_cfg_th_data_size_reg[8]
INFO: [Physopt 32-662] Processed net u_fam_detector/u_threshold_calculator/threshold_rom_inst/addr__0_carry_i_17_n_0.  Did not re-place instance u_fam_detector/u_threshold_calculator/threshold_rom_inst/addr__0_carry_i_17
INFO: [Physopt 32-662] Processed net u_fam_detector/u_threshold_calculator/threshold_rom_inst/addr__0_carry_i_16_n_0.  Did not re-place instance u_fam_detector/u_threshold_calculator/threshold_rom_inst/addr__0_carry_i_16
INFO: [Physopt 32-662] Processed net u_fam_detector/u_threshold_calculator/threshold_rom_inst/addr__0_carry_i_19_n_0.  Did not re-place instance u_fam_detector/u_threshold_calculator/threshold_rom_inst/addr__0_carry_i_19
INFO: [Physopt 32-662] Processed net u_fam_detector/u_threshold_calculator/threshold_rom_inst/addr__0_carry_i_1_n_0.  Did not re-place instance u_fam_detector/u_threshold_calculator/threshold_rom_inst/addr__0_carry_i_1
INFO: [Physopt 32-662] Processed net u_fam_detector/r_cfg_th_data_size[1].  Did not re-place instance u_fam_detector/r_cfg_th_data_size_reg[1]
INFO: [Physopt 32-662] Processed net u_fam_detector/u_first_stage/r_tdata[29]_i_4_n_0.  Did not re-place instance u_fam_detector/u_first_stage/r_tdata[29]_i_4
INFO: [Physopt 32-662] Processed net u_fam_detector/u_first_stage/GEN_FFT1[1].u_fft1/U0/i_synth/axi_wrapper/data_out_channel/gen_real_time.data_out_reg[32]_0[3].  Did not re-place instance u_fam_detector/u_first_stage/GEN_FFT1[1].u_fft1/U0/i_synth/axi_wrapper/data_out_channel/gen_real_time.data_out_reg[3]
INFO: [Physopt 32-662] Processed net u_fam_detector/u_first_stage/resize_saturate01_carry_i_8_n_0.  Did not re-place instance u_fam_detector/u_first_stage/resize_saturate01_carry_i_8
INFO: [Physopt 32-662] Processed net u_fam_detector/u_first_stage/r_tdata[29]_i_12_n_0.  Did not re-place instance u_fam_detector/u_first_stage/r_tdata[29]_i_12
INFO: [Physopt 32-662] Processed net u_fam_detector/u_first_stage/r_tdata[29]_i_7_n_0.  Did not re-place instance u_fam_detector/u_first_stage/r_tdata[29]_i_7
INFO: [Physopt 32-663] Processed net u_fam_detector/u_threshold_calculator/noise_calc_inst/r_noise_var[26]_i_2_n_0.  Re-placed instance u_fam_detector/u_threshold_calculator/noise_calc_inst/r_noise_var[26]_i_2
INFO: [Physopt 32-663] Processed net u_fam_detector/u_threshold_calculator/noise_calc_inst/squarediffmacc_mod_inst/D[9].  Re-placed instance u_fam_detector/u_threshold_calculator/noise_calc_inst/squarediffmacc_mod_inst/r_noise_var[9]_i_1
INFO: [Physopt 32-663] Processed net u_fam_detector/u_threshold_calculator/noise_calc_inst/r_noise_var[27]_i_6_n_0.  Re-placed instance u_fam_detector/u_threshold_calculator/noise_calc_inst/r_noise_var[27]_i_6
INFO: [Physopt 32-662] Processed net u_fam_detector/u_threshold_calculator/noise_calc_inst/r_noise_var[27]_i_3_n_0.  Did not re-place instance u_fam_detector/u_threshold_calculator/noise_calc_inst/r_noise_var[27]_i_3
INFO: [Physopt 32-662] Processed net u_fam_detector/r_cfg_th_noise_size[1].  Did not re-place instance u_fam_detector/r_cfg_th_noise_size_reg[1]
INFO: [Physopt 32-662] Processed net u_fam_detector/u_first_stage/r_i_mod4_reg[1]_1[1].  Did not re-place instance u_fam_detector/u_first_stage/i__carry_i_1__18
INFO: [Physopt 32-662] Processed net u_fam_detector/u_first_stage/r_tdata[30]_i_3_n_0.  Did not re-place instance u_fam_detector/u_first_stage/r_tdata[30]_i_3
INFO: [Physopt 32-663] Processed net u_fam_detector/u_first_stage/r_tdata[30]_i_4_n_0.  Re-placed instance u_fam_detector/u_first_stage/r_tdata[30]_i_4
INFO: [Physopt 32-662] Processed net u_fam_detector/u_first_stage/r_i_mod4_reg[1]_11[0].  Did not re-place instance u_fam_detector/u_first_stage/i__carry_i_4__1
INFO: [Physopt 32-662] Processed net u_comblock_adapter/r_sample_mem_reg_i_16_n_0.  Did not re-place instance u_comblock_adapter/r_sample_mem_reg_i_16
INFO: [Physopt 32-663] Processed net u_comblock_adapter/r_play_count_reg[4].  Re-placed instance u_comblock_adapter/r_play_count_reg[4]
INFO: [Physopt 32-663] Processed net u_comblock_adapter/r_sample_mem_reg_i_17_n_0.  Re-placed instance u_comblock_adapter/r_sample_mem_reg_i_17
INFO: [Physopt 32-662] Processed net u_comblock_adapter/w_mem_rd_addr1_carry__0_i_5_n_0.  Did not re-place instance u_comblock_adapter/w_mem_rd_addr1_carry__0_i_5
INFO: [Physopt 32-662] Processed net u_comblock_adapter/w_mem_rd_addr1_carry__0_i_3_n_0.  Did not re-place instance u_comblock_adapter/w_mem_rd_addr1_carry__0_i_3
INFO: [Physopt 32-663] Processed net u_comblock_adapter/w_mem_rd_addr[1].  Re-placed instance u_comblock_adapter/r_sample_mem_reg_i_11
INFO: [Physopt 32-662] Processed net u_fam_detector/u_first_stage/resize_saturate01_carry_i_6_n_0.  Did not re-place instance u_fam_detector/u_first_stage/resize_saturate01_carry_i_6
INFO: [Physopt 32-662] Processed net u_fam_detector/u_first_stage/resize_saturate01_carry_i_10_n_0.  Did not re-place instance u_fam_detector/u_first_stage/resize_saturate01_carry_i_10
INFO: [Physopt 32-662] Processed net u_fam_detector/u_first_stage/r_i_mod4_reg[1]_3[1].  Did not re-place instance u_fam_detector/u_first_stage/resize_saturate01_carry_i_3
INFO: [Physopt 32-663] Processed net u_fam_detector/u_first_stage/top_mux_reset_reg.  Re-placed instance u_fam_detector/u_first_stage/r_tdata[2]_i_1
INFO: [Physopt 32-663] Processed net u_fam_detector/r_scd_input_count_reg[7].  Re-placed instance u_fam_detector/r_scd_input_count_reg[7]
INFO: [Physopt 32-662] Processed net u_fam_detector/w_scd_input_re1_carry_i_5_n_0.  Did not re-place instance u_fam_detector/w_scd_input_re1_carry_i_5
INFO: [Physopt 32-662] Processed net u_fam_detector/u_first_stage/r_i_mod4_reg[1]_12[1].  Did not re-place instance u_fam_detector/u_first_stage/i__carry_i_3__3
INFO: [Physopt 32-662] Processed net u_fam_detector/u_second_stage/u_pair_streamer/r_lane_done_reg[2]_0[4].  Did not re-place instance u_fam_detector/u_second_stage/u_pair_streamer/mem_reg_i_18__0
INFO: [Physopt 32-663] Processed net u_fam_detector/r_scd_input_count_reg[1].  Re-placed instance u_fam_detector/r_scd_input_count_reg[1]
INFO: [Physopt 32-662] Processed net u_fam_detector/w_scd_input_re1_carry_i_8_n_0.  Did not re-place instance u_fam_detector/w_scd_input_re1_carry_i_8
INFO: [Physopt 32-663] Processed net u_fam_detector/u_first_stage/u_input_window_re/w_scd_input_re[8].  Re-placed instance u_fam_detector/u_first_stage/u_input_window_re/r_prod_mult_reg[30]_i_7
INFO: [Physopt 32-662] Processed net u_ps_comblock_setup/ps_comblock_setup_i/comblock_0/U0/comblock_i/fifo_out_g.fifo_out_i/g_async.i_sync_rd2wr/data_r_reg[1][7]_0[2].  Did not re-place instance u_ps_comblock_setup/ps_comblock_setup_i/comblock_0/U0/comblock_i/fifo_out_g.fifo_out_i/g_async.i_sync_rd2wr/i__carry__0_i_6__0
INFO: [Physopt 32-663] Processed net u_fam_detector/r_cfg_th_data_size[10].  Re-placed instance u_fam_detector/r_cfg_th_data_size_reg[10]
INFO: [Physopt 32-662] Processed net u_fam_detector/u_first_stage/GEN_FFT1[1].u_fft1/U0/i_synth/axi_wrapper/data_out_channel/gen_real_time.data_out_reg[32]_0[1].  Did not re-place instance u_fam_detector/u_first_stage/GEN_FFT1[1].u_fft1/U0/i_synth/axi_wrapper/data_out_channel/gen_real_time.data_out_reg[1]
INFO: [Physopt 32-662] Processed net u_fam_detector/u_first_stage/r_tdata[19]_i_4_n_0.  Did not re-place instance u_fam_detector/u_first_stage/r_tdata[19]_i_4
INFO: [Physopt 32-662] Processed net u_fam_detector/u_first_stage/GEN_FFT1[1].u_fft1/U0/i_synth/axi_wrapper/data_out_channel/gen_real_time.data_out_reg[32]_0[2].  Did not re-place instance u_fam_detector/u_first_stage/GEN_FFT1[1].u_fft1/U0/i_synth/axi_wrapper/data_out_channel/gen_real_time.data_out_reg[2]
INFO: [Physopt 32-662] Processed net u_fam_detector/u_first_stage/r_tdata[19]_i_8_n_0.  Did not re-place instance u_fam_detector/u_first_stage/r_tdata[19]_i_8
INFO: [Physopt 32-662] Processed net u_fam_detector/r_cfg_input_data_size[1].  Did not re-place instance u_fam_detector/r_cfg_input_data_size_reg[1]
INFO: [Physopt 32-663] Processed net u_fam_detector/u_second_stage/u_controller/top_mux_reset_reg_4.  Re-placed instance u_fam_detector/u_second_stage/u_controller/r_tdata[14]_i_1__1
INFO: [Physopt 32-662] Processed net u_fam_detector/u_first_stage/GEN_FFT1[2].u_fft1/U0/i_synth/axi_wrapper/data_out_channel/gen_real_time.data_out_reg[32]_0[1].  Did not re-place instance u_fam_detector/u_first_stage/GEN_FFT1[2].u_fft1/U0/i_synth/axi_wrapper/data_out_channel/gen_real_time.data_out_reg[1]
INFO: [Physopt 32-662] Processed net u_fam_detector/u_first_stage/r_i_mod4_reg[0]_15[0].  Did not re-place instance u_fam_detector/u_first_stage/i__carry_i_1__23
INFO: [Physopt 32-663] Processed net u_fam_detector/u_first_stage/r_tdata[6]_i_3_n_0.  Re-placed instance u_fam_detector/u_first_stage/r_tdata[6]_i_3
INFO: [Physopt 32-662] Processed net u_fam_detector/u_second_stage/u_phase_corrector/GEN_PHASE_CORRECTOR[2].u_phase_corrector/w_phase_tdata[2]_304[4].  Did not re-place instance u_fam_detector/u_second_stage/u_phase_corrector/GEN_PHASE_CORRECTOR[2].u_phase_corrector/r_tdata_reg[4]
INFO: [Physopt 32-662] Processed net u_fam_detector/u_first_stage/GEN_FFT1[1].u_fft1/U0/i_synth/axi_wrapper/data_out_channel/gen_real_time.data_out_reg[32]_0[30].  Did not re-place instance u_fam_detector/u_first_stage/GEN_FFT1[1].u_fft1/U0/i_synth/axi_wrapper/data_out_channel/gen_real_time.data_out_reg[30]
INFO: [Physopt 32-662] Processed net u_fam_detector/u_first_stage/GEN_FFT1[1].u_fft1/U0/i_synth/axi_wrapper/data_out_channel/gen_real_time.data_out_reg[32]_0[20].  Did not re-place instance u_fam_detector/u_first_stage/GEN_FFT1[1].u_fft1/U0/i_synth/axi_wrapper/data_out_channel/gen_real_time.data_out_reg[20]
INFO: [Physopt 32-663] Processed net u_fam_detector/u_second_stage/u_pair_streamer/r_lane_done_reg[2]_0[0].  Re-placed instance u_fam_detector/u_second_stage/u_pair_streamer/mem_reg_i_22
INFO: [Physopt 32-662] Processed net u_fam_detector/w_scd_input_re1_carry_i_1_n_0.  Did not re-place instance u_fam_detector/w_scd_input_re1_carry_i_1
INFO: [Physopt 32-663] Processed net u_comblock_adapter/E[0].  Re-placed instance u_comblock_adapter/r_mem_pipe_data[23]_i_1
INFO: [Physopt 32-663] Processed net u_comblock_adapter/i__carry__0_i_5_n_0.  Re-placed instance u_comblock_adapter/i__carry__0_i_5
INFO: [Physopt 32-662] Processed net u_comblock_adapter/r_mem_pipe_data0_carry__0_i_4_n_0.  Did not re-place instance u_comblock_adapter/r_mem_pipe_data0_carry__0_i_4
INFO: [Physopt 32-662] Processed net u_fam_detector/u_first_stage/r_i_mod4_reg[1]_5[1].  Did not re-place instance u_fam_detector/u_first_stage/i__carry_i_1__20
INFO: [Physopt 32-663] Processed net u_fam_detector/u_first_stage/GEN_FFT1[1].u_fft1/U0/i_synth/axi_wrapper/data_out_channel/gen_real_time.data_out_reg[32]_0[23].  Re-placed instance u_fam_detector/u_first_stage/GEN_FFT1[1].u_fft1/U0/i_synth/axi_wrapper/data_out_channel/gen_real_time.data_out_reg[23]
INFO: [Physopt 32-662] Processed net u_fam_detector/u_first_stage/r_tdata[26]_i_6__1_n_0.  Did not re-place instance u_fam_detector/u_first_stage/r_tdata[26]_i_6__1
INFO: [Physopt 32-663] Processed net u_fam_detector/u_first_stage/u_input_window_re/r_prod_mult_reg[28]_i_1__0_n_0.  Re-placed instance u_fam_detector/u_first_stage/u_input_window_re/r_prod_mult_reg[28]_i_1__0
INFO: [Physopt 32-662] Processed net u_fam_detector/w_scd_input_re1_carry_i_3_n_0.  Did not re-place instance u_fam_detector/w_scd_input_re1_carry_i_3
INFO: [Physopt 32-662] Processed net u_fam_detector/u_second_stage/u_phase_corrector/GEN_PHASE_CORRECTOR[3].u_phase_corrector/w_phase_tdata[3]_305[24].  Did not re-place instance u_fam_detector/u_second_stage/u_phase_corrector/GEN_PHASE_CORRECTOR[3].u_phase_corrector/r_tdata_reg[24]
INFO: [Physopt 32-662] Processed net u_fam_detector/u_second_stage/u_phase_corrector/GEN_PHASE_CORRECTOR[3].u_phase_corrector/w_phase_tdata[3]_305[26].  Did not re-place instance u_fam_detector/u_second_stage/u_phase_corrector/GEN_PHASE_CORRECTOR[3].u_phase_corrector/r_tdata_reg[26]
INFO: [Physopt 32-662] Processed net u_fam_detector/u_second_stage/u_phase_corrector/GEN_PHASE_CORRECTOR[3].u_phase_corrector/w_phase_tdata[3]_305[27].  Did not re-place instance u_fam_detector/u_second_stage/u_phase_corrector/GEN_PHASE_CORRECTOR[3].u_phase_corrector/r_tdata_reg[27]
INFO: [Physopt 32-662] Processed net u_fam_detector/u_second_stage/u_phase_corrector/GEN_PHASE_CORRECTOR[3].u_phase_corrector/w_phase_tdata[3]_305[28].  Did not re-place instance u_fam_detector/u_second_stage/u_phase_corrector/GEN_PHASE_CORRECTOR[3].u_phase_corrector/r_tdata_reg[28]
INFO: [Physopt 32-662] Processed net u_comblock_adapter/w_next_play_count[10].  Did not re-place instance u_comblock_adapter/r_play_count[10]_i_3
INFO: [Physopt 32-662] Processed net u_comblock_adapter/r_play_count_reg[0].  Did not re-place instance u_comblock_adapter/r_play_count_reg[0]
INFO: [Physopt 32-662] Processed net u_comblock_adapter/r_mem_pipe_data0_carry__0_i_3_n_0.  Did not re-place instance u_comblock_adapter/r_mem_pipe_data0_carry__0_i_3
INFO: [Physopt 32-662] Processed net u_comblock_adapter/r_play_count[10]_i_4_n_0.  Did not re-place instance u_comblock_adapter/r_play_count[10]_i_4
INFO: [Physopt 32-662] Processed net u_fam_detector/u_first_stage/u_first_stage_fsmd/r_fft_buffer[2][0][31]_i_1_n_0.  Did not re-place instance u_fam_detector/u_first_stage/u_first_stage_fsmd/r_fft_buffer[2][0][31]_i_1
INFO: [Physopt 32-662] Processed net u_fam_detector/u_first_stage/u_first_stage_fsmd/r_fft_index_reg_n_0_[2][3].  Did not re-place instance u_fam_detector/u_first_stage/u_first_stage_fsmd/r_fft_index_reg[2][3]
INFO: [Physopt 32-662] Processed net u_fam_detector/u_first_stage/u_first_stage_fsmd/r_fft_sel_reg[1]_0.  Did not re-place instance u_fam_detector/u_first_stage/u_first_stage_fsmd/r_fft_index[2][4]_i_4
INFO: [Physopt 32-662] Processed net u_fam_detector/u_first_stage/u_first_stage_fsmd/r_pending_frame_i_3_n_0.  Did not re-place instance u_fam_detector/u_first_stage/u_first_stage_fsmd/r_pending_frame_i_3
INFO: [Physopt 32-662] Processed net u_fam_detector/u_first_stage/u_first_stage_fsmd/r_fft_data[2][31]_i_3_n_0.  Did not re-place instance u_fam_detector/u_first_stage/u_first_stage_fsmd/r_fft_data[2][31]_i_3
INFO: [Physopt 32-662] Processed net u_fam_detector/u_first_stage/u_first_stage_fsmd/r_pending_frame_i_6_n_0.  Did not re-place instance u_fam_detector/u_first_stage/u_first_stage_fsmd/r_pending_frame_i_6
INFO: [Physopt 32-662] Processed net u_fam_detector/u_first_stage/u_first_stage_fsmd/r_pending_frame_i_7_n_0.  Did not re-place instance u_fam_detector/u_first_stage/u_first_stage_fsmd/r_pending_frame_i_7
INFO: [Physopt 32-663] Processed net u_fam_detector/u_first_stage/u_first_stage_fsmd/r_fft_buffer_reg[2][11]_178[23].  Re-placed instance u_fam_detector/u_first_stage/u_first_stage_fsmd/r_fft_buffer_reg[2][11][23]
INFO: [Physopt 32-663] Processed net u_fam_detector/u_first_stage/u_first_stage_fsmd/r_fft_buffer_reg[2][12]_179[30].  Re-placed instance u_fam_detector/u_first_stage/u_first_stage_fsmd/r_fft_buffer_reg[2][12][30]
INFO: [Physopt 32-662] Processed net u_fam_detector/w_scd_input_re1_carry_i_4_n_0.  Did not re-place instance u_fam_detector/w_scd_input_re1_carry_i_4
INFO: [Physopt 32-662] Processed net u_fam_detector/u_first_stage/r_tdata[14]_i_3__0_n_0.  Did not re-place instance u_fam_detector/u_first_stage/r_tdata[14]_i_3__0
INFO: [Physopt 32-662] Processed net u_fam_detector/u_first_stage/r_i_mod4_reg[1]_7[1].  Did not re-place instance u_fam_detector/u_first_stage/i__carry_i_1__21
INFO: [Physopt 32-663] Processed net u_fam_detector/u_first_stage/r_tdata[14]_i_11_n_0.  Re-placed instance u_fam_detector/u_first_stage/r_tdata[14]_i_11
INFO: [Physopt 32-662] Processed net u_fam_detector/u_first_stage/r_tdata[14]_i_6_n_0.  Did not re-place instance u_fam_detector/u_first_stage/r_tdata[14]_i_6
INFO: [Physopt 32-663] Processed net u_fam_detector/u_first_stage/GEN_FFT1[3].u_fft1/U0/i_synth/axi_wrapper/data_out_channel/gen_real_time.data_out_reg[32]_0[22].  Re-placed instance u_fam_detector/u_first_stage/GEN_FFT1[3].u_fft1/U0/i_synth/axi_wrapper/data_out_channel/gen_real_time.data_out_reg[22]
INFO: [Physopt 32-662] Processed net u_fam_detector/u_first_stage/r_tdata[26]_i_7_n_0.  Did not re-place instance u_fam_detector/u_first_stage/r_tdata[26]_i_7
INFO: [Physopt 32-662] Processed net u_fam_detector/u_first_stage/GEN_FFT1[2].u_fft1/U0/i_synth/axi_wrapper/data_out_channel/gen_real_time.data_out_reg[32]_0[16].  Did not re-place instance u_fam_detector/u_first_stage/GEN_FFT1[2].u_fft1/U0/i_synth/axi_wrapper/data_out_channel/gen_real_time.data_out_reg[16]
INFO: [Physopt 32-663] Processed net u_fam_detector/r_cfg_th_data_size[9].  Re-placed instance u_fam_detector/r_cfg_th_data_size_reg[9]
INFO: [Physopt 32-663] Processed net u_fam_detector/u_threshold_calculator/noise_calc_inst/squarediffmacc_mod_inst/D[17].  Re-placed instance u_fam_detector/u_threshold_calculator/noise_calc_inst/squarediffmacc_mod_inst/r_noise_var[17]_i_1
INFO: [Physopt 32-662] Processed net u_fam_detector/u_first_stage/r_i_mod4_reg[1]_3[0].  Did not re-place instance u_fam_detector/u_first_stage/resize_saturate01_carry_i_4
INFO: [Physopt 32-662] Processed net u_fam_detector/u_threshold_calculator/threshold_rom_inst/addr__0_carry_i_10_n_0.  Did not re-place instance u_fam_detector/u_threshold_calculator/threshold_rom_inst/addr__0_carry_i_10
INFO: [Physopt 32-663] Processed net u_fam_detector/r_cfg_ss_data_size[4].  Re-placed instance u_fam_detector/r_cfg_ss_data_size_reg[4]
INFO: [Physopt 32-662] Processed net u_fam_detector/u_detection_compare/r_valid_s1_reg[0]_srl2___u_fam_detector_u_detection_compare_r_valid_s1_reg_r_i_27_n_0.  Did not re-place instance u_fam_detector/u_detection_compare/r_valid_s1_reg[0]_srl2___u_fam_detector_u_detection_compare_r_valid_s1_reg_r_i_27
INFO: [Physopt 32-662] Processed net u_fam_detector/u_second_stage/u_fft2_bin_filter/r_valid_s1_reg[2]_srl2___u_fam_detector_u_detection_compare_r_valid_s1_reg_r_i_15_n_0.  Did not re-place instance u_fam_detector/u_second_stage/u_fft2_bin_filter/r_valid_s1_reg[2]_srl2___u_fam_detector_u_detection_compare_r_valid_s1_reg_r_i_15
INFO: [Physopt 32-663] Processed net u_fam_detector/u_second_stage/u_fft2_bin_filter/w_scd_tvalid[2]_364.  Re-placed instance u_fam_detector/u_second_stage/u_fft2_bin_filter/r_valid_s1_reg[2]_srl2___u_fam_detector_u_detection_compare_r_valid_s1_reg_r_i_1
INFO: [Physopt 32-662] Processed net u_fam_detector/u_detection_compare/r_valid_s1_reg[2]_srl2___u_fam_detector_u_detection_compare_r_valid_s1_reg_r_n_0.  Did not re-place instance u_fam_detector/u_detection_compare/r_valid_s1_reg[2]_srl2___u_fam_detector_u_detection_compare_r_valid_s1_reg_r
INFO: [Physopt 32-662] Processed net u_fam_detector/u_first_stage/u_first_stage_fsmd/r_fft_index_reg_n_0_[2][2].  Did not re-place instance u_fam_detector/u_first_stage/u_first_stage_fsmd/r_fft_index_reg[2][2]
INFO: [Physopt 32-663] Processed net u_fam_detector/r_scd_input_count_reg[9].  Re-placed instance u_fam_detector/r_scd_input_count_reg[9]
INFO: [Physopt 32-662] Processed net u_fam_detector/r_cfg_input_data_size[9].  Did not re-place instance u_fam_detector/r_cfg_input_data_size_reg[9]
INFO: [Physopt 32-662] Processed net u_fam_detector/u_first_stage/u_input_window_im/S[0].  Did not re-place instance u_fam_detector/u_first_stage/u_input_window_im/w_scd_input_re1_carry__0_i_4
INFO: [Physopt 32-662] Processed net u_fam_detector/u_first_stage/GEN_FFT1[3].u_fft1/U0/i_synth/axi_wrapper/data_out_channel/gen_real_time.data_out_reg[32]_0[3].  Did not re-place instance u_fam_detector/u_first_stage/GEN_FFT1[3].u_fft1/U0/i_synth/axi_wrapper/data_out_channel/gen_real_time.data_out_reg[3]
INFO: [Physopt 32-662] Processed net u_fam_detector/u_first_stage/r_tdata[5]_i_7_n_0.  Did not re-place instance u_fam_detector/u_first_stage/r_tdata[5]_i_7
INFO: [Physopt 32-662] Processed net u_fam_detector/r_cfg_th_data_size[7].  Did not re-place instance u_fam_detector/r_cfg_th_data_size_reg[7]
INFO: [Physopt 32-662] Processed net u_fam_detector/u_first_stage/u_input_window_im/DI[0].  Did not re-place instance u_fam_detector/u_first_stage/u_input_window_im/w_scd_input_re1_carry__0_i_2
INFO: [Physopt 32-662] Processed net u_fam_detector/u_threshold_calculator/noise_calc_inst/squarediffmacc_mod_inst/D[19].  Did not re-place instance u_fam_detector/u_threshold_calculator/noise_calc_inst/squarediffmacc_mod_inst/r_noise_var[19]_i_1
INFO: [Physopt 32-663] Processed net u_fam_detector/u_first_stage/u_first_stage_fsmd/r_fft_index_reg[3]_100[2].  Re-placed instance u_fam_detector/u_first_stage/u_first_stage_fsmd/r_fft_index_reg[3][2]
INFO: [Physopt 32-663] Processed net u_fam_detector/u_first_stage/u_first_stage_fsmd/r_fft_data[3][31]_i_3_n_0.  Re-placed instance u_fam_detector/u_first_stage/u_first_stage_fsmd/r_fft_data[3][31]_i_3
INFO: [Physopt 32-662] Processed net u_fam_detector/u_first_stage/u_first_stage_fsmd/r_pending_frame_i_4_n_0.  Did not re-place instance u_fam_detector/u_first_stage/u_first_stage_fsmd/r_pending_frame_i_4
INFO: [Physopt 32-663] Processed net u_fam_detector/r_cfg_ss_data_size[8].  Re-placed instance u_fam_detector/r_cfg_ss_data_size_reg[8]
INFO: [Physopt 32-662] Processed net u_fam_detector/u_detection_compare/r_valid_s1_reg[0]_srl2___u_fam_detector_u_detection_compare_r_valid_s1_reg_r_i_23_n_0.  Did not re-place instance u_fam_detector/u_detection_compare/r_valid_s1_reg[0]_srl2___u_fam_detector_u_detection_compare_r_valid_s1_reg_r_i_23
INFO: [Physopt 32-663] Processed net u_fam_detector/u_first_stage/u_input_window_re/w_scd_input_re[2].  Re-placed instance u_fam_detector/u_first_stage/u_input_window_re/r_prod_mult_reg[30]_i_13
INFO: [Physopt 32-663] Processed net u_fam_detector/u_second_stage/u_controller/r_running_reg_1.  Re-placed instance u_fam_detector/u_second_stage/u_controller/r_engine_k[1][1]_i_1
INFO: [Physopt 32-662] Processed net u_fam_detector/u_second_stage/u_pair_streamer/r_engine_i[0][4]_i_2_n_0.  Did not re-place instance u_fam_detector/u_second_stage/u_pair_streamer/r_engine_i[0][4]_i_2
INFO: [Physopt 32-663] Processed net u_fam_detector/u_second_stage/u_pair_streamer/r_engine_k_reg[1]__6[0].  Re-placed instance u_fam_detector/u_second_stage/u_pair_streamer/r_engine_k_reg[1][0]
INFO: [Physopt 32-662] Processed net u_fam_detector/u_second_stage/u_pair_streamer/r_engine_active_reg[1]_0[0].  Did not re-place instance u_fam_detector/u_second_stage/u_pair_streamer/r_engine_i[1][4]_i_1
INFO: [Physopt 32-663] Processed net u_fam_detector/u_second_stage/u_pair_streamer/r_engine_active[2]_i_7_n_0.  Re-placed instance u_fam_detector/u_second_stage/u_pair_streamer/r_engine_active[2]_i_7
INFO: [Physopt 32-662] Processed net u_fam_detector/u_second_stage/u_pair_streamer/r_engine_active[3]_i_7_n_0.  Did not re-place instance u_fam_detector/u_second_stage/u_pair_streamer/r_engine_active[3]_i_7
INFO: [Physopt 32-662] Processed net u_fam_detector/u_second_stage/u_pair_streamer/r_engine_active[3]_i_11_n_0.  Did not re-place instance u_fam_detector/u_second_stage/u_pair_streamer/r_engine_active[3]_i_11
INFO: [Physopt 32-662] Processed net u_fam_detector/u_second_stage/u_pair_streamer/r_engine_k_reg[1]__6[1].  Did not re-place instance u_fam_detector/u_second_stage/u_pair_streamer/r_engine_k_reg[1][1]
INFO: [Physopt 32-662] Processed net u_fam_detector/u_first_stage/u_first_stage_fsmd/r_fft_index_reg_n_0_[2][4].  Did not re-place instance u_fam_detector/u_first_stage/u_first_stage_fsmd/r_fft_index_reg[2][4]
INFO: [Physopt 32-662] Processed net u_fam_detector/u_second_stage/u_controller/top_mux_reset_reg_1.  Did not re-place instance u_fam_detector/u_second_stage/u_controller/r_tdata[30]_i_1__0
INFO: [Physopt 32-662] Processed net u_fam_detector/u_second_stage/u_phase_corrector/GEN_PHASE_CORRECTOR[1].u_phase_corrector/w_phase_tdata[1]_303[30].  Did not re-place instance u_fam_detector/u_second_stage/u_phase_corrector/GEN_PHASE_CORRECTOR[1].u_phase_corrector/r_tdata_reg[30]
INFO: [Physopt 32-662] Processed net u_comblock_adapter/r_mem_pipe_data0_carry__0_i_2_n_0.  Did not re-place instance u_comblock_adapter/r_mem_pipe_data0_carry__0_i_2
INFO: [Physopt 32-662] Processed net u_fam_detector/u_first_stage/GEN_FFT1[1].u_fft1/U0/i_synth/axi_wrapper/data_out_channel/gen_real_time.data_out_reg[32]_0[29].  Did not re-place instance u_fam_detector/u_first_stage/GEN_FFT1[1].u_fft1/U0/i_synth/axi_wrapper/data_out_channel/gen_real_time.data_out_reg[29]
INFO: [Physopt 32-662] Processed net u_fam_detector/u_first_stage/r_i_mod4_reg[1]_2[1].  Did not re-place instance u_fam_detector/u_first_stage/resize_saturate01_carry_i_1
INFO: [Physopt 32-662] Processed net u_fam_detector/u_first_stage/r_i_mod4_reg[1]_4[0].  Did not re-place instance u_fam_detector/u_first_stage/i__carry_i_2__4
INFO: [Physopt 32-662] Processed net u_fam_detector/u_first_stage/i__carry_i_5__0_n_0.  Did not re-place instance u_fam_detector/u_first_stage/i__carry_i_5__0
INFO: [Physopt 32-662] Processed net u_ps_comblock_setup/ps_comblock_setup_i/comblock_0/U0/comblock_i/fifo_out_g.fifo_out_i/g_async.i_sync_rd2wr/S[1].  Did not re-place instance u_ps_comblock_setup/ps_comblock_setup_i/comblock_0/U0/comblock_i/fifo_out_g.fifo_out_i/g_async.i_sync_rd2wr/i__carry_i_7__1
INFO: [Physopt 32-662] Processed net u_fam_detector/u_second_stage/u_fft2_bin_filter/r_valid_s1_reg[2]_srl2___u_fam_detector_u_detection_compare_r_valid_s1_reg_r_i_11_n_0.  Did not re-place instance u_fam_detector/u_second_stage/u_fft2_bin_filter/r_valid_s1_reg[2]_srl2___u_fam_detector_u_detection_compare_r_valid_s1_reg_r_i_11
INFO: [Physopt 32-663] Processed net u_fam_detector/u_second_stage/u_pair_streamer/mem_reg_i_78_n_0.  Re-placed instance u_fam_detector/u_second_stage/u_pair_streamer/mem_reg_i_78
INFO: [Physopt 32-663] Processed net u_fam_detector/r_cfg_th_data_size[5].  Re-placed instance u_fam_detector/r_cfg_th_data_size_reg[5]
INFO: [Physopt 32-662] Processed net u_fam_detector/u_second_stage/u_pair_streamer/r_resp_bank[3][1]_i_4_n_0.  Did not re-place instance u_fam_detector/u_second_stage/u_pair_streamer/r_resp_bank[3][1]_i_4
INFO: [Physopt 32-662] Processed net u_fam_detector/u_second_stage/u_phase_corrector/GEN_PHASE_CORRECTOR[3].u_phase_corrector/w_phase_tdata[3]_305[18].  Did not re-place instance u_fam_detector/u_second_stage/u_phase_corrector/GEN_PHASE_CORRECTOR[3].u_phase_corrector/r_tdata_reg[18]
INFO: [Physopt 32-662] Processed net u_fam_detector/u_second_stage/u_phase_corrector/GEN_PHASE_CORRECTOR[3].u_phase_corrector/w_phase_tdata[3]_305[21].  Did not re-place instance u_fam_detector/u_second_stage/u_phase_corrector/GEN_PHASE_CORRECTOR[3].u_phase_corrector/r_tdata_reg[21]
INFO: [Physopt 32-662] Processed net u_fam_detector/u_second_stage/u_phase_corrector/GEN_PHASE_CORRECTOR[3].u_phase_corrector/w_phase_tdata[3]_305[23].  Did not re-place instance u_fam_detector/u_second_stage/u_phase_corrector/GEN_PHASE_CORRECTOR[3].u_phase_corrector/r_tdata_reg[23]
INFO: [Physopt 32-662] Processed net u_fam_detector/u_second_stage/u_phase_corrector/GEN_PHASE_CORRECTOR[3].u_phase_corrector/w_phase_tdata[3]_305[25].  Did not re-place instance u_fam_detector/u_second_stage/u_phase_corrector/GEN_PHASE_CORRECTOR[3].u_phase_corrector/r_tdata_reg[25]
INFO: [Physopt 32-663] Processed net u_fam_detector/u_first_stage/u_first_stage_fsmd/r_fft_buffer_reg[2][3]_170[21].  Re-placed instance u_fam_detector/u_first_stage/u_first_stage_fsmd/r_fft_buffer_reg[2][3][21]
INFO: [Physopt 32-663] Processed net u_fam_detector/u_first_stage/u_input_window_re/w_scd_input_re[9].  Re-placed instance u_fam_detector/u_first_stage/u_input_window_re/r_prod_mult_reg[30]_i_6
INFO: [Physopt 32-662] Processed net u_fam_detector/u_first_stage/r_i_mod4_reg[0]_12.  Did not re-place instance u_fam_detector/u_first_stage/i__carry_i_2__5
INFO: [Physopt 32-662] Processed net u_fam_detector/u_first_stage/r_i_mod4_reg[0]_11[0].  Did not re-place instance u_fam_detector/u_first_stage/i__carry_i_4__14
INFO: [Physopt 32-663] Processed net u_fam_detector/u_second_stage/u_pair_streamer/r_resp_bank[3][1]_i_6_n_0.  Re-placed instance u_fam_detector/u_second_stage/u_pair_streamer/r_resp_bank[3][1]_i_6
INFO: [Physopt 32-662] Processed net u_fam_detector/u_second_stage/u_pair_streamer/r_resp_bank[3][1]_i_8_n_0.  Did not re-place instance u_fam_detector/u_second_stage/u_pair_streamer/r_resp_bank[3][1]_i_8
INFO: [Physopt 32-662] Processed net u_fam_detector/u_first_stage/GEN_FFT1[3].u_fft1/U0/i_synth/axi_wrapper/data_out_channel/gen_real_time.data_out_reg[32]_0[19].  Did not re-place instance u_fam_detector/u_first_stage/GEN_FFT1[3].u_fft1/U0/i_synth/axi_wrapper/data_out_channel/gen_real_time.data_out_reg[19]
INFO: [Physopt 32-662] Processed net u_fam_detector/u_first_stage/r_tdata[22]_i_7_n_0.  Did not re-place instance u_fam_detector/u_first_stage/r_tdata[22]_i_7
INFO: [Physopt 32-662] Processed net u_fam_detector/u_first_stage/resize_saturate01_carry_i_5_n_0.  Did not re-place instance u_fam_detector/u_first_stage/resize_saturate01_carry_i_5
INFO: [Physopt 32-662] Processed net u_fam_detector/u_first_stage/u_first_stage_fsmd/r_fft_index_reg[3]_100[1].  Did not re-place instance u_fam_detector/u_first_stage/u_first_stage_fsmd/r_fft_index_reg[3][1]
INFO: [Physopt 32-662] Processed net u_fam_detector/u_first_stage/r_tdata[22]_i_7__1_n_0.  Did not re-place instance u_fam_detector/u_first_stage/r_tdata[22]_i_7__1
INFO: [Physopt 32-663] Processed net u_fam_detector/u_second_stage/u_phase_corrector/GEN_PHASE_CORRECTOR[1].u_phase_corrector/w_phase_tdata[1]_303[7].  Re-placed instance u_fam_detector/u_second_stage/u_phase_corrector/GEN_PHASE_CORRECTOR[1].u_phase_corrector/r_tdata_reg[7]
INFO: [Physopt 32-662] Processed net u_fam_detector/u_first_stage/GEN_FFT1[1].u_fft1/U0/i_synth/axi_wrapper/data_out_channel/gen_real_time.data_out_reg[32]_0[6].  Did not re-place instance u_fam_detector/u_first_stage/GEN_FFT1[1].u_fft1/U0/i_synth/axi_wrapper/data_out_channel/gen_real_time.data_out_reg[6]
INFO: [Physopt 32-662] Processed net u_fam_detector/u_first_stage/r_tdata[24]_i_7__0_n_0.  Did not re-place instance u_fam_detector/u_first_stage/r_tdata[24]_i_7__0
INFO: [Physopt 32-662] Processed net u_fam_detector/u_second_stage/u_controller/top_mux_reset_reg_6.  Did not re-place instance u_fam_detector/u_second_stage/u_controller/r_tdata[14]_i_1__2
INFO: [Physopt 32-662] Processed net u_fam_detector/u_first_stage/i__carry_i_6_n_0.  Did not re-place instance u_fam_detector/u_first_stage/i__carry_i_6
INFO: [Physopt 32-662] Processed net u_fam_detector/u_first_stage/resize_saturate21_carry_i_6_n_0.  Did not re-place instance u_fam_detector/u_first_stage/resize_saturate21_carry_i_6
INFO: [Physopt 32-662] Processed net u_fam_detector/u_first_stage/r_i_mod4_reg[1]_0[1].  Did not re-place instance u_fam_detector/u_first_stage/i__carry_i_3__21
INFO: [Physopt 32-662] Processed net u_fam_detector/u_first_stage/r_i_mod4_reg[1]_14[1].  Did not re-place instance u_fam_detector/u_first_stage/i__carry_i_3__7
INFO: [Physopt 32-663] Processed net u_fam_detector/u_first_stage/top_mux_reset_reg_23.  Re-placed instance u_fam_detector/u_first_stage/r_tdata[30]_i_2
INFO: [Physopt 32-663] Processed net u_fam_detector/u_second_stage/u_phase_corrector/GEN_PHASE_CORRECTOR[3].u_phase_corrector/w_phase_tdata[3]_305[10].  Re-placed instance u_fam_detector/u_second_stage/u_phase_corrector/GEN_PHASE_CORRECTOR[3].u_phase_corrector/r_tdata_reg[10]
INFO: [Physopt 32-663] Processed net u_fam_detector/u_second_stage/u_phase_corrector/GEN_PHASE_CORRECTOR[3].u_phase_corrector/w_phase_tdata[3]_305[2].  Re-placed instance u_fam_detector/u_second_stage/u_phase_corrector/GEN_PHASE_CORRECTOR[3].u_phase_corrector/r_tdata_reg[2]
INFO: [Physopt 32-662] Processed net u_fam_detector/u_second_stage/u_controller/r_running_reg_0[0].  Did not re-place instance u_fam_detector/u_second_stage/u_controller/r_engine_k[2][1]_i_1
INFO: [Physopt 32-662] Processed net u_fam_detector/u_second_stage/u_pair_streamer/r_engine_active_reg[2]_0[0].  Did not re-place instance u_fam_detector/u_second_stage/u_pair_streamer/r_engine_i[2][4]_i_1
INFO: [Physopt 32-662] Processed net u_fam_detector/u_second_stage/u_pair_streamer/r_engine_k_reg[2]__6[1].  Did not re-place instance u_fam_detector/u_second_stage/u_pair_streamer/r_engine_k_reg[2][1]
INFO: [Physopt 32-662] Processed net u_fam_detector/u_second_stage/u_pair_streamer/r_engine_k_reg[2]__5_n_0.  Did not re-place instance u_fam_detector/u_second_stage/u_pair_streamer/r_engine_k_reg[2]__5
INFO: [Physopt 32-662] Processed net u_fam_detector/u_second_stage/u_pair_streamer/r_engine_k_reg[2]__4_n_0.  Did not re-place instance u_fam_detector/u_second_stage/u_pair_streamer/r_engine_k_reg[2]__4
INFO: [Physopt 32-661] Optimized 76 nets.  Re-placed 76 instances.
INFO: [Physopt 32-775] End 1 Pass. Optimized 76 nets or cells. Created 0 new cell, deleted 0 existing cell and moved 76 existing cells
INFO: [Physopt 32-619] Estimated Timing Summary | WNS=-0.371 | TNS=-1.053 |
Netlist sorting complete. Time (s): cpu = 00:00:00 ; elapsed = 00:00:00.041 . Memory (MB): peak = 2893.297 ; gain = 0.000
Phase 9 Single Cell Placement Optimization | Checksum: 13526da25

Time (s): cpu = 00:00:22 ; elapsed = 00:00:17 . Memory (MB): peak = 2893.297 ; gain = 4.254

Phase 10 Multi Cell Placement Optimization
INFO: [Physopt 32-660] Identified 100 candidate nets for placement-based optimization.
INFO: [Physopt 32-662] Processed net u_ps_comblock_setup/ps_comblock_setup_i/comblock_0/U0/AXIL_inst/regs_out[0][31]_i_2_n_0.  Did not re-place instance u_ps_comblock_setup/ps_comblock_setup_i/comblock_0/U0/AXIL_inst/regs_out[0][31]_i_2/O
INFO: [Physopt 32-662] Processed net u_ps_comblock_setup/ps_comblock_setup_i/comblock_0/U0/AXIL_inst/p_4_in.  Did not re-place instance u_ps_comblock_setup/ps_comblock_setup_i/comblock_0/U0/AXIL_inst/ram_reg_i_1/O
INFO: [Physopt 32-662] Processed net u_ps_comblock_setup/ps_comblock_setup_i/comblock_0/U0/comblock_i/fifo_out_g.fifo_out_i/full.  Did not re-place instance u_ps_comblock_setup/ps_comblock_setup_i/comblock_0/U0/comblock_i/fifo_out_g.fifo_out_i/full_r_i_1/O
INFO: [Physopt 32-662] Processed net u_ps_comblock_setup/ps_comblock_setup_i/comblock_0/U0/comblock_i/fifo_out_g.fifo_out_i/g_async.i_sync_rd2wr/_inferred__1/i__carry__0.  Did not re-place instance u_ps_comblock_setup/ps_comblock_setup_i/comblock_0/U0/comblock_i/fifo_out_g.fifo_out_i/g_async.i_sync_rd2wr/full_r_i_3/O
INFO: [Physopt 32-662] Processed net u_ps_comblock_setup/ps_comblock_setup_i/comblock_0/U0/comblock_i/fifo_out_g.fifo_out_i/_inferred__1/i__carry_0.  Did not re-place instance u_ps_comblock_setup/ps_comblock_setup_i/comblock_0/U0/comblock_i/fifo_out_g.fifo_out_i/full_r_i_2/O
INFO: [Physopt 32-662] Processed net u_fam_detector/r_cfg_fs_window_sel[1]_repN.  Did not re-place instance u_fam_detector/r_cfg_fs_window_sel_reg[1]_replica/Q
INFO: [Physopt 32-663] Processed net u_fam_detector/r_cfg_fs_window_sel[0].  Re-placed instance u_fam_detector/r_cfg_fs_window_sel_reg[0]/Q
INFO: [Physopt 32-662] Processed net u_fam_detector/u_threshold_calculator/threshold_rom_inst/addr__0_carry_i_9_n_0.  Did not re-place instance u_fam_detector/u_threshold_calculator/threshold_rom_inst/addr__0_carry_i_9/O
INFO: [Physopt 32-662] Processed net u_fam_detector/r_cfg_th_data_size[8].  Did not re-place instance u_fam_detector/r_cfg_th_data_size_reg[8]/Q
INFO: [Physopt 32-662] Processed net u_fam_detector/u_threshold_calculator/threshold_rom_inst/addr__0_carry_i_17_n_0.  Did not re-place instance u_fam_detector/u_threshold_calculator/threshold_rom_inst/addr__0_carry_i_17/O
INFO: [Physopt 32-662] Processed net u_fam_detector/u_threshold_calculator/threshold_rom_inst/addr__0_carry_i_16_n_0.  Did not re-place instance u_fam_detector/u_threshold_calculator/threshold_rom_inst/addr__0_carry_i_16/O
INFO: [Physopt 32-662] Processed net u_fam_detector/u_threshold_calculator/threshold_rom_inst/addr__0_carry_i_19_n_0.  Did not re-place instance u_fam_detector/u_threshold_calculator/threshold_rom_inst/addr__0_carry_i_19/O
INFO: [Physopt 32-661] Optimized 1 net.  Re-placed 2 instances.
INFO: [Physopt 32-775] End 1 Pass. Optimized 1 net or cell. Created 0 new cell, deleted 0 existing cell and moved 2 existing cells
INFO: [Physopt 32-619] Estimated Timing Summary | WNS=-0.371 | TNS=-0.795 |
Netlist sorting complete. Time (s): cpu = 00:00:00 ; elapsed = 00:00:00.058 . Memory (MB): peak = 2893.297 ; gain = 0.000
Phase 10 Multi Cell Placement Optimization | Checksum: d5d15bbc

Time (s): cpu = 00:00:23 ; elapsed = 00:00:18 . Memory (MB): peak = 2893.297 ; gain = 4.254

Phase 11 Rewire
INFO: [Physopt 32-246] Starting Signal Push optimization...
INFO: [Physopt 32-77] Pass 1. Identified 2 candidate nets for rewire optimization.
INFO: [Physopt 32-134] Processed net u_ps_comblock_setup/ps_comblock_setup_i/comblock_0/U0/AXIL_inst/p_4_in. Rewiring did not optimize the net.
INFO: [Physopt 32-242] Processed net u_ps_comblock_setup/ps_comblock_setup_i/comblock_0/U0/comblock_i/fifo_out_g.fifo_out_i/g_async.i_sync_rd2wr/_inferred__1/i__carry__0. Rewired (signal push) u_ps_comblock_setup/ps_comblock_setup_i/comblock_0/U0/comblock_i/fifo_out_g.fifo_out_i/g_async.i_sync_rd2wr/full_r_reg[1] to 1 loads. Replicated 0 times.
INFO: [Physopt 32-232] Optimized 1 net. Created 0 new instance.
INFO: [Physopt 32-775] End 1 Pass. Optimized 1 net or cell. Created 0 new cell, deleted 0 existing cell and moved 0 existing cell
Netlist sorting complete. Time (s): cpu = 00:00:00 ; elapsed = 00:00:00.048 . Memory (MB): peak = 2893.297 ; gain = 0.000
INFO: [Physopt 32-619] Estimated Timing Summary | WNS=-0.330 | TNS=-0.754 |
Netlist sorting complete. Time (s): cpu = 00:00:00 ; elapsed = 00:00:00.042 . Memory (MB): peak = 2893.297 ; gain = 0.000
Phase 11 Rewire | Checksum: f12d09ea

Time (s): cpu = 00:00:24 ; elapsed = 00:00:19 . Memory (MB): peak = 2893.297 ; gain = 4.254

Phase 12 Critical Cell Optimization
INFO: [Physopt 32-46] Identified 14 candidate nets for critical-cell optimization.
INFO: [Physopt 32-572] Net u_ps_comblock_setup/ps_comblock_setup_i/comblock_0/U0/AXIL_inst/p_4_in was not replicated.
Resolution: phys_opt_design can be forced to replicate a net driver using the option -force_replication_on_nets <list of net objects>.
INFO: [Physopt 32-601] Processed net u_fam_detector/u_first_stage/u_input_window_re/r_cfg_fs_window_sel_reg[1][1]_repN. Net driver u_fam_detector/u_first_stage/u_input_window_re/r_prod_mult_reg[30]_i_2_replica was replaced.
INFO: [Physopt 32-81] Processed net u_fam_detector/r_cfg_fs_window_sel[1]_repN. Replicated 2 times.
INFO: [Physopt 32-571] Net u_fam_detector/u_first_stage/u_input_window_re/r_cfg_fs_window_sel_reg[1][0]_repN was not replicated.
INFO: [Physopt 32-571] Net u_fam_detector/u_threshold_calculator/threshold_rom_inst/addr__0_carry_i_9_n_0 was not replicated.
INFO: [Physopt 32-572] Net u_fam_detector/u_threshold_calculator/threshold_rom_inst/addr__0_carry_i_17_n_0 was not replicated.
Resolution: phys_opt_design can be forced to replicate a net driver using the option -force_replication_on_nets <list of net objects>.
INFO: [Physopt 32-571] Net u_fam_detector/u_threshold_calculator/threshold_rom_inst/addr__0_carry_i_13_n_0 was not replicated.
INFO: [Physopt 32-571] Net u_fam_detector/u_threshold_calculator/threshold_rom_inst/A[1] was not replicated.
INFO: [Physopt 32-571] Net u_fam_detector/u_threshold_calculator/threshold_rom_inst/addr__0_carry_i_18_n_0 was not replicated.
INFO: [Physopt 32-571] Net u_fam_detector/u_threshold_calculator/threshold_rom_inst/addr__0_carry_i_8_n_0 was not replicated.
INFO: [Physopt 32-571] Net u_fam_detector/r_cfg_fs_window_sel[0] was not replicated.
INFO: [Physopt 32-571] Net u_fam_detector/u_first_stage/u_input_window_re/r_prod_mult_reg[31]_i_1__0_n_0 was not replicated.
INFO: [Physopt 32-232] Optimized 2 nets. Created 2 new instances.
INFO: [Physopt 32-775] End 1 Pass. Optimized 2 nets or cells. Created 2 new cells, deleted 0 existing cell and moved 0 existing cell
INFO: [Physopt 32-619] Estimated Timing Summary | WNS=-0.330 | TNS=-0.568 |
Netlist sorting complete. Time (s): cpu = 00:00:00 ; elapsed = 00:00:00.078 . Memory (MB): peak = 2893.297 ; gain = 0.000
Phase 12 Critical Cell Optimization | Checksum: 136b2e3bf

Time (s): cpu = 00:00:25 ; elapsed = 00:00:20 . Memory (MB): peak = 2893.297 ; gain = 4.254

Phase 13 SLR Crossing Optimization
Phase 13 SLR Crossing Optimization | Checksum: 136b2e3bf

Time (s): cpu = 00:00:25 ; elapsed = 00:00:20 . Memory (MB): peak = 2893.297 ; gain = 4.254

Phase 14 Fanout Optimization
INFO: [Physopt 32-76] Pass 1. Identified 1 candidate net for fanout optimization.
INFO: [Physopt 32-572] Net u_fam_detector/u_first_stage/u_first_stage_fsmd/r_fft_buffer[2][0][31]_i_1_n_0 was not replicated.
Resolution: phys_opt_design can be forced to replicate a net driver using the option -force_replication_on_nets <list of net objects>.
INFO: [Physopt 32-232] Optimized 0 net. Created 0 new instance.
INFO: [Physopt 32-775] End 1 Pass. Optimized 0 net or cell. Created 0 new cell, deleted 0 existing cell and moved 0 existing cell
Netlist sorting complete. Time (s): cpu = 00:00:00 ; elapsed = 00:00:00.050 . Memory (MB): peak = 2893.297 ; gain = 0.000
Phase 14 Fanout Optimization | Checksum: 136b2e3bf

Time (s): cpu = 00:00:26 ; elapsed = 00:00:21 . Memory (MB): peak = 2893.297 ; gain = 4.254

Phase 15 Single Cell Placement Optimization
INFO: [Physopt 32-660] Identified 189 candidate nets for placement-based optimization.
INFO: [Physopt 32-662] Processed net u_ps_comblock_setup/ps_comblock_setup_i/comblock_0/U0/AXIL_inst/regs_out[0][31]_i_2_n_0.  Did not re-place instance u_ps_comblock_setup/ps_comblock_setup_i/comblock_0/U0/AXIL_inst/regs_out[0][31]_i_2
INFO: [Physopt 32-662] Processed net u_ps_comblock_setup/ps_comblock_setup_i/comblock_0/U0/AXIL_inst/p_4_in.  Did not re-place instance u_ps_comblock_setup/ps_comblock_setup_i/comblock_0/U0/AXIL_inst/ram_reg_i_1
INFO: [Physopt 32-662] Processed net u_ps_comblock_setup/ps_comblock_setup_i/comblock_0/U0/comblock_i/fifo_out_g.fifo_out_i/full.  Did not re-place instance u_ps_comblock_setup/ps_comblock_setup_i/comblock_0/U0/comblock_i/fifo_out_g.fifo_out_i/full_r_i_1_rewire
INFO: [Physopt 32-662] Processed net u_ps_comblock_setup/ps_comblock_setup_i/comblock_0/U0/comblock_i/fifo_out_g.fifo_out_i/g_async.i_sync_rd2wr/_inferred__1/i__carry__0.  Did not re-place instance u_ps_comblock_setup/ps_comblock_setup_i/comblock_0/U0/comblock_i/fifo_out_g.fifo_out_i/g_async.i_sync_rd2wr/full_r_i_3_rewire
INFO: [Physopt 32-662] Processed net u_ps_comblock_setup/ps_comblock_setup_i/comblock_0/U0/comblock_i/fifo_out_g.fifo_out_i/g_async.i_sync_rd2wr/data_r_reg[1][7]_0[1].  Did not re-place instance u_ps_comblock_setup/ps_comblock_setup_i/comblock_0/U0/comblock_i/fifo_out_g.fifo_out_i/g_async.i_sync_rd2wr/i__carry__0_i_7__0
INFO: [Physopt 32-662] Processed net u_ps_comblock_setup/ps_comblock_setup_i/comblock_0/U0/comblock_i/fifo_out_g.fifo_out_i/i__carry_i_13_n_0.  Did not re-place instance u_ps_comblock_setup/ps_comblock_setup_i/comblock_0/U0/comblock_i/fifo_out_g.fifo_out_i/i__carry_i_13
INFO: [Physopt 32-662] Processed net u_ps_comblock_setup/ps_comblock_setup_i/comblock_0/U0/comblock_i/fifo_out_g.fifo_out_i/full_r.  Did not re-place instance u_ps_comblock_setup/ps_comblock_setup_i/comblock_0/U0/comblock_i/fifo_out_g.fifo_out_i/full_r_reg
INFO: [Physopt 32-662] Processed net u_ps_comblock_setup/ps_comblock_setup_i/comblock_0/U0/comblock_i/fifo_out_g.fifo_out_i/g_async.i_sync_rd2wr/data_r_reg[1][10]_0[1].  Did not re-place instance u_ps_comblock_setup/ps_comblock_setup_i/comblock_0/U0/comblock_i/fifo_out_g.fifo_out_i/g_async.i_sync_rd2wr/i__carry__1_i_4__0
INFO: [Physopt 32-662] Processed net u_ps_comblock_setup/ps_comblock_setup_i/comblock_0/U0/comblock_i/fifo_out_g.fifo_out_i/g_async.i_sync_rd2wr/data_r_reg[1][7]_0[0].  Did not re-place instance u_ps_comblock_setup/ps_comblock_setup_i/comblock_0/U0/comblock_i/fifo_out_g.fifo_out_i/g_async.i_sync_rd2wr/i__carry__0_i_8__0
INFO: [Physopt 32-662] Processed net u_ps_comblock_setup/ps_comblock_setup_i/comblock_0/U0/comblock_i/fifo_out_g.fifo_out_i/_inferred__1/i__carry_0.  Did not re-place instance u_ps_comblock_setup/ps_comblock_setup_i/comblock_0/U0/comblock_i/fifo_out_g.fifo_out_i/full_r_i_2
INFO: [Physopt 32-662] Processed net u_ps_comblock_setup/ps_comblock_setup_i/comblock_0/U0/AXIL_inst/axi_rdata[0]_i_2_n_0.  Did not re-place instance u_ps_comblock_setup/ps_comblock_setup_i/comblock_0/U0/AXIL_inst/axi_rdata[0]_i_2
INFO: [Physopt 32-662] Processed net u_ps_comblock_setup/ps_comblock_setup_i/comblock_0/U0/comblock_i/fifo_out_g.fifo_out_i/g_async.i_sync_rd2wr/_inferred__1/i__carry__0_repN.  Did not re-place instance u_ps_comblock_setup/ps_comblock_setup_i/comblock_0/U0/comblock_i/fifo_out_g.fifo_out_i/g_async.i_sync_rd2wr/full_r_i_3_replica
INFO: [Physopt 32-662] Processed net u_ps_comblock_setup/ps_comblock_setup_i/comblock_0/U0/AXIL_inst/axil_rdata[0].  Did not re-place instance u_ps_comblock_setup/ps_comblock_setup_i/comblock_0/U0/AXIL_inst/axi_rdata_reg[0]
INFO: [Physopt 32-662] Processed net u_ps_comblock_setup/ps_comblock_setup_i/comblock_0/U0/comblock_i/fifo_out_g.fifo_out_i/g_async.i_sync_rd2wr/data_r_reg[1][10]_0[0].  Did not re-place instance u_ps_comblock_setup/ps_comblock_setup_i/comblock_0/U0/comblock_i/fifo_out_g.fifo_out_i/g_async.i_sync_rd2wr/i__carry__1_i_5__0
INFO: [Physopt 32-662] Processed net u_ps_comblock_setup/ps_comblock_setup_i/comblock_0/U0/comblock_i/fifo_out_g.fifo_out_i/g_async.i_sync_rd2wr/S[3].  Did not re-place instance u_ps_comblock_setup/ps_comblock_setup_i/comblock_0/U0/comblock_i/fifo_out_g.fifo_out_i/g_async.i_sync_rd2wr/i__carry_i_5__1
INFO: [Physopt 32-662] Processed net u_ps_comblock_setup/ps_comblock_setup_i/comblock_0/U0/comblock_i/fifo_out_g.fifo_out_i/g_async.i_sync_rd2wr/data_r_reg[1][7]_0[3].  Did not re-place instance u_ps_comblock_setup/ps_comblock_setup_i/comblock_0/U0/comblock_i/fifo_out_g.fifo_out_i/g_async.i_sync_rd2wr/i__carry__0_i_5
INFO: [Physopt 32-662] Processed net u_ps_comblock_setup/ps_comblock_setup_i/comblock_0/U0/AXIL_inst/axi_rdata[1]_i_2_n_0.  Did not re-place instance u_ps_comblock_setup/ps_comblock_setup_i/comblock_0/U0/AXIL_inst/axi_rdata[1]_i_2
INFO: [Physopt 32-662] Processed net u_ps_comblock_setup/ps_comblock_setup_i/comblock_0/U0/comblock_i/fifo_out_g.fifo_out_i/_inferred__1/i__carry__1_0.  Did not re-place instance u_ps_comblock_setup/ps_comblock_setup_i/comblock_0/U0/comblock_i/fifo_out_g.fifo_out_i/axi_rdata[1]_i_4
INFO: [Physopt 32-662] Processed net u_ps_comblock_setup/ps_comblock_setup_i/comblock_0/U0/AXIL_inst/axil_rdata[1].  Did not re-place instance u_ps_comblock_setup/ps_comblock_setup_i/comblock_0/U0/AXIL_inst/axi_rdata_reg[1]
INFO: [Physopt 32-662] Processed net u_fam_detector/u_threshold_calculator/threshold_rom_inst/addr__0_carry_i_9_n_0.  Did not re-place instance u_fam_detector/u_threshold_calculator/threshold_rom_inst/addr__0_carry_i_9
INFO: [Physopt 32-662] Processed net u_fam_detector/r_cfg_th_data_size[8].  Did not re-place instance u_fam_detector/r_cfg_th_data_size_reg[8]
INFO: [Physopt 32-662] Processed net u_fam_detector/u_threshold_calculator/threshold_rom_inst/addr__0_carry_i_17_n_0.  Did not re-place instance u_fam_detector/u_threshold_calculator/threshold_rom_inst/addr__0_carry_i_17
INFO: [Physopt 32-662] Processed net u_fam_detector/u_threshold_calculator/threshold_rom_inst/addr__0_carry_i_16_n_0.  Did not re-place instance u_fam_detector/u_threshold_calculator/threshold_rom_inst/addr__0_carry_i_16
INFO: [Physopt 32-663] Processed net u_fam_detector/u_threshold_calculator/threshold_rom_inst/addr__0_carry_i_19_n_0.  Re-placed instance u_fam_detector/u_threshold_calculator/threshold_rom_inst/addr__0_carry_i_19
INFO: [Physopt 32-662] Processed net u_fam_detector/u_threshold_calculator/threshold_rom_inst/addr__0_carry_i_1_n_0.  Did not re-place instance u_fam_detector/u_threshold_calculator/threshold_rom_inst/addr__0_carry_i_1
INFO: [Physopt 32-662] Processed net u_fam_detector/u_threshold_calculator/threshold_rom_inst/addr__0_carry_i_13_n_0.  Did not re-place instance u_fam_detector/u_threshold_calculator/threshold_rom_inst/addr__0_carry_i_13
INFO: [Physopt 32-662] Processed net u_fam_detector/u_threshold_calculator/threshold_rom_inst/A[1].  Did not re-place instance u_fam_detector/u_threshold_calculator/threshold_rom_inst/addr__0_carry_i_2
INFO: [Physopt 32-662] Processed net u_fam_detector/u_threshold_calculator/threshold_rom_inst/addr__0_carry_i_18_n_0.  Did not re-place instance u_fam_detector/u_threshold_calculator/threshold_rom_inst/addr__0_carry_i_18
INFO: [Physopt 32-662] Processed net u_fam_detector/u_threshold_calculator/threshold_rom_inst/addr__0_carry_i_8_n_0.  Did not re-place instance u_fam_detector/u_threshold_calculator/threshold_rom_inst/addr__0_carry_i_8
INFO: [Physopt 32-662] Processed net u_fam_detector/r_cfg_th_data_size[1].  Did not re-place instance u_fam_detector/r_cfg_th_data_size_reg[1]
INFO: [Physopt 32-662] Processed net u_fam_detector/u_threshold_calculator/threshold_rom_inst/addr__0_carry_i_6_n_0.  Did not re-place instance u_fam_detector/u_threshold_calculator/threshold_rom_inst/addr__0_carry_i_6
INFO: [Physopt 32-663] Processed net u_fam_detector/u_first_stage/u_input_window_re/r_prod_mult_reg[31]_i_1__0_n_0.  Re-placed instance u_fam_detector/u_first_stage/u_input_window_re/r_prod_mult_reg[31]_i_1__0
INFO: [Physopt 32-662] Processed net u_fam_detector/r_cfg_fs_window_sel[0].  Did not re-place instance u_fam_detector/r_cfg_fs_window_sel_reg[0]
INFO: [Physopt 32-662] Processed net u_fam_detector/u_first_stage/u_input_window_re/r_cfg_fs_window_sel_reg[1][0]_repN.  Did not re-place instance u_fam_detector/u_first_stage/u_input_window_re/r_prod_mult_reg[30]_i_3_replica
INFO: [Physopt 32-663] Processed net u_fam_detector/r_cfg_fs_window_sel[1]_repN.  Re-placed instance u_fam_detector/r_cfg_fs_window_sel_reg[1]_replica
INFO: [Physopt 32-663] Processed net u_fam_detector/u_first_stage/u_input_window_re/r_cfg_fs_window_sel_reg[1][1]_repN.  Re-placed instance u_fam_detector/u_first_stage/u_input_window_re/r_prod_mult_reg[30]_i_2_replica
INFO: [Physopt 32-663] Processed net u_fam_detector/r_cfg_th_data_size[7].  Re-placed instance u_fam_detector/r_cfg_th_data_size_reg[7]
INFO: [Physopt 32-662] Processed net u_ps_comblock_setup/ps_comblock_setup_i/ps7_0_axi_periph/s00_couplers/auto_pc/inst/gen_axilite.gen_b2s_conv.axilite_b2s/WR.aw_channel_0/aw_cmd_fsm_0/m_axi_awvalid.  Did not re-place instance u_ps_comblock_setup/ps_comblock_setup_i/ps7_0_axi_periph/s00_couplers/auto_pc/inst/gen_axilite.gen_b2s_conv.axilite_b2s/WR.aw_channel_0/aw_cmd_fsm_0/m_axi_awvalid_INST_0
INFO: [Physopt 32-662] Processed net u_ps_comblock_setup/ps_comblock_setup_i/ps7_0_axi_periph/s00_couplers/auto_pc/inst/gen_axilite.gen_b2s_conv.axilite_b2s/WR.aw_channel_0/aw_cmd_fsm_0/Q[1]_repN.  Did not re-place instance u_ps_comblock_setup/ps_comblock_setup_i/ps7_0_axi_periph/s00_couplers/auto_pc/inst/gen_axilite.gen_b2s_conv.axilite_b2s/WR.aw_channel_0/aw_cmd_fsm_0/FSM_sequential_state_reg[1]_replica
INFO: [Physopt 32-663] Processed net u_fam_detector/r_cfg_th_data_size[10].  Re-placed instance u_fam_detector/r_cfg_th_data_size_reg[10]
INFO: [Physopt 32-662] Processed net u_fam_detector/u_first_stage/u_input_window_im/r_prod_mult_reg[31]_i_1_n_0.  Did not re-place instance u_fam_detector/u_first_stage/u_input_window_im/r_prod_mult_reg[31]_i_1
INFO: [Physopt 32-662] Processed net u_fam_detector/u_threshold_calculator/threshold_rom_inst/addr__0_carry_i_10_n_0.  Did not re-place instance u_fam_detector/u_threshold_calculator/threshold_rom_inst/addr__0_carry_i_10
INFO: [Physopt 32-663] Processed net u_fam_detector/r_cfg_th_data_size[6].  Re-placed instance u_fam_detector/r_cfg_th_data_size_reg[6]
INFO: [Physopt 32-662] Processed net u_ps_comblock_setup/ps_comblock_setup_i/comblock_0/U0/comblock_i/fifo_out_g.fifo_out_i/g_async.i_sync_rd2wr/S[0].  Did not re-place instance u_ps_comblock_setup/ps_comblock_setup_i/comblock_0/U0/comblock_i/fifo_out_g.fifo_out_i/g_async.i_sync_rd2wr/i__carry_i_8__1
INFO: [Physopt 32-662] Processed net u_ps_comblock_setup/ps_comblock_setup_i/ps7_0_axi_periph/s00_couplers/auto_pc/inst/gen_axilite.gen_b2s_conv.axilite_b2s/WR.aw_channel_0/aw_cmd_fsm_0/Q[0].  Did not re-place instance u_ps_comblock_setup/ps_comblock_setup_i/ps7_0_axi_periph/s00_couplers/auto_pc/inst/gen_axilite.gen_b2s_conv.axilite_b2s/WR.aw_channel_0/aw_cmd_fsm_0/FSM_sequential_state_reg[0]
INFO: [Physopt 32-662] Processed net u_fam_detector/u_first_stage/resize_saturate01_carry_i_6_n_0.  Did not re-place instance u_fam_detector/u_first_stage/resize_saturate01_carry_i_6
INFO: [Physopt 32-662] Processed net u_fam_detector/u_first_stage/GEN_FFT1[1].u_fft1/U0/i_synth/axi_wrapper/data_out_channel/gen_real_time.data_out_reg[32]_0[17].  Did not re-place instance u_fam_detector/u_first_stage/GEN_FFT1[1].u_fft1/U0/i_synth/axi_wrapper/data_out_channel/gen_real_time.data_out_reg[17]
INFO: [Physopt 32-662] Processed net u_fam_detector/u_first_stage/resize_saturate01_carry_i_10_n_0.  Did not re-place instance u_fam_detector/u_first_stage/resize_saturate01_carry_i_10
INFO: [Physopt 32-662] Processed net u_fam_detector/u_first_stage/r_i_mod4_reg[1]_3[1].  Did not re-place instance u_fam_detector/u_first_stage/resize_saturate01_carry_i_3
INFO: [Physopt 32-662] Processed net u_fam_detector/u_first_stage/r_tdata[22]_i_4__1_n_0.  Did not re-place instance u_fam_detector/u_first_stage/r_tdata[22]_i_4__1
INFO: [Physopt 32-662] Processed net u_fam_detector/u_first_stage/top_mux_reset_reg_9.  Did not re-place instance u_fam_detector/u_first_stage/r_tdata[12]_i_1
INFO: [Physopt 32-663] Processed net u_fam_detector/u_second_stage/u_phase_corrector/GEN_PHASE_CORRECTOR[1].u_phase_corrector/w_phase_tdata[1]_303[12].  Re-placed instance u_fam_detector/u_second_stage/u_phase_corrector/GEN_PHASE_CORRECTOR[1].u_phase_corrector/r_tdata_reg[12]
INFO: [Physopt 32-663] Processed net u_fam_detector/r_cfg_th_data_size[0].  Re-placed instance u_fam_detector/r_cfg_th_data_size_reg[0]
INFO: [Physopt 32-662] Processed net u_fam_detector/u_first_stage/u_input_window_re/r_prod_mult_reg[28]_i_1__0_n_0.  Did not re-place instance u_fam_detector/u_first_stage/u_input_window_re/r_prod_mult_reg[28]_i_1__0
INFO: [Physopt 32-662] Processed net u_fam_detector/u_first_stage/u_input_window_im/B[0].  Did not re-place instance u_fam_detector/u_first_stage/u_input_window_im/r_prod_mult_reg[28]_i_1
INFO: [Physopt 32-662] Processed net u_fam_detector/u_second_stage/u_controller/top_mux_reset_reg_5.  Did not re-place instance u_fam_detector/u_second_stage/u_controller/r_tdata[30]_i_1__2
INFO: [Physopt 32-662] Processed net u_fam_detector/u_first_stage/i__carry_i_6__3_n_0.  Did not re-place instance u_fam_detector/u_first_stage/i__carry_i_6__3
INFO: [Physopt 32-662] Processed net u_fam_detector/u_first_stage/GEN_FFT1[3].u_fft1/U0/i_synth/axi_wrapper/data_out_channel/gen_real_time.data_out_reg[32]_0[1].  Did not re-place instance u_fam_detector/u_first_stage/GEN_FFT1[3].u_fft1/U0/i_synth/axi_wrapper/data_out_channel/gen_real_time.data_out_reg[1]
INFO: [Physopt 32-662] Processed net u_fam_detector/u_first_stage/resize_saturate21_carry_i_10_n_0.  Did not re-place instance u_fam_detector/u_first_stage/resize_saturate21_carry_i_10
INFO: [Physopt 32-662] Processed net u_fam_detector/u_first_stage/r_i_mod4_reg[1]_13[1].  Did not re-place instance u_fam_detector/u_first_stage/i__carry_i_3__6
INFO: [Physopt 32-662] Processed net u_fam_detector/u_first_stage/r_tdata[5]_i_4_n_0.  Did not re-place instance u_fam_detector/u_first_stage/r_tdata[5]_i_4
INFO: [Physopt 32-662] Processed net u_fam_detector/u_second_stage/u_phase_corrector/GEN_PHASE_CORRECTOR[3].u_phase_corrector/w_phase_tdata[3]_305[24].  Did not re-place instance u_fam_detector/u_second_stage/u_phase_corrector/GEN_PHASE_CORRECTOR[3].u_phase_corrector/r_tdata_reg[24]
INFO: [Physopt 32-662] Processed net u_fam_detector/u_second_stage/u_phase_corrector/GEN_PHASE_CORRECTOR[3].u_phase_corrector/w_phase_tdata[3]_305[26].  Did not re-place instance u_fam_detector/u_second_stage/u_phase_corrector/GEN_PHASE_CORRECTOR[3].u_phase_corrector/r_tdata_reg[26]
INFO: [Physopt 32-662] Processed net u_fam_detector/u_second_stage/u_phase_corrector/GEN_PHASE_CORRECTOR[3].u_phase_corrector/w_phase_tdata[3]_305[27].  Did not re-place instance u_fam_detector/u_second_stage/u_phase_corrector/GEN_PHASE_CORRECTOR[3].u_phase_corrector/r_tdata_reg[27]
INFO: [Physopt 32-662] Processed net u_fam_detector/u_second_stage/u_phase_corrector/GEN_PHASE_CORRECTOR[3].u_phase_corrector/w_phase_tdata[3]_305[28].  Did not re-place instance u_fam_detector/u_second_stage/u_phase_corrector/GEN_PHASE_CORRECTOR[3].u_phase_corrector/r_tdata_reg[28]
INFO: [Physopt 32-662] Processed net u_fam_detector/u_second_stage/u_phase_corrector/GEN_PHASE_CORRECTOR[3].u_phase_corrector/w_phase_tdata[3]_305[30].  Did not re-place instance u_fam_detector/u_second_stage/u_phase_corrector/GEN_PHASE_CORRECTOR[3].u_phase_corrector/r_tdata_reg[30]
INFO: [Physopt 32-662] Processed net u_fam_detector/u_second_stage/u_controller/top_mux_reset_reg_6.  Did not re-place instance u_fam_detector/u_second_stage/u_controller/r_tdata[14]_i_1__2
INFO: [Physopt 32-662] Processed net u_fam_detector/u_first_stage/resize_saturate21_carry_i_6_n_0.  Did not re-place instance u_fam_detector/u_first_stage/resize_saturate21_carry_i_6
INFO: [Physopt 32-662] Processed net u_fam_detector/u_first_stage/GEN_FFT1[3].u_fft1/U0/i_synth/axi_wrapper/data_out_channel/gen_real_time.data_out_reg[32]_0[17].  Did not re-place instance u_fam_detector/u_first_stage/GEN_FFT1[3].u_fft1/U0/i_synth/axi_wrapper/data_out_channel/gen_real_time.data_out_reg[17]
INFO: [Physopt 32-663] Processed net u_fam_detector/u_first_stage/resize_saturate21_carry_i_9_n_0.  Re-placed instance u_fam_detector/u_first_stage/resize_saturate21_carry_i_9
INFO: [Physopt 32-662] Processed net u_fam_detector/u_first_stage/r_i_mod4_reg[1]_14[1].  Did not re-place instance u_fam_detector/u_first_stage/i__carry_i_3__7
INFO: [Physopt 32-662] Processed net u_fam_detector/u_first_stage/r_tdata[22]_i_4_n_0.  Did not re-place instance u_fam_detector/u_first_stage/r_tdata[22]_i_4
INFO: [Physopt 32-662] Processed net u_fam_detector/u_second_stage/u_phase_corrector/GEN_PHASE_CORRECTOR[3].u_phase_corrector/w_phase_tdata[3]_305[2].  Did not re-place instance u_fam_detector/u_second_stage/u_phase_corrector/GEN_PHASE_CORRECTOR[3].u_phase_corrector/r_tdata_reg[2]
INFO: [Physopt 32-663] Processed net u_fam_detector/u_second_stage/u_phase_corrector/GEN_PHASE_CORRECTOR[3].u_phase_corrector/w_phase_tdata[3]_305[3].  Re-placed instance u_fam_detector/u_second_stage/u_phase_corrector/GEN_PHASE_CORRECTOR[3].u_phase_corrector/r_tdata_reg[3]
INFO: [Physopt 32-663] Processed net u_fam_detector/u_second_stage/u_phase_corrector/GEN_PHASE_CORRECTOR[3].u_phase_corrector/w_phase_tdata[3]_305[5].  Re-placed instance u_fam_detector/u_second_stage/u_phase_corrector/GEN_PHASE_CORRECTOR[3].u_phase_corrector/r_tdata_reg[5]
INFO: [Physopt 32-663] Processed net u_fam_detector/u_second_stage/u_phase_corrector/GEN_PHASE_CORRECTOR[3].u_phase_corrector/w_phase_tdata[3]_305[6].  Re-placed instance u_fam_detector/u_second_stage/u_phase_corrector/GEN_PHASE_CORRECTOR[3].u_phase_corrector/r_tdata_reg[6]
INFO: [Physopt 32-663] Processed net u_fam_detector/u_second_stage/u_phase_corrector/GEN_PHASE_CORRECTOR[3].u_phase_corrector/w_phase_tdata[3]_305[8].  Re-placed instance u_fam_detector/u_second_stage/u_phase_corrector/GEN_PHASE_CORRECTOR[3].u_phase_corrector/r_tdata_reg[8]
INFO: [Physopt 32-662] Processed net u_fam_detector/r_cfg_th_data_size[3].  Did not re-place instance u_fam_detector/r_cfg_th_data_size_reg[3]
INFO: [Physopt 32-662] Processed net u_ps_comblock_setup/ps_comblock_setup_i/comblock_0/U0/comblock_i/fifo_out_g.fifo_out_i/g_async.i_sync_rd2wr/data_r_reg[1][7]_0[2].  Did not re-place instance u_ps_comblock_setup/ps_comblock_setup_i/comblock_0/U0/comblock_i/fifo_out_g.fifo_out_i/g_async.i_sync_rd2wr/i__carry__0_i_6__0
INFO: [Physopt 32-662] Processed net u_fam_detector/u_first_stage/r_tdata[14]_i_3_n_0.  Did not re-place instance u_fam_detector/u_first_stage/r_tdata[14]_i_3
INFO: [Physopt 32-662] Processed net u_fam_detector/u_first_stage/r_tdata[30]_i_5_n_0.  Did not re-place instance u_fam_detector/u_first_stage/r_tdata[30]_i_5
INFO: [Physopt 32-662] Processed net u_fam_detector/u_first_stage/r_i_mod4_reg[1]_3[0].  Did not re-place instance u_fam_detector/u_first_stage/resize_saturate01_carry_i_4
INFO: [Physopt 32-662] Processed net u_fam_detector/u_threshold_calculator/threshold_rom_inst/addr__0_carry_i_4_n_0.  Did not re-place instance u_fam_detector/u_threshold_calculator/threshold_rom_inst/addr__0_carry_i_4
INFO: [Physopt 32-662] Processed net u_fam_detector/r_cfg_fs_window_sel[1].  Did not re-place instance u_fam_detector/r_cfg_fs_window_sel_reg[1]
INFO: [Physopt 32-662] Processed net u_fam_detector/u_threshold_calculator/threshold_rom_inst/addr__0_carry_i_5_n_0.  Did not re-place instance u_fam_detector/u_threshold_calculator/threshold_rom_inst/addr__0_carry_i_5
INFO: [Physopt 32-662] Processed net u_fam_detector/u_first_stage/u_input_window_im/r_prod_mult_reg[31]_i_2_n_0.  Did not re-place instance u_fam_detector/u_first_stage/u_input_window_im/r_prod_mult_reg[31]_i_2
INFO: [Physopt 32-663] Processed net u_fam_detector/r_cfg_th_data_size[9].  Re-placed instance u_fam_detector/r_cfg_th_data_size_reg[9]
INFO: [Physopt 32-662] Processed net u_fam_detector/u_second_stage/u_controller/top_mux_reset_reg_2.  Did not re-place instance u_fam_detector/u_second_stage/u_controller/r_tdata[14]_i_1__0
INFO: [Physopt 32-663] Processed net u_fam_detector/u_first_stage/r_i_mod4_reg[1]_12[0].  Re-placed instance u_fam_detector/u_first_stage/i__carry_i_4__2
INFO: [Common 17-14] Message 'Physopt 32-663' appears 100 times and further instances of the messages will be disabled. Use the Tcl command set_msg_config to change the current settings.
INFO: [Physopt 32-662] Processed net u_fam_detector/u_first_stage/r_i_mod4_reg[1]_2[1].  Did not re-place instance u_fam_detector/u_first_stage/resize_saturate01_carry_i_1
INFO: [Physopt 32-662] Processed net u_fam_detector/u_first_stage/r_i_mod4_reg[1]_4[0].  Did not re-place instance u_fam_detector/u_first_stage/i__carry_i_2__4
INFO: [Physopt 32-662] Processed net u_fam_detector/u_first_stage/i__carry_i_5__0_n_0.  Did not re-place instance u_fam_detector/u_first_stage/i__carry_i_5__0
INFO: [Physopt 32-662] Processed net u_fam_detector/u_second_stage/u_phase_corrector/GEN_PHASE_CORRECTOR[1].u_phase_corrector/w_phase_tdata[1]_303[11].  Did not re-place instance u_fam_detector/u_second_stage/u_phase_corrector/GEN_PHASE_CORRECTOR[1].u_phase_corrector/r_tdata_reg[11]
INFO: [Physopt 32-662] Processed net u_fam_detector/u_second_stage/u_phase_corrector/GEN_PHASE_CORRECTOR[1].u_phase_corrector/w_phase_tdata[1]_303[13].  Did not re-place instance u_fam_detector/u_second_stage/u_phase_corrector/GEN_PHASE_CORRECTOR[1].u_phase_corrector/r_tdata_reg[13]
INFO: [Physopt 32-662] Processed net u_fam_detector/u_second_stage/u_phase_corrector/GEN_PHASE_CORRECTOR[3].u_phase_corrector/w_phase_tdata[3]_305[18].  Did not re-place instance u_fam_detector/u_second_stage/u_phase_corrector/GEN_PHASE_CORRECTOR[3].u_phase_corrector/r_tdata_reg[18]
INFO: [Physopt 32-662] Processed net u_fam_detector/u_second_stage/u_phase_corrector/GEN_PHASE_CORRECTOR[3].u_phase_corrector/w_phase_tdata[3]_305[19].  Did not re-place instance u_fam_detector/u_second_stage/u_phase_corrector/GEN_PHASE_CORRECTOR[3].u_phase_corrector/r_tdata_reg[19]
INFO: [Physopt 32-662] Processed net u_fam_detector/u_second_stage/u_phase_corrector/GEN_PHASE_CORRECTOR[3].u_phase_corrector/w_phase_tdata[3]_305[20].  Did not re-place instance u_fam_detector/u_second_stage/u_phase_corrector/GEN_PHASE_CORRECTOR[3].u_phase_corrector/r_tdata_reg[20]
INFO: [Physopt 32-662] Processed net u_fam_detector/u_second_stage/u_phase_corrector/GEN_PHASE_CORRECTOR[3].u_phase_corrector/w_phase_tdata[3]_305[21].  Did not re-place instance u_fam_detector/u_second_stage/u_phase_corrector/GEN_PHASE_CORRECTOR[3].u_phase_corrector/r_tdata_reg[21]
INFO: [Physopt 32-662] Processed net u_fam_detector/u_second_stage/u_phase_corrector/GEN_PHASE_CORRECTOR[3].u_phase_corrector/w_phase_tdata[3]_305[22].  Did not re-place instance u_fam_detector/u_second_stage/u_phase_corrector/GEN_PHASE_CORRECTOR[3].u_phase_corrector/r_tdata_reg[22]
INFO: [Physopt 32-662] Processed net u_fam_detector/u_second_stage/u_phase_corrector/GEN_PHASE_CORRECTOR[3].u_phase_corrector/w_phase_tdata[3]_305[23].  Did not re-place instance u_fam_detector/u_second_stage/u_phase_corrector/GEN_PHASE_CORRECTOR[3].u_phase_corrector/r_tdata_reg[23]
INFO: [Physopt 32-662] Processed net u_fam_detector/u_second_stage/u_phase_corrector/GEN_PHASE_CORRECTOR[3].u_phase_corrector/w_phase_tdata[3]_305[25].  Did not re-place instance u_fam_detector/u_second_stage/u_phase_corrector/GEN_PHASE_CORRECTOR[3].u_phase_corrector/r_tdata_reg[25]
INFO: [Physopt 32-662] Processed net u_fam_detector/u_second_stage/u_phase_corrector/GEN_PHASE_CORRECTOR[3].u_phase_corrector/w_phase_tdata[3]_305[29].  Did not re-place instance u_fam_detector/u_second_stage/u_phase_corrector/GEN_PHASE_CORRECTOR[3].u_phase_corrector/r_tdata_reg[29]
INFO: [Physopt 32-662] Processed net u_fam_detector/u_first_stage/GEN_FFT1[1].u_fft1/U0/i_synth/axi_wrapper/data_out_channel/gen_real_time.data_out_reg[32]_0[19].  Did not re-place instance u_fam_detector/u_first_stage/GEN_FFT1[1].u_fft1/U0/i_synth/axi_wrapper/data_out_channel/gen_real_time.data_out_reg[19]
INFO: [Physopt 32-662] Processed net u_fam_detector/u_first_stage/i__carry_i_5_n_0.  Did not re-place instance u_fam_detector/u_first_stage/i__carry_i_5
INFO: [Physopt 32-662] Processed net u_fam_detector/u_first_stage/r_tdata[28]_i_3_n_0.  Did not re-place instance u_fam_detector/u_first_stage/r_tdata[28]_i_3
INFO: [Physopt 32-662] Processed net u_fam_detector/u_second_stage/u_controller/top_mux_reset_reg_1.  Did not re-place instance u_fam_detector/u_second_stage/u_controller/r_tdata[30]_i_1__0
INFO: [Physopt 32-662] Processed net u_fam_detector/u_first_stage/resize_saturate01_carry_i_7_n_0.  Did not re-place instance u_fam_detector/u_first_stage/resize_saturate01_carry_i_7
INFO: [Physopt 32-662] Processed net u_fam_detector/u_first_stage/r_i_mod4_reg[1]_11[1].  Did not re-place instance u_fam_detector/u_first_stage/i__carry_i_3__2
INFO: [Physopt 32-662] Processed net u_fam_detector/u_first_stage/r_tdata[28]_i_12_n_0.  Did not re-place instance u_fam_detector/u_first_stage/r_tdata[28]_i_12
INFO: [Physopt 32-662] Processed net u_fam_detector/u_first_stage/u_first_stage_fsmd/r_fft_buffer[3][0][31]_i_1_n_0.  Did not re-place instance u_fam_detector/u_first_stage/u_first_stage_fsmd/r_fft_buffer[3][0][31]_i_1
INFO: [Physopt 32-662] Processed net u_fam_detector/r_scd_run.  Did not re-place instance u_fam_detector/r_scd_run_reg
INFO: [Physopt 32-662] Processed net u_fam_detector/u_first_stage/u_first_stage_fsmd/r_fft_index[0][4]_i_5_n_0.  Did not re-place instance u_fam_detector/u_first_stage/u_first_stage_fsmd/r_fft_index[0][4]_i_5
INFO: [Physopt 32-662] Processed net u_fam_detector/u_first_stage/u_first_stage_fsmd/r_fft_buffer_reg[3][1]_201[12].  Did not re-place instance u_fam_detector/u_first_stage/u_first_stage_fsmd/r_fft_buffer_reg[3][1][12]
INFO: [Physopt 32-662] Processed net u_fam_detector/u_first_stage/u_first_stage_fsmd/r_fft_buffer_reg[3][20]_220[21].  Did not re-place instance u_fam_detector/u_first_stage/u_first_stage_fsmd/r_fft_buffer_reg[3][20][21]
INFO: [Physopt 32-662] Processed net u_fam_detector/u_first_stage/u_first_stage_fsmd/r_fft_buffer_reg[3][24]_224[21].  Did not re-place instance u_fam_detector/u_first_stage/u_first_stage_fsmd/r_fft_buffer_reg[3][24][21]
INFO: [Physopt 32-662] Processed net u_fam_detector/u_first_stage/u_first_stage_fsmd/r_fft_buffer_reg[3][29]_229[21].  Did not re-place instance u_fam_detector/u_first_stage/u_first_stage_fsmd/r_fft_buffer_reg[3][29][21]
INFO: [Physopt 32-662] Processed net u_fam_detector/u_first_stage/u_first_stage_fsmd/r_fft_buffer_reg[3][2]_202[20].  Did not re-place instance u_fam_detector/u_first_stage/u_first_stage_fsmd/r_fft_buffer_reg[3][2][20]
INFO: [Physopt 32-662] Processed net u_fam_detector/u_first_stage/u_first_stage_fsmd/r_fft_buffer_reg[3][30]_230[31].  Did not re-place instance u_fam_detector/u_first_stage/u_first_stage_fsmd/r_fft_buffer_reg[3][30][31]
INFO: [Physopt 32-662] Processed net u_fam_detector/u_first_stage/u_first_stage_fsmd/r_fft_buffer_reg[3][30]_230[6].  Did not re-place instance u_fam_detector/u_first_stage/u_first_stage_fsmd/r_fft_buffer_reg[3][30][6]
INFO: [Physopt 32-662] Processed net u_ps_comblock_setup/ps_comblock_setup_i/comblock_0/U0/comblock_i/fifo_out_g.fifo_out_i/g_async.i_sync_rd2wr/S[1].  Did not re-place instance u_ps_comblock_setup/ps_comblock_setup_i/comblock_0/U0/comblock_i/fifo_out_g.fifo_out_i/g_async.i_sync_rd2wr/i__carry_i_7__1
INFO: [Physopt 32-662] Processed net u_fam_detector/u_first_stage/u_input_window_im/B[0]_repN.  Did not re-place instance u_fam_detector/u_first_stage/u_input_window_im/r_prod_mult_reg[28]_i_1_replica
INFO: [Physopt 32-662] Processed net u_fam_detector/u_first_stage/r_i_mod4_reg[1]_12[1].  Did not re-place instance u_fam_detector/u_first_stage/i__carry_i_3__3
INFO: [Physopt 32-662] Processed net u_fam_detector/u_first_stage/u_first_stage_fsmd/r_fft_buffer[2][0][31]_i_1_n_0.  Did not re-place instance u_fam_detector/u_first_stage/u_first_stage_fsmd/r_fft_buffer[2][0][31]_i_1
INFO: [Physopt 32-662] Processed net u_fam_detector/u_first_stage/u_first_stage_fsmd/r_fft_index_reg_n_0_[2][3].  Did not re-place instance u_fam_detector/u_first_stage/u_first_stage_fsmd/r_fft_index_reg[2][3]
INFO: [Physopt 32-662] Processed net u_fam_detector/u_first_stage/u_first_stage_fsmd/r_fft_sel_reg[1]_0.  Did not re-place instance u_fam_detector/u_first_stage/u_first_stage_fsmd/r_fft_index[2][4]_i_4
INFO: [Physopt 32-662] Processed net u_fam_detector/u_first_stage/u_first_stage_fsmd/r_pending_frame_i_3_n_0.  Did not re-place instance u_fam_detector/u_first_stage/u_first_stage_fsmd/r_pending_frame_i_3
INFO: [Physopt 32-662] Processed net u_fam_detector/u_first_stage/r_i_mod4_reg[1]_10[0].  Did not re-place instance u_fam_detector/u_first_stage/i__carry_i_2__10
INFO: [Physopt 32-662] Processed net u_fam_detector/u_first_stage/u_first_stage_fsmd/r_fft_data[2][31]_i_3_n_0.  Did not re-place instance u_fam_detector/u_first_stage/u_first_stage_fsmd/r_fft_data[2][31]_i_3
INFO: [Physopt 32-662] Processed net u_fam_detector/u_first_stage/i__carry_i_5__4_n_0.  Did not re-place instance u_fam_detector/u_first_stage/i__carry_i_5__4
INFO: [Physopt 32-662] Processed net u_fam_detector/u_first_stage/u_first_stage_fsmd/r_pending_frame_i_6_n_0.  Did not re-place instance u_fam_detector/u_first_stage/u_first_stage_fsmd/r_pending_frame_i_6
INFO: [Physopt 32-662] Processed net u_fam_detector/u_first_stage/u_first_stage_fsmd/r_pending_frame_i_7_n_0.  Did not re-place instance u_fam_detector/u_first_stage/u_first_stage_fsmd/r_pending_frame_i_7
INFO: [Physopt 32-662] Processed net u_fam_detector/u_first_stage/r_tdata[29]_i_4_n_0.  Did not re-place instance u_fam_detector/u_first_stage/r_tdata[29]_i_4
INFO: [Physopt 32-662] Processed net u_fam_detector/u_first_stage/GEN_FFT1[1].u_fft1/U0/i_synth/axi_wrapper/data_out_channel/gen_real_time.data_out_reg[32]_0[3].  Did not re-place instance u_fam_detector/u_first_stage/GEN_FFT1[1].u_fft1/U0/i_synth/axi_wrapper/data_out_channel/gen_real_time.data_out_reg[3]
INFO: [Physopt 32-662] Processed net u_fam_detector/u_first_stage/resize_saturate01_carry_i_8_n_0.  Did not re-place instance u_fam_detector/u_first_stage/resize_saturate01_carry_i_8
INFO: [Physopt 32-662] Processed net u_fam_detector/u_first_stage/r_tdata[29]_i_12_n_0.  Did not re-place instance u_fam_detector/u_first_stage/r_tdata[29]_i_12
INFO: [Physopt 32-662] Processed net u_fam_detector/u_first_stage/r_tdata[29]_i_7_n_0.  Did not re-place instance u_fam_detector/u_first_stage/r_tdata[29]_i_7
INFO: [Physopt 32-662] Processed net u_fam_detector/u_first_stage/r_tdata[22]_i_7__1_n_0.  Did not re-place instance u_fam_detector/u_first_stage/r_tdata[22]_i_7__1
INFO: [Physopt 32-662] Processed net u_comblock_adapter/r_state_reg[1]_0[0].  Did not re-place instance u_comblock_adapter/ps_comblock_setup_i_i_2
INFO: [Physopt 32-662] Processed net u_ps_comblock_setup/ps_comblock_setup_i/comblock_0/U0/comblock_i/fifo_out_g.fifo_out_i/g_async.i_sync_wr2rd/p_0_in20_in.  Did not re-place instance u_ps_comblock_setup/ps_comblock_setup_i/comblock_0/U0/comblock_i/fifo_out_g.fifo_out_i/g_async.i_sync_wr2rd/data_r_reg[1][8]
INFO: [Physopt 32-662] Processed net u_ps_comblock_setup/ps_comblock_setup_i/comblock_0/U0/comblock_i/fifo_out_g.fifo_out_i/fifo_empty_o.  Did not re-place instance u_ps_comblock_setup/ps_comblock_setup_i/comblock_0/U0/comblock_i/fifo_out_g.fifo_out_i/fifo_empty_o_INST_0
INFO: [Physopt 32-662] Processed net u_ps_comblock_setup/ps_comblock_setup_i/comblock_0/U0/comblock_i/fifo_out_g.fifo_out_i/fifo_empty_o_INST_0_i_2_n_0.  Did not re-place instance u_ps_comblock_setup/ps_comblock_setup_i/comblock_0/U0/comblock_i/fifo_out_g.fifo_out_i/fifo_empty_o_INST_0_i_2
INFO: [Physopt 32-662] Processed net u_ps_comblock_setup/ps_comblock_setup_i/comblock_0/U0/comblock_i/fifo_out_g.fifo_out_i/g_async.i_sync_wr2rd/rd_ptr_r_reg[10][0].  Did not re-place instance u_ps_comblock_setup/ps_comblock_setup_i/comblock_0/U0/comblock_i/fifo_out_g.fifo_out_i/g_async.i_sync_wr2rd/i__carry__1_i_5
INFO: [Physopt 32-662] Processed net u_ps_comblock_setup/ps_comblock_setup_i/comblock_0/U0/comblock_i/fifo_out_g.fifo_out_i/rd_ptr_r[9].  Did not re-place instance u_ps_comblock_setup/ps_comblock_setup_i/comblock_0/U0/comblock_i/fifo_out_g.fifo_out_i/rd_ptr_r_reg[9]
INFO: [Physopt 32-662] Processed net u_fam_detector/u_first_stage/u_first_stage_fsmd/r_fft_index_reg_n_0_[2][2].  Did not re-place instance u_fam_detector/u_first_stage/u_first_stage_fsmd/r_fft_index_reg[2][2]
INFO: [Physopt 32-662] Processed net u_comblock_adapter/r_target_count[3].  Did not re-place instance u_comblock_adapter/r_target_count_reg[3]
INFO: [Physopt 32-662] Processed net u_comblock_adapter/r_fifo_issue_count1_carry_i_7_n_0.  Did not re-place instance u_comblock_adapter/r_fifo_issue_count1_carry_i_7
INFO: [Physopt 32-662] Processed net u_fam_detector/u_first_stage/r_i_mod4_reg[1]_2[0].  Did not re-place instance u_fam_detector/u_first_stage/resize_saturate01_carry_i_2
INFO: [Physopt 32-662] Processed net u_fam_detector/u_first_stage/r_tdata[30]_i_3_n_0.  Did not re-place instance u_fam_detector/u_first_stage/r_tdata[30]_i_3
INFO: [Physopt 32-662] Processed net u_fam_detector/u_first_stage/r_tdata[30]_i_4_n_0.  Did not re-place instance u_fam_detector/u_first_stage/r_tdata[30]_i_4
INFO: [Physopt 32-662] Processed net u_fam_detector/u_first_stage/r_i_mod4_reg[1]_11[0].  Did not re-place instance u_fam_detector/u_first_stage/i__carry_i_4__1
INFO: [Physopt 32-662] Processed net u_fam_detector/u_first_stage/r_i_mod4_reg[1]_6[1].  Did not re-place instance u_fam_detector/u_first_stage/i__carry_i_3__22
INFO: [Physopt 32-662] Processed net u_fam_detector/u_first_stage/r_i_mod4_reg[1]_7[1].  Did not re-place instance u_fam_detector/u_first_stage/i__carry_i_1__21
INFO: [Physopt 32-662] Processed net u_fam_detector/u_first_stage/top_mux_reset_reg_54.  Did not re-place instance u_fam_detector/u_first_stage/r_tdata[22]_i_1__1
INFO: [Physopt 32-662] Processed net u_fam_detector/u_first_stage/r_i_mod4_reg[1]_10[1].  Did not re-place instance u_fam_detector/u_first_stage/i__carry_i_1__22
INFO: [Physopt 32-662] Processed net u_fam_detector/u_second_stage/u_phase_corrector/GEN_PHASE_CORRECTOR[1].u_phase_corrector/w_phase_tdata[1]_303[14].  Did not re-place instance u_fam_detector/u_second_stage/u_phase_corrector/GEN_PHASE_CORRECTOR[1].u_phase_corrector/r_tdata_reg[14]
INFO: [Physopt 32-662] Processed net u_fam_detector/u_second_stage/u_phase_corrector/GEN_PHASE_CORRECTOR[1].u_phase_corrector/w_phase_tdata[1]_303[4].  Did not re-place instance u_fam_detector/u_second_stage/u_phase_corrector/GEN_PHASE_CORRECTOR[1].u_phase_corrector/r_tdata_reg[4]
INFO: [Physopt 32-662] Processed net u_fam_detector/u_second_stage/u_phase_corrector/GEN_PHASE_CORRECTOR[1].u_phase_corrector/w_phase_tdata[1]_303[5].  Did not re-place instance u_fam_detector/u_second_stage/u_phase_corrector/GEN_PHASE_CORRECTOR[1].u_phase_corrector/r_tdata_reg[5]
INFO: [Physopt 32-662] Processed net u_fam_detector/u_second_stage/u_phase_corrector/GEN_PHASE_CORRECTOR[1].u_phase_corrector/w_phase_tdata[1]_303[7].  Did not re-place instance u_fam_detector/u_second_stage/u_phase_corrector/GEN_PHASE_CORRECTOR[1].u_phase_corrector/r_tdata_reg[7]
INFO: [Physopt 32-662] Processed net u_fam_detector/u_first_stage/u_first_stage_fsmd/r_fft_index_reg_n_0_[2][4].  Did not re-place instance u_fam_detector/u_first_stage/u_first_stage_fsmd/r_fft_index_reg[2][4]
INFO: [Physopt 32-662] Processed net u_fam_detector/r_cfg_ss_data_size[8].  Did not re-place instance u_fam_detector/r_cfg_ss_data_size_reg[8]
INFO: [Physopt 32-662] Processed net u_fam_detector/u_detection_compare/r_valid_s1_reg[0]_srl2___u_fam_detector_u_detection_compare_r_valid_s1_reg_r_i_23_n_0.  Did not re-place instance u_fam_detector/u_detection_compare/r_valid_s1_reg[0]_srl2___u_fam_detector_u_detection_compare_r_valid_s1_reg_r_i_23
INFO: [Physopt 32-662] Processed net u_fam_detector/u_second_stage/u_fft2_bin_filter/r_valid_s1_reg[0]_srl2___u_fam_detector_u_detection_compare_r_valid_s1_reg_r_i_15_n_0.  Did not re-place instance u_fam_detector/u_second_stage/u_fft2_bin_filter/r_valid_s1_reg[0]_srl2___u_fam_detector_u_detection_compare_r_valid_s1_reg_r_i_15
INFO: [Physopt 32-662] Processed net u_fam_detector/u_detection_compare/r_valid_s1_reg[0]_srl2___u_fam_detector_u_detection_compare_r_valid_s1_reg_r_n_0.  Did not re-place instance u_fam_detector/u_detection_compare/r_valid_s1_reg[0]_srl2___u_fam_detector_u_detection_compare_r_valid_s1_reg_r
INFO: [Physopt 32-661] Optimized 42 nets.  Re-placed 42 instances.
INFO: [Physopt 32-775] End 1 Pass. Optimized 42 nets or cells. Created 0 new cell, deleted 0 existing cell and moved 42 existing cells
INFO: [Physopt 32-619] Estimated Timing Summary | WNS=-0.330 | TNS=-0.969 |
Netlist sorting complete. Time (s): cpu = 00:00:00 ; elapsed = 00:00:00.064 . Memory (MB): peak = 2893.297 ; gain = 0.000
Phase 15 Single Cell Placement Optimization | Checksum: a5ab2b72

Time (s): cpu = 00:00:33 ; elapsed = 00:00:26 . Memory (MB): peak = 2893.297 ; gain = 4.254

Phase 16 Multi Cell Placement Optimization
INFO: [Physopt 32-660] Identified 100 candidate nets for placement-based optimization.
INFO: [Physopt 32-662] Processed net u_ps_comblock_setup/ps_comblock_setup_i/comblock_0/U0/AXIL_inst/regs_out[0][31]_i_2_n_0.  Did not re-place instance u_ps_comblock_setup/ps_comblock_setup_i/comblock_0/U0/AXIL_inst/regs_out[0][31]_i_2/O
INFO: [Physopt 32-662] Processed net u_ps_comblock_setup/ps_comblock_setup_i/comblock_0/U0/AXIL_inst/p_4_in.  Did not re-place instance u_ps_comblock_setup/ps_comblock_setup_i/comblock_0/U0/AXIL_inst/ram_reg_i_1/O
INFO: [Physopt 32-662] Processed net u_ps_comblock_setup/ps_comblock_setup_i/comblock_0/U0/comblock_i/fifo_out_g.fifo_out_i/full.  Did not re-place instance u_ps_comblock_setup/ps_comblock_setup_i/comblock_0/U0/comblock_i/fifo_out_g.fifo_out_i/full_r_i_1_rewire/O
INFO: [Physopt 32-662] Processed net u_ps_comblock_setup/ps_comblock_setup_i/comblock_0/U0/comblock_i/fifo_out_g.fifo_out_i/g_async.i_sync_rd2wr/_inferred__1/i__carry__0.  Did not re-place instance u_ps_comblock_setup/ps_comblock_setup_i/comblock_0/U0/comblock_i/fifo_out_g.fifo_out_i/g_async.i_sync_rd2wr/full_r_i_3_rewire/O
INFO: [Physopt 32-662] Processed net u_ps_comblock_setup/ps_comblock_setup_i/comblock_0/U0/comblock_i/fifo_out_g.fifo_out_i/_inferred__1/i__carry_0.  Did not re-place instance u_ps_comblock_setup/ps_comblock_setup_i/comblock_0/U0/comblock_i/fifo_out_g.fifo_out_i/full_r_i_2/O
INFO: [Physopt 32-662] Processed net u_fam_detector/u_threshold_calculator/threshold_rom_inst/A[1].  Did not re-place instance u_fam_detector/u_threshold_calculator/threshold_rom_inst/addr__0_carry_i_2/O
INFO: [Physopt 32-662] Processed net u_fam_detector/u_threshold_calculator/threshold_rom_inst/addr__0_carry_i_13_n_0.  Did not re-place instance u_fam_detector/u_threshold_calculator/threshold_rom_inst/addr__0_carry_i_13/O
INFO: [Physopt 32-662] Processed net u_fam_detector/u_threshold_calculator/threshold_rom_inst/addr__0_carry_i_18_n_0.  Did not re-place instance u_fam_detector/u_threshold_calculator/threshold_rom_inst/addr__0_carry_i_18/O
INFO: [Physopt 32-662] Processed net u_fam_detector/r_cfg_th_data_size[1].  Did not re-place instance u_fam_detector/r_cfg_th_data_size_reg[1]/Q
INFO: [Physopt 32-662] Processed net u_fam_detector/u_threshold_calculator/threshold_rom_inst/addr__0_carry_i_9_n_0.  Did not re-place instance u_fam_detector/u_threshold_calculator/threshold_rom_inst/addr__0_carry_i_9/O
INFO: [Physopt 32-662] Processed net u_fam_detector/r_cfg_th_data_size[8].  Did not re-place instance u_fam_detector/r_cfg_th_data_size_reg[8]/Q
INFO: [Physopt 32-662] Processed net u_fam_detector/u_threshold_calculator/threshold_rom_inst/addr__0_carry_i_17_n_0.  Did not re-place instance u_fam_detector/u_threshold_calculator/threshold_rom_inst/addr__0_carry_i_17/O
INFO: [Physopt 32-662] Processed net u_fam_detector/u_threshold_calculator/threshold_rom_inst/addr__0_carry_i_16_n_0.  Did not re-place instance u_fam_detector/u_threshold_calculator/threshold_rom_inst/addr__0_carry_i_16/O
INFO: [Physopt 32-662] Processed net u_fam_detector/u_threshold_calculator/threshold_rom_inst/addr__0_carry_i_19_n_0.  Did not re-place instance u_fam_detector/u_threshold_calculator/threshold_rom_inst/addr__0_carry_i_19/O
INFO: [Physopt 32-661] Optimized 4 nets.  Re-placed 8 instances.
INFO: [Physopt 32-775] End 1 Pass. Optimized 4 nets or cells. Created 0 new cell, deleted 0 existing cell and moved 8 existing cells
INFO: [Physopt 32-619] Estimated Timing Summary | WNS=-0.330 | TNS=-0.857 |
Netlist sorting complete. Time (s): cpu = 00:00:00 ; elapsed = 00:00:00.043 . Memory (MB): peak = 2893.297 ; gain = 0.000
Phase 16 Multi Cell Placement Optimization | Checksum: 112b83fa7

Time (s): cpu = 00:00:35 ; elapsed = 00:00:27 . Memory (MB): peak = 2893.297 ; gain = 4.254

Phase 17 Rewire
INFO: [Physopt 32-246] Starting Signal Push optimization...
INFO: [Physopt 32-77] Pass 1. Identified 2 candidate nets for rewire optimization.
INFO: [Physopt 32-134] Processed net u_ps_comblock_setup/ps_comblock_setup_i/comblock_0/U0/AXIL_inst/p_4_in. Rewiring did not optimize the net.
INFO: [Physopt 32-134] Processed net u_fam_detector/u_threshold_calculator/threshold_rom_inst/addr__0_carry_i_9_n_0. Rewiring did not optimize the net.
INFO: [Physopt 32-232] Optimized 0 net. Created 0 new instance.
INFO: [Physopt 32-775] End 1 Pass. Optimized 0 net or cell. Created 0 new cell, deleted 0 existing cell and moved 0 existing cell
Netlist sorting complete. Time (s): cpu = 00:00:00 ; elapsed = 00:00:00.047 . Memory (MB): peak = 2893.297 ; gain = 0.000
Netlist sorting complete. Time (s): cpu = 00:00:00 ; elapsed = 00:00:00.043 . Memory (MB): peak = 2893.297 ; gain = 0.000
Phase 17 Rewire | Checksum: 112b83fa7

Time (s): cpu = 00:00:36 ; elapsed = 00:00:28 . Memory (MB): peak = 2893.297 ; gain = 4.254

Phase 18 Critical Cell Optimization
INFO: [Physopt 32-46] Identified 16 candidate nets for critical-cell optimization.
INFO: [Physopt 32-571] Net u_fam_detector/u_threshold_calculator/threshold_rom_inst/addr__0_carry_i_9_n_0 was not replicated.
INFO: [Physopt 32-572] Net u_fam_detector/u_threshold_calculator/threshold_rom_inst/addr__0_carry_i_17_n_0 was not replicated.
Resolution: phys_opt_design can be forced to replicate a net driver using the option -force_replication_on_nets <list of net objects>.
INFO: [Physopt 32-81] Processed net u_fam_detector/r_cfg_th_data_size[8]. Replicated 1 times.
INFO: [Physopt 32-572] Net u_fam_detector/u_threshold_calculator/threshold_rom_inst/addr__0_carry_i_13_n_0 was not replicated.
Resolution: phys_opt_design can be forced to replicate a net driver using the option -force_replication_on_nets <list of net objects>.
INFO: [Physopt 32-572] Net u_fam_detector/u_threshold_calculator/threshold_rom_inst/addr__0_carry_i_18_n_0 was not replicated.
Resolution: phys_opt_design can be forced to replicate a net driver using the option -force_replication_on_nets <list of net objects>.
INFO: [Physopt 32-81] Processed net u_fam_detector/u_threshold_calculator/threshold_rom_inst/addr__0_carry_i_10_n_0. Replicated 1 times.
INFO: [Physopt 32-572] Net u_fam_detector/u_threshold_calculator/threshold_rom_inst/A[1] was not replicated.
Resolution: phys_opt_design can be forced to replicate a net driver using the option -force_replication_on_nets <list of net objects>.
INFO: [Physopt 32-572] Net u_fam_detector/u_threshold_calculator/threshold_rom_inst/addr__0_carry_i_8_n_0 was not replicated.
Resolution: phys_opt_design can be forced to replicate a net driver using the option -force_replication_on_nets <list of net objects>.
INFO: [Physopt 32-571] Net u_fam_detector/u_second_stage/u_controller/top_mux_reset_reg_2 was not replicated.
INFO: [Physopt 32-571] Net u_fam_detector/u_first_stage/r_tdata[14]_i_3_n_0 was not replicated.
INFO: [Physopt 32-571] Net u_fam_detector/u_first_stage/GEN_FFT1[1].u_fft1/U0/i_synth/axi_wrapper/data_out_channel/gen_real_time.data_out_reg[32]_0[17] was not replicated.
INFO: [Physopt 32-571] Net u_fam_detector/u_first_stage/r_tdata[30]_i_5_n_0 was not replicated.
INFO: [Physopt 32-571] Net u_fam_detector/u_first_stage/u_input_window_re/r_prod_mult_reg[31]_i_1__0_n_0 was not replicated.
INFO: [Physopt 32-571] Net u_fam_detector/r_cfg_fs_window_sel[0] was not replicated.
INFO: [Physopt 32-571] Net u_fam_detector/u_first_stage/u_input_window_re/r_cfg_fs_window_sel_reg[1][1]_repN was not replicated.
INFO: [Physopt 32-232] Optimized 2 nets. Created 2 new instances.
INFO: [Physopt 32-775] End 1 Pass. Optimized 2 nets or cells. Created 2 new cells, deleted 0 existing cell and moved 0 existing cell
INFO: [Physopt 32-619] Estimated Timing Summary | WNS=-0.330 | TNS=-0.714 |
Netlist sorting complete. Time (s): cpu = 00:00:00 ; elapsed = 00:00:00.066 . Memory (MB): peak = 2893.297 ; gain = 0.000
Phase 18 Critical Cell Optimization | Checksum: 15fa17cef

Time (s): cpu = 00:00:38 ; elapsed = 00:00:30 . Memory (MB): peak = 2893.297 ; gain = 4.254

Phase 19 DSP Register Optimization
INFO: [Physopt 32-456] No candidate cells for DSP register optimization found in the design.
INFO: [Physopt 32-775] End 1 Pass. Optimized 0 net or cell. Created 0 new cell, deleted 0 existing cell and moved 0 existing cell
Phase 19 DSP Register Optimization | Checksum: 15fa17cef

Time (s): cpu = 00:00:38 ; elapsed = 00:00:30 . Memory (MB): peak = 2893.297 ; gain = 4.254

Phase 20 BRAM Register Optimization
INFO: [Physopt 32-526] No candidate cells for BRAM register optimization found in the design
INFO: [Physopt 32-775] End 1 Pass. Optimized 0 net or cell. Created 0 new cell, deleted 0 existing cell and moved 0 existing cell
Phase 20 BRAM Register Optimization | Checksum: 15fa17cef

Time (s): cpu = 00:00:38 ; elapsed = 00:00:30 . Memory (MB): peak = 2893.297 ; gain = 4.254

Phase 21 URAM Register Optimization
INFO: [Physopt 32-846] No candidate cells for URAM register optimization found in the design
INFO: [Physopt 32-775] End 1 Pass. Optimized 0 net or cell. Created 0 new cell, deleted 0 existing cell and moved 0 existing cell
INFO: [Physopt 32-846] No candidate cells for URAM register optimization found in the design
INFO: [Physopt 32-775] End 1 Pass. Optimized 0 net or cell. Created 0 new cell, deleted 0 existing cell and moved 0 existing cell
Phase 21 URAM Register Optimization | Checksum: 15fa17cef

Time (s): cpu = 00:00:38 ; elapsed = 00:00:31 . Memory (MB): peak = 2893.297 ; gain = 4.254

Phase 22 Shift Register Optimization
INFO: [Physopt 32-677] No candidate cells for Shift Register optimization found in the design
INFO: [Physopt 32-775] End 1 Pass. Optimized 0 net or cell. Created 0 new cell, deleted 0 existing cell and moved 0 existing cell
Phase 22 Shift Register Optimization | Checksum: 15fa17cef

Time (s): cpu = 00:00:39 ; elapsed = 00:00:31 . Memory (MB): peak = 2893.297 ; gain = 4.254

Phase 23 DSP Register Optimization
INFO: [Physopt 32-456] No candidate cells for DSP register optimization found in the design.
INFO: [Physopt 32-775] End 1 Pass. Optimized 0 net or cell. Created 0 new cell, deleted 0 existing cell and moved 0 existing cell
Phase 23 DSP Register Optimization | Checksum: 15fa17cef

Time (s): cpu = 00:00:39 ; elapsed = 00:00:31 . Memory (MB): peak = 2893.297 ; gain = 4.254

Phase 24 BRAM Register Optimization
INFO: [Physopt 32-526] No candidate cells for BRAM register optimization found in the design
INFO: [Physopt 32-775] End 1 Pass. Optimized 0 net or cell. Created 0 new cell, deleted 0 existing cell and moved 0 existing cell
Phase 24 BRAM Register Optimization | Checksum: 15fa17cef

Time (s): cpu = 00:00:39 ; elapsed = 00:00:32 . Memory (MB): peak = 2893.297 ; gain = 4.254

Phase 25 URAM Register Optimization
INFO: [Physopt 32-846] No candidate cells for URAM register optimization found in the design
INFO: [Physopt 32-775] End 1 Pass. Optimized 0 net or cell. Created 0 new cell, deleted 0 existing cell and moved 0 existing cell
INFO: [Physopt 32-846] No candidate cells for URAM register optimization found in the design
INFO: [Physopt 32-775] End 1 Pass. Optimized 0 net or cell. Created 0 new cell, deleted 0 existing cell and moved 0 existing cell
Phase 25 URAM Register Optimization | Checksum: 15fa17cef

Time (s): cpu = 00:00:40 ; elapsed = 00:00:32 . Memory (MB): peak = 2893.297 ; gain = 4.254

Phase 26 Shift Register Optimization
INFO: [Physopt 32-677] No candidate cells for Shift Register optimization found in the design
INFO: [Physopt 32-775] End 1 Pass. Optimized 0 net or cell. Created 0 new cell, deleted 0 existing cell and moved 0 existing cell
Phase 26 Shift Register Optimization | Checksum: 15fa17cef

Time (s): cpu = 00:00:40 ; elapsed = 00:00:32 . Memory (MB): peak = 2893.297 ; gain = 4.254

Phase 27 Critical Pin Optimization
INFO: [Physopt 32-606] Identified 13 candidate nets for critical-pin optimization.
INFO: [Physopt 32-608] Optimized 4 nets.  Swapped 68 pins.
INFO: [Physopt 32-775] End 1 Pass. Optimized 4 nets or cells. Created 0 new cell, deleted 0 existing cell and moved 68 existing cells
INFO: [Physopt 32-619] Estimated Timing Summary | WNS=-0.091 | TNS=-0.267 |
Netlist sorting complete. Time (s): cpu = 00:00:00 ; elapsed = 00:00:00.040 . Memory (MB): peak = 2893.297 ; gain = 0.000
Phase 27 Critical Pin Optimization | Checksum: 199b0826b

Time (s): cpu = 00:00:41 ; elapsed = 00:00:33 . Memory (MB): peak = 2893.297 ; gain = 4.254

Phase 28 Very High Fanout Optimization
INFO: [Physopt 32-76] Pass 1. Identified 5 candidate nets for fanout optimization.
INFO: [Physopt 32-572] Net u_fam_detector/u_first_stage/u_first_stage_fsmd/r_fft_buffer[2][0][31]_i_1_n_0 was not replicated.
Resolution: phys_opt_design can be forced to replicate a net driver using the option -force_replication_on_nets <list of net objects>.
INFO: [Physopt 32-572] Net u_fam_detector/u_first_stage/u_first_stage_fsmd/r_fft_buffer[3][0][31]_i_1_n_0 was not replicated.
Resolution: phys_opt_design can be forced to replicate a net driver using the option -force_replication_on_nets <list of net objects>.
INFO: [Physopt 32-572] Net u_fam_detector/u_first_stage/u_first_stage_fsmd/r_fft_buffer[0][0][31]_i_1_n_0 was not replicated.
Resolution: phys_opt_design can be forced to replicate a net driver using the option -force_replication_on_nets <list of net objects>.
INFO: [Physopt 32-81] Processed net u_comblock_adapter/top_mux_reset_reg_4. Replicated 1 times.
INFO: [Physopt 32-572] Net u_fam_detector/u_first_stage/u_first_stage_fsmd/r_fft_buffer[1][0][31]_i_1_n_0 was not replicated.
Resolution: phys_opt_design can be forced to replicate a net driver using the option -force_replication_on_nets <list of net objects>.
INFO: [Physopt 32-232] Optimized 1 net. Created 1 new instance.
INFO: [Physopt 32-775] End 1 Pass. Optimized 1 net or cell. Created 1 new cell, deleted 0 existing cell and moved 0 existing cell
INFO: [Physopt 32-619] Estimated Timing Summary | WNS=-0.091 | TNS=-0.267 |
Netlist sorting complete. Time (s): cpu = 00:00:00 ; elapsed = 00:00:00.067 . Memory (MB): peak = 2893.297 ; gain = 0.000
Phase 28 Very High Fanout Optimization | Checksum: 18bce0a42

Time (s): cpu = 00:00:46 ; elapsed = 00:00:37 . Memory (MB): peak = 2893.297 ; gain = 4.254

Phase 29 Single Cell Placement Optimization
INFO: [Physopt 32-660] Identified 137 candidate nets for placement-based optimization.
INFO: [Physopt 32-662] Processed net u_ps_comblock_setup/ps_comblock_setup_i/comblock_0/U0/AXIL_inst/regs_out[0][31]_i_2_n_0.  Did not re-place instance u_ps_comblock_setup/ps_comblock_setup_i/comblock_0/U0/AXIL_inst/regs_out[0][31]_i_2
INFO: [Physopt 32-662] Processed net u_ps_comblock_setup/ps_comblock_setup_i/comblock_0/U0/AXIL_inst/p_4_in.  Did not re-place instance u_ps_comblock_setup/ps_comblock_setup_i/comblock_0/U0/AXIL_inst/ram_reg_i_1
INFO: [Physopt 32-662] Processed net u_ps_comblock_setup/ps_comblock_setup_i/comblock_0/U0/AXIL_inst/axi_rdata[0]_i_2_n_0.  Did not re-place instance u_ps_comblock_setup/ps_comblock_setup_i/comblock_0/U0/AXIL_inst/axi_rdata[0]_i_2
INFO: [Physopt 32-662] Processed net u_ps_comblock_setup/ps_comblock_setup_i/comblock_0/U0/comblock_i/fifo_out_g.fifo_out_i/g_async.i_sync_rd2wr/_inferred__1/i__carry__0_repN.  Did not re-place instance u_ps_comblock_setup/ps_comblock_setup_i/comblock_0/U0/comblock_i/fifo_out_g.fifo_out_i/g_async.i_sync_rd2wr/full_r_i_3_replica
INFO: [Physopt 32-662] Processed net u_ps_comblock_setup/ps_comblock_setup_i/comblock_0/U0/comblock_i/fifo_out_g.fifo_out_i/g_async.i_sync_rd2wr/data_r_reg[1][7]_0[1].  Did not re-place instance u_ps_comblock_setup/ps_comblock_setup_i/comblock_0/U0/comblock_i/fifo_out_g.fifo_out_i/g_async.i_sync_rd2wr/i__carry__0_i_7__0
INFO: [Physopt 32-662] Processed net u_ps_comblock_setup/ps_comblock_setup_i/comblock_0/U0/comblock_i/fifo_out_g.fifo_out_i/i__carry_i_13_n_0.  Did not re-place instance u_ps_comblock_setup/ps_comblock_setup_i/comblock_0/U0/comblock_i/fifo_out_g.fifo_out_i/i__carry_i_13
INFO: [Physopt 32-662] Processed net u_ps_comblock_setup/ps_comblock_setup_i/comblock_0/U0/AXIL_inst/axil_rdata[0].  Did not re-place instance u_ps_comblock_setup/ps_comblock_setup_i/comblock_0/U0/AXIL_inst/axi_rdata_reg[0]
INFO: [Physopt 32-662] Processed net u_fam_detector/u_threshold_calculator/threshold_rom_inst/addr__0_carry_i_9_n_0.  Did not re-place instance u_fam_detector/u_threshold_calculator/threshold_rom_inst/addr__0_carry_i_9
INFO: [Physopt 32-662] Processed net u_fam_detector/u_threshold_calculator/threshold_rom_inst/addr__0_carry_i_13_n_0.  Did not re-place instance u_fam_detector/u_threshold_calculator/threshold_rom_inst/addr__0_carry_i_13
INFO: [Physopt 32-662] Processed net u_fam_detector/u_threshold_calculator/threshold_rom_inst/addr__0_carry_i_18_n_0.  Did not re-place instance u_fam_detector/u_threshold_calculator/threshold_rom_inst/addr__0_carry_i_18
INFO: [Physopt 32-662] Processed net u_fam_detector/r_cfg_th_data_size[1].  Did not re-place instance u_fam_detector/r_cfg_th_data_size_reg[1]
INFO: [Physopt 32-662] Processed net u_fam_detector/u_threshold_calculator/threshold_rom_inst/addr__0_carry_i_16_n_0.  Did not re-place instance u_fam_detector/u_threshold_calculator/threshold_rom_inst/addr__0_carry_i_16
INFO: [Physopt 32-662] Processed net u_fam_detector/u_threshold_calculator/threshold_rom_inst/addr__0_carry_i_1_n_0.  Did not re-place instance u_fam_detector/u_threshold_calculator/threshold_rom_inst/addr__0_carry_i_1
INFO: [Physopt 32-662] Processed net u_fam_detector/u_threshold_calculator/threshold_rom_inst/addr__0_carry_i_17_n_0.  Did not re-place instance u_fam_detector/u_threshold_calculator/threshold_rom_inst/addr__0_carry_i_17
INFO: [Physopt 32-662] Processed net u_fam_detector/u_threshold_calculator/threshold_rom_inst/A[1].  Did not re-place instance u_fam_detector/u_threshold_calculator/threshold_rom_inst/addr__0_carry_i_2
INFO: [Physopt 32-662] Processed net u_fam_detector/u_threshold_calculator/threshold_rom_inst/addr__0_carry_i_10_n_0_repN.  Did not re-place instance u_fam_detector/u_threshold_calculator/threshold_rom_inst/addr__0_carry_i_10_replica
INFO: [Physopt 32-662] Processed net u_fam_detector/u_threshold_calculator/threshold_rom_inst/addr__0_carry_i_6_n_0.  Did not re-place instance u_fam_detector/u_threshold_calculator/threshold_rom_inst/addr__0_carry_i_6
INFO: [Physopt 32-662] Processed net u_ps_comblock_setup/ps_comblock_setup_i/comblock_0/U0/AXIL_inst/axi_rdata[1]_i_2_n_0.  Did not re-place instance u_ps_comblock_setup/ps_comblock_setup_i/comblock_0/U0/AXIL_inst/axi_rdata[1]_i_2
INFO: [Physopt 32-662] Processed net u_ps_comblock_setup/ps_comblock_setup_i/comblock_0/U0/comblock_i/fifo_out_g.fifo_out_i/_inferred__1/i__carry__1_0.  Did not re-place instance u_ps_comblock_setup/ps_comblock_setup_i/comblock_0/U0/comblock_i/fifo_out_g.fifo_out_i/axi_rdata[1]_i_4
INFO: [Physopt 32-662] Processed net u_ps_comblock_setup/ps_comblock_setup_i/comblock_0/U0/comblock_i/fifo_out_g.fifo_out_i/g_async.i_sync_rd2wr/S[3].  Did not re-place instance u_ps_comblock_setup/ps_comblock_setup_i/comblock_0/U0/comblock_i/fifo_out_g.fifo_out_i/g_async.i_sync_rd2wr/i__carry_i_5__1
INFO: [Physopt 32-662] Processed net u_ps_comblock_setup/ps_comblock_setup_i/comblock_0/U0/AXIL_inst/axil_rdata[1].  Did not re-place instance u_ps_comblock_setup/ps_comblock_setup_i/comblock_0/U0/AXIL_inst/axi_rdata_reg[1]
INFO: [Physopt 32-662] Processed net u_fam_detector/u_threshold_calculator/threshold_rom_inst/addr__0_carry_i_8_n_0.  Did not re-place instance u_fam_detector/u_threshold_calculator/threshold_rom_inst/addr__0_carry_i_8
INFO: [Physopt 32-662] Processed net u_fam_detector/r_cfg_th_data_size[8]_repN.  Did not re-place instance u_fam_detector/r_cfg_th_data_size_reg[8]_replica
INFO: [Physopt 32-662] Processed net u_fam_detector/u_threshold_calculator/threshold_rom_inst/addr__0_carry_i_19_n_0.  Did not re-place instance u_fam_detector/u_threshold_calculator/threshold_rom_inst/addr__0_carry_i_19
INFO: [Physopt 32-662] Processed net u_ps_comblock_setup/ps_comblock_setup_i/comblock_0/U0/comblock_i/fifo_out_g.fifo_out_i/g_async.i_sync_rd2wr/data_r_reg[1][7]_0[0].  Did not re-place instance u_ps_comblock_setup/ps_comblock_setup_i/comblock_0/U0/comblock_i/fifo_out_g.fifo_out_i/g_async.i_sync_rd2wr/i__carry__0_i_8__0
INFO: [Physopt 32-662] Processed net u_ps_comblock_setup/ps_comblock_setup_i/comblock_0/U0/comblock_i/fifo_out_g.fifo_out_i/g_async.i_sync_rd2wr/data_r_reg[1][10]_0[1].  Did not re-place instance u_ps_comblock_setup/ps_comblock_setup_i/comblock_0/U0/comblock_i/fifo_out_g.fifo_out_i/g_async.i_sync_rd2wr/i__carry__1_i_4__0
INFO: [Physopt 32-662] Processed net u_fam_detector/u_second_stage/u_controller/top_mux_reset_reg_2.  Did not re-place instance u_fam_detector/u_second_stage/u_controller/r_tdata[14]_i_1__0
INFO: [Physopt 32-662] Processed net u_fam_detector/u_first_stage/r_tdata[14]_i_3_n_0.  Did not re-place instance u_fam_detector/u_first_stage/r_tdata[14]_i_3
INFO: [Physopt 32-662] Processed net u_fam_detector/u_first_stage/GEN_FFT1[1].u_fft1/U0/i_synth/axi_wrapper/data_out_channel/gen_real_time.data_out_reg[32]_0[17].  Did not re-place instance u_fam_detector/u_first_stage/GEN_FFT1[1].u_fft1/U0/i_synth/axi_wrapper/data_out_channel/gen_real_time.data_out_reg[17]
INFO: [Physopt 32-662] Processed net u_fam_detector/u_first_stage/r_tdata[30]_i_5_n_0.  Did not re-place instance u_fam_detector/u_first_stage/r_tdata[30]_i_5
INFO: [Physopt 32-662] Processed net u_fam_detector/u_first_stage/r_i_mod4_reg[1]_12[0].  Did not re-place instance u_fam_detector/u_first_stage/i__carry_i_4__2
INFO: [Physopt 32-662] Processed net u_fam_detector/u_first_stage/r_tdata[22]_i_4__1_n_0.  Did not re-place instance u_fam_detector/u_first_stage/r_tdata[22]_i_4__1
INFO: [Physopt 32-662] Processed net u_fam_detector/u_second_stage/u_phase_corrector/GEN_PHASE_CORRECTOR[1].u_phase_corrector/w_phase_tdata[1]_303[11].  Did not re-place instance u_fam_detector/u_second_stage/u_phase_corrector/GEN_PHASE_CORRECTOR[1].u_phase_corrector/r_tdata_reg[11]
INFO: [Physopt 32-662] Processed net u_fam_detector/u_second_stage/u_phase_corrector/GEN_PHASE_CORRECTOR[1].u_phase_corrector/w_phase_tdata[1]_303[13].  Did not re-place instance u_fam_detector/u_second_stage/u_phase_corrector/GEN_PHASE_CORRECTOR[1].u_phase_corrector/r_tdata_reg[13]
INFO: [Physopt 32-662] Processed net u_fam_detector/u_first_stage/u_input_window_re/r_prod_mult_reg[31]_i_1__0_n_0.  Did not re-place instance u_fam_detector/u_first_stage/u_input_window_re/r_prod_mult_reg[31]_i_1__0
INFO: [Physopt 32-662] Processed net u_fam_detector/r_cfg_fs_window_sel[0].  Did not re-place instance u_fam_detector/r_cfg_fs_window_sel_reg[0]
INFO: [Physopt 32-662] Processed net u_fam_detector/u_first_stage/u_input_window_re/r_cfg_fs_window_sel_reg[1][1]_repN.  Did not re-place instance u_fam_detector/u_first_stage/u_input_window_re/r_prod_mult_reg[30]_i_2_replica
INFO: [Physopt 32-662] Processed net u_fam_detector/u_second_stage/u_phase_corrector/GEN_PHASE_CORRECTOR[1].u_phase_corrector/w_phase_tdata[1]_303[12].  Did not re-place instance u_fam_detector/u_second_stage/u_phase_corrector/GEN_PHASE_CORRECTOR[1].u_phase_corrector/r_tdata_reg[12]
INFO: [Physopt 32-662] Processed net u_fam_detector/u_second_stage/u_phase_corrector/GEN_PHASE_CORRECTOR[1].u_phase_corrector/w_phase_tdata[1]_303[14].  Did not re-place instance u_fam_detector/u_second_stage/u_phase_corrector/GEN_PHASE_CORRECTOR[1].u_phase_corrector/r_tdata_reg[14]
INFO: [Physopt 32-662] Processed net u_fam_detector/u_second_stage/u_phase_corrector/GEN_PHASE_CORRECTOR[1].u_phase_corrector/w_phase_tdata[1]_303[2].  Did not re-place instance u_fam_detector/u_second_stage/u_phase_corrector/GEN_PHASE_CORRECTOR[1].u_phase_corrector/r_tdata_reg[2]
INFO: [Physopt 32-662] Processed net u_fam_detector/u_second_stage/u_phase_corrector/GEN_PHASE_CORRECTOR[1].u_phase_corrector/w_phase_tdata[1]_303[3].  Did not re-place instance u_fam_detector/u_second_stage/u_phase_corrector/GEN_PHASE_CORRECTOR[1].u_phase_corrector/r_tdata_reg[3]
INFO: [Physopt 32-662] Processed net u_fam_detector/u_second_stage/u_phase_corrector/GEN_PHASE_CORRECTOR[1].u_phase_corrector/w_phase_tdata[1]_303[4].  Did not re-place instance u_fam_detector/u_second_stage/u_phase_corrector/GEN_PHASE_CORRECTOR[1].u_phase_corrector/r_tdata_reg[4]
INFO: [Physopt 32-662] Processed net u_fam_detector/u_second_stage/u_phase_corrector/GEN_PHASE_CORRECTOR[1].u_phase_corrector/w_phase_tdata[1]_303[5].  Did not re-place instance u_fam_detector/u_second_stage/u_phase_corrector/GEN_PHASE_CORRECTOR[1].u_phase_corrector/r_tdata_reg[5]
INFO: [Physopt 32-662] Processed net u_fam_detector/u_second_stage/u_phase_corrector/GEN_PHASE_CORRECTOR[1].u_phase_corrector/w_phase_tdata[1]_303[7].  Did not re-place instance u_fam_detector/u_second_stage/u_phase_corrector/GEN_PHASE_CORRECTOR[1].u_phase_corrector/r_tdata_reg[7]
INFO: [Physopt 32-662] Processed net u_ps_comblock_setup/ps_comblock_setup_i/comblock_0/U0/comblock_i/fifo_out_g.fifo_out_i/_inferred__1/i__carry_0.  Did not re-place instance u_ps_comblock_setup/ps_comblock_setup_i/comblock_0/U0/comblock_i/fifo_out_g.fifo_out_i/full_r_i_2
INFO: [Physopt 32-662] Processed net u_fam_detector/u_threshold_calculator/threshold_rom_inst/addr__0_carry__0_i_3_n_0.  Did not re-place instance u_fam_detector/u_threshold_calculator/threshold_rom_inst/addr__0_carry__0_i_3
INFO: [Physopt 32-662] Processed net u_fam_detector/u_second_stage/u_controller/top_mux_reset_reg_1.  Did not re-place instance u_fam_detector/u_second_stage/u_controller/r_tdata[30]_i_1__0
INFO: [Physopt 32-662] Processed net u_fam_detector/u_first_stage/i__carry_i_5_n_0.  Did not re-place instance u_fam_detector/u_first_stage/i__carry_i_5
INFO: [Physopt 32-662] Processed net u_fam_detector/u_first_stage/resize_saturate01_carry_i_7_n_0.  Did not re-place instance u_fam_detector/u_first_stage/resize_saturate01_carry_i_7
INFO: [Physopt 32-662] Processed net u_fam_detector/u_first_stage/r_i_mod4_reg[1]_11[1].  Did not re-place instance u_fam_detector/u_first_stage/i__carry_i_3__2
INFO: [Physopt 32-662] Processed net u_fam_detector/r_cfg_th_data_size[7].  Did not re-place instance u_fam_detector/r_cfg_th_data_size_reg[7]
INFO: [Physopt 32-662] Processed net u_fam_detector/r_cfg_th_data_size[3].  Did not re-place instance u_fam_detector/r_cfg_th_data_size_reg[3]
INFO: [Physopt 32-662] Processed net u_fam_detector/u_first_stage/u_input_window_im/r_prod_mult_reg[31]_i_1_n_0.  Did not re-place instance u_fam_detector/u_first_stage/u_input_window_im/r_prod_mult_reg[31]_i_1
INFO: [Physopt 32-662] Processed net u_fam_detector/u_threshold_calculator/threshold_rom_inst/addr__0_carry_i_4_n_0.  Did not re-place instance u_fam_detector/u_threshold_calculator/threshold_rom_inst/addr__0_carry_i_4
INFO: [Physopt 32-662] Processed net u_fam_detector/u_threshold_calculator/threshold_rom_inst/A[0].  Did not re-place instance u_fam_detector/u_threshold_calculator/threshold_rom_inst/addr__0_carry_i_11
INFO: [Physopt 32-662] Processed net u_fam_detector/r_cfg_th_data_size[10].  Did not re-place instance u_fam_detector/r_cfg_th_data_size_reg[10]
INFO: [Physopt 32-662] Processed net u_fam_detector/u_threshold_calculator/threshold_rom_inst/addr__0_carry_i_5_n_0.  Did not re-place instance u_fam_detector/u_threshold_calculator/threshold_rom_inst/addr__0_carry_i_5
INFO: [Physopt 32-662] Processed net u_fam_detector/u_first_stage/r_tdata[22]_i_7__1_n_0.  Did not re-place instance u_fam_detector/u_first_stage/r_tdata[22]_i_7__1
INFO: [Physopt 32-662] Processed net u_ps_comblock_setup/ps_comblock_setup_i/comblock_0/U0/comblock_i/fifo_out_g.fifo_out_i/g_async.i_sync_rd2wr/data_r_reg[1][10]_0[0].  Did not re-place instance u_ps_comblock_setup/ps_comblock_setup_i/comblock_0/U0/comblock_i/fifo_out_g.fifo_out_i/g_async.i_sync_rd2wr/i__carry__1_i_5__0
INFO: [Physopt 32-662] Processed net u_fam_detector/u_first_stage/r_i_mod4_reg[1]_3[0].  Did not re-place instance u_fam_detector/u_first_stage/resize_saturate01_carry_i_4
INFO: [Physopt 32-662] Processed net u_fam_detector/u_first_stage/top_mux_reset_reg_4.  Did not re-place instance u_fam_detector/u_first_stage/r_tdata[7]_i_1
INFO: [Physopt 32-662] Processed net u_fam_detector/r_cfg_th_data_size[0].  Did not re-place instance u_fam_detector/r_cfg_th_data_size_reg[0]
INFO: [Physopt 32-662] Processed net u_fam_detector/u_first_stage/r_i_mod4_reg[1]_1[1].  Did not re-place instance u_fam_detector/u_first_stage/i__carry_i_1__18
INFO: [Physopt 32-662] Processed net u_fam_detector/u_first_stage/u_input_window_re/r_prod_mult_reg[28]_i_1__0_n_0.  Did not re-place instance u_fam_detector/u_first_stage/u_input_window_re/r_prod_mult_reg[28]_i_1__0
INFO: [Physopt 32-662] Processed net u_fam_detector/u_first_stage/u_input_window_im/B[0].  Did not re-place instance u_fam_detector/u_first_stage/u_input_window_im/r_prod_mult_reg[28]_i_1
INFO: [Physopt 32-662] Processed net u_fam_detector/u_second_stage/u_controller/top_mux_reset_reg_5.  Did not re-place instance u_fam_detector/u_second_stage/u_controller/r_tdata[30]_i_1__2
INFO: [Physopt 32-662] Processed net u_fam_detector/u_first_stage/i__carry_i_6__3_n_0.  Did not re-place instance u_fam_detector/u_first_stage/i__carry_i_6__3
INFO: [Physopt 32-662] Processed net u_fam_detector/u_first_stage/GEN_FFT1[3].u_fft1/U0/i_synth/axi_wrapper/data_out_channel/gen_real_time.data_out_reg[32]_0[1].  Did not re-place instance u_fam_detector/u_first_stage/GEN_FFT1[3].u_fft1/U0/i_synth/axi_wrapper/data_out_channel/gen_real_time.data_out_reg[1]
INFO: [Physopt 32-662] Processed net u_fam_detector/u_first_stage/resize_saturate21_carry_i_10_n_0.  Did not re-place instance u_fam_detector/u_first_stage/resize_saturate21_carry_i_10
INFO: [Physopt 32-662] Processed net u_fam_detector/u_first_stage/r_i_mod4_reg[1]_13[1].  Did not re-place instance u_fam_detector/u_first_stage/i__carry_i_3__6
INFO: [Physopt 32-662] Processed net u_fam_detector/u_first_stage/r_tdata[5]_i_4_n_0.  Did not re-place instance u_fam_detector/u_first_stage/r_tdata[5]_i_4
INFO: [Physopt 32-662] Processed net u_fam_detector/u_second_stage/u_phase_corrector/GEN_PHASE_CORRECTOR[3].u_phase_corrector/w_phase_tdata[3]_305[24].  Did not re-place instance u_fam_detector/u_second_stage/u_phase_corrector/GEN_PHASE_CORRECTOR[3].u_phase_corrector/r_tdata_reg[24]
INFO: [Physopt 32-662] Processed net u_fam_detector/u_second_stage/u_phase_corrector/GEN_PHASE_CORRECTOR[3].u_phase_corrector/w_phase_tdata[3]_305[26].  Did not re-place instance u_fam_detector/u_second_stage/u_phase_corrector/GEN_PHASE_CORRECTOR[3].u_phase_corrector/r_tdata_reg[26]
INFO: [Physopt 32-662] Processed net u_fam_detector/u_second_stage/u_phase_corrector/GEN_PHASE_CORRECTOR[3].u_phase_corrector/w_phase_tdata[3]_305[27].  Did not re-place instance u_fam_detector/u_second_stage/u_phase_corrector/GEN_PHASE_CORRECTOR[3].u_phase_corrector/r_tdata_reg[27]
INFO: [Physopt 32-662] Processed net u_fam_detector/u_second_stage/u_phase_corrector/GEN_PHASE_CORRECTOR[3].u_phase_corrector/w_phase_tdata[3]_305[28].  Did not re-place instance u_fam_detector/u_second_stage/u_phase_corrector/GEN_PHASE_CORRECTOR[3].u_phase_corrector/r_tdata_reg[28]
INFO: [Physopt 32-662] Processed net u_fam_detector/u_second_stage/u_phase_corrector/GEN_PHASE_CORRECTOR[3].u_phase_corrector/w_phase_tdata[3]_305[30].  Did not re-place instance u_fam_detector/u_second_stage/u_phase_corrector/GEN_PHASE_CORRECTOR[3].u_phase_corrector/r_tdata_reg[30]
INFO: [Physopt 32-662] Processed net u_fam_detector/u_first_stage/top_mux_reset_reg_2.  Did not re-place instance u_fam_detector/u_first_stage/r_tdata[5]_i_1
INFO: [Physopt 32-662] Processed net u_fam_detector/u_threshold_calculator/threshold_rom_inst/addr__0_carry_i_12_n_0.  Did not re-place instance u_fam_detector/u_threshold_calculator/threshold_rom_inst/addr__0_carry_i_12
INFO: [Physopt 32-662] Processed net u_fam_detector/u_first_stage/r_tdata[22]_i_8__0_n_0.  Did not re-place instance u_fam_detector/u_first_stage/r_tdata[22]_i_8__0
INFO: [Physopt 32-662] Processed net u_fam_detector/u_threshold_calculator/threshold_rom_inst/addr__0_carry_i_15_n_0.  Did not re-place instance u_fam_detector/u_threshold_calculator/threshold_rom_inst/addr__0_carry_i_15
INFO: [Physopt 32-662] Processed net u_fam_detector/u_first_stage/resize_saturate21_carry_i_9_n_0.  Did not re-place instance u_fam_detector/u_first_stage/resize_saturate21_carry_i_9
INFO: [Physopt 32-662] Processed net u_fam_detector/u_first_stage/GEN_FFT1[3].u_fft1/U0/i_synth/axi_wrapper/data_out_channel/gen_real_time.data_out_reg[32]_0[17].  Did not re-place instance u_fam_detector/u_first_stage/GEN_FFT1[3].u_fft1/U0/i_synth/axi_wrapper/data_out_channel/gen_real_time.data_out_reg[17]
INFO: [Physopt 32-662] Processed net u_fam_detector/u_first_stage/r_tdata[22]_i_4_n_0.  Did not re-place instance u_fam_detector/u_first_stage/r_tdata[22]_i_4
INFO: [Physopt 32-662] Processed net u_fam_detector/u_threshold_calculator/threshold_rom_inst/addr__0_carry_i_3_n_0.  Did not re-place instance u_fam_detector/u_threshold_calculator/threshold_rom_inst/addr__0_carry_i_3
INFO: [Physopt 32-662] Processed net u_fam_detector/r_cfg_fs_window_sel[1]_repN.  Did not re-place instance u_fam_detector/r_cfg_fs_window_sel_reg[1]_replica
INFO: [Physopt 32-662] Processed net u_fam_detector/r_cfg_th_data_size[6].  Did not re-place instance u_fam_detector/r_cfg_th_data_size_reg[6]
INFO: [Physopt 32-662] Processed net u_ps_comblock_setup/ps_comblock_setup_i/comblock_0/U0/comblock_i/fifo_out_g.fifo_out_i/g_async.i_sync_rd2wr/data_r_reg[1][7]_0[3].  Did not re-place instance u_ps_comblock_setup/ps_comblock_setup_i/comblock_0/U0/comblock_i/fifo_out_g.fifo_out_i/g_async.i_sync_rd2wr/i__carry__0_i_5
INFO: [Physopt 32-662] Processed net u_fam_detector/u_first_stage/u_input_window_re/r_cfg_fs_window_sel_reg[1][0]_repN.  Did not re-place instance u_fam_detector/u_first_stage/u_input_window_re/r_prod_mult_reg[30]_i_3_replica
INFO: [Physopt 32-662] Processed net u_fam_detector/u_second_stage/u_phase_corrector/GEN_PHASE_CORRECTOR[1].u_phase_corrector/w_phase_tdata[1]_303[19].  Did not re-place instance u_fam_detector/u_second_stage/u_phase_corrector/GEN_PHASE_CORRECTOR[1].u_phase_corrector/r_tdata_reg[19]
INFO: [Physopt 32-662] Processed net u_fam_detector/u_second_stage/u_phase_corrector/GEN_PHASE_CORRECTOR[1].u_phase_corrector/w_phase_tdata[1]_303[23].  Did not re-place instance u_fam_detector/u_second_stage/u_phase_corrector/GEN_PHASE_CORRECTOR[1].u_phase_corrector/r_tdata_reg[23]
INFO: [Physopt 32-662] Processed net u_fam_detector/u_second_stage/u_phase_corrector/GEN_PHASE_CORRECTOR[1].u_phase_corrector/w_phase_tdata[1]_303[22].  Did not re-place instance u_fam_detector/u_second_stage/u_phase_corrector/GEN_PHASE_CORRECTOR[1].u_phase_corrector/r_tdata_reg[22]
INFO: [Physopt 32-662] Processed net u_fam_detector/u_second_stage/u_phase_corrector/GEN_PHASE_CORRECTOR[1].u_phase_corrector/w_phase_tdata[1]_303[27].  Did not re-place instance u_fam_detector/u_second_stage/u_phase_corrector/GEN_PHASE_CORRECTOR[1].u_phase_corrector/r_tdata_reg[27]
INFO: [Physopt 32-662] Processed net u_fam_detector/u_second_stage/u_phase_corrector/GEN_PHASE_CORRECTOR[3].u_phase_corrector/w_phase_tdata[3]_305[18].  Did not re-place instance u_fam_detector/u_second_stage/u_phase_corrector/GEN_PHASE_CORRECTOR[3].u_phase_corrector/r_tdata_reg[18]
INFO: [Physopt 32-662] Processed net u_fam_detector/u_second_stage/u_phase_corrector/GEN_PHASE_CORRECTOR[3].u_phase_corrector/w_phase_tdata[3]_305[19].  Did not re-place instance u_fam_detector/u_second_stage/u_phase_corrector/GEN_PHASE_CORRECTOR[3].u_phase_corrector/r_tdata_reg[19]
INFO: [Physopt 32-662] Processed net u_fam_detector/u_second_stage/u_phase_corrector/GEN_PHASE_CORRECTOR[3].u_phase_corrector/w_phase_tdata[3]_305[20].  Did not re-place instance u_fam_detector/u_second_stage/u_phase_corrector/GEN_PHASE_CORRECTOR[3].u_phase_corrector/r_tdata_reg[20]
INFO: [Physopt 32-662] Processed net u_fam_detector/u_second_stage/u_phase_corrector/GEN_PHASE_CORRECTOR[3].u_phase_corrector/w_phase_tdata[3]_305[21].  Did not re-place instance u_fam_detector/u_second_stage/u_phase_corrector/GEN_PHASE_CORRECTOR[3].u_phase_corrector/r_tdata_reg[21]
INFO: [Physopt 32-662] Processed net u_fam_detector/u_second_stage/u_phase_corrector/GEN_PHASE_CORRECTOR[3].u_phase_corrector/w_phase_tdata[3]_305[22].  Did not re-place instance u_fam_detector/u_second_stage/u_phase_corrector/GEN_PHASE_CORRECTOR[3].u_phase_corrector/r_tdata_reg[22]
INFO: [Physopt 32-662] Processed net u_fam_detector/u_second_stage/u_phase_corrector/GEN_PHASE_CORRECTOR[3].u_phase_corrector/w_phase_tdata[3]_305[23].  Did not re-place instance u_fam_detector/u_second_stage/u_phase_corrector/GEN_PHASE_CORRECTOR[3].u_phase_corrector/r_tdata_reg[23]
INFO: [Physopt 32-662] Processed net u_fam_detector/u_second_stage/u_phase_corrector/GEN_PHASE_CORRECTOR[3].u_phase_corrector/w_phase_tdata[3]_305[25].  Did not re-place instance u_fam_detector/u_second_stage/u_phase_corrector/GEN_PHASE_CORRECTOR[3].u_phase_corrector/r_tdata_reg[25]
INFO: [Physopt 32-662] Processed net u_fam_detector/u_second_stage/u_phase_corrector/GEN_PHASE_CORRECTOR[3].u_phase_corrector/w_phase_tdata[3]_305[29].  Did not re-place instance u_fam_detector/u_second_stage/u_phase_corrector/GEN_PHASE_CORRECTOR[3].u_phase_corrector/r_tdata_reg[29]
INFO: [Physopt 32-662] Processed net u_fam_detector/r_cfg_th_data_size[4].  Did not re-place instance u_fam_detector/r_cfg_th_data_size_reg[4]
INFO: [Physopt 32-662] Processed net u_fam_detector/u_first_stage/top_mux_reset_reg_6.  Did not re-place instance u_fam_detector/u_first_stage/r_tdata[9]_i_1
INFO: [Physopt 32-662] Processed net u_fam_detector/u_second_stage/u_phase_corrector/GEN_PHASE_CORRECTOR[1].u_phase_corrector/w_phase_tdata[1]_303[9].  Did not re-place instance u_fam_detector/u_second_stage/u_phase_corrector/GEN_PHASE_CORRECTOR[1].u_phase_corrector/r_tdata_reg[9]
INFO: [Physopt 32-662] Processed net u_fam_detector/r_cfg_fs_window_sel[1].  Did not re-place instance u_fam_detector/r_cfg_fs_window_sel_reg[1]
INFO: [Physopt 32-662] Processed net u_fam_detector/u_first_stage/u_input_window_im/r_prod_mult_reg[31]_i_2_n_0.  Did not re-place instance u_fam_detector/u_first_stage/u_input_window_im/r_prod_mult_reg[31]_i_2
INFO: [Physopt 32-662] Processed net u_fam_detector/u_first_stage/resize_saturate01_carry_i_5_n_0.  Did not re-place instance u_fam_detector/u_first_stage/resize_saturate01_carry_i_5
INFO: [Physopt 32-662] Processed net u_fam_detector/u_first_stage/r_i_mod4_reg[1]_12[1].  Did not re-place instance u_fam_detector/u_first_stage/i__carry_i_3__3
INFO: [Physopt 32-662] Processed net u_fam_detector/r_cfg_th_data_size[5].  Did not re-place instance u_fam_detector/r_cfg_th_data_size_reg[5]
INFO: [Physopt 32-662] Processed net u_fam_detector/u_first_stage/resize_saturate21_carry_i_6_n_0.  Did not re-place instance u_fam_detector/u_first_stage/resize_saturate21_carry_i_6
INFO: [Physopt 32-662] Processed net u_fam_detector/u_second_stage/u_controller/top_mux_reset_reg_6.  Did not re-place instance u_fam_detector/u_second_stage/u_controller/r_tdata[14]_i_1__2
INFO: [Physopt 32-662] Processed net u_fam_detector/u_first_stage/r_i_mod4_reg[1]_14[1].  Did not re-place instance u_fam_detector/u_first_stage/i__carry_i_3__7
INFO: [Physopt 32-662] Processed net u_fam_detector/u_second_stage/u_phase_corrector/GEN_PHASE_CORRECTOR[3].u_phase_corrector/w_phase_tdata[3]_305[2].  Did not re-place instance u_fam_detector/u_second_stage/u_phase_corrector/GEN_PHASE_CORRECTOR[3].u_phase_corrector/r_tdata_reg[2]
INFO: [Physopt 32-662] Processed net u_fam_detector/r_cfg_th_data_size[2].  Did not re-place instance u_fam_detector/r_cfg_th_data_size_reg[2]
INFO: [Physopt 32-662] Processed net u_ps_comblock_setup/ps_comblock_setup_i/comblock_0/U0/comblock_i/fifo_out_g.fifo_out_i/g_async.i_sync_rd2wr/S[0].  Did not re-place instance u_ps_comblock_setup/ps_comblock_setup_i/comblock_0/U0/comblock_i/fifo_out_g.fifo_out_i/g_async.i_sync_rd2wr/i__carry_i_8__1
INFO: [Physopt 32-662] Processed net u_fam_detector/u_second_stage/u_phase_corrector/GEN_PHASE_CORRECTOR[1].u_phase_corrector/w_phase_tdata[1]_303[10].  Did not re-place instance u_fam_detector/u_second_stage/u_phase_corrector/GEN_PHASE_CORRECTOR[1].u_phase_corrector/r_tdata_reg[10]
INFO: [Physopt 32-662] Processed net u_fam_detector/u_second_stage/u_phase_corrector/GEN_PHASE_CORRECTOR[1].u_phase_corrector/w_phase_tdata[1]_303[6].  Did not re-place instance u_fam_detector/u_second_stage/u_phase_corrector/GEN_PHASE_CORRECTOR[1].u_phase_corrector/r_tdata_reg[6]
INFO: [Physopt 32-662] Processed net u_fam_detector/u_second_stage/u_phase_corrector/GEN_PHASE_CORRECTOR[1].u_phase_corrector/w_phase_tdata[1]_303[8].  Did not re-place instance u_fam_detector/u_second_stage/u_phase_corrector/GEN_PHASE_CORRECTOR[1].u_phase_corrector/r_tdata_reg[8]
INFO: [Physopt 32-662] Processed net u_fam_detector/u_first_stage/r_i_mod4_reg[1]_6[1].  Did not re-place instance u_fam_detector/u_first_stage/i__carry_i_3__22
INFO: [Physopt 32-662] Processed net u_fam_detector/u_first_stage/top_mux_reset_reg_54.  Did not re-place instance u_fam_detector/u_first_stage/r_tdata[22]_i_1__1
INFO: [Physopt 32-662] Processed net u_fam_detector/u_first_stage/u_input_window_im/B[0]_repN.  Did not re-place instance u_fam_detector/u_first_stage/u_input_window_im/r_prod_mult_reg[28]_i_1_replica
INFO: [Physopt 32-662] Processed net u_fam_detector/u_first_stage/resize_saturate01_carry_i_6_n_0.  Did not re-place instance u_fam_detector/u_first_stage/resize_saturate01_carry_i_6
INFO: [Physopt 32-662] Processed net u_fam_detector/u_first_stage/resize_saturate01_carry_i_10_n_0.  Did not re-place instance u_fam_detector/u_first_stage/resize_saturate01_carry_i_10
INFO: [Physopt 32-662] Processed net u_fam_detector/u_threshold_calculator/threshold_rom_inst/addr__0_carry__0_i_7_n_0.  Did not re-place instance u_fam_detector/u_threshold_calculator/threshold_rom_inst/addr__0_carry__0_i_7
INFO: [Physopt 32-662] Processed net u_fam_detector/u_first_stage/r_tdata[22]_i_6__1_n_0.  Did not re-place instance u_fam_detector/u_first_stage/r_tdata[22]_i_6__1
INFO: [Physopt 32-662] Processed net u_fam_detector/u_first_stage/top_mux_reset_reg_9.  Did not re-place instance u_fam_detector/u_first_stage/r_tdata[12]_i_1
INFO: [Physopt 32-662] Processed net u_fam_detector/u_first_stage/r_i_mod4_reg[1]_7[1].  Did not re-place instance u_fam_detector/u_first_stage/i__carry_i_1__21
INFO: [Physopt 32-661] Optimized 11 nets.  Re-placed 11 instances.
INFO: [Physopt 32-775] End 1 Pass. Optimized 11 nets or cells. Created 0 new cell, deleted 0 existing cell and moved 11 existing cells
INFO: [Physopt 32-619] Estimated Timing Summary | WNS=-0.091 | TNS=-0.267 |
Netlist sorting complete. Time (s): cpu = 00:00:00 ; elapsed = 00:00:00.049 . Memory (MB): peak = 2893.297 ; gain = 0.000
Phase 29 Single Cell Placement Optimization | Checksum: bd826bc3

Time (s): cpu = 00:00:50 ; elapsed = 00:00:40 . Memory (MB): peak = 2893.297 ; gain = 4.254

Phase 30 Multi Cell Placement Optimization
INFO: [Physopt 32-660] Identified 100 candidate nets for placement-based optimization.
INFO: [Physopt 32-662] Processed net u_ps_comblock_setup/ps_comblock_setup_i/comblock_0/U0/AXIL_inst/regs_out[0][31]_i_2_n_0.  Did not re-place instance u_ps_comblock_setup/ps_comblock_setup_i/comblock_0/U0/AXIL_inst/regs_out[0][31]_i_2/O
INFO: [Physopt 32-662] Processed net u_ps_comblock_setup/ps_comblock_setup_i/comblock_0/U0/AXIL_inst/p_4_in.  Did not re-place instance u_ps_comblock_setup/ps_comblock_setup_i/comblock_0/U0/AXIL_inst/ram_reg_i_1/O
INFO: [Physopt 32-662] Processed net u_fam_detector/u_threshold_calculator/threshold_rom_inst/addr__0_carry_i_9_n_0.  Did not re-place instance u_fam_detector/u_threshold_calculator/threshold_rom_inst/addr__0_carry_i_9/O
INFO: [Physopt 32-662] Processed net u_fam_detector/u_threshold_calculator/threshold_rom_inst/addr__0_carry_i_13_n_0.  Did not re-place instance u_fam_detector/u_threshold_calculator/threshold_rom_inst/addr__0_carry_i_13/O
INFO: [Physopt 32-662] Processed net u_fam_detector/u_threshold_calculator/threshold_rom_inst/addr__0_carry_i_18_n_0.  Did not re-place instance u_fam_detector/u_threshold_calculator/threshold_rom_inst/addr__0_carry_i_18/O
INFO: [Physopt 32-662] Processed net u_fam_detector/r_cfg_th_data_size[1].  Did not re-place instance u_fam_detector/r_cfg_th_data_size_reg[1]/Q
INFO: [Physopt 32-662] Processed net u_fam_detector/u_threshold_calculator/threshold_rom_inst/addr__0_carry_i_16_n_0.  Did not re-place instance u_fam_detector/u_threshold_calculator/threshold_rom_inst/addr__0_carry_i_16/O
INFO: [Physopt 32-662] Processed net u_fam_detector/u_threshold_calculator/threshold_rom_inst/addr__0_carry_i_17_n_0.  Did not re-place instance u_fam_detector/u_threshold_calculator/threshold_rom_inst/addr__0_carry_i_17/O
INFO: [Physopt 32-662] Processed net u_fam_detector/u_threshold_calculator/threshold_rom_inst/A[1].  Did not re-place instance u_fam_detector/u_threshold_calculator/threshold_rom_inst/addr__0_carry_i_2/O
INFO: [Physopt 32-662] Processed net u_fam_detector/u_threshold_calculator/threshold_rom_inst/addr__0_carry_i_10_n_0_repN.  Did not re-place instance u_fam_detector/u_threshold_calculator/threshold_rom_inst/addr__0_carry_i_10_replica/O
INFO: [Physopt 32-662] Processed net u_fam_detector/u_threshold_calculator/threshold_rom_inst/addr__0_carry_i_8_n_0.  Did not re-place instance u_fam_detector/u_threshold_calculator/threshold_rom_inst/addr__0_carry_i_8/O
INFO: [Physopt 32-662] Processed net u_fam_detector/r_cfg_th_data_size[8]_repN.  Did not re-place instance u_fam_detector/r_cfg_th_data_size_reg[8]_replica/Q
INFO: [Physopt 32-662] Processed net u_fam_detector/u_threshold_calculator/threshold_rom_inst/addr__0_carry_i_19_n_0.  Did not re-place instance u_fam_detector/u_threshold_calculator/threshold_rom_inst/addr__0_carry_i_19/O
INFO: [Physopt 32-661] Optimized 0 net.  Re-placed 0 instance.
INFO: [Physopt 32-775] End 1 Pass. Optimized 0 net or cell. Created 0 new cell, deleted 0 existing cell and moved 0 existing cell
Netlist sorting complete. Time (s): cpu = 00:00:01 ; elapsed = 00:00:00.044 . Memory (MB): peak = 2893.297 ; gain = 0.000
Phase 30 Multi Cell Placement Optimization | Checksum: bd826bc3

Time (s): cpu = 00:00:52 ; elapsed = 00:00:41 . Memory (MB): peak = 2893.297 ; gain = 4.254

Phase 31 SLR Crossing Optimization
Phase 31 SLR Crossing Optimization | Checksum: bd826bc3

Time (s): cpu = 00:00:52 ; elapsed = 00:00:42 . Memory (MB): peak = 2893.297 ; gain = 4.254

Phase 32 Critical Path Optimization
INFO: [Physopt 32-619] Estimated Timing Summary | WNS=-0.091 | TNS=-0.267 |
INFO: [Physopt 32-702] Processed net u_ps_comblock_setup/ps_comblock_setup_i/comblock_0/U0/AXIL_inst/axil_rdata[0]. Optimizations did not improve timing on the net.
INFO: [Physopt 32-702] Processed net u_ps_comblock_setup/ps_comblock_setup_i/processing_system7_0/inst/FCLK_CLK_unbuffered[0]. Optimizations did not improve timing on the net.
INFO: [Physopt 32-702] Processed net u_ps_comblock_setup/ps_comblock_setup_i/comblock_0/U0/AXIL_inst/axi_rdata[0]_i_2_n_0. Optimizations did not improve timing on the net.
INFO: [Physopt 32-702] Processed net u_ps_comblock_setup/ps_comblock_setup_i/comblock_0/U0/comblock_i/fifo_out_g.fifo_out_i/g_async.i_sync_rd2wr/_inferred__1/i__carry__0_repN. Optimizations did not improve timing on the net.
INFO: [Physopt 32-702] Processed net u_ps_comblock_setup/ps_comblock_setup_i/comblock_0/U0/comblock_i/fifo_out_g.fifo_out_i/O[0]. Optimizations did not improve timing on the net.
INFO: [Physopt 32-702] Processed net u_ps_comblock_setup/ps_comblock_setup_i/comblock_0/U0/comblock_i/fifo_out_g.fifo_out_i/_inferred__1/i__carry__0_n_0. Optimizations did not improve timing on the net.
INFO: [Physopt 32-702] Processed net u_ps_comblock_setup/ps_comblock_setup_i/comblock_0/U0/comblock_i/fifo_out_g.fifo_out_i/g_async.i_sync_rd2wr/data_r_reg[1][7]_0[1]. Optimizations did not improve timing on the net.
INFO: [Physopt 32-702] Processed net u_ps_comblock_setup/ps_comblock_setup_i/comblock_0/U0/comblock_i/fifo_out_g.fifo_out_i/i__carry__0_i_10__0_n_6. Optimizations did not improve timing on the net.
INFO: [Physopt 32-702] Processed net u_ps_comblock_setup/ps_comblock_setup_i/comblock_0/U0/comblock_i/fifo_out_g.fifo_out_i/i__carry_i_11__0_n_0. Optimizations did not improve timing on the net.
INFO: [Physopt 32-702] Processed net u_ps_comblock_setup/ps_comblock_setup_i/comblock_0/U0/comblock_i/fifo_out_g.fifo_out_i/i__carry_i_13_n_0. Optimizations did not improve timing on the net.
INFO: [Physopt 32-710] Processed net u_ps_comblock_setup/ps_comblock_setup_i/comblock_0/U0/comblock_i/fifo_out_g.fifo_out_i/i__carry_i_13_n_0. Critical path length was reduced through logic transformation on cell u_ps_comblock_setup/ps_comblock_setup_i/comblock_0/U0/comblock_i/fifo_out_g.fifo_out_i/i__carry_i_13_comp.
INFO: [Physopt 32-735] Processed net u_ps_comblock_setup/ps_comblock_setup_i/comblock_0/U0/AXIL_inst/p_4_in. Optimization improves timing on the net.
INFO: [Physopt 32-619] Estimated Timing Summary | WNS=-0.075 | TNS=-0.148 |
INFO: [Physopt 32-702] Processed net u_fam_detector/u_threshold_calculator/threshold_rom_inst/r_threshold_reg[32]. Optimizations did not improve timing on the net.
INFO: [Physopt 32-702] Processed net u_fam_detector/u_threshold_calculator/threshold_rom_inst/PCOUT[6]. Optimizations did not improve timing on the net.
INFO: [Physopt 32-702] Processed net u_fam_detector/u_threshold_calculator/threshold_rom_inst/addr__0_carry_n_0. Optimizations did not improve timing on the net.
INFO: [Physopt 32-702] Processed net u_fam_detector/u_threshold_calculator/threshold_rom_inst/addr__0_carry_i_1_n_0. Optimizations did not improve timing on the net.
INFO: [Physopt 32-710] Processed net u_fam_detector/u_threshold_calculator/threshold_rom_inst/addr__0_carry_i_1_n_0. Critical path length was reduced through logic transformation on cell u_fam_detector/u_threshold_calculator/threshold_rom_inst/addr__0_carry_i_1_comp.
INFO: [Physopt 32-735] Processed net u_fam_detector/u_threshold_calculator/threshold_rom_inst/addr__0_carry_i_9_n_0. Optimization improves timing on the net.
INFO: [Physopt 32-619] Estimated Timing Summary | WNS=-0.033 | TNS=-0.064 |
INFO: [Physopt 32-702] Processed net u_fam_detector/u_threshold_calculator/threshold_rom_inst/addr__0_carry_i_6_n_0. Optimizations did not improve timing on the net.
INFO: [Physopt 32-710] Processed net u_fam_detector/u_threshold_calculator/threshold_rom_inst/addr__0_carry_i_6_n_0. Critical path length was reduced through logic transformation on cell u_fam_detector/u_threshold_calculator/threshold_rom_inst/addr__0_carry_i_6_comp.
INFO: [Physopt 32-735] Processed net u_fam_detector/u_threshold_calculator/threshold_rom_inst/A[1]. Optimization improves timing on the net.
INFO: [Physopt 32-619] Estimated Timing Summary | WNS=0.033 | TNS=0.000 |
INFO: [Physopt 32-619] Estimated Timing Summary | WNS=0.033 | TNS=0.000 |
Phase 32 Critical Path Optimization | Checksum: bd826bc3

Time (s): cpu = 00:00:53 ; elapsed = 00:00:42 . Memory (MB): peak = 2893.297 ; gain = 4.254

Phase 33 Critical Path Optimization
INFO: [Physopt 32-619] Estimated Timing Summary | WNS=0.033 | TNS=0.000 |
INFO: [Physopt 32-619] Estimated Timing Summary | WNS=0.033 | TNS=0.000 |
Phase 33 Critical Path Optimization | Checksum: bd826bc3

Time (s): cpu = 00:00:53 ; elapsed = 00:00:42 . Memory (MB): peak = 2893.297 ; gain = 4.254

Phase 34 BRAM Enable Optimization
Phase 34 BRAM Enable Optimization | Checksum: bd826bc3

Time (s): cpu = 00:00:53 ; elapsed = 00:00:42 . Memory (MB): peak = 2893.297 ; gain = 4.254
INFO: [Physopt 32-960] Skip hold-fix as initial WHS does not violate hold threshold 250 ps
Netlist sorting complete. Time (s): cpu = 00:00:00 ; elapsed = 00:00:00.052 . Memory (MB): peak = 2893.297 ; gain = 0.000
INFO: [Physopt 32-603] Post Physical Optimization Timing Summary | WNS=0.033 | TNS=0.000 |

Summary of Physical Synthesis Optimizations
============================================


----------------------------------------------------------------------------------------------------------------------------------------------------------------------
|  Optimization            |  WNS Gain (ns)  |  TNS Gain (ns)  |  Added Cells  |  Removed Cells  |  Optimized Cells/Nets  |  Dont Touch  |  Iterations  |  Elapsed   |
----------------------------------------------------------------------------------------------------------------------------------------------------------------------
|  Fanout                  |          0.000  |          0.106  |            1  |              0  |                     1  |           0  |           3  |  00:00:02  |
|  Single Cell Placement   |          0.183  |          0.142  |            0  |              0  |                   134  |           0  |           4  |  00:00:13  |
|  Multi Cell Placement    |          0.000  |          0.096  |            0  |              0  |                     7  |           0  |           4  |  00:00:03  |
|  Rewire                  |          0.041  |          0.082  |            0  |              0  |                     1  |           0  |           3  |  00:00:01  |
|  Critical Cell           |          0.005  |          1.169  |           11  |              0  |                    10  |           0  |           3  |  00:00:03  |
|  SLR Crossing            |          0.000  |          0.000  |            0  |              0  |                     0  |           0  |           3  |  00:00:00  |
|  DSP Register            |          0.000  |          0.000  |            0  |              0  |                     0  |           0  |           2  |  00:00:00  |
|  BRAM Register           |          0.000  |          0.000  |            0  |              0  |                     0  |           0  |           2  |  00:00:00  |
|  URAM Register           |          0.000  |          0.000  |            0  |              0  |                     0  |           0  |           2  |  00:00:00  |
|  Shift Register          |          0.000  |          0.000  |            0  |              0  |                     0  |           0  |           2  |  00:00:00  |
|  Critical Pin            |          0.239  |          0.448  |            0  |              0  |                     4  |           0  |           1  |  00:00:00  |
|  Very High Fanout        |          0.000  |          0.000  |            1  |              0  |                     1  |           0  |           1  |  00:00:04  |
|  BRAM Enable             |          0.000  |          0.000  |            0  |              0  |                     0  |           0  |           1  |  00:00:00  |
|  Critical Path           |          0.124  |          0.267  |            0  |              0  |                     3  |           0  |           2  |  00:00:01  |
|  Total                   |          0.592  |          2.310  |           13  |              0  |                   161  |           0  |          33  |  00:00:27  |
----------------------------------------------------------------------------------------------------------------------------------------------------------------------


Netlist sorting complete. Time (s): cpu = 00:00:00 ; elapsed = 00:00:00.040 . Memory (MB): peak = 2893.297 ; gain = 0.000
Ending Physical Synthesis Task | Checksum: 194350b99

Time (s): cpu = 00:00:54 ; elapsed = 00:00:43 . Memory (MB): peak = 2893.297 ; gain = 4.254
INFO: [Common 17-83] Releasing license: Implementation
906 Infos, 1 Warnings, 0 Critical Warnings and 0 Errors encountered.
phys_opt_design completed successfully
phys_opt_design: Time (s): cpu = 00:01:04 ; elapsed = 00:00:51 . Memory (MB): peak = 2893.297 ; gain = 113.832
INFO: [Timing 38-480] Writing timing data to binary archive.
Writing XDEF routing.
Writing XDEF routing logical nets.
Writing XDEF routing special nets.
Write XDEF Complete: Time (s): cpu = 00:00:14 ; elapsed = 00:00:05 . Memory (MB): peak = 2893.297 ; gain = 0.000
INFO: [Common 17-1381] The checkpoint 'C:/Users/gm/Vivado Projects/complete_det_modded_turbo/complete_det_modded_turbo.runs/impl_physopt_125/fam_detector_system_top_physopt.dcp' has been generated.
write_checkpoint: Time (s): cpu = 00:00:20 ; elapsed = 00:00:13 . Memory (MB): peak = 2893.297 ; gain = 0.000
Command: route_design -directive Explore -tns_cleanup
Attempting to get a license for feature 'Implementation' and/or device 'xc7z020'
INFO: [Common 17-349] Got license for feature 'Implementation' and/or device 'xc7z020'
INFO: [DRC 23-27] Running DRC with 2 threads
INFO: [Vivado_Tcl 4-198] DRC finished with 0 Errors
INFO: [Vivado_Tcl 4-199] Please refer to the DRC report (report_drc) for more information.
Running DRC as a precondition to command route_design
INFO: [DRC 23-27] Running DRC with 2 threads
INFO: [Vivado_Tcl 4-198] DRC finished with 0 Errors
INFO: [Vivado_Tcl 4-199] Please refer to the DRC report (report_drc) for more information.


Starting Routing Task
INFO: [Route 35-270] Using Router directive 'Explore'.
INFO: [Route 35-254] Multithreading enabled for route_design using a maximum of 2 CPUs

Phase 1 Build RT Design
Checksum: PlaceDB: 749d0e2f ConstDB: 0 ShapeSum: 957aebff RouteDB: 0
Post Restoration Checksum: NetGraph: 3849e406 | NumContArr: e9cb78fb | Constraints: 190a55ad | Timing: 0
Phase 1 Build RT Design | Checksum: 13b1fb2ae

Time (s): cpu = 00:00:25 ; elapsed = 00:00:22 . Memory (MB): peak = 2995.094 ; gain = 65.910

Phase 2 Router Initialization

Phase 2.1 Fix Topology Constraints
Phase 2.1 Fix Topology Constraints | Checksum: 13b1fb2ae

Time (s): cpu = 00:00:25 ; elapsed = 00:00:22 . Memory (MB): peak = 2995.094 ; gain = 65.910

Phase 2.2 Pre Route Cleanup
Phase 2.2 Pre Route Cleanup | Checksum: 13b1fb2ae

Time (s): cpu = 00:00:26 ; elapsed = 00:00:22 . Memory (MB): peak = 2995.094 ; gain = 65.910
 Number of Nodes with overlaps = 0

Phase 2.3 Update Timing
Phase 2.3 Update Timing | Checksum: d70fa2fe

Time (s): cpu = 00:00:39 ; elapsed = 00:00:33 . Memory (MB): peak = 3036.926 ; gain = 107.742
INFO: [Route 35-416] Intermediate Timing Summary | WNS=0.035  | TNS=0.000  | WHS=-0.335 | THS=-821.170|


Router Utilization Summary
  Global Vertical Routing Utilization    = 0 %
  Global Horizontal Routing Utilization  = 0 %
  Routable Net Status*
  *Does not include unroutable nets such as driverless and loadless.
  Run report_route_status for detailed report.
  Number of Failed Nets               = 61783
    (Failed Nets is the sum of unrouted and partially routed nets)
  Number of Unrouted Nets             = 61783
  Number of Partially Routed Nets     = 0
  Number of Node Overlaps             = 0

Phase 2 Router Initialization | Checksum: 106b61df1

Time (s): cpu = 00:00:46 ; elapsed = 00:00:38 . Memory (MB): peak = 3121.496 ; gain = 192.312

Phase 3 Initial Routing

Phase 3.1 Global Routing
Phase 3.1 Global Routing | Checksum: 106b61df1

Time (s): cpu = 00:00:46 ; elapsed = 00:00:38 . Memory (MB): peak = 3121.496 ; gain = 192.312
Phase 3 Initial Routing | Checksum: 17ad4015f

Time (s): cpu = 00:00:55 ; elapsed = 00:00:43 . Memory (MB): peak = 3122.602 ; gain = 193.418

Phase 4 Rip-up And Reroute

Phase 4.1 Global Iteration 0
 Number of Nodes with overlaps = 3240
 Number of Nodes with overlaps = 637
 Number of Nodes with overlaps = 224
 Number of Nodes with overlaps = 83
 Number of Nodes with overlaps = 37
 Number of Nodes with overlaps = 20
 Number of Nodes with overlaps = 10
 Number of Nodes with overlaps = 5
 Number of Nodes with overlaps = 0
INFO: [Route 35-416] Intermediate Timing Summary | WNS=-0.286 | TNS=-3.609 | WHS=N/A    | THS=N/A    |

Phase 4.1 Global Iteration 0 | Checksum: 24537dd4f

Time (s): cpu = 00:01:23 ; elapsed = 00:01:08 . Memory (MB): peak = 3169.129 ; gain = 239.945

Phase 4.2 Global Iteration 1
 Number of Nodes with overlaps = 352
 Number of Nodes with overlaps = 77
 Number of Nodes with overlaps = 25
 Number of Nodes with overlaps = 3
 Number of Nodes with overlaps = 4
 Number of Nodes with overlaps = 11
 Number of Nodes with overlaps = 3
 Number of Nodes with overlaps = 1
 Number of Nodes with overlaps = 0
INFO: [Route 35-416] Intermediate Timing Summary | WNS=-0.305 | TNS=-3.620 | WHS=N/A    | THS=N/A    |

Phase 4.2 Global Iteration 1 | Checksum: 18414f529

Time (s): cpu = 00:01:32 ; elapsed = 00:01:17 . Memory (MB): peak = 3169.129 ; gain = 239.945
Phase 4 Rip-up And Reroute | Checksum: 18414f529

Time (s): cpu = 00:01:32 ; elapsed = 00:01:17 . Memory (MB): peak = 3169.129 ; gain = 239.945

Phase 5 Delay and Skew Optimization

Phase 5.1 TNS Cleanup

Phase 5.1.1 Delay CleanUp

Phase 5.1.1.1 Update Timing
Phase 5.1.1.1 Update Timing | Checksum: 188d2c265

Time (s): cpu = 00:01:35 ; elapsed = 00:01:19 . Memory (MB): peak = 3169.129 ; gain = 239.945
INFO: [Route 35-416] Intermediate Timing Summary | WNS=-0.171 | TNS=-0.895 | WHS=N/A    | THS=N/A    |

 Number of Nodes with overlaps = 0

Phase 5.1.1.2 Update Timing
Phase 5.1.1.2 Update Timing | Checksum: 170baecc0

Time (s): cpu = 00:01:36 ; elapsed = 00:01:19 . Memory (MB): peak = 3169.129 ; gain = 239.945
INFO: [Route 35-416] Intermediate Timing Summary | WNS=-0.171 | TNS=-0.797 | WHS=N/A    | THS=N/A    |

 Number of Nodes with overlaps = 0

Phase 5.1.1.3 Update Timing
Phase 5.1.1.3 Update Timing | Checksum: 107282d82

Time (s): cpu = 00:01:36 ; elapsed = 00:01:20 . Memory (MB): peak = 3169.129 ; gain = 239.945
INFO: [Route 35-416] Intermediate Timing Summary | WNS=-0.171 | TNS=-0.797 | WHS=N/A    | THS=N/A    |

Phase 5.1.1 Delay CleanUp | Checksum: 1373fb358

Time (s): cpu = 00:01:37 ; elapsed = 00:01:20 . Memory (MB): peak = 3169.129 ; gain = 239.945
Phase 5.1 TNS Cleanup | Checksum: 1373fb358

Time (s): cpu = 00:01:37 ; elapsed = 00:01:20 . Memory (MB): peak = 3169.129 ; gain = 239.945

Phase 5.2 Clock Skew Optimization
Phase 5.2 Clock Skew Optimization | Checksum: 1373fb358

Time (s): cpu = 00:01:37 ; elapsed = 00:01:20 . Memory (MB): peak = 3169.129 ; gain = 239.945
Phase 5 Delay and Skew Optimization | Checksum: 1373fb358

Time (s): cpu = 00:01:37 ; elapsed = 00:01:20 . Memory (MB): peak = 3169.129 ; gain = 239.945

Phase 6 Post Hold Fix

Phase 6.1 Hold Fix Iter

Phase 6.1.1 Update Timing
Phase 6.1.1 Update Timing | Checksum: 10c84c93e

Time (s): cpu = 00:01:40 ; elapsed = 00:01:23 . Memory (MB): peak = 3169.129 ; gain = 239.945
INFO: [Route 35-416] Intermediate Timing Summary | WNS=-0.171 | TNS=-0.797 | WHS=-0.033 | THS=-0.061 |

Phase 6.1 Hold Fix Iter | Checksum: 10b212e6d

Time (s): cpu = 00:01:40 ; elapsed = 00:01:23 . Memory (MB): peak = 3169.129 ; gain = 239.945
Phase 6 Post Hold Fix | Checksum: f4281231

Time (s): cpu = 00:01:40 ; elapsed = 00:01:23 . Memory (MB): peak = 3169.129 ; gain = 239.945

Phase 7 Timing Verification

Phase 7.1 Update Timing
Phase 7.1 Update Timing | Checksum: 1a362031a

Time (s): cpu = 00:01:46 ; elapsed = 00:01:27 . Memory (MB): peak = 3169.129 ; gain = 239.945
INFO: [Route 35-416] Intermediate Timing Summary | WNS=-0.171 | TNS=-0.797 | WHS=N/A    | THS=N/A    |

Phase 7 Timing Verification | Checksum: 1a362031a

Time (s): cpu = 00:01:46 ; elapsed = 00:01:27 . Memory (MB): peak = 3169.129 ; gain = 239.945

Phase 8 Route finalize

Router Utilization Summary
  Global Vertical Routing Utilization    = 23.6539 %
  Global Horizontal Routing Utilization  = 25.3451 %
  Routable Net Status*
  *Does not include unroutable nets such as driverless and loadless.
  Run report_route_status for detailed report.
  Number of Failed Nets               = 0
    (Failed Nets is the sum of unrouted and partially routed nets)
  Number of Unrouted Nets             = 0
  Number of Partially Routed Nets     = 0
  Number of Node Overlaps             = 0


--GLOBAL Congestion:
Utilization threshold used for congestion level computation: 0.85
Congestion Report
North Dir 2x2 Area, Max Cong = 85.8108%, Congestion bounded by tiles (Lower Left Tile -> Upper Right Tile):
   INT_L_X60Y90 -> INT_R_X61Y91
South Dir 1x1 Area, Max Cong = 93.6937%, Congestion bounded by tiles (Lower Left Tile -> Upper Right Tile):
   INT_R_X27Y133 -> INT_R_X27Y133
   INT_R_X31Y131 -> INT_R_X31Y131
   INT_L_X28Y130 -> INT_L_X28Y130
   INT_R_X27Y128 -> INT_R_X27Y128
   INT_R_X31Y127 -> INT_R_X31Y127
East Dir 1x1 Area, Max Cong = 94.1176%, Congestion bounded by tiles (Lower Left Tile -> Upper Right Tile):
   INT_R_X27Y133 -> INT_R_X27Y133
   INT_R_X27Y132 -> INT_R_X27Y132
   INT_R_X27Y131 -> INT_R_X27Y131
   INT_R_X37Y130 -> INT_R_X37Y130
   INT_R_X25Y128 -> INT_R_X25Y128
West Dir 1x1 Area, Max Cong = 95.5882%, Congestion bounded by tiles (Lower Left Tile -> Upper Right Tile):
   INT_L_X40Y136 -> INT_L_X40Y136
   INT_R_X39Y135 -> INT_R_X39Y135
   INT_R_X39Y134 -> INT_R_X39Y134
   INT_L_X40Y134 -> INT_L_X40Y134
   INT_L_X42Y134 -> INT_L_X42Y134

------------------------------
Reporting congestion hotspots
------------------------------
Direction: North
----------------
Congested clusters found at Level 0
Effective congestion level: 2 Aspect Ratio: 0.6 Sparse Ratio: 0.5
Direction: South
----------------
Congested clusters found at Level 0
Effective congestion level: 1 Aspect Ratio: 1 Sparse Ratio: 0.75
Direction: East
----------------
Congested clusters found at Level 0
Effective congestion level: 1 Aspect Ratio: 0.333333 Sparse Ratio: 0.75
Direction: West
----------------
Congested clusters found at Level 0
Effective congestion level: 1 Aspect Ratio: 0.5 Sparse Ratio: 1.25

Phase 8 Route finalize | Checksum: 1a362031a

Time (s): cpu = 00:01:46 ; elapsed = 00:01:27 . Memory (MB): peak = 3169.129 ; gain = 239.945

Phase 9 Verifying routed nets

 Verification completed successfully
Phase 9 Verifying routed nets | Checksum: 1a362031a

Time (s): cpu = 00:01:46 ; elapsed = 00:01:27 . Memory (MB): peak = 3169.129 ; gain = 239.945

Phase 10 Depositing Routes
Phase 10 Depositing Routes | Checksum: 202abdd8d

Time (s): cpu = 00:01:49 ; elapsed = 00:01:30 . Memory (MB): peak = 3169.129 ; gain = 239.945

Phase 11 Incr Placement Change
Netlist sorting complete. Time (s): cpu = 00:00:00 ; elapsed = 00:00:00.059 . Memory (MB): peak = 3169.129 ; gain = 0.000
INFO: [Place 30-746] Post Placement Timing Summary WNS=-0.041. For the most accurate timing information please run report_timing.
Ending IncrPlace Task | Checksum: 68fca8f3

Time (s): cpu = 00:00:32 ; elapsed = 00:00:27 . Memory (MB): peak = 3208.219 ; gain = 39.090
Google Cpuprofiler is only supported on Linux.
Phase 11 Incr Placement Change | Checksum: 68fca8f3

Time (s): cpu = 00:02:22 ; elapsed = 00:01:58 . Memory (MB): peak = 3208.219 ; gain = 279.035

Phase 12 Build RT Design
Checksum: PlaceDB: 6873b5c3 ConstDB: 0 ShapeSum: 88f330 RouteDB: a717f2aa
Post Restoration Checksum: NetGraph: 927a7d01 | NumContArr: fa6a77c4 | Constraints: 190a55ad | Timing: 0
Phase 12 Build RT Design | Checksum: 1a5ef4a72

Time (s): cpu = 00:02:34 ; elapsed = 00:02:07 . Memory (MB): peak = 3209.289 ; gain = 280.105

Phase 13 Router Initialization

Phase 13.1 Fix Topology Constraints
Phase 13.1 Fix Topology Constraints | Checksum: 1a5ef4a72

Time (s): cpu = 00:02:35 ; elapsed = 00:02:08 . Memory (MB): peak = 3209.289 ; gain = 280.105

Phase 13.2 Pre Route Cleanup
Phase 13.2 Pre Route Cleanup | Checksum: e954e8e3

Time (s): cpu = 00:02:35 ; elapsed = 00:02:08 . Memory (MB): peak = 3209.289 ; gain = 280.105
 Number of Nodes with overlaps = 0

Phase 13.3 Update Timing
Phase 13.3 Update Timing | Checksum: 23eedc241

Time (s): cpu = 00:02:52 ; elapsed = 00:02:21 . Memory (MB): peak = 3259.215 ; gain = 330.031
INFO: [Route 35-416] Intermediate Timing Summary | WNS=-0.118 | TNS=-0.332 | WHS=-0.335 | THS=-817.103|


Router Utilization Summary
  Global Vertical Routing Utilization    = 23.6369 %
  Global Horizontal Routing Utilization  = 25.3305 %
  Routable Net Status*
  *Does not include unroutable nets such as driverless and loadless.
  Run report_route_status for detailed report.
  Number of Failed Nets               = 120
    (Failed Nets is the sum of unrouted and partially routed nets)
  Number of Unrouted Nets             = 38
  Number of Partially Routed Nets     = 82
  Number of Node Overlaps             = 0

Phase 13 Router Initialization | Checksum: 252c7c5f2

Time (s): cpu = 00:02:59 ; elapsed = 00:02:25 . Memory (MB): peak = 3360.430 ; gain = 431.246

Phase 14 Initial Routing

Phase 14.1 Global Routing
Phase 14.1 Global Routing | Checksum: 252c7c5f2

Time (s): cpu = 00:02:59 ; elapsed = 00:02:26 . Memory (MB): peak = 3360.430 ; gain = 431.246
Phase 14 Initial Routing | Checksum: c6bad172

Time (s): cpu = 00:02:59 ; elapsed = 00:02:26 . Memory (MB): peak = 3360.430 ; gain = 431.246
INFO: [Route 35-580] Design has 2 pins with tight setup and hold constraints.

The top 5 pins with tight setup and hold constraints:

+====================+===================+=================================================================================================================================================================================+
| Launch Setup Clock | Launch Hold Clock | Pin                                                                                                                                                                             |
+====================+===================+=================================================================================================================================================================================+
| clk_fpga_0         | clk_fpga_0        | u_fam_detector/u_second_stage/GEN_FFT2[2].u_fft2/U0/i_synth/xfft_inst/non_floating_point.arch_d.xfft_inst/pe_gen[1].natural_order_input.PE/bypass_muxes.din_im_mux_gen[2].reg/D |
| clk_fpga_0         | clk_fpga_0        | u_fam_detector/u_second_stage/GEN_FFT2[2].u_fft2/U0/i_synth/xfft_inst/non_floating_point.arch_d.xfft_inst/pe_gen[1].natural_order_input.PE/bypass_muxes.din_im_mux_gen[1].reg/D |
+--------------------+-------------------+---------------------------------------------------------------------------------------------------------------------------------------------------------------------------------+

File with complete list of pins: tight_setup_hold_pins.txt


Phase 15 Rip-up And Reroute

Phase 15.1 Global Iteration 0
 Number of Nodes with overlaps = 183
 Number of Nodes with overlaps = 134
 Number of Nodes with overlaps = 63
 Number of Nodes with overlaps = 39
 Number of Nodes with overlaps = 40
 Number of Nodes with overlaps = 23
 Number of Nodes with overlaps = 33
 Number of Nodes with overlaps = 14
 Number of Nodes with overlaps = 3
 Number of Nodes with overlaps = 6
 Number of Nodes with overlaps = 2
 Number of Nodes with overlaps = 0
INFO: [Route 35-416] Intermediate Timing Summary | WNS=-0.329 | TNS=-1.935 | WHS=N/A    | THS=N/A    |

Phase 15.1 Global Iteration 0 | Checksum: 1fa87ef57

Time (s): cpu = 00:03:16 ; elapsed = 00:02:43 . Memory (MB): peak = 3410.211 ; gain = 481.027

Phase 15.2 Global Iteration 1
 Number of Nodes with overlaps = 381
 Number of Nodes with overlaps = 99
 Number of Nodes with overlaps = 40
 Number of Nodes with overlaps = 29
 Number of Nodes with overlaps = 16
 Number of Nodes with overlaps = 11
 Number of Nodes with overlaps = 6
 Number of Nodes with overlaps = 3
 Number of Nodes with overlaps = 4
 Number of Nodes with overlaps = 3
 Number of Nodes with overlaps = 1
 Number of Nodes with overlaps = 1
 Number of Nodes with overlaps = 0
INFO: [Route 35-416] Intermediate Timing Summary | WNS=-0.397 | TNS=-3.109 | WHS=N/A    | THS=N/A    |

Phase 15.2 Global Iteration 1 | Checksum: 17f4ee53a

Time (s): cpu = 00:03:27 ; elapsed = 00:02:53 . Memory (MB): peak = 3410.211 ; gain = 481.027
Phase 15 Rip-up And Reroute | Checksum: 17f4ee53a

Time (s): cpu = 00:03:27 ; elapsed = 00:02:53 . Memory (MB): peak = 3410.211 ; gain = 481.027

Phase 16 Delay and Skew Optimization

Phase 16.1 TNS Cleanup

Phase 16.1.1 Delay CleanUp

Phase 16.1.1.1 Update Timing
Phase 16.1.1.1 Update Timing | Checksum: 17247dc4d

Time (s): cpu = 00:03:30 ; elapsed = 00:02:56 . Memory (MB): peak = 3410.211 ; gain = 481.027
INFO: [Route 35-416] Intermediate Timing Summary | WNS=-0.198 | TNS=-1.177 | WHS=N/A    | THS=N/A    |

 Number of Nodes with overlaps = 0

Phase 16.1.1.2 Update Timing
Phase 16.1.1.2 Update Timing | Checksum: 1b563605b

Time (s): cpu = 00:03:30 ; elapsed = 00:02:56 . Memory (MB): peak = 3410.211 ; gain = 481.027
INFO: [Route 35-416] Intermediate Timing Summary | WNS=-0.198 | TNS=-0.875 | WHS=N/A    | THS=N/A    |

 Number of Nodes with overlaps = 0

Phase 16.1.1.3 Update Timing
Phase 16.1.1.3 Update Timing | Checksum: 1b117d79b

Time (s): cpu = 00:03:30 ; elapsed = 00:02:56 . Memory (MB): peak = 3410.211 ; gain = 481.027
INFO: [Route 35-416] Intermediate Timing Summary | WNS=-0.198 | TNS=-0.875 | WHS=N/A    | THS=N/A    |

Phase 16.1.1 Delay CleanUp | Checksum: f0e985a9

Time (s): cpu = 00:03:31 ; elapsed = 00:02:57 . Memory (MB): peak = 3410.211 ; gain = 481.027
Phase 16.1 TNS Cleanup | Checksum: f0e985a9

Time (s): cpu = 00:03:31 ; elapsed = 00:02:57 . Memory (MB): peak = 3410.211 ; gain = 481.027

Phase 16.2 Clock Skew Optimization
Phase 16.2 Clock Skew Optimization | Checksum: f0e985a9

Time (s): cpu = 00:03:31 ; elapsed = 00:02:57 . Memory (MB): peak = 3410.211 ; gain = 481.027
Phase 16 Delay and Skew Optimization | Checksum: f0e985a9

Time (s): cpu = 00:03:31 ; elapsed = 00:02:57 . Memory (MB): peak = 3410.211 ; gain = 481.027

Phase 17 Post Hold Fix

Phase 17.1 Hold Fix Iter

Phase 17.1.1 Update Timing
Phase 17.1.1 Update Timing | Checksum: 1cee152d3

Time (s): cpu = 00:03:34 ; elapsed = 00:02:59 . Memory (MB): peak = 3410.211 ; gain = 481.027
INFO: [Route 35-416] Intermediate Timing Summary | WNS=-0.198 | TNS=-0.875 | WHS=0.050  | THS=0.000  |

Phase 17.1 Hold Fix Iter | Checksum: 1cf8e7678

Time (s): cpu = 00:03:34 ; elapsed = 00:02:59 . Memory (MB): peak = 3410.211 ; gain = 481.027
Phase 17 Post Hold Fix | Checksum: 1cf8e7678

Time (s): cpu = 00:03:35 ; elapsed = 00:02:59 . Memory (MB): peak = 3410.211 ; gain = 481.027

Phase 18 Timing Verification

Phase 18.1 Update Timing
Phase 18.1 Update Timing | Checksum: 1a68459b7

Time (s): cpu = 00:03:40 ; elapsed = 00:03:03 . Memory (MB): peak = 3410.211 ; gain = 481.027
INFO: [Route 35-416] Intermediate Timing Summary | WNS=-0.198 | TNS=-0.875 | WHS=N/A    | THS=N/A    |

Phase 18 Timing Verification | Checksum: 1a68459b7

Time (s): cpu = 00:03:40 ; elapsed = 00:03:03 . Memory (MB): peak = 3410.211 ; gain = 481.027

Phase 19 Reset Design
INFO: [Route 35-307] 61787 nets already restored were skipped.
Post Restoration Checksum: NetGraph: c43627ed | NumContArr: afc88c67 | Constraints: 190a55ad | Timing: d88735d7

Phase 19.1 Create Timer
Phase 19.1 Create Timer | Checksum: 265903fd8

Time (s): cpu = 00:03:41 ; elapsed = 00:03:04 . Memory (MB): peak = 3410.211 ; gain = 481.027
Phase 19 Reset Design | Checksum: 265903fd8

Time (s): cpu = 00:03:45 ; elapsed = 00:03:07 . Memory (MB): peak = 3410.211 ; gain = 481.027

Phase 20 Post Router Timing
INFO: [Route 35-20] Post Routing Timing Summary | WNS=-0.171 | TNS=-0.798 | WHS=0.049  | THS=0.000  |

Phase 20 Post Router Timing | Checksum: 1d42ea24d

Time (s): cpu = 00:03:58 ; elapsed = 00:03:16 . Memory (MB): peak = 3410.211 ; gain = 481.027
WARNING: [Route 35-39] The design did not meet timing requirements. Please run report_timing_summary for detailed reports.
Resolution: Verify that the timing was met or had small violations at all previous steps (synthesis, placement, power_opt, and phys_opt). Run report_timing_summary and analyze individual timing paths.
INFO: [Route 35-253] TNS is the sum of the worst slack violation on every endpoint in the design. Review the paths with the biggest WNS violations in the timing reports and modify your constraints or your design to improve both WNS and TNS.
INFO: [Route 35-16] Router Completed Successfully

Phase 21 Post-Route Event Processing
Phase 21 Post-Route Event Processing | Checksum: 7c21ad07

Time (s): cpu = 00:03:59 ; elapsed = 00:03:16 . Memory (MB): peak = 3410.211 ; gain = 481.027

Time (s): cpu = 00:03:59 ; elapsed = 00:03:16 . Memory (MB): peak = 3410.211 ; gain = 481.027

Routing Is Done.
INFO: [Common 17-83] Releasing license: Implementation
940 Infos, 2 Warnings, 0 Critical Warnings and 0 Errors encountered.
route_design completed successfully
route_design: Time (s): cpu = 00:04:03 ; elapsed = 00:03:20 . Memory (MB): peak = 3410.211 ; gain = 516.914
INFO: [runtcl-4] Executing : report_drc -file fam_detector_system_top_drc_routed.rpt -pb fam_detector_system_top_drc_routed.pb -rpx fam_detector_system_top_drc_routed.rpx
Command: report_drc -file fam_detector_system_top_drc_routed.rpt -pb fam_detector_system_top_drc_routed.pb -rpx fam_detector_system_top_drc_routed.rpx
INFO: [IP_Flow 19-1839] IP Catalog is up to date.
INFO: [DRC 23-27] Running DRC with 2 threads
INFO: [Vivado_Tcl 2-168] The results of DRC are in file C:/Users/gm/Vivado Projects/complete_det_modded_turbo/complete_det_modded_turbo.runs/impl_physopt_125/fam_detector_system_top_drc_routed.rpt.
report_drc completed successfully
report_drc: Time (s): cpu = 00:00:10 ; elapsed = 00:00:06 . Memory (MB): peak = 3416.609 ; gain = 6.398
INFO: [runtcl-4] Executing : report_methodology -file fam_detector_system_top_methodology_drc_routed.rpt -pb fam_detector_system_top_methodology_drc_routed.pb -rpx fam_detector_system_top_methodology_drc_routed.rpx
Command: report_methodology -file fam_detector_system_top_methodology_drc_routed.rpt -pb fam_detector_system_top_methodology_drc_routed.pb -rpx fam_detector_system_top_methodology_drc_routed.rpx
INFO: [Timing 38-35] Done setting XDC timing constraints.
INFO: [DRC 23-133] Running Methodology with 2 threads
INFO: [Vivado_Tcl 2-1520] The results of Report Methodology are in file C:/Users/gm/Vivado Projects/complete_det_modded_turbo/complete_det_modded_turbo.runs/impl_physopt_125/fam_detector_system_top_methodology_drc_routed.rpt.
report_methodology completed successfully
report_methodology: Time (s): cpu = 00:00:20 ; elapsed = 00:00:14 . Memory (MB): peak = 3416.609 ; gain = 0.000
INFO: [runtcl-4] Executing : report_power -file fam_detector_system_top_power_routed.rpt -pb fam_detector_system_top_power_summary_routed.pb -rpx fam_detector_system_top_power_routed.rpx
Command: report_power -file fam_detector_system_top_power_routed.rpt -pb fam_detector_system_top_power_summary_routed.pb -rpx fam_detector_system_top_power_routed.rpx
INFO: [Timing 38-35] Done setting XDC timing constraints.
Running Vector-less Activity Propagation...

Finished Running Vector-less Activity Propagation
WARNING: [Power 33-332] Found switching activity that implies high-fanout reset nets being asserted for excessive periods of time which may result in inaccurate power analysis.
Resolution: To review and fix problems, please run Power Constraints Advisor in the GUI from Tools > Power Constraints Advisor or run report_power with the -advisory option to generate a text report.
950 Infos, 3 Warnings, 0 Critical Warnings and 0 Errors encountered.
report_power completed successfully
report_power: Time (s): cpu = 00:00:15 ; elapsed = 00:00:10 . Memory (MB): peak = 3416.609 ; gain = 0.000
INFO: [runtcl-4] Executing : report_route_status -file fam_detector_system_top_route_status.rpt -pb fam_detector_system_top_route_status.pb
INFO: [runtcl-4] Executing : report_timing_summary -max_paths 10 -report_unconstrained -file fam_detector_system_top_timing_summary_routed.rpt -pb fam_detector_system_top_timing_summary_routed.pb -rpx fam_detector_system_top_timing_summary_routed.rpx
INFO: [Timing 38-91] UpdateTimingParams: Speed grade: -1, Delay Type: min_max.
INFO: [Timing 38-191] Multithreading enabled for timing update using a maximum of 2 CPUs
INFO: [runtcl-4] Executing : report_incremental_reuse -file fam_detector_system_top_incremental_reuse_routed.rpt
INFO: [Vivado_Tcl 4-1062] Incremental flow is disabled. No incremental reuse Info to report.
INFO: [runtcl-4] Executing : report_clock_utilization -file fam_detector_system_top_clock_utilization_routed.rpt
INFO: [runtcl-4] Executing : report_bus_skew -warn_on_violation -file fam_detector_system_top_bus_skew_routed.rpt -pb fam_detector_system_top_bus_skew_routed.pb -rpx fam_detector_system_top_bus_skew_routed.rpx
INFO: [Timing 38-91] UpdateTimingParams: Speed grade: -1, Delay Type: min_max.
INFO: [Timing 38-191] Multithreading enabled for timing update using a maximum of 2 CPUs
INFO: [Timing 38-480] Writing timing data to binary archive.
Writing XDEF routing.
Writing XDEF routing logical nets.
Writing XDEF routing special nets.
Write XDEF Complete: Time (s): cpu = 00:00:14 ; elapsed = 00:00:06 . Memory (MB): peak = 3436.750 ; gain = 20.141
INFO: [Common 17-1381] The checkpoint 'C:/Users/gm/Vivado Projects/complete_det_modded_turbo/complete_det_modded_turbo.runs/impl_physopt_125/fam_detector_system_top_routed.dcp' has been generated.
write_checkpoint: Time (s): cpu = 00:00:18 ; elapsed = 00:00:10 . Memory (MB): peak = 3436.750 ; gain = 20.141
Command: phys_opt_design -directive Explore
Attempting to get a license for feature 'Implementation' and/or device 'xc7z020'
INFO: [Common 17-349] Got license for feature 'Implementation' and/or device 'xc7z020'
INFO: [Vivado_Tcl 4-241] Physical synthesis in post route mode 
INFO: [Vivado_Tcl 4-137] Directive used for phys_opt_design is: Explore

Starting Initial Update Timing Task

Time (s): cpu = 00:00:14 ; elapsed = 00:00:10 . Memory (MB): peak = 3436.750 ; gain = 0.000
INFO: [Vivado_Tcl 4-1435] PhysOpt_Tcl_Interface Runtime Before Starting Physical Synthesis Task | CPU: 17.00s |  WALL: 11.71s
INFO: [DRC 23-27] Running DRC with 2 threads
INFO: [Vivado_Tcl 4-198] DRC finished with 0 Errors
INFO: [Vivado_Tcl 4-199] Please refer to the DRC report (report_drc) for more information.
Netlist sorting complete. Time (s): cpu = 00:00:00 ; elapsed = 00:00:00.050 . Memory (MB): peak = 3436.750 ; gain = 0.000

Starting Physical Synthesis Task

Phase 1 Physical Synthesis Initialization
INFO: [Physopt 32-721] Multithreading enabled for phys_opt_design using a maximum of 2 CPUs
INFO: [Physopt 32-668] Current Timing Summary | WNS=-0.171 | TNS=-0.798 | WHS=0.049 | THS=0.000 |
Phase 1 Physical Synthesis Initialization | Checksum: 1d174621f

Time (s): cpu = 00:00:12 ; elapsed = 00:00:08 . Memory (MB): peak = 3438.750 ; gain = 2.000

Phase 2 Critical Path Optimization
INFO: [Physopt 32-668] Current Timing Summary | WNS=-0.171 | TNS=-0.798 | WHS=0.049 | THS=0.000 |
INFO: [Physopt 32-953] Path group WNS did not improve. Path group: clk_fpga_0. Processed net: u_ps_comblock_setup/ps_comblock_setup_i/comblock_0/U0/AXIL_inst/axil_rdata[0].
INFO: [Physopt 32-703] Processed net u_ps_comblock_setup/ps_comblock_setup_i/processing_system7_0/inst/FCLK_CLK_unbuffered[0]. Clock skew was adjusted for instance u_ps_comblock_setup/ps_comblock_setup_i/processing_system7_0/inst/PS7_i.
INFO: [Physopt 32-952] Improved path group WNS = -0.133. Path group: clk_fpga_0. Processed net: u_ps_comblock_setup/ps_comblock_setup_i/processing_system7_0/inst/FCLK_CLK_unbuffered[0].
INFO: [Physopt 32-953] Path group WNS did not improve. Path group: clk_fpga_0. Processed net: u_fam_detector/u_first_stage/u_input_window_im/r_prod_mult_reg_n_102_[31].
INFO: [Physopt 32-953] Path group WNS did not improve. Path group: clk_fpga_0. Processed net: u_ps_comblock_setup/ps_comblock_setup_i/processing_system7_0/inst/FCLK_CLK_unbuffered[0].
INFO: [Physopt 32-952] Improved path group WNS = -0.107. Path group: clk_fpga_0. Processed net: u_fam_detector/u_first_stage/u_input_window_im/r_prod_mult_reg[31]_i_2_n_0.
INFO: [Physopt 32-953] Path group WNS did not improve. Path group: clk_fpga_0. Processed net: u_fam_detector/u_first_stage/u_input_window_im/r_prod_mult_reg[31]_i_2_n_0.
INFO: [Physopt 32-703] Processed net u_fam_detector/r_cfg_fs_window_sel[1]. Clock skew was adjusted for instance u_fam_detector/r_cfg_fs_window_sel_reg[1].
INFO: [Physopt 32-952] Improved path group WNS = -0.101. Path group: clk_fpga_0. Processed net: u_fam_detector/r_cfg_fs_window_sel[1].
INFO: [Physopt 32-953] Path group WNS did not improve. Path group: clk_fpga_0. Processed net: u_fam_detector/u_threshold_calculator/threshold_rom_inst/r_threshold_reg[32].
INFO: [Physopt 32-953] Path group WNS did not improve. Path group: clk_fpga_0. Processed net: u_fam_detector/u_threshold_calculator/threshold_rom_inst/PCOUT[6].
INFO: [Physopt 32-953] Path group WNS did not improve. Path group: clk_fpga_0. Processed net: u_fam_detector/u_threshold_calculator/threshold_rom_inst/addr__0_carry_i_1_n_0.
INFO: [Physopt 32-710] Processed net u_fam_detector/u_threshold_calculator/threshold_rom_inst/addr__0_carry_i_1_n_0. Critical path length was reduced through logic transformation on cell u_fam_detector/u_threshold_calculator/threshold_rom_inst/addr__0_carry_i_1_comp_1.
INFO: [Physopt 32-952] Improved path group WNS = -0.091. Path group: clk_fpga_0. Processed net: u_fam_detector/u_threshold_calculator/threshold_rom_inst/addr__0_carry_i_9_n_0_repN.
INFO: [Physopt 32-703] Processed net u_fam_detector/r_cfg_fs_window_sel[0]. Clock skew was adjusted for instance u_fam_detector/r_cfg_fs_window_sel_reg[0].
INFO: [Physopt 32-952] Improved path group WNS = -0.062. Path group: clk_fpga_0. Processed net: u_fam_detector/r_cfg_fs_window_sel[0].
INFO: [Physopt 32-953] Path group WNS did not improve. Path group: clk_fpga_0. Processed net: u_ps_comblock_setup/ps_comblock_setup_i/comblock_0/U0/AXIL_inst/axi_rdata[0]_i_2_n_0.
INFO: [Physopt 32-608] Optimized 1 net.  Swapped 19 pins.
INFO: [Physopt 32-952] Improved path group WNS = -0.040. Path group: clk_fpga_0. Processed net: u_ps_comblock_setup/ps_comblock_setup_i/comblock_0/U0/comblock_i/fifo_out_g.fifo_out_i/g_async.i_sync_rd2wr/_inferred__1/i__carry__0_repN.
INFO: [Physopt 32-953] Path group WNS did not improve. Path group: clk_fpga_0. Processed net: u_fam_detector/u_second_stage/u_phase_corrector/GEN_PHASE_CORRECTOR[1].u_phase_corrector/w_phase_tdata[1]_303[19].
INFO: [Physopt 32-953] Path group WNS did not improve. Path group: clk_fpga_0. Processed net: u_fam_detector/u_second_stage/u_phase_corrector/GEN_PHASE_CORRECTOR[1].u_phase_corrector/r_i_mod4_reg[1]_1[0].
INFO: [Physopt 32-953] Path group WNS did not improve. Path group: clk_fpga_0. Processed net: u_fam_detector/u_first_stage/r_i_mod4_reg[1]_11[1].
INFO: [Physopt 32-953] Path group WNS did not improve. Path group: clk_fpga_0. Processed net: u_fam_detector/u_first_stage/i__carry_i_5_n_0.
INFO: [Physopt 32-953] Path group WNS did not improve. Path group: clk_fpga_0. Processed net: u_fam_detector/u_first_stage/resize_saturate01_carry_i_7_n_0.
INFO: [Physopt 32-953] Path group WNS did not improve. Path group: clk_fpga_0. Processed net: u_fam_detector/u_first_stage/i__carry_i_7__2_n_5.
INFO: [Physopt 32-953] Path group WNS did not improve. Path group: clk_fpga_0. Processed net: u_fam_detector/u_first_stage/r_tdata[22]_i_4__1_n_0.
INFO: [Physopt 32-953] Path group WNS did not improve. Path group: clk_fpga_0. Processed net: u_fam_detector/u_second_stage/u_controller/top_mux_reset_reg_1.
INFO: [Physopt 32-703] Processed net u_fam_detector/u_first_stage/GEN_FFT1[1].u_fft1/U0/i_synth/axi_wrapper/data_out_channel/gen_real_time.data_out_reg[32]_0[17]. Clock skew was adjusted for instance u_fam_detector/u_first_stage/GEN_FFT1[1].u_fft1/U0/i_synth/axi_wrapper/data_out_channel/gen_real_time.data_out_reg[17].
INFO: [Physopt 32-952] Improved path group WNS = -0.024. Path group: clk_fpga_0. Processed net: u_fam_detector/u_first_stage/GEN_FFT1[1].u_fft1/U0/i_synth/axi_wrapper/data_out_channel/gen_real_time.data_out_reg[32]_0[17].
INFO: [Physopt 32-953] Path group WNS did not improve. Path group: clk_fpga_0. Processed net: u_fam_detector/u_threshold_calculator/threshold_rom_inst/addr__0_carry_i_9_n_0_repN.
INFO: [Physopt 32-710] Processed net u_fam_detector/u_threshold_calculator/threshold_rom_inst/addr__0_carry_i_9_n_0_repN. Critical path length was reduced through logic transformation on cell u_fam_detector/u_threshold_calculator/threshold_rom_inst/addr__0_carry_i_9_comp.
INFO: [Physopt 32-952] Improved path group WNS = -0.015. Path group: clk_fpga_0. Processed net: u_fam_detector/u_threshold_calculator/threshold_rom_inst/addr__0_carry_i_15_n_0.
INFO: [Physopt 32-953] Path group WNS did not improve. Path group: clk_fpga_0. Processed net: u_fam_detector/u_threshold_calculator/threshold_rom_inst/addr__0_carry__0_i_3_n_0.
INFO: [Physopt 32-953] Path group WNS did not improve. Path group: clk_fpga_0. Processed net: u_fam_detector/u_threshold_calculator/threshold_rom_inst/addr__0_carry_i_9_n_0.
INFO: [Physopt 32-953] Path group WNS did not improve. Path group: clk_fpga_0. Processed net: u_fam_detector/u_threshold_calculator/threshold_rom_inst/addr__0_carry_i_16_n_0.
INFO: [Physopt 32-953] Path group WNS did not improve. Path group: clk_fpga_0. Processed net: u_fam_detector/u_threshold_calculator/threshold_rom_inst/addr__0_carry_i_17_n_0.
INFO: [Physopt 32-953] Path group WNS did not improve. Path group: clk_fpga_0. Processed net: u_fam_detector/u_threshold_calculator/threshold_rom_inst/addr__0_carry_i_19_n_0.
INFO: [Physopt 32-953] Path group WNS did not improve. Path group: clk_fpga_0. Processed net: u_fam_detector/u_threshold_calculator/threshold_rom_inst/sel[7].
INFO: [Physopt 32-703] Processed net u_fam_detector/r_cfg_th_data_size[8]_repN. Clock skew was adjusted for instance u_fam_detector/r_cfg_th_data_size_reg[8]_replica.
INFO: [Physopt 32-952] Improved path group WNS = -0.005. Path group: clk_fpga_0. Processed net: u_fam_detector/r_cfg_th_data_size[8]_repN.
INFO: [Physopt 32-953] Path group WNS did not improve. Path group: clk_fpga_0. Processed net: u_fam_detector/u_second_stage/u_phase_corrector/GEN_PHASE_CORRECTOR[3].u_phase_corrector/w_phase_tdata[3]_305[24].
INFO: [Physopt 32-953] Path group WNS did not improve. Path group: clk_fpga_0. Processed net: u_fam_detector/u_second_stage/u_phase_corrector/GEN_PHASE_CORRECTOR[3].u_phase_corrector/r_i_mod4_reg[1]_0[0].
INFO: [Physopt 32-608] Optimized 1 net.  Swapped 9 pins.
INFO: [Physopt 32-735] Processed net u_fam_detector/u_first_stage/r_i_mod4_reg[1]_13[1]. Optimization improves timing on the net.
INFO: [Physopt 32-668] Current Timing Summary | WNS=0.000 | TNS=0.000 | WHS=0.047 | THS=0.000 |
INFO: [Physopt 32-668] Current Timing Summary | WNS=0.000 | TNS=0.000 | WHS=0.047 | THS=0.000 |
Phase 2 Critical Path Optimization | Checksum: 1d174621f

Time (s): cpu = 00:03:27 ; elapsed = 00:03:19 . Memory (MB): peak = 4688.672 ; gain = 1251.922
Netlist sorting complete. Time (s): cpu = 00:00:00 ; elapsed = 00:00:00.043 . Memory (MB): peak = 4688.672 ; gain = 0.000
INFO: [Physopt 32-669] Post Physical Optimization Timing Summary | WNS=0.000 | TNS=0.000 | WHS=0.047 | THS=0.000 |

Summary of Physical Synthesis Optimizations
============================================


-------------------------------------------------------------------------------------------------------------------------------------------------------------
|  Optimization   |  WNS Gain (ns)  |  TNS Gain (ns)  |  Added Cells  |  Removed Cells  |  Optimized Cells/Nets  |  Dont Touch  |  Iterations  |  Elapsed   |
-------------------------------------------------------------------------------------------------------------------------------------------------------------
|  Critical Path  |          0.172  |          0.798  |            0  |              0  |                    10  |           0  |           1  |  00:03:11  |
-------------------------------------------------------------------------------------------------------------------------------------------------------------


Netlist sorting complete. Time (s): cpu = 00:00:01 ; elapsed = 00:00:00.043 . Memory (MB): peak = 4688.672 ; gain = 0.000
Ending Physical Synthesis Task | Checksum: 1f6dd6019

Time (s): cpu = 00:03:29 ; elapsed = 00:03:21 . Memory (MB): peak = 4688.672 ; gain = 1251.922
INFO: [Common 17-83] Releasing license: Implementation
63 Infos, 0 Warnings, 0 Critical Warnings and 0 Errors encountered.
phys_opt_design completed successfully
phys_opt_design: Time (s): cpu = 00:03:45 ; elapsed = 00:03:33 . Memory (MB): peak = 4688.672 ; gain = 1251.922
INFO: [runtcl-4] Executing : report_timing_summary -max_paths 10 -report_unconstrained -warn_on_violation -file fam_detector_system_top_timing_summary_postroute_physopted.rpt -pb fam_detector_system_top_timing_summary_postroute_physopted.pb -rpx fam_detector_system_top_timing_summary_postroute_physopted.rpx
INFO: [Timing 38-91] UpdateTimingParams: Speed grade: -1, Delay Type: min_max.
INFO: [Timing 38-191] Multithreading enabled for timing update using a maximum of 2 CPUs
report_timing_summary: Time (s): cpu = 00:00:16 ; elapsed = 00:00:11 . Memory (MB): peak = 4688.672 ; gain = 0.000
INFO: [runtcl-4] Executing : report_bus_skew -warn_on_violation -file fam_detector_system_top_bus_skew_postroute_physopted.rpt -pb fam_detector_system_top_bus_skew_postroute_physopted.pb -rpx fam_detector_system_top_bus_skew_postroute_physopted.rpx
INFO: [Timing 38-91] UpdateTimingParams: Speed grade: -1, Delay Type: min_max.
INFO: [Timing 38-191] Multithreading enabled for timing update using a maximum of 2 CPUs
INFO: [Timing 38-480] Writing timing data to binary archive.
Writing XDEF routing.
Writing XDEF routing logical nets.
Writing XDEF routing special nets.
Write XDEF Complete: Time (s): cpu = 00:00:16 ; elapsed = 00:00:06 . Memory (MB): peak = 4688.672 ; gain = 0.000
report_design_analysis: Time (s): cpu = 00:00:05 ; elapsed = 00:00:06 . Memory (MB): peak = 4688.672 ; gain = 0.000
INFO: [Common 17-1381] The checkpoint 'C:/Users/gm/Vivado Projects/complete_det_modded_turbo/complete_det_modded_turbo.runs/impl_physopt_125/fam_detector_system_top_postroute_physopt.dcp' has been generated.
write_checkpoint: Time (s): cpu = 00:00:25 ; elapsed = 00:00:17 . Memory (MB): peak = 4688.672 ; gain = 0.000
INFO: [Common 17-206] Exiting Vivado at Fri Sep 18 11:05:42 2026...
